schema_version,season,season_type,playoff_round,series_id,game_id,game_number,game_date,off_team_id,off_team,off_player_id,off_player,def_team_id,def_team,def_player_id,def_player,matchup_seconds,partial_possessions,def_time_percent,off_time_percent,both_on_percent,player_points,team_points,ast,potential_ast,tov,blk,fgm,fga,fg_pct,three_pm,three_pa,three_pct,ftm,fta,shooting_fouls,switches_on,help_blk,help_fgm,help_fga,data_source
1,2024-25,Playoffs,NBA Finals,2025_okc_ind_api_20261005,0042400401,1,2025-06-05,1610612760,OKC,1629652,Luguentz Dort,1610612754,IND,1628418,Thomas Bryant,3,0.3,1.7543900000000001,0.41209,3.0,0,0,0,0,0,0,0,0,0.0,0,0,0.0,0,0,0,0,0,0,0,nba_boxscorematchupsv3
1,2024-25,Playoffs,NBA Finals,2025_okc_ind_api_20261005,0042400401,1,2025-06-05,1610612760,OKC,1629652,Luguentz Dort,1610612754,IND,1630169,Tyrese Haliburton,111,12.4,13.997480000000001,15.247250000000001,18.2,3,7,0,0,0,0,1,1,100.0,1,1,100.0,0,0,0,0,0,0,0,nba_boxscorematchupsv3
1,2024-25,Playoffs,NBA Finals,2025_okc_ind_api_20261005,0042400401,1,2025-06-05,1610612760,OKC,1629652,Luguentz Dort,1610612754,IND,1631097,Bennedict Mathurin,1,0.3,0.33557000000000003,0.13736,3.2,0,0,0,0,0,0,0,0,0.0,0,0,0.0,0,0,0,0,0,0,0,nba_boxscorematchupsv3
1,2024-25,Playoffs,NBA Finals,2025_okc_ind_api_20261005,0042400401,1,2025-06-05,1610612760,OKC,1629652,Luguentz Dort,1610612754,IND,204456,T.J. McConnell,17,1.9,5.7047,2.33516,14.499999999999998,0,3,1,0,0,0,0,0,0.0,0,0,0.0,0,0,0,0,0,0,0,nba_boxscorematchupsv3
1,2024-25,Playoffs,NBA Finals,2025_okc_ind_api_20261005,0042400401,1,2025-06-05,1610612760,OKC,1629652,Luguentz Dort,1610612754,IND,1629614,Andrew Nembhard,25,3.3,3.6549699999999996,3.43407,5.4,0,2,0,0,0,0,0,1,0.0,0,1,0.0,0,0,0,0,0,0,0,nba_boxscorematchupsv3
1,2024-25,Playoffs,NBA Finals,2025_okc_ind_api_20261005,0042400401,1,2025-06-05,1610612760,OKC,1629652,Luguentz Dort,1610612754,IND,1630174,Aaron Nesmith,18,1.8,2.9220800000000002,2.47253,4.3999999999999995,0,5,0,0,0,0,0,0,0.0,0,0,0.0,0,0,0,0,0,0,0,nba_boxscorematchupsv3
1,2024-25,Playoffs,NBA Finals,2025_okc_ind_api_20261005,0042400401,1,2025-06-05,1610612760,OKC,1629652,Luguentz Dort,1610612754,IND,1641767,Ben Sheppard,2,0.0,0.9950199999999999,0.27473,2.7,0,0,0,0,0,0,0,0,0.0,0,0,0.0,0,0,0,0,0,0,0,nba_boxscorematchupsv3
1,2024-25,Playoffs,NBA Finals,2025_okc_ind_api_20261005,0042400401,1,2025-06-05,1610612760,OKC,1629652,Luguentz Dort,1610612754,IND,1627783,Pascal Siakam,206,19.7,31.45038,28.2967,40.1,6,21,0,0,0,0,2,5,40.0,2,4,50.0,0,0,0,0,0,0,0,nba_boxscorematchupsv3
1,2024-25,Playoffs,NBA Finals,2025_okc_ind_api_20261005,0042400401,1,2025-06-05,1610612760,OKC,1629652,Luguentz Dort,1610612754,IND,1630167,Obi Toppin,327,22.3,58.602149999999995,44.91758,63.4,6,23,0,0,0,0,2,2,100.0,2,2,100.0,0,0,0,0,0,0,0,nba_boxscorematchupsv3
1,2024-25,Playoffs,NBA Finals,2025_okc_ind_api_20261005,0042400401,1,2025-06-05,1610612760,OKC,1629652,Luguentz Dort,1610612754,IND,1626167,Myles Turner,18,2.7,3.30882,2.47253,5.5,0,7,0,0,0,0,0,1,0.0,0,1,0.0,0,0,0,0,0,0,0,nba_boxscorematchupsv3
1,2024-25,Playoffs,NBA Finals,2025_okc_ind_api_20261005,0042400401,1,2025-06-05,1610612760,OKC,1631114,Jalen Williams,1610612754,IND,1628418,Thomas Bryant,8,0.9,4.6783600000000005,1.10497,14.2,2,2,0,0,0,0,1,1,100.0,0,0,0.0,0,0,0,0,0,0,0,nba_boxscorematchupsv3
1,2024-25,Playoffs,NBA Finals,2025_okc_ind_api_20261005,0042400401,1,2025-06-05,1610612760,OKC,1631114,Jalen Williams,1610612754,IND,1630169,Tyrese Haliburton,36,3.4,4.53972,4.97238,7.6,0,3,1,0,0,0,0,1,0.0,0,1,0.0,0,0,0,0,0,0,0,nba_boxscorematchupsv3
1,2024-25,Playoffs,NBA Finals,2025_okc_ind_api_20261005,0042400401,1,2025-06-05,1610612760,OKC,1631114,Jalen Williams,1610612754,IND,1631097,Bennedict Mathurin,117,12.0,39.26174,16.16022,73.6,6,18,2,0,0,1,2,4,50.0,0,0,0.0,2,2,1,0,0,0,0,nba_boxscorematchupsv3
1,2024-25,Playoffs,NBA Finals,2025_okc_ind_api_20261005,0042400401,1,2025-06-05,1610612760,OKC,1631114,Jalen Williams,1610612754,IND,204456,T.J. McConnell,20,2.7,6.71141,2.76243,12.6,0,3,0,0,0,0,0,1,0.0,0,1,0.0,0,0,0,0,0,0,0,nba_boxscorematchupsv3
1,2024-25,Playoffs,NBA Finals,2025_okc_ind_api_20261005,0042400401,1,2025-06-05,1610612760,OKC,1631114,Jalen Williams,1610612754,IND,1629614,Andrew Nembhard,76,6.8,11.11111,10.49724,11.799999999999999,0,5,1,0,0,0,0,0,0.0,0,0,0.0,0,0,0,0,0,0,0,nba_boxscorematchupsv3
1,2024-25,Playoffs,NBA Finals,2025_okc_ind_api_20261005,0042400401,1,2025-06-05,1610612760,OKC,1631114,Jalen Williams,1610612754,IND,1630174,Aaron Nesmith,324,27.1,52.59740000000001,44.751380000000005,56.89999999999999,4,22,0,0,0,0,1,6,16.7,0,1,0.0,2,2,1,0,0,0,0,nba_boxscorematchupsv3
1,2024-25,Playoffs,NBA Finals,2025_okc_ind_api_20261005,0042400401,1,2025-06-05,1610612760,OKC,1631114,Jalen Williams,1610612754,IND,1641767,Ben Sheppard,44,1.6,21.89055,6.07735,23.400000000000002,0,2,0,0,0,0,0,1,0.0,0,0,0.0,0,0,0,0,0,0,0,nba_boxscorematchupsv3
1,2024-25,Playoffs,NBA Finals,2025_okc_ind_api_20261005,0042400401,1,2025-06-05,1610612760,OKC,1631114,Jalen Williams,1610612754,IND,1627783,Pascal Siakam,48,8.1,7.32824,6.62983,14.2,3,6,1,0,0,0,1,2,50.0,1,1,100.0,0,0,0,0,0,0,0,nba_boxscorematchupsv3
1,2024-25,Playoffs,NBA Finals,2025_okc_ind_api_20261005,0042400401,1,2025-06-05,1610612760,OKC,1631114,Jalen Williams,1610612754,IND,1630167,Obi Toppin,20,1.5,3.5842300000000002,2.76243,5.1,0,0,0,0,0,0,0,0,0.0,0,0,0.0,0,0,0,0,0,0,0,nba_boxscorematchupsv3
1,2024-25,Playoffs,NBA Finals,2025_okc_ind_api_20261005,0042400401,1,2025-06-05,1610612760,OKC,1631114,Jalen Williams,1610612754,IND,1626167,Myles Turner,31,4.0,5.69853,4.28177,8.1,2,4,0,0,0,0,1,3,33.300000000000004,0,0,0.0,0,0,0,0,0,0,0,nba_boxscorematchupsv3
1,2024-25,Playoffs,NBA Finals,2025_okc_ind_api_20261005,0042400401,1,2025-06-05,1610612760,OKC,1631096,Chet Holmgren,1610612754,IND,1630169,Tyrese Haliburton,34,4.0,4.287520000000001,7.14286,8.3,0,5,0,0,0,1,0,1,0.0,0,0,0.0,0,0,0,0,0,0,0,nba_boxscorematchupsv3
1,2024-25,Playoffs,NBA Finals,2025_okc_ind_api_20261005,0042400401,1,2025-06-05,1610612760,OKC,1631096,Chet Holmgren,1610612754,IND,204456,T.J. McConnell,2,0.4,0.6711400000000001,0.42017,21.0,0,0,0,0,0,0,0,0,0.0,0,0,0.0,0,0,0,0,0,0,0,nba_boxscorematchupsv3
1,2024-25,Playoffs,NBA Finals,2025_okc_ind_api_20261005,0042400401,1,2025-06-05,1610612760,OKC,1631096,Chet Holmgren,1610612754,IND,1629614,Andrew Nembhard,10,1.6,1.46199,2.10084,3.5999999999999996,2,4,0,0,0,0,1,1,100.0,0,0,0.0,0,0,0,0,0,0,0,nba_boxscorematchupsv3
1,2024-25,Playoffs,NBA Finals,2025_okc_ind_api_20261005,0042400401,1,2025-06-05,1610612760,OKC,1631096,Chet Holmgren,1610612754,IND,1630174,Aaron Nesmith,17,2.9,2.7597400000000003,3.57143,5.6000000000000005,0,0,0,0,1,0,0,0,0.0,0,0,0.0,0,0,0,0,0,0,0,nba_boxscorematchupsv3
1,2024-25,Playoffs,NBA Finals,2025_okc_ind_api_20261005,0042400401,1,2025-06-05,1610612760,OKC,1631096,Chet Holmgren,1610612754,IND,1641767,Ben Sheppard,3,0.3,1.49254,0.63025,4.1000000000000005,2,2,0,0,0,0,0,0,0.0,0,0,0.0,2,2,1,0,0,0,0,nba_boxscorematchupsv3
1,2024-25,Playoffs,NBA Finals,2025_okc_ind_api_20261005,0042400401,1,2025-06-05,1610612760,OKC,1631096,Chet Holmgren,1610612754,IND,1627783,Pascal Siakam,17,2.5,2.59542,3.57143,8.7,0,2,0,0,0,0,0,0,0.0,0,0,0.0,0,0,0,0,0,0,0,nba_boxscorematchupsv3
1,2024-25,Playoffs,NBA Finals,2025_okc_ind_api_20261005,0042400401,1,2025-06-05,1610612760,OKC,1631096,Chet Holmgren,1610612754,IND,1630167,Obi Toppin,27,1.2,4.83871,5.67227,12.2,0,3,0,0,0,0,0,1,0.0,0,1,0.0,0,0,0,0,0,0,0,nba_boxscorematchupsv3
1,2024-25,Playoffs,NBA Finals,2025_okc_ind_api_20261005,0042400401,1,2025-06-05,1610612760,OKC,1631096,Chet Holmgren,1610612754,IND,1626167,Myles Turner,366,31.4,67.27941,76.89076,75.3,2,26,0,0,0,2,1,5,20.0,0,0,0.0,0,0,0,0,0,0,0,nba_boxscorematchupsv3
1,2024-25,Playoffs,NBA Finals,2025_okc_ind_api_20261005,0042400401,1,2025-06-05,1610612760,OKC,1641717,Cason Wallace,1610612754,IND,1628418,Thomas Bryant,3,0.1,1.7543900000000001,0.45249,2.1,0,0,0,0,0,0,0,0,0.0,0,0,0.0,0,0,0,0,0,0,0,nba_boxscorematchupsv3
1,2024-25,Playoffs,NBA Finals,2025_okc_ind_api_20261005,0042400401,1,2025-06-05,1610612760,OKC,1641717,Cason Wallace,1610612754,IND,1630169,Tyrese Haliburton,360,31.8,45.39723,54.29864,57.199999999999996,6,36,0,0,0,0,3,7,42.9,0,2,0.0,0,0,0,0,0,0,0,nba_boxscorematchupsv3
1,2024-25,Playoffs,NBA Finals,2025_okc_ind_api_20261005,0042400401,1,2025-06-05,1610612760,OKC,1641717,Cason Wallace,1610612754,IND,204456,T.J. McConnell,82,7.8,27.51678,12.36802,50.6,0,12,0,0,0,0,0,0,0.0,0,0,0.0,0,0,0,0,0,0,0,nba_boxscorematchupsv3
1,2024-25,Playoffs,NBA Finals,2025_okc_ind_api_20261005,0042400401,1,2025-06-05,1610612760,OKC,1641717,Cason Wallace,1610612754,IND,1629614,Andrew Nembhard,48,4.6,7.01754,7.23982,12.2,0,0,0,0,0,0,0,1,0.0,0,1,0.0,0,0,0,0,0,0,0,nba_boxscorematchupsv3
1,2024-25,Playoffs,NBA Finals,2025_okc_ind_api_20261005,0042400401,1,2025-06-05,1610612760,OKC,1641717,Cason Wallace,1610612754,IND,1630174,Aaron Nesmith,64,6.0,10.389610000000001,9.65309,13.200000000000001,0,7,0,0,0,0,0,1,0.0,0,0,0.0,0,0,0,0,0,0,0,nba_boxscorematchupsv3
1,2024-25,Playoffs,NBA Finals,2025_okc_ind_api_20261005,0042400401,1,2025-06-05,1610612760,OKC,1641717,Cason Wallace,1610612754,IND,1641767,Ben Sheppard,11,0.1,5.47264,1.65913,7.8,0,0,0,0,0,0,0,0,0.0,0,0,0.0,0,0,0,0,0,0,0,nba_boxscorematchupsv3
1,2024-25,Playoffs,NBA Finals,2025_okc_ind_api_20261005,0042400401,1,2025-06-05,1610612760,OKC,1641717,Cason Wallace,1610612754,IND,1627783,Pascal Siakam,50,3.3,7.63359,7.54148,9.5,0,5,0,0,0,0,0,0,0.0,0,0,0.0,0,0,0,0,0,0,0,nba_boxscorematchupsv3
1,2024-25,Playoffs,NBA Finals,2025_okc_ind_api_20261005,0042400401,1,2025-06-05,1610612760,OKC,1641717,Cason Wallace,1610612754,IND,1630167,Obi Toppin,33,2.9,5.91398,4.97738,8.3,0,0,0,0,0,0,0,0,0.0,0,0,0.0,0,0,0,0,0,0,0,nba_boxscorematchupsv3
1,2024-25,Playoffs,NBA Finals,2025_okc_ind_api_20261005,0042400401,1,2025-06-05,1610612760,OKC,1641717,Cason Wallace,1610612754,IND,1626167,Myles Turner,12,1.8,2.20588,1.8099500000000002,4.7,0,0,0,0,0,0,0,0,0.0,0,0,0.0,0,0,0,0,0,0,0,nba_boxscorematchupsv3
1,2024-25,Playoffs,NBA Finals,2025_okc_ind_api_20261005,0042400401,1,2025-06-05,1610612760,OKC,1628983,Shai Gilgeous-Alexander,1610612754,IND,1628418,Thomas Bryant,14,0.8,8.18713,1.66468,10.7,2,2,0,0,0,0,1,1,100.0,0,0,0.0,0,0,0,0,0,0,0,nba_boxscorematchupsv3
1,2024-25,Playoffs,NBA Finals,2025_okc_ind_api_20261005,0042400401,1,2025-06-05,1610612760,OKC,1628983,Shai Gilgeous-Alexander,1610612754,IND,1630169,Tyrese Haliburton,39,4.3,4.91803,4.63734,4.8,9,9,0,0,0,0,2,2,100.0,1,1,100.0,4,4,1,0,0,0,0,nba_boxscorematchupsv3
1,2024-25,Playoffs,NBA Finals,2025_okc_ind_api_20261005,0042400401,1,2025-06-05,1610612760,OKC,1628983,Shai Gilgeous-Alexander,1610612754,IND,1631097,Bennedict Mathurin,58,5.4,19.46309,6.8965499999999995,25.4,0,2,0,0,0,0,0,2,0.0,0,0,0.0,0,0,0,0,0,0,0,nba_boxscorematchupsv3
1,2024-25,Playoffs,NBA Finals,2025_okc_ind_api_20261005,0042400401,1,2025-06-05,1610612760,OKC,1628983,Shai Gilgeous-Alexander,1610612754,IND,204456,T.J. McConnell,10,1.4,3.3556999999999997,1.18906,6.4,0,2,0,0,0,0,0,0,0.0,0,0,0.0,0,0,0,0,0,0,0,nba_boxscorematchupsv3
1,2024-25,Playoffs,NBA Finals,2025_okc_ind_api_20261005,0042400401,1,2025-06-05,1610612760,OKC,1628983,Shai Gilgeous-Alexander,1610612754,IND,1629614,Andrew Nembhard,466,39.4,68.12865000000001,55.410230000000006,71.89999999999999,11,30,1,0,2,0,4,9,44.4,0,1,0.0,3,4,1,0,0,0,0,nba_boxscorematchupsv3
1,2024-25,Playoffs,NBA Finals,2025_okc_ind_api_20261005,0042400401,1,2025-06-05,1610612760,OKC,1628983,Shai Gilgeous-Alexander,1610612754,IND,1630174,Aaron Nesmith,138,13.4,22.4026,16.40904,28.599999999999998,5,16,0,0,0,1,2,6,33.300000000000004,1,1,100.0,0,0,0,0,0,0,0,nba_boxscorematchupsv3
1,2024-25,Playoffs,NBA Finals,2025_okc_ind_api_20261005,0042400401,1,2025-06-05,1610612760,OKC,1628983,Shai Gilgeous-Alexander,1610612754,IND,1641767,Ben Sheppard,15,0.7,7.462689999999999,1.7835899999999998,13.900000000000002,3,3,0,0,0,0,1,1,100.0,1,1,100.0,0,0,0,0,0,0,0,nba_boxscorematchupsv3
1,2024-25,Playoffs,NBA Finals,2025_okc_ind_api_20261005,0042400401,1,2025-06-05,1610612760,OKC,1628983,Shai Gilgeous-Alexander,1610612754,IND,1627783,Pascal Siakam,55,4.9,8.39695,6.53983,8.6,4,14,1,0,0,1,2,4,50.0,0,1,0.0,0,0,0,0,0,0,0,nba_boxscorematchupsv3
1,2024-25,Playoffs,NBA Finals,2025_okc_ind_api_20261005,0042400401,1,2025-06-05,1610612760,OKC,1628983,Shai Gilgeous-Alexander,1610612754,IND,1630167,Obi Toppin,24,3.1,4.30108,2.8537500000000002,6.800000000000001,2,2,0,0,0,0,1,2,50.0,0,0,0.0,0,0,0,0,0,0,0,nba_boxscorematchupsv3
1,2024-25,Playoffs,NBA Finals,2025_okc_ind_api_20261005,0042400401,1,2025-06-05,1610612760,OKC,1628983,Shai Gilgeous-Alexander,1610612754,IND,1626167,Myles Turner,22,2.4,4.0441199999999995,2.61593,5.1,2,4,1,0,0,0,1,2,50.0,0,1,0.0,0,0,0,0,0,0,0,nba_boxscorematchupsv3
1,2024-25,Playoffs,NBA Finals,2025_okc_ind_api_20261005,0042400401,1,2025-06-05,1610612760,OKC,1627936,Alex Caruso,1610612754,IND,1628418,Thomas Bryant,5,0.4,2.92398,0.88652,2.1999999999999997,0,4,0,0,0,0,0,1,0.0,0,0,0.0,0,0,0,0,0,0,0,nba_boxscorematchupsv3
1,2024-25,Playoffs,NBA Finals,2025_okc_ind_api_20261005,0042400401,1,2025-06-05,1610612760,OKC,1627936,Alex Caruso,1610612754,IND,1630169,Tyrese Haliburton,59,3.7,7.440099999999999,10.46099,13.3,0,0,1,0,0,0,0,1,0.0,0,1,0.0,0,0,0,0,0,0,0,nba_boxscorematchupsv3
1,2024-25,Playoffs,NBA Finals,2025_okc_ind_api_20261005,0042400401,1,2025-06-05,1610612760,OKC,1627936,Alex Caruso,1610612754,IND,1631097,Bennedict Mathurin,57,3.6,19.12752,10.10638,19.2,2,9,1,0,0,0,0,0,0.0,0,0,0.0,2,2,1,0,0,0,0,nba_boxscorematchupsv3
1,2024-25,Playoffs,NBA Finals,2025_okc_ind_api_20261005,0042400401,1,2025-06-05,1610612760,OKC,1627936,Alex Caruso,1610612754,IND,204456,T.J. McConnell,91,9.8,30.53691,16.13475,31.2,0,9,0,0,0,0,0,1,0.0,0,1,0.0,0,0,0,0,0,0,0,nba_boxscorematchupsv3
1,2024-25,Playoffs,NBA Finals,2025_okc_ind_api_20261005,0042400401,1,2025-06-05,1610612760,OKC,1627936,Alex Caruso,1610612754,IND,1629614,Andrew Nembhard,17,1.4,2.4853799999999997,3.01418,7.3,0,5,0,0,0,0,0,0,0.0,0,0,0.0,0,0,0,0,0,0,0,nba_boxscorematchupsv3
1,2024-25,Playoffs,NBA Finals,2025_okc_ind_api_20261005,0042400401,1,2025-06-05,1610612760,OKC,1627936,Alex Caruso,1610612754,IND,1630174,Aaron Nesmith,32,3.0,5.1948099999999995,5.67376,9.700000000000001,3,3,0,0,1,0,1,2,50.0,1,1,100.0,0,0,0,0,0,0,0,nba_boxscorematchupsv3
1,2024-25,Playoffs,NBA Finals,2025_okc_ind_api_20261005,0042400401,1,2025-06-05,1610612760,OKC,1627936,Alex Caruso,1610612754,IND,1641767,Ben Sheppard,37,3.1,18.407960000000003,6.5602800000000006,21.7,2,4,0,0,0,0,0,0,0.0,0,0,0.0,2,2,1,0,0,0,0,nba_boxscorematchupsv3
1,2024-25,Playoffs,NBA Finals,2025_okc_ind_api_20261005,0042400401,1,2025-06-05,1610612760,OKC,1627936,Alex Caruso,1610612754,IND,1627783,Pascal Siakam,202,20.2,30.839689999999997,35.815599999999996,43.4,2,9,0,0,0,0,1,2,50.0,0,1,0.0,0,0,0,0,0,0,0,nba_boxscorematchupsv3
1,2024-25,Playoffs,NBA Finals,2025_okc_ind_api_20261005,0042400401,1,2025-06-05,1610612760,OKC,1627936,Alex Caruso,1610612754,IND,1630167,Obi Toppin,58,4.5,10.39427,10.28369,17.299999999999997,2,7,0,0,0,0,1,1,100.0,0,0,0.0,0,1,1,0,0,0,0,nba_boxscorematchupsv3
1,2024-25,Playoffs,NBA Finals,2025_okc_ind_api_20261005,0042400401,1,2025-06-05,1610612760,OKC,1627936,Alex Caruso,1610612754,IND,1626167,Myles Turner,6,1.2,1.10294,1.06383,8.0,0,0,0,0,0,0,0,0,0.0,0,0,0.0,0,0,0,0,0,0,0,nba_boxscorematchupsv3
1,2024-25,Playoffs,NBA Finals,2025_okc_ind_api_20261005,0042400401,1,2025-06-05,1610612760,OKC,1628392,Isaiah Hartenstein,1610612754,IND,1628418,Thomas Bryant,129,12.9,75.4386,37.17579,75.3,3,8,0,0,0,0,1,1,100.0,0,0,0.0,1,1,1,0,0,0,0,nba_boxscorematchupsv3
1,2024-25,Playoffs,NBA Finals,2025_okc_ind_api_20261005,0042400401,1,2025-06-05,1610612760,OKC,1628392,Isaiah Hartenstein,1610612754,IND,1630169,Tyrese Haliburton,5,0.7,0.6305200000000001,1.44092,3.5000000000000004,0,0,0,0,0,0,0,0,0.0,0,0,0.0,0,0,0,0,0,0,0,nba_boxscorematchupsv3
1,2024-25,Playoffs,NBA Finals,2025_okc_ind_api_20261005,0042400401,1,2025-06-05,1610612760,OKC,1628392,Isaiah Hartenstein,1610612754,IND,1631097,Bennedict Mathurin,19,2.5,6.375840000000001,5.4755,8.3,0,0,0,0,0,0,0,0,0.0,0,0,0.0,0,0,0,0,0,0,0,nba_boxscorematchupsv3
1,2024-25,Playoffs,NBA Finals,2025_okc_ind_api_20261005,0042400401,1,2025-06-05,1610612760,OKC,1628392,Isaiah Hartenstein,1610612754,IND,204456,T.J. McConnell,12,2.2,4.02685,3.45821,4.7,2,4,0,0,0,0,1,1,100.0,0,0,0.0,0,0,0,0,0,0,0,nba_boxscorematchupsv3
1,2024-25,Playoffs,NBA Finals,2025_okc_ind_api_20261005,0042400401,1,2025-06-05,1610612760,OKC,1628392,Isaiah Hartenstein,1610612754,IND,1629614,Andrew Nembhard,18,0.5,2.63158,5.18732,12.8,0,4,0,0,0,0,0,0,0.0,0,0,0.0,0,0,0,0,0,0,0,nba_boxscorematchupsv3
1,2024-25,Playoffs,NBA Finals,2025_okc_ind_api_20261005,0042400401,1,2025-06-05,1610612760,OKC,1628392,Isaiah Hartenstein,1610612754,IND,1630174,Aaron Nesmith,5,0.6,0.81169,1.44092,4.7,0,0,0,0,0,0,0,0,0.0,0,0,0.0,0,0,0,0,0,0,0,nba_boxscorematchupsv3
1,2024-25,Playoffs,NBA Finals,2025_okc_ind_api_20261005,0042400401,1,2025-06-05,1610612760,OKC,1628392,Isaiah Hartenstein,1610612754,IND,1641767,Ben Sheppard,7,0.6,3.48259,2.01729,5.4,0,0,0,0,0,0,0,0,0.0,0,0,0.0,0,0,0,0,0,0,0,nba_boxscorematchupsv3
1,2024-25,Playoffs,NBA Finals,2025_okc_ind_api_20261005,0042400401,1,2025-06-05,1610612760,OKC,1628392,Isaiah Hartenstein,1610612754,IND,1627783,Pascal Siakam,19,2.1,2.90076,5.4755,8.7,2,4,0,0,0,0,1,1,100.0,0,0,0.0,0,0,0,0,0,0,0,nba_boxscorematchupsv3
1,2024-25,Playoffs,NBA Finals,2025_okc_ind_api_20261005,0042400401,1,2025-06-05,1610612760,OKC,1628392,Isaiah Hartenstein,1610612754,IND,1630167,Obi Toppin,50,6.3,8.960569999999999,14.409220000000001,30.599999999999998,0,9,0,0,0,0,0,0,0.0,0,0,0.0,0,0,0,0,0,0,0,nba_boxscorematchupsv3
1,2024-25,Playoffs,NBA Finals,2025_okc_ind_api_20261005,0042400401,1,2025-06-05,1610612760,OKC,1628392,Isaiah Hartenstein,1610612754,IND,1626167,Myles Turner,83,5.5,15.25735,23.91931,76.8,2,4,0,0,0,0,0,2,0.0,0,0,0.0,2,2,1,0,0,0,0,nba_boxscorematchupsv3
1,2024-25,Playoffs,NBA Finals,2025_okc_ind_api_20261005,0042400401,1,2025-06-05,1610612760,OKC,1630198,Isaiah Joe,1610612754,IND,1628418,Thomas Bryant,3,0.9,1.7543900000000001,1.3215899999999998,7.5,0,0,0,0,0,0,0,0,0.0,0,0,0.0,0,0,0,0,0,0,0,nba_boxscorematchupsv3
1,2024-25,Playoffs,NBA Finals,2025_okc_ind_api_20261005,0042400401,1,2025-06-05,1610612760,OKC,1630198,Isaiah Joe,1610612754,IND,1630169,Tyrese Haliburton,96,5.4,12.105929999999999,42.29075,57.199999999999996,2,9,0,0,0,0,1,1,100.0,0,0,0.0,0,0,0,0,0,0,0,nba_boxscorematchupsv3
1,2024-25,Playoffs,NBA Finals,2025_okc_ind_api_20261005,0042400401,1,2025-06-05,1610612760,OKC,1630198,Isaiah Joe,1610612754,IND,1631097,Bennedict Mathurin,17,2.7,5.7047,7.488989999999999,12.4,0,7,0,0,0,0,0,0,0.0,0,0,0.0,0,0,0,0,0,0,0,nba_boxscorematchupsv3
1,2024-25,Playoffs,NBA Finals,2025_okc_ind_api_20261005,0042400401,1,2025-06-05,1610612760,OKC,1630198,Isaiah Joe,1610612754,IND,204456,T.J. McConnell,29,4.5,9.731539999999999,12.775329999999999,23.5,0,2,0,0,0,0,0,0,0.0,0,0,0.0,0,0,0,0,0,0,0,nba_boxscorematchupsv3
1,2024-25,Playoffs,NBA Finals,2025_okc_ind_api_20261005,0042400401,1,2025-06-05,1610612760,OKC,1630198,Isaiah Joe,1610612754,IND,1629614,Andrew Nembhard,16,1.2,2.3391800000000003,7.0484599999999995,12.2,0,2,0,0,0,0,0,0,0.0,0,0,0.0,0,0,0,0,0,0,0,nba_boxscorematchupsv3
1,2024-25,Playoffs,NBA Finals,2025_okc_ind_api_20261005,0042400401,1,2025-06-05,1610612760,OKC,1630198,Isaiah Joe,1610612754,IND,1630174,Aaron Nesmith,8,1.2,1.2987,3.5242299999999998,9.700000000000001,0,0,0,0,0,0,0,1,0.0,0,0,0.0,0,0,0,0,0,0,0,nba_boxscorematchupsv3
1,2024-25,Playoffs,NBA Finals,2025_okc_ind_api_20261005,0042400401,1,2025-06-05,1610612760,OKC,1630198,Isaiah Joe,1610612754,IND,1641767,Ben Sheppard,37,2.7,18.407960000000003,16.29956,85.0,3,3,0,0,0,0,1,1,100.0,1,1,100.0,0,0,0,0,0,0,0,nba_boxscorematchupsv3
1,2024-25,Playoffs,NBA Finals,2025_okc_ind_api_20261005,0042400401,1,2025-06-05,1610612760,OKC,1630198,Isaiah Joe,1610612754,IND,1627783,Pascal Siakam,16,1.9,2.44275,7.0484599999999995,10.6,0,0,0,0,0,0,0,0,0.0,0,0,0.0,0,0,0,0,0,0,0,nba_boxscorematchupsv3
1,2024-25,Playoffs,NBA Finals,2025_okc_ind_api_20261005,0042400401,1,2025-06-05,1610612760,OKC,1630198,Isaiah Joe,1610612754,IND,1630167,Obi Toppin,4,0.9,0.71685,1.76211,4.0,0,0,0,0,0,0,0,0,0.0,0,0,0.0,0,0,0,0,0,0,0,nba_boxscorematchupsv3
1,2024-25,Playoffs,NBA Finals,2025_okc_ind_api_20261005,0042400401,1,2025-06-05,1610612760,OKC,1630198,Isaiah Joe,1610612754,IND,1626167,Myles Turner,1,0.5,0.18381999999999998,0.44053,6.1,0,0,0,0,0,0,0,0,0.0,0,0,0.0,0,0,0,0,0,0,0,nba_boxscorematchupsv3
1,2024-25,Playoffs,NBA Finals,2025_okc_ind_api_20261005,0042400401,1,2025-06-05,1610612760,OKC,1630598,Aaron Wiggins,1610612754,IND,1628418,Thomas Bryant,6,0.7,3.50877,3.65854,8.0,0,2,0,0,0,0,0,0,0.0,0,0,0.0,0,0,0,0,0,0,0,nba_boxscorematchupsv3
1,2024-25,Playoffs,NBA Finals,2025_okc_ind_api_20261005,0042400401,1,2025-06-05,1610612760,OKC,1630598,Aaron Wiggins,1610612754,IND,1630169,Tyrese Haliburton,40,2.6,5.04414,24.39024,86.6,0,0,0,0,0,0,0,0,0.0,0,0,0.0,0,0,0,0,0,0,0,nba_boxscorematchupsv3
1,2024-25,Playoffs,NBA Finals,2025_okc_ind_api_20261005,0042400401,1,2025-06-05,1610612760,OKC,1630598,Aaron Wiggins,1610612754,IND,1631097,Bennedict Mathurin,24,2.9,8.05369,14.634150000000002,17.0,0,2,0,0,0,0,0,0,0.0,0,0,0.0,0,0,0,0,0,0,0,nba_boxscorematchupsv3
1,2024-25,Playoffs,NBA Finals,2025_okc_ind_api_20261005,0042400401,1,2025-06-05,1610612760,OKC,1630598,Aaron Wiggins,1610612754,IND,204456,T.J. McConnell,2,0.1,0.6711400000000001,1.21951,1.7999999999999998,1,1,0,0,0,0,0,0,0.0,0,0,0.0,1,2,1,0,0,0,0,nba_boxscorematchupsv3
1,2024-25,Playoffs,NBA Finals,2025_okc_ind_api_20261005,0042400401,1,2025-06-05,1610612760,OKC,1630598,Aaron Wiggins,1610612754,IND,1629614,Andrew Nembhard,8,1.1,1.1695900000000001,4.87805,11.200000000000001,0,4,0,0,0,0,0,0,0.0,0,0,0.0,0,0,0,0,0,0,0,nba_boxscorematchupsv3
1,2024-25,Playoffs,NBA Finals,2025_okc_ind_api_20261005,0042400401,1,2025-06-05,1610612760,OKC,1630598,Aaron Wiggins,1610612754,IND,1641767,Ben Sheppard,32,5.4,15.9204,19.5122,43.7,0,8,0,0,0,0,0,0,0.0,0,0,0.0,0,0,0,0,0,0,0,nba_boxscorematchupsv3
1,2024-25,Playoffs,NBA Finals,2025_okc_ind_api_20261005,0042400401,1,2025-06-05,1610612760,OKC,1630598,Aaron Wiggins,1610612754,IND,1627783,Pascal Siakam,39,4.2,5.9542,23.78049,27.900000000000002,2,6,0,0,1,0,1,2,50.0,0,1,0.0,0,0,0,0,0,0,0,nba_boxscorematchupsv3
1,2024-25,Playoffs,NBA Finals,2025_okc_ind_api_20261005,0042400401,1,2025-06-05,1610612760,OKC,1630598,Aaron Wiggins,1610612754,IND,1630167,Obi Toppin,12,1.1,2.15054,7.31707,15.5,0,0,0,0,0,0,0,0,0.0,0,0,0.0,0,0,0,0,0,0,0,nba_boxscorematchupsv3
1,2024-25,Playoffs,NBA Finals,2025_okc_ind_api_20261005,0042400401,1,2025-06-05,1610612760,OKC,1630598,Aaron Wiggins,1610612754,IND,1626167,Myles Turner,1,0.3,0.18381999999999998,0.60976,3.0,0,0,0,0,0,0,0,0,0.0,0,0,0.0,0,0,0,0,0,0,0,nba_boxscorematchupsv3
1,2024-25,Playoffs,NBA Finals,2025_okc_ind_api_20261005,0042400401,1,2025-06-05,1610612760,OKC,1629026,Kenrich Williams,1610612754,IND,1627783,Pascal Siakam,3,1.0,0.45802000000000004,50.0,58.3,0,0,0,0,0,0,0,0,0.0,0,0,0.0,0,0,0,0,0,0,0,nba_boxscorematchupsv3
1,2024-25,Playoffs,NBA Finals,2025_okc_ind_api_20261005,0042400401,1,2025-06-05,1610612760,OKC,1629026,Kenrich Williams,1610612754,IND,1630167,Obi Toppin,3,0.0,0.5376299999999999,50.0,48.4,0,0,0,0,0,0,0,0,0.0,0,0,0.0,0,0,0,0,0,0,0,nba_boxscorematchupsv3
1,2024-25,Playoffs,NBA Finals,2025_okc_ind_api_20261005,0042400401,1,2025-06-05,1610612760,OKC,1642349,Ajay Mitchell,1610612754,IND,1630169,Tyrese Haliburton,13,1.2,1.6393399999999998,16.66667,47.599999999999994,0,0,0,0,0,0,0,1,0.0,0,1,0.0,0,0,0,0,0,0,0,nba_boxscorematchupsv3
1,2024-25,Playoffs,NBA Finals,2025_okc_ind_api_20261005,0042400401,1,2025-06-05,1610612760,OKC,1642349,Ajay Mitchell,1610612754,IND,1631097,Bennedict Mathurin,5,1.0,1.6778499999999998,6.410259999999999,10.100000000000001,0,0,0,0,0,0,0,0,0.0,0,0,0.0,0,0,0,0,0,0,0,nba_boxscorematchupsv3
1,2024-25,Playoffs,NBA Finals,2025_okc_ind_api_20261005,0042400401,1,2025-06-05,1610612760,OKC,1642349,Ajay Mitchell,1610612754,IND,204456,T.J. McConnell,33,4.2,11.07383,42.30769,58.9,0,4,0,0,0,0,0,0,0.0,0,0,0.0,0,0,0,0,0,0,0,nba_boxscorematchupsv3
1,2024-25,Playoffs,NBA Finals,2025_okc_ind_api_20261005,0042400401,1,2025-06-05,1610612760,OKC,1642349,Ajay Mitchell,1610612754,IND,1630174,Aaron Nesmith,10,0.7,1.62338,12.820509999999999,28.799999999999997,0,0,0,0,0,0,0,1,0.0,0,0,0.0,0,0,0,0,0,0,0,nba_boxscorematchupsv3
1,2024-25,Playoffs,NBA Finals,2025_okc_ind_api_20261005,0042400401,1,2025-06-05,1610612760,OKC,1642349,Ajay Mitchell,1610612754,IND,1641767,Ben Sheppard,13,1.4,6.46766,16.66667,26.700000000000003,0,0,0,0,0,0,0,0,0.0,0,0,0.0,0,0,0,0,0,0,0,nba_boxscorematchupsv3
1,2024-25,Playoffs,NBA Finals,2025_okc_ind_api_20261005,0042400401,1,2025-06-05,1610612760,OKC,1642349,Ajay Mitchell,1610612754,IND,1626167,Myles Turner,4,0.7,0.73529,5.128209999999999,13.5,0,0,0,0,0,1,0,1,0.0,0,0,0.0,0,0,0,0,0,0,0,nba_boxscorematchupsv3
1,2024-25,Playoffs,NBA Finals,2025_okc_ind_api_20261005,0042400401,1,2025-06-05,1610612754,IND,1630174,Aaron Nesmith,1610612760,OKC,1627936,Alex Caruso,60,7.9,9.07716,8.87574,20.8,3,10,0,0,1,1,1,1,100.0,1,1,100.0,0,0,0,0,0,0,0,nba_boxscorematchupsv3
1,2024-25,Playoffs,NBA Finals,2025_okc_ind_api_20261005,0042400401,1,2025-06-05,1610612754,IND,1630174,Aaron Nesmith,1610612760,OKC,1629652,Luguentz Dort,76,8.3,9.382719999999999,11.2426,11.700000000000001,0,10,0,0,1,1,0,1,0.0,0,1,0.0,0,0,0,0,0,0,0,nba_boxscorematchupsv3
1,2024-25,Playoffs,NBA Finals,2025_okc_ind_api_20261005,0042400401,1,2025-06-05,1610612754,IND,1630174,Aaron Nesmith,1610612760,OKC,1628983,Shai Gilgeous-Alexander,292,21.0,32.91995,43.19527,43.3,3,14,0,0,1,0,1,2,50.0,1,1,100.0,0,0,0,0,0,0,0,nba_boxscorematchupsv3
1,2024-25,Playoffs,NBA Finals,2025_okc_ind_api_20261005,0042400401,1,2025-06-05,1610612754,IND,1630174,Aaron Nesmith,1610612760,OKC,1628392,Isaiah Hartenstein,15,2.7,3.6231899999999997,2.21893,15.9,0,5,0,0,0,0,0,0,0.0,0,0,0.0,0,0,0,0,0,0,0,nba_boxscorematchupsv3
1,2024-25,Playoffs,NBA Finals,2025_okc_ind_api_20261005,0042400401,1,2025-06-05,1610612754,IND,1630174,Aaron Nesmith,1610612760,OKC,1631096,Chet Holmgren,30,3.2,5.78035,4.43787,7.7,0,2,1,0,1,1,0,1,0.0,0,1,0.0,0,0,0,0,0,0,0,nba_boxscorematchupsv3
1,2024-25,Playoffs,NBA Finals,2025_okc_ind_api_20261005,0042400401,1,2025-06-05,1610612754,IND,1630174,Aaron Nesmith,1610612760,OKC,1630198,Isaiah Joe,18,1.2,6.79245,2.66272,15.299999999999999,0,3,0,0,0,0,0,1,0.0,0,1,0.0,0,0,0,0,0,0,0,nba_boxscorematchupsv3
1,2024-25,Playoffs,NBA Finals,2025_okc_ind_api_20261005,0042400401,1,2025-06-05,1610612754,IND,1630174,Aaron Nesmith,1610612760,OKC,1641717,Cason Wallace,62,5.4,8.37838,9.1716,11.5,1,4,0,0,0,0,0,0,0.0,0,0,0.0,1,2,0,0,0,0,0,nba_boxscorematchupsv3
1,2024-25,Playoffs,NBA Finals,2025_okc_ind_api_20261005,0042400401,1,2025-06-05,1610612754,IND,1630174,Aaron Nesmith,1610612760,OKC,1630598,Aaron Wiggins,14,1.7,5.69106,2.07101,41.0,0,0,0,0,0,0,0,0,0.0,0,0,0.0,0,0,0,0,0,0,0,nba_boxscorematchupsv3
1,2024-25,Playoffs,NBA Finals,2025_okc_ind_api_20261005,0042400401,1,2025-06-05,1610612754,IND,1630174,Aaron Nesmith,1610612760,OKC,1631114,Jalen Williams,109,9.5,13.276489999999999,16.12426,19.3,3,13,0,0,0,0,1,2,50.0,1,2,50.0,0,0,0,0,0,0,0,nba_boxscorematchupsv3
1,2024-25,Playoffs,NBA Finals,2025_okc_ind_api_20261005,0042400401,1,2025-06-05,1610612754,IND,1627783,Pascal Siakam,1610612760,OKC,1627936,Alex Caruso,197,15.3,29.80333,22.82735,32.5,5,20,0,0,0,0,1,2,50.0,1,2,50.0,2,2,1,0,0,0,0,nba_boxscorematchupsv3
1,2024-25,Playoffs,NBA Finals,2025_okc_ind_api_20261005,0042400401,1,2025-06-05,1610612754,IND,1627783,Pascal Siakam,1610612760,OKC,1629652,Luguentz Dort,89,10.9,10.98765,10.31286,17.9,0,10,0,0,1,1,0,1,0.0,0,0,0.0,0,0,0,0,0,0,0,nba_boxscorematchupsv3
1,2024-25,Playoffs,NBA Finals,2025_okc_ind_api_20261005,0042400401,1,2025-06-05,1610612754,IND,1627783,Pascal Siakam,1610612760,OKC,1628983,Shai Gilgeous-Alexander,91,9.5,10.2593,10.54461,13.200000000000001,6,15,2,0,0,0,3,3,100.0,0,0,0.0,0,0,0,0,0,0,0,nba_boxscorematchupsv3
1,2024-25,Playoffs,NBA Finals,2025_okc_ind_api_20261005,0042400401,1,2025-06-05,1610612754,IND,1627783,Pascal Siakam,1610612760,OKC,1628392,Isaiah Hartenstein,42,3.2,10.14493,4.86674,13.200000000000001,0,0,0,0,0,0,0,1,0.0,0,0,0.0,0,0,0,0,0,0,0,nba_boxscorematchupsv3
1,2024-25,Playoffs,NBA Finals,2025_okc_ind_api_20261005,0042400401,1,2025-06-05,1610612754,IND,1627783,Pascal Siakam,1610612760,OKC,1631096,Chet Holmgren,24,1.9,4.62428,2.781,7.1,4,6,0,0,0,0,2,4,50.0,0,0,0.0,0,0,0,0,0,0,0,nba_boxscorematchupsv3
1,2024-25,Playoffs,NBA Finals,2025_okc_ind_api_20261005,0042400401,1,2025-06-05,1610612754,IND,1627783,Pascal Siakam,1610612760,OKC,1630198,Isaiah Joe,26,2.1,9.81132,3.01275,13.4,0,0,0,0,0,0,0,0,0.0,0,0,0.0,0,0,0,0,0,0,0,nba_boxscorematchupsv3
1,2024-25,Playoffs,NBA Finals,2025_okc_ind_api_20261005,0042400401,1,2025-06-05,1610612754,IND,1627783,Pascal Siakam,1610612760,OKC,1642349,Ajay Mitchell,6,0.5,5.35714,0.69525,7.3999999999999995,0,3,1,0,0,0,0,0,0.0,0,0,0.0,0,0,0,0,0,0,0,nba_boxscorematchupsv3
1,2024-25,Playoffs,NBA Finals,2025_okc_ind_api_20261005,0042400401,1,2025-06-05,1610612754,IND,1627783,Pascal Siakam,1610612760,OKC,1641717,Cason Wallace,61,4.3,8.24324,7.06837,10.100000000000001,3,3,0,0,0,0,1,2,50.0,0,0,0.0,1,2,1,0,0,0,0,nba_boxscorematchupsv3
1,2024-25,Playoffs,NBA Finals,2025_okc_ind_api_20261005,0042400401,1,2025-06-05,1610612754,IND,1627783,Pascal Siakam,1610612760,OKC,1630598,Aaron Wiggins,28,1.9,11.382109999999999,3.2445000000000004,13.4,0,0,0,0,0,0,0,1,0.0,0,0,0.0,0,0,0,0,0,0,0,nba_boxscorematchupsv3
1,2024-25,Playoffs,NBA Finals,2025_okc_ind_api_20261005,0042400401,1,2025-06-05,1610612754,IND,1627783,Pascal Siakam,1610612760,OKC,1631114,Jalen Williams,299,23.4,36.419000000000004,34.64658,46.1,1,16,0,0,0,0,0,1,0.0,0,0,0.0,1,2,1,0,0,0,0,nba_boxscorematchupsv3
1,2024-25,Playoffs,NBA Finals,2025_okc_ind_api_20261005,0042400401,1,2025-06-05,1610612754,IND,1626167,Myles Turner,1610612760,OKC,1627936,Alex Caruso,23,1.7,3.4795800000000003,3.62776,11.1,0,0,0,0,0,0,0,0,0.0,0,0,0.0,0,0,0,0,0,0,0,nba_boxscorematchupsv3
1,2024-25,Playoffs,NBA Finals,2025_okc_ind_api_20261005,0042400401,1,2025-06-05,1610612754,IND,1626167,Myles Turner,1610612760,OKC,1629652,Luguentz Dort,32,2.7,3.95062,5.04732,7.1,4,11,0,0,0,0,1,1,100.0,0,0,0.0,2,2,1,0,0,0,0,nba_boxscorematchupsv3
1,2024-25,Playoffs,NBA Finals,2025_okc_ind_api_20261005,0042400401,1,2025-06-05,1610612754,IND,1626167,Myles Turner,1610612760,OKC,1628983,Shai Gilgeous-Alexander,45,3.5,5.0732800000000005,7.09779,10.100000000000001,0,7,0,0,2,0,0,1,0.0,0,0,0.0,0,0,0,0,0,0,0,nba_boxscorematchupsv3
1,2024-25,Playoffs,NBA Finals,2025_okc_ind_api_20261005,0042400401,1,2025-06-05,1610612754,IND,1626167,Myles Turner,1610612760,OKC,1628392,Isaiah Hartenstein,37,3.2,8.937199999999999,5.83596,41.199999999999996,3,5,0,0,0,0,1,1,100.0,1,1,100.0,0,0,0,0,0,0,0,nba_boxscorematchupsv3
1,2024-25,Playoffs,NBA Finals,2025_okc_ind_api_20261005,0042400401,1,2025-06-05,1610612754,IND,1626167,Myles Turner,1610612760,OKC,1631096,Chet Holmgren,352,27.4,67.82274000000001,55.5205,68.0,6,19,0,0,2,0,2,5,40.0,1,3,33.300000000000004,1,2,1,0,0,0,0,nba_boxscorematchupsv3
1,2024-25,Playoffs,NBA Finals,2025_okc_ind_api_20261005,0042400401,1,2025-06-05,1610612754,IND,1626167,Myles Turner,1610612760,OKC,1641717,Cason Wallace,46,6.5,6.21622,7.25552,10.0,0,5,0,0,1,0,0,0,0.0,0,0,0.0,0,0,0,0,0,0,0,nba_boxscorematchupsv3
1,2024-25,Playoffs,NBA Finals,2025_okc_ind_api_20261005,0042400401,1,2025-06-05,1610612754,IND,1626167,Myles Turner,1610612760,OKC,1630598,Aaron Wiggins,5,0.4,2.0325200000000003,0.78864,9.4,0,3,0,0,0,0,0,0,0.0,0,0,0.0,0,0,0,0,0,0,0,nba_boxscorematchupsv3
1,2024-25,Playoffs,NBA Finals,2025_okc_ind_api_20261005,0042400401,1,2025-06-05,1610612754,IND,1626167,Myles Turner,1610612760,OKC,1631114,Jalen Williams,94,9.2,11.44945,14.826500000000001,15.0,2,14,0,0,0,0,1,2,50.0,0,1,0.0,0,0,0,0,0,0,0,nba_boxscorematchupsv3
1,2024-25,Playoffs,NBA Finals,2025_okc_ind_api_20261005,0042400401,1,2025-06-05,1610612754,IND,1629614,Andrew Nembhard,1610612760,OKC,1627936,Alex Caruso,69,7.1,10.43873,9.650350000000001,25.900000000000002,3,13,0,0,0,0,0,1,0.0,0,0,0.0,3,3,1,0,0,0,0,nba_boxscorematchupsv3
1,2024-25,Playoffs,NBA Finals,2025_okc_ind_api_20261005,0042400401,1,2025-06-05,1610612754,IND,1629614,Andrew Nembhard,1610612760,OKC,1629652,Luguentz Dort,115,7.1,14.19753,16.08392,16.5,1,5,0,0,1,0,0,2,0.0,0,1,0.0,1,2,1,0,0,0,0,nba_boxscorematchupsv3
1,2024-25,Playoffs,NBA Finals,2025_okc_ind_api_20261005,0042400401,1,2025-06-05,1610612754,IND,1629614,Andrew Nembhard,1610612760,OKC,1628983,Shai Gilgeous-Alexander,190,17.4,21.42052,26.57343,31.8,3,16,1,0,0,0,1,1,100.0,1,1,100.0,0,0,0,0,0,0,0,nba_boxscorematchupsv3
1,2024-25,Playoffs,NBA Finals,2025_okc_ind_api_20261005,0042400401,1,2025-06-05,1610612754,IND,1629614,Andrew Nembhard,1610612760,OKC,1628392,Isaiah Hartenstein,8,1.0,1.93237,1.11888,7.3,0,0,0,0,0,0,0,1,0.0,0,1,0.0,0,0,0,0,0,0,0,nba_boxscorematchupsv3
1,2024-25,Playoffs,NBA Finals,2025_okc_ind_api_20261005,0042400401,1,2025-06-05,1610612754,IND,1629614,Andrew Nembhard,1610612760,OKC,1631096,Chet Holmgren,31,2.6,5.97303,4.33566,6.5,2,2,1,0,0,0,1,1,100.0,0,0,0.0,0,0,0,0,0,0,0,nba_boxscorematchupsv3
1,2024-25,Playoffs,NBA Finals,2025_okc_ind_api_20261005,0042400401,1,2025-06-05,1610612754,IND,1629614,Andrew Nembhard,1610612760,OKC,1630198,Isaiah Joe,40,1.2,15.09434,5.59441,27.800000000000004,0,0,0,0,1,0,0,0,0.0,0,0,0.0,0,0,0,0,0,0,0,nba_boxscorematchupsv3
1,2024-25,Playoffs,NBA Finals,2025_okc_ind_api_20261005,0042400401,1,2025-06-05,1610612754,IND,1629614,Andrew Nembhard,1610612760,OKC,1642349,Ajay Mitchell,12,0.8,10.71429,1.6783200000000003,46.1,0,0,0,0,0,0,0,0,0.0,0,0,0.0,0,0,0,0,0,0,0,nba_boxscorematchupsv3
1,2024-25,Playoffs,NBA Finals,2025_okc_ind_api_20261005,0042400401,1,2025-06-05,1610612754,IND,1629614,Andrew Nembhard,1610612760,OKC,1641717,Cason Wallace,192,13.9,25.94595,26.85315,33.0,3,19,2,0,0,0,1,3,33.300000000000004,1,3,33.300000000000004,0,0,0,0,0,0,0,nba_boxscorematchupsv3
1,2024-25,Playoffs,NBA Finals,2025_okc_ind_api_20261005,0042400401,1,2025-06-05,1610612754,IND,1629614,Andrew Nembhard,1610612760,OKC,1630598,Aaron Wiggins,4,1.3,1.6260199999999998,0.55944,3.6999999999999997,2,2,1,0,0,0,1,2,50.0,0,0,0.0,0,0,0,0,0,0,0,nba_boxscorematchupsv3
1,2024-25,Playoffs,NBA Finals,2025_okc_ind_api_20261005,0042400401,1,2025-06-05,1610612754,IND,1629614,Andrew Nembhard,1610612760,OKC,1631114,Jalen Williams,54,7.8,6.5773399999999995,7.552449999999999,10.5,0,9,1,0,0,0,0,0,0.0,0,0,0.0,0,0,0,0,0,0,0,nba_boxscorematchupsv3
1,2024-25,Playoffs,NBA Finals,2025_okc_ind_api_20261005,0042400401,1,2025-06-05,1610612754,IND,1630169,Tyrese Haliburton,1610612760,OKC,1627936,Alex Caruso,48,5.5,7.26172,5.68047,12.5,3,8,1,0,0,0,1,3,33.300000000000004,1,2,50.0,0,0,0,0,0,0,0,nba_boxscorematchupsv3
1,2024-25,Playoffs,NBA Finals,2025_okc_ind_api_20261005,0042400401,1,2025-06-05,1610612754,IND,1630169,Tyrese Haliburton,1610612760,OKC,1629652,Luguentz Dort,362,25.1,44.69136,42.84024,42.6,0,11,0,0,1,0,0,2,0.0,0,2,0.0,0,0,0,0,0,0,0,nba_boxscorematchupsv3
1,2024-25,Playoffs,NBA Finals,2025_okc_ind_api_20261005,0042400401,1,2025-06-05,1610612754,IND,1630169,Tyrese Haliburton,1610612760,OKC,1628983,Shai Gilgeous-Alexander,98,9.2,11.04848,11.59763,12.1,2,7,0,0,1,0,1,1,100.0,0,0,0.0,0,0,0,0,0,0,0,nba_boxscorematchupsv3
1,2024-25,Playoffs,NBA Finals,2025_okc_ind_api_20261005,0042400401,1,2025-06-05,1610612754,IND,1630169,Tyrese Haliburton,1610612760,OKC,1628392,Isaiah Hartenstein,7,0.5,1.6908200000000002,0.8284,5.2,2,2,0,0,0,0,1,1,100.0,0,0,0.0,0,0,0,0,0,0,0,nba_boxscorematchupsv3
1,2024-25,Playoffs,NBA Finals,2025_okc_ind_api_20261005,0042400401,1,2025-06-05,1610612754,IND,1630169,Tyrese Haliburton,1610612760,OKC,1631096,Chet Holmgren,50,5.2,9.63391,5.91716,8.9,2,7,0,0,1,0,1,3,33.300000000000004,0,1,0.0,0,0,0,0,0,0,0,nba_boxscorematchupsv3
1,2024-25,Playoffs,NBA Finals,2025_okc_ind_api_20261005,0042400401,1,2025-06-05,1610612754,IND,1630169,Tyrese Haliburton,1610612760,OKC,1630198,Isaiah Joe,13,1.8,4.90566,1.53846,9.9,0,0,0,0,0,0,0,0,0.0,0,0,0.0,0,0,0,0,0,0,0,nba_boxscorematchupsv3
1,2024-25,Playoffs,NBA Finals,2025_okc_ind_api_20261005,0042400401,1,2025-06-05,1610612754,IND,1630169,Tyrese Haliburton,1610612760,OKC,1642349,Ajay Mitchell,7,1.0,6.25,0.8284,37.0,3,3,0,0,0,0,1,1,100.0,1,1,100.0,0,0,0,0,0,0,0,nba_boxscorematchupsv3
1,2024-25,Playoffs,NBA Finals,2025_okc_ind_api_20261005,0042400401,1,2025-06-05,1610612754,IND,1630169,Tyrese Haliburton,1610612760,OKC,1641717,Cason Wallace,182,19.7,24.59459,21.53846,30.7,2,19,2,0,0,0,1,1,100.0,0,0,0.0,0,0,0,0,0,0,0,nba_boxscorematchupsv3
1,2024-25,Playoffs,NBA Finals,2025_okc_ind_api_20261005,0042400401,1,2025-06-05,1610612754,IND,1630169,Tyrese Haliburton,1610612760,OKC,1631114,Jalen Williams,78,6.6,9.50061,9.230770000000001,11.5,0,10,1,0,0,0,0,1,0.0,0,1,0.0,0,0,0,0,0,0,0,nba_boxscorematchupsv3
1,2024-25,Playoffs,NBA Finals,2025_okc_ind_api_20261005,0042400401,1,2025-06-05,1610612754,IND,1630167,Obi Toppin,1610612760,OKC,1627936,Alex Caruso,82,6.0,12.40545,15.89147,21.4,0,2,1,0,0,0,0,0,0.0,0,0,0.0,0,0,0,0,0,0,0,nba_boxscorematchupsv3
1,2024-25,Playoffs,NBA Finals,2025_okc_ind_api_20261005,0042400401,1,2025-06-05,1610612754,IND,1630167,Obi Toppin,1610612760,OKC,1629652,Luguentz Dort,106,10.6,13.086420000000002,20.542640000000002,25.900000000000002,3,18,0,0,0,0,1,2,50.0,1,2,50.0,0,0,0,0,0,0,0,nba_boxscorematchupsv3
1,2024-25,Playoffs,NBA Finals,2025_okc_ind_api_20261005,0042400401,1,2025-06-05,1610612754,IND,1630167,Obi Toppin,1610612760,OKC,1628983,Shai Gilgeous-Alexander,65,5.6,7.32807,12.5969,15.7,0,10,1,0,0,0,0,0,0.0,0,0,0.0,0,0,0,0,0,0,0,nba_boxscorematchupsv3
1,2024-25,Playoffs,NBA Finals,2025_okc_ind_api_20261005,0042400401,1,2025-06-05,1610612754,IND,1630167,Obi Toppin,1610612760,OKC,1628392,Isaiah Hartenstein,79,7.5,19.08213,15.310080000000001,40.5,6,6,0,0,1,0,2,2,100.0,2,2,100.0,0,0,0,0,0,0,0,nba_boxscorematchupsv3
1,2024-25,Playoffs,NBA Finals,2025_okc_ind_api_20261005,0042400401,1,2025-06-05,1610612754,IND,1630167,Obi Toppin,1610612760,OKC,1631096,Chet Holmgren,27,3.1,5.202310000000001,5.23256,15.6,3,3,0,0,0,0,1,1,100.0,1,1,100.0,0,0,0,0,0,0,0,nba_boxscorematchupsv3
1,2024-25,Playoffs,NBA Finals,2025_okc_ind_api_20261005,0042400401,1,2025-06-05,1610612754,IND,1630167,Obi Toppin,1610612760,OKC,1630198,Isaiah Joe,30,2.5,11.32075,5.813949999999999,20.3,2,2,0,0,0,0,1,1,100.0,0,0,0.0,0,0,0,0,0,0,0,nba_boxscorematchupsv3
1,2024-25,Playoffs,NBA Finals,2025_okc_ind_api_20261005,0042400401,1,2025-06-05,1610612754,IND,1630167,Obi Toppin,1610612760,OKC,1642349,Ajay Mitchell,3,0.1,2.67857,0.5813999999999999,2.9000000000000004,0,0,0,0,0,0,0,0,0.0,0,0,0.0,0,0,0,0,0,0,0,nba_boxscorematchupsv3
1,2024-25,Playoffs,NBA Finals,2025_okc_ind_api_20261005,0042400401,1,2025-06-05,1610612754,IND,1630167,Obi Toppin,1610612760,OKC,1641717,Cason Wallace,29,2.3,3.91892,5.620159999999999,8.3,0,0,0,0,1,0,0,1,0.0,0,1,0.0,0,0,0,0,0,0,0,nba_boxscorematchupsv3
1,2024-25,Playoffs,NBA Finals,2025_okc_ind_api_20261005,0042400401,1,2025-06-05,1610612754,IND,1630167,Obi Toppin,1610612760,OKC,1630598,Aaron Wiggins,27,2.3,10.97561,5.23256,27.400000000000002,0,3,0,0,0,0,0,1,0.0,0,1,0.0,0,0,0,0,0,0,0,nba_boxscorematchupsv3
1,2024-25,Playoffs,NBA Finals,2025_okc_ind_api_20261005,0042400401,1,2025-06-05,1610612754,IND,1630167,Obi Toppin,1610612760,OKC,1631114,Jalen Williams,55,6.1,6.6991499999999995,10.65891,15.1,3,9,0,0,0,0,1,1,100.0,1,1,100.0,0,0,0,0,0,0,0,nba_boxscorematchupsv3
1,2024-25,Playoffs,NBA Finals,2025_okc_ind_api_20261005,0042400401,1,2025-06-05,1610612754,IND,1630167,Obi Toppin,1610612760,OKC,1629026,Kenrich Williams,13,0.8,68.42105000000001,2.51938,53.5,0,0,0,0,0,0,0,0,0.0,0,0,0.0,0,0,0,0,0,0,0,nba_boxscorematchupsv3
1,2024-25,Playoffs,NBA Finals,2025_okc_ind_api_20261005,0042400401,1,2025-06-05,1610612754,IND,1641767,Ben Sheppard,1610612760,OKC,1627936,Alex Caruso,30,2.7,4.53858,13.761470000000001,14.499999999999998,0,0,0,0,0,0,0,0,0.0,0,0,0.0,0,0,0,0,0,0,0,nba_boxscorematchupsv3
1,2024-25,Playoffs,NBA Finals,2025_okc_ind_api_20261005,0042400401,1,2025-06-05,1610612754,IND,1641767,Ben Sheppard,1610612760,OKC,1628983,Shai Gilgeous-Alexander,9,0.7,1.0146600000000001,4.128439999999999,17.599999999999998,0,0,0,0,0,0,0,0,0.0,0,0,0.0,0,0,0,0,0,0,0,nba_boxscorematchupsv3
1,2024-25,Playoffs,NBA Finals,2025_okc_ind_api_20261005,0042400401,1,2025-06-05,1610612754,IND,1641767,Ben Sheppard,1610612760,OKC,1628392,Isaiah Hartenstein,11,0.8,2.657,5.04587,5.800000000000001,3,3,0,0,0,0,1,1,100.0,1,1,100.0,0,0,0,0,0,0,0,nba_boxscorematchupsv3
1,2024-25,Playoffs,NBA Finals,2025_okc_ind_api_20261005,0042400401,1,2025-06-05,1610612754,IND,1641767,Ben Sheppard,1610612760,OKC,1631096,Chet Holmgren,1,0.1,0.19268,0.45871999999999996,2.8000000000000003,0,0,0,0,0,0,0,0,0.0,0,0,0.0,0,0,0,0,0,0,0,nba_boxscorematchupsv3
1,2024-25,Playoffs,NBA Finals,2025_okc_ind_api_20261005,0042400401,1,2025-06-05,1610612754,IND,1641767,Ben Sheppard,1610612760,OKC,1630198,Isaiah Joe,19,1.2,7.16981,8.7156,66.5,0,6,0,0,0,0,0,0,0.0,0,0,0.0,0,0,0,0,0,0,0,nba_boxscorematchupsv3
1,2024-25,Playoffs,NBA Finals,2025_okc_ind_api_20261005,0042400401,1,2025-06-05,1610612754,IND,1641767,Ben Sheppard,1610612760,OKC,1642349,Ajay Mitchell,50,4.1,44.64286,22.93578,55.60000000000001,0,3,0,0,0,0,0,0,0.0,0,0,0.0,0,0,0,0,0,0,0,nba_boxscorematchupsv3
1,2024-25,Playoffs,NBA Finals,2025_okc_ind_api_20261005,0042400401,1,2025-06-05,1610612754,IND,1641767,Ben Sheppard,1610612760,OKC,1641717,Cason Wallace,15,2.0,2.0270300000000003,6.88073,14.499999999999998,0,0,0,0,0,0,0,0,0.0,0,0,0.0,0,0,0,0,0,0,0,nba_boxscorematchupsv3
1,2024-25,Playoffs,NBA Finals,2025_okc_ind_api_20261005,0042400401,1,2025-06-05,1610612754,IND,1641767,Ben Sheppard,1610612760,OKC,1630598,Aaron Wiggins,60,4.6,24.39024,27.522940000000002,37.9,0,2,0,0,0,0,0,1,0.0,0,1,0.0,0,0,0,0,0,0,0,nba_boxscorematchupsv3
1,2024-25,Playoffs,NBA Finals,2025_okc_ind_api_20261005,0042400401,1,2025-06-05,1610612754,IND,1641767,Ben Sheppard,1610612760,OKC,1631114,Jalen Williams,23,1.3,2.80146,10.550460000000001,12.8,0,0,0,0,0,0,0,0,0.0,0,0,0.0,0,0,0,0,0,0,0,nba_boxscorematchupsv3
1,2024-25,Playoffs,NBA Finals,2025_okc_ind_api_20261005,0042400401,1,2025-06-05,1610612754,IND,204456,T.J. McConnell,1610612760,OKC,1627936,Alex Caruso,77,6.6,11.64902,18.37709,19.400000000000002,0,6,1,0,0,0,0,0,0.0,0,0,0.0,0,0,0,0,0,0,0,nba_boxscorematchupsv3
1,2024-25,Playoffs,NBA Finals,2025_okc_ind_api_20261005,0042400401,1,2025-06-05,1610612754,IND,204456,T.J. McConnell,1610612760,OKC,1629652,Luguentz Dort,24,1.8,2.96296,5.72792,14.399999999999999,5,5,0,0,0,0,2,2,100.0,1,1,100.0,0,0,0,0,0,0,0,nba_boxscorematchupsv3
1,2024-25,Playoffs,NBA Finals,2025_okc_ind_api_20261005,0042400401,1,2025-06-05,1610612754,IND,204456,T.J. McConnell,1610612760,OKC,1628983,Shai Gilgeous-Alexander,24,2.8,2.70575,5.72792,8.799999999999999,0,3,1,0,1,0,0,0,0.0,0,0,0.0,0,0,0,0,0,0,0,nba_boxscorematchupsv3
1,2024-25,Playoffs,NBA Finals,2025_okc_ind_api_20261005,0042400401,1,2025-06-05,1610612754,IND,204456,T.J. McConnell,1610612760,OKC,1628392,Isaiah Hartenstein,22,1.9,5.314010000000001,5.2505999999999995,6.1,0,3,0,0,0,0,0,0,0.0,0,0,0.0,0,0,0,0,0,0,0,nba_boxscorematchupsv3
1,2024-25,Playoffs,NBA Finals,2025_okc_ind_api_20261005,0042400401,1,2025-06-05,1610612754,IND,204456,T.J. McConnell,1610612760,OKC,1631096,Chet Holmgren,3,0.0,0.57803,0.71599,7.7,0,0,0,0,0,0,0,0,0.0,0,0,0.0,0,0,0,0,0,0,0,nba_boxscorematchupsv3
1,2024-25,Playoffs,NBA Finals,2025_okc_ind_api_20261005,0042400401,1,2025-06-05,1610612754,IND,204456,T.J. McConnell,1610612760,OKC,1630198,Isaiah Joe,107,6.9,40.37736,25.53699,55.00000000000001,4,9,1,0,0,0,2,2,100.0,0,0,0.0,0,0,0,0,0,0,0,nba_boxscorematchupsv3
1,2024-25,Playoffs,NBA Finals,2025_okc_ind_api_20261005,0042400401,1,2025-06-05,1610612754,IND,204456,T.J. McConnell,1610612760,OKC,1642349,Ajay Mitchell,20,1.6,17.857139999999998,4.77327,23.0,0,0,0,0,0,0,0,0,0.0,0,0,0.0,0,0,0,0,0,0,0,nba_boxscorematchupsv3
1,2024-25,Playoffs,NBA Finals,2025_okc_ind_api_20261005,0042400401,1,2025-06-05,1610612754,IND,204456,T.J. McConnell,1610612760,OKC,1641717,Cason Wallace,97,7.0,13.10811,23.15036,57.3,0,8,1,0,0,1,0,1,0.0,0,0,0.0,0,0,0,0,0,0,0,nba_boxscorematchupsv3
1,2024-25,Playoffs,NBA Finals,2025_okc_ind_api_20261005,0042400401,1,2025-06-05,1610612754,IND,204456,T.J. McConnell,1610612760,OKC,1630598,Aaron Wiggins,19,2.6,7.723579999999999,4.53461,9.0,0,0,0,0,1,0,0,0,0.0,0,0,0.0,0,0,0,0,0,0,0,nba_boxscorematchupsv3
1,2024-25,Playoffs,NBA Finals,2025_okc_ind_api_20261005,0042400401,1,2025-06-05,1610612754,IND,204456,T.J. McConnell,1610612760,OKC,1631114,Jalen Williams,24,2.7,2.92326,5.72792,10.299999999999999,0,0,0,0,0,0,0,0,0.0,0,0,0.0,0,0,0,0,0,0,0,nba_boxscorematchupsv3
1,2024-25,Playoffs,NBA Finals,2025_okc_ind_api_20261005,0042400401,1,2025-06-05,1610612754,IND,204456,T.J. McConnell,1610612760,OKC,1629026,Kenrich Williams,2,0.0,10.52632,0.47733000000000003,14.000000000000002,0,0,0,0,0,0,0,0,0.0,0,0,0.0,0,0,0,0,0,0,0,nba_boxscorematchupsv3
1,2024-25,Playoffs,NBA Finals,2025_okc_ind_api_20261005,0042400401,1,2025-06-05,1610612754,IND,1631097,Bennedict Mathurin,1610612760,OKC,1627936,Alex Caruso,70,5.6,10.590019999999999,17.28395,18.3,2,4,0,0,1,1,1,1,100.0,0,0,0.0,0,0,0,0,0,0,0,nba_boxscorematchupsv3
1,2024-25,Playoffs,NBA Finals,2025_okc_ind_api_20261005,0042400401,1,2025-06-05,1610612754,IND,1631097,Bennedict Mathurin,1610612760,OKC,1629652,Luguentz Dort,4,0.7,0.49383,0.98765,3.2,0,0,0,0,0,0,0,0,0.0,0,0,0.0,0,0,0,0,0,0,0,nba_boxscorematchupsv3
1,2024-25,Playoffs,NBA Finals,2025_okc_ind_api_20261005,0042400401,1,2025-06-05,1610612754,IND,1631097,Bennedict Mathurin,1610612760,OKC,1628983,Shai Gilgeous-Alexander,66,4.1,7.440810000000001,16.2963,24.0,0,3,0,0,0,0,0,0,0.0,0,0,0.0,0,0,0,0,0,0,0,nba_boxscorematchupsv3
1,2024-25,Playoffs,NBA Finals,2025_okc_ind_api_20261005,0042400401,1,2025-06-05,1610612754,IND,1631097,Bennedict Mathurin,1610612760,OKC,1628392,Isaiah Hartenstein,19,1.8,4.589370000000001,4.6913599999999995,7.5,2,4,1,0,0,0,0,2,0.0,0,0,0.0,2,2,0,0,0,0,0,nba_boxscorematchupsv3
1,2024-25,Playoffs,NBA Finals,2025_okc_ind_api_20261005,0042400401,1,2025-06-05,1610612754,IND,1631097,Bennedict Mathurin,1610612760,OKC,1631096,Chet Holmgren,1,0.3,0.19268,0.24691000000000002,4.7,0,0,0,0,0,0,0,0,0.0,0,0,0.0,0,0,0,0,0,0,0,nba_boxscorematchupsv3
1,2024-25,Playoffs,NBA Finals,2025_okc_ind_api_20261005,0042400401,1,2025-06-05,1610612754,IND,1631097,Bennedict Mathurin,1610612760,OKC,1630198,Isaiah Joe,4,0.6,1.50943,0.98765,4.3999999999999995,0,0,0,0,0,0,0,0,0.0,0,0,0.0,0,0,0,0,0,0,0,nba_boxscorematchupsv3
1,2024-25,Playoffs,NBA Finals,2025_okc_ind_api_20261005,0042400401,1,2025-06-05,1610612754,IND,1631097,Bennedict Mathurin,1610612760,OKC,1642349,Ajay Mitchell,14,0.7,12.5,3.45679,11.700000000000001,0,0,0,0,0,0,0,0,0.0,0,0,0.0,0,0,0,0,0,0,0,nba_boxscorematchupsv3
1,2024-25,Playoffs,NBA Finals,2025_okc_ind_api_20261005,0042400401,1,2025-06-05,1610612754,IND,1631097,Bennedict Mathurin,1610612760,OKC,1641717,Cason Wallace,56,3.4,7.56757,13.82716,30.099999999999998,0,8,0,0,0,0,0,0,0.0,0,0,0.0,0,0,0,0,0,0,0,nba_boxscorematchupsv3
1,2024-25,Playoffs,NBA Finals,2025_okc_ind_api_20261005,0042400401,1,2025-06-05,1610612754,IND,1631097,Bennedict Mathurin,1610612760,OKC,1630598,Aaron Wiggins,86,6.0,34.95935,21.23457,41.099999999999994,0,8,1,0,0,0,0,2,0.0,0,0,0.0,0,0,0,0,0,0,0,nba_boxscorematchupsv3
1,2024-25,Playoffs,NBA Finals,2025_okc_ind_api_20261005,0042400401,1,2025-06-05,1610612754,IND,1631097,Bennedict Mathurin,1610612760,OKC,1631114,Jalen Williams,81,6.5,9.86602,20.0,38.3,1,5,0,0,0,0,0,0,0.0,0,0,0.0,1,2,1,0,0,0,0,nba_boxscorematchupsv3
1,2024-25,Playoffs,NBA Finals,2025_okc_ind_api_20261005,0042400401,1,2025-06-05,1610612754,IND,1631097,Bennedict Mathurin,1610612760,OKC,1629026,Kenrich Williams,4,1.0,21.05263,0.98765,29.2,0,3,0,0,0,0,0,0,0.0,0,0,0.0,0,0,0,0,0,0,0,nba_boxscorematchupsv3
1,2024-25,Playoffs,NBA Finals,2025_okc_ind_api_20261005,0042400401,1,2025-06-05,1610612754,IND,1628418,Thomas Bryant,1610612760,OKC,1627936,Alex Caruso,5,0.9,0.75643,2.46305,5.0,0,0,0,0,0,0,0,0,0.0,0,0,0.0,0,0,0,0,0,0,0,nba_boxscorematchupsv3
1,2024-25,Playoffs,NBA Finals,2025_okc_ind_api_20261005,0042400401,1,2025-06-05,1610612754,IND,1628418,Thomas Bryant,1610612760,OKC,1629652,Luguentz Dort,2,0.0,0.24691000000000002,0.98522,2.1999999999999997,0,0,0,0,0,0,0,0,0.0,0,0,0.0,0,0,0,0,0,0,0,nba_boxscorematchupsv3
1,2024-25,Playoffs,NBA Finals,2025_okc_ind_api_20261005,0042400401,1,2025-06-05,1610612754,IND,1628418,Thomas Bryant,1610612760,OKC,1628983,Shai Gilgeous-Alexander,7,0.4,0.7891799999999999,3.44828,4.3,0,0,0,0,0,0,0,0,0.0,0,0,0.0,0,0,0,0,0,0,0,nba_boxscorematchupsv3
1,2024-25,Playoffs,NBA Finals,2025_okc_ind_api_20261005,0042400401,1,2025-06-05,1610612754,IND,1628418,Thomas Bryant,1610612760,OKC,1628392,Isaiah Hartenstein,174,11.3,42.02899,85.71429,79.2,5,12,0,0,0,0,2,2,100.0,1,1,100.0,0,0,0,0,0,0,0,nba_boxscorematchupsv3
1,2024-25,Playoffs,NBA Finals,2025_okc_ind_api_20261005,0042400401,1,2025-06-05,1610612754,IND,1628418,Thomas Bryant,1610612760,OKC,1630198,Isaiah Joe,8,0.7,3.0188699999999997,3.9408899999999996,7.3999999999999995,0,0,0,0,0,0,0,0,0.0,0,0,0.0,0,0,0,0,0,0,0,nba_boxscorematchupsv3
1,2024-25,Playoffs,NBA Finals,2025_okc_ind_api_20261005,0042400401,1,2025-06-05,1610612754,IND,1628418,Thomas Bryant,1610612760,OKC,1630598,Aaron Wiggins,3,0.0,1.21951,1.47783,5.0,0,2,0,0,0,0,0,0,0.0,0,0,0.0,0,0,0,0,0,0,0,nba_boxscorematchupsv3
1,2024-25,Playoffs,NBA Finals,2025_okc_ind_api_20261005,0042400401,1,2025-06-05,1610612754,IND,1628418,Thomas Bryant,1610612760,OKC,1631114,Jalen Williams,4,0.6,0.48721,1.97044,11.700000000000001,0,0,0,0,0,0,0,0,0.0,0,0,0.0,0,0,0,0,0,0,0,nba_boxscorematchupsv3
1,2024-25,Playoffs,NBA Finals,2025_okc_ind_api_20261005,0042400402,2,2025-06-08,1610612760,OKC,1629652,Luguentz Dort,1610612754,IND,1628418,Thomas Bryant,2,0.5,0.8196699999999999,0.36297999999999997,5.3,0,0,0,0,0,0,0,0,0.0,0,0,0.0,0,0,0,0,0,0,0,nba_boxscorematchupsv3
1,2024-25,Playoffs,NBA Finals,2025_okc_ind_api_20261005,0042400402,2,2025-06-08,1610612760,OKC,1629652,Luguentz Dort,1610612754,IND,1642277,Johnny Furphy,19,1.0,17.11712,3.44828,35.6,0,0,0,0,0,0,0,0,0.0,0,0,0.0,0,0,0,0,0,0,0,nba_boxscorematchupsv3
1,2024-25,Playoffs,NBA Finals,2025_okc_ind_api_20261005,0042400402,2,2025-06-08,1610612760,OKC,1629652,Luguentz Dort,1610612754,IND,1630169,Tyrese Haliburton,172,15.3,23.72414,31.21597,35.6,0,11,0,0,0,0,0,2,0.0,0,2,0.0,0,0,0,0,0,0,0,nba_boxscorematchupsv3
1,2024-25,Playoffs,NBA Finals,2025_okc_ind_api_20261005,0042400402,2,2025-06-08,1610612760,OKC,1629652,Luguentz Dort,1610612754,IND,1631097,Bennedict Mathurin,24,1.7,5.39326,4.35572,9.6,0,3,0,0,0,0,0,0,0.0,0,0,0.0,0,0,0,0,0,0,0,nba_boxscorematchupsv3
1,2024-25,Playoffs,NBA Finals,2025_okc_ind_api_20261005,0042400402,2,2025-06-08,1610612760,OKC,1629652,Luguentz Dort,1610612754,IND,204456,T.J. McConnell,29,1.6,7.712769999999999,5.26316,23.7,0,0,0,0,0,0,0,0,0.0,0,0,0.0,0,0,0,0,0,0,0,nba_boxscorematchupsv3
1,2024-25,Playoffs,NBA Finals,2025_okc_ind_api_20261005,0042400402,2,2025-06-08,1610612760,OKC,1629652,Luguentz Dort,1610612754,IND,1629614,Andrew Nembhard,23,2.9,3.34302,4.1742300000000006,7.8,0,2,0,0,0,0,0,0,0.0,0,0,0.0,0,0,0,0,0,0,0,nba_boxscorematchupsv3
1,2024-25,Playoffs,NBA Finals,2025_okc_ind_api_20261005,0042400402,2,2025-06-08,1610612760,OKC,1629652,Luguentz Dort,1610612754,IND,1630174,Aaron Nesmith,56,3.4,10.74856,10.16334,12.8,0,10,0,0,0,0,0,0,0.0,0,0,0.0,0,0,0,0,0,0,0,nba_boxscorematchupsv3
1,2024-25,Playoffs,NBA Finals,2025_okc_ind_api_20261005,0042400402,2,2025-06-08,1610612760,OKC,1629652,Luguentz Dort,1610612754,IND,1641767,Ben Sheppard,25,3.2,7.485029999999999,4.53721,19.8,0,3,0,0,0,0,0,0,0.0,0,0,0.0,0,0,0,0,0,0,0,nba_boxscorematchupsv3
1,2024-25,Playoffs,NBA Finals,2025_okc_ind_api_20261005,0042400402,2,2025-06-08,1610612760,OKC,1629652,Luguentz Dort,1610612754,IND,1627783,Pascal Siakam,136,9.8,21.79487,24.682399999999998,38.4,3,13,1,0,0,0,1,1,100.0,1,1,100.0,0,0,0,0,0,0,0,nba_boxscorematchupsv3
1,2024-25,Playoffs,NBA Finals,2025_okc_ind_api_20261005,0042400402,2,2025-06-08,1610612760,OKC,1629652,Luguentz Dort,1610612754,IND,1630167,Obi Toppin,54,5.1,15.16854,9.80036,31.6,0,2,0,0,0,0,0,0,0.0,0,0,0.0,0,0,0,0,0,0,0,nba_boxscorematchupsv3
1,2024-25,Playoffs,NBA Finals,2025_okc_ind_api_20261005,0042400402,2,2025-06-08,1610612760,OKC,1629652,Luguentz Dort,1610612754,IND,1626167,Myles Turner,11,1.8,1.8803400000000001,1.9963700000000002,4.3,0,0,0,0,0,0,0,0,0.0,0,0,0.0,0,0,0,0,0,0,0,nba_boxscorematchupsv3
1,2024-25,Playoffs,NBA Finals,2025_okc_ind_api_20261005,0042400402,2,2025-06-08,1610612760,OKC,1631114,Jalen Williams,1610612754,IND,1628418,Thomas Bryant,3,0.4,1.2295099999999999,0.42674,6.5,0,3,0,0,0,0,0,0,0.0,0,0,0.0,0,0,0,0,0,0,0,nba_boxscorematchupsv3
1,2024-25,Playoffs,NBA Finals,2025_okc_ind_api_20261005,0042400402,2,2025-06-08,1610612760,OKC,1631114,Jalen Williams,1610612754,IND,1642277,Johnny Furphy,2,0.1,1.8017999999999998,0.2845,3.2,0,0,0,0,0,0,0,0,0.0,0,0,0.0,0,0,0,0,0,0,0,nba_boxscorematchupsv3
1,2024-25,Playoffs,NBA Finals,2025_okc_ind_api_20261005,0042400402,2,2025-06-08,1610612760,OKC,1631114,Jalen Williams,1610612754,IND,1630169,Tyrese Haliburton,66,5.9,9.10345,9.388340000000001,11.3,0,13,1,0,0,1,0,1,0.0,0,1,0.0,0,0,0,0,0,0,0,nba_boxscorematchupsv3
1,2024-25,Playoffs,NBA Finals,2025_okc_ind_api_20261005,0042400402,2,2025-06-08,1610612760,OKC,1631114,Jalen Williams,1610612754,IND,1631097,Bennedict Mathurin,106,8.4,23.82022,15.078240000000001,39.900000000000006,0,7,0,0,1,0,0,0,0.0,0,0,0.0,0,0,0,0,0,0,0,nba_boxscorematchupsv3
1,2024-25,Playoffs,NBA Finals,2025_okc_ind_api_20261005,0042400402,2,2025-06-08,1610612760,OKC,1631114,Jalen Williams,1610612754,IND,204456,T.J. McConnell,27,3.9,7.1808499999999995,3.84068,16.6,5,7,0,0,0,0,1,2,50.0,0,0,0.0,3,3,2,0,0,0,0,nba_boxscorematchupsv3
1,2024-25,Playoffs,NBA Finals,2025_okc_ind_api_20261005,0042400402,2,2025-06-08,1610612760,OKC,1631114,Jalen Williams,1610612754,IND,1629614,Andrew Nembhard,111,8.4,16.13372,15.78947,18.6,0,5,0,0,0,0,0,0,0.0,0,0,0.0,0,0,0,0,0,0,0,nba_boxscorematchupsv3
1,2024-25,Playoffs,NBA Finals,2025_okc_ind_api_20261005,0042400402,2,2025-06-08,1610612760,OKC,1631114,Jalen Williams,1610612754,IND,1630174,Aaron Nesmith,213,19.1,40.88292,30.298720000000003,69.6,3,17,1,0,0,0,1,3,33.300000000000004,0,1,0.0,1,2,1,0,0,0,0,nba_boxscorematchupsv3
1,2024-25,Playoffs,NBA Finals,2025_okc_ind_api_20261005,0042400402,2,2025-06-08,1610612760,OKC,1631114,Jalen Williams,1610612754,IND,1641767,Ben Sheppard,42,3.4,12.574850000000001,5.9744,21.8,2,4,0,0,0,0,0,1,0.0,0,0,0.0,2,2,1,0,0,0,0,nba_boxscorematchupsv3
1,2024-25,Playoffs,NBA Finals,2025_okc_ind_api_20261005,0042400402,2,2025-06-08,1610612760,OKC,1631114,Jalen Williams,1610612754,IND,1627783,Pascal Siakam,64,6.8,10.25641,9.10384,13.0,5,11,0,0,0,2,2,4,50.0,1,2,50.0,0,0,0,0,0,0,0,nba_boxscorematchupsv3
1,2024-25,Playoffs,NBA Finals,2025_okc_ind_api_20261005,0042400402,2,2025-06-08,1610612760,OKC,1631114,Jalen Williams,1610612754,IND,1630167,Obi Toppin,19,1.0,5.33708,2.7027,8.799999999999999,0,0,0,0,0,0,0,0,0.0,0,0,0.0,0,0,0,0,0,0,0,nba_boxscorematchupsv3
1,2024-25,Playoffs,NBA Finals,2025_okc_ind_api_20261005,0042400402,2,2025-06-08,1610612760,OKC,1631114,Jalen Williams,1610612754,IND,1626167,Myles Turner,50,5.9,8.54701,7.11238,9.2,4,8,2,0,1,0,1,3,33.300000000000004,0,1,0.0,2,2,0,0,0,0,0,nba_boxscorematchupsv3
1,2024-25,Playoffs,NBA Finals,2025_okc_ind_api_20261005,0042400402,2,2025-06-08,1610612760,OKC,1631096,Chet Holmgren,1610612754,IND,1628418,Thomas Bryant,124,11.3,50.819669999999995,23.484849999999998,49.0,2,8,0,0,0,0,1,1,100.0,0,0,0.0,0,0,0,0,0,0,0,nba_boxscorematchupsv3
1,2024-25,Playoffs,NBA Finals,2025_okc_ind_api_20261005,0042400402,2,2025-06-08,1610612760,OKC,1631096,Chet Holmgren,1610612754,IND,1630169,Tyrese Haliburton,8,0.7,1.1034499999999998,1.51515,2.9000000000000004,0,2,0,0,0,0,0,0,0.0,0,0,0.0,0,0,0,0,0,0,0,nba_boxscorematchupsv3
1,2024-25,Playoffs,NBA Finals,2025_okc_ind_api_20261005,0042400402,2,2025-06-08,1610612760,OKC,1631096,Chet Holmgren,1610612754,IND,1631097,Bennedict Mathurin,14,2.3,3.14607,2.65152,9.4,0,3,0,0,0,0,0,0,0.0,0,0,0.0,0,0,0,0,0,0,0,nba_boxscorematchupsv3
1,2024-25,Playoffs,NBA Finals,2025_okc_ind_api_20261005,0042400402,2,2025-06-08,1610612760,OKC,1631096,Chet Holmgren,1610612754,IND,204456,T.J. McConnell,8,1.7,2.12766,1.51515,5.800000000000001,2,4,0,0,0,0,1,1,100.0,0,0,0.0,0,0,0,0,0,0,0,nba_boxscorematchupsv3
1,2024-25,Playoffs,NBA Finals,2025_okc_ind_api_20261005,0042400402,2,2025-06-08,1610612760,OKC,1631096,Chet Holmgren,1610612754,IND,1629614,Andrew Nembhard,20,1.9,2.90698,3.78788,6.1,0,3,0,0,0,0,0,0,0.0,0,0,0.0,0,0,0,0,0,0,0,nba_boxscorematchupsv3
1,2024-25,Playoffs,NBA Finals,2025_okc_ind_api_20261005,0042400402,2,2025-06-08,1610612760,OKC,1631096,Chet Holmgren,1610612754,IND,1630174,Aaron Nesmith,22,2.3,4.22265,4.16667,6.2,2,2,0,0,0,0,0,3,0.0,0,1,0.0,2,2,0,0,0,0,0,nba_boxscorematchupsv3
1,2024-25,Playoffs,NBA Finals,2025_okc_ind_api_20261005,0042400402,2,2025-06-08,1610612760,OKC,1631096,Chet Holmgren,1610612754,IND,1641767,Ben Sheppard,3,1.2,0.8982,0.56818,3.2,2,2,0,0,1,0,1,1,100.0,0,0,0.0,0,0,0,0,0,0,0,nba_boxscorematchupsv3
1,2024-25,Playoffs,NBA Finals,2025_okc_ind_api_20261005,0042400402,2,2025-06-08,1610612760,OKC,1631096,Chet Holmgren,1610612754,IND,1627783,Pascal Siakam,66,7.4,10.57692,12.5,21.8,5,10,1,0,0,0,2,2,100.0,1,1,100.0,0,0,0,0,0,0,0,nba_boxscorematchupsv3
1,2024-25,Playoffs,NBA Finals,2025_okc_ind_api_20261005,0042400402,2,2025-06-08,1610612760,OKC,1631096,Chet Holmgren,1610612754,IND,1630167,Obi Toppin,94,8.6,26.404490000000003,17.80303,35.699999999999996,0,4,0,0,0,0,0,0,0.0,0,0,0.0,0,0,0,0,0,0,0,nba_boxscorematchupsv3
1,2024-25,Playoffs,NBA Finals,2025_okc_ind_api_20261005,0042400402,2,2025-06-08,1610612760,OKC,1631096,Chet Holmgren,1610612754,IND,1626167,Myles Turner,169,13.2,28.88889,32.007580000000004,68.7,2,22,0,0,0,0,1,3,33.300000000000004,0,1,0.0,0,0,0,0,0,0,0,nba_boxscorematchupsv3
1,2024-25,Playoffs,NBA Finals,2025_okc_ind_api_20261005,0042400402,2,2025-06-08,1610612760,OKC,1641717,Cason Wallace,1610612754,IND,1628418,Thomas Bryant,1,0.3,0.40984000000000004,0.21277000000000001,2.9000000000000004,0,0,0,0,0,0,0,0,0.0,0,0,0.0,0,0,0,0,0,0,0,nba_boxscorematchupsv3
1,2024-25,Playoffs,NBA Finals,2025_okc_ind_api_20261005,0042400402,2,2025-06-08,1610612760,OKC,1641717,Cason Wallace,1610612754,IND,1630169,Tyrese Haliburton,256,16.6,35.310340000000004,54.468090000000004,66.2,2,17,0,0,0,1,1,3,33.300000000000004,0,2,0.0,0,0,0,0,0,0,0,nba_boxscorematchupsv3
1,2024-25,Playoffs,NBA Finals,2025_okc_ind_api_20261005,0042400402,2,2025-06-08,1610612760,OKC,1641717,Cason Wallace,1610612754,IND,1631097,Bennedict Mathurin,22,2.3,4.9438200000000005,4.68085,15.2,0,5,0,0,0,0,0,0,0.0,0,0,0.0,0,0,0,0,0,0,0,nba_boxscorematchupsv3
1,2024-25,Playoffs,NBA Finals,2025_okc_ind_api_20261005,0042400402,2,2025-06-08,1610612760,OKC,1641717,Cason Wallace,1610612754,IND,204456,T.J. McConnell,69,6.6,18.35106,14.680850000000001,51.4,0,6,0,0,0,0,0,0,0.0,0,0,0.0,0,0,0,0,0,0,0,nba_boxscorematchupsv3
1,2024-25,Playoffs,NBA Finals,2025_okc_ind_api_20261005,0042400402,2,2025-06-08,1610612760,OKC,1641717,Cason Wallace,1610612754,IND,1629614,Andrew Nembhard,45,6.8,6.540700000000001,9.57447,15.2,0,7,1,0,0,0,0,0,0.0,0,0,0.0,0,0,0,0,0,0,0,nba_boxscorematchupsv3
1,2024-25,Playoffs,NBA Finals,2025_okc_ind_api_20261005,0042400402,2,2025-06-08,1610612760,OKC,1641717,Cason Wallace,1610612754,IND,1630174,Aaron Nesmith,12,3.0,2.30326,2.55319,9.3,0,2,0,0,0,0,0,0,0.0,0,0,0.0,0,0,0,0,0,0,0,nba_boxscorematchupsv3
1,2024-25,Playoffs,NBA Finals,2025_okc_ind_api_20261005,0042400402,2,2025-06-08,1610612760,OKC,1641717,Cason Wallace,1610612754,IND,1627783,Pascal Siakam,24,2.2,3.84615,5.10638,7.5,2,2,0,0,0,0,1,1,100.0,0,0,0.0,0,0,0,0,0,0,0,nba_boxscorematchupsv3
1,2024-25,Playoffs,NBA Finals,2025_okc_ind_api_20261005,0042400402,2,2025-06-08,1610612760,OKC,1641717,Cason Wallace,1610612754,IND,1630167,Obi Toppin,4,0.9,1.1236,0.85106,2.9000000000000004,0,0,0,0,0,0,0,0,0.0,0,0,0.0,0,0,0,0,0,0,0,nba_boxscorematchupsv3
1,2024-25,Playoffs,NBA Finals,2025_okc_ind_api_20261005,0042400402,2,2025-06-08,1610612760,OKC,1641717,Cason Wallace,1610612754,IND,1626167,Myles Turner,37,2.0,6.324789999999999,7.8723399999999994,8.0,0,5,0,0,0,0,0,0,0.0,0,0,0.0,0,0,0,0,0,0,0,nba_boxscorematchupsv3
1,2024-25,Playoffs,NBA Finals,2025_okc_ind_api_20261005,0042400402,2,2025-06-08,1610612760,OKC,1628983,Shai Gilgeous-Alexander,1610612754,IND,1628418,Thomas Bryant,26,2.3,10.65574,3.3120999999999996,9.0,0,0,2,0,0,0,0,2,0.0,0,1,0.0,0,0,0,0,0,0,0,nba_boxscorematchupsv3
1,2024-25,Playoffs,NBA Finals,2025_okc_ind_api_20261005,0042400402,2,2025-06-08,1610612760,OKC,1628983,Shai Gilgeous-Alexander,1610612754,IND,1642277,Johnny Furphy,11,0.3,9.90991,1.40127,21.5,3,3,0,0,0,0,1,2,50.0,0,0,0.0,1,1,1,0,0,0,0,nba_boxscorematchupsv3
1,2024-25,Playoffs,NBA Finals,2025_okc_ind_api_20261005,0042400402,2,2025-06-08,1610612760,OKC,1628983,Shai Gilgeous-Alexander,1610612754,IND,1630169,Tyrese Haliburton,38,5.1,5.24138,4.84076,7.6,4,4,0,0,0,0,2,2,100.0,0,0,0.0,0,0,0,0,0,0,0,nba_boxscorematchupsv3
1,2024-25,Playoffs,NBA Finals,2025_okc_ind_api_20261005,0042400402,2,2025-06-08,1610612760,OKC,1628983,Shai Gilgeous-Alexander,1610612754,IND,1631097,Bennedict Mathurin,143,14.7,32.13483,18.21656,49.2,12,14,0,0,0,0,3,3,100.0,0,0,0.0,6,7,2,0,0,0,0,nba_boxscorematchupsv3
1,2024-25,Playoffs,NBA Finals,2025_okc_ind_api_20261005,0042400402,2,2025-06-08,1610612760,OKC,1628983,Shai Gilgeous-Alexander,1610612754,IND,204456,T.J. McConnell,42,3.4,11.170209999999999,5.35032,15.7,0,3,1,0,0,0,0,1,0.0,0,0,0.0,0,0,0,0,0,0,0,nba_boxscorematchupsv3
1,2024-25,Playoffs,NBA Finals,2025_okc_ind_api_20261005,0042400402,2,2025-06-08,1610612760,OKC,1628983,Shai Gilgeous-Alexander,1610612754,IND,1629614,Andrew Nembhard,321,24.8,46.65698,40.89172,58.8,5,26,3,0,1,0,1,2,50.0,1,2,50.0,2,2,1,0,0,0,0,nba_boxscorematchupsv3
1,2024-25,Playoffs,NBA Finals,2025_okc_ind_api_20261005,0042400402,2,2025-06-08,1610612760,OKC,1628983,Shai Gilgeous-Alexander,1610612754,IND,1630174,Aaron Nesmith,65,6.6,12.47601,8.28025,13.3,2,12,1,0,1,0,1,3,33.300000000000004,0,1,0.0,0,0,0,0,0,0,0,nba_boxscorematchupsv3
1,2024-25,Playoffs,NBA Finals,2025_okc_ind_api_20261005,0042400402,2,2025-06-08,1610612760,OKC,1628983,Shai Gilgeous-Alexander,1610612754,IND,1641767,Ben Sheppard,29,3.5,8.68263,3.6942700000000004,23.599999999999998,2,5,0,0,0,0,1,1,100.0,0,0,0.0,0,0,0,0,0,0,0,nba_boxscorematchupsv3
1,2024-25,Playoffs,NBA Finals,2025_okc_ind_api_20261005,0042400402,2,2025-06-08,1610612760,OKC,1628983,Shai Gilgeous-Alexander,1610612754,IND,1627783,Pascal Siakam,57,3.8,9.13462,7.26115,11.700000000000001,2,2,1,0,0,0,1,3,33.300000000000004,0,0,0.0,0,0,0,0,0,0,0,nba_boxscorematchupsv3
1,2024-25,Playoffs,NBA Finals,2025_okc_ind_api_20261005,0042400402,2,2025-06-08,1610612760,OKC,1628983,Shai Gilgeous-Alexander,1610612754,IND,1630167,Obi Toppin,23,4.2,6.46067,2.9299399999999998,10.8,2,8,0,0,0,0,0,1,0.0,0,0,0.0,2,2,1,0,0,0,0,nba_boxscorematchupsv3
1,2024-25,Playoffs,NBA Finals,2025_okc_ind_api_20261005,0042400402,2,2025-06-08,1610612760,OKC,1628983,Shai Gilgeous-Alexander,1610612754,IND,1626167,Myles Turner,30,3.4,5.128209999999999,3.8216600000000005,8.6,2,5,0,0,0,0,1,1,100.0,0,0,0.0,0,0,0,0,0,0,0,nba_boxscorematchupsv3
1,2024-25,Playoffs,NBA Finals,2025_okc_ind_api_20261005,0042400402,2,2025-06-08,1610612760,OKC,1628392,Isaiah Hartenstein,1610612754,IND,1628418,Thomas Bryant,80,5.9,32.78689,15.50388,67.9,1,8,0,0,0,0,0,0,0.0,0,0,0.0,1,2,1,0,0,0,0,nba_boxscorematchupsv3
1,2024-25,Playoffs,NBA Finals,2025_okc_ind_api_20261005,0042400402,2,2025-06-08,1610612760,OKC,1628392,Isaiah Hartenstein,1610612754,IND,1630169,Tyrese Haliburton,18,1.8,2.48276,3.4883699999999997,4.9,0,0,0,0,0,0,0,0,0.0,0,0,0.0,0,0,0,0,0,0,0,nba_boxscorematchupsv3
1,2024-25,Playoffs,NBA Finals,2025_okc_ind_api_20261005,0042400402,2,2025-06-08,1610612760,OKC,1628392,Isaiah Hartenstein,1610612754,IND,1631097,Bennedict Mathurin,18,2.5,4.04494,3.4883699999999997,10.2,0,0,0,0,0,0,0,0,0.0,0,0,0.0,0,0,0,0,0,0,0,nba_boxscorematchupsv3
1,2024-25,Playoffs,NBA Finals,2025_okc_ind_api_20261005,0042400402,2,2025-06-08,1610612760,OKC,1628392,Isaiah Hartenstein,1610612754,IND,204456,T.J. McConnell,1,0.9,0.26596,0.1938,2.8000000000000003,0,0,0,0,0,0,0,0,0.0,0,0,0.0,0,0,0,0,0,0,0,nba_boxscorematchupsv3
1,2024-25,Playoffs,NBA Finals,2025_okc_ind_api_20261005,0042400402,2,2025-06-08,1610612760,OKC,1628392,Isaiah Hartenstein,1610612754,IND,1629614,Andrew Nembhard,28,2.3,4.06977,5.42636,6.0,0,2,0,0,0,0,0,0,0.0,0,0,0.0,0,0,0,0,0,0,0,nba_boxscorematchupsv3
1,2024-25,Playoffs,NBA Finals,2025_okc_ind_api_20261005,0042400402,2,2025-06-08,1610612760,OKC,1628392,Isaiah Hartenstein,1610612754,IND,1630174,Aaron Nesmith,22,3.5,4.22265,4.26357,11.4,0,6,0,0,0,0,0,0,0.0,0,0,0.0,0,0,0,0,0,0,0,nba_boxscorematchupsv3
1,2024-25,Playoffs,NBA Finals,2025_okc_ind_api_20261005,0042400402,2,2025-06-08,1610612760,OKC,1628392,Isaiah Hartenstein,1610612754,IND,1641767,Ben Sheppard,19,1.1,5.68862,3.6821699999999997,11.200000000000001,0,6,0,0,0,0,0,0,0.0,0,0,0.0,0,0,0,0,0,0,0,nba_boxscorematchupsv3
1,2024-25,Playoffs,NBA Finals,2025_okc_ind_api_20261005,0042400402,2,2025-06-08,1610612760,OKC,1628392,Isaiah Hartenstein,1610612754,IND,1627783,Pascal Siakam,45,4.1,7.211539999999999,8.720930000000001,13.3,0,2,0,0,0,0,0,0,0.0,0,0,0.0,0,0,0,0,0,0,0,nba_boxscorematchupsv3
1,2024-25,Playoffs,NBA Finals,2025_okc_ind_api_20261005,0042400402,2,2025-06-08,1610612760,OKC,1628392,Isaiah Hartenstein,1610612754,IND,1630167,Obi Toppin,29,3.4,8.14607,5.620159999999999,16.400000000000002,0,2,0,0,0,0,0,0,0.0,0,0,0.0,0,0,0,0,0,0,0,nba_boxscorematchupsv3
1,2024-25,Playoffs,NBA Finals,2025_okc_ind_api_20261005,0042400402,2,2025-06-08,1610612760,OKC,1628392,Isaiah Hartenstein,1610612754,IND,1626167,Myles Turner,256,18.5,43.76068,49.6124,72.39999999999999,2,19,2,0,1,0,1,2,50.0,0,0,0.0,0,0,0,0,0,0,0,nba_boxscorematchupsv3
1,2024-25,Playoffs,NBA Finals,2025_okc_ind_api_20261005,0042400402,2,2025-06-08,1610612760,OKC,1627936,Alex Caruso,1610612754,IND,1628418,Thomas Bryant,2,0.7,0.8196699999999999,0.35587,4.0,0,0,0,0,0,0,0,0,0.0,0,0,0.0,0,0,0,0,0,0,0,nba_boxscorematchupsv3
1,2024-25,Playoffs,NBA Finals,2025_okc_ind_api_20261005,0042400402,2,2025-06-08,1610612760,OKC,1627936,Alex Caruso,1610612754,IND,1642277,Johnny Furphy,19,1.2,17.11712,3.3807799999999997,39.900000000000006,3,3,0,0,0,0,1,1,100.0,1,1,100.0,0,0,0,0,0,0,0,nba_boxscorematchupsv3
1,2024-25,Playoffs,NBA Finals,2025_okc_ind_api_20261005,0042400402,2,2025-06-08,1610612760,OKC,1627936,Alex Caruso,1610612754,IND,1630169,Tyrese Haliburton,59,5.3,8.13793,10.49822,18.5,3,8,0,0,0,0,1,1,100.0,1,1,100.0,0,0,0,0,0,0,0,nba_boxscorematchupsv3
1,2024-25,Playoffs,NBA Finals,2025_okc_ind_api_20261005,0042400402,2,2025-06-08,1610612760,OKC,1627936,Alex Caruso,1610612754,IND,1631097,Bennedict Mathurin,14,1.0,3.14607,2.4911,5.3,0,0,0,0,0,0,0,0,0.0,0,0,0.0,0,0,0,0,0,0,0,nba_boxscorematchupsv3
1,2024-25,Playoffs,NBA Finals,2025_okc_ind_api_20261005,0042400402,2,2025-06-08,1610612760,OKC,1627936,Alex Caruso,1610612754,IND,204456,T.J. McConnell,52,6.0,13.829790000000001,9.25267,21.0,0,0,0,0,0,0,0,1,0.0,0,1,0.0,0,0,0,0,0,0,0,nba_boxscorematchupsv3
1,2024-25,Playoffs,NBA Finals,2025_okc_ind_api_20261005,0042400402,2,2025-06-08,1610612760,OKC,1627936,Alex Caruso,1610612754,IND,1629614,Andrew Nembhard,69,6.5,10.029069999999999,12.27758,17.0,5,14,0,0,1,0,2,2,100.0,1,1,100.0,0,0,0,0,0,0,0,nba_boxscorematchupsv3
1,2024-25,Playoffs,NBA Finals,2025_okc_ind_api_20261005,0042400402,2,2025-06-08,1610612760,OKC,1627936,Alex Caruso,1610612754,IND,1630174,Aaron Nesmith,40,3.9,7.67754,7.11744,17.5,5,9,0,0,0,0,1,1,100.0,1,1,100.0,2,2,0,0,0,0,0,nba_boxscorematchupsv3
1,2024-25,Playoffs,NBA Finals,2025_okc_ind_api_20261005,0042400402,2,2025-06-08,1610612760,OKC,1627936,Alex Caruso,1610612754,IND,1641767,Ben Sheppard,36,1.7,10.77844,6.40569,13.900000000000002,0,2,0,0,0,0,0,1,0.0,0,1,0.0,0,0,0,0,0,0,0,nba_boxscorematchupsv3
1,2024-25,Playoffs,NBA Finals,2025_okc_ind_api_20261005,0042400402,2,2025-06-08,1610612760,OKC,1627936,Alex Caruso,1610612754,IND,1627783,Pascal Siakam,160,14.2,25.641029999999997,28.469749999999998,44.6,2,15,1,0,0,0,0,0,0.0,0,0,0.0,2,2,1,0,0,0,0,nba_boxscorematchupsv3
1,2024-25,Playoffs,NBA Finals,2025_okc_ind_api_20261005,0042400402,2,2025-06-08,1610612760,OKC,1627936,Alex Caruso,1610612754,IND,1630167,Obi Toppin,84,7.6,23.59551,14.94662,36.0,0,4,0,0,0,0,0,2,0.0,0,1,0.0,0,0,0,0,0,0,0,nba_boxscorematchupsv3
1,2024-25,Playoffs,NBA Finals,2025_okc_ind_api_20261005,0042400402,2,2025-06-08,1610612760,OKC,1627936,Alex Caruso,1610612754,IND,1626167,Myles Turner,27,2.5,4.61538,4.80427,9.5,2,2,0,0,0,0,1,2,50.0,0,1,0.0,0,0,0,0,0,0,0,nba_boxscorematchupsv3
1,2024-25,Playoffs,NBA Finals,2025_okc_ind_api_20261005,0042400402,2,2025-06-08,1610612760,OKC,1630198,Isaiah Joe,1610612754,IND,1642277,Johnny Furphy,11,0.9,9.90991,8.0292,10.0,0,0,0,0,1,0,0,0,0.0,0,0,0.0,0,0,0,0,0,0,0,nba_boxscorematchupsv3
1,2024-25,Playoffs,NBA Finals,2025_okc_ind_api_20261005,0042400402,2,2025-06-08,1610612760,OKC,1630198,Isaiah Joe,1610612754,IND,1630169,Tyrese Haliburton,34,2.7,4.68966,24.817520000000002,83.6,2,4,0,0,0,0,1,2,50.0,0,1,0.0,0,0,0,0,0,0,0,nba_boxscorematchupsv3
1,2024-25,Playoffs,NBA Finals,2025_okc_ind_api_20261005,0042400402,2,2025-06-08,1610612760,OKC,1630198,Isaiah Joe,1610612754,IND,201949,James Johnson,4,0.0,5.47945,2.91971,1.9,0,0,0,0,0,0,0,0,0.0,0,0,0.0,0,0,0,0,0,0,0,nba_boxscorematchupsv3
1,2024-25,Playoffs,NBA Finals,2025_okc_ind_api_20261005,0042400402,2,2025-06-08,1610612760,OKC,1630198,Isaiah Joe,1610612754,IND,204456,T.J. McConnell,49,3.5,13.03191,35.76642,37.6,0,5,0,0,0,0,0,0,0.0,0,0,0.0,0,0,0,0,0,0,0,nba_boxscorematchupsv3
1,2024-25,Playoffs,NBA Finals,2025_okc_ind_api_20261005,0042400402,2,2025-06-08,1610612760,OKC,1630198,Isaiah Joe,1610612754,IND,1629614,Andrew Nembhard,13,1.4,1.88953,9.48905,23.200000000000003,0,0,0,0,0,0,0,1,0.0,0,1,0.0,0,0,0,0,0,0,0,nba_boxscorematchupsv3
1,2024-25,Playoffs,NBA Finals,2025_okc_ind_api_20261005,0042400402,2,2025-06-08,1610612760,OKC,1630198,Isaiah Joe,1610612754,IND,1630174,Aaron Nesmith,1,0.1,0.19194,0.72993,1.6,0,0,0,0,0,0,0,0,0.0,0,0,0.0,0,0,0,0,0,0,0,nba_boxscorematchupsv3
1,2024-25,Playoffs,NBA Finals,2025_okc_ind_api_20261005,0042400402,2,2025-06-08,1610612760,OKC,1630198,Isaiah Joe,1610612754,IND,1641767,Ben Sheppard,25,1.8,7.485029999999999,18.24818,50.3,0,3,0,0,0,0,0,0,0.0,0,0,0.0,0,0,0,0,0,0,0,nba_boxscorematchupsv3
1,2024-25,Playoffs,NBA Finals,2025_okc_ind_api_20261005,0042400402,2,2025-06-08,1610612760,OKC,1630598,Aaron Wiggins,1610612754,IND,1628418,Thomas Bryant,5,1.4,2.0491800000000002,1.1389500000000001,7.1,0,0,0,0,0,0,0,0,0.0,0,0,0.0,0,0,0,0,0,0,0,nba_boxscorematchupsv3
1,2024-25,Playoffs,NBA Finals,2025_okc_ind_api_20261005,0042400402,2,2025-06-08,1610612760,OKC,1630598,Aaron Wiggins,1610612754,IND,1630169,Tyrese Haliburton,49,4.8,6.75862,11.16173,17.8,3,3,0,0,0,0,1,1,100.0,1,1,100.0,0,0,0,0,0,0,0,nba_boxscorematchupsv3
1,2024-25,Playoffs,NBA Finals,2025_okc_ind_api_20261005,0042400402,2,2025-06-08,1610612760,OKC,1630598,Aaron Wiggins,1610612754,IND,201949,James Johnson,2,0.1,2.7397299999999998,0.45558,6.4,1,1,0,0,0,0,0,0,0.0,0,0,0.0,1,2,1,0,0,0,0,nba_boxscorematchupsv3
1,2024-25,Playoffs,NBA Finals,2025_okc_ind_api_20261005,0042400402,2,2025-06-08,1610612760,OKC,1630598,Aaron Wiggins,1610612754,IND,1631097,Bennedict Mathurin,46,6.9,10.33708,10.47836,20.4,0,8,0,0,0,0,0,0,0.0,0,0,0.0,0,0,0,0,0,0,0,nba_boxscorematchupsv3
1,2024-25,Playoffs,NBA Finals,2025_okc_ind_api_20261005,0042400402,2,2025-06-08,1610612760,OKC,1630598,Aaron Wiggins,1610612754,IND,204456,T.J. McConnell,31,4.9,8.24468,7.0615,23.599999999999998,0,4,0,0,0,0,0,0,0.0,0,0,0.0,0,0,0,0,0,0,0,nba_boxscorematchupsv3
1,2024-25,Playoffs,NBA Finals,2025_okc_ind_api_20261005,0042400402,2,2025-06-08,1610612760,OKC,1630598,Aaron Wiggins,1610612754,IND,1629614,Andrew Nembhard,42,3.2,6.1046499999999995,9.5672,16.0,6,8,0,0,0,0,2,4,50.0,2,4,50.0,0,0,0,0,0,0,0,nba_boxscorematchupsv3
1,2024-25,Playoffs,NBA Finals,2025_okc_ind_api_20261005,0042400402,2,2025-06-08,1610612760,OKC,1630598,Aaron Wiggins,1610612754,IND,1630174,Aaron Nesmith,77,5.0,14.77927,17.539859999999997,42.4,0,2,0,0,0,0,0,1,0.0,0,1,0.0,0,0,0,0,0,0,0,nba_boxscorematchupsv3
1,2024-25,Playoffs,NBA Finals,2025_okc_ind_api_20261005,0042400402,2,2025-06-08,1610612760,OKC,1630598,Aaron Wiggins,1610612754,IND,1641767,Ben Sheppard,115,7.4,34.43114,26.195899999999998,42.199999999999996,0,4,1,0,1,1,0,1,0.0,0,0,0.0,0,0,0,0,0,0,0,nba_boxscorematchupsv3
1,2024-25,Playoffs,NBA Finals,2025_okc_ind_api_20261005,0042400402,2,2025-06-08,1610612760,OKC,1630598,Aaron Wiggins,1610612754,IND,1627783,Pascal Siakam,42,3.7,6.73077,9.5672,13.900000000000002,2,2,0,0,0,0,1,2,50.0,0,0,0.0,0,0,0,0,0,0,0,nba_boxscorematchupsv3
1,2024-25,Playoffs,NBA Finals,2025_okc_ind_api_20261005,0042400402,2,2025-06-08,1610612760,OKC,1630598,Aaron Wiggins,1610612754,IND,1630167,Obi Toppin,27,3.2,7.58427,6.15034,13.0,6,8,0,0,0,0,2,2,100.0,2,2,100.0,0,0,0,0,0,0,0,nba_boxscorematchupsv3
1,2024-25,Playoffs,NBA Finals,2025_okc_ind_api_20261005,0042400402,2,2025-06-08,1610612760,OKC,1630598,Aaron Wiggins,1610612754,IND,1626167,Myles Turner,3,0.5,0.51282,0.68337,2.5,0,0,0,0,0,0,0,0,0.0,0,0,0.0,0,0,0,0,0,0,0,nba_boxscorematchupsv3
1,2024-25,Playoffs,NBA Finals,2025_okc_ind_api_20261005,0042400402,2,2025-06-08,1610612760,OKC,1629026,Kenrich Williams,1610612754,IND,1628418,Thomas Bryant,1,0.2,0.40984000000000004,0.6134999999999999,6.3,0,0,0,0,0,1,0,1,0.0,0,0,0.0,0,0,0,0,0,0,0,nba_boxscorematchupsv3
1,2024-25,Playoffs,NBA Finals,2025_okc_ind_api_20261005,0042400402,2,2025-06-08,1610612760,OKC,1629026,Kenrich Williams,1610612754,IND,1630169,Tyrese Haliburton,25,2.8,3.44828,15.337419999999998,21.7,0,4,0,0,0,0,0,0,0.0,0,0,0.0,0,0,0,0,0,0,0,nba_boxscorematchupsv3
1,2024-25,Playoffs,NBA Finals,2025_okc_ind_api_20261005,0042400402,2,2025-06-08,1610612760,OKC,1629026,Kenrich Williams,1610612754,IND,201949,James Johnson,12,1.1,16.43836,7.361959999999999,57.8,0,0,0,0,0,0,0,0,0.0,0,0,0.0,0,0,0,0,0,0,0,nba_boxscorematchupsv3
1,2024-25,Playoffs,NBA Finals,2025_okc_ind_api_20261005,0042400402,2,2025-06-08,1610612760,OKC,1629026,Kenrich Williams,1610612754,IND,1631097,Bennedict Mathurin,9,1.8,2.02247,5.52147,9.0,0,0,0,0,0,0,0,0,0.0,0,0,0.0,0,0,0,0,0,0,0,nba_boxscorematchupsv3
1,2024-25,Playoffs,NBA Finals,2025_okc_ind_api_20261005,0042400402,2,2025-06-08,1610612760,OKC,1629026,Kenrich Williams,1610612754,IND,204456,T.J. McConnell,22,2.4,5.85106,13.496929999999999,33.2,0,3,0,0,0,0,0,0,0.0,0,0,0.0,0,0,0,0,0,0,0,nba_boxscorematchupsv3
1,2024-25,Playoffs,NBA Finals,2025_okc_ind_api_20261005,0042400402,2,2025-06-08,1610612760,OKC,1629026,Kenrich Williams,1610612754,IND,1629614,Andrew Nembhard,16,0.6,2.32558,9.815949999999999,16.2,0,0,0,0,0,0,0,0,0.0,0,0,0.0,0,0,0,0,0,0,0,nba_boxscorematchupsv3
1,2024-25,Playoffs,NBA Finals,2025_okc_ind_api_20261005,0042400402,2,2025-06-08,1610612760,OKC,1629026,Kenrich Williams,1610612754,IND,1630174,Aaron Nesmith,13,1.0,2.4951999999999996,7.975459999999999,10.100000000000001,0,0,0,0,0,0,0,0,0.0,0,0,0.0,0,0,0,0,0,0,0,nba_boxscorematchupsv3
1,2024-25,Playoffs,NBA Finals,2025_okc_ind_api_20261005,0042400402,2,2025-06-08,1610612760,OKC,1629026,Kenrich Williams,1610612754,IND,1641767,Ben Sheppard,11,0.8,3.29341,6.748469999999999,16.400000000000002,0,0,0,0,0,0,0,0,0.0,0,0,0.0,0,0,0,0,0,0,0,nba_boxscorematchupsv3
1,2024-25,Playoffs,NBA Finals,2025_okc_ind_api_20261005,0042400402,2,2025-06-08,1610612760,OKC,1629026,Kenrich Williams,1610612754,IND,1627783,Pascal Siakam,30,1.9,4.80769,18.40491,43.5,0,5,0,0,0,0,0,0,0.0,0,0,0.0,0,0,0,0,0,0,0,nba_boxscorematchupsv3
1,2024-25,Playoffs,NBA Finals,2025_okc_ind_api_20261005,0042400402,2,2025-06-08,1610612760,OKC,1629026,Kenrich Williams,1610612754,IND,1630167,Obi Toppin,22,3.5,6.17978,13.496929999999999,26.5,0,4,1,0,0,0,0,0,0.0,0,0,0.0,0,0,0,0,0,0,0,nba_boxscorematchupsv3
1,2024-25,Playoffs,NBA Finals,2025_okc_ind_api_20261005,0042400402,2,2025-06-08,1610612760,OKC,1629026,Kenrich Williams,1610612754,IND,1626167,Myles Turner,2,0.2,0.34188,1.22699,4.8,0,0,0,0,0,0,0,0,0.0,0,0,0.0,0,0,0,0,0,0,0,nba_boxscorematchupsv3
1,2024-25,Playoffs,NBA Finals,2025_okc_ind_api_20261005,0042400402,2,2025-06-08,1610612760,OKC,1642349,Ajay Mitchell,1610612754,IND,1642277,Johnny Furphy,32,2.1,28.82883,43.24324,44.7,0,3,1,0,0,0,0,0,0.0,0,0,0.0,0,0,0,0,0,0,0,nba_boxscorematchupsv3
1,2024-25,Playoffs,NBA Finals,2025_okc_ind_api_20261005,0042400402,2,2025-06-08,1610612760,OKC,1642349,Ajay Mitchell,1610612754,IND,201949,James Johnson,2,0.1,2.7397299999999998,2.7027,3.0,2,2,0,0,0,0,0,0,0.0,0,0,0.0,2,2,0,0,0,0,0,nba_boxscorematchupsv3
1,2024-25,Playoffs,NBA Finals,2025_okc_ind_api_20261005,0042400402,2,2025-06-08,1610612760,OKC,1642349,Ajay Mitchell,1610612754,IND,204456,T.J. McConnell,38,2.7,10.10638,51.35135,49.0,0,0,0,0,0,0,0,0,0.0,0,0,0.0,0,0,0,0,0,0,0,nba_boxscorematchupsv3
1,2024-25,Playoffs,NBA Finals,2025_okc_ind_api_20261005,0042400402,2,2025-06-08,1610612760,OKC,1642349,Ajay Mitchell,1610612754,IND,1641767,Ben Sheppard,2,0.1,0.5988,2.7027,2.4,0,0,0,0,0,0,0,0,0.0,0,0,0.0,0,0,0,0,0,0,0,nba_boxscorematchupsv3
1,2024-25,Playoffs,NBA Finals,2025_okc_ind_api_20261005,0042400402,2,2025-06-08,1610612760,OKC,1631119,Jaylin Williams,1610612754,IND,1642277,Johnny Furphy,3,0.1,2.7027,5.26316,4.1000000000000005,0,0,0,0,0,0,0,0,0.0,0,0,0.0,0,0,0,0,0,0,0,nba_boxscorematchupsv3
1,2024-25,Playoffs,NBA Finals,2025_okc_ind_api_20261005,0042400402,2,2025-06-08,1610612760,OKC,1631119,Jaylin Williams,1610612754,IND,201949,James Johnson,47,2.8,64.38355999999999,82.45614,78.60000000000001,3,3,0,0,1,0,1,1,100.0,1,1,100.0,0,0,0,0,0,0,0,nba_boxscorematchupsv3
1,2024-25,Playoffs,NBA Finals,2025_okc_ind_api_20261005,0042400402,2,2025-06-08,1610612760,OKC,1631119,Jaylin Williams,1610612754,IND,204456,T.J. McConnell,2,0.2,0.53191,3.50877,3.4000000000000004,0,0,0,0,0,0,0,0,0.0,0,0,0.0,0,0,0,0,0,0,0,nba_boxscorematchupsv3
1,2024-25,Playoffs,NBA Finals,2025_okc_ind_api_20261005,0042400402,2,2025-06-08,1610612760,OKC,1631119,Jaylin Williams,1610612754,IND,1641767,Ben Sheppard,5,0.9,1.49701,8.77193,10.299999999999999,0,0,0,0,0,0,0,0,0.0,0,0,0.0,0,0,0,0,0,0,0,nba_boxscorematchupsv3
1,2024-25,Playoffs,NBA Finals,2025_okc_ind_api_20261005,0042400402,2,2025-06-08,1610612760,OKC,1631172,Ousmane Dieng,1610612754,IND,1642277,Johnny Furphy,6,0.1,5.40541,12.2449,2.0,0,0,0,0,0,0,0,0,0.0,0,0,0.0,0,0,0,0,0,0,0,nba_boxscorematchupsv3
1,2024-25,Playoffs,NBA Finals,2025_okc_ind_api_20261005,0042400402,2,2025-06-08,1610612760,OKC,1631172,Ousmane Dieng,1610612754,IND,201949,James Johnson,5,0.9,6.8493200000000005,10.20408,13.4,0,0,0,0,0,0,0,0,0.0,0,0,0.0,0,0,0,0,0,0,0,nba_boxscorematchupsv3
1,2024-25,Playoffs,NBA Finals,2025_okc_ind_api_20261005,0042400402,2,2025-06-08,1610612760,OKC,1631172,Ousmane Dieng,1610612754,IND,1631097,Bennedict Mathurin,29,2.0,6.516850000000001,59.18367,85.1,0,3,0,0,0,0,0,0,0.0,0,0,0.0,0,0,0,0,0,0,0,nba_boxscorematchupsv3
1,2024-25,Playoffs,NBA Finals,2025_okc_ind_api_20261005,0042400402,2,2025-06-08,1610612760,OKC,1631172,Ousmane Dieng,1610612754,IND,1641767,Ben Sheppard,9,0.0,2.69461,18.36735,0.0,0,0,0,0,0,0,0,0,0.0,0,0,0.0,0,0,0,0,0,0,0,nba_boxscorematchupsv3
1,2024-25,Playoffs,NBA Finals,2025_okc_ind_api_20261005,0042400402,2,2025-06-08,1610612760,OKC,1641794,Dillon Jones,1610612754,IND,1642277,Johnny Furphy,8,0.8,7.20721,16.66667,31.1,0,0,0,0,0,0,0,0,0.0,0,0,0.0,0,0,0,0,0,0,0,nba_boxscorematchupsv3
1,2024-25,Playoffs,NBA Finals,2025_okc_ind_api_20261005,0042400402,2,2025-06-08,1610612760,OKC,1641794,Dillon Jones,1610612754,IND,201949,James Johnson,1,0.1,1.36986,2.08333,2.4,0,0,0,0,0,0,0,0,0.0,0,0,0.0,0,0,0,0,0,0,0,nba_boxscorematchupsv3
1,2024-25,Playoffs,NBA Finals,2025_okc_ind_api_20261005,0042400402,2,2025-06-08,1610612760,OKC,1641794,Dillon Jones,1610612754,IND,1631097,Bennedict Mathurin,20,1.0,4.49438,41.66667,14.899999999999999,0,0,0,0,0,0,0,0,0.0,0,0,0.0,0,0,0,0,0,0,0,nba_boxscorematchupsv3
1,2024-25,Playoffs,NBA Finals,2025_okc_ind_api_20261005,0042400402,2,2025-06-08,1610612760,OKC,1641794,Dillon Jones,1610612754,IND,204456,T.J. McConnell,6,0.2,1.59574,12.5,13.0,0,3,0,0,0,0,0,0,0.0,0,0,0.0,0,0,0,0,0,0,0,nba_boxscorematchupsv3
1,2024-25,Playoffs,NBA Finals,2025_okc_ind_api_20261005,0042400402,2,2025-06-08,1610612760,OKC,1641794,Dillon Jones,1610612754,IND,1641767,Ben Sheppard,13,0.9,3.8922199999999996,27.08333,36.8,0,0,0,0,0,0,0,0,0.0,0,0,0.0,0,0,0,0,0,0,0,nba_boxscorematchupsv3
1,2024-25,Playoffs,NBA Finals,2025_okc_ind_api_20261005,0042400402,2,2025-06-08,1610612754,IND,1630174,Aaron Nesmith,1610612760,OKC,1627936,Alex Caruso,63,4.6,10.413219999999999,10.26059,20.200000000000003,3,5,0,0,0,0,1,1,100.0,1,1,100.0,0,0,0,0,0,0,0,nba_boxscorematchupsv3
1,2024-25,Playoffs,NBA Finals,2025_okc_ind_api_20261005,0042400402,2,2025-06-08,1610612754,IND,1630174,Aaron Nesmith,1610612760,OKC,1629652,Luguentz Dort,84,6.2,13.90728,13.68078,19.8,0,2,0,0,0,0,0,2,0.0,0,1,0.0,0,0,0,0,0,0,0,nba_boxscorematchupsv3
1,2024-25,Playoffs,NBA Finals,2025_okc_ind_api_20261005,0042400402,2,2025-06-08,1610612754,IND,1630174,Aaron Nesmith,1610612760,OKC,1628983,Shai Gilgeous-Alexander,211,13.0,24.421300000000002,34.36482,33.1,0,14,0,0,0,1,0,1,0.0,0,0,0.0,0,0,0,0,0,0,0,nba_boxscorematchupsv3
1,2024-25,Playoffs,NBA Finals,2025_okc_ind_api_20261005,0042400402,2,2025-06-08,1610612754,IND,1630174,Aaron Nesmith,1610612760,OKC,1628392,Isaiah Hartenstein,44,3.4,9.62801,7.166119999999999,20.0,3,3,0,0,0,0,1,2,50.0,1,2,50.0,0,0,0,0,0,0,0,nba_boxscorematchupsv3
1,2024-25,Playoffs,NBA Finals,2025_okc_ind_api_20261005,0042400402,2,2025-06-08,1610612754,IND,1630174,Aaron Nesmith,1610612760,OKC,1631096,Chet Holmgren,17,3.8,2.4853799999999997,2.76873,5.8999999999999995,2,2,0,0,0,0,1,1,100.0,0,0,0.0,0,0,0,0,0,0,0,nba_boxscorematchupsv3
1,2024-25,Playoffs,NBA Finals,2025_okc_ind_api_20261005,0042400402,2,2025-06-08,1610612754,IND,1630174,Aaron Nesmith,1610612760,OKC,1630198,Isaiah Joe,13,1.2,8.90411,2.11726,18.099999999999998,0,3,0,0,0,0,0,0,0.0,0,0,0.0,0,0,0,0,0,0,0,nba_boxscorematchupsv3
1,2024-25,Playoffs,NBA Finals,2025_okc_ind_api_20261005,0042400402,2,2025-06-08,1610612754,IND,1630174,Aaron Nesmith,1610612760,OKC,1641717,Cason Wallace,50,3.1,9.2081,8.14332,14.399999999999999,3,3,0,0,0,1,1,3,33.300000000000004,1,2,50.0,0,0,0,0,0,0,0,nba_boxscorematchupsv3
1,2024-25,Playoffs,NBA Finals,2025_okc_ind_api_20261005,0042400402,2,2025-06-08,1610612754,IND,1630174,Aaron Nesmith,1610612760,OKC,1630598,Aaron Wiggins,15,2.1,3.3556999999999997,2.443,11.799999999999999,3,5,0,0,0,0,1,1,100.0,1,1,100.0,0,0,0,0,0,0,0,nba_boxscorematchupsv3
1,2024-25,Playoffs,NBA Finals,2025_okc_ind_api_20261005,0042400402,2,2025-06-08,1610612754,IND,1630174,Aaron Nesmith,1610612760,OKC,1631114,Jalen Williams,100,9.5,12.422360000000001,16.28664,27.0,0,5,0,0,0,0,0,1,0.0,0,1,0.0,0,0,0,0,0,0,0,nba_boxscorematchupsv3
1,2024-25,Playoffs,NBA Finals,2025_okc_ind_api_20261005,0042400402,2,2025-06-08,1610612754,IND,1630174,Aaron Nesmith,1610612760,OKC,1629026,Kenrich Williams,17,1.2,10.42945,2.76873,11.5,0,0,0,0,0,0,0,0,0.0,0,0,0.0,0,0,0,0,0,0,0,nba_boxscorematchupsv3
1,2024-25,Playoffs,NBA Finals,2025_okc_ind_api_20261005,0042400402,2,2025-06-08,1610612754,IND,1627783,Pascal Siakam,1610612760,OKC,1627936,Alex Caruso,87,8.1,14.38017,12.28814,25.4,6,6,0,0,0,0,1,2,50.0,0,1,0.0,4,4,1,0,0,0,0,nba_boxscorematchupsv3
1,2024-25,Playoffs,NBA Finals,2025_okc_ind_api_20261005,0042400402,2,2025-06-08,1610612754,IND,1627783,Pascal Siakam,1610612760,OKC,1629652,Luguentz Dort,38,5.1,6.29139,5.36723,13.3,0,3,0,0,0,0,0,0,0.0,0,0,0.0,0,0,0,0,0,0,0,nba_boxscorematchupsv3
1,2024-25,Playoffs,NBA Finals,2025_okc_ind_api_20261005,0042400402,2,2025-06-08,1610612754,IND,1627783,Pascal Siakam,1610612760,OKC,1628983,Shai Gilgeous-Alexander,110,6.7,12.731480000000001,15.53672,18.2,0,7,1,0,0,0,0,1,0.0,0,0,0.0,0,0,0,0,0,0,0,nba_boxscorematchupsv3
1,2024-25,Playoffs,NBA Finals,2025_okc_ind_api_20261005,0042400402,2,2025-06-08,1610612754,IND,1627783,Pascal Siakam,1610612760,OKC,1628392,Isaiah Hartenstein,14,1.0,3.06346,1.9774,3.8,0,0,0,0,0,0,0,1,0.0,0,1,0.0,0,0,0,0,0,0,0,nba_boxscorematchupsv3
1,2024-25,Playoffs,NBA Finals,2025_okc_ind_api_20261005,0042400402,2,2025-06-08,1610612754,IND,1627783,Pascal Siakam,1610612760,OKC,1631096,Chet Holmgren,47,2.9,6.87135,6.63842,12.1,2,4,1,0,1,0,1,3,33.300000000000004,0,0,0.0,0,0,0,0,0,0,0,nba_boxscorematchupsv3
1,2024-25,Playoffs,NBA Finals,2025_okc_ind_api_20261005,0042400402,2,2025-06-08,1610612754,IND,1627783,Pascal Siakam,1610612760,OKC,1630198,Isaiah Joe,21,1.5,14.383560000000001,2.9661,34.1,0,0,0,0,0,0,0,0,0.0,0,0,0.0,0,0,0,0,0,0,0,nba_boxscorematchupsv3
1,2024-25,Playoffs,NBA Finals,2025_okc_ind_api_20261005,0042400402,2,2025-06-08,1610612754,IND,1627783,Pascal Siakam,1610612760,OKC,1641717,Cason Wallace,70,4.9,12.891340000000001,9.88701,14.2,4,4,0,0,0,0,1,2,50.0,1,1,100.0,1,2,1,0,0,0,0,nba_boxscorematchupsv3
1,2024-25,Playoffs,NBA Finals,2025_okc_ind_api_20261005,0042400402,2,2025-06-08,1610612754,IND,1627783,Pascal Siakam,1610612760,OKC,1630598,Aaron Wiggins,36,2.6,8.05369,5.08475,12.5,0,5,0,0,0,0,0,0,0.0,0,0,0.0,0,0,0,0,0,0,0,nba_boxscorematchupsv3
1,2024-25,Playoffs,NBA Finals,2025_okc_ind_api_20261005,0042400402,2,2025-06-08,1610612754,IND,1627783,Pascal Siakam,1610612760,OKC,1631114,Jalen Williams,259,18.3,32.17391,36.581920000000004,42.5,3,26,1,0,0,0,0,2,0.0,0,1,0.0,3,3,2,0,0,0,0,nba_boxscorematchupsv3
1,2024-25,Playoffs,NBA Finals,2025_okc_ind_api_20261005,0042400402,2,2025-06-08,1610612754,IND,1627783,Pascal Siakam,1610612760,OKC,1629026,Kenrich Williams,26,3.5,15.950919999999998,3.6723199999999996,44.9,0,2,0,0,0,0,0,0,0.0,0,0,0.0,0,0,0,0,0,0,0,nba_boxscorematchupsv3
1,2024-25,Playoffs,NBA Finals,2025_okc_ind_api_20261005,0042400402,2,2025-06-08,1610612754,IND,1626167,Myles Turner,1610612760,OKC,1627936,Alex Caruso,14,0.8,2.31405,2.25443,4.2,0,0,0,0,0,0,0,0,0.0,0,0,0.0,0,0,0,0,0,0,0,nba_boxscorematchupsv3
1,2024-25,Playoffs,NBA Finals,2025_okc_ind_api_20261005,0042400402,2,2025-06-08,1610612754,IND,1626167,Myles Turner,1610612760,OKC,1629652,Luguentz Dort,33,2.3,5.463579999999999,5.314010000000001,7.199999999999999,0,6,0,0,1,0,0,0,0.0,0,0,0.0,0,0,0,0,0,0,0,nba_boxscorematchupsv3
1,2024-25,Playoffs,NBA Finals,2025_okc_ind_api_20261005,0042400402,2,2025-06-08,1610612754,IND,1626167,Myles Turner,1610612760,OKC,1628983,Shai Gilgeous-Alexander,23,3.0,2.6620399999999997,3.7037,6.1,0,0,0,0,0,0,0,0,0.0,0,0,0.0,0,0,0,0,0,0,0,nba_boxscorematchupsv3
1,2024-25,Playoffs,NBA Finals,2025_okc_ind_api_20261005,0042400402,2,2025-06-08,1610612754,IND,1626167,Myles Turner,1610612760,OKC,1628392,Isaiah Hartenstein,244,19.1,53.391679999999994,39.291470000000004,79.7,4,16,2,0,2,0,2,5,40.0,0,2,0.0,0,0,0,0,0,0,0,nba_boxscorematchupsv3
1,2024-25,Playoffs,NBA Finals,2025_okc_ind_api_20261005,0042400402,2,2025-06-08,1610612754,IND,1626167,Myles Turner,1610612760,OKC,1631096,Chet Holmgren,239,17.4,34.94152,38.48631,72.2,8,21,2,0,0,0,2,5,40.0,1,3,33.300000000000004,3,4,2,0,0,0,0,nba_boxscorematchupsv3
1,2024-25,Playoffs,NBA Finals,2025_okc_ind_api_20261005,0042400402,2,2025-06-08,1610612754,IND,1626167,Myles Turner,1610612760,OKC,1641717,Cason Wallace,28,2.4,5.15654,4.50886,7.9,2,2,0,0,0,0,1,1,100.0,0,0,0.0,0,0,0,0,0,0,0,nba_boxscorematchupsv3
1,2024-25,Playoffs,NBA Finals,2025_okc_ind_api_20261005,0042400402,2,2025-06-08,1610612754,IND,1626167,Myles Turner,1610612760,OKC,1630598,Aaron Wiggins,8,1.4,1.78971,1.28824,4.7,0,0,0,0,0,0,0,0,0.0,0,0,0.0,0,0,0,0,0,0,0,nba_boxscorematchupsv3
1,2024-25,Playoffs,NBA Finals,2025_okc_ind_api_20261005,0042400402,2,2025-06-08,1610612754,IND,1626167,Myles Turner,1610612760,OKC,1631114,Jalen Williams,32,2.0,3.97516,5.15298,5.8999999999999995,0,0,0,0,0,0,0,0,0.0,0,0,0.0,0,0,0,0,0,0,0,nba_boxscorematchupsv3
1,2024-25,Playoffs,NBA Finals,2025_okc_ind_api_20261005,0042400402,2,2025-06-08,1610612754,IND,1629614,Andrew Nembhard,1610612760,OKC,1627936,Alex Caruso,148,12.5,24.462809999999998,20.1087,38.9,0,12,0,0,0,0,0,3,0.0,0,3,0.0,0,0,0,0,0,0,0,nba_boxscorematchupsv3
1,2024-25,Playoffs,NBA Finals,2025_okc_ind_api_20261005,0042400402,2,2025-06-08,1610612754,IND,1629614,Andrew Nembhard,1610612760,OKC,1629652,Luguentz Dort,71,4.8,11.75497,9.64674,13.100000000000001,4,8,0,0,0,0,2,2,100.0,0,0,0.0,0,0,0,0,0,0,0,nba_boxscorematchupsv3
1,2024-25,Playoffs,NBA Finals,2025_okc_ind_api_20261005,0042400402,2,2025-06-08,1610612754,IND,1629614,Andrew Nembhard,1610612760,OKC,1628983,Shai Gilgeous-Alexander,147,12.8,17.01389,19.97283,29.299999999999997,0,3,0,0,1,0,0,0,0.0,0,0,0.0,0,0,0,0,0,0,0,nba_boxscorematchupsv3
1,2024-25,Playoffs,NBA Finals,2025_okc_ind_api_20261005,0042400402,2,2025-06-08,1610612754,IND,1629614,Andrew Nembhard,1610612760,OKC,1628392,Isaiah Hartenstein,9,0.9,1.96937,1.2228299999999999,2.4,0,2,2,0,0,0,0,0,0.0,0,0,0.0,0,0,0,0,0,0,0,nba_boxscorematchupsv3
1,2024-25,Playoffs,NBA Finals,2025_okc_ind_api_20261005,0042400402,2,2025-06-08,1610612754,IND,1629614,Andrew Nembhard,1610612760,OKC,1631096,Chet Holmgren,27,1.1,3.9473700000000003,3.6684799999999997,6.6000000000000005,3,3,1,0,0,0,1,1,100.0,1,1,100.0,0,0,0,0,0,0,0,nba_boxscorematchupsv3
1,2024-25,Playoffs,NBA Finals,2025_okc_ind_api_20261005,0042400402,2,2025-06-08,1610612754,IND,1629614,Andrew Nembhard,1610612760,OKC,1630198,Isaiah Joe,2,0.1,1.36986,0.27174,6.7,0,0,0,0,0,0,0,0,0.0,0,0,0.0,0,0,0,0,0,0,0,nba_boxscorematchupsv3
1,2024-25,Playoffs,NBA Finals,2025_okc_ind_api_20261005,0042400402,2,2025-06-08,1610612754,IND,1629614,Andrew Nembhard,1610612760,OKC,1641717,Cason Wallace,205,11.3,37.75322,27.853260000000002,37.3,4,11,1,0,0,0,1,2,50.0,0,0,0.0,2,4,2,0,0,0,0,nba_boxscorematchupsv3
1,2024-25,Playoffs,NBA Finals,2025_okc_ind_api_20261005,0042400402,2,2025-06-08,1610612754,IND,1629614,Andrew Nembhard,1610612760,OKC,1630598,Aaron Wiggins,65,4.5,14.541390000000002,8.83152,24.4,0,0,0,0,0,0,0,0,0.0,0,0,0.0,0,0,0,0,0,0,0,nba_boxscorematchupsv3
1,2024-25,Playoffs,NBA Finals,2025_okc_ind_api_20261005,0042400402,2,2025-06-08,1610612754,IND,1629614,Andrew Nembhard,1610612760,OKC,1631114,Jalen Williams,50,4.0,6.211180000000001,6.793480000000001,7.1,0,3,0,0,0,0,0,0,0.0,0,0,0.0,0,0,0,0,0,0,0,nba_boxscorematchupsv3
1,2024-25,Playoffs,NBA Finals,2025_okc_ind_api_20261005,0042400402,2,2025-06-08,1610612754,IND,1629614,Andrew Nembhard,1610612760,OKC,1629026,Kenrich Williams,12,1.5,7.361959999999999,1.63043,18.9,0,0,0,0,0,0,0,0,0.0,0,0,0.0,0,0,0,0,0,0,0,nba_boxscorematchupsv3
1,2024-25,Playoffs,NBA Finals,2025_okc_ind_api_20261005,0042400402,2,2025-06-08,1610612754,IND,1630169,Tyrese Haliburton,1610612760,OKC,1627936,Alex Caruso,105,5.6,17.35537,13.19095,25.7,0,4,1,0,0,0,0,1,0.0,0,1,0.0,0,0,0,0,0,0,0,nba_boxscorematchupsv3
1,2024-25,Playoffs,NBA Finals,2025_okc_ind_api_20261005,0042400402,2,2025-06-08,1610612754,IND,1630169,Tyrese Haliburton,1610612760,OKC,1629652,Luguentz Dort,270,21.3,44.70199,33.9196,46.800000000000004,2,17,2,0,1,0,1,3,33.300000000000004,0,2,0.0,0,0,0,0,0,0,0,nba_boxscorematchupsv3
1,2024-25,Playoffs,NBA Finals,2025_okc_ind_api_20261005,0042400402,2,2025-06-08,1610612754,IND,1630169,Tyrese Haliburton,1610612760,OKC,1628983,Shai Gilgeous-Alexander,89,7.5,10.30093,11.180900000000001,11.600000000000001,8,16,0,0,0,0,3,4,75.0,2,3,66.7,0,0,0,0,0,0,0,nba_boxscorematchupsv3
1,2024-25,Playoffs,NBA Finals,2025_okc_ind_api_20261005,0042400402,2,2025-06-08,1610612754,IND,1630169,Tyrese Haliburton,1610612760,OKC,1628392,Isaiah Hartenstein,30,1.6,6.56455,3.7688399999999995,7.9,0,0,1,0,0,0,0,0,0.0,0,0,0.0,0,0,0,0,0,0,0,nba_boxscorematchupsv3
1,2024-25,Playoffs,NBA Finals,2025_okc_ind_api_20261005,0042400402,2,2025-06-08,1610612754,IND,1630169,Tyrese Haliburton,1610612760,OKC,1631096,Chet Holmgren,29,1.7,4.23977,3.64322,6.3,0,0,0,0,0,0,0,0,0.0,0,0,0.0,0,0,0,0,0,0,0,nba_boxscorematchupsv3
1,2024-25,Playoffs,NBA Finals,2025_okc_ind_api_20261005,0042400402,2,2025-06-08,1610612754,IND,1630169,Tyrese Haliburton,1610612760,OKC,1630198,Isaiah Joe,11,1.1,7.534250000000001,1.38191,26.0,0,0,0,0,0,0,0,1,0.0,0,0,0.0,0,0,0,0,0,0,0,nba_boxscorematchupsv3
1,2024-25,Playoffs,NBA Finals,2025_okc_ind_api_20261005,0042400402,2,2025-06-08,1610612754,IND,1630169,Tyrese Haliburton,1610612760,OKC,1641717,Cason Wallace,82,6.6,15.10129,10.30151,22.900000000000002,2,8,0,0,1,0,1,1,100.0,0,0,0.0,0,0,0,0,0,0,0,nba_boxscorematchupsv3
1,2024-25,Playoffs,NBA Finals,2025_okc_ind_api_20261005,0042400402,2,2025-06-08,1610612754,IND,1630169,Tyrese Haliburton,1610612760,OKC,1630598,Aaron Wiggins,32,2.9,7.15884,4.0201,14.2,2,2,0,0,0,0,1,1,100.0,0,0,0.0,0,0,0,0,0,0,0,nba_boxscorematchupsv3
1,2024-25,Playoffs,NBA Finals,2025_okc_ind_api_20261005,0042400402,2,2025-06-08,1610612754,IND,1630169,Tyrese Haliburton,1610612760,OKC,1631114,Jalen Williams,145,12.1,18.012420000000002,18.21608,21.9,3,11,1,0,1,0,1,2,50.0,1,2,50.0,0,0,0,0,0,0,0,nba_boxscorematchupsv3
1,2024-25,Playoffs,NBA Finals,2025_okc_ind_api_20261005,0042400402,2,2025-06-08,1610612754,IND,1630169,Tyrese Haliburton,1610612760,OKC,1629026,Kenrich Williams,3,0.0,1.8404899999999997,0.37688,2.3,0,0,0,0,0,0,0,0,0.0,0,0,0.0,0,0,0,0,0,0,0,nba_boxscorematchupsv3
1,2024-25,Playoffs,NBA Finals,2025_okc_ind_api_20261005,0042400402,2,2025-06-08,1610612754,IND,1631097,Bennedict Mathurin,1610612760,OKC,1627936,Alex Caruso,26,1.0,4.29752,5.01931,8.0,2,5,0,0,0,0,1,1,100.0,0,0,0.0,0,0,0,0,0,0,0,nba_boxscorematchupsv3
1,2024-25,Playoffs,NBA Finals,2025_okc_ind_api_20261005,0042400402,2,2025-06-08,1610612754,IND,1631097,Bennedict Mathurin,1610612760,OKC,1631172,Ousmane Dieng,29,2.7,72.5,5.59846,70.89999999999999,0,5,0,0,0,0,0,0,0.0,0,0,0.0,0,0,0,0,0,0,0,nba_boxscorematchupsv3
1,2024-25,Playoffs,NBA Finals,2025_okc_ind_api_20261005,0042400402,2,2025-06-08,1610612754,IND,1631097,Bennedict Mathurin,1610612760,OKC,1629652,Luguentz Dort,55,7.0,9.10596,10.61776,25.900000000000002,2,9,0,0,0,0,0,0,0.0,0,0,0.0,2,2,1,0,0,0,0,nba_boxscorematchupsv3
1,2024-25,Playoffs,NBA Finals,2025_okc_ind_api_20261005,0042400402,2,2025-06-08,1610612754,IND,1631097,Bennedict Mathurin,1610612760,OKC,1628983,Shai Gilgeous-Alexander,50,4.4,5.78704,9.65251,15.5,3,8,0,0,0,0,1,1,100.0,1,1,100.0,0,0,0,0,0,0,0,nba_boxscorematchupsv3
1,2024-25,Playoffs,NBA Finals,2025_okc_ind_api_20261005,0042400402,2,2025-06-08,1610612754,IND,1631097,Bennedict Mathurin,1610612760,OKC,1628392,Isaiah Hartenstein,18,1.8,3.93873,3.4749000000000003,10.2,0,3,0,0,0,0,0,0,0.0,0,0,0.0,0,0,0,0,0,0,0,nba_boxscorematchupsv3
1,2024-25,Playoffs,NBA Finals,2025_okc_ind_api_20261005,0042400402,2,2025-06-08,1610612754,IND,1631097,Bennedict Mathurin,1610612760,OKC,1631096,Chet Holmgren,48,3.8,7.01754,9.26641,15.7,2,2,0,0,0,0,1,2,50.0,0,0,0.0,0,0,0,0,0,0,0,nba_boxscorematchupsv3
1,2024-25,Playoffs,NBA Finals,2025_okc_ind_api_20261005,0042400402,2,2025-06-08,1610612754,IND,1631097,Bennedict Mathurin,1610612760,OKC,1630198,Isaiah Joe,2,0.5,1.36986,0.3861,7.6,0,0,0,0,0,0,0,0,0.0,0,0,0.0,0,0,0,0,0,0,0,nba_boxscorematchupsv3
1,2024-25,Playoffs,NBA Finals,2025_okc_ind_api_20261005,0042400402,2,2025-06-08,1610612754,IND,1631097,Bennedict Mathurin,1610612760,OKC,1641794,Dillon Jones,12,1.1,30.0,2.3165999999999998,27.900000000000002,0,2,0,0,0,0,0,1,0.0,0,1,0.0,0,0,0,0,0,0,0,nba_boxscorematchupsv3
1,2024-25,Playoffs,NBA Finals,2025_okc_ind_api_20261005,0042400402,2,2025-06-08,1610612754,IND,1631097,Bennedict Mathurin,1610612760,OKC,1641717,Cason Wallace,13,1.1,2.39411,2.50965,6.1,2,2,0,0,0,0,1,1,100.0,0,0,0.0,0,0,0,0,0,0,0,nba_boxscorematchupsv3
1,2024-25,Playoffs,NBA Finals,2025_okc_ind_api_20261005,0042400402,2,2025-06-08,1610612754,IND,1631097,Bennedict Mathurin,1610612760,OKC,1630598,Aaron Wiggins,112,6.7,25.05593,21.62162,34.9,1,5,0,0,0,0,0,1,0.0,0,0,0.0,1,2,1,0,0,0,0,nba_boxscorematchupsv3
1,2024-25,Playoffs,NBA Finals,2025_okc_ind_api_20261005,0042400402,2,2025-06-08,1610612754,IND,1631097,Bennedict Mathurin,1610612760,OKC,1631114,Jalen Williams,122,9.2,15.15528,23.552120000000002,36.1,2,8,0,0,1,0,0,0,0.0,0,0,0.0,2,3,1,0,0,0,0,nba_boxscorematchupsv3
1,2024-25,Playoffs,NBA Finals,2025_okc_ind_api_20261005,0042400402,2,2025-06-08,1610612754,IND,1631097,Bennedict Mathurin,1610612760,OKC,1631119,Jaylin Williams,3,0.1,6.81818,0.5791499999999999,4.0,0,3,1,0,0,0,0,0,0.0,0,0,0.0,0,0,0,0,0,0,0,nba_boxscorematchupsv3
1,2024-25,Playoffs,NBA Finals,2025_okc_ind_api_20261005,0042400402,2,2025-06-08,1610612754,IND,1631097,Bennedict Mathurin,1610612760,OKC,1629026,Kenrich Williams,28,2.7,17.17791,5.40541,22.5,0,0,0,0,0,0,0,0,0.0,0,0,0.0,0,0,0,0,0,0,0,nba_boxscorematchupsv3
1,2024-25,Playoffs,NBA Finals,2025_okc_ind_api_20261005,0042400402,2,2025-06-08,1610612754,IND,1630167,Obi Toppin,1610612760,OKC,1627936,Alex Caruso,48,4.6,7.93388,10.02088,17.1,0,8,0,0,0,0,0,0,0.0,0,0,0.0,0,0,0,0,0,0,0,nba_boxscorematchupsv3
1,2024-25,Playoffs,NBA Finals,2025_okc_ind_api_20261005,0042400402,2,2025-06-08,1610612754,IND,1630167,Obi Toppin,1610612760,OKC,1629652,Luguentz Dort,23,1.8,3.8079500000000004,4.8016700000000005,9.4,0,0,0,0,1,0,0,1,0.0,0,1,0.0,0,0,0,0,0,0,0,nba_boxscorematchupsv3
1,2024-25,Playoffs,NBA Finals,2025_okc_ind_api_20261005,0042400402,2,2025-06-08,1610612754,IND,1630167,Obi Toppin,1610612760,OKC,1628983,Shai Gilgeous-Alexander,166,10.3,19.212960000000002,34.65553,35.5,0,12,0,0,0,0,0,0,0.0,0,0,0.0,0,0,0,0,0,0,0,nba_boxscorematchupsv3
1,2024-25,Playoffs,NBA Finals,2025_okc_ind_api_20261005,0042400402,2,2025-06-08,1610612754,IND,1630167,Obi Toppin,1610612760,OKC,1628392,Isaiah Hartenstein,23,1.6,5.03282,4.8016700000000005,12.4,0,0,0,0,0,0,0,2,0.0,0,1,0.0,0,0,0,0,0,0,0,nba_boxscorematchupsv3
1,2024-25,Playoffs,NBA Finals,2025_okc_ind_api_20261005,0042400402,2,2025-06-08,1610612754,IND,1630167,Obi Toppin,1610612760,OKC,1631096,Chet Holmgren,92,6.0,13.45029,19.206680000000002,26.200000000000003,3,6,2,0,0,1,1,2,50.0,1,1,100.0,0,0,0,0,0,0,0,nba_boxscorematchupsv3
1,2024-25,Playoffs,NBA Finals,2025_okc_ind_api_20261005,0042400402,2,2025-06-08,1610612754,IND,1630167,Obi Toppin,1610612760,OKC,1630198,Isaiah Joe,1,0.1,0.68493,0.20877,2.8000000000000003,0,0,0,0,0,0,0,0,0.0,0,0,0.0,0,0,0,0,0,0,0,nba_boxscorematchupsv3
1,2024-25,Playoffs,NBA Finals,2025_okc_ind_api_20261005,0042400402,2,2025-06-08,1610612754,IND,1630167,Obi Toppin,1610612760,OKC,1641717,Cason Wallace,2,0.8,0.36832000000000004,0.41754,2.6,0,0,0,0,0,0,0,0,0.0,0,0,0.0,0,0,0,0,0,0,0,nba_boxscorematchupsv3
1,2024-25,Playoffs,NBA Finals,2025_okc_ind_api_20261005,0042400402,2,2025-06-08,1610612754,IND,1630167,Obi Toppin,1610612760,OKC,1630598,Aaron Wiggins,53,3.5,11.856819999999999,11.06472,21.2,0,0,0,0,0,0,0,2,0.0,0,1,0.0,0,0,0,0,0,0,0,nba_boxscorematchupsv3
1,2024-25,Playoffs,NBA Finals,2025_okc_ind_api_20261005,0042400402,2,2025-06-08,1610612754,IND,1630167,Obi Toppin,1610612760,OKC,1631114,Jalen Williams,27,1.7,3.35404,5.63674,9.3,0,3,0,0,0,0,0,0,0.0,0,0,0.0,0,0,0,0,0,0,0,nba_boxscorematchupsv3
1,2024-25,Playoffs,NBA Finals,2025_okc_ind_api_20261005,0042400402,2,2025-06-08,1610612754,IND,1630167,Obi Toppin,1610612760,OKC,1629026,Kenrich Williams,44,2.3,26.993869999999998,9.1858,31.7,0,2,0,0,0,1,0,1,0.0,0,1,0.0,0,0,0,0,0,0,0,nba_boxscorematchupsv3
1,2024-25,Playoffs,NBA Finals,2025_okc_ind_api_20261005,0042400402,2,2025-06-08,1610612754,IND,1628418,Thomas Bryant,1610612760,OKC,1627936,Alex Caruso,15,0.8,2.47934,6.14754,5.7,0,0,0,0,0,0,0,0,0.0,0,0,0.0,0,0,0,0,0,0,0,nba_boxscorematchupsv3
1,2024-25,Playoffs,NBA Finals,2025_okc_ind_api_20261005,0042400402,2,2025-06-08,1610612754,IND,1628418,Thomas Bryant,1610612760,OKC,1629652,Luguentz Dort,7,0.7,1.1589399999999999,2.8688499999999997,6.800000000000001,0,5,0,0,0,0,0,0,0.0,0,0,0.0,0,0,0,0,0,0,0,nba_boxscorematchupsv3
1,2024-25,Playoffs,NBA Finals,2025_okc_ind_api_20261005,0042400402,2,2025-06-08,1610612754,IND,1628418,Thomas Bryant,1610612760,OKC,1628983,Shai Gilgeous-Alexander,18,2.2,2.08333,7.3770500000000006,10.100000000000001,1,1,0,0,0,0,0,0,0.0,0,0,0.0,1,2,1,0,0,0,0,nba_boxscorematchupsv3
1,2024-25,Playoffs,NBA Finals,2025_okc_ind_api_20261005,0042400402,2,2025-06-08,1610612754,IND,1628418,Thomas Bryant,1610612760,OKC,1628392,Isaiah Hartenstein,45,5.2,9.846829999999999,18.44262,46.7,0,3,0,0,0,0,0,0,0.0,0,0,0.0,0,0,0,0,0,0,0,nba_boxscorematchupsv3
1,2024-25,Playoffs,NBA Finals,2025_okc_ind_api_20261005,0042400402,2,2025-06-08,1610612754,IND,1628418,Thomas Bryant,1610612760,OKC,1631096,Chet Holmgren,138,12.6,20.175440000000002,56.55738,56.49999999999999,0,10,0,0,0,0,0,1,0.0,0,1,0.0,0,0,0,0,0,0,0,nba_boxscorematchupsv3
1,2024-25,Playoffs,NBA Finals,2025_okc_ind_api_20261005,0042400402,2,2025-06-08,1610612754,IND,1628418,Thomas Bryant,1610612760,OKC,1630198,Isaiah Joe,12,1.2,8.21918,4.91803,15.4,0,3,0,0,0,0,0,0,0.0,0,0,0.0,0,0,0,0,0,0,0,nba_boxscorematchupsv3
1,2024-25,Playoffs,NBA Finals,2025_okc_ind_api_20261005,0042400402,2,2025-06-08,1610612754,IND,1628418,Thomas Bryant,1610612760,OKC,1641717,Cason Wallace,1,0.1,0.18416000000000002,0.40984000000000004,1.7000000000000002,0,0,0,0,0,0,0,0,0.0,0,0,0.0,0,0,0,0,0,0,0,nba_boxscorematchupsv3
1,2024-25,Playoffs,NBA Finals,2025_okc_ind_api_20261005,0042400402,2,2025-06-08,1610612754,IND,1628418,Thomas Bryant,1610612760,OKC,1630598,Aaron Wiggins,6,0.6,1.3422800000000001,2.4590199999999998,8.3,0,2,0,0,0,0,0,0,0.0,0,0,0.0,0,0,0,0,0,0,0,nba_boxscorematchupsv3
1,2024-25,Playoffs,NBA Finals,2025_okc_ind_api_20261005,0042400402,2,2025-06-08,1610612754,IND,1628418,Thomas Bryant,1610612760,OKC,1631114,Jalen Williams,2,0.1,0.24845,0.8196699999999999,2.6,0,2,0,0,0,0,0,0,0.0,0,0,0.0,0,0,0,0,0,0,0,nba_boxscorematchupsv3
1,2024-25,Playoffs,NBA Finals,2025_okc_ind_api_20261005,0042400402,2,2025-06-08,1610612754,IND,204456,T.J. McConnell,1610612760,OKC,1627936,Alex Caruso,89,7.7,14.71074,21.60194,26.900000000000002,2,12,1,0,0,0,1,1,100.0,0,0,0.0,0,0,0,0,0,0,0,nba_boxscorematchupsv3
1,2024-25,Playoffs,NBA Finals,2025_okc_ind_api_20261005,0042400402,2,2025-06-08,1610612754,IND,204456,T.J. McConnell,1610612760,OKC,1629652,Luguentz Dort,14,1.1,2.3178799999999997,3.39806,29.599999999999998,0,0,0,0,0,0,0,0,0.0,0,0,0.0,0,0,0,0,0,0,0,nba_boxscorematchupsv3
1,2024-25,Playoffs,NBA Finals,2025_okc_ind_api_20261005,0042400402,2,2025-06-08,1610612754,IND,204456,T.J. McConnell,1610612760,OKC,1628983,Shai Gilgeous-Alexander,11,3.1,1.27315,2.6699,9.1,2,4,0,0,0,0,1,1,100.0,0,0,0.0,0,0,0,0,0,0,0,nba_boxscorematchupsv3
1,2024-25,Playoffs,NBA Finals,2025_okc_ind_api_20261005,0042400402,2,2025-06-08,1610612754,IND,204456,T.J. McConnell,1610612760,OKC,1628392,Isaiah Hartenstein,16,0.9,3.5010899999999996,3.8835,8.5,0,0,1,0,0,0,0,1,0.0,0,0,0.0,0,0,0,0,0,0,0,nba_boxscorematchupsv3
1,2024-25,Playoffs,NBA Finals,2025_okc_ind_api_20261005,0042400402,2,2025-06-08,1610612754,IND,204456,T.J. McConnell,1610612760,OKC,1631096,Chet Holmgren,32,2.2,4.6783600000000005,7.76699,11.3,2,5,1,0,0,0,1,2,50.0,0,0,0.0,0,0,0,0,0,0,0,nba_boxscorematchupsv3
1,2024-25,Playoffs,NBA Finals,2025_okc_ind_api_20261005,0042400402,2,2025-06-08,1610612754,IND,204456,T.J. McConnell,1610612760,OKC,1630198,Isaiah Joe,53,2.5,36.30137,12.86408,33.1,0,3,0,0,0,0,0,0,0.0,0,0,0.0,0,0,0,0,0,0,0,nba_boxscorematchupsv3
1,2024-25,Playoffs,NBA Finals,2025_okc_ind_api_20261005,0042400402,2,2025-06-08,1610612754,IND,204456,T.J. McConnell,1610612760,OKC,1642349,Ajay Mitchell,26,3.4,57.77778,6.3106800000000005,57.99999999999999,2,4,0,0,0,0,1,1,100.0,0,0,0.0,0,0,0,0,0,0,0,nba_boxscorematchupsv3
1,2024-25,Playoffs,NBA Finals,2025_okc_ind_api_20261005,0042400402,2,2025-06-08,1610612754,IND,204456,T.J. McConnell,1610612760,OKC,1641717,Cason Wallace,92,6.4,16.94291,22.3301,61.3,3,3,1,0,0,0,1,1,100.0,1,1,100.0,0,0,0,0,0,0,0,nba_boxscorematchupsv3
1,2024-25,Playoffs,NBA Finals,2025_okc_ind_api_20261005,0042400402,2,2025-06-08,1610612754,IND,204456,T.J. McConnell,1610612760,OKC,1630598,Aaron Wiggins,32,3.4,7.15884,7.76699,13.600000000000001,0,3,2,0,0,0,0,0,0.0,0,0,0.0,0,0,0,0,0,0,0,nba_boxscorematchupsv3
1,2024-25,Playoffs,NBA Finals,2025_okc_ind_api_20261005,0042400402,2,2025-06-08,1610612754,IND,204456,T.J. McConnell,1610612760,OKC,1631114,Jalen Williams,31,3.1,3.8509300000000004,7.52427,14.099999999999998,0,2,0,0,0,0,0,0,0.0,0,0,0.0,0,0,0,0,0,0,0,nba_boxscorematchupsv3
1,2024-25,Playoffs,NBA Finals,2025_okc_ind_api_20261005,0042400402,2,2025-06-08,1610612754,IND,204456,T.J. McConnell,1610612760,OKC,1631119,Jaylin Williams,4,0.7,9.090910000000001,0.9708700000000001,9.4,0,0,0,0,0,0,0,0,0.0,0,0,0.0,0,0,0,0,0,0,0,nba_boxscorematchupsv3
1,2024-25,Playoffs,NBA Finals,2025_okc_ind_api_20261005,0042400402,2,2025-06-08,1610612754,IND,204456,T.J. McConnell,1610612760,OKC,1629026,Kenrich Williams,12,0.9,7.361959999999999,2.91262,14.2,0,3,0,0,0,0,0,0,0.0,0,0,0.0,0,0,0,0,0,0,0,nba_boxscorematchupsv3
1,2024-25,Playoffs,NBA Finals,2025_okc_ind_api_20261005,0042400402,2,2025-06-08,1610612754,IND,1641767,Ben Sheppard,1610612760,OKC,1627936,Alex Caruso,5,1.6,0.8264499999999999,1.9607800000000002,9.5,0,0,0,0,0,0,0,0,0.0,0,0,0.0,0,0,0,0,0,0,0,nba_boxscorematchupsv3
1,2024-25,Playoffs,NBA Finals,2025_okc_ind_api_20261005,0042400402,2,2025-06-08,1610612754,IND,1641767,Ben Sheppard,1610612760,OKC,1631172,Ousmane Dieng,3,0.8,7.5,1.17647,14.000000000000002,0,0,0,0,0,0,0,0,0.0,0,0,0.0,0,0,0,0,0,0,0,nba_boxscorematchupsv3
1,2024-25,Playoffs,NBA Finals,2025_okc_ind_api_20261005,0042400402,2,2025-06-08,1610612754,IND,1641767,Ben Sheppard,1610612760,OKC,1629652,Luguentz Dort,4,0.8,0.66225,1.56863,4.3999999999999995,0,0,0,0,0,0,0,0,0.0,0,0,0.0,0,0,0,0,0,0,0,nba_boxscorematchupsv3
1,2024-25,Playoffs,NBA Finals,2025_okc_ind_api_20261005,0042400402,2,2025-06-08,1610612754,IND,1641767,Ben Sheppard,1610612760,OKC,1628983,Shai Gilgeous-Alexander,39,2.9,4.51389,15.29412,26.3,0,2,0,0,0,0,0,0,0.0,0,0,0.0,0,0,0,0,0,0,0,nba_boxscorematchupsv3
1,2024-25,Playoffs,NBA Finals,2025_okc_ind_api_20261005,0042400402,2,2025-06-08,1610612754,IND,1641767,Ben Sheppard,1610612760,OKC,1628392,Isaiah Hartenstein,14,1.1,3.06346,5.4902,15.9,0,0,0,0,0,0,0,0,0.0,0,0,0.0,0,0,0,0,0,0,0,nba_boxscorematchupsv3
1,2024-25,Playoffs,NBA Finals,2025_okc_ind_api_20261005,0042400402,2,2025-06-08,1610612754,IND,1641767,Ben Sheppard,1610612760,OKC,1631096,Chet Holmgren,13,0.9,1.90058,5.09804,10.0,0,0,0,0,1,0,0,0,0.0,0,0,0.0,0,0,0,0,0,0,0,nba_boxscorematchupsv3
1,2024-25,Playoffs,NBA Finals,2025_okc_ind_api_20261005,0042400402,2,2025-06-08,1610612754,IND,1641767,Ben Sheppard,1610612760,OKC,1630198,Isaiah Joe,28,3.0,19.17808,10.98039,54.0,0,4,0,0,0,0,0,1,0.0,0,1,0.0,0,0,0,0,0,0,0,nba_boxscorematchupsv3
1,2024-25,Playoffs,NBA Finals,2025_okc_ind_api_20261005,0042400402,2,2025-06-08,1610612754,IND,1641767,Ben Sheppard,1610612760,OKC,1641794,Dillon Jones,15,0.6,37.5,5.88235,25.8,3,3,0,0,0,0,1,1,100.0,1,1,100.0,0,0,0,0,0,0,0,nba_boxscorematchupsv3
1,2024-25,Playoffs,NBA Finals,2025_okc_ind_api_20261005,0042400402,2,2025-06-08,1610612754,IND,1641767,Ben Sheppard,1610612760,OKC,1630598,Aaron Wiggins,83,6.5,18.56823,32.54902,40.5,0,11,0,0,0,0,0,0,0.0,0,0,0.0,0,0,0,0,0,0,0,nba_boxscorematchupsv3
1,2024-25,Playoffs,NBA Finals,2025_okc_ind_api_20261005,0042400402,2,2025-06-08,1610612754,IND,1641767,Ben Sheppard,1610612760,OKC,1631114,Jalen Williams,30,2.6,3.7267099999999997,11.764710000000001,16.0,0,2,0,0,0,0,0,0,0.0,0,0,0.0,0,0,0,0,0,0,0,nba_boxscorematchupsv3
1,2024-25,Playoffs,NBA Finals,2025_okc_ind_api_20261005,0042400402,2,2025-06-08,1610612754,IND,1641767,Ben Sheppard,1610612760,OKC,1629026,Kenrich Williams,21,1.6,12.883439999999998,8.23529,36.9,0,2,0,0,0,0,0,0,0.0,0,0,0.0,0,0,0,0,0,0,0,nba_boxscorematchupsv3
1,2024-25,Playoffs,NBA Finals,2025_okc_ind_api_20261005,0042400402,2,2025-06-08,1610612754,IND,1642277,Johnny Furphy,1610612760,OKC,1627936,Alex Caruso,5,1.3,0.8264499999999999,7.8125,25.2,0,2,0,0,0,0,0,0,0.0,0,0,0.0,0,0,0,0,0,0,0,nba_boxscorematchupsv3
1,2024-25,Playoffs,NBA Finals,2025_okc_ind_api_20261005,0042400402,2,2025-06-08,1610612754,IND,1642277,Johnny Furphy,1610612760,OKC,1631172,Ousmane Dieng,8,0.5,20.0,12.5,10.0,0,2,0,0,0,0,0,0,0.0,0,0,0.0,0,0,0,0,0,0,0,nba_boxscorematchupsv3
1,2024-25,Playoffs,NBA Finals,2025_okc_ind_api_20261005,0042400402,2,2025-06-08,1610612754,IND,1642277,Johnny Furphy,1610612760,OKC,1629652,Luguentz Dort,5,0.4,0.82781,7.8125,19.900000000000002,0,0,0,0,0,0,0,0,0.0,0,0,0.0,0,0,0,0,0,0,0,nba_boxscorematchupsv3
1,2024-25,Playoffs,NBA Finals,2025_okc_ind_api_20261005,0042400402,2,2025-06-08,1610612754,IND,1642277,Johnny Furphy,1610612760,OKC,1631096,Chet Holmgren,2,0.1,0.2924,3.125,7.3,0,2,0,0,0,0,0,0,0.0,0,0,0.0,0,0,0,0,0,0,0,nba_boxscorematchupsv3
1,2024-25,Playoffs,NBA Finals,2025_okc_ind_api_20261005,0042400402,2,2025-06-08,1610612754,IND,1642277,Johnny Furphy,1610612760,OKC,1630198,Isaiah Joe,3,0.4,2.05479,4.6875,6.3,0,0,0,0,0,0,0,0,0.0,0,0,0.0,0,0,0,0,0,0,0,nba_boxscorematchupsv3
1,2024-25,Playoffs,NBA Finals,2025_okc_ind_api_20261005,0042400402,2,2025-06-08,1610612754,IND,1642277,Johnny Furphy,1610612760,OKC,1641794,Dillon Jones,13,1.8,32.5,20.3125,39.0,0,2,0,0,0,0,0,0,0.0,0,0,0.0,0,0,0,0,0,0,0,nba_boxscorematchupsv3
1,2024-25,Playoffs,NBA Finals,2025_okc_ind_api_20261005,0042400402,2,2025-06-08,1610612754,IND,1642277,Johnny Furphy,1610612760,OKC,1642349,Ajay Mitchell,16,1.1,35.55556,25.0,27.200000000000003,0,3,0,0,0,0,0,0,0.0,0,0,0.0,0,0,0,0,0,0,0,nba_boxscorematchupsv3
1,2024-25,Playoffs,NBA Finals,2025_okc_ind_api_20261005,0042400402,2,2025-06-08,1610612754,IND,1642277,Johnny Furphy,1610612760,OKC,1630598,Aaron Wiggins,5,0.9,1.11857,7.8125,49.4,0,0,0,0,0,0,0,0,0.0,0,0,0.0,0,0,0,0,0,0,0,nba_boxscorematchupsv3
1,2024-25,Playoffs,NBA Finals,2025_okc_ind_api_20261005,0042400402,2,2025-06-08,1610612754,IND,1642277,Johnny Furphy,1610612760,OKC,1631114,Jalen Williams,7,1.0,0.8695700000000001,10.9375,34.5,0,0,0,0,0,0,0,0,0.0,0,0,0.0,0,0,0,0,0,0,0,nba_boxscorematchupsv3
1,2024-25,Playoffs,NBA Finals,2025_okc_ind_api_20261005,0042400402,2,2025-06-08,1610612754,IND,201949,James Johnson,1610612760,OKC,1642349,Ajay Mitchell,3,0.3,6.66667,7.5,3.5999999999999996,0,0,0,0,0,0,0,0,0.0,0,0,0.0,0,0,0,0,0,0,0,nba_boxscorematchupsv3
1,2024-25,Playoffs,NBA Finals,2025_okc_ind_api_20261005,0042400402,2,2025-06-08,1610612754,IND,201949,James Johnson,1610612760,OKC,1631119,Jaylin Williams,37,3.6,84.09091,92.5,74.5,2,4,0,0,0,0,1,1,100.0,0,0,0.0,0,0,0,0,0,0,0,nba_boxscorematchupsv3
1,2024-25,Playoffs,NBA Finals,2025_okc_ind_api_20261005,0042400403,3,2025-06-11,1610612754,IND,1630174,Aaron Nesmith,1610612760,OKC,1627936,Alex Caruso,35,3.3,4.87465,7.000000000000001,12.6,0,0,0,0,0,0,0,0,0.0,0,0,0.0,0,0,0,0,0,0,0,nba_boxscorematchupsv3
1,2024-25,Playoffs,NBA Finals,2025_okc_ind_api_20261005,0042400403,3,2025-06-11,1610612754,IND,1630174,Aaron Nesmith,1610612760,OKC,1629652,Luguentz Dort,41,5.2,5.22959,8.200000000000001,13.900000000000002,0,2,0,0,0,0,0,0,0.0,0,0,0.0,0,0,0,0,0,0,0,nba_boxscorematchupsv3
1,2024-25,Playoffs,NBA Finals,2025_okc_ind_api_20261005,0042400403,3,2025-06-11,1610612754,IND,1630174,Aaron Nesmith,1610612760,OKC,1628983,Shai Gilgeous-Alexander,187,11.4,20.30402,37.4,40.5,5,17,0,0,0,1,2,2,100.0,1,1,100.0,0,0,0,0,0,0,0,nba_boxscorematchupsv3
1,2024-25,Playoffs,NBA Finals,2025_okc_ind_api_20261005,0042400403,3,2025-06-11,1610612754,IND,1630174,Aaron Nesmith,1610612760,OKC,1628392,Isaiah Hartenstein,4,0.6,1.0443900000000002,0.8,3.1,0,2,0,0,0,0,0,0,0.0,0,0,0.0,0,0,0,0,0,0,0,nba_boxscorematchupsv3
1,2024-25,Playoffs,NBA Finals,2025_okc_ind_api_20261005,0042400403,3,2025-06-11,1610612754,IND,1630174,Aaron Nesmith,1610612760,OKC,1631096,Chet Holmgren,36,2.9,4.657179999999999,7.199999999999999,8.9,0,5,0,0,0,0,0,0,0.0,0,0,0.0,0,0,0,0,0,0,0,nba_boxscorematchupsv3
1,2024-25,Playoffs,NBA Finals,2025_okc_ind_api_20261005,0042400403,3,2025-06-11,1610612754,IND,1630174,Aaron Nesmith,1610612760,OKC,1641717,Cason Wallace,16,2.4,2.95749,3.2,5.0,2,2,0,0,0,0,1,1,100.0,0,0,0.0,0,0,0,0,0,0,0,nba_boxscorematchupsv3
1,2024-25,Playoffs,NBA Finals,2025_okc_ind_api_20261005,0042400403,3,2025-06-11,1610612754,IND,1630174,Aaron Nesmith,1610612760,OKC,1630598,Aaron Wiggins,16,1.3,7.84314,3.2,36.1,0,2,0,0,0,0,0,0,0.0,0,0,0.0,0,0,0,0,0,0,0,nba_boxscorematchupsv3
1,2024-25,Playoffs,NBA Finals,2025_okc_ind_api_20261005,0042400403,3,2025-06-11,1610612754,IND,1630174,Aaron Nesmith,1610612760,OKC,1631114,Jalen Williams,165,11.4,20.599249999999998,33.0,34.1,0,9,0,0,0,0,0,2,0.0,0,1,0.0,0,0,0,0,0,0,0,nba_boxscorematchupsv3
1,2024-25,Playoffs,NBA Finals,2025_okc_ind_api_20261005,0042400403,3,2025-06-11,1610612754,IND,1627783,Pascal Siakam,1610612760,OKC,1627936,Alex Caruso,119,10.7,16.57382,16.32373,31.900000000000002,2,14,1,0,0,0,1,1,100.0,0,0,0.0,0,0,0,0,0,0,0,nba_boxscorematchupsv3
1,2024-25,Playoffs,NBA Finals,2025_okc_ind_api_20261005,0042400403,3,2025-06-11,1610612754,IND,1627783,Pascal Siakam,1610612760,OKC,1629652,Luguentz Dort,106,6.8,13.52041,14.54047,19.0,4,8,1,0,0,0,2,2,100.0,0,0,0.0,0,0,0,0,0,0,0,nba_boxscorematchupsv3
1,2024-25,Playoffs,NBA Finals,2025_okc_ind_api_20261005,0042400403,3,2025-06-11,1610612754,IND,1627783,Pascal Siakam,1610612760,OKC,1628983,Shai Gilgeous-Alexander,79,7.9,8.57763,10.83676,14.2,6,6,0,0,0,0,3,6,50.0,0,0,0.0,0,0,0,0,0,0,0,nba_boxscorematchupsv3
1,2024-25,Playoffs,NBA Finals,2025_okc_ind_api_20261005,0042400403,3,2025-06-11,1610612754,IND,1627783,Pascal Siakam,1610612760,OKC,1628392,Isaiah Hartenstein,101,8.4,26.370759999999997,13.8546,44.5,1,5,1,0,0,0,0,1,0.0,0,1,0.0,1,2,0,0,0,0,0,nba_boxscorematchupsv3
1,2024-25,Playoffs,NBA Finals,2025_okc_ind_api_20261005,0042400403,3,2025-06-11,1610612754,IND,1627783,Pascal Siakam,1610612760,OKC,1631096,Chet Holmgren,62,6.0,8.0207,8.5048,11.200000000000001,0,6,1,0,0,0,0,1,0.0,0,1,0.0,0,0,0,0,0,0,0,nba_boxscorematchupsv3
1,2024-25,Playoffs,NBA Finals,2025_okc_ind_api_20261005,0042400403,3,2025-06-11,1610612754,IND,1627783,Pascal Siakam,1610612760,OKC,1641717,Cason Wallace,30,3.3,5.54529,4.11523,6.7,4,4,0,0,0,0,1,2,50.0,0,0,0.0,2,2,1,0,0,0,0,nba_boxscorematchupsv3
1,2024-25,Playoffs,NBA Finals,2025_okc_ind_api_20261005,0042400403,3,2025-06-11,1610612754,IND,1627783,Pascal Siakam,1610612760,OKC,1630598,Aaron Wiggins,9,1.4,4.41176,1.23457,12.9,0,7,0,0,0,0,0,0,0.0,0,0,0.0,0,0,0,0,0,0,0,nba_boxscorematchupsv3
1,2024-25,Playoffs,NBA Finals,2025_okc_ind_api_20261005,0042400403,3,2025-06-11,1610612754,IND,1627783,Pascal Siakam,1610612760,OKC,1631114,Jalen Williams,211,19.1,26.34207,28.94376,32.300000000000004,4,18,0,0,0,0,1,1,100.0,0,0,0.0,2,2,1,0,0,0,0,nba_boxscorematchupsv3
1,2024-25,Playoffs,NBA Finals,2025_okc_ind_api_20261005,0042400403,3,2025-06-11,1610612754,IND,1627783,Pascal Siakam,1610612760,OKC,1629026,Kenrich Williams,12,1.0,23.529410000000002,1.64609,96.7,0,0,0,0,0,0,0,0,0.0,0,0,0.0,0,0,0,0,0,0,0,nba_boxscorematchupsv3
1,2024-25,Playoffs,NBA Finals,2025_okc_ind_api_20261005,0042400403,3,2025-06-11,1610612754,IND,1626167,Myles Turner,1610612760,OKC,1627936,Alex Caruso,47,4.0,6.545960000000001,6.96296,11.3,0,2,0,0,0,0,0,1,0.0,0,0,0.0,0,0,0,0,0,0,0,nba_boxscorematchupsv3
1,2024-25,Playoffs,NBA Finals,2025_okc_ind_api_20261005,0042400403,3,2025-06-11,1610612754,IND,1626167,Myles Turner,1610612760,OKC,1629652,Luguentz Dort,41,3.3,5.22959,6.07407,6.6000000000000005,0,9,0,0,0,0,0,1,0.0,0,1,0.0,0,0,0,0,0,0,0,nba_boxscorematchupsv3
1,2024-25,Playoffs,NBA Finals,2025_okc_ind_api_20261005,0042400403,3,2025-06-11,1610612754,IND,1626167,Myles Turner,1610612760,OKC,1628983,Shai Gilgeous-Alexander,61,4.1,6.62324,9.037040000000001,9.2,2,6,0,0,1,1,0,1,0.0,0,0,0.0,2,2,1,0,0,0,0,nba_boxscorematchupsv3
1,2024-25,Playoffs,NBA Finals,2025_okc_ind_api_20261005,0042400403,3,2025-06-11,1610612754,IND,1626167,Myles Turner,1610612760,OKC,1628392,Isaiah Hartenstein,121,11.1,31.59269,17.92593,55.2,3,11,1,0,0,0,1,1,100.0,1,1,100.0,0,0,0,0,0,0,0,nba_boxscorematchupsv3
1,2024-25,Playoffs,NBA Finals,2025_okc_ind_api_20261005,0042400403,3,2025-06-11,1610612754,IND,1626167,Myles Turner,1610612760,OKC,1631096,Chet Holmgren,377,28.0,48.77102,55.851850000000006,68.0,4,24,0,0,1,0,2,7,28.599999999999998,0,2,0.0,0,0,0,0,0,0,0,nba_boxscorematchupsv3
1,2024-25,Playoffs,NBA Finals,2025_okc_ind_api_20261005,0042400403,3,2025-06-11,1610612754,IND,1626167,Myles Turner,1610612760,OKC,1641717,Cason Wallace,8,1.0,1.47874,1.18519,5.1,0,2,0,0,0,0,0,0,0.0,0,0,0.0,0,0,0,0,0,0,0,nba_boxscorematchupsv3
1,2024-25,Playoffs,NBA Finals,2025_okc_ind_api_20261005,0042400403,3,2025-06-11,1610612754,IND,1626167,Myles Turner,1610612760,OKC,1630598,Aaron Wiggins,5,1.0,2.4509800000000004,0.74074,8.6,0,0,0,0,0,0,0,0,0.0,0,0,0.0,0,0,0,0,0,0,0,nba_boxscorematchupsv3
1,2024-25,Playoffs,NBA Finals,2025_okc_ind_api_20261005,0042400403,3,2025-06-11,1610612754,IND,1626167,Myles Turner,1610612760,OKC,1631114,Jalen Williams,15,1.9,1.87266,2.22222,3.8,0,2,0,0,0,0,0,0,0.0,0,0,0.0,0,0,0,0,0,0,0,nba_boxscorematchupsv3
1,2024-25,Playoffs,NBA Finals,2025_okc_ind_api_20261005,0042400403,3,2025-06-11,1610612754,IND,1629614,Andrew Nembhard,1610612760,OKC,1627936,Alex Caruso,94,6.4,13.091920000000002,13.29562,22.3,2,9,1,0,0,0,1,1,100.0,0,0,0.0,0,0,0,0,0,0,0,nba_boxscorematchupsv3
1,2024-25,Playoffs,NBA Finals,2025_okc_ind_api_20261005,0042400403,3,2025-06-11,1610612754,IND,1629614,Andrew Nembhard,1610612760,OKC,1629652,Luguentz Dort,126,12.3,16.07143,17.82178,17.299999999999997,0,12,0,0,1,0,0,0,0.0,0,0,0.0,0,0,0,0,0,0,0,nba_boxscorematchupsv3
1,2024-25,Playoffs,NBA Finals,2025_okc_ind_api_20261005,0042400403,3,2025-06-11,1610612754,IND,1629614,Andrew Nembhard,1610612760,OKC,1628983,Shai Gilgeous-Alexander,175,19.2,19.00109,24.75248,28.799999999999997,0,11,0,0,1,0,0,1,0.0,0,0,0.0,0,0,0,0,0,0,0,nba_boxscorematchupsv3
1,2024-25,Playoffs,NBA Finals,2025_okc_ind_api_20261005,0042400403,3,2025-06-11,1610612754,IND,1629614,Andrew Nembhard,1610612760,OKC,1628392,Isaiah Hartenstein,12,1.9,3.13316,1.69731,8.200000000000001,0,0,0,0,0,0,0,0,0.0,0,0,0.0,0,0,0,0,0,0,0,nba_boxscorematchupsv3
1,2024-25,Playoffs,NBA Finals,2025_okc_ind_api_20261005,0042400403,3,2025-06-11,1610612754,IND,1629614,Andrew Nembhard,1610612760,OKC,1631096,Chet Holmgren,65,4.7,8.4088,9.19378,9.8,2,4,0,0,0,0,1,1,100.0,0,0,0.0,0,0,0,0,0,0,0,nba_boxscorematchupsv3
1,2024-25,Playoffs,NBA Finals,2025_okc_ind_api_20261005,0042400403,3,2025-06-11,1610612754,IND,1629614,Andrew Nembhard,1610612760,OKC,1630198,Isaiah Joe,3,0.5,3.15789,0.42433000000000004,20.200000000000003,0,0,0,0,0,0,0,0,0.0,0,0,0.0,0,0,0,0,0,0,0,nba_boxscorematchupsv3
1,2024-25,Playoffs,NBA Finals,2025_okc_ind_api_20261005,0042400403,3,2025-06-11,1610612754,IND,1629614,Andrew Nembhard,1610612760,OKC,1641717,Cason Wallace,145,10.2,26.80222,20.50919,43.6,0,8,0,0,0,1,0,1,0.0,0,1,0.0,0,0,0,0,0,0,0,nba_boxscorematchupsv3
1,2024-25,Playoffs,NBA Finals,2025_okc_ind_api_20261005,0042400403,3,2025-06-11,1610612754,IND,1629614,Andrew Nembhard,1610612760,OKC,1630598,Aaron Wiggins,21,1.2,10.29412,2.9703,16.8,1,1,0,0,0,0,0,0,0.0,0,0,0.0,1,2,1,0,0,0,0,nba_boxscorematchupsv3
1,2024-25,Playoffs,NBA Finals,2025_okc_ind_api_20261005,0042400403,3,2025-06-11,1610612754,IND,1629614,Andrew Nembhard,1610612760,OKC,1631114,Jalen Williams,61,4.8,7.61548,8.62801,10.299999999999999,0,8,0,0,1,0,0,0,0.0,0,0,0.0,0,0,0,0,0,0,0,nba_boxscorematchupsv3
1,2024-25,Playoffs,NBA Finals,2025_okc_ind_api_20261005,0042400403,3,2025-06-11,1610612754,IND,1629614,Andrew Nembhard,1610612760,OKC,1629026,Kenrich Williams,5,0.3,9.803920000000002,0.70721,9.6,3,5,0,0,0,0,1,1,100.0,1,1,100.0,0,0,0,0,0,0,0,nba_boxscorematchupsv3
1,2024-25,Playoffs,NBA Finals,2025_okc_ind_api_20261005,0042400403,3,2025-06-11,1610612754,IND,1630169,Tyrese Haliburton,1610612760,OKC,1627936,Alex Caruso,146,13.6,20.33426,18.29574,27.1,0,7,1,0,2,0,0,1,0.0,0,1,0.0,0,0,0,0,0,0,0,nba_boxscorematchupsv3
1,2024-25,Playoffs,NBA Finals,2025_okc_ind_api_20261005,0042400403,3,2025-06-11,1610612754,IND,1630169,Tyrese Haliburton,1610612760,OKC,1629652,Luguentz Dort,293,24.4,37.37245,36.716789999999996,44.5,3,14,1,0,1,0,1,3,33.300000000000004,1,2,50.0,0,0,0,0,0,0,0,nba_boxscorematchupsv3
1,2024-25,Playoffs,NBA Finals,2025_okc_ind_api_20261005,0042400403,3,2025-06-11,1610612754,IND,1630169,Tyrese Haliburton,1610612760,OKC,1628983,Shai Gilgeous-Alexander,92,7.2,9.98914,11.52882,10.4,2,9,2,0,0,0,1,4,25.0,0,1,0.0,0,0,0,0,0,0,0,nba_boxscorematchupsv3
1,2024-25,Playoffs,NBA Finals,2025_okc_ind_api_20261005,0042400403,3,2025-06-11,1610612754,IND,1630169,Tyrese Haliburton,1610612760,OKC,1628392,Isaiah Hartenstein,30,2.2,7.8328999999999995,3.7594000000000003,10.100000000000001,2,2,2,0,1,0,1,1,100.0,0,0,0.0,0,0,0,0,0,0,0,nba_boxscorematchupsv3
1,2024-25,Playoffs,NBA Finals,2025_okc_ind_api_20261005,0042400403,3,2025-06-11,1610612754,IND,1630169,Tyrese Haliburton,1610612760,OKC,1631096,Chet Holmgren,27,2.8,3.4928800000000004,3.38346,5.0,5,7,1,0,0,0,2,2,100.0,1,1,100.0,0,0,0,0,0,0,0,nba_boxscorematchupsv3
1,2024-25,Playoffs,NBA Finals,2025_okc_ind_api_20261005,0042400403,3,2025-06-11,1610612754,IND,1630169,Tyrese Haliburton,1610612760,OKC,1630198,Isaiah Joe,14,1.2,14.73684,1.7543900000000001,18.6,0,2,1,0,0,0,0,1,0.0,0,1,0.0,0,0,0,0,0,0,0,nba_boxscorematchupsv3
1,2024-25,Playoffs,NBA Finals,2025_okc_ind_api_20261005,0042400403,3,2025-06-11,1610612754,IND,1630169,Tyrese Haliburton,1610612760,OKC,1641717,Cason Wallace,114,10.2,21.07209,14.285709999999998,31.8,8,12,1,0,0,0,3,3,100.0,2,2,100.0,0,0,0,0,0,0,0,nba_boxscorematchupsv3
1,2024-25,Playoffs,NBA Finals,2025_okc_ind_api_20261005,0042400403,3,2025-06-11,1610612754,IND,1630169,Tyrese Haliburton,1610612760,OKC,1630598,Aaron Wiggins,10,1.0,4.901960000000001,1.25313,12.8,0,0,0,0,0,0,0,0,0.0,0,0,0.0,0,0,0,0,0,0,0,nba_boxscorematchupsv3
1,2024-25,Playoffs,NBA Finals,2025_okc_ind_api_20261005,0042400403,3,2025-06-11,1610612754,IND,1630169,Tyrese Haliburton,1610612760,OKC,1631114,Jalen Williams,64,7.3,7.99001,8.02005,11.4,2,16,0,0,0,0,1,2,50.0,0,0,0.0,0,0,0,0,0,0,0,nba_boxscorematchupsv3
1,2024-25,Playoffs,NBA Finals,2025_okc_ind_api_20261005,0042400403,3,2025-06-11,1610612754,IND,1630169,Tyrese Haliburton,1610612760,OKC,1629026,Kenrich Williams,8,0.6,15.686269999999999,1.00251,22.1,0,0,0,0,0,0,0,0,0.0,0,0,0.0,0,0,0,0,0,0,0,nba_boxscorematchupsv3
1,2024-25,Playoffs,NBA Finals,2025_okc_ind_api_20261005,0042400403,3,2025-06-11,1610612754,IND,1630167,Obi Toppin,1610612760,OKC,1627936,Alex Caruso,102,10.6,14.20613,17.05686,20.7,4,14,0,0,0,0,2,3,66.7,0,1,0.0,0,0,0,0,0,0,0,nba_boxscorematchupsv3
1,2024-25,Playoffs,NBA Finals,2025_okc_ind_api_20261005,0042400403,3,2025-06-11,1610612754,IND,1630167,Obi Toppin,1610612760,OKC,1629652,Luguentz Dort,63,4.0,8.03571,10.535120000000001,13.8,0,5,0,0,0,0,0,1,0.0,0,1,0.0,0,0,0,0,0,0,0,nba_boxscorematchupsv3
1,2024-25,Playoffs,NBA Finals,2025_okc_ind_api_20261005,0042400403,3,2025-06-11,1610612754,IND,1630167,Obi Toppin,1610612760,OKC,1628983,Shai Gilgeous-Alexander,89,7.4,9.66341,14.88294,16.1,0,5,0,0,0,0,0,0,0.0,0,0,0.0,0,0,0,0,0,0,0,nba_boxscorematchupsv3
1,2024-25,Playoffs,NBA Finals,2025_okc_ind_api_20261005,0042400403,3,2025-06-11,1610612754,IND,1630167,Obi Toppin,1610612760,OKC,1628392,Isaiah Hartenstein,28,1.7,7.310700000000001,4.68227,14.399999999999999,0,2,0,0,0,0,0,0,0.0,0,0,0.0,0,0,0,0,0,0,0,nba_boxscorematchupsv3
1,2024-25,Playoffs,NBA Finals,2025_okc_ind_api_20261005,0042400403,3,2025-06-11,1610612754,IND,1630167,Obi Toppin,1610612760,OKC,1631096,Chet Holmgren,142,12.1,18.36999,23.745820000000002,39.800000000000004,0,9,1,0,1,0,0,2,0.0,0,1,0.0,0,0,0,0,0,0,0,nba_boxscorematchupsv3
1,2024-25,Playoffs,NBA Finals,2025_okc_ind_api_20261005,0042400403,3,2025-06-11,1610612754,IND,1630167,Obi Toppin,1610612760,OKC,1630198,Isaiah Joe,13,1.0,13.68421,2.1739100000000002,14.6,0,3,0,0,0,0,0,0,0.0,0,0,0.0,0,0,0,0,0,0,0,nba_boxscorematchupsv3
1,2024-25,Playoffs,NBA Finals,2025_okc_ind_api_20261005,0042400403,3,2025-06-11,1610612754,IND,1630167,Obi Toppin,1610612760,OKC,1641717,Cason Wallace,12,2.0,2.21811,2.00669,6.5,2,6,0,0,0,0,1,1,100.0,0,0,0.0,0,0,0,0,0,0,0,nba_boxscorematchupsv3
1,2024-25,Playoffs,NBA Finals,2025_okc_ind_api_20261005,0042400403,3,2025-06-11,1610612754,IND,1630167,Obi Toppin,1610612760,OKC,1630598,Aaron Wiggins,29,3.6,14.21569,4.8495,14.899999999999999,0,3,0,0,0,0,0,0,0.0,0,0,0.0,0,0,0,0,0,0,0,nba_boxscorematchupsv3
1,2024-25,Playoffs,NBA Finals,2025_okc_ind_api_20261005,0042400403,3,2025-06-11,1610612754,IND,1630167,Obi Toppin,1610612760,OKC,1631114,Jalen Williams,94,7.1,11.73533,15.71906,21.3,0,11,0,0,0,0,0,0,0.0,0,0,0.0,0,0,0,0,0,0,0,nba_boxscorematchupsv3
1,2024-25,Playoffs,NBA Finals,2025_okc_ind_api_20261005,0042400403,3,2025-06-11,1610612754,IND,1630167,Obi Toppin,1610612760,OKC,1629026,Kenrich Williams,26,1.9,50.98039,4.34783,51.300000000000004,0,0,0,0,0,0,0,0,0.0,0,0,0.0,0,0,0,0,0,0,0,nba_boxscorematchupsv3
1,2024-25,Playoffs,NBA Finals,2025_okc_ind_api_20261005,0042400403,3,2025-06-11,1610612754,IND,1641767,Ben Sheppard,1610612760,OKC,1627936,Alex Caruso,11,2.4,1.53203,2.87206,4.6,0,2,0,0,0,0,0,1,0.0,0,1,0.0,0,0,0,0,0,0,0,nba_boxscorematchupsv3
1,2024-25,Playoffs,NBA Finals,2025_okc_ind_api_20261005,0042400403,3,2025-06-11,1610612754,IND,1641767,Ben Sheppard,1610612760,OKC,1629652,Luguentz Dort,63,4.5,8.03571,16.449089999999998,25.3,0,4,0,0,0,0,0,0,0.0,0,0,0.0,0,0,0,0,0,0,0,nba_boxscorematchupsv3
1,2024-25,Playoffs,NBA Finals,2025_okc_ind_api_20261005,0042400403,3,2025-06-11,1610612754,IND,1641767,Ben Sheppard,1610612760,OKC,1628983,Shai Gilgeous-Alexander,122,13.9,13.246469999999999,31.85379,41.099999999999994,0,10,0,0,0,1,0,2,0.0,0,1,0.0,0,0,0,0,0,0,0,nba_boxscorematchupsv3
1,2024-25,Playoffs,NBA Finals,2025_okc_ind_api_20261005,0042400403,3,2025-06-11,1610612754,IND,1641767,Ben Sheppard,1610612760,OKC,1628392,Isaiah Hartenstein,19,1.5,4.960839999999999,4.960839999999999,6.0,2,2,0,0,0,0,1,1,100.0,0,0,0.0,0,0,0,0,0,0,0,nba_boxscorematchupsv3
1,2024-25,Playoffs,NBA Finals,2025_okc_ind_api_20261005,0042400403,3,2025-06-11,1610612754,IND,1641767,Ben Sheppard,1610612760,OKC,1631096,Chet Holmgren,44,2.4,5.6921100000000004,11.48825,17.599999999999998,2,4,0,0,0,0,1,1,100.0,0,0,0.0,0,0,0,0,0,0,0,nba_boxscorematchupsv3
1,2024-25,Playoffs,NBA Finals,2025_okc_ind_api_20261005,0042400403,3,2025-06-11,1610612754,IND,1641767,Ben Sheppard,1610612760,OKC,1630198,Isaiah Joe,22,1.2,23.157890000000002,5.74413,34.2,0,0,0,0,0,0,0,0,0.0,0,0,0.0,0,0,0,0,0,0,0,nba_boxscorematchupsv3
1,2024-25,Playoffs,NBA Finals,2025_okc_ind_api_20261005,0042400403,3,2025-06-11,1610612754,IND,1641767,Ben Sheppard,1610612760,OKC,1641717,Cason Wallace,18,1.4,3.32717,4.69974,10.5,0,4,0,0,0,0,0,0,0.0,0,0,0.0,0,0,0,0,0,0,0,nba_boxscorematchupsv3
1,2024-25,Playoffs,NBA Finals,2025_okc_ind_api_20261005,0042400403,3,2025-06-11,1610612754,IND,1641767,Ben Sheppard,1610612760,OKC,1630598,Aaron Wiggins,47,4.7,23.03922,12.27154,31.7,0,3,0,0,0,0,0,0,0.0,0,0,0.0,0,0,0,0,0,0,0,nba_boxscorematchupsv3
1,2024-25,Playoffs,NBA Finals,2025_okc_ind_api_20261005,0042400403,3,2025-06-11,1610612754,IND,1641767,Ben Sheppard,1610612760,OKC,1631114,Jalen Williams,37,5.5,4.61923,9.66057,17.299999999999997,0,4,0,0,0,0,0,0,0.0,0,0,0.0,0,0,0,0,0,0,0,nba_boxscorematchupsv3
1,2024-25,Playoffs,NBA Finals,2025_okc_ind_api_20261005,0042400403,3,2025-06-11,1610612754,IND,204456,T.J. McConnell,1610612760,OKC,1627936,Alex Caruso,43,4.0,5.98886,12.5731,14.499999999999998,2,6,0,0,0,0,1,1,100.0,0,0,0.0,0,0,0,0,0,0,0,nba_boxscorematchupsv3
1,2024-25,Playoffs,NBA Finals,2025_okc_ind_api_20261005,0042400403,3,2025-06-11,1610612754,IND,204456,T.J. McConnell,1610612760,OKC,1629652,Luguentz Dort,1,0.0,0.12755,0.2924,1.7999999999999998,0,0,0,0,0,0,0,0,0.0,0,0,0.0,0,0,0,0,0,0,0,nba_boxscorematchupsv3
1,2024-25,Playoffs,NBA Finals,2025_okc_ind_api_20261005,0042400403,3,2025-06-11,1610612754,IND,204456,T.J. McConnell,1610612760,OKC,1628983,Shai Gilgeous-Alexander,41,3.8,4.4516800000000005,11.9883,16.7,0,4,0,0,1,0,0,1,0.0,0,0,0.0,0,0,0,0,0,0,0,nba_boxscorematchupsv3
1,2024-25,Playoffs,NBA Finals,2025_okc_ind_api_20261005,0042400403,3,2025-06-11,1610612754,IND,204456,T.J. McConnell,1610612760,OKC,1628392,Isaiah Hartenstein,3,0.2,0.78329,0.8771899999999999,1.7999999999999998,0,3,0,0,0,0,0,0,0.0,0,0,0.0,0,0,0,0,0,0,0,nba_boxscorematchupsv3
1,2024-25,Playoffs,NBA Finals,2025_okc_ind_api_20261005,0042400403,3,2025-06-11,1610612754,IND,204456,T.J. McConnell,1610612760,OKC,1631096,Chet Holmgren,12,0.7,1.55239,3.50877,6.5,0,0,0,0,0,0,0,0,0.0,0,0,0.0,0,0,0,0,0,0,0,nba_boxscorematchupsv3
1,2024-25,Playoffs,NBA Finals,2025_okc_ind_api_20261005,0042400403,3,2025-06-11,1610612754,IND,204456,T.J. McConnell,1610612760,OKC,1630198,Isaiah Joe,24,1.9,25.263160000000003,7.01754,44.0,2,2,0,0,0,0,1,1,100.0,0,0,0.0,0,0,0,0,0,0,0,nba_boxscorematchupsv3
1,2024-25,Playoffs,NBA Finals,2025_okc_ind_api_20261005,0042400403,3,2025-06-11,1610612754,IND,204456,T.J. McConnell,1610612760,OKC,1641717,Cason Wallace,167,14.8,30.86876,48.83041,62.6,2,16,3,0,0,0,0,2,0.0,0,0,0.0,2,2,0,0,0,0,0,nba_boxscorematchupsv3
1,2024-25,Playoffs,NBA Finals,2025_okc_ind_api_20261005,0042400403,3,2025-06-11,1610612754,IND,204456,T.J. McConnell,1610612760,OKC,1630598,Aaron Wiggins,41,3.6,20.09804,11.9883,24.3,4,8,0,0,1,0,1,2,50.0,0,0,0.0,2,2,1,0,0,0,0,nba_boxscorematchupsv3
1,2024-25,Playoffs,NBA Finals,2025_okc_ind_api_20261005,0042400403,3,2025-06-11,1610612754,IND,204456,T.J. McConnell,1610612760,OKC,1631114,Jalen Williams,10,1.9,1.24844,2.92398,6.1,0,0,0,0,0,0,0,0,0.0,0,0,0.0,0,0,0,0,0,0,0,nba_boxscorematchupsv3
1,2024-25,Playoffs,NBA Finals,2025_okc_ind_api_20261005,0042400403,3,2025-06-11,1610612754,IND,1628418,Thomas Bryant,1610612760,OKC,1627936,Alex Caruso,4,0.1,0.5571,7.692309999999999,5.5,0,2,0,0,0,0,0,0,0.0,0,0,0.0,0,0,0,0,0,0,0,nba_boxscorematchupsv3
1,2024-25,Playoffs,NBA Finals,2025_okc_ind_api_20261005,0042400403,3,2025-06-11,1610612754,IND,1628418,Thomas Bryant,1610612760,OKC,1629652,Luguentz Dort,2,0.4,0.2551,3.84615,5.4,0,0,0,0,0,0,0,0,0.0,0,0,0.0,0,0,0,0,0,0,0,nba_boxscorematchupsv3
1,2024-25,Playoffs,NBA Finals,2025_okc_ind_api_20261005,0042400403,3,2025-06-11,1610612754,IND,1628418,Thomas Bryant,1610612760,OKC,1628983,Shai Gilgeous-Alexander,2,0.0,0.21716000000000002,3.84615,3.1,0,0,0,0,0,0,0,0,0.0,0,0,0.0,0,0,0,0,0,0,0,nba_boxscorematchupsv3
1,2024-25,Playoffs,NBA Finals,2025_okc_ind_api_20261005,0042400403,3,2025-06-11,1610612754,IND,1628418,Thomas Bryant,1610612760,OKC,1628392,Isaiah Hartenstein,37,3.9,9.66057,71.15384999999999,69.69999999999999,0,0,0,0,0,0,0,0,0.0,0,0,0.0,0,0,0,0,0,0,0,nba_boxscorematchupsv3
1,2024-25,Playoffs,NBA Finals,2025_okc_ind_api_20261005,0042400403,3,2025-06-11,1610612754,IND,1628418,Thomas Bryant,1610612760,OKC,1631114,Jalen Williams,5,0.1,0.62422,9.61538,32.300000000000004,0,0,0,0,0,0,0,0,0.0,0,0,0.0,0,0,0,0,0,0,0,nba_boxscorematchupsv3
1,2024-25,Playoffs,NBA Finals,2025_okc_ind_api_20261005,0042400403,3,2025-06-11,1610612754,IND,1628418,Thomas Bryant,1610612760,OKC,1631119,Jaylin Williams,2,0.0,100.0,3.84615,100.0,0,0,0,0,0,0,0,0,0.0,0,0,0.0,0,0,0,0,0,0,0,nba_boxscorematchupsv3
1,2024-25,Playoffs,NBA Finals,2025_okc_ind_api_20261005,0042400403,3,2025-06-11,1610612754,IND,1631097,Bennedict Mathurin,1610612760,OKC,1627936,Alex Caruso,117,9.7,16.29526,23.926379999999998,27.500000000000004,8,13,1,0,0,0,2,2,100.0,1,1,100.0,3,4,1,0,0,0,0,nba_boxscorematchupsv3
1,2024-25,Playoffs,NBA Finals,2025_okc_ind_api_20261005,0042400403,3,2025-06-11,1610612754,IND,1631097,Bennedict Mathurin,1610612760,OKC,1629652,Luguentz Dort,48,6.3,6.12245,9.815949999999999,14.000000000000002,3,12,0,0,0,0,1,1,100.0,0,0,0.0,1,1,1,0,0,0,0,nba_boxscorematchupsv3
1,2024-25,Playoffs,NBA Finals,2025_okc_ind_api_20261005,0042400403,3,2025-06-11,1610612754,IND,1631097,Bennedict Mathurin,1610612760,OKC,1628983,Shai Gilgeous-Alexander,73,4.2,7.926170000000001,14.92843,17.7,5,8,0,0,0,0,2,3,66.7,1,1,100.0,0,0,0,0,0,0,0,nba_boxscorematchupsv3
1,2024-25,Playoffs,NBA Finals,2025_okc_ind_api_20261005,0042400403,3,2025-06-11,1610612754,IND,1631097,Bennedict Mathurin,1610612760,OKC,1628392,Isaiah Hartenstein,28,3.5,7.310700000000001,5.725969999999999,13.5,4,6,0,0,0,0,2,2,100.0,0,0,0.0,0,0,0,0,0,0,0,nba_boxscorematchupsv3
1,2024-25,Playoffs,NBA Finals,2025_okc_ind_api_20261005,0042400403,3,2025-06-11,1610612754,IND,1631097,Bennedict Mathurin,1610612760,OKC,1631096,Chet Holmgren,8,1.4,1.0349300000000001,1.63599,4.5,2,4,0,0,0,0,1,2,50.0,0,1,0.0,0,0,0,0,0,0,0,nba_boxscorematchupsv3
1,2024-25,Playoffs,NBA Finals,2025_okc_ind_api_20261005,0042400403,3,2025-06-11,1610612754,IND,1631097,Bennedict Mathurin,1610612760,OKC,1630198,Isaiah Joe,19,0.9,20.0,3.8854800000000003,23.400000000000002,2,2,0,0,0,0,0,0,0.0,0,0,0.0,2,2,1,0,0,0,0,nba_boxscorematchupsv3
1,2024-25,Playoffs,NBA Finals,2025_okc_ind_api_20261005,0042400403,3,2025-06-11,1610612754,IND,1631097,Bennedict Mathurin,1610612760,OKC,1641717,Cason Wallace,31,2.5,5.73013,6.3394699999999995,12.5,0,0,0,0,0,0,0,0,0.0,0,0,0.0,0,0,0,0,0,0,0,nba_boxscorematchupsv3
1,2024-25,Playoffs,NBA Finals,2025_okc_ind_api_20261005,0042400403,3,2025-06-11,1610612754,IND,1631097,Bennedict Mathurin,1610612760,OKC,1630598,Aaron Wiggins,26,2.1,12.7451,5.31697,25.900000000000002,0,0,0,0,1,0,0,1,0.0,0,0,0.0,0,0,0,0,0,0,0,nba_boxscorematchupsv3
1,2024-25,Playoffs,NBA Finals,2025_okc_ind_api_20261005,0042400403,3,2025-06-11,1610612754,IND,1631097,Bennedict Mathurin,1610612760,OKC,1631114,Jalen Williams,139,11.8,17.35331,28.425359999999998,41.6,3,11,0,0,0,0,1,1,100.0,0,0,0.0,1,1,1,0,0,0,0,nba_boxscorematchupsv3
1,2024-25,Playoffs,NBA Finals,2025_okc_ind_api_20261005,0042400403,3,2025-06-11,1610612760,OKC,1629652,Luguentz Dort,1610612754,IND,1628418,Thomas Bryant,8,0.5,8.69565,1.12835,10.5,0,0,0,0,0,0,0,0,0.0,0,0,0.0,0,0,0,0,0,0,0,nba_boxscorematchupsv3
1,2024-25,Playoffs,NBA Finals,2025_okc_ind_api_20261005,0042400403,3,2025-06-11,1610612760,OKC,1629652,Luguentz Dort,1610612754,IND,1630169,Tyrese Haliburton,336,30.5,45.528459999999995,47.39069,50.0,6,28,0,0,0,0,2,3,66.7,2,2,100.0,0,0,0,0,0,0,0,nba_boxscorematchupsv3
1,2024-25,Playoffs,NBA Finals,2025_okc_ind_api_20261005,0042400403,3,2025-06-11,1610612760,OKC,1629652,Luguentz Dort,1610612754,IND,1631097,Bennedict Mathurin,91,6.4,18.60941,12.834980000000002,27.900000000000002,0,11,0,0,0,0,0,0,0.0,0,0,0.0,0,0,0,0,0,0,0,nba_boxscorematchupsv3
1,2024-25,Playoffs,NBA Finals,2025_okc_ind_api_20261005,0042400403,3,2025-06-11,1610612760,OKC,1629652,Luguentz Dort,1610612754,IND,204456,T.J. McConnell,2,0.0,0.6734,0.28209,2.7,0,0,0,0,0,0,0,0,0.0,0,0,0.0,0,0,0,0,0,0,0,nba_boxscorematchupsv3
1,2024-25,Playoffs,NBA Finals,2025_okc_ind_api_20261005,0042400403,3,2025-06-11,1610612760,OKC,1629652,Luguentz Dort,1610612754,IND,1629614,Andrew Nembhard,28,4.5,4.0404,3.94922,5.0,3,3,0,0,0,0,1,2,50.0,1,2,50.0,0,0,0,0,0,0,0,nba_boxscorematchupsv3
1,2024-25,Playoffs,NBA Finals,2025_okc_ind_api_20261005,0042400403,3,2025-06-11,1610612760,OKC,1629652,Luguentz Dort,1610612754,IND,1630174,Aaron Nesmith,32,3.0,7.80488,4.5134,8.7,0,4,0,0,0,0,0,1,0.0,0,0,0.0,0,0,0,0,0,0,0,nba_boxscorematchupsv3
1,2024-25,Playoffs,NBA Finals,2025_okc_ind_api_20261005,0042400403,3,2025-06-11,1610612760,OKC,1629652,Luguentz Dort,1610612754,IND,1641767,Ben Sheppard,16,2.3,4.43213,2.2567,9.9,0,0,0,0,0,0,0,0,0.0,0,0,0.0,0,0,0,0,0,0,0,nba_boxscorematchupsv3
1,2024-25,Playoffs,NBA Finals,2025_okc_ind_api_20261005,0042400403,3,2025-06-11,1610612760,OKC,1629652,Luguentz Dort,1610612754,IND,1627783,Pascal Siakam,133,12.8,21.212120000000002,18.75882,31.0,3,13,0,0,0,0,1,1,100.0,1,1,100.0,0,0,0,0,0,0,0,nba_boxscorematchupsv3
1,2024-25,Playoffs,NBA Finals,2025_okc_ind_api_20261005,0042400403,3,2025-06-11,1610612760,OKC,1629652,Luguentz Dort,1610612754,IND,1630167,Obi Toppin,49,5.0,8.26307,6.9111400000000005,11.1,0,2,0,0,0,1,0,1,0.0,0,0,0.0,0,0,0,0,0,0,0,nba_boxscorematchupsv3
1,2024-25,Playoffs,NBA Finals,2025_okc_ind_api_20261005,0042400403,3,2025-06-11,1610612760,OKC,1629652,Luguentz Dort,1610612754,IND,1626167,Myles Turner,14,2.7,2.40137,1.97461,4.5,0,2,0,0,0,0,0,0,0.0,0,0,0.0,0,0,0,0,0,0,0,nba_boxscorematchupsv3
1,2024-25,Playoffs,NBA Finals,2025_okc_ind_api_20261005,0042400403,3,2025-06-11,1610612760,OKC,1631114,Jalen Williams,1610612754,IND,1628418,Thomas Bryant,10,0.6,10.869570000000001,1.37931,23.400000000000002,0,0,0,0,0,0,0,1,0.0,0,0,0.0,0,0,0,0,0,0,0,nba_boxscorematchupsv3
1,2024-25,Playoffs,NBA Finals,2025_okc_ind_api_20261005,0042400403,3,2025-06-11,1610612760,OKC,1631114,Jalen Williams,1610612754,IND,1630169,Tyrese Haliburton,55,8.2,7.45257,7.58621,10.9,1,3,0,0,0,0,0,2,0.0,0,1,0.0,1,2,1,0,0,0,0,nba_boxscorematchupsv3
1,2024-25,Playoffs,NBA Finals,2025_okc_ind_api_20261005,0042400403,3,2025-06-11,1610612760,OKC,1631114,Jalen Williams,1610612754,IND,1631097,Bennedict Mathurin,202,15.3,41.30879,27.86207,55.900000000000006,2,13,0,0,1,0,1,3,33.300000000000004,0,0,0.0,0,0,0,0,0,0,0,nba_boxscorematchupsv3
1,2024-25,Playoffs,NBA Finals,2025_okc_ind_api_20261005,0042400403,3,2025-06-11,1610612760,OKC,1631114,Jalen Williams,1610612754,IND,204456,T.J. McConnell,20,2.1,6.73401,2.75862,8.0,0,0,0,0,0,0,0,0,0.0,0,0,0.0,0,0,0,0,0,0,0,nba_boxscorematchupsv3
1,2024-25,Playoffs,NBA Finals,2025_okc_ind_api_20261005,0042400403,3,2025-06-11,1610612760,OKC,1631114,Jalen Williams,1610612754,IND,1629614,Andrew Nembhard,34,3.0,4.9062,4.68966,5.8999999999999995,0,5,1,0,0,0,0,0,0.0,0,0,0.0,0,0,0,0,0,0,0,nba_boxscorematchupsv3
1,2024-25,Playoffs,NBA Finals,2025_okc_ind_api_20261005,0042400403,3,2025-06-11,1610612760,OKC,1631114,Jalen Williams,1610612754,IND,1630174,Aaron Nesmith,242,23.4,59.024390000000004,33.379310000000004,60.199999999999996,12,28,0,0,1,0,4,4,100.0,1,1,100.0,3,6,2,0,0,0,0,nba_boxscorematchupsv3
1,2024-25,Playoffs,NBA Finals,2025_okc_ind_api_20261005,0042400403,3,2025-06-11,1610612760,OKC,1631114,Jalen Williams,1610612754,IND,1641767,Ben Sheppard,63,6.1,17.451520000000002,8.68966,26.5,0,6,0,0,1,0,0,0,0.0,0,0,0.0,0,0,0,0,0,0,0,nba_boxscorematchupsv3
1,2024-25,Playoffs,NBA Finals,2025_okc_ind_api_20261005,0042400403,3,2025-06-11,1610612760,OKC,1631114,Jalen Williams,1610612754,IND,1627783,Pascal Siakam,46,5.2,7.33652,6.34483,11.600000000000001,3,5,0,0,0,0,0,2,0.0,0,0,0.0,3,3,2,0,0,0,0,nba_boxscorematchupsv3
1,2024-25,Playoffs,NBA Finals,2025_okc_ind_api_20261005,0042400403,3,2025-06-11,1610612760,OKC,1631114,Jalen Williams,1610612754,IND,1630167,Obi Toppin,17,2.4,2.86678,2.34483,7.000000000000001,0,0,0,0,0,1,0,1,0.0,0,0,0.0,0,0,0,0,0,0,0,nba_boxscorematchupsv3
1,2024-25,Playoffs,NBA Finals,2025_okc_ind_api_20261005,0042400403,3,2025-06-11,1610612760,OKC,1631114,Jalen Williams,1610612754,IND,1626167,Myles Turner,36,5.3,6.1749600000000004,4.96552,8.4,8,8,1,0,1,0,4,5,80.0,0,0,0.0,0,0,0,0,0,0,0,nba_boxscorematchupsv3
1,2024-25,Playoffs,NBA Finals,2025_okc_ind_api_20261005,0042400403,3,2025-06-11,1610612760,OKC,1631096,Chet Holmgren,1610612754,IND,1628418,Thomas Bryant,8,0.0,8.69565,1.1236,15.5,1,1,0,0,0,0,0,0,0.0,0,0,0.0,1,2,0,0,0,0,0,nba_boxscorematchupsv3
1,2024-25,Playoffs,NBA Finals,2025_okc_ind_api_20261005,0042400403,3,2025-06-11,1610612760,OKC,1631096,Chet Holmgren,1610612754,IND,1630169,Tyrese Haliburton,47,4.9,6.3685599999999996,6.601120000000001,7.3,0,7,1,0,0,0,0,2,0.0,0,2,0.0,0,0,0,0,0,0,0,nba_boxscorematchupsv3
1,2024-25,Playoffs,NBA Finals,2025_okc_ind_api_20261005,0042400403,3,2025-06-11,1610612760,OKC,1631096,Chet Holmgren,1610612754,IND,1631097,Bennedict Mathurin,21,1.6,4.29448,2.94944,6.0,0,5,0,0,0,0,0,0,0.0,0,0,0.0,0,0,0,0,0,0,0,nba_boxscorematchupsv3
1,2024-25,Playoffs,NBA Finals,2025_okc_ind_api_20261005,0042400403,3,2025-06-11,1610612760,OKC,1631096,Chet Holmgren,1610612754,IND,204456,T.J. McConnell,7,2.0,2.3569,0.98315,7.9,1,1,0,0,0,0,0,0,0.0,0,0,0.0,1,1,1,0,0,0,0,nba_boxscorematchupsv3
1,2024-25,Playoffs,NBA Finals,2025_okc_ind_api_20261005,0042400403,3,2025-06-11,1610612760,OKC,1631096,Chet Holmgren,1610612754,IND,1629614,Andrew Nembhard,21,1.8,3.0303,2.94944,3.5999999999999996,2,2,0,0,0,0,1,1,100.0,0,0,0.0,0,0,0,0,0,0,0,nba_boxscorematchupsv3
1,2024-25,Playoffs,NBA Finals,2025_okc_ind_api_20261005,0042400403,3,2025-06-11,1610612760,OKC,1631096,Chet Holmgren,1610612754,IND,1630174,Aaron Nesmith,14,2.4,3.41463,1.96629,6.2,2,6,0,0,0,0,0,0,0.0,0,0,0.0,2,2,1,0,0,0,0,nba_boxscorematchupsv3
1,2024-25,Playoffs,NBA Finals,2025_okc_ind_api_20261005,0042400403,3,2025-06-11,1610612760,OKC,1631096,Chet Holmgren,1610612754,IND,1641767,Ben Sheppard,4,1.0,1.1080299999999998,0.5618,4.2,0,0,0,0,0,0,0,0,0.0,0,0,0.0,0,0,0,0,0,0,0,nba_boxscorematchupsv3
1,2024-25,Playoffs,NBA Finals,2025_okc_ind_api_20261005,0042400403,3,2025-06-11,1610612760,OKC,1631096,Chet Holmgren,1610612754,IND,1627783,Pascal Siakam,66,6.1,10.52632,9.26966,13.100000000000001,0,2,0,0,1,0,0,1,0.0,0,0,0.0,0,0,0,0,0,0,0,nba_boxscorematchupsv3
1,2024-25,Playoffs,NBA Finals,2025_okc_ind_api_20261005,0042400403,3,2025-06-11,1610612760,OKC,1631096,Chet Holmgren,1610612754,IND,1630167,Obi Toppin,181,13.3,30.522769999999998,25.421349999999997,46.7,2,9,1,0,0,0,0,1,0.0,0,1,0.0,2,2,1,0,0,0,0,nba_boxscorematchupsv3
1,2024-25,Playoffs,NBA Finals,2025_okc_ind_api_20261005,0042400403,3,2025-06-11,1610612760,OKC,1631096,Chet Holmgren,1610612754,IND,1626167,Myles Turner,343,31.1,58.833619999999996,48.17416,70.1,12,36,0,0,0,4,5,9,55.60000000000001,0,3,0.0,2,2,1,0,0,0,0,nba_boxscorematchupsv3
1,2024-25,Playoffs,NBA Finals,2025_okc_ind_api_20261005,0042400403,3,2025-06-11,1610612760,OKC,1641717,Cason Wallace,1610612754,IND,1630169,Tyrese Haliburton,108,10.4,14.634150000000002,23.94678,37.8,2,13,1,0,0,0,1,2,50.0,0,1,0.0,0,0,0,0,0,0,0,nba_boxscorematchupsv3
1,2024-25,Playoffs,NBA Finals,2025_okc_ind_api_20261005,0042400403,3,2025-06-11,1610612760,OKC,1641717,Cason Wallace,1610612754,IND,1631097,Bennedict Mathurin,5,1.9,1.0224900000000001,1.10865,4.6,0,0,0,0,0,0,0,0,0.0,0,0,0.0,0,0,0,0,0,0,0,nba_boxscorematchupsv3
1,2024-25,Playoffs,NBA Finals,2025_okc_ind_api_20261005,0042400403,3,2025-06-11,1610612760,OKC,1641717,Cason Wallace,1610612754,IND,204456,T.J. McConnell,181,13.5,60.94275999999999,40.133039999999994,72.1,2,8,0,0,0,0,1,1,100.0,0,0,0.0,0,0,0,0,0,0,0,nba_boxscorematchupsv3
1,2024-25,Playoffs,NBA Finals,2025_okc_ind_api_20261005,0042400403,3,2025-06-11,1610612760,OKC,1641717,Cason Wallace,1610612754,IND,1629614,Andrew Nembhard,33,4.4,4.7619,7.31707,16.900000000000002,1,1,0,0,0,0,0,0,0.0,0,0,0.0,1,2,0,0,0,0,0,nba_boxscorematchupsv3
1,2024-25,Playoffs,NBA Finals,2025_okc_ind_api_20261005,0042400403,3,2025-06-11,1610612760,OKC,1641717,Cason Wallace,1610612754,IND,1630174,Aaron Nesmith,23,3.3,5.60976,5.09978,9.0,0,2,0,0,1,0,0,0,0.0,0,0,0.0,0,0,0,0,0,0,0,nba_boxscorematchupsv3
1,2024-25,Playoffs,NBA Finals,2025_okc_ind_api_20261005,0042400403,3,2025-06-11,1610612760,OKC,1641717,Cason Wallace,1610612754,IND,1641767,Ben Sheppard,7,1.3,1.93906,1.5521099999999999,6.2,0,3,0,0,0,0,0,0,0.0,0,0,0.0,0,0,0,0,0,0,0,nba_boxscorematchupsv3
1,2024-25,Playoffs,NBA Finals,2025_okc_ind_api_20261005,0042400403,3,2025-06-11,1610612760,OKC,1641717,Cason Wallace,1610612754,IND,1627783,Pascal Siakam,68,8.3,10.8453,15.07761,14.2,0,9,0,0,1,0,0,0,0.0,0,0,0.0,0,0,0,0,0,0,0,nba_boxscorematchupsv3
1,2024-25,Playoffs,NBA Finals,2025_okc_ind_api_20261005,0042400403,3,2025-06-11,1610612760,OKC,1641717,Cason Wallace,1610612754,IND,1630167,Obi Toppin,18,1.6,3.0354099999999997,3.9911299999999996,7.3999999999999995,2,2,0,0,0,0,1,1,100.0,0,0,0.0,0,0,0,0,0,0,0,nba_boxscorematchupsv3
1,2024-25,Playoffs,NBA Finals,2025_okc_ind_api_20261005,0042400403,3,2025-06-11,1610612760,OKC,1641717,Cason Wallace,1610612754,IND,1626167,Myles Turner,8,2.1,1.37221,1.77384,5.0,0,0,0,0,0,1,0,1,0.0,0,0,0.0,0,0,0,0,0,0,0,nba_boxscorematchupsv3
1,2024-25,Playoffs,NBA Finals,2025_okc_ind_api_20261005,0042400403,3,2025-06-11,1610612760,OKC,1628983,Shai Gilgeous-Alexander,1610612754,IND,1628418,Thomas Bryant,5,0.2,5.43478,0.55804,4.1000000000000005,2,2,0,0,0,0,0,0,0.0,0,0,0.0,2,2,1,0,0,0,0,nba_boxscorematchupsv3
1,2024-25,Playoffs,NBA Finals,2025_okc_ind_api_20261005,0042400403,3,2025-06-11,1610612760,OKC,1628983,Shai Gilgeous-Alexander,1610612754,IND,1630169,Tyrese Haliburton,20,2.5,2.71003,2.2321400000000002,3.4000000000000004,2,5,0,0,0,0,1,1,100.0,0,0,0.0,0,0,0,0,0,0,0,nba_boxscorematchupsv3
1,2024-25,Playoffs,NBA Finals,2025_okc_ind_api_20261005,0042400403,3,2025-06-11,1610612760,OKC,1628983,Shai Gilgeous-Alexander,1610612754,IND,1631097,Bennedict Mathurin,10,1.3,2.04499,1.1160700000000001,5.3,0,0,0,0,0,0,0,0,0.0,0,0,0.0,0,0,0,0,0,0,0,nba_boxscorematchupsv3
1,2024-25,Playoffs,NBA Finals,2025_okc_ind_api_20261005,0042400403,3,2025-06-11,1610612760,OKC,1628983,Shai Gilgeous-Alexander,1610612754,IND,204456,T.J. McConnell,7,1.5,2.3569,0.78125,6.9,0,0,0,0,0,0,0,0,0.0,0,0,0.0,0,0,0,0,0,0,0,nba_boxscorematchupsv3
1,2024-25,Playoffs,NBA Finals,2025_okc_ind_api_20261005,0042400403,3,2025-06-11,1610612760,OKC,1628983,Shai Gilgeous-Alexander,1610612754,IND,1629614,Andrew Nembhard,546,48.0,78.78788,60.9375,73.2,6,40,3,0,2,0,2,7,28.599999999999998,1,3,33.300000000000004,1,2,1,0,0,0,0,nba_boxscorematchupsv3
1,2024-25,Playoffs,NBA Finals,2025_okc_ind_api_20261005,0042400403,3,2025-06-11,1610612760,OKC,1628983,Shai Gilgeous-Alexander,1610612754,IND,1630174,Aaron Nesmith,32,4.1,7.80488,3.57143,10.8,4,4,0,0,0,1,2,3,66.7,0,0,0.0,0,0,0,0,0,0,0,nba_boxscorematchupsv3
1,2024-25,Playoffs,NBA Finals,2025_okc_ind_api_20261005,0042400403,3,2025-06-11,1610612760,OKC,1628983,Shai Gilgeous-Alexander,1610612754,IND,1641767,Ben Sheppard,161,13.2,44.59834,17.96875,51.9,6,13,1,0,1,0,2,5,40.0,0,0,0.0,2,2,0,0,0,0,0,nba_boxscorematchupsv3
1,2024-25,Playoffs,NBA Finals,2025_okc_ind_api_20261005,0042400403,3,2025-06-11,1610612760,OKC,1628983,Shai Gilgeous-Alexander,1610612754,IND,1627783,Pascal Siakam,54,5.4,8.612440000000001,6.02679,8.5,0,4,0,0,0,0,0,1,0.0,0,0,0.0,0,0,0,0,0,0,0,nba_boxscorematchupsv3
1,2024-25,Playoffs,NBA Finals,2025_okc_ind_api_20261005,0042400403,3,2025-06-11,1610612760,OKC,1628983,Shai Gilgeous-Alexander,1610612754,IND,1630167,Obi Toppin,29,5.0,4.89039,3.23661,9.3,0,5,0,0,1,0,0,0,0.0,0,0,0.0,0,0,0,0,0,0,0,nba_boxscorematchupsv3
1,2024-25,Playoffs,NBA Finals,2025_okc_ind_api_20261005,0042400403,3,2025-06-11,1610612760,OKC,1628983,Shai Gilgeous-Alexander,1610612754,IND,1626167,Myles Turner,32,3.3,5.48885,3.57143,6.0,4,4,0,0,1,0,2,2,100.0,0,0,0.0,0,0,0,0,0,0,0,nba_boxscorematchupsv3
1,2024-25,Playoffs,NBA Finals,2025_okc_ind_api_20261005,0042400403,3,2025-06-11,1610612760,OKC,1627936,Alex Caruso,1610612754,IND,1630169,Tyrese Haliburton,108,10.3,14.634150000000002,16.90141,23.1,0,7,0,0,0,0,0,0,0.0,0,0,0.0,0,0,0,0,0,0,0,nba_boxscorematchupsv3
1,2024-25,Playoffs,NBA Finals,2025_okc_ind_api_20261005,0042400403,3,2025-06-11,1610612760,OKC,1627936,Alex Caruso,1610612754,IND,1631097,Bennedict Mathurin,74,6.1,15.13292,11.58059,18.5,0,2,0,0,0,0,0,1,0.0,0,0,0.0,0,0,0,0,0,0,0,nba_boxscorematchupsv3
1,2024-25,Playoffs,NBA Finals,2025_okc_ind_api_20261005,0042400403,3,2025-06-11,1610612760,OKC,1627936,Alex Caruso,1610612754,IND,204456,T.J. McConnell,32,2.8,10.77441,5.007820000000001,10.6,0,2,1,0,0,0,0,0,0.0,0,0,0.0,0,0,0,0,0,0,0,nba_boxscorematchupsv3
1,2024-25,Playoffs,NBA Finals,2025_okc_ind_api_20261005,0042400403,3,2025-06-11,1610612760,OKC,1627936,Alex Caruso,1610612754,IND,1629614,Andrew Nembhard,14,2.5,2.0202,2.19092,5.0,0,3,1,0,0,0,0,0,0.0,0,0,0.0,0,0,0,0,0,0,0,nba_boxscorematchupsv3
1,2024-25,Playoffs,NBA Finals,2025_okc_ind_api_20261005,0042400403,3,2025-06-11,1610612760,OKC,1627936,Alex Caruso,1610612754,IND,1630174,Aaron Nesmith,34,3.0,8.292679999999999,5.32081,14.099999999999998,2,2,0,0,0,0,0,0,0.0,0,0,0.0,2,2,1,0,0,0,0,nba_boxscorematchupsv3
1,2024-25,Playoffs,NBA Finals,2025_okc_ind_api_20261005,0042400403,3,2025-06-11,1610612760,OKC,1627936,Alex Caruso,1610612754,IND,1641767,Ben Sheppard,35,4.1,9.69529,5.47731,10.0,0,6,1,0,0,0,0,0,0.0,0,0,0.0,0,0,0,0,0,0,0,nba_boxscorematchupsv3
1,2024-25,Playoffs,NBA Finals,2025_okc_ind_api_20261005,0042400403,3,2025-06-11,1610612760,OKC,1627936,Alex Caruso,1610612754,IND,1627783,Pascal Siakam,172,14.3,27.43222,26.91706,46.6,0,6,1,0,0,1,0,2,0.0,0,0,0.0,0,0,0,0,0,0,0,nba_boxscorematchupsv3
1,2024-25,Playoffs,NBA Finals,2025_okc_ind_api_20261005,0042400403,3,2025-06-11,1610612760,OKC,1627936,Alex Caruso,1610612754,IND,1630167,Obi Toppin,153,14.7,25.80101,23.94366,33.2,6,12,0,0,0,0,2,2,100.0,2,2,100.0,0,0,0,0,0,0,0,nba_boxscorematchupsv3
1,2024-25,Playoffs,NBA Finals,2025_okc_ind_api_20261005,0042400403,3,2025-06-11,1610612760,OKC,1627936,Alex Caruso,1610612754,IND,1626167,Myles Turner,17,1.9,2.91595,2.6604099999999997,5.8999999999999995,0,6,0,0,0,0,0,0,0.0,0,0,0.0,0,0,0,0,0,0,0,nba_boxscorematchupsv3
1,2024-25,Playoffs,NBA Finals,2025_okc_ind_api_20261005,0042400403,3,2025-06-11,1610612760,OKC,1628392,Isaiah Hartenstein,1610612754,IND,1628418,Thomas Bryant,61,3.7,66.30435,15.06173,76.0,0,3,0,0,0,0,0,0,0.0,0,0,0.0,0,0,0,0,0,0,0,nba_boxscorematchupsv3
1,2024-25,Playoffs,NBA Finals,2025_okc_ind_api_20261005,0042400403,3,2025-06-11,1610612760,OKC,1628392,Isaiah Hartenstein,1610612754,IND,1630169,Tyrese Haliburton,5,0.6,0.6775100000000001,1.23457,2.9000000000000004,0,0,0,0,0,0,0,0,0.0,0,0,0.0,0,0,0,0,0,0,0,nba_boxscorematchupsv3
1,2024-25,Playoffs,NBA Finals,2025_okc_ind_api_20261005,0042400403,3,2025-06-11,1610612760,OKC,1628392,Isaiah Hartenstein,1610612754,IND,1631097,Bennedict Mathurin,38,3.3,7.7709600000000005,9.382719999999999,13.3,0,2,0,0,1,0,0,0,0.0,0,0,0.0,0,0,0,0,0,0,0,nba_boxscorematchupsv3
1,2024-25,Playoffs,NBA Finals,2025_okc_ind_api_20261005,0042400403,3,2025-06-11,1610612760,OKC,1628392,Isaiah Hartenstein,1610612754,IND,204456,T.J. McConnell,6,0.9,2.0202,1.48148,5.5,0,2,0,0,0,0,0,0,0.0,0,0,0.0,0,0,0,0,0,0,0,nba_boxscorematchupsv3
1,2024-25,Playoffs,NBA Finals,2025_okc_ind_api_20261005,0042400403,3,2025-06-11,1610612760,OKC,1628392,Isaiah Hartenstein,1610612754,IND,1629614,Andrew Nembhard,12,1.7,1.7316000000000003,2.96296,7.6,0,4,0,0,0,0,0,0,0.0,0,0,0.0,0,0,0,0,0,0,0,nba_boxscorematchupsv3
1,2024-25,Playoffs,NBA Finals,2025_okc_ind_api_20261005,0042400403,3,2025-06-11,1610612760,OKC,1628392,Isaiah Hartenstein,1610612754,IND,1630174,Aaron Nesmith,2,0.7,0.4878,0.49383,5.4,0,0,0,0,0,0,0,0,0.0,0,0,0.0,0,0,0,0,0,0,0,nba_boxscorematchupsv3
1,2024-25,Playoffs,NBA Finals,2025_okc_ind_api_20261005,0042400403,3,2025-06-11,1610612760,OKC,1628392,Isaiah Hartenstein,1610612754,IND,1641767,Ben Sheppard,3,0.8,0.83102,0.74074,3.5999999999999996,0,0,0,0,0,0,0,0,0.0,0,0,0.0,0,0,0,0,0,0,0,nba_boxscorematchupsv3
1,2024-25,Playoffs,NBA Finals,2025_okc_ind_api_20261005,0042400403,3,2025-06-11,1610612760,OKC,1628392,Isaiah Hartenstein,1610612754,IND,1627783,Pascal Siakam,52,4.9,8.29346,12.83951,28.1,2,6,0,0,0,0,1,1,100.0,0,0,0.0,0,0,0,0,0,0,0,nba_boxscorematchupsv3
1,2024-25,Playoffs,NBA Finals,2025_okc_ind_api_20261005,0042400403,3,2025-06-11,1610612760,OKC,1628392,Isaiah Hartenstein,1610612754,IND,1630167,Obi Toppin,98,6.3,16.52614,24.19753,30.0,2,9,0,0,0,0,1,1,100.0,0,0,0.0,0,0,0,0,0,0,0,nba_boxscorematchupsv3
1,2024-25,Playoffs,NBA Finals,2025_okc_ind_api_20261005,0042400403,3,2025-06-11,1610612760,OKC,1628392,Isaiah Hartenstein,1610612754,IND,1626167,Myles Turner,128,11.4,21.9554,31.60494,70.8,0,6,0,0,1,0,0,1,0.0,0,0,0.0,0,0,0,0,0,0,0,nba_boxscorematchupsv3
1,2024-25,Playoffs,NBA Finals,2025_okc_ind_api_20261005,0042400403,3,2025-06-11,1610612760,OKC,1630598,Aaron Wiggins,1610612754,IND,1630169,Tyrese Haliburton,18,2.4,2.43902,9.090910000000001,26.900000000000002,0,2,0,0,1,1,0,0,0.0,0,0,0.0,0,0,0,0,0,0,0,nba_boxscorematchupsv3
1,2024-25,Playoffs,NBA Finals,2025_okc_ind_api_20261005,0042400403,3,2025-06-11,1610612760,OKC,1630598,Aaron Wiggins,1610612754,IND,1631097,Bennedict Mathurin,40,4.4,8.17996,20.20202,35.099999999999994,0,2,0,0,0,1,0,1,0.0,0,0,0.0,0,0,0,0,0,0,0,nba_boxscorematchupsv3
1,2024-25,Playoffs,NBA Finals,2025_okc_ind_api_20261005,0042400403,3,2025-06-11,1610612760,OKC,1630598,Aaron Wiggins,1610612754,IND,204456,T.J. McConnell,16,2.1,5.38721,8.08081,11.799999999999999,0,3,0,0,0,0,0,0,0.0,0,0,0.0,0,0,0,0,0,0,0,nba_boxscorematchupsv3
1,2024-25,Playoffs,NBA Finals,2025_okc_ind_api_20261005,0042400403,3,2025-06-11,1610612760,OKC,1630598,Aaron Wiggins,1610612754,IND,1629614,Andrew Nembhard,4,0.6,0.5772,2.0202,6.0,0,0,0,0,0,0,0,0,0.0,0,0,0.0,0,0,0,0,0,0,0,nba_boxscorematchupsv3
1,2024-25,Playoffs,NBA Finals,2025_okc_ind_api_20261005,0042400403,3,2025-06-11,1610612760,OKC,1630598,Aaron Wiggins,1610612754,IND,1630174,Aaron Nesmith,19,1.0,4.63415,9.59596,32.7,0,0,0,0,0,0,0,0,0.0,0,0,0.0,0,0,0,0,0,0,0,nba_boxscorematchupsv3
1,2024-25,Playoffs,NBA Finals,2025_okc_ind_api_20261005,0042400403,3,2025-06-11,1610612760,OKC,1630598,Aaron Wiggins,1610612754,IND,1641767,Ben Sheppard,72,6.1,19.9446,36.363640000000004,52.900000000000006,0,10,1,0,0,0,0,0,0.0,0,0,0.0,0,0,0,0,0,0,0,nba_boxscorematchupsv3
1,2024-25,Playoffs,NBA Finals,2025_okc_ind_api_20261005,0042400403,3,2025-06-11,1610612760,OKC,1630598,Aaron Wiggins,1610612754,IND,1627783,Pascal Siakam,20,1.4,3.18979,10.10101,12.9,0,4,1,0,0,0,0,0,0.0,0,0,0.0,0,0,0,0,0,0,0,nba_boxscorematchupsv3
1,2024-25,Playoffs,NBA Finals,2025_okc_ind_api_20261005,0042400403,3,2025-06-11,1610612760,OKC,1630598,Aaron Wiggins,1610612754,IND,1630167,Obi Toppin,9,2.5,1.5177100000000001,4.54545,6.2,0,0,0,0,0,0,0,0,0.0,0,0,0.0,0,0,0,0,0,0,0,nba_boxscorematchupsv3
1,2024-25,Playoffs,NBA Finals,2025_okc_ind_api_20261005,0042400403,3,2025-06-11,1610612760,OKC,1630198,Isaiah Joe,1610612754,IND,1630169,Tyrese Haliburton,39,1.0,5.284549999999999,41.05263,45.1,3,3,0,0,0,0,1,1,100.0,1,1,100.0,0,0,0,0,0,0,0,nba_boxscorematchupsv3
1,2024-25,Playoffs,NBA Finals,2025_okc_ind_api_20261005,0042400403,3,2025-06-11,1610612760,OKC,1630198,Isaiah Joe,1610612754,IND,1631097,Bennedict Mathurin,8,1.9,1.63599,8.42105,12.3,0,0,0,0,0,0,0,0,0.0,0,0,0.0,0,0,0,0,0,0,0,nba_boxscorematchupsv3
1,2024-25,Playoffs,NBA Finals,2025_okc_ind_api_20261005,0042400403,3,2025-06-11,1610612760,OKC,1630198,Isaiah Joe,1610612754,IND,204456,T.J. McConnell,26,2.0,8.75421,27.36842,54.900000000000006,0,2,0,0,0,0,0,0,0.0,0,0,0.0,0,0,0,0,0,0,0,nba_boxscorematchupsv3
1,2024-25,Playoffs,NBA Finals,2025_okc_ind_api_20261005,0042400403,3,2025-06-11,1610612760,OKC,1630198,Isaiah Joe,1610612754,IND,1630174,Aaron Nesmith,12,0.0,2.9268300000000003,12.631580000000001,57.099999999999994,0,0,0,0,0,0,0,0,0.0,0,0,0.0,0,0,0,0,0,0,0,nba_boxscorematchupsv3
1,2024-25,Playoffs,NBA Finals,2025_okc_ind_api_20261005,0042400403,3,2025-06-11,1610612760,OKC,1630198,Isaiah Joe,1610612754,IND,1630167,Obi Toppin,5,0.1,0.84317,5.26316,6.2,0,0,0,0,0,0,0,0,0.0,0,0,0.0,0,0,0,0,0,0,0,nba_boxscorematchupsv3
1,2024-25,Playoffs,NBA Finals,2025_okc_ind_api_20261005,0042400403,3,2025-06-11,1610612760,OKC,1630198,Isaiah Joe,1610612754,IND,1626167,Myles Turner,5,0.0,0.85763,5.26316,5.2,3,3,0,0,0,0,1,1,100.0,1,1,100.0,0,0,0,0,0,0,0,nba_boxscorematchupsv3
1,2024-25,Playoffs,NBA Finals,2025_okc_ind_api_20261005,0042400403,3,2025-06-11,1610612760,OKC,1631119,Jaylin Williams,1610612754,IND,1627783,Pascal Siakam,13,0.0,2.07337,100.0,89.0,0,0,0,0,0,0,0,0,0.0,0,0,0.0,0,0,0,0,0,0,0,nba_boxscorematchupsv3
1,2024-25,Playoffs,NBA Finals,2025_okc_ind_api_20261005,0042400403,3,2025-06-11,1610612760,OKC,1629026,Kenrich Williams,1610612754,IND,1630169,Tyrese Haliburton,2,0.1,0.271,5.0,11.200000000000001,0,0,0,0,0,0,0,0,0.0,0,0,0.0,0,0,0,0,0,0,0,nba_boxscorematchupsv3
1,2024-25,Playoffs,NBA Finals,2025_okc_ind_api_20261005,0042400403,3,2025-06-11,1610612760,OKC,1629026,Kenrich Williams,1610612754,IND,1629614,Andrew Nembhard,1,0.0,0.1443,2.5,3.8,0,0,0,0,0,0,0,0,0.0,0,0,0.0,0,0,0,0,0,0,0,nba_boxscorematchupsv3
1,2024-25,Playoffs,NBA Finals,2025_okc_ind_api_20261005,0042400403,3,2025-06-11,1610612760,OKC,1629026,Kenrich Williams,1610612754,IND,1627783,Pascal Siakam,3,0.0,0.47847,7.5,100.0,0,0,0,0,0,0,0,0,0.0,0,0,0.0,0,0,0,0,0,0,0,nba_boxscorematchupsv3
1,2024-25,Playoffs,NBA Finals,2025_okc_ind_api_20261005,0042400403,3,2025-06-11,1610612760,OKC,1629026,Kenrich Williams,1610612754,IND,1630167,Obi Toppin,34,1.9,5.73356,85.0,76.6,0,6,0,0,0,0,0,1,0.0,0,1,0.0,0,0,0,0,0,0,0,nba_boxscorematchupsv3
1,2024-25,Playoffs,NBA Finals,2025_okc_ind_api_20261005,0042400404,4,2025-06-13,1610612754,IND,1630174,Aaron Nesmith,1610612760,OKC,1627936,Alex Caruso,115,6.7,15.97222,16.35846,26.400000000000002,0,2,0,0,0,0,0,2,0.0,0,2,0.0,0,0,0,0,0,0,0,nba_boxscorematchupsv3
1,2024-25,Playoffs,NBA Finals,2025_okc_ind_api_20261005,0042400404,4,2025-06-13,1610612754,IND,1630174,Aaron Nesmith,1610612760,OKC,1629652,Luguentz Dort,74,5.5,10.0271,10.52632,12.4,5,5,0,0,0,0,1,3,33.300000000000004,1,2,50.0,2,2,0,0,0,0,0,nba_boxscorematchupsv3
1,2024-25,Playoffs,NBA Finals,2025_okc_ind_api_20261005,0042400404,4,2025-06-13,1610612754,IND,1630174,Aaron Nesmith,1610612760,OKC,1628983,Shai Gilgeous-Alexander,203,14.9,21.8986,28.876239999999996,31.8,0,9,1,0,0,0,0,0,0.0,0,0,0.0,0,0,0,0,0,0,0,nba_boxscorematchupsv3
1,2024-25,Playoffs,NBA Finals,2025_okc_ind_api_20261005,0042400404,4,2025-06-13,1610612754,IND,1630174,Aaron Nesmith,1610612760,OKC,1628392,Isaiah Hartenstein,28,2.0,5.74949,3.9829299999999996,7.7,3,3,0,0,0,0,1,1,100.0,1,1,100.0,0,0,0,0,0,0,0,nba_boxscorematchupsv3
1,2024-25,Playoffs,NBA Finals,2025_okc_ind_api_20261005,0042400404,4,2025-06-13,1610612754,IND,1630174,Aaron Nesmith,1610612760,OKC,1631096,Chet Holmgren,44,4.3,5.35932,6.25889,8.200000000000001,0,5,0,0,0,1,0,1,0.0,0,0,0.0,0,0,0,0,0,0,0,nba_boxscorematchupsv3
1,2024-25,Playoffs,NBA Finals,2025_okc_ind_api_20261005,0042400404,4,2025-06-13,1610612754,IND,1630174,Aaron Nesmith,1610612760,OKC,1641717,Cason Wallace,64,3.2,14.096919999999999,9.10384,19.6,0,6,0,0,0,0,0,2,0.0,0,0,0.0,0,0,0,0,0,0,0,nba_boxscorematchupsv3
1,2024-25,Playoffs,NBA Finals,2025_okc_ind_api_20261005,0042400404,4,2025-06-13,1610612754,IND,1630174,Aaron Nesmith,1610612760,OKC,1630598,Aaron Wiggins,14,1.0,7.9096,1.99147,48.199999999999996,0,0,0,0,0,0,0,0,0.0,0,0,0.0,0,0,0,0,0,0,0,nba_boxscorematchupsv3
1,2024-25,Playoffs,NBA Finals,2025_okc_ind_api_20261005,0042400404,4,2025-06-13,1610612754,IND,1630174,Aaron Nesmith,1610612760,OKC,1631114,Jalen Williams,135,12.4,16.66667,19.20341,28.999999999999996,0,10,1,0,0,0,0,0,0.0,0,0,0.0,0,0,0,0,0,0,0,nba_boxscorematchupsv3
1,2024-25,Playoffs,NBA Finals,2025_okc_ind_api_20261005,0042400404,4,2025-06-13,1610612754,IND,1630174,Aaron Nesmith,1610612760,OKC,1629026,Kenrich Williams,26,1.9,9.73783,3.69844,17.1,0,2,0,0,0,0,0,0,0.0,0,0,0.0,0,0,0,0,0,0,0,nba_boxscorematchupsv3
1,2024-25,Playoffs,NBA Finals,2025_okc_ind_api_20261005,0042400404,4,2025-06-13,1610612754,IND,1627783,Pascal Siakam,1610612760,OKC,1627936,Alex Caruso,96,5.0,13.333329999999998,11.98502,18.6,1,6,1,0,0,0,0,0,0.0,0,0,0.0,1,2,1,0,0,0,0,nba_boxscorematchupsv3
1,2024-25,Playoffs,NBA Finals,2025_okc_ind_api_20261005,0042400404,4,2025-06-13,1610612754,IND,1627783,Pascal Siakam,1610612760,OKC,1629652,Luguentz Dort,33,6.3,4.47154,4.11985,12.3,5,8,0,0,0,0,1,1,100.0,1,1,100.0,2,2,1,0,0,0,0,nba_boxscorematchupsv3
1,2024-25,Playoffs,NBA Finals,2025_okc_ind_api_20261005,0042400404,4,2025-06-13,1610612754,IND,1627783,Pascal Siakam,1610612760,OKC,1628983,Shai Gilgeous-Alexander,62,3.8,6.6882399999999995,7.7403200000000005,8.799999999999999,5,10,1,0,0,0,2,2,100.0,1,1,100.0,0,0,0,0,0,0,0,nba_boxscorematchupsv3
1,2024-25,Playoffs,NBA Finals,2025_okc_ind_api_20261005,0042400404,4,2025-06-13,1610612754,IND,1627783,Pascal Siakam,1610612760,OKC,1628392,Isaiah Hartenstein,105,9.1,21.560570000000002,13.10861,30.0,0,9,1,0,0,0,0,3,0.0,0,2,0.0,0,0,0,0,0,0,0,nba_boxscorematchupsv3
1,2024-25,Playoffs,NBA Finals,2025_okc_ind_api_20261005,0042400404,4,2025-06-13,1610612754,IND,1627783,Pascal Siakam,1610612760,OKC,1631096,Chet Holmgren,101,10.1,12.30207,12.60924,15.7,4,6,0,0,0,0,1,3,33.300000000000004,0,1,0.0,2,2,1,0,0,0,0,nba_boxscorematchupsv3
1,2024-25,Playoffs,NBA Finals,2025_okc_ind_api_20261005,0042400404,4,2025-06-13,1610612754,IND,1627783,Pascal Siakam,1610612760,OKC,1641717,Cason Wallace,21,1.3,4.62555,2.62172,7.8,0,3,0,0,0,0,0,2,0.0,0,0,0.0,0,0,0,0,0,0,0,nba_boxscorematchupsv3
1,2024-25,Playoffs,NBA Finals,2025_okc_ind_api_20261005,0042400404,4,2025-06-13,1610612754,IND,1627783,Pascal Siakam,1610612760,OKC,1630598,Aaron Wiggins,35,2.9,19.77401,4.369540000000001,28.4,2,5,0,0,0,0,1,2,50.0,0,0,0.0,0,0,0,0,0,0,0,nba_boxscorematchupsv3
1,2024-25,Playoffs,NBA Finals,2025_okc_ind_api_20261005,0042400404,4,2025-06-13,1610612754,IND,1627783,Pascal Siakam,1610612760,OKC,1631114,Jalen Williams,249,17.0,30.74074,31.08614,37.0,3,15,2,0,0,0,1,1,100.0,0,0,0.0,1,2,1,0,0,0,0,nba_boxscorematchupsv3
1,2024-25,Playoffs,NBA Finals,2025_okc_ind_api_20261005,0042400404,4,2025-06-13,1610612754,IND,1627783,Pascal Siakam,1610612760,OKC,1629026,Kenrich Williams,99,10.6,37.07865,12.35955,61.5,0,6,0,0,1,0,0,1,0.0,0,1,0.0,0,0,0,0,0,0,0,nba_boxscorematchupsv3
1,2024-25,Playoffs,NBA Finals,2025_okc_ind_api_20261005,0042400404,4,2025-06-13,1610612754,IND,1626167,Myles Turner,1610612760,OKC,1627936,Alex Caruso,62,3.3,8.61111,8.51648,13.3,0,7,0,0,1,0,0,0,0.0,0,0,0.0,0,0,0,0,0,0,0,nba_boxscorematchupsv3
1,2024-25,Playoffs,NBA Finals,2025_okc_ind_api_20261005,0042400404,4,2025-06-13,1610612754,IND,1626167,Myles Turner,1610612760,OKC,1629652,Luguentz Dort,52,2.7,7.04607,7.14286,9.1,2,6,0,0,0,0,1,2,50.0,0,1,0.0,0,0,0,0,0,0,0,nba_boxscorematchupsv3
1,2024-25,Playoffs,NBA Finals,2025_okc_ind_api_20261005,0042400404,4,2025-06-13,1610612754,IND,1626167,Myles Turner,1610612760,OKC,1628983,Shai Gilgeous-Alexander,62,4.5,6.6882399999999995,8.51648,8.799999999999999,0,0,0,0,0,0,0,0,0.0,0,0,0.0,0,0,0,0,0,0,0,nba_boxscorematchupsv3
1,2024-25,Playoffs,NBA Finals,2025_okc_ind_api_20261005,0042400404,4,2025-06-13,1610612754,IND,1626167,Myles Turner,1610612760,OKC,1628392,Isaiah Hartenstein,120,12.3,24.64066,16.48352,36.4,6,14,0,0,0,0,1,3,33.300000000000004,0,2,0.0,4,4,2,0,0,0,0,nba_boxscorematchupsv3
1,2024-25,Playoffs,NBA Finals,2025_okc_ind_api_20261005,0042400404,4,2025-06-13,1610612754,IND,1626167,Myles Turner,1610612760,OKC,1631096,Chet Holmgren,271,19.7,33.00853,37.22527,53.5,2,17,1,0,0,0,1,4,25.0,0,3,0.0,0,0,0,0,0,0,0,nba_boxscorematchupsv3
1,2024-25,Playoffs,NBA Finals,2025_okc_ind_api_20261005,0042400404,4,2025-06-13,1610612754,IND,1626167,Myles Turner,1610612760,OKC,1630198,Isaiah Joe,4,0.5,4.65116,0.54945,5.800000000000001,0,0,0,0,0,0,0,0,0.0,0,0,0.0,0,0,0,0,0,0,0,nba_boxscorematchupsv3
1,2024-25,Playoffs,NBA Finals,2025_okc_ind_api_20261005,0042400404,4,2025-06-13,1610612754,IND,1626167,Myles Turner,1610612760,OKC,1641717,Cason Wallace,16,0.9,3.5242299999999998,2.1978,7.3,2,2,0,0,0,0,0,0,0.0,0,0,0.0,2,2,0,0,0,0,0,nba_boxscorematchupsv3
1,2024-25,Playoffs,NBA Finals,2025_okc_ind_api_20261005,0042400404,4,2025-06-13,1610612754,IND,1626167,Myles Turner,1610612760,OKC,1630598,Aaron Wiggins,2,0.2,1.12994,0.27473,2.3,0,0,0,0,0,0,0,0,0.0,0,0,0.0,0,0,0,0,0,0,0,nba_boxscorematchupsv3
1,2024-25,Playoffs,NBA Finals,2025_okc_ind_api_20261005,0042400404,4,2025-06-13,1610612754,IND,1626167,Myles Turner,1610612760,OKC,1631114,Jalen Williams,96,7.0,11.85185,13.18681,18.2,0,10,1,0,0,0,0,1,0.0,0,0,0.0,0,0,0,0,0,0,0,nba_boxscorematchupsv3
1,2024-25,Playoffs,NBA Finals,2025_okc_ind_api_20261005,0042400404,4,2025-06-13,1610612754,IND,1626167,Myles Turner,1610612760,OKC,1629026,Kenrich Williams,43,2.3,16.10487,5.90659,19.3,0,3,0,0,0,0,0,0,0.0,0,0,0.0,0,0,0,0,0,0,0,nba_boxscorematchupsv3
1,2024-25,Playoffs,NBA Finals,2025_okc_ind_api_20261005,0042400404,4,2025-06-13,1610612754,IND,1629614,Andrew Nembhard,1610612760,OKC,1627936,Alex Caruso,182,13.7,25.27778,22.63682,37.9,3,18,0,0,1,1,1,2,50.0,1,1,100.0,0,0,0,0,0,0,0,nba_boxscorematchupsv3
1,2024-25,Playoffs,NBA Finals,2025_okc_ind_api_20261005,0042400404,4,2025-06-13,1610612754,IND,1629614,Andrew Nembhard,1610612760,OKC,1629652,Luguentz Dort,112,5.3,15.17615,13.930349999999999,15.1,3,7,0,0,0,0,1,1,100.0,1,1,100.0,0,0,0,0,0,0,0,nba_boxscorematchupsv3
1,2024-25,Playoffs,NBA Finals,2025_okc_ind_api_20261005,0042400404,4,2025-06-13,1610612754,IND,1629614,Andrew Nembhard,1610612760,OKC,1628983,Shai Gilgeous-Alexander,190,19.0,20.49622,23.63184,28.1,0,9,0,0,1,0,0,0,0.0,0,0,0.0,0,0,0,0,0,0,0,nba_boxscorematchupsv3
1,2024-25,Playoffs,NBA Finals,2025_okc_ind_api_20261005,0042400404,4,2025-06-13,1610612754,IND,1629614,Andrew Nembhard,1610612760,OKC,1628392,Isaiah Hartenstein,37,2.6,7.5975399999999995,4.601990000000001,7.9,2,7,1,0,0,0,1,1,100.0,0,0,0.0,0,0,0,0,0,0,0,nba_boxscorematchupsv3
1,2024-25,Playoffs,NBA Finals,2025_okc_ind_api_20261005,0042400404,4,2025-06-13,1610612754,IND,1629614,Andrew Nembhard,1610612760,OKC,1631096,Chet Holmgren,56,3.7,6.820950000000001,6.96517,10.0,0,8,1,0,0,0,0,1,0.0,0,0,0.0,0,0,0,0,0,0,0,nba_boxscorematchupsv3
1,2024-25,Playoffs,NBA Finals,2025_okc_ind_api_20261005,0042400404,4,2025-06-13,1610612754,IND,1629614,Andrew Nembhard,1610612760,OKC,1630198,Isaiah Joe,19,1.8,22.09302,2.3631800000000003,24.9,0,2,0,0,1,0,0,0,0.0,0,0,0.0,0,0,0,0,0,0,0,nba_boxscorematchupsv3
1,2024-25,Playoffs,NBA Finals,2025_okc_ind_api_20261005,0042400404,4,2025-06-13,1610612754,IND,1629614,Andrew Nembhard,1610612760,OKC,1641717,Cason Wallace,66,5.2,14.537439999999998,8.20896,21.6,0,2,0,0,0,0,0,1,0.0,0,1,0.0,0,0,0,0,0,0,0,nba_boxscorematchupsv3
1,2024-25,Playoffs,NBA Finals,2025_okc_ind_api_20261005,0042400404,4,2025-06-13,1610612754,IND,1629614,Andrew Nembhard,1610612760,OKC,1630598,Aaron Wiggins,32,2.0,18.0791,3.9801,63.6,0,3,0,0,0,0,0,0,0.0,0,0,0.0,0,0,0,0,0,0,0,nba_boxscorematchupsv3
1,2024-25,Playoffs,NBA Finals,2025_okc_ind_api_20261005,0042400404,4,2025-06-13,1610612754,IND,1629614,Andrew Nembhard,1610612760,OKC,1631114,Jalen Williams,101,9.5,12.46914,12.562190000000001,14.899999999999999,2,9,0,0,1,0,1,3,33.300000000000004,0,1,0.0,0,0,0,0,0,0,0,nba_boxscorematchupsv3
1,2024-25,Playoffs,NBA Finals,2025_okc_ind_api_20261005,0042400404,4,2025-06-13,1610612754,IND,1629614,Andrew Nembhard,1610612760,OKC,1629026,Kenrich Williams,9,0.4,3.37079,1.1194000000000002,4.9,0,0,0,0,0,0,0,0,0.0,0,0,0.0,0,0,0,0,0,0,0,nba_boxscorematchupsv3
1,2024-25,Playoffs,NBA Finals,2025_okc_ind_api_20261005,0042400404,4,2025-06-13,1610612754,IND,1630169,Tyrese Haliburton,1610612760,OKC,1627936,Alex Caruso,111,11.3,15.41667,13.553109999999998,20.0,3,5,0,0,1,0,1,1,100.0,0,0,0.0,1,1,1,0,0,0,0,nba_boxscorematchupsv3
1,2024-25,Playoffs,NBA Finals,2025_okc_ind_api_20261005,0042400404,4,2025-06-13,1610612754,IND,1630169,Tyrese Haliburton,1610612760,OKC,1629652,Luguentz Dort,393,31.2,53.25203,47.98535,53.2,3,23,1,0,2,0,1,3,33.300000000000004,1,1,100.0,0,0,0,0,0,0,0,nba_boxscorematchupsv3
1,2024-25,Playoffs,NBA Finals,2025_okc_ind_api_20261005,0042400404,4,2025-06-13,1610612754,IND,1630169,Tyrese Haliburton,1610612760,OKC,1628983,Shai Gilgeous-Alexander,126,10.7,13.592229999999999,15.384619999999998,16.2,6,23,4,0,0,1,3,4,75.0,0,1,0.0,0,0,0,0,0,0,0,nba_boxscorematchupsv3
1,2024-25,Playoffs,NBA Finals,2025_okc_ind_api_20261005,0042400404,4,2025-06-13,1610612754,IND,1630169,Tyrese Haliburton,1610612760,OKC,1628392,Isaiah Hartenstein,27,2.2,5.54415,3.2967000000000004,6.800000000000001,0,0,0,0,1,0,0,0,0.0,0,0,0.0,0,0,0,0,0,0,0,nba_boxscorematchupsv3
1,2024-25,Playoffs,NBA Finals,2025_okc_ind_api_20261005,0042400404,4,2025-06-13,1610612754,IND,1630169,Tyrese Haliburton,1610612760,OKC,1631096,Chet Holmgren,82,6.1,9.98782,10.012210000000001,12.5,6,6,0,0,0,0,2,5,40.0,0,3,0.0,2,2,1,0,0,0,0,nba_boxscorematchupsv3
1,2024-25,Playoffs,NBA Finals,2025_okc_ind_api_20261005,0042400404,4,2025-06-13,1610612754,IND,1630169,Tyrese Haliburton,1610612760,OKC,1641717,Cason Wallace,16,1.0,3.5242299999999998,1.9536000000000002,8.6,0,2,0,0,0,0,0,0,0.0,0,0,0.0,0,0,0,0,0,0,0,nba_boxscorematchupsv3
1,2024-25,Playoffs,NBA Finals,2025_okc_ind_api_20261005,0042400404,4,2025-06-13,1610612754,IND,1630169,Tyrese Haliburton,1610612760,OKC,1630598,Aaron Wiggins,13,0.7,7.34463,1.5873000000000002,7.1,0,0,0,0,0,0,0,1,0.0,0,1,0.0,0,0,0,0,0,0,0,nba_boxscorematchupsv3
1,2024-25,Playoffs,NBA Finals,2025_okc_ind_api_20261005,0042400404,4,2025-06-13,1610612754,IND,1630169,Tyrese Haliburton,1610612760,OKC,1631114,Jalen Williams,45,5.3,5.55556,5.49451,8.6,0,5,2,0,0,0,0,0,0.0,0,0,0.0,0,0,0,0,0,0,0,nba_boxscorematchupsv3
1,2024-25,Playoffs,NBA Finals,2025_okc_ind_api_20261005,0042400404,4,2025-06-13,1610612754,IND,1630169,Tyrese Haliburton,1610612760,OKC,1629026,Kenrich Williams,6,0.0,2.24719,0.7326,14.2,0,0,0,0,0,0,0,0,0.0,0,0,0.0,0,0,0,0,0,0,0,nba_boxscorematchupsv3
1,2024-25,Playoffs,NBA Finals,2025_okc_ind_api_20261005,0042400404,4,2025-06-13,1610612754,IND,1641767,Ben Sheppard,1610612760,OKC,1627936,Alex Caruso,5,0.3,0.69444,1.80505,2.7,0,0,0,0,0,0,0,0,0.0,0,0,0.0,0,0,0,0,0,0,0,nba_boxscorematchupsv3
1,2024-25,Playoffs,NBA Finals,2025_okc_ind_api_20261005,0042400404,4,2025-06-13,1610612754,IND,1641767,Ben Sheppard,1610612760,OKC,1629652,Luguentz Dort,28,3.0,3.79404,10.1083,14.6,0,6,0,0,1,0,0,0,0.0,0,0,0.0,0,0,0,0,0,0,0,nba_boxscorematchupsv3
1,2024-25,Playoffs,NBA Finals,2025_okc_ind_api_20261005,0042400404,4,2025-06-13,1610612754,IND,1641767,Ben Sheppard,1610612760,OKC,1628983,Shai Gilgeous-Alexander,128,6.9,13.80798,46.20939,50.0,0,4,0,0,0,0,0,0,0.0,0,0,0.0,0,0,0,0,0,0,0,nba_boxscorematchupsv3
1,2024-25,Playoffs,NBA Finals,2025_okc_ind_api_20261005,0042400404,4,2025-06-13,1610612754,IND,1641767,Ben Sheppard,1610612760,OKC,1628392,Isaiah Hartenstein,3,0.5,0.61602,1.08303,3.6999999999999997,0,3,0,0,0,0,0,0,0.0,0,0,0.0,0,0,0,0,0,0,0,nba_boxscorematchupsv3
1,2024-25,Playoffs,NBA Finals,2025_okc_ind_api_20261005,0042400404,4,2025-06-13,1610612754,IND,1641767,Ben Sheppard,1610612760,OKC,1631096,Chet Holmgren,1,0.3,0.12179999999999999,0.36101,4.1000000000000005,0,0,0,0,0,0,0,0,0.0,0,0,0.0,0,0,0,0,0,0,0,nba_boxscorematchupsv3
1,2024-25,Playoffs,NBA Finals,2025_okc_ind_api_20261005,0042400404,4,2025-06-13,1610612754,IND,1641767,Ben Sheppard,1610612760,OKC,1630198,Isaiah Joe,12,0.4,13.953489999999999,4.33213,44.4,0,0,0,0,0,0,0,0,0.0,0,0,0.0,0,0,0,0,0,0,0,nba_boxscorematchupsv3
1,2024-25,Playoffs,NBA Finals,2025_okc_ind_api_20261005,0042400404,4,2025-06-13,1610612754,IND,1641767,Ben Sheppard,1610612760,OKC,1641717,Cason Wallace,43,3.1,9.47137,15.52347,36.6,3,5,0,0,0,0,1,1,100.0,1,1,100.0,0,0,0,0,0,0,0,nba_boxscorematchupsv3
1,2024-25,Playoffs,NBA Finals,2025_okc_ind_api_20261005,0042400404,4,2025-06-13,1610612754,IND,1641767,Ben Sheppard,1610612760,OKC,1630598,Aaron Wiggins,12,0.8,6.77966,4.33213,20.599999999999998,0,0,0,0,0,0,0,0,0.0,0,0,0.0,0,0,0,0,0,0,0,nba_boxscorematchupsv3
1,2024-25,Playoffs,NBA Finals,2025_okc_ind_api_20261005,0042400404,4,2025-06-13,1610612754,IND,1641767,Ben Sheppard,1610612760,OKC,1631114,Jalen Williams,45,3.0,5.55556,16.24549,36.9,0,5,0,0,0,0,0,0,0.0,0,0,0.0,0,0,0,0,0,0,0,nba_boxscorematchupsv3
1,2024-25,Playoffs,NBA Finals,2025_okc_ind_api_20261005,0042400404,4,2025-06-13,1610612754,IND,1630167,Obi Toppin,1610612760,OKC,1627936,Alex Caruso,70,5.0,9.72222,10.78582,14.000000000000002,3,5,0,0,0,0,1,1,100.0,1,1,100.0,0,0,0,0,0,0,0,nba_boxscorematchupsv3
1,2024-25,Playoffs,NBA Finals,2025_okc_ind_api_20261005,0042400404,4,2025-06-13,1610612754,IND,1630167,Obi Toppin,1610612760,OKC,1629652,Luguentz Dort,18,2.8,2.43902,2.7735,5.6000000000000005,1,3,0,0,0,0,0,0,0.0,0,0,0.0,1,2,0,0,0,0,0,nba_boxscorematchupsv3
1,2024-25,Playoffs,NBA Finals,2025_okc_ind_api_20261005,0042400404,4,2025-06-13,1610612754,IND,1630167,Obi Toppin,1610612760,OKC,1628983,Shai Gilgeous-Alexander,49,3.3,5.28587,7.55008,9.8,7,7,0,0,0,0,3,3,100.0,1,1,100.0,0,0,0,0,0,0,0,nba_boxscorematchupsv3
1,2024-25,Playoffs,NBA Finals,2025_okc_ind_api_20261005,0042400404,4,2025-06-13,1610612754,IND,1630167,Obi Toppin,1610612760,OKC,1628392,Isaiah Hartenstein,164,9.5,33.67556,25.26965,61.5,4,11,0,0,0,0,2,2,100.0,0,0,0.0,0,0,0,0,0,0,0,nba_boxscorematchupsv3
1,2024-25,Playoffs,NBA Finals,2025_okc_ind_api_20261005,0042400404,4,2025-06-13,1610612754,IND,1630167,Obi Toppin,1610612760,OKC,1631096,Chet Holmgren,170,14.5,20.70646,26.194139999999997,38.9,2,6,0,0,0,0,1,2,50.0,0,1,0.0,0,0,0,0,0,0,0,nba_boxscorematchupsv3
1,2024-25,Playoffs,NBA Finals,2025_okc_ind_api_20261005,0042400404,4,2025-06-13,1610612754,IND,1630167,Obi Toppin,1610612760,OKC,1630198,Isaiah Joe,8,0.4,9.30233,1.23267,32.0,0,3,0,0,0,0,0,0,0.0,0,0,0.0,0,0,0,0,0,0,0,nba_boxscorematchupsv3
1,2024-25,Playoffs,NBA Finals,2025_okc_ind_api_20261005,0042400404,4,2025-06-13,1610612754,IND,1630167,Obi Toppin,1610612760,OKC,1641717,Cason Wallace,61,3.2,13.436119999999999,9.39908,13.4,0,2,0,0,0,0,0,2,0.0,0,1,0.0,0,2,0,0,0,0,0,nba_boxscorematchupsv3
1,2024-25,Playoffs,NBA Finals,2025_okc_ind_api_20261005,0042400404,4,2025-06-13,1610612754,IND,1630167,Obi Toppin,1610612760,OKC,1630598,Aaron Wiggins,26,2.9,14.689269999999999,4.00616,18.4,0,2,0,0,0,0,0,0,0.0,0,0,0.0,0,0,0,0,0,0,0,nba_boxscorematchupsv3
1,2024-25,Playoffs,NBA Finals,2025_okc_ind_api_20261005,0042400404,4,2025-06-13,1610612754,IND,1630167,Obi Toppin,1610612760,OKC,1631114,Jalen Williams,47,3.7,5.80247,7.24191,10.0,0,2,0,0,0,0,0,1,0.0,0,0,0.0,0,0,0,0,0,0,0,nba_boxscorematchupsv3
1,2024-25,Playoffs,NBA Finals,2025_okc_ind_api_20261005,0042400404,4,2025-06-13,1610612754,IND,1630167,Obi Toppin,1610612760,OKC,1629026,Kenrich Williams,36,1.8,13.483149999999998,5.547,22.3,0,0,0,0,0,0,0,0,0.0,0,0,0.0,0,0,0,0,0,0,0,nba_boxscorematchupsv3
1,2024-25,Playoffs,NBA Finals,2025_okc_ind_api_20261005,0042400404,4,2025-06-13,1610612754,IND,204456,T.J. McConnell,1610612760,OKC,1627936,Alex Caruso,17,1.5,2.36111,4.16667,7.199999999999999,0,0,0,0,0,0,0,0,0.0,0,0,0.0,0,0,0,0,0,0,0,nba_boxscorematchupsv3
1,2024-25,Playoffs,NBA Finals,2025_okc_ind_api_20261005,0042400404,4,2025-06-13,1610612754,IND,204456,T.J. McConnell,1610612760,OKC,1629652,Luguentz Dort,12,1.9,1.6260199999999998,2.9411799999999997,14.399999999999999,0,2,0,0,0,0,0,0,0.0,0,0,0.0,0,0,0,0,0,0,0,nba_boxscorematchupsv3
1,2024-25,Playoffs,NBA Finals,2025_okc_ind_api_20261005,0042400404,4,2025-06-13,1610612754,IND,204456,T.J. McConnell,1610612760,OKC,1628983,Shai Gilgeous-Alexander,80,5.6,8.62999,19.607840000000003,25.0,4,9,0,0,0,0,2,2,100.0,0,0,0.0,0,0,0,0,0,0,0,nba_boxscorematchupsv3
1,2024-25,Playoffs,NBA Finals,2025_okc_ind_api_20261005,0042400404,4,2025-06-13,1610612754,IND,204456,T.J. McConnell,1610612760,OKC,1628392,Isaiah Hartenstein,3,0.2,0.61602,0.73529,4.3,0,0,0,0,0,0,0,0,0.0,0,0,0.0,0,0,0,0,0,0,0,nba_boxscorematchupsv3
1,2024-25,Playoffs,NBA Finals,2025_okc_ind_api_20261005,0042400404,4,2025-06-13,1610612754,IND,204456,T.J. McConnell,1610612760,OKC,1631096,Chet Holmgren,85,5.5,10.35323,20.83333,19.0,0,5,0,0,1,0,0,2,0.0,0,0,0.0,0,0,0,0,0,0,0,nba_boxscorematchupsv3
1,2024-25,Playoffs,NBA Finals,2025_okc_ind_api_20261005,0042400404,4,2025-06-13,1610612754,IND,204456,T.J. McConnell,1610612760,OKC,1630198,Isaiah Joe,42,4.8,48.83721,10.29412,55.50000000000001,4,7,1,0,0,0,1,1,100.0,0,0,0.0,2,2,1,0,0,0,0,nba_boxscorematchupsv3
1,2024-25,Playoffs,NBA Finals,2025_okc_ind_api_20261005,0042400404,4,2025-06-13,1610612754,IND,204456,T.J. McConnell,1610612760,OKC,1641717,Cason Wallace,100,7.4,22.02643,24.509800000000002,34.599999999999994,0,4,0,0,0,0,0,0,0.0,0,0,0.0,0,0,0,0,0,0,0,nba_boxscorematchupsv3
1,2024-25,Playoffs,NBA Finals,2025_okc_ind_api_20261005,0042400404,4,2025-06-13,1610612754,IND,204456,T.J. McConnell,1610612760,OKC,1630598,Aaron Wiggins,36,4.2,20.33898,8.82353,34.5,0,0,0,0,0,0,0,2,0.0,0,0,0.0,0,0,0,0,0,0,0,nba_boxscorematchupsv3
1,2024-25,Playoffs,NBA Finals,2025_okc_ind_api_20261005,0042400404,4,2025-06-13,1610612754,IND,204456,T.J. McConnell,1610612760,OKC,1631114,Jalen Williams,17,1.6,2.09877,4.16667,8.9,0,0,0,0,0,0,0,0,0.0,0,0,0.0,0,0,0,0,0,0,0,nba_boxscorematchupsv3
1,2024-25,Playoffs,NBA Finals,2025_okc_ind_api_20261005,0042400404,4,2025-06-13,1610612754,IND,204456,T.J. McConnell,1610612760,OKC,1629026,Kenrich Williams,16,0.7,5.99251,3.92157,7.199999999999999,0,0,0,0,0,0,0,0,0.0,0,0,0.0,0,0,0,0,0,0,0,nba_boxscorematchupsv3
1,2024-25,Playoffs,NBA Finals,2025_okc_ind_api_20261005,0042400404,4,2025-06-13,1610612754,IND,1631097,Bennedict Mathurin,1610612760,OKC,1627936,Alex Caruso,62,6.1,8.61111,20.80537,37.9,0,2,0,0,0,0,0,0,0.0,0,0,0.0,0,0,0,0,0,0,0,nba_boxscorematchupsv3
1,2024-25,Playoffs,NBA Finals,2025_okc_ind_api_20261005,0042400404,4,2025-06-13,1610612754,IND,1631097,Bennedict Mathurin,1610612760,OKC,1629652,Luguentz Dort,16,1.5,2.16802,5.36913,12.8,2,2,0,0,0,0,0,0,0.0,0,0,0.0,2,2,0,0,0,0,0,nba_boxscorematchupsv3
1,2024-25,Playoffs,NBA Finals,2025_okc_ind_api_20261005,0042400404,4,2025-06-13,1610612754,IND,1631097,Bennedict Mathurin,1610612760,OKC,1628983,Shai Gilgeous-Alexander,27,3.4,2.91262,9.0604,18.5,0,0,0,0,0,0,0,0,0.0,0,0,0.0,0,0,0,0,0,0,0,nba_boxscorematchupsv3
1,2024-25,Playoffs,NBA Finals,2025_okc_ind_api_20261005,0042400404,4,2025-06-13,1610612754,IND,1631097,Bennedict Mathurin,1610612760,OKC,1631096,Chet Holmgren,11,0.7,1.33983,3.6912800000000003,4.2,0,2,0,0,0,0,0,0,0.0,0,0,0.0,0,2,0,0,0,0,0,nba_boxscorematchupsv3
1,2024-25,Playoffs,NBA Finals,2025_okc_ind_api_20261005,0042400404,4,2025-06-13,1610612754,IND,1631097,Bennedict Mathurin,1610612760,OKC,1630198,Isaiah Joe,1,0.1,1.16279,0.33557000000000003,2.1999999999999997,0,0,0,0,0,0,0,0,0.0,0,0,0.0,0,0,0,0,0,0,0,nba_boxscorematchupsv3
1,2024-25,Playoffs,NBA Finals,2025_okc_ind_api_20261005,0042400404,4,2025-06-13,1610612754,IND,1631097,Bennedict Mathurin,1610612760,OKC,1641717,Cason Wallace,67,6.8,14.75771,22.48322,41.9,0,7,0,0,0,0,0,0,0.0,0,0,0.0,0,0,0,0,0,0,0,nba_boxscorematchupsv3
1,2024-25,Playoffs,NBA Finals,2025_okc_ind_api_20261005,0042400404,4,2025-06-13,1610612754,IND,1631097,Bennedict Mathurin,1610612760,OKC,1630598,Aaron Wiggins,7,1.3,3.9548,2.34899,5.5,0,0,0,0,1,0,0,0,0.0,0,0,0.0,0,0,0,0,0,0,0,nba_boxscorematchupsv3
1,2024-25,Playoffs,NBA Finals,2025_okc_ind_api_20261005,0042400404,4,2025-06-13,1610612754,IND,1631097,Bennedict Mathurin,1610612760,OKC,1631114,Jalen Williams,75,7.2,9.25926,25.16779,30.3,3,3,0,0,0,0,0,0,0.0,0,0,0.0,3,4,2,0,0,0,0,nba_boxscorematchupsv3
1,2024-25,Playoffs,NBA Finals,2025_okc_ind_api_20261005,0042400404,4,2025-06-13,1610612754,IND,1631097,Bennedict Mathurin,1610612760,OKC,1629026,Kenrich Williams,32,1.1,11.98502,10.73826,28.299999999999997,3,5,0,0,0,0,1,1,100.0,1,1,100.0,0,0,0,0,0,0,0,nba_boxscorematchupsv3
1,2024-25,Playoffs,NBA Finals,2025_okc_ind_api_20261005,0042400404,4,2025-06-13,1610612760,OKC,1631114,Jalen Williams,1610612754,IND,1630169,Tyrese Haliburton,54,4.8,6.99482,7.20961,6.800000000000001,0,7,1,0,0,0,0,0,0.0,0,0,0.0,0,0,0,0,0,0,0,nba_boxscorematchupsv3
1,2024-25,Playoffs,NBA Finals,2025_okc_ind_api_20261005,0042400404,4,2025-06-13,1610612760,OKC,1631114,Jalen Williams,1610612754,IND,1631097,Bennedict Mathurin,146,14.9,44.78528,19.49266,60.3,3,5,0,0,1,0,1,2,50.0,0,0,0.0,1,1,0,0,0,0,0,nba_boxscorematchupsv3
1,2024-25,Playoffs,NBA Finals,2025_okc_ind_api_20261005,0042400404,4,2025-06-13,1610612760,OKC,1631114,Jalen Williams,1610612754,IND,204456,T.J. McConnell,4,1.8,1.1080299999999998,0.53405,5.0,0,0,0,0,0,0,0,0,0.0,0,0,0.0,0,0,0,0,0,0,0,nba_boxscorematchupsv3
1,2024-25,Playoffs,NBA Finals,2025_okc_ind_api_20261005,0042400404,4,2025-06-13,1610612760,OKC,1631114,Jalen Williams,1610612754,IND,1629614,Andrew Nembhard,62,4.6,8.14717,8.277700000000001,9.4,2,5,1,0,0,0,0,1,0.0,0,1,0.0,2,2,1,0,0,0,0,nba_boxscorematchupsv3
1,2024-25,Playoffs,NBA Finals,2025_okc_ind_api_20261005,0042400404,4,2025-06-13,1610612760,OKC,1631114,Jalen Williams,1610612754,IND,1630174,Aaron Nesmith,257,21.0,44.15808,34.312419999999996,56.3,11,27,1,0,1,0,3,6,50.0,0,1,0.0,5,5,3,0,0,0,0,nba_boxscorematchupsv3
1,2024-25,Playoffs,NBA Finals,2025_okc_ind_api_20261005,0042400404,4,2025-06-13,1610612760,OKC,1631114,Jalen Williams,1610612754,IND,1641767,Ben Sheppard,82,8.2,35.34483,10.94793,65.4,6,8,0,0,0,0,2,2,100.0,0,0,0.0,2,2,0,0,0,0,0,nba_boxscorematchupsv3
1,2024-25,Playoffs,NBA Finals,2025_okc_ind_api_20261005,0042400404,4,2025-06-13,1610612760,OKC,1631114,Jalen Williams,1610612754,IND,1627783,Pascal Siakam,53,7.5,6.786169999999999,7.0761,11.200000000000001,2,4,0,0,0,0,1,3,33.300000000000004,0,0,0.0,0,0,0,0,0,0,0,nba_boxscorematchupsv3
1,2024-25,Playoffs,NBA Finals,2025_okc_ind_api_20261005,0042400404,4,2025-06-13,1610612760,OKC,1631114,Jalen Williams,1610612754,IND,1630167,Obi Toppin,60,5.2,9.91736,8.01068,10.8,4,7,0,0,1,1,1,3,33.300000000000004,0,1,0.0,2,2,1,0,0,0,0,nba_boxscorematchupsv3
1,2024-25,Playoffs,NBA Finals,2025_okc_ind_api_20261005,0042400404,4,2025-06-13,1610612760,OKC,1631114,Jalen Williams,1610612754,IND,1626167,Myles Turner,31,4.9,5.28109,4.138850000000001,9.2,0,2,0,0,0,0,0,1,0.0,0,0,0.0,0,0,0,0,0,0,0,nba_boxscorematchupsv3
1,2024-25,Playoffs,NBA Finals,2025_okc_ind_api_20261005,0042400404,4,2025-06-13,1610612760,OKC,1631096,Chet Holmgren,1610612754,IND,1630169,Tyrese Haliburton,31,3.8,4.01554,3.94904,7.8,0,0,0,0,0,0,0,1,0.0,0,0,0.0,0,0,0,0,0,0,0,nba_boxscorematchupsv3
1,2024-25,Playoffs,NBA Finals,2025_okc_ind_api_20261005,0042400404,4,2025-06-13,1610612760,OKC,1631096,Chet Holmgren,1610612754,IND,1631097,Bennedict Mathurin,33,3.1,10.1227,4.2038199999999994,11.3,0,4,0,0,0,0,0,0,0.0,0,0,0.0,0,0,0,0,0,0,0,nba_boxscorematchupsv3
1,2024-25,Playoffs,NBA Finals,2025_okc_ind_api_20261005,0042400404,4,2025-06-13,1610612760,OKC,1631096,Chet Holmgren,1610612754,IND,204456,T.J. McConnell,10,1.4,2.77008,1.27389,3.5000000000000004,0,2,0,0,0,0,0,0,0.0,0,0,0.0,0,0,0,0,0,0,0,nba_boxscorematchupsv3
1,2024-25,Playoffs,NBA Finals,2025_okc_ind_api_20261005,0042400404,4,2025-06-13,1610612760,OKC,1631096,Chet Holmgren,1610612754,IND,1629614,Andrew Nembhard,25,2.6,3.28515,3.1847100000000004,4.5,0,2,0,0,0,0,0,0,0.0,0,0,0.0,0,0,0,0,0,0,0,nba_boxscorematchupsv3
1,2024-25,Playoffs,NBA Finals,2025_okc_ind_api_20261005,0042400404,4,2025-06-13,1610612760,OKC,1631096,Chet Holmgren,1610612754,IND,1630174,Aaron Nesmith,47,4.4,8.0756,5.98726,7.5,4,6,0,0,1,0,1,1,100.0,0,0,0.0,2,2,1,0,0,0,0,nba_boxscorematchupsv3
1,2024-25,Playoffs,NBA Finals,2025_okc_ind_api_20261005,0042400404,4,2025-06-13,1610612760,OKC,1631096,Chet Holmgren,1610612754,IND,1641767,Ben Sheppard,1,0.2,0.43103,0.12739,1.9,0,0,0,0,0,0,0,0,0.0,0,0,0.0,0,0,0,0,0,0,0,nba_boxscorematchupsv3
1,2024-25,Playoffs,NBA Finals,2025_okc_ind_api_20261005,0042400404,4,2025-06-13,1610612760,OKC,1631096,Chet Holmgren,1610612754,IND,1627783,Pascal Siakam,202,18.0,25.86428,25.732480000000002,28.299999999999997,4,12,0,0,0,0,1,2,50.0,0,0,0.0,2,2,1,0,0,0,0,nba_boxscorematchupsv3
1,2024-25,Playoffs,NBA Finals,2025_okc_ind_api_20261005,0042400404,4,2025-06-13,1610612760,OKC,1631096,Chet Holmgren,1610612754,IND,1630167,Obi Toppin,239,21.9,39.504129999999996,30.445860000000003,53.5,0,18,1,0,0,0,0,1,0.0,0,0,0.0,0,0,0,0,0,0,0,nba_boxscorematchupsv3
1,2024-25,Playoffs,NBA Finals,2025_okc_ind_api_20261005,0042400404,4,2025-06-13,1610612760,OKC,1631096,Chet Holmgren,1610612754,IND,1626167,Myles Turner,197,15.7,33.56048,25.09554,46.6,6,19,0,0,0,0,2,4,50.0,0,1,0.0,2,2,1,0,0,0,0,nba_boxscorematchupsv3
1,2024-25,Playoffs,NBA Finals,2025_okc_ind_api_20261005,0042400404,4,2025-06-13,1610612760,OKC,1628392,Isaiah Hartenstein,1610612754,IND,1630169,Tyrese Haliburton,14,2.6,1.81347,3.3018899999999998,3.9,0,2,0,0,0,0,0,0,0.0,0,0,0.0,0,0,0,0,0,0,0,nba_boxscorematchupsv3
1,2024-25,Playoffs,NBA Finals,2025_okc_ind_api_20261005,0042400404,4,2025-06-13,1610612760,OKC,1628392,Isaiah Hartenstein,1610612754,IND,1631097,Bennedict Mathurin,5,0.8,1.5337399999999999,1.17925,8.6,0,0,0,0,0,0,0,0,0.0,0,0,0.0,0,0,0,0,0,0,0,nba_boxscorematchupsv3
1,2024-25,Playoffs,NBA Finals,2025_okc_ind_api_20261005,0042400404,4,2025-06-13,1610612760,OKC,1628392,Isaiah Hartenstein,1610612754,IND,1629614,Andrew Nembhard,27,2.5,3.54796,6.367920000000001,6.800000000000001,2,4,0,0,0,1,1,1,100.0,0,0,0.0,0,0,0,0,0,0,0,nba_boxscorematchupsv3
1,2024-25,Playoffs,NBA Finals,2025_okc_ind_api_20261005,0042400404,4,2025-06-13,1610612760,OKC,1628392,Isaiah Hartenstein,1610612754,IND,1630174,Aaron Nesmith,25,3.0,4.29553,5.89623,10.9,0,2,1,0,0,0,0,0,0.0,0,0,0.0,0,0,0,0,0,0,0,nba_boxscorematchupsv3
1,2024-25,Playoffs,NBA Finals,2025_okc_ind_api_20261005,0042400404,4,2025-06-13,1610612760,OKC,1628392,Isaiah Hartenstein,1610612754,IND,1627783,Pascal Siakam,36,2.9,4.60948,8.49057,13.900000000000002,0,4,0,0,0,0,0,0,0.0,0,0,0.0,0,0,0,0,0,0,0,nba_boxscorematchupsv3
1,2024-25,Playoffs,NBA Finals,2025_okc_ind_api_20261005,0042400404,4,2025-06-13,1610612760,OKC,1628392,Isaiah Hartenstein,1610612754,IND,1630167,Obi Toppin,61,6.5,10.08264,14.38679,28.599999999999998,0,4,1,0,0,0,0,0,0.0,0,0,0.0,0,0,0,0,0,0,0,nba_boxscorematchupsv3
1,2024-25,Playoffs,NBA Finals,2025_okc_ind_api_20261005,0042400404,4,2025-06-13,1610612760,OKC,1628392,Isaiah Hartenstein,1610612754,IND,1626167,Myles Turner,256,20.2,43.61158,60.37736,71.6,0,18,1,0,1,0,0,2,0.0,0,0,0.0,0,0,0,0,0,0,0,nba_boxscorematchupsv3
1,2024-25,Playoffs,NBA Finals,2025_okc_ind_api_20261005,0042400404,4,2025-06-13,1610612760,OKC,1629652,Luguentz Dort,1610612754,IND,1630169,Tyrese Haliburton,451,40.9,58.41969,67.61619,65.9,5,28,0,0,1,0,2,2,100.0,1,1,100.0,0,0,0,0,0,0,0,nba_boxscorematchupsv3
1,2024-25,Playoffs,NBA Finals,2025_okc_ind_api_20261005,0042400404,4,2025-06-13,1610612760,OKC,1629652,Luguentz Dort,1610612754,IND,1631097,Bennedict Mathurin,19,2.0,5.82822,2.8485799999999997,10.4,0,3,0,0,0,0,0,0,0.0,0,0,0.0,0,0,0,0,0,0,0,nba_boxscorematchupsv3
1,2024-25,Playoffs,NBA Finals,2025_okc_ind_api_20261005,0042400404,4,2025-06-13,1610612760,OKC,1629652,Luguentz Dort,1610612754,IND,204456,T.J. McConnell,21,2.6,5.81717,3.14843,22.0,0,0,0,0,0,0,0,0,0.0,0,0,0.0,0,0,0,0,0,0,0,nba_boxscorematchupsv3
1,2024-25,Playoffs,NBA Finals,2025_okc_ind_api_20261005,0042400404,4,2025-06-13,1610612760,OKC,1629652,Luguentz Dort,1610612754,IND,1629614,Andrew Nembhard,15,1.1,1.97109,2.2488799999999998,3.4000000000000004,0,4,0,0,0,0,0,0,0.0,0,0,0.0,0,0,0,0,0,0,0,nba_boxscorematchupsv3
1,2024-25,Playoffs,NBA Finals,2025_okc_ind_api_20261005,0042400404,4,2025-06-13,1610612760,OKC,1629652,Luguentz Dort,1610612754,IND,1630174,Aaron Nesmith,24,2.7,4.12371,3.5982,6.2,0,0,0,0,0,0,0,0,0.0,0,0,0.0,0,0,0,0,0,0,0,nba_boxscorematchupsv3
1,2024-25,Playoffs,NBA Finals,2025_okc_ind_api_20261005,0042400404,4,2025-06-13,1610612760,OKC,1629652,Luguentz Dort,1610612754,IND,1641767,Ben Sheppard,26,2.4,11.206900000000001,3.89805,11.600000000000001,0,0,0,0,0,0,0,0,0.0,0,0,0.0,0,0,0,0,0,0,0,nba_boxscorematchupsv3
1,2024-25,Playoffs,NBA Finals,2025_okc_ind_api_20261005,0042400404,4,2025-06-13,1610612760,OKC,1629652,Luguentz Dort,1610612754,IND,1627783,Pascal Siakam,45,5.1,5.76184,6.746630000000001,9.8,0,2,0,0,0,0,0,0,0.0,0,0,0.0,0,0,0,0,0,0,0,nba_boxscorematchupsv3
1,2024-25,Playoffs,NBA Finals,2025_okc_ind_api_20261005,0042400404,4,2025-06-13,1610612760,OKC,1629652,Luguentz Dort,1610612754,IND,1630167,Obi Toppin,38,3.1,6.28099,5.69715,10.5,0,2,0,0,0,0,0,0,0.0,0,0,0.0,0,0,0,0,0,0,0,nba_boxscorematchupsv3
1,2024-25,Playoffs,NBA Finals,2025_okc_ind_api_20261005,0042400404,4,2025-06-13,1610612760,OKC,1629652,Luguentz Dort,1610612754,IND,1626167,Myles Turner,28,2.8,4.77002,4.197900000000001,5.3,1,5,0,0,0,0,0,0,0.0,0,0,0.0,1,2,1,0,0,0,0,nba_boxscorematchupsv3
1,2024-25,Playoffs,NBA Finals,2025_okc_ind_api_20261005,0042400404,4,2025-06-13,1610612760,OKC,1628983,Shai Gilgeous-Alexander,1610612754,IND,1630169,Tyrese Haliburton,31,2.4,4.01554,3.6130500000000003,4.8,2,6,0,0,0,0,1,1,100.0,0,0,0.0,0,0,0,0,0,0,0,nba_boxscorematchupsv3
1,2024-25,Playoffs,NBA Finals,2025_okc_ind_api_20261005,0042400404,4,2025-06-13,1610612760,OKC,1628983,Shai Gilgeous-Alexander,1610612754,IND,1631097,Bennedict Mathurin,14,0.3,4.29448,1.6317000000000002,5.1,1,1,0,0,0,0,0,0,0.0,0,0,0.0,1,1,0,0,0,0,0,nba_boxscorematchupsv3
1,2024-25,Playoffs,NBA Finals,2025_okc_ind_api_20261005,0042400404,4,2025-06-13,1610612760,OKC,1628983,Shai Gilgeous-Alexander,1610612754,IND,204456,T.J. McConnell,16,2.4,4.43213,1.8648000000000002,7.199999999999999,0,2,0,0,0,0,0,1,0.0,0,1,0.0,0,0,0,0,0,0,0,nba_boxscorematchupsv3
1,2024-25,Playoffs,NBA Finals,2025_okc_ind_api_20261005,0042400404,4,2025-06-13,1610612760,OKC,1628983,Shai Gilgeous-Alexander,1610612754,IND,1629614,Andrew Nembhard,558,47.6,73.32457,65.03497,74.5,14,38,0,0,2,0,6,11,54.50000000000001,0,0,0.0,2,2,0,0,0,0,0,nba_boxscorematchupsv3
1,2024-25,Playoffs,NBA Finals,2025_okc_ind_api_20261005,0042400404,4,2025-06-13,1610612760,OKC,1628983,Shai Gilgeous-Alexander,1610612754,IND,1630174,Aaron Nesmith,94,8.1,16.1512,10.95571,17.0,9,9,0,0,0,0,2,3,66.7,1,1,100.0,4,4,2,0,0,0,0,nba_boxscorematchupsv3
1,2024-25,Playoffs,NBA Finals,2025_okc_ind_api_20261005,0042400404,4,2025-06-13,1610612760,OKC,1628983,Shai Gilgeous-Alexander,1610612754,IND,1641767,Ben Sheppard,47,4.5,20.25862,5.47786,25.4,0,4,0,0,0,0,0,1,0.0,0,1,0.0,0,0,0,0,0,0,0,nba_boxscorematchupsv3
1,2024-25,Playoffs,NBA Finals,2025_okc_ind_api_20261005,0042400404,4,2025-06-13,1610612760,OKC,1628983,Shai Gilgeous-Alexander,1610612754,IND,1627783,Pascal Siakam,26,2.8,3.3290699999999998,3.0303,5.0,2,2,0,0,0,1,1,3,33.300000000000004,0,0,0.0,0,0,0,0,0,0,0,nba_boxscorematchupsv3
1,2024-25,Playoffs,NBA Finals,2025_okc_ind_api_20261005,0042400404,4,2025-06-13,1610612760,OKC,1628983,Shai Gilgeous-Alexander,1610612754,IND,1630167,Obi Toppin,30,2.3,4.95868,3.4965,6.800000000000001,0,2,0,0,0,0,0,1,0.0,0,1,0.0,0,0,0,0,0,0,0,nba_boxscorematchupsv3
1,2024-25,Playoffs,NBA Finals,2025_okc_ind_api_20261005,0042400404,4,2025-06-13,1610612760,OKC,1628983,Shai Gilgeous-Alexander,1610612754,IND,1626167,Myles Turner,42,3.4,7.15503,4.8951,7.3999999999999995,6,8,0,0,0,0,2,3,66.7,0,0,0.0,2,2,1,0,0,0,0,nba_boxscorematchupsv3
1,2024-25,Playoffs,NBA Finals,2025_okc_ind_api_20261005,0042400404,4,2025-06-13,1610612760,OKC,1627936,Alex Caruso,1610612754,IND,1630169,Tyrese Haliburton,77,10.1,9.974089999999999,11.791730000000001,13.900000000000002,1,3,0,0,1,0,0,0,0.0,0,0,0.0,1,1,1,0,0,0,0,nba_boxscorematchupsv3
1,2024-25,Playoffs,NBA Finals,2025_okc_ind_api_20261005,0042400404,4,2025-06-13,1610612760,OKC,1627936,Alex Caruso,1610612754,IND,1631097,Bennedict Mathurin,30,3.6,9.202449999999999,4.59418,15.4,0,3,0,0,0,0,0,1,0.0,0,0,0.0,0,0,0,0,0,0,0,nba_boxscorematchupsv3
1,2024-25,Playoffs,NBA Finals,2025_okc_ind_api_20261005,0042400404,4,2025-06-13,1610612760,OKC,1627936,Alex Caruso,1610612754,IND,204456,T.J. McConnell,6,0.8,1.66205,0.9188399999999999,4.6,0,0,0,0,0,0,0,0,0.0,0,0,0.0,0,0,0,0,0,0,0,nba_boxscorematchupsv3
1,2024-25,Playoffs,NBA Finals,2025_okc_ind_api_20261005,0042400404,4,2025-06-13,1610612760,OKC,1627936,Alex Caruso,1610612754,IND,1629614,Andrew Nembhard,49,5.9,6.4389,7.503830000000001,11.600000000000001,2,6,0,0,0,0,1,1,100.0,0,0,0.0,0,0,0,0,0,0,0,nba_boxscorematchupsv3
1,2024-25,Playoffs,NBA Finals,2025_okc_ind_api_20261005,0042400404,4,2025-06-13,1610612760,OKC,1627936,Alex Caruso,1610612754,IND,1630174,Aaron Nesmith,108,8.3,18.5567,16.53905,31.2,2,8,0,0,0,0,1,1,100.0,0,0,0.0,0,0,0,0,0,0,0,nba_boxscorematchupsv3
1,2024-25,Playoffs,NBA Finals,2025_okc_ind_api_20261005,0042400404,4,2025-06-13,1610612760,OKC,1627936,Alex Caruso,1610612754,IND,1641767,Ben Sheppard,20,0.8,8.62069,3.06279,9.2,3,5,0,0,0,0,1,1,100.0,0,0,0.0,1,2,1,0,0,0,0,nba_boxscorematchupsv3
1,2024-25,Playoffs,NBA Finals,2025_okc_ind_api_20261005,0042400404,4,2025-06-13,1610612760,OKC,1627936,Alex Caruso,1610612754,IND,1627783,Pascal Siakam,234,16.4,29.961589999999998,35.83461,46.7,8,15,0,0,0,0,3,4,75.0,1,2,50.0,1,2,0,0,0,0,0,nba_boxscorematchupsv3
1,2024-25,Playoffs,NBA Finals,2025_okc_ind_api_20261005,0042400404,4,2025-06-13,1610612760,OKC,1627936,Alex Caruso,1610612754,IND,1630167,Obi Toppin,116,10.5,19.17355,17.76417,22.400000000000002,4,10,0,0,1,0,1,1,100.0,0,0,0.0,2,2,0,0,0,0,0,nba_boxscorematchupsv3
1,2024-25,Playoffs,NBA Finals,2025_okc_ind_api_20261005,0042400404,4,2025-06-13,1610612760,OKC,1627936,Alex Caruso,1610612754,IND,1626167,Myles Turner,13,2.3,2.21465,1.9908100000000002,5.4,0,2,0,0,0,0,0,0,0.0,0,0,0.0,0,0,0,0,0,0,0,nba_boxscorematchupsv3
1,2024-25,Playoffs,NBA Finals,2025_okc_ind_api_20261005,0042400404,4,2025-06-13,1610612760,OKC,1630598,Aaron Wiggins,1610612754,IND,1630169,Tyrese Haliburton,45,3.4,5.82902,24.72527,24.0,0,4,0,0,0,0,0,1,0.0,0,0,0.0,0,0,0,0,0,0,0,nba_boxscorematchupsv3
1,2024-25,Playoffs,NBA Finals,2025_okc_ind_api_20261005,0042400404,4,2025-06-13,1610612760,OKC,1630598,Aaron Wiggins,1610612754,IND,1631097,Bennedict Mathurin,5,1.5,1.5337399999999999,2.74725,5.4,0,0,0,0,0,0,0,0,0.0,0,0,0.0,0,0,0,0,0,0,0,nba_boxscorematchupsv3
1,2024-25,Playoffs,NBA Finals,2025_okc_ind_api_20261005,0042400404,4,2025-06-13,1610612760,OKC,1630598,Aaron Wiggins,1610612754,IND,204456,T.J. McConnell,80,7.4,22.16066,43.95604,60.6,0,6,1,0,0,0,0,0,0.0,0,0,0.0,0,0,0,0,0,0,0,nba_boxscorematchupsv3
1,2024-25,Playoffs,NBA Finals,2025_okc_ind_api_20261005,0042400404,4,2025-06-13,1610612760,OKC,1630598,Aaron Wiggins,1610612754,IND,1630174,Aaron Nesmith,1,0.1,0.17182,0.54945,7.6,0,0,0,0,0,0,0,0,0.0,0,0,0.0,0,0,0,0,0,0,0,nba_boxscorematchupsv3
1,2024-25,Playoffs,NBA Finals,2025_okc_ind_api_20261005,0042400404,4,2025-06-13,1610612760,OKC,1630598,Aaron Wiggins,1610612754,IND,1641767,Ben Sheppard,14,0.9,6.034479999999999,7.692309999999999,20.599999999999998,0,0,0,0,0,0,0,0,0.0,0,0,0.0,0,0,0,0,0,0,0,nba_boxscorematchupsv3
1,2024-25,Playoffs,NBA Finals,2025_okc_ind_api_20261005,0042400404,4,2025-06-13,1610612760,OKC,1630598,Aaron Wiggins,1610612754,IND,1627783,Pascal Siakam,15,1.7,1.92061,8.24176,12.1,0,0,0,0,0,0,0,1,0.0,0,0,0.0,0,0,0,0,0,0,0,nba_boxscorematchupsv3
1,2024-25,Playoffs,NBA Finals,2025_okc_ind_api_20261005,0042400404,4,2025-06-13,1610612760,OKC,1630598,Aaron Wiggins,1610612754,IND,1630167,Obi Toppin,22,2.7,3.6363600000000003,12.08791,11.0,0,4,0,0,0,0,0,1,0.0,0,1,0.0,0,0,0,0,0,0,0,nba_boxscorematchupsv3
1,2024-25,Playoffs,NBA Finals,2025_okc_ind_api_20261005,0042400404,4,2025-06-13,1610612760,OKC,1641717,Cason Wallace,1610612754,IND,1630169,Tyrese Haliburton,57,5.2,7.38342,16.011239999999997,36.5,0,2,0,0,0,0,0,1,0.0,0,1,0.0,0,0,0,0,0,0,0,nba_boxscorematchupsv3
1,2024-25,Playoffs,NBA Finals,2025_okc_ind_api_20261005,0042400404,4,2025-06-13,1610612760,OKC,1641717,Cason Wallace,1610612754,IND,1631097,Bennedict Mathurin,43,4.1,13.190180000000002,12.07865,28.4,0,6,0,0,0,0,0,0,0.0,0,0,0.0,0,0,0,0,0,0,0,nba_boxscorematchupsv3
1,2024-25,Playoffs,NBA Finals,2025_okc_ind_api_20261005,0042400404,4,2025-06-13,1610612760,OKC,1641717,Cason Wallace,1610612754,IND,204456,T.J. McConnell,164,11.7,45.42936,46.06742,51.6,0,10,0,0,0,0,0,1,0.0,0,0,0.0,0,0,0,0,0,0,0,nba_boxscorematchupsv3
1,2024-25,Playoffs,NBA Finals,2025_okc_ind_api_20261005,0042400404,4,2025-06-13,1610612760,OKC,1641717,Cason Wallace,1610612754,IND,1629614,Andrew Nembhard,5,0.3,0.65703,1.40449,3.8,0,2,0,0,0,0,0,0,0.0,0,0,0.0,0,0,0,0,0,0,0,nba_boxscorematchupsv3
1,2024-25,Playoffs,NBA Finals,2025_okc_ind_api_20261005,0042400404,4,2025-06-13,1610612760,OKC,1641717,Cason Wallace,1610612754,IND,1630174,Aaron Nesmith,17,1.6,2.92096,4.7752799999999995,11.200000000000001,0,0,0,0,1,0,0,0,0.0,0,0,0.0,0,0,0,0,0,0,0,nba_boxscorematchupsv3
1,2024-25,Playoffs,NBA Finals,2025_okc_ind_api_20261005,0042400404,4,2025-06-13,1610612760,OKC,1641717,Cason Wallace,1610612754,IND,1641767,Ben Sheppard,29,4.0,12.5,8.14607,54.900000000000006,0,4,1,0,0,0,0,1,0.0,0,1,0.0,0,0,0,0,0,0,0,nba_boxscorematchupsv3
1,2024-25,Playoffs,NBA Finals,2025_okc_ind_api_20261005,0042400404,4,2025-06-13,1610612760,OKC,1641717,Cason Wallace,1610612754,IND,1627783,Pascal Siakam,29,2.2,3.7131900000000004,8.14607,9.700000000000001,2,2,0,0,0,0,1,1,100.0,0,0,0.0,0,0,0,0,0,0,0,nba_boxscorematchupsv3
1,2024-25,Playoffs,NBA Finals,2025_okc_ind_api_20261005,0042400404,4,2025-06-13,1610612760,OKC,1641717,Cason Wallace,1610612754,IND,1630167,Obi Toppin,4,1.5,0.66116,1.1236,5.800000000000001,0,0,0,0,0,0,0,0,0.0,0,0,0.0,0,0,0,0,0,0,0,nba_boxscorematchupsv3
1,2024-25,Playoffs,NBA Finals,2025_okc_ind_api_20261005,0042400404,4,2025-06-13,1610612760,OKC,1641717,Cason Wallace,1610612754,IND,1626167,Myles Turner,8,0.6,1.36286,2.24719,6.2,0,0,0,0,0,0,0,1,0.0,0,0,0.0,0,0,0,0,0,0,0,nba_boxscorematchupsv3
1,2024-25,Playoffs,NBA Finals,2025_okc_ind_api_20261005,0042400404,4,2025-06-13,1610612760,OKC,1630198,Isaiah Joe,1610612754,IND,1631097,Bennedict Mathurin,29,0.9,8.89571,27.61905,22.7,0,0,0,0,0,0,0,0,0.0,0,0,0.0,0,0,0,0,0,0,0,nba_boxscorematchupsv3
1,2024-25,Playoffs,NBA Finals,2025_okc_ind_api_20261005,0042400404,4,2025-06-13,1610612760,OKC,1630198,Isaiah Joe,1610612754,IND,204456,T.J. McConnell,51,5.0,14.127419999999999,48.57143,62.7,0,10,0,0,0,0,0,0,0.0,0,0,0.0,0,0,0,0,0,0,0,nba_boxscorematchupsv3
1,2024-25,Playoffs,NBA Finals,2025_okc_ind_api_20261005,0042400404,4,2025-06-13,1610612760,OKC,1630198,Isaiah Joe,1610612754,IND,1629614,Andrew Nembhard,6,0.8,0.78844,5.71429,8.3,0,0,0,0,0,0,0,0,0.0,0,0,0.0,0,0,0,0,0,0,0,nba_boxscorematchupsv3
1,2024-25,Playoffs,NBA Finals,2025_okc_ind_api_20261005,0042400404,4,2025-06-13,1610612760,OKC,1630198,Isaiah Joe,1610612754,IND,1641767,Ben Sheppard,11,0.9,4.7413799999999995,10.47619,48.199999999999996,0,2,0,0,0,0,0,0,0.0,0,0,0.0,0,0,0,0,0,0,0,nba_boxscorematchupsv3
1,2024-25,Playoffs,NBA Finals,2025_okc_ind_api_20261005,0042400404,4,2025-06-13,1610612760,OKC,1630198,Isaiah Joe,1610612754,IND,1627783,Pascal Siakam,6,0.9,0.76825,5.71429,4.7,0,0,0,0,0,0,0,1,0.0,0,1,0.0,0,0,0,0,0,0,0,nba_boxscorematchupsv3
1,2024-25,Playoffs,NBA Finals,2025_okc_ind_api_20261005,0042400404,4,2025-06-13,1610612760,OKC,1630198,Isaiah Joe,1610612754,IND,1626167,Myles Turner,2,0.1,0.34072,1.9047600000000002,3.8,0,0,0,0,0,0,0,0,0.0,0,0,0.0,0,0,0,0,0,0,0,nba_boxscorematchupsv3
1,2024-25,Playoffs,NBA Finals,2025_okc_ind_api_20261005,0042400404,4,2025-06-13,1610612760,OKC,1629026,Kenrich Williams,1610612754,IND,1630169,Tyrese Haliburton,12,0.6,1.5544,5.26316,36.7,0,2,0,0,0,0,0,0,0.0,0,0,0.0,0,0,0,0,0,0,0,nba_boxscorematchupsv3
1,2024-25,Playoffs,NBA Finals,2025_okc_ind_api_20261005,0042400404,4,2025-06-13,1610612760,OKC,1629026,Kenrich Williams,1610612754,IND,1631097,Bennedict Mathurin,2,0.2,0.6134999999999999,0.8771899999999999,6.1,0,0,0,0,0,0,0,0,0.0,0,0,0.0,0,0,0,0,0,0,0,nba_boxscorematchupsv3
1,2024-25,Playoffs,NBA Finals,2025_okc_ind_api_20261005,0042400404,4,2025-06-13,1610612760,OKC,1629026,Kenrich Williams,1610612754,IND,204456,T.J. McConnell,9,0.8,2.49307,3.9473700000000003,4.7,0,0,0,0,0,0,0,1,0.0,0,1,0.0,0,0,0,0,0,0,0,nba_boxscorematchupsv3
1,2024-25,Playoffs,NBA Finals,2025_okc_ind_api_20261005,0042400404,4,2025-06-13,1610612760,OKC,1629026,Kenrich Williams,1610612754,IND,1629614,Andrew Nembhard,14,1.3,1.8396800000000002,6.14035,7.000000000000001,0,0,0,0,0,0,0,0,0.0,0,0,0.0,0,0,0,0,0,0,0,nba_boxscorematchupsv3
1,2024-25,Playoffs,NBA Finals,2025_okc_ind_api_20261005,0042400404,4,2025-06-13,1610612760,OKC,1629026,Kenrich Williams,1610612754,IND,1630174,Aaron Nesmith,9,1.2,1.54639,3.9473700000000003,8.4,0,2,1,0,0,0,0,0,0.0,0,0,0.0,0,0,0,0,0,0,0,nba_boxscorematchupsv3
1,2024-25,Playoffs,NBA Finals,2025_okc_ind_api_20261005,0042400404,4,2025-06-13,1610612760,OKC,1629026,Kenrich Williams,1610612754,IND,1641767,Ben Sheppard,2,0.1,0.86207,0.8771899999999999,3.8,0,0,0,0,0,0,0,0,0.0,0,0,0.0,0,0,0,0,0,0,0,nba_boxscorematchupsv3
1,2024-25,Playoffs,NBA Finals,2025_okc_ind_api_20261005,0042400404,4,2025-06-13,1610612760,OKC,1629026,Kenrich Williams,1610612754,IND,1627783,Pascal Siakam,135,9.4,17.285529999999998,59.21052999999999,65.5,2,10,0,0,1,0,1,2,50.0,0,0,0.0,0,0,0,0,0,0,0,nba_boxscorematchupsv3
1,2024-25,Playoffs,NBA Finals,2025_okc_ind_api_20261005,0042400404,4,2025-06-13,1610612760,OKC,1629026,Kenrich Williams,1610612754,IND,1630167,Obi Toppin,35,3.2,5.78512,15.35088,33.4,2,6,0,0,0,0,1,1,100.0,0,0,0.0,0,0,0,0,0,0,0,nba_boxscorematchupsv3
1,2024-25,Playoffs,NBA Finals,2025_okc_ind_api_20261005,0042400404,4,2025-06-13,1610612760,OKC,1629026,Kenrich Williams,1610612754,IND,1626167,Myles Turner,10,0.3,1.70358,4.38596,5.2,0,0,0,0,0,0,0,0,0.0,0,0,0.0,0,0,0,0,0,0,0,nba_boxscorematchupsv3
1,2024-25,Playoffs,NBA Finals,2025_okc_ind_api_20261005,0042400405,5,2025-06-16,1610612760,OKC,1631114,Jalen Williams,1610612754,IND,1628396,Tony Bradley,46,4.9,19.00826,6.19112,23.5,5,8,1,0,0,0,2,3,66.7,1,1,100.0,0,0,0,0,0,0,0,nba_boxscorematchupsv3
1,2024-25,Playoffs,NBA Finals,2025_okc_ind_api_20261005,0042400405,5,2025-06-16,1610612760,OKC,1631114,Jalen Williams,1610612754,IND,1630169,Tyrese Haliburton,50,5.9,7.14286,6.729480000000001,7.9,5,7,0,0,0,0,1,3,33.300000000000004,0,0,0.0,3,3,2,0,0,0,0,nba_boxscorematchupsv3
1,2024-25,Playoffs,NBA Finals,2025_okc_ind_api_20261005,0042400405,5,2025-06-16,1610612760,OKC,1631114,Jalen Williams,1610612754,IND,1631097,Bennedict Mathurin,164,9.7,32.86573,22.07268,52.800000000000004,1,1,0,0,0,0,0,1,0.0,0,0,0.0,1,2,1,0,0,0,0,nba_boxscorematchupsv3
1,2024-25,Playoffs,NBA Finals,2025_okc_ind_api_20261005,0042400405,5,2025-06-16,1610612760,OKC,1631114,Jalen Williams,1610612754,IND,204456,T.J. McConnell,58,4.9,11.90965,7.80619,21.7,0,3,1,0,0,0,0,2,0.0,0,1,0.0,0,0,0,0,0,0,0,nba_boxscorematchupsv3
1,2024-25,Playoffs,NBA Finals,2025_okc_ind_api_20261005,0042400405,5,2025-06-16,1610612760,OKC,1631114,Jalen Williams,1610612754,IND,1629614,Andrew Nembhard,72,6.1,10.0,9.69044,14.2,4,4,0,0,1,0,2,4,50.0,0,1,0.0,0,0,0,0,0,0,0,nba_boxscorematchupsv3
1,2024-25,Playoffs,NBA Finals,2025_okc_ind_api_20261005,0042400405,5,2025-06-16,1610612760,OKC,1631114,Jalen Williams,1610612754,IND,1630174,Aaron Nesmith,267,22.8,54.15822,35.9354,61.4,15,36,2,0,0,0,6,6,100.0,1,1,100.0,2,3,1,0,0,0,0,nba_boxscorematchupsv3
1,2024-25,Playoffs,NBA Finals,2025_okc_ind_api_20261005,0042400405,5,2025-06-16,1610612760,OKC,1631114,Jalen Williams,1610612754,IND,1641767,Ben Sheppard,14,0.7,9.929079999999999,1.8842500000000002,11.1,0,2,0,0,0,0,0,0,0.0,0,0,0.0,0,0,0,0,0,0,0,nba_boxscorematchupsv3
1,2024-25,Playoffs,NBA Finals,2025_okc_ind_api_20261005,0042400405,5,2025-06-16,1610612760,OKC,1631114,Jalen Williams,1610612754,IND,1627783,Pascal Siakam,31,4.7,4.441260000000001,4.17227,9.1,1,8,0,0,0,0,0,1,0.0,0,0,0.0,1,2,1,0,0,0,0,nba_boxscorematchupsv3
1,2024-25,Playoffs,NBA Finals,2025_okc_ind_api_20261005,0042400405,5,2025-06-16,1610612760,OKC,1631114,Jalen Williams,1610612754,IND,1630167,Obi Toppin,17,3.1,3.85488,2.28802,6.6000000000000005,3,3,0,0,0,0,1,2,50.0,1,1,100.0,0,0,0,0,0,0,0,nba_boxscorematchupsv3
1,2024-25,Playoffs,NBA Finals,2025_okc_ind_api_20261005,0042400405,5,2025-06-16,1610612760,OKC,1631114,Jalen Williams,1610612754,IND,1626167,Myles Turner,24,3.3,4.96894,3.2301499999999996,7.1,6,10,0,0,0,0,2,3,66.7,0,0,0.0,2,2,1,0,0,0,0,nba_boxscorematchupsv3
1,2024-25,Playoffs,NBA Finals,2025_okc_ind_api_20261005,0042400405,5,2025-06-16,1610612760,OKC,1631096,Chet Holmgren,1610612754,IND,1628396,Tony Bradley,4,0.8,1.65289,0.5698,30.8,0,0,0,0,0,0,0,0,0.0,0,0,0.0,0,0,0,0,0,0,0,nba_boxscorematchupsv3
1,2024-25,Playoffs,NBA Finals,2025_okc_ind_api_20261005,0042400405,5,2025-06-16,1610612760,OKC,1631096,Chet Holmgren,1610612754,IND,1628418,Thomas Bryant,66,2.0,95.65217,9.401710000000001,100.0,0,0,0,0,0,0,0,0,0.0,0,0,0.0,0,0,0,0,0,0,0,nba_boxscorematchupsv3
1,2024-25,Playoffs,NBA Finals,2025_okc_ind_api_20261005,0042400405,5,2025-06-16,1610612760,OKC,1631096,Chet Holmgren,1610612754,IND,1630169,Tyrese Haliburton,19,3.3,2.71429,2.70655,6.7,0,4,0,0,0,0,0,2,0.0,0,0,0.0,0,0,0,0,0,0,0,nba_boxscorematchupsv3
1,2024-25,Playoffs,NBA Finals,2025_okc_ind_api_20261005,0042400405,5,2025-06-16,1610612760,OKC,1631096,Chet Holmgren,1610612754,IND,1631097,Bennedict Mathurin,15,1.5,3.00601,2.13675,6.5,2,2,0,0,0,0,1,1,100.0,0,0,0.0,0,0,0,0,0,0,0,nba_boxscorematchupsv3
1,2024-25,Playoffs,NBA Finals,2025_okc_ind_api_20261005,0042400405,5,2025-06-16,1610612760,OKC,1631096,Chet Holmgren,1610612754,IND,204456,T.J. McConnell,8,1.2,1.6427100000000001,1.1396,4.1000000000000005,0,0,0,0,0,0,0,0,0.0,0,0,0.0,0,0,0,0,0,0,0,nba_boxscorematchupsv3
1,2024-25,Playoffs,NBA Finals,2025_okc_ind_api_20261005,0042400405,5,2025-06-16,1610612760,OKC,1631096,Chet Holmgren,1610612754,IND,1629614,Andrew Nembhard,12,1.7,1.6666699999999999,1.7094000000000003,2.9000000000000004,0,5,0,0,0,0,0,0,0.0,0,0,0.0,0,0,0,0,0,0,0,nba_boxscorematchupsv3
1,2024-25,Playoffs,NBA Finals,2025_okc_ind_api_20261005,0042400405,5,2025-06-16,1610612760,OKC,1631096,Chet Holmgren,1610612754,IND,1630174,Aaron Nesmith,34,4.3,6.8965499999999995,4.843299999999999,7.3999999999999995,5,9,0,0,0,0,2,3,66.7,1,1,100.0,0,0,0,0,0,0,0,nba_boxscorematchupsv3
1,2024-25,Playoffs,NBA Finals,2025_okc_ind_api_20261005,0042400405,5,2025-06-16,1610612760,OKC,1631096,Chet Holmgren,1610612754,IND,1641767,Ben Sheppard,4,0.0,2.83688,0.5698,1.4000000000000001,0,0,0,0,0,0,0,0,0.0,0,0,0.0,0,0,0,0,0,0,0,nba_boxscorematchupsv3
1,2024-25,Playoffs,NBA Finals,2025_okc_ind_api_20261005,0042400405,5,2025-06-16,1610612760,OKC,1631096,Chet Holmgren,1610612754,IND,1627783,Pascal Siakam,130,12.3,18.62464,18.51852,23.200000000000003,0,14,0,0,0,0,0,1,0.0,0,1,0.0,0,0,0,0,0,0,0,nba_boxscorematchupsv3
1,2024-25,Playoffs,NBA Finals,2025_okc_ind_api_20261005,0042400405,5,2025-06-16,1610612760,OKC,1631096,Chet Holmgren,1610612754,IND,1630167,Obi Toppin,131,9.3,29.705219999999997,18.66097,49.3,0,9,0,0,0,0,0,2,0.0,0,1,0.0,0,0,0,0,0,0,0,nba_boxscorematchupsv3
1,2024-25,Playoffs,NBA Finals,2025_okc_ind_api_20261005,0042400405,5,2025-06-16,1610612760,OKC,1631096,Chet Holmgren,1610612754,IND,1626167,Myles Turner,279,24.3,57.763980000000004,39.74359,61.0,2,25,0,0,2,0,1,6,16.7,0,0,0.0,0,0,0,0,0,0,0,nba_boxscorematchupsv3
1,2024-25,Playoffs,NBA Finals,2025_okc_ind_api_20261005,0042400405,5,2025-06-16,1610612760,OKC,1628392,Isaiah Hartenstein,1610612754,IND,1628396,Tony Bradley,163,13.9,67.35537000000001,40.24691,63.4,1,6,0,0,0,0,0,0,0.0,0,0,0.0,1,2,1,0,0,0,0,nba_boxscorematchupsv3
1,2024-25,Playoffs,NBA Finals,2025_okc_ind_api_20261005,0042400405,5,2025-06-16,1610612760,OKC,1628392,Isaiah Hartenstein,1610612754,IND,1630169,Tyrese Haliburton,23,2.5,3.28571,5.67901,6.5,0,2,0,0,0,0,0,1,0.0,0,0,0.0,0,0,0,0,0,0,0,nba_boxscorematchupsv3
1,2024-25,Playoffs,NBA Finals,2025_okc_ind_api_20261005,0042400405,5,2025-06-16,1610612760,OKC,1628392,Isaiah Hartenstein,1610612754,IND,1631097,Bennedict Mathurin,24,3.2,4.80962,5.92593,14.000000000000002,0,0,0,0,0,0,0,0,0.0,0,0,0.0,0,0,0,0,0,0,0,nba_boxscorematchupsv3
1,2024-25,Playoffs,NBA Finals,2025_okc_ind_api_20261005,0042400405,5,2025-06-16,1610612760,OKC,1628392,Isaiah Hartenstein,1610612754,IND,204456,T.J. McConnell,20,2.4,4.1067800000000005,4.93827,12.3,1,6,0,0,0,0,0,0,0.0,0,0,0.0,1,2,1,0,0,0,0,nba_boxscorematchupsv3
1,2024-25,Playoffs,NBA Finals,2025_okc_ind_api_20261005,0042400405,5,2025-06-16,1610612760,OKC,1628392,Isaiah Hartenstein,1610612754,IND,1629614,Andrew Nembhard,25,2.6,3.47222,6.17284,9.9,0,10,1,0,0,0,0,0,0.0,0,0,0.0,0,0,0,0,0,0,0,nba_boxscorematchupsv3
1,2024-25,Playoffs,NBA Finals,2025_okc_ind_api_20261005,0042400405,5,2025-06-16,1610612760,OKC,1628392,Isaiah Hartenstein,1610612754,IND,1630174,Aaron Nesmith,5,1.2,1.0142,1.23457,6.4,0,0,0,0,1,0,0,0,0.0,0,0,0.0,0,0,0,0,0,0,0,nba_boxscorematchupsv3
1,2024-25,Playoffs,NBA Finals,2025_okc_ind_api_20261005,0042400405,5,2025-06-16,1610612760,OKC,1628392,Isaiah Hartenstein,1610612754,IND,1627783,Pascal Siakam,22,2.2,3.15186,5.4321,11.600000000000001,0,5,0,0,0,0,0,0,0.0,0,0,0.0,0,0,0,0,0,0,0,nba_boxscorematchupsv3
1,2024-25,Playoffs,NBA Finals,2025_okc_ind_api_20261005,0042400405,5,2025-06-16,1610612760,OKC,1628392,Isaiah Hartenstein,1610612754,IND,1630167,Obi Toppin,24,1.8,5.44218,5.92593,10.0,0,2,0,0,0,0,0,0,0.0,0,0,0.0,0,0,0,0,0,0,0,nba_boxscorematchupsv3
1,2024-25,Playoffs,NBA Finals,2025_okc_ind_api_20261005,0042400405,5,2025-06-16,1610612760,OKC,1628392,Isaiah Hartenstein,1610612754,IND,1626167,Myles Turner,99,6.5,20.49689,24.44444,65.0,2,10,1,0,0,0,1,1,100.0,0,0,0.0,0,0,0,0,0,0,0,nba_boxscorematchupsv3
1,2024-25,Playoffs,NBA Finals,2025_okc_ind_api_20261005,0042400405,5,2025-06-16,1610612760,OKC,1629652,Luguentz Dort,1610612754,IND,1642277,Johnny Furphy,32,1.0,46.37681,4.75483,63.2,0,0,0,0,0,0,0,0,0.0,0,0,0.0,0,0,0,0,0,0,0,nba_boxscorematchupsv3
1,2024-25,Playoffs,NBA Finals,2025_okc_ind_api_20261005,0042400405,5,2025-06-16,1610612760,OKC,1629652,Luguentz Dort,1610612754,IND,1630169,Tyrese Haliburton,379,31.5,54.142860000000006,56.31501,61.8,3,30,0,0,1,0,1,2,50.0,1,2,50.0,0,0,0,0,0,0,0,nba_boxscorematchupsv3
1,2024-25,Playoffs,NBA Finals,2025_okc_ind_api_20261005,0042400405,5,2025-06-16,1610612760,OKC,1629652,Luguentz Dort,1610612754,IND,1631097,Bennedict Mathurin,17,0.6,3.4068099999999997,2.5260000000000002,5.3,0,5,1,0,0,0,0,0,0.0,0,0,0.0,0,0,0,0,0,0,0,nba_boxscorematchupsv3
1,2024-25,Playoffs,NBA Finals,2025_okc_ind_api_20261005,0042400405,5,2025-06-16,1610612760,OKC,1629652,Luguentz Dort,1610612754,IND,204456,T.J. McConnell,10,1.0,2.0533900000000003,1.48588,7.5,0,2,0,0,0,0,0,0,0.0,0,0,0.0,0,0,0,0,0,0,0,nba_boxscorematchupsv3
1,2024-25,Playoffs,NBA Finals,2025_okc_ind_api_20261005,0042400405,5,2025-06-16,1610612760,OKC,1629652,Luguentz Dort,1610612754,IND,1629614,Andrew Nembhard,36,5.6,5.0,5.34918,7.8,6,13,0,0,0,0,2,2,100.0,2,2,100.0,0,0,0,0,0,0,0,nba_boxscorematchupsv3
1,2024-25,Playoffs,NBA Finals,2025_okc_ind_api_20261005,0042400405,5,2025-06-16,1610612760,OKC,1629652,Luguentz Dort,1610612754,IND,1630174,Aaron Nesmith,35,2.9,7.09939,5.20059,6.800000000000001,0,0,0,0,0,0,0,1,0.0,0,1,0.0,0,0,0,0,0,0,0,nba_boxscorematchupsv3
1,2024-25,Playoffs,NBA Finals,2025_okc_ind_api_20261005,0042400405,5,2025-06-16,1610612760,OKC,1629652,Luguentz Dort,1610612754,IND,1641767,Ben Sheppard,60,3.6,42.55319,8.9153,35.3,0,2,0,0,0,0,0,1,0.0,0,1,0.0,0,0,0,0,0,0,0,nba_boxscorematchupsv3
1,2024-25,Playoffs,NBA Finals,2025_okc_ind_api_20261005,0042400405,5,2025-06-16,1610612760,OKC,1629652,Luguentz Dort,1610612754,IND,1627783,Pascal Siakam,63,5.2,9.02579,9.36107,14.000000000000002,0,5,1,0,0,0,0,1,0.0,0,0,0.0,0,0,0,0,0,0,0,nba_boxscorematchupsv3
1,2024-25,Playoffs,NBA Finals,2025_okc_ind_api_20261005,0042400405,5,2025-06-16,1610612760,OKC,1629652,Luguentz Dort,1610612754,IND,1630167,Obi Toppin,30,3.7,6.80272,4.45765,10.7,0,0,0,0,0,0,0,0,0.0,0,0,0.0,0,0,0,0,0,0,0,nba_boxscorematchupsv3
1,2024-25,Playoffs,NBA Finals,2025_okc_ind_api_20261005,0042400405,5,2025-06-16,1610612760,OKC,1629652,Luguentz Dort,1610612754,IND,1626167,Myles Turner,11,1.8,2.2774300000000003,1.63447,7.000000000000001,0,2,0,0,0,0,0,0,0.0,0,0,0.0,0,0,0,0,0,0,0,nba_boxscorematchupsv3
1,2024-25,Playoffs,NBA Finals,2025_okc_ind_api_20261005,0042400405,5,2025-06-16,1610612760,OKC,1628983,Shai Gilgeous-Alexander,1610612754,IND,1628396,Tony Bradley,6,0.4,2.47934,0.72289,9.1,0,0,0,0,0,0,0,0,0.0,0,0,0.0,0,0,0,0,0,0,0,nba_boxscorematchupsv3
1,2024-25,Playoffs,NBA Finals,2025_okc_ind_api_20261005,0042400405,5,2025-06-16,1610612760,OKC,1628983,Shai Gilgeous-Alexander,1610612754,IND,1628418,Thomas Bryant,3,0.0,4.34783,0.36145,0.0,0,0,0,0,0,0,0,0,0.0,0,0,0.0,0,0,0,0,0,0,0,nba_boxscorematchupsv3
1,2024-25,Playoffs,NBA Finals,2025_okc_ind_api_20261005,0042400405,5,2025-06-16,1610612760,OKC,1628983,Shai Gilgeous-Alexander,1610612754,IND,1642277,Johnny Furphy,34,1.0,49.27536,4.0963899999999995,34.0,0,0,0,0,0,0,0,1,0.0,0,0,0.0,0,0,0,0,0,0,0,nba_boxscorematchupsv3
1,2024-25,Playoffs,NBA Finals,2025_okc_ind_api_20261005,0042400405,5,2025-06-16,1610612760,OKC,1628983,Shai Gilgeous-Alexander,1610612754,IND,1630169,Tyrese Haliburton,16,1.5,2.2857100000000004,1.9277099999999998,3.2,3,11,1,0,0,0,1,1,100.0,0,0,0.0,1,1,1,0,0,0,0,nba_boxscorematchupsv3
1,2024-25,Playoffs,NBA Finals,2025_okc_ind_api_20261005,0042400405,5,2025-06-16,1610612760,OKC,1628983,Shai Gilgeous-Alexander,1610612754,IND,1631097,Bennedict Mathurin,43,1.2,8.61723,5.18072,11.799999999999999,0,2,0,0,0,0,0,0,0.0,0,0,0.0,0,0,0,0,0,0,0,nba_boxscorematchupsv3
1,2024-25,Playoffs,NBA Finals,2025_okc_ind_api_20261005,0042400405,5,2025-06-16,1610612760,OKC,1628983,Shai Gilgeous-Alexander,1610612754,IND,204456,T.J. McConnell,26,1.4,5.3388100000000005,3.13253,5.7,3,3,0,0,0,0,1,1,100.0,0,0,0.0,1,2,0,0,0,0,0,nba_boxscorematchupsv3
1,2024-25,Playoffs,NBA Finals,2025_okc_ind_api_20261005,0042400405,5,2025-06-16,1610612760,OKC,1628983,Shai Gilgeous-Alexander,1610612754,IND,1629614,Andrew Nembhard,476,40.8,66.11111,57.349399999999996,69.5,12,45,4,0,0,0,3,7,42.9,0,2,0.0,6,6,2,0,0,0,0,nba_boxscorematchupsv3
1,2024-25,Playoffs,NBA Finals,2025_okc_ind_api_20261005,0042400405,5,2025-06-16,1610612760,OKC,1628983,Shai Gilgeous-Alexander,1610612754,IND,1630174,Aaron Nesmith,63,7.6,12.778900000000002,7.59036,15.1,2,5,1,0,1,0,0,2,0.0,0,0,0.0,2,2,1,0,0,0,0,nba_boxscorematchupsv3
1,2024-25,Playoffs,NBA Finals,2025_okc_ind_api_20261005,0042400405,5,2025-06-16,1610612760,OKC,1628983,Shai Gilgeous-Alexander,1610612754,IND,1641767,Ben Sheppard,28,2.3,19.858159999999998,3.37349,51.1,0,0,0,0,0,0,0,1,0.0,0,0,0.0,0,0,0,0,0,0,0,nba_boxscorematchupsv3
1,2024-25,Playoffs,NBA Finals,2025_okc_ind_api_20261005,0042400405,5,2025-06-16,1610612760,OKC,1628983,Shai Gilgeous-Alexander,1610612754,IND,1627783,Pascal Siakam,76,6.7,10.88825,9.15663,10.7,6,14,2,0,0,1,3,7,42.9,0,1,0.0,0,0,0,0,0,0,0,nba_boxscorematchupsv3
1,2024-25,Playoffs,NBA Finals,2025_okc_ind_api_20261005,0042400405,5,2025-06-16,1610612760,OKC,1628983,Shai Gilgeous-Alexander,1610612754,IND,1630167,Obi Toppin,29,2.8,6.57596,3.49398,9.6,2,7,1,0,0,0,1,1,100.0,0,0,0.0,0,0,0,0,0,0,0,nba_boxscorematchupsv3
1,2024-25,Playoffs,NBA Finals,2025_okc_ind_api_20261005,0042400405,5,2025-06-16,1610612760,OKC,1628983,Shai Gilgeous-Alexander,1610612754,IND,1626167,Myles Turner,30,3.7,6.211180000000001,3.61446,7.5,2,5,0,0,0,0,0,0,0.0,0,0,0.0,2,2,1,0,0,0,0,nba_boxscorematchupsv3
1,2024-25,Playoffs,NBA Finals,2025_okc_ind_api_20261005,0042400405,5,2025-06-16,1610612760,OKC,1627936,Alex Caruso,1610612754,IND,1628396,Tony Bradley,8,1.9,3.30579,1.22699,5.2,0,2,0,0,0,0,0,0,0.0,0,0,0.0,0,0,0,0,0,0,0,nba_boxscorematchupsv3
1,2024-25,Playoffs,NBA Finals,2025_okc_ind_api_20261005,0042400405,5,2025-06-16,1610612760,OKC,1627936,Alex Caruso,1610612754,IND,1642277,Johnny Furphy,3,0.0,4.34783,0.46012,1.0999999999999999,0,0,0,0,0,0,0,0,0.0,0,0,0.0,0,0,0,0,0,0,0,nba_boxscorematchupsv3
1,2024-25,Playoffs,NBA Finals,2025_okc_ind_api_20261005,0042400405,5,2025-06-16,1610612760,OKC,1627936,Alex Caruso,1610612754,IND,1630169,Tyrese Haliburton,62,6.5,8.85714,9.5092,11.600000000000001,0,0,0,0,1,0,0,2,0.0,0,0,0.0,0,0,0,0,0,0,0,nba_boxscorematchupsv3
1,2024-25,Playoffs,NBA Finals,2025_okc_ind_api_20261005,0042400405,5,2025-06-16,1610612760,OKC,1627936,Alex Caruso,1610612754,IND,1631097,Bennedict Mathurin,89,5.2,17.83567,13.65031,25.2,0,5,0,0,0,1,0,0,0.0,0,0,0.0,0,0,0,0,0,0,0,nba_boxscorematchupsv3
1,2024-25,Playoffs,NBA Finals,2025_okc_ind_api_20261005,0042400405,5,2025-06-16,1610612760,OKC,1627936,Alex Caruso,1610612754,IND,204456,T.J. McConnell,77,4.4,15.81109,11.80982,18.0,0,5,0,0,0,0,0,1,0.0,0,1,0.0,0,0,0,0,0,0,0,nba_boxscorematchupsv3
1,2024-25,Playoffs,NBA Finals,2025_okc_ind_api_20261005,0042400405,5,2025-06-16,1610612760,OKC,1627936,Alex Caruso,1610612754,IND,1629614,Andrew Nembhard,30,2.5,4.16667,4.60123,7.6,0,4,0,0,0,0,0,0,0.0,0,0,0.0,0,0,0,0,0,0,0,nba_boxscorematchupsv3
1,2024-25,Playoffs,NBA Finals,2025_okc_ind_api_20261005,0042400405,5,2025-06-16,1610612760,OKC,1627936,Alex Caruso,1610612754,IND,1630174,Aaron Nesmith,27,2.8,5.47667,4.141100000000001,12.4,0,0,0,0,0,0,0,0,0.0,0,0,0.0,0,0,0,0,0,0,0,nba_boxscorematchupsv3
1,2024-25,Playoffs,NBA Finals,2025_okc_ind_api_20261005,0042400405,5,2025-06-16,1610612760,OKC,1627936,Alex Caruso,1610612754,IND,1641767,Ben Sheppard,12,1.0,8.51064,1.8404899999999997,11.0,0,2,0,0,0,0,0,0,0.0,0,0,0.0,0,0,0,0,0,0,0,nba_boxscorematchupsv3
1,2024-25,Playoffs,NBA Finals,2025_okc_ind_api_20261005,0042400405,5,2025-06-16,1610612760,OKC,1627936,Alex Caruso,1610612754,IND,1627783,Pascal Siakam,150,11.4,21.48997,23.00613,45.5,0,12,0,0,0,1,0,1,0.0,0,0,0.0,0,0,0,0,0,0,0,nba_boxscorematchupsv3
1,2024-25,Playoffs,NBA Finals,2025_okc_ind_api_20261005,0042400405,5,2025-06-16,1610612760,OKC,1627936,Alex Caruso,1610612754,IND,1630167,Obi Toppin,179,16.4,40.58957,27.45399,45.300000000000004,0,20,0,0,0,0,0,2,0.0,0,2,0.0,0,0,0,0,0,0,0,nba_boxscorematchupsv3
1,2024-25,Playoffs,NBA Finals,2025_okc_ind_api_20261005,0042400405,5,2025-06-16,1610612760,OKC,1627936,Alex Caruso,1610612754,IND,1626167,Myles Turner,15,1.1,3.1055900000000003,2.3006100000000003,4.9,2,4,0,0,0,0,1,2,50.0,0,0,0.0,0,0,0,0,0,0,0,nba_boxscorematchupsv3
1,2024-25,Playoffs,NBA Finals,2025_okc_ind_api_20261005,0042400405,5,2025-06-16,1610612760,OKC,1630598,Aaron Wiggins,1610612754,IND,1628396,Tony Bradley,10,1.7,4.13223,2.14133,5.1,0,2,0,0,1,0,0,0,0.0,0,0,0.0,0,0,0,0,0,0,0,nba_boxscorematchupsv3
1,2024-25,Playoffs,NBA Finals,2025_okc_ind_api_20261005,0042400405,5,2025-06-16,1610612760,OKC,1630598,Aaron Wiggins,1610612754,IND,1630169,Tyrese Haliburton,85,7.1,12.142859999999999,18.20128,29.799999999999997,0,3,0,0,0,0,0,1,0.0,0,1,0.0,0,0,0,0,0,0,0,nba_boxscorematchupsv3
1,2024-25,Playoffs,NBA Finals,2025_okc_ind_api_20261005,0042400405,5,2025-06-16,1610612760,OKC,1630598,Aaron Wiggins,1610612754,IND,1631097,Bennedict Mathurin,120,10.7,24.0481,25.69593,35.4,6,16,0,0,0,1,2,3,66.7,2,2,100.0,0,0,0,0,0,0,0,nba_boxscorematchupsv3
1,2024-25,Playoffs,NBA Finals,2025_okc_ind_api_20261005,0042400405,5,2025-06-16,1610612760,OKC,1630598,Aaron Wiggins,1610612754,IND,204456,T.J. McConnell,91,7.6,18.68583,19.48608,27.900000000000002,0,2,0,0,0,0,0,3,0.0,0,2,0.0,0,0,0,0,0,0,0,nba_boxscorematchupsv3
1,2024-25,Playoffs,NBA Finals,2025_okc_ind_api_20261005,0042400405,5,2025-06-16,1610612760,OKC,1630598,Aaron Wiggins,1610612754,IND,1629614,Andrew Nembhard,36,2.3,5.0,7.70878,13.200000000000001,0,2,0,0,0,0,0,0,0.0,0,0,0.0,0,0,0,0,0,0,0,nba_boxscorematchupsv3
1,2024-25,Playoffs,NBA Finals,2025_okc_ind_api_20261005,0042400405,5,2025-06-16,1610612760,OKC,1630598,Aaron Wiggins,1610612754,IND,1630174,Aaron Nesmith,32,5.0,6.49087,6.85225,31.4,3,5,0,0,0,0,1,1,100.0,1,1,100.0,0,0,0,0,0,0,0,nba_boxscorematchupsv3
1,2024-25,Playoffs,NBA Finals,2025_okc_ind_api_20261005,0042400405,5,2025-06-16,1610612760,OKC,1630598,Aaron Wiggins,1610612754,IND,1641767,Ben Sheppard,23,1.4,16.31206,4.925050000000001,32.6,0,0,0,0,0,0,0,0,0.0,0,0,0.0,0,0,0,0,0,0,0,nba_boxscorematchupsv3
1,2024-25,Playoffs,NBA Finals,2025_okc_ind_api_20261005,0042400405,5,2025-06-16,1610612760,OKC,1630598,Aaron Wiggins,1610612754,IND,1627783,Pascal Siakam,35,1.9,5.01433,7.49465,11.3,2,2,0,0,0,0,0,0,0.0,0,0,0.0,2,2,1,0,0,0,0,nba_boxscorematchupsv3
1,2024-25,Playoffs,NBA Finals,2025_okc_ind_api_20261005,0042400405,5,2025-06-16,1610612760,OKC,1630598,Aaron Wiggins,1610612754,IND,1630167,Obi Toppin,26,1.1,5.89569,5.56745,8.9,0,0,0,0,0,0,0,0,0.0,0,0,0.0,0,0,0,0,0,0,0,nba_boxscorematchupsv3
1,2024-25,Playoffs,NBA Finals,2025_okc_ind_api_20261005,0042400405,5,2025-06-16,1610612760,OKC,1630598,Aaron Wiggins,1610612754,IND,1626167,Myles Turner,9,0.3,1.86335,1.9271900000000002,5.0,3,3,0,0,0,0,1,2,50.0,1,1,100.0,0,0,0,0,0,0,0,nba_boxscorematchupsv3
1,2024-25,Playoffs,NBA Finals,2025_okc_ind_api_20261005,0042400405,5,2025-06-16,1610612760,OKC,1641717,Cason Wallace,1610612754,IND,1628396,Tony Bradley,3,0.2,1.23967,0.8498600000000001,4.6,0,0,0,0,0,0,0,0,0.0,0,0,0.0,0,0,0,0,0,0,0,nba_boxscorematchupsv3
1,2024-25,Playoffs,NBA Finals,2025_okc_ind_api_20261005,0042400405,5,2025-06-16,1610612760,OKC,1641717,Cason Wallace,1610612754,IND,1630169,Tyrese Haliburton,66,5.7,9.42857,18.69688,41.699999999999996,5,16,0,0,0,0,2,2,100.0,1,1,100.0,0,0,0,0,0,0,0,nba_boxscorematchupsv3
1,2024-25,Playoffs,NBA Finals,2025_okc_ind_api_20261005,0042400405,5,2025-06-16,1610612760,OKC,1641717,Cason Wallace,1610612754,IND,1631097,Bennedict Mathurin,15,0.9,3.00601,4.24929,6.5,0,3,0,0,0,0,0,0,0.0,0,0,0.0,0,0,0,0,0,0,0,nba_boxscorematchupsv3
1,2024-25,Playoffs,NBA Finals,2025_okc_ind_api_20261005,0042400405,5,2025-06-16,1610612760,OKC,1641717,Cason Wallace,1610612754,IND,204456,T.J. McConnell,182,15.5,37.37166,51.55807,69.8,3,5,0,0,0,0,1,1,100.0,1,1,100.0,0,0,0,0,0,0,0,nba_boxscorematchupsv3
1,2024-25,Playoffs,NBA Finals,2025_okc_ind_api_20261005,0042400405,5,2025-06-16,1610612760,OKC,1641717,Cason Wallace,1610612754,IND,1629614,Andrew Nembhard,15,1.5,2.08333,4.24929,6.0,0,0,0,0,0,0,0,0,0.0,0,0,0.0,0,0,0,0,0,0,0,nba_boxscorematchupsv3
1,2024-25,Playoffs,NBA Finals,2025_okc_ind_api_20261005,0042400405,5,2025-06-16,1610612760,OKC,1641717,Cason Wallace,1610612754,IND,1630174,Aaron Nesmith,14,1.2,2.83976,3.96601,15.6,0,0,0,0,0,0,0,0,0.0,0,0,0.0,0,0,0,0,0,0,0,nba_boxscorematchupsv3
1,2024-25,Playoffs,NBA Finals,2025_okc_ind_api_20261005,0042400405,5,2025-06-16,1610612760,OKC,1641717,Cason Wallace,1610612754,IND,1627783,Pascal Siakam,49,2.7,7.02006,13.88102,13.3,0,3,0,0,0,0,0,0,0.0,0,0,0.0,0,0,0,0,0,0,0,nba_boxscorematchupsv3
1,2024-25,Playoffs,NBA Finals,2025_okc_ind_api_20261005,0042400405,5,2025-06-16,1610612760,OKC,1641717,Cason Wallace,1610612754,IND,1630167,Obi Toppin,3,0.6,0.68027,0.8498600000000001,7.199999999999999,3,3,0,0,0,0,1,1,100.0,1,1,100.0,0,0,0,0,0,0,0,nba_boxscorematchupsv3
1,2024-25,Playoffs,NBA Finals,2025_okc_ind_api_20261005,0042400405,5,2025-06-16,1610612760,OKC,1641717,Cason Wallace,1610612754,IND,1626167,Myles Turner,6,1.0,1.24224,1.6997200000000001,5.5,0,0,0,0,0,0,0,1,0.0,0,1,0.0,0,0,0,0,0,0,0,nba_boxscorematchupsv3
1,2024-25,Playoffs,NBA Finals,2025_okc_ind_api_20261005,0042400405,5,2025-06-16,1610612760,OKC,1629026,Kenrich Williams,1610612754,IND,1628396,Tony Bradley,2,0.1,0.8264499999999999,0.92166,9.700000000000001,0,3,0,0,0,0,0,0,0.0,0,0,0.0,0,0,0,0,0,0,0,nba_boxscorematchupsv3
1,2024-25,Playoffs,NBA Finals,2025_okc_ind_api_20261005,0042400405,5,2025-06-16,1610612760,OKC,1629026,Kenrich Williams,1610612754,IND,1631097,Bennedict Mathurin,12,1.4,2.40481,5.52995,9.4,0,0,0,0,0,0,0,0,0.0,0,0,0.0,0,0,0,0,0,0,0,nba_boxscorematchupsv3
1,2024-25,Playoffs,NBA Finals,2025_okc_ind_api_20261005,0042400405,5,2025-06-16,1610612760,OKC,1629026,Kenrich Williams,1610612754,IND,204456,T.J. McConnell,15,0.6,3.08008,6.91244,7.7,0,6,0,0,0,0,0,1,0.0,0,1,0.0,0,0,0,0,0,0,0,nba_boxscorematchupsv3
1,2024-25,Playoffs,NBA Finals,2025_okc_ind_api_20261005,0042400405,5,2025-06-16,1610612760,OKC,1629026,Kenrich Williams,1610612754,IND,1629614,Andrew Nembhard,18,0.7,2.5,8.29493,6.4,0,3,0,0,0,0,0,0,0.0,0,0,0.0,0,0,0,0,0,0,0,nba_boxscorematchupsv3
1,2024-25,Playoffs,NBA Finals,2025_okc_ind_api_20261005,0042400405,5,2025-06-16,1610612760,OKC,1629026,Kenrich Williams,1610612754,IND,1630174,Aaron Nesmith,16,1.3,3.2454400000000003,7.37327,19.2,0,0,1,0,0,0,0,0,0.0,0,0,0.0,0,0,0,0,0,0,0,nba_boxscorematchupsv3
1,2024-25,Playoffs,NBA Finals,2025_okc_ind_api_20261005,0042400405,5,2025-06-16,1610612760,OKC,1629026,Kenrich Williams,1610612754,IND,1627783,Pascal Siakam,142,11.1,20.34384,65.43778999999999,64.2,0,7,0,0,0,0,0,0,0.0,0,0,0.0,0,0,0,0,0,0,0,nba_boxscorematchupsv3
1,2024-25,Playoffs,NBA Finals,2025_okc_ind_api_20261005,0042400405,5,2025-06-16,1610612760,OKC,1629026,Kenrich Williams,1610612754,IND,1630167,Obi Toppin,2,0.1,0.45351,0.92166,2.6,0,0,0,0,0,0,0,0,0.0,0,0,0.0,0,0,0,0,0,0,0,nba_boxscorematchupsv3
1,2024-25,Playoffs,NBA Finals,2025_okc_ind_api_20261005,0042400405,5,2025-06-16,1610612760,OKC,1629026,Kenrich Williams,1610612754,IND,1626167,Myles Turner,10,1.1,2.07039,4.60829,7.000000000000001,0,0,0,0,0,0,0,0,0.0,0,0,0.0,0,0,0,0,0,0,0,nba_boxscorematchupsv3
1,2024-25,Playoffs,NBA Finals,2025_okc_ind_api_20261005,0042400405,5,2025-06-16,1610612754,IND,1630174,Aaron Nesmith,1610612760,OKC,1627936,Alex Caruso,48,1.3,7.68,9.54274,14.899999999999999,3,5,0,0,0,0,1,1,100.0,1,1,100.0,0,0,0,0,0,0,0,nba_boxscorematchupsv3
1,2024-25,Playoffs,NBA Finals,2025_okc_ind_api_20261005,0042400405,5,2025-06-16,1610612754,IND,1630174,Aaron Nesmith,1610612760,OKC,1629652,Luguentz Dort,32,3.4,4.71281,6.36183,7.8,0,0,0,0,0,0,0,0,0.0,0,0,0.0,0,0,0,0,0,0,0,nba_boxscorematchupsv3
1,2024-25,Playoffs,NBA Finals,2025_okc_ind_api_20261005,0042400405,5,2025-06-16,1610612754,IND,1630174,Aaron Nesmith,1610612760,OKC,1628983,Shai Gilgeous-Alexander,242,21.7,30.062109999999997,48.11133,49.7,5,15,0,0,0,0,2,3,66.7,1,1,100.0,0,0,0,0,0,0,0,nba_boxscorematchupsv3
1,2024-25,Playoffs,NBA Finals,2025_okc_ind_api_20261005,0042400405,5,2025-06-16,1610612754,IND,1630174,Aaron Nesmith,1610612760,OKC,1628392,Isaiah Hartenstein,31,1.7,6.26263,6.16302,13.3,0,3,0,0,0,0,0,0,0.0,0,0,0.0,0,0,0,0,0,0,0,nba_boxscorematchupsv3
1,2024-25,Playoffs,NBA Finals,2025_okc_ind_api_20261005,0042400405,5,2025-06-16,1610612754,IND,1630174,Aaron Nesmith,1610612760,OKC,1631096,Chet Holmgren,22,3.5,3.1338999999999997,4.37376,6.9,3,5,0,0,0,1,1,3,33.300000000000004,1,1,100.0,0,0,0,0,0,0,0,nba_boxscorematchupsv3
1,2024-25,Playoffs,NBA Finals,2025_okc_ind_api_20261005,0042400405,5,2025-06-16,1610612754,IND,1630174,Aaron Nesmith,1610612760,OKC,1641717,Cason Wallace,11,0.5,2.76382,2.18688,7.8,0,3,0,0,0,0,0,0,0.0,0,0,0.0,0,0,0,0,0,0,0,nba_boxscorematchupsv3
1,2024-25,Playoffs,NBA Finals,2025_okc_ind_api_20261005,0042400405,5,2025-06-16,1610612754,IND,1630174,Aaron Nesmith,1610612760,OKC,1630598,Aaron Wiggins,15,1.8,3.0426,2.98211,16.3,0,2,0,0,0,0,0,0,0.0,0,0,0.0,0,0,0,0,0,0,0,nba_boxscorematchupsv3
1,2024-25,Playoffs,NBA Finals,2025_okc_ind_api_20261005,0042400405,5,2025-06-16,1610612754,IND,1630174,Aaron Nesmith,1610612760,OKC,1631114,Jalen Williams,92,10.8,12.04188,18.29026,22.2,3,8,0,0,0,0,1,2,50.0,1,2,50.0,0,0,0,0,0,0,0,nba_boxscorematchupsv3
1,2024-25,Playoffs,NBA Finals,2025_okc_ind_api_20261005,0042400405,5,2025-06-16,1610612754,IND,1630174,Aaron Nesmith,1610612760,OKC,1629026,Kenrich Williams,10,1.2,4.25532,1.98807,17.5,0,2,0,0,0,0,0,0,0.0,0,0,0.0,0,0,0,0,0,0,0,nba_boxscorematchupsv3
1,2024-25,Playoffs,NBA Finals,2025_okc_ind_api_20261005,0042400405,5,2025-06-16,1610612754,IND,1627783,Pascal Siakam,1610612760,OKC,1627936,Alex Caruso,107,9.8,17.119999999999997,14.92329,31.1,5,5,0,0,0,0,2,3,66.7,1,1,100.0,0,0,0,0,0,0,0,nba_boxscorematchupsv3
1,2024-25,Playoffs,NBA Finals,2025_okc_ind_api_20261005,0042400405,5,2025-06-16,1610612754,IND,1627783,Pascal Siakam,1610612760,OKC,1629652,Luguentz Dort,62,5.1,9.131079999999999,8.64714,13.700000000000001,3,5,0,0,0,1,1,2,50.0,1,1,100.0,0,0,0,0,0,0,0,nba_boxscorematchupsv3
1,2024-25,Playoffs,NBA Finals,2025_okc_ind_api_20261005,0042400405,5,2025-06-16,1610612754,IND,1627783,Pascal Siakam,1610612760,OKC,1628983,Shai Gilgeous-Alexander,68,7.5,8.4472,9.48396,10.5,2,8,2,0,0,0,1,1,100.0,0,0,0.0,0,0,0,0,0,0,0,nba_boxscorematchupsv3
1,2024-25,Playoffs,NBA Finals,2025_okc_ind_api_20261005,0042400405,5,2025-06-16,1610612754,IND,1627783,Pascal Siakam,1610612760,OKC,1628392,Isaiah Hartenstein,102,6.7,20.60606,14.225940000000001,33.0,4,13,0,0,1,0,1,1,100.0,0,0,0.0,2,2,1,0,0,0,0,nba_boxscorematchupsv3
1,2024-25,Playoffs,NBA Finals,2025_okc_ind_api_20261005,0042400405,5,2025-06-16,1610612754,IND,1627783,Pascal Siakam,1610612760,OKC,1631096,Chet Holmgren,57,11.2,8.11966,7.949789999999999,14.000000000000002,4,9,0,0,2,0,2,3,66.7,0,1,0.0,0,0,0,0,0,0,0,nba_boxscorematchupsv3
1,2024-25,Playoffs,NBA Finals,2025_okc_ind_api_20261005,0042400405,5,2025-06-16,1610612754,IND,1627783,Pascal Siakam,1610612760,OKC,1641717,Cason Wallace,54,3.0,13.56784,7.53138,14.799999999999999,2,2,0,0,1,0,0,1,0.0,0,0,0.0,2,2,1,0,0,0,0,nba_boxscorematchupsv3
1,2024-25,Playoffs,NBA Finals,2025_okc_ind_api_20261005,0042400405,5,2025-06-16,1610612754,IND,1627783,Pascal Siakam,1610612760,OKC,1630598,Aaron Wiggins,6,1.1,1.21704,0.8368199999999999,2.8000000000000003,0,2,0,0,0,0,0,0,0.0,0,0,0.0,0,0,0,0,0,0,0,nba_boxscorematchupsv3
1,2024-25,Playoffs,NBA Finals,2025_okc_ind_api_20261005,0042400405,5,2025-06-16,1610612754,IND,1627783,Pascal Siakam,1610612760,OKC,1631114,Jalen Williams,124,12.1,16.23037,17.29428,26.8,6,13,2,0,0,0,1,1,100.0,1,1,100.0,3,4,2,0,0,0,0,nba_boxscorematchupsv3
1,2024-25,Playoffs,NBA Finals,2025_okc_ind_api_20261005,0042400405,5,2025-06-16,1610612754,IND,1627783,Pascal Siakam,1610612760,OKC,1629026,Kenrich Williams,137,11.1,58.297869999999996,19.10739,62.0,2,8,0,0,0,0,1,3,33.300000000000004,0,2,0.0,0,0,0,0,0,0,0,nba_boxscorematchupsv3
1,2024-25,Playoffs,NBA Finals,2025_okc_ind_api_20261005,0042400405,5,2025-06-16,1610612754,IND,1626167,Myles Turner,1610612760,OKC,1627936,Alex Caruso,35,2.0,5.6000000000000005,6.06586,11.1,0,3,0,0,0,0,0,0,0.0,0,0,0.0,0,0,0,0,0,0,0,nba_boxscorematchupsv3
1,2024-25,Playoffs,NBA Finals,2025_okc_ind_api_20261005,0042400405,5,2025-06-16,1610612754,IND,1626167,Myles Turner,1610612760,OKC,1629652,Luguentz Dort,42,2.4,6.18557,7.2790300000000006,10.6,2,5,1,0,0,0,0,0,0.0,0,0,0.0,2,2,1,0,0,0,0,nba_boxscorematchupsv3
1,2024-25,Playoffs,NBA Finals,2025_okc_ind_api_20261005,0042400405,5,2025-06-16,1610612754,IND,1626167,Myles Turner,1610612760,OKC,1628983,Shai Gilgeous-Alexander,42,4.0,5.21739,7.2790300000000006,7.9,5,8,0,0,0,0,2,2,100.0,1,1,100.0,0,1,1,0,0,0,0,nba_boxscorematchupsv3
1,2024-25,Playoffs,NBA Finals,2025_okc_ind_api_20261005,0042400405,5,2025-06-16,1610612754,IND,1626167,Myles Turner,1610612760,OKC,1628392,Isaiah Hartenstein,28,3.2,5.656569999999999,4.85269,20.3,2,2,0,0,0,0,0,0,0.0,0,0,0.0,2,2,1,0,0,0,0,nba_boxscorematchupsv3
1,2024-25,Playoffs,NBA Finals,2025_okc_ind_api_20261005,0042400405,5,2025-06-16,1610612754,IND,1626167,Myles Turner,1610612760,OKC,1631096,Chet Holmgren,309,26.8,44.017089999999996,53.55286,57.99999999999999,2,22,0,0,0,1,1,3,33.300000000000004,0,1,0.0,0,0,0,0,0,0,0,nba_boxscorematchupsv3
1,2024-25,Playoffs,NBA Finals,2025_okc_ind_api_20261005,0042400405,5,2025-06-16,1610612754,IND,1626167,Myles Turner,1610612760,OKC,1641717,Cason Wallace,8,0.5,2.01005,1.38648,3.9,0,0,0,0,0,0,0,0,0.0,0,0,0.0,0,0,0,0,0,0,0,nba_boxscorematchupsv3
1,2024-25,Playoffs,NBA Finals,2025_okc_ind_api_20261005,0042400405,5,2025-06-16,1610612754,IND,1626167,Myles Turner,1610612760,OKC,1630598,Aaron Wiggins,22,2.5,4.462470000000001,3.8128200000000003,12.3,0,0,0,0,0,0,0,0,0.0,0,0,0.0,0,0,0,0,0,0,0,nba_boxscorematchupsv3
1,2024-25,Playoffs,NBA Finals,2025_okc_ind_api_20261005,0042400405,5,2025-06-16,1610612754,IND,1626167,Myles Turner,1610612760,OKC,1631114,Jalen Williams,91,6.1,11.91099,15.77123,24.099999999999998,2,7,0,0,0,0,0,0,0.0,0,0,0.0,2,2,1,0,0,0,0,nba_boxscorematchupsv3
1,2024-25,Playoffs,NBA Finals,2025_okc_ind_api_20261005,0042400405,5,2025-06-16,1610612754,IND,1629614,Andrew Nembhard,1610612760,OKC,1627936,Alex Caruso,128,9.4,20.48,16.32653,32.7,3,8,0,0,0,0,1,1,100.0,0,0,0.0,1,1,1,0,0,0,0,nba_boxscorematchupsv3
1,2024-25,Playoffs,NBA Finals,2025_okc_ind_api_20261005,0042400405,5,2025-06-16,1610612754,IND,1629614,Andrew Nembhard,1610612760,OKC,1629652,Luguentz Dort,78,9.3,11.48748,9.94898,15.8,0,5,0,0,1,0,0,1,0.0,0,0,0.0,0,0,0,0,0,0,0,nba_boxscorematchupsv3
1,2024-25,Playoffs,NBA Finals,2025_okc_ind_api_20261005,0042400405,5,2025-06-16,1610612754,IND,1629614,Andrew Nembhard,1610612760,OKC,1628983,Shai Gilgeous-Alexander,159,19.6,19.75155,20.28061,26.200000000000003,0,7,1,0,1,1,0,2,0.0,0,0,0.0,0,0,0,0,0,0,0,nba_boxscorematchupsv3
1,2024-25,Playoffs,NBA Finals,2025_okc_ind_api_20261005,0042400405,5,2025-06-16,1610612754,IND,1629614,Andrew Nembhard,1610612760,OKC,1628392,Isaiah Hartenstein,19,2.7,3.8383800000000003,2.42347,7.3,0,0,0,0,0,0,0,0,0.0,0,0,0.0,0,0,0,0,0,0,0,nba_boxscorematchupsv3
1,2024-25,Playoffs,NBA Finals,2025_okc_ind_api_20261005,0042400405,5,2025-06-16,1610612754,IND,1629614,Andrew Nembhard,1610612760,OKC,1631096,Chet Holmgren,27,2.2,3.84615,3.44388,4.5,0,6,1,0,0,0,0,0,0.0,0,0,0.0,0,0,0,0,0,0,0,nba_boxscorematchupsv3
1,2024-25,Playoffs,NBA Finals,2025_okc_ind_api_20261005,0042400405,5,2025-06-16,1610612754,IND,1629614,Andrew Nembhard,1610612760,OKC,1641717,Cason Wallace,70,5.5,17.58794,8.928569999999999,20.3,2,8,0,0,0,1,1,2,50.0,0,1,0.0,0,0,0,0,0,0,0,nba_boxscorematchupsv3
1,2024-25,Playoffs,NBA Finals,2025_okc_ind_api_20261005,0042400405,5,2025-06-16,1610612754,IND,1629614,Andrew Nembhard,1610612760,OKC,1630598,Aaron Wiggins,127,7.7,25.760650000000002,16.19898,38.0,0,16,0,0,0,0,0,0,0.0,0,0,0.0,0,0,0,0,0,0,0,nba_boxscorematchupsv3
1,2024-25,Playoffs,NBA Finals,2025_okc_ind_api_20261005,0042400405,5,2025-06-16,1610612754,IND,1629614,Andrew Nembhard,1610612760,OKC,1631114,Jalen Williams,151,12.7,19.7644,19.2602,25.7,2,14,1,0,1,0,1,2,50.0,0,1,0.0,0,0,0,0,0,0,0,nba_boxscorematchupsv3
1,2024-25,Playoffs,NBA Finals,2025_okc_ind_api_20261005,0042400405,5,2025-06-16,1610612754,IND,1629614,Andrew Nembhard,1610612760,OKC,1629026,Kenrich Williams,25,3.1,10.638300000000001,3.18878,8.6,0,4,0,0,1,0,0,0,0.0,0,0,0.0,0,0,0,0,0,0,0,nba_boxscorematchupsv3
1,2024-25,Playoffs,NBA Finals,2025_okc_ind_api_20261005,0042400405,5,2025-06-16,1610612754,IND,1630169,Tyrese Haliburton,1610612760,OKC,1627936,Alex Caruso,125,11.4,20.0,16.297259999999998,24.0,0,7,0,0,0,1,0,1,0.0,0,0,0.0,0,0,0,0,0,0,0,nba_boxscorematchupsv3
1,2024-25,Playoffs,NBA Finals,2025_okc_ind_api_20261005,0042400405,5,2025-06-16,1610612754,IND,1630169,Tyrese Haliburton,1610612760,OKC,1629652,Luguentz Dort,321,29.4,47.27541,41.851369999999996,50.0,0,29,4,0,1,0,0,0,0.0,0,0,0.0,0,0,0,0,0,0,0,nba_boxscorematchupsv3
1,2024-25,Playoffs,NBA Finals,2025_okc_ind_api_20261005,0042400405,5,2025-06-16,1610612754,IND,1630169,Tyrese Haliburton,1610612760,OKC,1628983,Shai Gilgeous-Alexander,30,3.4,3.7267099999999997,3.91134,7.000000000000001,0,3,0,0,0,0,0,0,0.0,0,0,0.0,0,0,0,0,0,0,0,nba_boxscorematchupsv3
1,2024-25,Playoffs,NBA Finals,2025_okc_ind_api_20261005,0042400405,5,2025-06-16,1610612754,IND,1630169,Tyrese Haliburton,1610612760,OKC,1628392,Isaiah Hartenstein,34,2.7,6.868689999999999,4.432860000000001,6.1,0,2,2,0,0,0,0,2,0.0,0,2,0.0,0,0,0,0,0,0,0,nba_boxscorematchupsv3
1,2024-25,Playoffs,NBA Finals,2025_okc_ind_api_20261005,0042400405,5,2025-06-16,1610612754,IND,1630169,Tyrese Haliburton,1610612760,OKC,1631096,Chet Holmgren,74,5.9,10.54131,9.64798,14.799999999999999,4,6,0,0,2,0,0,0,0.0,0,0,0.0,4,4,2,0,0,0,0,nba_boxscorematchupsv3
1,2024-25,Playoffs,NBA Finals,2025_okc_ind_api_20261005,0042400405,5,2025-06-16,1610612754,IND,1630169,Tyrese Haliburton,1610612760,OKC,1641717,Cason Wallace,74,6.7,18.59296,9.64798,35.5,0,5,0,0,0,0,0,0,0.0,0,0,0.0,0,0,0,0,0,0,0,nba_boxscorematchupsv3
1,2024-25,Playoffs,NBA Finals,2025_okc_ind_api_20261005,0042400405,5,2025-06-16,1610612754,IND,1630169,Tyrese Haliburton,1610612760,OKC,1630598,Aaron Wiggins,56,3.6,11.35903,7.30117,19.1,0,4,0,0,0,0,0,2,0.0,0,2,0.0,0,0,0,0,0,0,0,nba_boxscorematchupsv3
1,2024-25,Playoffs,NBA Finals,2025_okc_ind_api_20261005,0042400405,5,2025-06-16,1610612754,IND,1630169,Tyrese Haliburton,1610612760,OKC,1631114,Jalen Williams,51,5.8,6.67539,6.64928,8.6,0,3,0,0,0,0,0,1,0.0,0,0,0.0,0,0,0,0,0,0,0,nba_boxscorematchupsv3
1,2024-25,Playoffs,NBA Finals,2025_okc_ind_api_20261005,0042400405,5,2025-06-16,1610612754,IND,1630169,Tyrese Haliburton,1610612760,OKC,1629026,Kenrich Williams,2,0.0,0.85106,0.26076,3.5999999999999996,0,2,0,0,0,0,0,0,0.0,0,0,0.0,0,0,0,0,0,0,0,nba_boxscorematchupsv3
1,2024-25,Playoffs,NBA Finals,2025_okc_ind_api_20261005,0042400405,5,2025-06-16,1610612754,IND,1630167,Obi Toppin,1610612760,OKC,1627936,Alex Caruso,56,7.6,8.959999999999999,11.61826,15.9,0,6,0,0,0,0,0,0,0.0,0,0,0.0,0,0,0,0,0,0,0,nba_boxscorematchupsv3
1,2024-25,Playoffs,NBA Finals,2025_okc_ind_api_20261005,0042400405,5,2025-06-16,1610612754,IND,1630167,Obi Toppin,1610612760,OKC,1629652,Luguentz Dort,46,2.3,6.77467,9.543569999999999,9.4,3,3,0,0,0,0,1,1,100.0,1,1,100.0,0,0,0,0,0,0,0,nba_boxscorematchupsv3
1,2024-25,Playoffs,NBA Finals,2025_okc_ind_api_20261005,0042400405,5,2025-06-16,1610612754,IND,1630167,Obi Toppin,1610612760,OKC,1628983,Shai Gilgeous-Alexander,45,3.7,5.59006,9.3361,14.099999999999998,6,9,1,0,0,1,3,4,75.0,0,0,0.0,0,0,0,0,0,0,0,nba_boxscorematchupsv3
1,2024-25,Playoffs,NBA Finals,2025_okc_ind_api_20261005,0042400405,5,2025-06-16,1610612754,IND,1630167,Obi Toppin,1610612760,OKC,1628392,Isaiah Hartenstein,40,1.7,8.08081,8.29876,17.5,0,0,0,0,0,0,0,1,0.0,0,1,0.0,0,0,0,0,0,0,0,nba_boxscorematchupsv3
1,2024-25,Playoffs,NBA Finals,2025_okc_ind_api_20261005,0042400405,5,2025-06-16,1610612754,IND,1630167,Obi Toppin,1610612760,OKC,1631096,Chet Holmgren,133,11.6,18.94587,27.59336,46.2,3,10,0,0,0,0,1,2,50.0,0,0,0.0,1,2,1,0,0,0,0,nba_boxscorematchupsv3
1,2024-25,Playoffs,NBA Finals,2025_okc_ind_api_20261005,0042400405,5,2025-06-16,1610612754,IND,1630167,Obi Toppin,1610612760,OKC,1641717,Cason Wallace,10,1.1,2.51256,2.07469,9.0,0,0,0,0,0,0,0,0,0.0,0,0,0.0,0,0,0,0,0,0,0,nba_boxscorematchupsv3
1,2024-25,Playoffs,NBA Finals,2025_okc_ind_api_20261005,0042400405,5,2025-06-16,1610612754,IND,1630167,Obi Toppin,1610612760,OKC,1630598,Aaron Wiggins,23,1.9,4.66531,4.77178,11.700000000000001,0,2,0,0,0,0,0,0,0.0,0,0,0.0,0,0,0,0,0,0,0,nba_boxscorematchupsv3
1,2024-25,Playoffs,NBA Finals,2025_okc_ind_api_20261005,0042400405,5,2025-06-16,1610612754,IND,1630167,Obi Toppin,1610612760,OKC,1631114,Jalen Williams,118,10.2,15.445030000000001,24.48133,28.9,0,4,0,0,0,0,0,3,0.0,0,3,0.0,0,0,0,0,0,0,0,nba_boxscorematchupsv3
1,2024-25,Playoffs,NBA Finals,2025_okc_ind_api_20261005,0042400405,5,2025-06-16,1610612754,IND,1630167,Obi Toppin,1610612760,OKC,1629026,Kenrich Williams,11,0.4,4.68085,2.28216,15.4,0,3,0,0,0,0,0,0,0.0,0,0,0.0,0,0,0,0,0,0,0,nba_boxscorematchupsv3
1,2024-25,Playoffs,NBA Finals,2025_okc_ind_api_20261005,0042400405,5,2025-06-16,1610612754,IND,1641767,Ben Sheppard,1610612760,OKC,1627936,Alex Caruso,18,2.6,2.88,12.5,11.4,0,2,1,0,0,0,0,0,0.0,0,0,0.0,0,0,0,0,0,0,0,nba_boxscorematchupsv3
1,2024-25,Playoffs,NBA Finals,2025_okc_ind_api_20261005,0042400405,5,2025-06-16,1610612754,IND,1641767,Ben Sheppard,1610612760,OKC,1629652,Luguentz Dort,19,1.3,2.79823,13.194439999999998,18.8,0,0,0,0,1,0,0,0,0.0,0,0,0.0,0,0,0,0,0,0,0,nba_boxscorematchupsv3
1,2024-25,Playoffs,NBA Finals,2025_okc_ind_api_20261005,0042400405,5,2025-06-16,1610612754,IND,1641767,Ben Sheppard,1610612760,OKC,1628983,Shai Gilgeous-Alexander,62,3.1,7.701860000000001,43.05556,73.6,0,0,0,0,0,0,0,0,0.0,0,0,0.0,0,0,0,0,0,0,0,nba_boxscorematchupsv3
1,2024-25,Playoffs,NBA Finals,2025_okc_ind_api_20261005,0042400405,5,2025-06-16,1610612754,IND,1641767,Ben Sheppard,1610612760,OKC,1628392,Isaiah Hartenstein,2,0.5,0.40404000000000007,1.38889,4.0,0,0,0,0,0,0,0,0,0.0,0,0,0.0,0,0,0,0,0,0,0,nba_boxscorematchupsv3
1,2024-25,Playoffs,NBA Finals,2025_okc_ind_api_20261005,0042400405,5,2025-06-16,1610612754,IND,1641767,Ben Sheppard,1610612760,OKC,1631096,Chet Holmgren,2,0.5,0.2849,1.38889,8.200000000000001,0,0,0,0,0,0,0,0,0.0,0,0,0.0,0,0,0,0,0,0,0,nba_boxscorematchupsv3
1,2024-25,Playoffs,NBA Finals,2025_okc_ind_api_20261005,0042400405,5,2025-06-16,1610612754,IND,1641767,Ben Sheppard,1610612760,OKC,1630598,Aaron Wiggins,21,1.0,4.25963,14.58333,27.400000000000002,0,0,0,0,0,0,0,0,0.0,0,0,0.0,0,0,0,0,0,0,0,nba_boxscorematchupsv3
1,2024-25,Playoffs,NBA Finals,2025_okc_ind_api_20261005,0042400405,5,2025-06-16,1610612754,IND,1641767,Ben Sheppard,1610612760,OKC,1631114,Jalen Williams,20,1.1,2.6178,13.888890000000002,11.799999999999999,0,0,0,0,0,0,0,0,0.0,0,0,0.0,0,0,0,0,0,0,0,nba_boxscorematchupsv3
1,2024-25,Playoffs,NBA Finals,2025_okc_ind_api_20261005,0042400405,5,2025-06-16,1610612754,IND,204456,T.J. McConnell,1610612760,OKC,1627936,Alex Caruso,70,8.8,11.200000000000001,16.203699999999998,27.6,3,5,1,0,0,0,1,1,100.0,0,0,0.0,1,1,1,0,0,0,0,nba_boxscorematchupsv3
1,2024-25,Playoffs,NBA Finals,2025_okc_ind_api_20261005,0042400405,5,2025-06-16,1610612754,IND,204456,T.J. McConnell,1610612760,OKC,1629652,Luguentz Dort,10,2.0,1.47275,2.31481,10.2,0,0,0,0,1,0,0,0,0.0,0,0,0.0,0,0,0,0,0,0,0,nba_boxscorematchupsv3
1,2024-25,Playoffs,NBA Finals,2025_okc_ind_api_20261005,0042400405,5,2025-06-16,1610612754,IND,204456,T.J. McConnell,1610612760,OKC,1628983,Shai Gilgeous-Alexander,14,1.6,1.7391299999999998,3.24074,4.8,0,0,0,0,0,0,0,0,0.0,0,0,0.0,0,0,0,0,0,0,0,nba_boxscorematchupsv3
1,2024-25,Playoffs,NBA Finals,2025_okc_ind_api_20261005,0042400405,5,2025-06-16,1610612754,IND,204456,T.J. McConnell,1610612760,OKC,1628392,Isaiah Hartenstein,8,0.8,1.6161600000000003,1.85185,8.7,2,2,0,0,0,0,1,1,100.0,0,0,0.0,0,0,0,0,0,0,0,nba_boxscorematchupsv3
1,2024-25,Playoffs,NBA Finals,2025_okc_ind_api_20261005,0042400405,5,2025-06-16,1610612754,IND,204456,T.J. McConnell,1610612760,OKC,1631096,Chet Holmgren,55,4.4,7.83476,12.731480000000001,15.7,0,5,1,0,1,0,0,2,0.0,0,1,0.0,0,0,0,0,0,0,0,nba_boxscorematchupsv3
1,2024-25,Playoffs,NBA Finals,2025_okc_ind_api_20261005,0042400405,5,2025-06-16,1610612754,IND,204456,T.J. McConnell,1610612760,OKC,1641717,Cason Wallace,134,11.7,33.66834,31.01852,55.300000000000004,4,10,0,0,0,0,2,4,50.0,0,0,0.0,0,0,0,0,0,0,0,nba_boxscorematchupsv3
1,2024-25,Playoffs,NBA Finals,2025_okc_ind_api_20261005,0042400405,5,2025-06-16,1610612754,IND,204456,T.J. McConnell,1610612760,OKC,1630598,Aaron Wiggins,70,6.7,14.19878,16.203699999999998,18.099999999999998,5,8,0,0,0,1,2,4,50.0,1,1,100.0,0,0,0,0,0,0,0,nba_boxscorematchupsv3
1,2024-25,Playoffs,NBA Finals,2025_okc_ind_api_20261005,0042400405,5,2025-06-16,1610612754,IND,204456,T.J. McConnell,1610612760,OKC,1631114,Jalen Williams,47,4.8,6.1518299999999995,10.87963,20.3,4,9,1,0,0,0,2,2,100.0,0,0,0.0,0,0,0,0,0,0,0,nba_boxscorematchupsv3
1,2024-25,Playoffs,NBA Finals,2025_okc_ind_api_20261005,0042400405,5,2025-06-16,1610612754,IND,204456,T.J. McConnell,1610612760,OKC,1629026,Kenrich Williams,24,1.6,10.21277,5.55556,10.6,0,0,0,0,1,0,0,0,0.0,0,0,0.0,0,0,0,0,0,0,0,nba_boxscorematchupsv3
1,2024-25,Playoffs,NBA Finals,2025_okc_ind_api_20261005,0042400405,5,2025-06-16,1610612754,IND,1631097,Bennedict Mathurin,1610612760,OKC,1627936,Alex Caruso,20,1.1,3.2,4.19287,7.3,0,0,0,0,0,0,0,0,0.0,0,0,0.0,0,2,1,0,0,0,0,nba_boxscorematchupsv3
1,2024-25,Playoffs,NBA Finals,2025_okc_ind_api_20261005,0042400405,5,2025-06-16,1610612754,IND,1631097,Bennedict Mathurin,1610612760,OKC,1629652,Luguentz Dort,36,5.6,5.30191,7.54717,22.0,0,6,0,0,0,0,0,0,0.0,0,0,0.0,0,0,0,0,0,0,0,nba_boxscorematchupsv3
1,2024-25,Playoffs,NBA Finals,2025_okc_ind_api_20261005,0042400405,5,2025-06-16,1610612754,IND,1631097,Bennedict Mathurin,1610612760,OKC,1628983,Shai Gilgeous-Alexander,121,10.1,15.031059999999998,25.366880000000002,35.199999999999996,5,18,0,0,0,1,2,3,66.7,1,2,50.0,0,0,0,0,0,0,0,nba_boxscorematchupsv3
1,2024-25,Playoffs,NBA Finals,2025_okc_ind_api_20261005,0042400405,5,2025-06-16,1610612754,IND,1631097,Bennedict Mathurin,1610612760,OKC,1628392,Isaiah Hartenstein,31,2.7,6.26263,6.498950000000001,9.6,2,2,0,0,0,1,0,4,0.0,0,1,0.0,2,2,1,0,0,0,0,nba_boxscorematchupsv3
1,2024-25,Playoffs,NBA Finals,2025_okc_ind_api_20261005,0042400405,5,2025-06-16,1610612754,IND,1631097,Bennedict Mathurin,1610612760,OKC,1631096,Chet Holmgren,15,2.1,2.13675,3.1446500000000004,8.7,0,2,0,0,0,1,0,2,0.0,0,1,0.0,0,0,0,0,0,0,0,nba_boxscorematchupsv3
1,2024-25,Playoffs,NBA Finals,2025_okc_ind_api_20261005,0042400405,5,2025-06-16,1610612754,IND,1631097,Bennedict Mathurin,1610612760,OKC,1641717,Cason Wallace,30,2.4,7.53769,6.2893099999999995,12.5,0,2,0,0,0,0,0,0,0.0,0,0,0.0,0,0,0,0,0,0,0,nba_boxscorematchupsv3
1,2024-25,Playoffs,NBA Finals,2025_okc_ind_api_20261005,0042400405,5,2025-06-16,1610612754,IND,1631097,Bennedict Mathurin,1610612760,OKC,1630598,Aaron Wiggins,137,11.5,27.78905,28.72117,40.300000000000004,0,3,0,0,0,0,0,2,0.0,0,0,0.0,0,0,0,0,0,0,0,nba_boxscorematchupsv3
1,2024-25,Playoffs,NBA Finals,2025_okc_ind_api_20261005,0042400405,5,2025-06-16,1610612754,IND,1631097,Bennedict Mathurin,1610612760,OKC,1631114,Jalen Williams,61,5.0,7.98429,12.788260000000001,22.900000000000002,0,5,1,0,1,0,0,0,0.0,0,0,0.0,0,0,0,0,0,0,0,nba_boxscorematchupsv3
1,2024-25,Playoffs,NBA Finals,2025_okc_ind_api_20261005,0042400405,5,2025-06-16,1610612754,IND,1631097,Bennedict Mathurin,1610612760,OKC,1629026,Kenrich Williams,26,2.2,11.06383,5.45073,12.7,0,2,0,0,0,0,0,0,0.0,0,0,0.0,0,0,0,0,0,0,0,nba_boxscorematchupsv3
1,2024-25,Playoffs,NBA Finals,2025_okc_ind_api_20261005,0042400405,5,2025-06-16,1610612754,IND,1628396,Tony Bradley,1610612760,OKC,1627936,Alex Caruso,15,1.2,2.4,5.20833,9.1,0,0,0,0,0,0,0,0,0.0,0,0,0.0,0,0,0,0,0,0,0,nba_boxscorematchupsv3
1,2024-25,Playoffs,NBA Finals,2025_okc_ind_api_20261005,0042400405,5,2025-06-16,1610612754,IND,1628396,Tony Bradley,1610612760,OKC,1629652,Luguentz Dort,25,1.5,3.68189,8.68056,12.0,2,2,0,0,0,0,1,1,100.0,0,0,0.0,0,0,0,0,0,0,0,nba_boxscorematchupsv3
1,2024-25,Playoffs,NBA Finals,2025_okc_ind_api_20261005,0042400405,5,2025-06-16,1610612754,IND,1628396,Tony Bradley,1610612760,OKC,1628983,Shai Gilgeous-Alexander,19,1.8,2.3602499999999997,6.597219999999999,15.2,2,2,0,0,0,1,0,1,0.0,0,0,0.0,2,2,1,0,0,0,0,nba_boxscorematchupsv3
1,2024-25,Playoffs,NBA Finals,2025_okc_ind_api_20261005,0042400405,5,2025-06-16,1610612754,IND,1628396,Tony Bradley,1610612760,OKC,1628392,Isaiah Hartenstein,200,14.9,40.40404,69.44444,68.10000000000001,0,15,0,0,1,0,0,0,0.0,0,0,0.0,0,0,0,0,0,0,0,nba_boxscorematchupsv3
1,2024-25,Playoffs,NBA Finals,2025_okc_ind_api_20261005,0042400405,5,2025-06-16,1610612754,IND,1628396,Tony Bradley,1610612760,OKC,1631096,Chet Holmgren,3,0.0,0.42735000000000006,1.0416699999999999,13.900000000000002,0,0,0,0,0,0,0,0,0.0,0,0,0.0,0,0,0,0,0,0,0,nba_boxscorematchupsv3
1,2024-25,Playoffs,NBA Finals,2025_okc_ind_api_20261005,0042400405,5,2025-06-16,1610612754,IND,1628396,Tony Bradley,1610612760,OKC,1641717,Cason Wallace,7,1.1,1.75879,2.43056,5.6000000000000005,0,2,0,0,0,0,0,0,0.0,0,0,0.0,0,0,0,0,0,0,0,nba_boxscorematchupsv3
1,2024-25,Playoffs,NBA Finals,2025_okc_ind_api_20261005,0042400405,5,2025-06-16,1610612754,IND,1628396,Tony Bradley,1610612760,OKC,1630598,Aaron Wiggins,16,1.6,3.2454400000000003,5.55556,7.5,0,2,0,0,0,0,0,0,0.0,0,0,0.0,0,0,0,0,0,0,0,nba_boxscorematchupsv3
1,2024-25,Playoffs,NBA Finals,2025_okc_ind_api_20261005,0042400405,5,2025-06-16,1610612754,IND,1628396,Tony Bradley,1610612760,OKC,1631114,Jalen Williams,3,1.1,0.39267,1.0416699999999999,4.6,0,0,0,0,0,0,0,0,0.0,0,0,0.0,0,0,0,0,0,0,0,nba_boxscorematchupsv3
1,2024-25,Playoffs,NBA Finals,2025_okc_ind_api_20261005,0042400405,5,2025-06-16,1610612754,IND,1642277,Johnny Furphy,1610612760,OKC,1627936,Alex Caruso,3,2.2,0.48,23.07692,40.699999999999996,2,2,0,0,0,0,1,1,100.0,0,0,0.0,0,0,0,0,0,0,0,nba_boxscorematchupsv3
1,2024-25,Playoffs,NBA Finals,2025_okc_ind_api_20261005,0042400405,5,2025-06-16,1610612754,IND,1642277,Johnny Furphy,1610612760,OKC,1629652,Luguentz Dort,1,0.6,0.14728,7.692309999999999,15.0,0,0,0,0,0,0,0,0,0.0,0,0,0.0,0,0,0,0,0,0,0,nba_boxscorematchupsv3
1,2024-25,Playoffs,NBA Finals,2025_okc_ind_api_20261005,0042400405,5,2025-06-16,1610612754,IND,1642277,Johnny Furphy,1610612760,OKC,1628983,Shai Gilgeous-Alexander,3,1.6,0.37267,23.07692,16.7,0,0,0,0,0,0,0,0,0.0,0,0,0.0,0,1,1,0,0,0,0,nba_boxscorematchupsv3
1,2024-25,Playoffs,NBA Finals,2025_okc_ind_api_20261005,0042400405,5,2025-06-16,1610612754,IND,1642277,Johnny Furphy,1610612760,OKC,1631114,Jalen Williams,6,0.7,0.78534,46.15385,34.699999999999996,0,0,0,0,0,0,0,0,0.0,0,0,0.0,0,0,0,0,0,0,0,nba_boxscorematchupsv3
1,2024-25,Playoffs,NBA Finals,2025_okc_ind_api_20261005,0042400405,5,2025-06-16,1610612754,IND,1628418,Thomas Bryant,1610612760,OKC,1629652,Luguentz Dort,7,1.4,1.0309300000000001,58.333330000000004,49.5,0,0,0,0,0,0,0,0,0.0,0,0,0.0,0,0,0,0,0,0,0,nba_boxscorematchupsv3
1,2024-25,Playoffs,NBA Finals,2025_okc_ind_api_20261005,0042400405,5,2025-06-16,1610612754,IND,1628418,Thomas Bryant,1610612760,OKC,1631096,Chet Holmgren,5,2.2,0.71225,41.66667,31.0,0,2,0,0,0,0,0,0,0.0,0,0,0.0,0,0,0,0,0,0,0,nba_boxscorematchupsv3
1,2024-25,Playoffs,NBA Finals,2025_okc_ind_api_20261005,0042400406,6,2025-06-19,1610612754,IND,1630174,Aaron Nesmith,1610612760,OKC,1627936,Alex Caruso,38,1.7,6.921679999999999,6.50685,9.3,0,3,0,0,0,0,0,1,0.0,0,0,0.0,0,0,0,0,0,0,0,nba_boxscorematchupsv3
1,2024-25,Playoffs,NBA Finals,2025_okc_ind_api_20261005,0042400406,6,2025-06-19,1610612754,IND,1630174,Aaron Nesmith,1610612760,OKC,1629652,Luguentz Dort,48,3.2,10.0,8.21918,13.0,0,3,1,0,0,0,0,0,0.0,0,0,0.0,0,0,0,0,0,0,0,nba_boxscorematchupsv3
1,2024-25,Playoffs,NBA Finals,2025_okc_ind_api_20261005,0042400406,6,2025-06-19,1610612754,IND,1630174,Aaron Nesmith,1610612760,OKC,1628983,Shai Gilgeous-Alexander,121,10.1,17.0904,20.71918,27.6,3,11,1,0,0,0,1,1,100.0,1,1,100.0,0,0,0,0,0,0,0,nba_boxscorematchupsv3
1,2024-25,Playoffs,NBA Finals,2025_okc_ind_api_20261005,0042400406,6,2025-06-19,1610612754,IND,1630174,Aaron Nesmith,1610612760,OKC,1628392,Isaiah Hartenstein,46,4.8,12.46612,7.876710000000001,17.299999999999997,4,4,0,0,0,0,1,2,50.0,1,2,50.0,1,1,0,0,0,0,0,nba_boxscorematchupsv3
1,2024-25,Playoffs,NBA Finals,2025_okc_ind_api_20261005,0042400406,6,2025-06-19,1610612754,IND,1630174,Aaron Nesmith,1610612760,OKC,1631096,Chet Holmgren,72,5.1,13.16271,12.32877,16.1,0,2,0,0,1,0,0,1,0.0,0,1,0.0,0,0,0,0,0,0,0,nba_boxscorematchupsv3
1,2024-25,Playoffs,NBA Finals,2025_okc_ind_api_20261005,0042400406,6,2025-06-19,1610612754,IND,1630174,Aaron Nesmith,1610612760,OKC,1630198,Isaiah Joe,39,4.1,10.051549999999999,6.6780800000000005,42.699999999999996,0,2,0,0,0,0,0,1,0.0,0,1,0.0,0,0,0,0,0,0,0,nba_boxscorematchupsv3
1,2024-25,Playoffs,NBA Finals,2025_okc_ind_api_20261005,0042400406,6,2025-06-19,1610612754,IND,1630174,Aaron Nesmith,1610612760,OKC,1641717,Cason Wallace,20,1.3,5.7971,3.4246600000000003,10.2,0,3,0,0,0,0,0,0,0.0,0,0,0.0,0,0,0,0,0,0,0,nba_boxscorematchupsv3
1,2024-25,Playoffs,NBA Finals,2025_okc_ind_api_20261005,0042400406,6,2025-06-19,1610612754,IND,1630174,Aaron Nesmith,1610612760,OKC,1630598,Aaron Wiggins,49,4.4,11.01124,8.39041,44.7,0,0,0,0,0,0,0,0,0.0,0,0,0.0,0,0,0,0,0,0,0,nba_boxscorematchupsv3
1,2024-25,Playoffs,NBA Finals,2025_okc_ind_api_20261005,0042400406,6,2025-06-19,1610612754,IND,1630174,Aaron Nesmith,1610612760,OKC,1631114,Jalen Williams,130,12.5,20.70064,22.26027,30.3,3,23,1,0,0,0,1,1,100.0,0,0,0.0,1,1,1,0,0,0,0,nba_boxscorematchupsv3
1,2024-25,Playoffs,NBA Finals,2025_okc_ind_api_20261005,0042400406,6,2025-06-19,1610612754,IND,1630174,Aaron Nesmith,1610612760,OKC,1631119,Jaylin Williams,4,0.5,1.31579,0.68493,6.9,1,1,0,0,0,0,0,0,0.0,0,0,0.0,1,2,1,0,0,0,0,nba_boxscorematchupsv3
1,2024-25,Playoffs,NBA Finals,2025_okc_ind_api_20261005,0042400406,6,2025-06-19,1610612754,IND,1630174,Aaron Nesmith,1610612760,OKC,1629026,Kenrich Williams,17,0.8,3.71179,2.9109599999999998,9.0,0,0,0,0,0,0,0,1,0.0,0,1,0.0,0,0,0,0,0,0,0,nba_boxscorematchupsv3
1,2024-25,Playoffs,NBA Finals,2025_okc_ind_api_20261005,0042400406,6,2025-06-19,1610612754,IND,1627783,Pascal Siakam,1610612760,OKC,1627936,Alex Caruso,112,7.3,20.40073,14.814810000000001,27.200000000000003,5,7,0,0,0,0,2,3,66.7,1,1,100.0,0,0,0,0,0,0,0,nba_boxscorematchupsv3
1,2024-25,Playoffs,NBA Finals,2025_okc_ind_api_20261005,0042400406,6,2025-06-19,1610612754,IND,1627783,Pascal Siakam,1610612760,OKC,1629652,Luguentz Dort,65,5.0,13.54167,8.59788,15.0,5,20,0,0,0,0,2,2,100.0,0,0,0.0,1,1,1,0,0,0,0,nba_boxscorematchupsv3
1,2024-25,Playoffs,NBA Finals,2025_okc_ind_api_20261005,0042400406,6,2025-06-19,1610612754,IND,1627783,Pascal Siakam,1610612760,OKC,1628983,Shai Gilgeous-Alexander,71,5.3,10.02825,9.39153,11.899999999999999,0,5,0,0,0,0,0,0,0.0,0,0,0.0,0,0,0,0,0,0,0,nba_boxscorematchupsv3
1,2024-25,Playoffs,NBA Finals,2025_okc_ind_api_20261005,0042400406,6,2025-06-19,1610612754,IND,1627783,Pascal Siakam,1610612760,OKC,1628392,Isaiah Hartenstein,50,5.4,13.550139999999999,6.61376,30.5,2,4,0,0,0,0,1,2,50.0,0,1,0.0,0,0,0,0,0,0,0,nba_boxscorematchupsv3
1,2024-25,Playoffs,NBA Finals,2025_okc_ind_api_20261005,0042400406,6,2025-06-19,1610612754,IND,1627783,Pascal Siakam,1610612760,OKC,1631096,Chet Holmgren,51,6.6,9.32358,6.74603,12.6,0,2,0,0,0,0,0,1,0.0,0,0,0.0,0,0,0,0,0,0,0,nba_boxscorematchupsv3
1,2024-25,Playoffs,NBA Finals,2025_okc_ind_api_20261005,0042400406,6,2025-06-19,1610612754,IND,1627783,Pascal Siakam,1610612760,OKC,1630198,Isaiah Joe,25,1.3,6.443300000000001,3.30688,16.900000000000002,0,2,1,0,0,0,0,1,0.0,0,0,0.0,0,0,0,0,0,0,0,nba_boxscorematchupsv3
1,2024-25,Playoffs,NBA Finals,2025_okc_ind_api_20261005,0042400406,6,2025-06-19,1610612754,IND,1627783,Pascal Siakam,1610612760,OKC,1642349,Ajay Mitchell,30,2.6,9.77199,3.9682500000000003,25.4,0,0,0,0,1,0,0,1,0.0,0,0,0.0,0,0,0,0,0,0,0,nba_boxscorematchupsv3
1,2024-25,Playoffs,NBA Finals,2025_okc_ind_api_20261005,0042400406,6,2025-06-19,1610612754,IND,1627783,Pascal Siakam,1610612760,OKC,1641717,Cason Wallace,38,2.1,11.01449,5.02646,15.8,2,4,0,0,0,0,0,0,0.0,0,0,0.0,2,2,1,0,0,0,0,nba_boxscorematchupsv3
1,2024-25,Playoffs,NBA Finals,2025_okc_ind_api_20261005,0042400406,6,2025-06-19,1610612754,IND,1627783,Pascal Siakam,1610612760,OKC,1630598,Aaron Wiggins,51,2.9,11.46067,6.74603,12.9,0,0,0,0,0,0,0,1,0.0,0,0,0.0,0,0,0,0,0,0,0,nba_boxscorematchupsv3
1,2024-25,Playoffs,NBA Finals,2025_okc_ind_api_20261005,0042400406,6,2025-06-19,1610612754,IND,1627783,Pascal Siakam,1610612760,OKC,1631114,Jalen Williams,171,12.8,27.229300000000002,22.619049999999998,32.4,2,17,2,0,0,0,1,2,50.0,0,0,0.0,0,0,0,0,0,0,0,nba_boxscorematchupsv3
1,2024-25,Playoffs,NBA Finals,2025_okc_ind_api_20261005,0042400406,6,2025-06-19,1610612754,IND,1627783,Pascal Siakam,1610612760,OKC,1631119,Jaylin Williams,14,1.4,4.6052599999999995,1.85185,10.4,0,0,0,0,0,0,0,1,0.0,0,1,0.0,0,0,0,0,0,0,0,nba_boxscorematchupsv3
1,2024-25,Playoffs,NBA Finals,2025_okc_ind_api_20261005,0042400406,6,2025-06-19,1610612754,IND,1627783,Pascal Siakam,1610612760,OKC,1629026,Kenrich Williams,78,8.0,17.03057,10.31746,36.9,0,4,0,0,0,0,0,0,0.0,0,0,0.0,0,0,0,0,0,0,0,nba_boxscorematchupsv3
1,2024-25,Playoffs,NBA Finals,2025_okc_ind_api_20261005,0042400406,6,2025-06-19,1610612754,IND,1626167,Myles Turner,1610612760,OKC,1627936,Alex Caruso,19,3.0,3.4608399999999997,3.16667,8.200000000000001,0,6,0,0,0,1,0,0,0.0,0,0,0.0,0,0,0,0,0,0,0,nba_boxscorematchupsv3
1,2024-25,Playoffs,NBA Finals,2025_okc_ind_api_20261005,0042400406,6,2025-06-19,1610612754,IND,1626167,Myles Turner,1610612760,OKC,1629652,Luguentz Dort,58,4.9,12.08333,9.66667,14.799999999999999,0,6,0,0,0,0,0,1,0.0,0,1,0.0,0,0,0,0,0,0,0,nba_boxscorematchupsv3
1,2024-25,Playoffs,NBA Finals,2025_okc_ind_api_20261005,0042400406,6,2025-06-19,1610612754,IND,1626167,Myles Turner,1610612760,OKC,1628983,Shai Gilgeous-Alexander,61,4.9,8.615820000000001,10.16667,12.3,0,2,0,0,0,0,0,1,0.0,0,0,0.0,0,0,0,0,0,0,0,nba_boxscorematchupsv3
1,2024-25,Playoffs,NBA Finals,2025_okc_ind_api_20261005,0042400406,6,2025-06-19,1610612754,IND,1626167,Myles Turner,1610612760,OKC,1628392,Isaiah Hartenstein,44,4.8,11.92412,7.33333,23.3,0,3,0,0,0,1,0,0,0.0,0,0,0.0,0,0,0,0,0,0,0,nba_boxscorematchupsv3
1,2024-25,Playoffs,NBA Finals,2025_okc_ind_api_20261005,0042400406,6,2025-06-19,1610612754,IND,1626167,Myles Turner,1610612760,OKC,1631096,Chet Holmgren,217,15.8,39.67093,36.16667,55.00000000000001,1,18,0,0,0,0,0,3,0.0,0,1,0.0,1,2,1,0,0,0,0,nba_boxscorematchupsv3
1,2024-25,Playoffs,NBA Finals,2025_okc_ind_api_20261005,0042400406,6,2025-06-19,1610612754,IND,1626167,Myles Turner,1610612760,OKC,1630198,Isaiah Joe,15,3.7,3.86598,2.5,10.6,0,5,0,0,0,0,0,0,0.0,0,0,0.0,0,0,0,0,0,0,0,nba_boxscorematchupsv3
1,2024-25,Playoffs,NBA Finals,2025_okc_ind_api_20261005,0042400406,6,2025-06-19,1610612754,IND,1626167,Myles Turner,1610612760,OKC,1641794,Dillon Jones,2,0.0,1.03627,0.33333,7.8,0,0,0,0,0,0,0,0,0.0,0,0,0.0,0,0,0,0,0,0,0,nba_boxscorematchupsv3
1,2024-25,Playoffs,NBA Finals,2025_okc_ind_api_20261005,0042400406,6,2025-06-19,1610612754,IND,1626167,Myles Turner,1610612760,OKC,1642349,Ajay Mitchell,6,0.7,1.9544,1.0,7.3,0,0,0,0,0,0,0,0,0.0,0,0,0.0,0,0,0,0,0,0,0,nba_boxscorematchupsv3
1,2024-25,Playoffs,NBA Finals,2025_okc_ind_api_20261005,0042400406,6,2025-06-19,1610612754,IND,1626167,Myles Turner,1610612760,OKC,1641717,Cason Wallace,10,1.0,2.89855,1.6666699999999999,12.0,0,2,0,0,0,0,0,0,0.0,0,0,0.0,0,0,0,0,0,0,0,nba_boxscorematchupsv3
1,2024-25,Playoffs,NBA Finals,2025_okc_ind_api_20261005,0042400406,6,2025-06-19,1610612754,IND,1626167,Myles Turner,1610612760,OKC,1630598,Aaron Wiggins,11,1.2,2.4719100000000003,1.8333300000000001,9.3,0,0,1,0,0,0,0,0,0.0,0,0,0.0,0,0,0,0,0,0,0,nba_boxscorematchupsv3
1,2024-25,Playoffs,NBA Finals,2025_okc_ind_api_20261005,0042400406,6,2025-06-19,1610612754,IND,1626167,Myles Turner,1610612760,OKC,1631114,Jalen Williams,40,4.3,6.3694299999999995,6.66667,9.9,0,4,0,0,0,0,0,1,0.0,0,0,0.0,0,0,0,0,0,0,0,nba_boxscorematchupsv3
1,2024-25,Playoffs,NBA Finals,2025_okc_ind_api_20261005,0042400406,6,2025-06-19,1610612754,IND,1626167,Myles Turner,1610612760,OKC,1631119,Jaylin Williams,64,3.5,21.05263,10.66667,67.80000000000001,0,4,0,0,0,0,0,0,0.0,0,0,0.0,0,0,0,0,0,0,0,nba_boxscorematchupsv3
1,2024-25,Playoffs,NBA Finals,2025_okc_ind_api_20261005,0042400406,6,2025-06-19,1610612754,IND,1626167,Myles Turner,1610612760,OKC,1629026,Kenrich Williams,53,4.8,11.57205,8.83333,29.099999999999998,2,7,0,0,1,0,1,2,50.0,0,1,0.0,0,0,0,0,0,0,0,nba_boxscorematchupsv3
1,2024-25,Playoffs,NBA Finals,2025_okc_ind_api_20261005,0042400406,6,2025-06-19,1610612754,IND,1629614,Andrew Nembhard,1610612760,OKC,1627936,Alex Caruso,99,8.0,18.032790000000002,14.864859999999998,24.8,0,4,0,0,0,0,0,1,0.0,0,1,0.0,0,0,0,0,0,0,0,nba_boxscorematchupsv3
1,2024-25,Playoffs,NBA Finals,2025_okc_ind_api_20261005,0042400406,6,2025-06-19,1610612754,IND,1629614,Andrew Nembhard,1610612760,OKC,1629652,Luguentz Dort,58,5.7,12.08333,8.70871,14.2,0,4,1,0,0,0,0,0,0.0,0,0,0.0,0,0,0,0,0,0,0,nba_boxscorematchupsv3
1,2024-25,Playoffs,NBA Finals,2025_okc_ind_api_20261005,0042400406,6,2025-06-19,1610612754,IND,1629614,Andrew Nembhard,1610612760,OKC,1628983,Shai Gilgeous-Alexander,212,21.0,29.9435,31.83183,35.699999999999996,3,17,0,0,0,0,1,1,100.0,1,1,100.0,0,0,0,0,0,0,0,nba_boxscorematchupsv3
1,2024-25,Playoffs,NBA Finals,2025_okc_ind_api_20261005,0042400406,6,2025-06-19,1610612754,IND,1629614,Andrew Nembhard,1610612760,OKC,1628392,Isaiah Hartenstein,16,1.7,4.33604,2.4024,7.000000000000001,0,3,0,0,0,0,0,0,0.0,0,0,0.0,0,0,0,0,0,0,0,nba_boxscorematchupsv3
1,2024-25,Playoffs,NBA Finals,2025_okc_ind_api_20261005,0042400406,6,2025-06-19,1610612754,IND,1629614,Andrew Nembhard,1610612760,OKC,1631096,Chet Holmgren,48,3.3,8.775139999999999,7.20721,8.5,4,6,0,0,1,0,2,3,66.7,0,1,0.0,0,0,0,0,0,0,0,nba_boxscorematchupsv3
1,2024-25,Playoffs,NBA Finals,2025_okc_ind_api_20261005,0042400406,6,2025-06-19,1610612754,IND,1629614,Andrew Nembhard,1610612760,OKC,1630198,Isaiah Joe,21,1.2,5.412369999999999,3.1531499999999997,16.900000000000002,2,2,0,0,0,0,0,0,0.0,0,0,0.0,2,2,1,0,0,0,0,nba_boxscorematchupsv3
1,2024-25,Playoffs,NBA Finals,2025_okc_ind_api_20261005,0042400406,6,2025-06-19,1610612754,IND,1629614,Andrew Nembhard,1610612760,OKC,1642349,Ajay Mitchell,10,0.8,3.25733,1.5015,53.0,0,2,0,0,0,0,0,0,0.0,0,0,0.0,0,0,0,0,0,0,0,nba_boxscorematchupsv3
1,2024-25,Playoffs,NBA Finals,2025_okc_ind_api_20261005,0042400406,6,2025-06-19,1610612754,IND,1629614,Andrew Nembhard,1610612760,OKC,1641717,Cason Wallace,19,1.6,5.50725,2.8528499999999997,10.4,0,0,0,0,0,0,0,0,0.0,0,0,0.0,0,0,0,0,0,0,0,nba_boxscorematchupsv3
1,2024-25,Playoffs,NBA Finals,2025_okc_ind_api_20261005,0042400406,6,2025-06-19,1610612754,IND,1629614,Andrew Nembhard,1610612760,OKC,1630598,Aaron Wiggins,67,4.0,15.05618,10.06006,24.0,0,9,2,0,0,0,0,0,0.0,0,0,0.0,0,0,0,0,0,0,0,nba_boxscorematchupsv3
1,2024-25,Playoffs,NBA Finals,2025_okc_ind_api_20261005,0042400406,6,2025-06-19,1610612754,IND,1629614,Andrew Nembhard,1610612760,OKC,1631114,Jalen Williams,110,8.0,17.515919999999998,16.51652,20.0,8,10,1,0,0,0,2,2,100.0,2,2,100.0,2,2,1,0,0,0,0,nba_boxscorematchupsv3
1,2024-25,Playoffs,NBA Finals,2025_okc_ind_api_20261005,0042400406,6,2025-06-19,1610612754,IND,1629614,Andrew Nembhard,1610612760,OKC,1629026,Kenrich Williams,6,1.2,1.31004,0.9008999999999999,5.3,0,2,0,0,0,0,0,0,0.0,0,0,0.0,0,0,0,0,0,0,0,nba_boxscorematchupsv3
1,2024-25,Playoffs,NBA Finals,2025_okc_ind_api_20261005,0042400406,6,2025-06-19,1610612754,IND,1630169,Tyrese Haliburton,1610612760,OKC,1627936,Alex Caruso,99,8.7,18.032790000000002,18.89313,30.4,3,11,1,0,0,0,1,3,33.300000000000004,1,2,50.0,0,0,0,0,0,0,0,nba_boxscorematchupsv3
1,2024-25,Playoffs,NBA Finals,2025_okc_ind_api_20261005,0042400406,6,2025-06-19,1610612754,IND,1630169,Tyrese Haliburton,1610612760,OKC,1629652,Luguentz Dort,183,16.3,38.125,34.92366,45.0,0,14,1,0,0,0,0,0,0.0,0,0,0.0,0,0,0,0,0,0,0,nba_boxscorematchupsv3
1,2024-25,Playoffs,NBA Finals,2025_okc_ind_api_20261005,0042400406,6,2025-06-19,1610612754,IND,1630169,Tyrese Haliburton,1610612760,OKC,1628983,Shai Gilgeous-Alexander,46,3.0,6.497179999999999,8.77863,9.5,2,12,0,0,0,0,1,3,33.300000000000004,0,0,0.0,0,0,0,0,0,0,0,nba_boxscorematchupsv3
1,2024-25,Playoffs,NBA Finals,2025_okc_ind_api_20261005,0042400406,6,2025-06-19,1610612754,IND,1630169,Tyrese Haliburton,1610612760,OKC,1628392,Isaiah Hartenstein,12,0.6,3.2520300000000004,2.2900799999999997,5.0,0,2,0,0,0,0,0,0,0.0,0,0,0.0,0,0,0,0,0,0,0,nba_boxscorematchupsv3
1,2024-25,Playoffs,NBA Finals,2025_okc_ind_api_20261005,0042400406,6,2025-06-19,1610612754,IND,1630169,Tyrese Haliburton,1610612760,OKC,1631096,Chet Holmgren,29,3.8,5.30165,5.53435,10.299999999999999,2,2,0,0,0,0,1,2,50.0,0,1,0.0,0,0,0,0,0,0,0,nba_boxscorematchupsv3
1,2024-25,Playoffs,NBA Finals,2025_okc_ind_api_20261005,0042400406,6,2025-06-19,1610612754,IND,1630169,Tyrese Haliburton,1610612760,OKC,1630198,Isaiah Joe,3,0.2,0.7732,0.5725199999999999,4.9,0,0,0,0,0,0,0,0,0.0,0,0,0.0,0,0,0,0,0,0,0,nba_boxscorematchupsv3
1,2024-25,Playoffs,NBA Finals,2025_okc_ind_api_20261005,0042400406,6,2025-06-19,1610612754,IND,1630169,Tyrese Haliburton,1610612760,OKC,1641717,Cason Wallace,67,4.5,19.42029,12.786259999999999,52.5,3,7,0,0,0,0,1,2,50.0,1,2,50.0,0,0,0,0,0,0,0,nba_boxscorematchupsv3
1,2024-25,Playoffs,NBA Finals,2025_okc_ind_api_20261005,0042400406,6,2025-06-19,1610612754,IND,1630169,Tyrese Haliburton,1610612760,OKC,1630598,Aaron Wiggins,18,1.7,4.04494,3.4351100000000003,24.7,0,3,0,0,0,0,0,1,0.0,0,1,0.0,0,0,0,0,0,0,0,nba_boxscorematchupsv3
1,2024-25,Playoffs,NBA Finals,2025_okc_ind_api_20261005,0042400406,6,2025-06-19,1610612754,IND,1630169,Tyrese Haliburton,1610612760,OKC,1631114,Jalen Williams,55,4.0,8.757959999999999,10.496179999999999,11.1,3,5,1,0,0,0,1,1,100.0,1,1,100.0,0,0,0,0,0,0,0,nba_boxscorematchupsv3
1,2024-25,Playoffs,NBA Finals,2025_okc_ind_api_20261005,0042400406,6,2025-06-19,1610612754,IND,1630169,Tyrese Haliburton,1610612760,OKC,1629026,Kenrich Williams,12,1.3,2.62009,2.2900799999999997,9.0,0,4,0,0,1,0,0,0,0.0,0,0,0.0,0,0,0,0,0,0,0,nba_boxscorematchupsv3
1,2024-25,Playoffs,NBA Finals,2025_okc_ind_api_20261005,0042400406,6,2025-06-19,1610612754,IND,1630167,Obi Toppin,1610612760,OKC,1627936,Alex Caruso,68,4.8,12.38616,11.42857,22.900000000000002,6,8,0,0,0,0,2,2,100.0,2,2,100.0,0,0,0,0,0,0,0,nba_boxscorematchupsv3
1,2024-25,Playoffs,NBA Finals,2025_okc_ind_api_20261005,0042400406,6,2025-06-19,1610612754,IND,1630167,Obi Toppin,1610612760,OKC,1631172,Ousmane Dieng,7,0.0,8.53659,1.17647,0.0,0,0,0,0,0,0,0,0,0.0,0,0,0.0,0,0,0,0,0,0,0,nba_boxscorematchupsv3
1,2024-25,Playoffs,NBA Finals,2025_okc_ind_api_20261005,0042400406,6,2025-06-19,1610612754,IND,1630167,Obi Toppin,1610612760,OKC,1629652,Luguentz Dort,36,2.8,7.5,6.05042,27.900000000000002,0,3,0,0,0,0,0,0,0.0,0,0,0.0,0,0,0,0,0,0,0,nba_boxscorematchupsv3
1,2024-25,Playoffs,NBA Finals,2025_okc_ind_api_20261005,0042400406,6,2025-06-19,1610612754,IND,1630167,Obi Toppin,1610612760,OKC,1628983,Shai Gilgeous-Alexander,59,4.8,8.33333,9.91597,19.1,0,3,0,0,0,0,0,2,0.0,0,2,0.0,0,0,0,0,0,0,0,nba_boxscorematchupsv3
1,2024-25,Playoffs,NBA Finals,2025_okc_ind_api_20261005,0042400406,6,2025-06-19,1610612754,IND,1630167,Obi Toppin,1610612760,OKC,1628392,Isaiah Hartenstein,47,2.9,12.737129999999999,7.899159999999999,22.400000000000002,0,3,0,0,0,0,0,1,0.0,0,1,0.0,0,0,0,0,0,0,0,nba_boxscorematchupsv3
1,2024-25,Playoffs,NBA Finals,2025_okc_ind_api_20261005,0042400406,6,2025-06-19,1610612754,IND,1630167,Obi Toppin,1610612760,OKC,1631096,Chet Holmgren,39,3.4,7.1298,6.55462,26.3,0,0,0,0,0,0,0,1,0.0,0,0,0.0,0,0,0,0,0,0,0,nba_boxscorematchupsv3
1,2024-25,Playoffs,NBA Finals,2025_okc_ind_api_20261005,0042400406,6,2025-06-19,1610612754,IND,1630167,Obi Toppin,1610612760,OKC,1630198,Isaiah Joe,35,2.6,9.02062,5.88235,11.799999999999999,0,3,0,0,0,0,0,0,0.0,0,0,0.0,0,0,0,0,0,0,0,nba_boxscorematchupsv3
1,2024-25,Playoffs,NBA Finals,2025_okc_ind_api_20261005,0042400406,6,2025-06-19,1610612754,IND,1630167,Obi Toppin,1610612760,OKC,1641794,Dillon Jones,54,4.2,27.97927,9.07563,47.9,3,3,0,0,0,0,1,1,100.0,0,0,0.0,1,2,1,0,0,0,0,nba_boxscorematchupsv3
1,2024-25,Playoffs,NBA Finals,2025_okc_ind_api_20261005,0042400406,6,2025-06-19,1610612754,IND,1630167,Obi Toppin,1610612760,OKC,1642349,Ajay Mitchell,4,1.3,1.3029300000000001,0.67227,5.7,0,0,0,0,0,0,0,0,0.0,0,0,0.0,0,0,0,0,0,0,0,nba_boxscorematchupsv3
1,2024-25,Playoffs,NBA Finals,2025_okc_ind_api_20261005,0042400406,6,2025-06-19,1610612754,IND,1630167,Obi Toppin,1610612760,OKC,1641717,Cason Wallace,51,4.7,14.782609999999998,8.57143,15.7,3,5,0,0,0,0,1,2,50.0,1,1,100.0,0,0,0,0,0,0,0,nba_boxscorematchupsv3
1,2024-25,Playoffs,NBA Finals,2025_okc_ind_api_20261005,0042400406,6,2025-06-19,1610612754,IND,1630167,Obi Toppin,1610612760,OKC,1630598,Aaron Wiggins,51,4.7,11.46067,8.57143,16.5,3,3,0,0,0,1,0,1,0.0,0,0,0.0,3,4,1,0,0,0,0,nba_boxscorematchupsv3
1,2024-25,Playoffs,NBA Finals,2025_okc_ind_api_20261005,0042400406,6,2025-06-19,1610612754,IND,1630167,Obi Toppin,1610612760,OKC,1631114,Jalen Williams,43,2.8,6.84713,7.22689,17.599999999999998,3,6,0,0,0,0,1,1,100.0,1,1,100.0,0,0,0,0,0,0,0,nba_boxscorematchupsv3
1,2024-25,Playoffs,NBA Finals,2025_okc_ind_api_20261005,0042400406,6,2025-06-19,1610612754,IND,1630167,Obi Toppin,1610612760,OKC,1631119,Jaylin Williams,24,2.0,7.8947400000000005,4.03361,16.3,0,2,0,0,0,0,0,0,0.0,0,0,0.0,0,0,0,0,0,0,0,nba_boxscorematchupsv3
1,2024-25,Playoffs,NBA Finals,2025_okc_ind_api_20261005,0042400406,6,2025-06-19,1610612754,IND,1630167,Obi Toppin,1610612760,OKC,1629026,Kenrich Williams,77,6.0,16.81223,12.94118,27.900000000000002,2,5,0,0,1,0,1,1,100.0,0,0,0.0,0,0,0,0,0,0,0,nba_boxscorematchupsv3
1,2024-25,Playoffs,NBA Finals,2025_okc_ind_api_20261005,0042400406,6,2025-06-19,1610612754,IND,204456,T.J. McConnell,1610612760,OKC,1627936,Alex Caruso,96,6.6,17.48634,15.14196,28.000000000000004,0,3,2,0,0,0,0,0,0.0,0,0,0.0,0,0,0,0,0,0,0,nba_boxscorematchupsv3
1,2024-25,Playoffs,NBA Finals,2025_okc_ind_api_20261005,0042400406,6,2025-06-19,1610612754,IND,204456,T.J. McConnell,1610612760,OKC,1629652,Luguentz Dort,19,1.3,3.95833,2.99685,14.899999999999999,0,0,0,0,0,0,0,0,0.0,0,0,0.0,0,0,0,0,0,0,0,nba_boxscorematchupsv3
1,2024-25,Playoffs,NBA Finals,2025_okc_ind_api_20261005,0042400406,6,2025-06-19,1610612754,IND,204456,T.J. McConnell,1610612760,OKC,1628983,Shai Gilgeous-Alexander,71,3.7,10.02825,11.19874,19.900000000000002,0,6,0,0,0,0,0,1,0.0,0,0,0.0,0,0,0,0,0,0,0,nba_boxscorematchupsv3
1,2024-25,Playoffs,NBA Finals,2025_okc_ind_api_20261005,0042400406,6,2025-06-19,1610612754,IND,204456,T.J. McConnell,1610612760,OKC,1628392,Isaiah Hartenstein,65,3.8,17.61518,10.252369999999999,25.3,0,8,2,0,0,0,0,1,0.0,0,0,0.0,0,0,0,0,0,0,0,nba_boxscorematchupsv3
1,2024-25,Playoffs,NBA Finals,2025_okc_ind_api_20261005,0042400406,6,2025-06-19,1610612754,IND,204456,T.J. McConnell,1610612760,OKC,1631096,Chet Holmgren,7,1.0,1.2797100000000001,1.1041,4.8,2,2,0,0,0,0,1,2,50.0,0,0,0.0,0,0,0,0,0,0,0,nba_boxscorematchupsv3
1,2024-25,Playoffs,NBA Finals,2025_okc_ind_api_20261005,0042400406,6,2025-06-19,1610612754,IND,204456,T.J. McConnell,1610612760,OKC,1630198,Isaiah Joe,22,2.0,5.6701,3.4700300000000004,12.5,0,0,0,0,0,0,0,0,0.0,0,0,0.0,0,0,0,0,0,0,0,nba_boxscorematchupsv3
1,2024-25,Playoffs,NBA Finals,2025_okc_ind_api_20261005,0042400406,6,2025-06-19,1610612754,IND,204456,T.J. McConnell,1610612760,OKC,1641794,Dillon Jones,6,1.4,3.10881,0.94637,17.7,0,0,0,0,0,0,0,1,0.0,0,0,0.0,0,0,0,0,0,0,0,nba_boxscorematchupsv3
1,2024-25,Playoffs,NBA Finals,2025_okc_ind_api_20261005,0042400406,6,2025-06-19,1610612754,IND,204456,T.J. McConnell,1610612760,OKC,1642349,Ajay Mitchell,57,6.2,18.566779999999998,8.99054,40.2,2,4,0,0,1,0,1,1,100.0,0,0,0.0,0,0,0,0,0,0,0,nba_boxscorematchupsv3
1,2024-25,Playoffs,NBA Finals,2025_okc_ind_api_20261005,0042400406,6,2025-06-19,1610612754,IND,204456,T.J. McConnell,1610612760,OKC,1641717,Cason Wallace,86,8.2,24.92754,13.564670000000001,29.599999999999998,2,2,1,0,0,0,1,1,100.0,0,0,0.0,0,2,1,0,0,0,0,nba_boxscorematchupsv3
1,2024-25,Playoffs,NBA Finals,2025_okc_ind_api_20261005,0042400406,6,2025-06-19,1610612754,IND,204456,T.J. McConnell,1610612760,OKC,1630598,Aaron Wiggins,100,5.0,22.47191,15.77287,21.0,2,10,1,0,0,0,1,1,100.0,0,0,0.0,0,0,0,0,0,0,0,nba_boxscorematchupsv3
1,2024-25,Playoffs,NBA Finals,2025_okc_ind_api_20261005,0042400406,6,2025-06-19,1610612754,IND,204456,T.J. McConnell,1610612760,OKC,1631114,Jalen Williams,22,1.8,3.5031800000000004,3.4700300000000004,8.799999999999999,0,3,0,0,0,0,0,0,0.0,0,0,0.0,0,0,0,0,0,0,0,nba_boxscorematchupsv3
1,2024-25,Playoffs,NBA Finals,2025_okc_ind_api_20261005,0042400406,6,2025-06-19,1610612754,IND,204456,T.J. McConnell,1610612760,OKC,1631119,Jaylin Williams,10,1.7,3.2894699999999997,1.5772899999999999,9.4,0,0,0,0,0,0,0,2,0.0,0,0,0.0,0,0,0,0,0,0,0,nba_boxscorematchupsv3
1,2024-25,Playoffs,NBA Finals,2025_okc_ind_api_20261005,0042400406,6,2025-06-19,1610612754,IND,204456,T.J. McConnell,1610612760,OKC,1629026,Kenrich Williams,73,6.3,15.938859999999998,11.514199999999999,18.3,4,4,0,0,1,0,2,2,100.0,0,0,0.0,0,0,0,0,0,0,0,nba_boxscorematchupsv3
1,2024-25,Playoffs,NBA Finals,2025_okc_ind_api_20261005,0042400406,6,2025-06-19,1610612754,IND,1641767,Ben Sheppard,1610612760,OKC,1627936,Alex Caruso,11,0.6,2.00364,2.17822,6.6000000000000005,3,6,0,0,0,0,1,1,100.0,1,1,100.0,0,0,0,0,0,0,0,nba_boxscorematchupsv3
1,2024-25,Playoffs,NBA Finals,2025_okc_ind_api_20261005,0042400406,6,2025-06-19,1610612754,IND,1641767,Ben Sheppard,1610612760,OKC,1631172,Ousmane Dieng,2,0.1,2.43902,0.39604,2.0,0,0,0,0,0,0,0,0,0.0,0,0,0.0,0,0,0,0,0,0,0,nba_boxscorematchupsv3
1,2024-25,Playoffs,NBA Finals,2025_okc_ind_api_20261005,0042400406,6,2025-06-19,1610612754,IND,1641767,Ben Sheppard,1610612760,OKC,1629652,Luguentz Dort,10,0.6,2.08333,1.9802,7.8,0,3,0,0,0,0,0,0,0.0,0,0,0.0,0,0,0,0,0,0,0,nba_boxscorematchupsv3
1,2024-25,Playoffs,NBA Finals,2025_okc_ind_api_20261005,0042400406,6,2025-06-19,1610612754,IND,1641767,Ben Sheppard,1610612760,OKC,1628983,Shai Gilgeous-Alexander,18,1.4,2.54237,3.5643599999999998,14.399999999999999,0,0,0,0,0,0,0,0,0.0,0,0,0.0,0,0,0,0,0,0,0,nba_boxscorematchupsv3
1,2024-25,Playoffs,NBA Finals,2025_okc_ind_api_20261005,0042400406,6,2025-06-19,1610612754,IND,1641767,Ben Sheppard,1610612760,OKC,1628392,Isaiah Hartenstein,19,1.7,5.14905,3.76238,14.299999999999999,0,3,0,0,0,0,0,0,0.0,0,0,0.0,0,0,0,0,0,0,0,nba_boxscorematchupsv3
1,2024-25,Playoffs,NBA Finals,2025_okc_ind_api_20261005,0042400406,6,2025-06-19,1610612754,IND,1641767,Ben Sheppard,1610612760,OKC,1631096,Chet Holmgren,11,0.4,2.01097,2.17822,18.0,0,2,0,0,0,0,0,1,0.0,0,1,0.0,0,0,0,0,0,0,0,nba_boxscorematchupsv3
1,2024-25,Playoffs,NBA Finals,2025_okc_ind_api_20261005,0042400406,6,2025-06-19,1610612754,IND,1641767,Ben Sheppard,1610612760,OKC,1630198,Isaiah Joe,163,11.6,42.010310000000004,32.27723,54.800000000000004,2,2,0,0,0,0,1,2,50.0,0,1,0.0,0,0,0,0,0,0,0,nba_boxscorematchupsv3
1,2024-25,Playoffs,NBA Finals,2025_okc_ind_api_20261005,0042400406,6,2025-06-19,1610612754,IND,1641767,Ben Sheppard,1610612760,OKC,1641794,Dillon Jones,40,1.8,20.725389999999997,7.92079,11.799999999999999,0,2,0,0,0,0,0,1,0.0,0,0,0.0,0,0,0,0,0,0,0,nba_boxscorematchupsv3
1,2024-25,Playoffs,NBA Finals,2025_okc_ind_api_20261005,0042400406,6,2025-06-19,1610612754,IND,1641767,Ben Sheppard,1610612760,OKC,1642349,Ajay Mitchell,69,4.8,22.47557,13.66337,21.3,0,5,0,0,0,0,0,0,0.0,0,0,0.0,0,0,0,0,0,0,0,nba_boxscorematchupsv3
1,2024-25,Playoffs,NBA Finals,2025_okc_ind_api_20261005,0042400406,6,2025-06-19,1610612754,IND,1641767,Ben Sheppard,1610612760,OKC,1641717,Cason Wallace,20,1.6,5.7971,3.9604,15.1,0,0,0,0,0,0,0,1,0.0,0,1,0.0,0,0,0,0,0,0,0,nba_boxscorematchupsv3
1,2024-25,Playoffs,NBA Finals,2025_okc_ind_api_20261005,0042400406,6,2025-06-19,1610612754,IND,1641767,Ben Sheppard,1610612760,OKC,1630598,Aaron Wiggins,48,5.3,10.78652,9.50495,20.3,0,4,0,0,0,0,0,0,0.0,0,0,0.0,0,0,0,0,0,0,0,nba_boxscorematchupsv3
1,2024-25,Playoffs,NBA Finals,2025_okc_ind_api_20261005,0042400406,6,2025-06-19,1610612754,IND,1641767,Ben Sheppard,1610612760,OKC,1631114,Jalen Williams,52,4.1,8.28025,10.29703,39.800000000000004,2,5,0,0,0,0,1,1,100.0,0,0,0.0,0,0,0,0,0,0,0,nba_boxscorematchupsv3
1,2024-25,Playoffs,NBA Finals,2025_okc_ind_api_20261005,0042400406,6,2025-06-19,1610612754,IND,1641767,Ben Sheppard,1610612760,OKC,1631119,Jaylin Williams,21,3.7,6.90789,4.1584200000000004,9.3,0,2,0,0,0,0,0,0,0.0,0,0,0.0,0,0,0,0,0,0,0,nba_boxscorematchupsv3
1,2024-25,Playoffs,NBA Finals,2025_okc_ind_api_20261005,0042400406,6,2025-06-19,1610612754,IND,1641767,Ben Sheppard,1610612760,OKC,1629026,Kenrich Williams,21,2.2,4.5851500000000005,4.1584200000000004,7.199999999999999,0,0,0,0,0,0,0,0,0.0,0,0,0.0,0,0,0,0,0,0,0,nba_boxscorematchupsv3
1,2024-25,Playoffs,NBA Finals,2025_okc_ind_api_20261005,0042400406,6,2025-06-19,1610612754,IND,1631097,Bennedict Mathurin,1610612760,OKC,1627936,Alex Caruso,1,0.1,0.18215,0.25445,2.4,0,0,0,0,0,0,0,0,0.0,0,0,0.0,0,0,0,0,0,0,0,nba_boxscorematchupsv3
1,2024-25,Playoffs,NBA Finals,2025_okc_ind_api_20261005,0042400406,6,2025-06-19,1610612754,IND,1631097,Bennedict Mathurin,1610612760,OKC,1631172,Ousmane Dieng,22,0.4,26.82927,5.59796,14.6,0,0,0,0,0,1,0,1,0.0,0,1,0.0,0,0,0,0,0,0,0,nba_boxscorematchupsv3
1,2024-25,Playoffs,NBA Finals,2025_okc_ind_api_20261005,0042400406,6,2025-06-19,1610612754,IND,1631097,Bennedict Mathurin,1610612760,OKC,1628983,Shai Gilgeous-Alexander,28,2.9,3.9548,7.12468,18.8,0,2,0,0,0,0,0,0,0.0,0,0,0.0,0,0,0,0,0,0,0,nba_boxscorematchupsv3
1,2024-25,Playoffs,NBA Finals,2025_okc_ind_api_20261005,0042400406,6,2025-06-19,1610612754,IND,1631097,Bennedict Mathurin,1610612760,OKC,1631096,Chet Holmgren,49,2.8,8.95795,12.46819,32.9,0,0,0,0,0,0,0,1,0.0,0,1,0.0,0,0,0,0,0,0,0,nba_boxscorematchupsv3
1,2024-25,Playoffs,NBA Finals,2025_okc_ind_api_20261005,0042400406,6,2025-06-19,1610612754,IND,1631097,Bennedict Mathurin,1610612760,OKC,1630198,Isaiah Joe,46,3.0,11.85567,11.70483,17.8,0,5,1,0,0,0,0,0,0.0,0,0,0.0,0,0,0,0,0,0,0,nba_boxscorematchupsv3
1,2024-25,Playoffs,NBA Finals,2025_okc_ind_api_20261005,0042400406,6,2025-06-19,1610612754,IND,1631097,Bennedict Mathurin,1610612760,OKC,1641794,Dillon Jones,22,2.1,11.398959999999999,5.59796,13.8,0,0,0,0,0,0,0,1,0.0,0,1,0.0,0,0,0,0,0,0,0,nba_boxscorematchupsv3
1,2024-25,Playoffs,NBA Finals,2025_okc_ind_api_20261005,0042400406,6,2025-06-19,1610612754,IND,1631097,Bennedict Mathurin,1610612760,OKC,1642349,Ajay Mitchell,24,2.3,7.817590000000001,6.10687,9.5,2,2,0,0,0,0,1,1,100.0,0,0,0.0,0,0,0,0,0,0,0,nba_boxscorematchupsv3
1,2024-25,Playoffs,NBA Finals,2025_okc_ind_api_20261005,0042400406,6,2025-06-19,1610612754,IND,1631097,Bennedict Mathurin,1610612760,OKC,1641717,Cason Wallace,25,2.0,7.246379999999999,6.361319999999999,35.8,0,0,0,0,0,0,0,0,0.0,0,0,0.0,0,0,0,0,0,0,0,nba_boxscorematchupsv3
1,2024-25,Playoffs,NBA Finals,2025_okc_ind_api_20261005,0042400406,6,2025-06-19,1610612754,IND,1631097,Bennedict Mathurin,1610612760,OKC,1630598,Aaron Wiggins,49,4.0,11.01124,12.46819,26.6,0,2,0,0,0,0,0,0,0.0,0,0,0.0,0,0,0,0,0,0,0,nba_boxscorematchupsv3
1,2024-25,Playoffs,NBA Finals,2025_okc_ind_api_20261005,0042400406,6,2025-06-19,1610612754,IND,1631097,Bennedict Mathurin,1610612760,OKC,1631114,Jalen Williams,3,0.2,0.47771,0.76336,12.3,0,0,0,0,0,0,0,0,0.0,0,0,0.0,0,0,0,0,0,0,0,nba_boxscorematchupsv3
1,2024-25,Playoffs,NBA Finals,2025_okc_ind_api_20261005,0042400406,6,2025-06-19,1610612754,IND,1631097,Bennedict Mathurin,1610612760,OKC,1631119,Jaylin Williams,36,3.5,11.84211,9.16031,17.299999999999997,0,0,0,0,0,0,0,1,0.0,0,1,0.0,0,0,0,0,0,0,0,nba_boxscorematchupsv3
1,2024-25,Playoffs,NBA Finals,2025_okc_ind_api_20261005,0042400406,6,2025-06-19,1610612754,IND,1631097,Bennedict Mathurin,1610612760,OKC,1629026,Kenrich Williams,88,5.5,19.21397,22.39186,36.7,0,4,0,0,0,0,0,0,0.0,0,0,0.0,0,0,0,0,0,0,0,nba_boxscorematchupsv3
1,2024-25,Playoffs,NBA Finals,2025_okc_ind_api_20261005,0042400406,6,2025-06-19,1610612754,IND,1628396,Tony Bradley,1610612760,OKC,1627936,Alex Caruso,6,0.2,1.0929,3.8216600000000005,5.0,2,2,0,0,0,0,1,1,100.0,0,0,0.0,0,0,0,0,0,0,0,nba_boxscorematchupsv3
1,2024-25,Playoffs,NBA Finals,2025_okc_ind_api_20261005,0042400406,6,2025-06-19,1610612754,IND,1628396,Tony Bradley,1610612760,OKC,1629652,Luguentz Dort,3,0.3,0.625,1.9108300000000003,6.9,0,0,0,0,0,0,0,0,0.0,0,0,0.0,0,0,0,0,0,0,0,nba_boxscorematchupsv3
1,2024-25,Playoffs,NBA Finals,2025_okc_ind_api_20261005,0042400406,6,2025-06-19,1610612754,IND,1628396,Tony Bradley,1610612760,OKC,1628983,Shai Gilgeous-Alexander,21,1.7,2.9661,13.375799999999998,20.8,0,0,0,0,0,0,0,0,0.0,0,0,0.0,0,0,0,0,0,0,0,nba_boxscorematchupsv3
1,2024-25,Playoffs,NBA Finals,2025_okc_ind_api_20261005,0042400406,6,2025-06-19,1610612754,IND,1628396,Tony Bradley,1610612760,OKC,1628392,Isaiah Hartenstein,70,6.3,18.970190000000002,44.585989999999995,53.300000000000004,0,7,0,0,0,0,0,1,0.0,0,0,0.0,0,0,0,0,0,0,0,nba_boxscorematchupsv3
1,2024-25,Playoffs,NBA Finals,2025_okc_ind_api_20261005,0042400406,6,2025-06-19,1610612754,IND,1628396,Tony Bradley,1610612760,OKC,1631096,Chet Holmgren,24,1.5,4.387569999999999,15.286620000000001,54.2,1,4,0,0,0,0,0,0,0.0,0,0,0.0,1,2,1,0,0,0,0,nba_boxscorematchupsv3
1,2024-25,Playoffs,NBA Finals,2025_okc_ind_api_20261005,0042400406,6,2025-06-19,1610612754,IND,1628396,Tony Bradley,1610612760,OKC,1641717,Cason Wallace,9,1.0,2.6087,5.73248,11.700000000000001,0,0,0,0,0,0,0,0,0.0,0,0,0.0,0,0,0,0,0,0,0,nba_boxscorematchupsv3
1,2024-25,Playoffs,NBA Finals,2025_okc_ind_api_20261005,0042400406,6,2025-06-19,1610612754,IND,1628396,Tony Bradley,1610612760,OKC,1630598,Aaron Wiggins,1,0.1,0.22472,0.63694,5.8999999999999995,0,0,0,0,0,0,0,0,0.0,0,0,0.0,0,0,0,0,0,0,0,nba_boxscorematchupsv3
1,2024-25,Playoffs,NBA Finals,2025_okc_ind_api_20261005,0042400406,6,2025-06-19,1610612754,IND,1628396,Tony Bradley,1610612760,OKC,1631114,Jalen Williams,2,0.1,0.31847,1.27389,3.2,0,0,0,0,0,0,0,0,0.0,0,0,0.0,0,0,0,0,0,0,0,nba_boxscorematchupsv3
1,2024-25,Playoffs,NBA Finals,2025_okc_ind_api_20261005,0042400406,6,2025-06-19,1610612754,IND,1628396,Tony Bradley,1610612760,OKC,1629026,Kenrich Williams,21,1.2,4.5851500000000005,13.375799999999998,16.6,0,3,0,0,0,0,0,0,0.0,0,0,0.0,0,0,0,0,0,0,0,nba_boxscorematchupsv3
1,2024-25,Playoffs,NBA Finals,2025_okc_ind_api_20261005,0042400406,6,2025-06-19,1610612754,IND,1628418,Thomas Bryant,1610612760,OKC,1631172,Ousmane Dieng,23,2.1,28.04878,12.77778,44.2,0,0,0,0,0,0,0,0,0.0,0,0,0.0,0,0,0,0,0,0,0,nba_boxscorematchupsv3
1,2024-25,Playoffs,NBA Finals,2025_okc_ind_api_20261005,0042400406,6,2025-06-19,1610612754,IND,1628418,Thomas Bryant,1610612760,OKC,1641794,Dillon Jones,12,1.4,6.21762,6.66667,12.7,0,0,0,0,0,0,0,0,0.0,0,0,0.0,0,0,0,0,0,0,0,nba_boxscorematchupsv3
1,2024-25,Playoffs,NBA Finals,2025_okc_ind_api_20261005,0042400406,6,2025-06-19,1610612754,IND,1628418,Thomas Bryant,1610612760,OKC,1642349,Ajay Mitchell,24,0.9,7.817590000000001,13.333329999999998,12.8,0,2,0,0,0,0,0,0,0.0,0,0,0.0,0,0,0,0,0,0,0,nba_boxscorematchupsv3
1,2024-25,Playoffs,NBA Finals,2025_okc_ind_api_20261005,0042400406,6,2025-06-19,1610612754,IND,1628418,Thomas Bryant,1610612760,OKC,1631119,Jaylin Williams,113,5.3,37.17105,62.77778000000001,54.50000000000001,4,6,0,0,0,0,1,1,100.0,1,1,100.0,1,2,1,0,0,0,0,nba_boxscorematchupsv3
1,2024-25,Playoffs,NBA Finals,2025_okc_ind_api_20261005,0042400406,6,2025-06-19,1610612754,IND,1628418,Thomas Bryant,1610612760,OKC,1629026,Kenrich Williams,8,1.3,1.7467199999999998,4.44444,6.2,0,0,0,0,0,0,0,1,0.0,0,1,0.0,0,0,0,0,0,0,0,nba_boxscorematchupsv3
1,2024-25,Playoffs,NBA Finals,2025_okc_ind_api_20261005,0042400406,6,2025-06-19,1610612754,IND,1642277,Johnny Furphy,1610612760,OKC,1631172,Ousmane Dieng,24,1.3,29.268290000000004,15.48387,34.5,0,3,0,0,0,0,0,0,0.0,0,0,0.0,0,0,0,0,0,0,0,nba_boxscorematchupsv3
1,2024-25,Playoffs,NBA Finals,2025_okc_ind_api_20261005,0042400406,6,2025-06-19,1610612754,IND,1642277,Johnny Furphy,1610612760,OKC,1630198,Isaiah Joe,17,1.0,4.3814400000000004,10.96774,11.700000000000001,0,2,0,0,0,0,0,0,0.0,0,0,0.0,0,0,0,0,0,0,0,nba_boxscorematchupsv3
1,2024-25,Playoffs,NBA Finals,2025_okc_ind_api_20261005,0042400406,6,2025-06-19,1610612754,IND,1642277,Johnny Furphy,1610612760,OKC,1641794,Dillon Jones,20,0.9,10.362689999999999,12.903229999999999,11.5,0,0,0,0,0,0,0,0,0.0,0,0,0.0,0,0,0,0,0,0,0,nba_boxscorematchupsv3
1,2024-25,Playoffs,NBA Finals,2025_okc_ind_api_20261005,0042400406,6,2025-06-19,1610612754,IND,1642277,Johnny Furphy,1610612760,OKC,1642349,Ajay Mitchell,83,5.0,27.03583,53.54839,51.7,0,0,0,0,1,0,0,0,0.0,0,0,0.0,0,0,0,0,0,0,0,nba_boxscorematchupsv3
1,2024-25,Playoffs,NBA Finals,2025_okc_ind_api_20261005,0042400406,6,2025-06-19,1610612754,IND,1642277,Johnny Furphy,1610612760,OKC,1631119,Jaylin Williams,7,0.7,2.3026299999999997,4.51613,6.7,0,2,0,0,0,0,0,0,0.0,0,0,0.0,0,0,0,0,0,0,0,nba_boxscorematchupsv3
1,2024-25,Playoffs,NBA Finals,2025_okc_ind_api_20261005,0042400406,6,2025-06-19,1610612754,IND,1642277,Johnny Furphy,1610612760,OKC,1629026,Kenrich Williams,4,0.3,0.8733599999999999,2.58065,7.1,0,0,0,0,0,0,0,0,0.0,0,0,0.0,0,0,0,0,0,0,0,nba_boxscorematchupsv3
1,2024-25,Playoffs,NBA Finals,2025_okc_ind_api_20261005,0042400406,6,2025-06-19,1610612754,IND,201949,James Johnson,1610612760,OKC,1631172,Ousmane Dieng,4,0.2,4.87805,7.4074100000000005,4.8,0,0,0,0,0,0,0,0,0.0,0,0,0.0,0,0,0,0,0,0,0,nba_boxscorematchupsv3
1,2024-25,Playoffs,NBA Finals,2025_okc_ind_api_20261005,0042400406,6,2025-06-19,1610612754,IND,201949,James Johnson,1610612760,OKC,1630198,Isaiah Joe,2,0.2,0.5154599999999999,3.7037,4.5,0,0,0,0,0,0,0,0,0.0,0,0,0.0,0,0,0,0,0,0,0,nba_boxscorematchupsv3
1,2024-25,Playoffs,NBA Finals,2025_okc_ind_api_20261005,0042400406,6,2025-06-19,1610612754,IND,201949,James Johnson,1610612760,OKC,1641794,Dillon Jones,37,1.9,19.17098,68.51852000000001,51.9,0,3,0,0,0,0,0,1,0.0,0,0,0.0,0,0,0,0,0,0,0,nba_boxscorematchupsv3
1,2024-25,Playoffs,NBA Finals,2025_okc_ind_api_20261005,0042400406,6,2025-06-19,1610612754,IND,201949,James Johnson,1610612760,OKC,1631119,Jaylin Williams,11,1.1,3.61842,20.370369999999998,22.7,0,0,0,0,0,0,0,0,0.0,0,0,0.0,0,0,0,0,0,0,0,nba_boxscorematchupsv3
1,2024-25,Playoffs,NBA Finals,2025_okc_ind_api_20261005,0042400406,6,2025-06-19,1610612760,OKC,1631114,Jalen Williams,1610612754,IND,1628396,Tony Bradley,6,0.4,5.35714,1.06572,16.0,0,0,0,0,0,0,0,0,0.0,0,0,0.0,0,0,0,0,0,0,0,nba_boxscorematchupsv3
1,2024-25,Playoffs,NBA Finals,2025_okc_ind_api_20261005,0042400406,6,2025-06-19,1610612760,OKC,1631114,Jalen Williams,1610612754,IND,1630169,Tyrese Haliburton,12,1.6,2.46407,2.13144,5.1,0,2,0,0,1,0,0,0,0.0,0,0,0.0,0,0,0,0,0,0,0,nba_boxscorematchupsv3
1,2024-25,Playoffs,NBA Finals,2025_okc_ind_api_20261005,0042400406,6,2025-06-19,1610612760,OKC,1631114,Jalen Williams,1610612754,IND,1631097,Bennedict Mathurin,31,2.6,11.61049,5.50622,64.0,0,2,0,0,0,0,0,0,0.0,0,0,0.0,0,0,0,0,0,0,0,nba_boxscorematchupsv3
1,2024-25,Playoffs,NBA Finals,2025_okc_ind_api_20261005,0042400406,6,2025-06-19,1610612760,OKC,1631114,Jalen Williams,1610612754,IND,204456,T.J. McConnell,5,2.0,1.0615700000000001,0.8881,4.6,0,0,0,0,1,0,0,0,0.0,0,0,0.0,0,0,0,0,0,0,0,nba_boxscorematchupsv3
1,2024-25,Playoffs,NBA Finals,2025_okc_ind_api_20261005,0042400406,6,2025-06-19,1610612760,OKC,1631114,Jalen Williams,1610612754,IND,1629614,Andrew Nembhard,34,3.8,4.94186,6.03908,9.4,2,2,0,0,0,0,1,2,50.0,0,0,0.0,0,0,0,0,0,0,0,nba_boxscorematchupsv3
1,2024-25,Playoffs,NBA Finals,2025_okc_ind_api_20261005,0042400406,6,2025-06-19,1610612760,OKC,1631114,Jalen Williams,1610612754,IND,1630174,Aaron Nesmith,266,17.9,49.16821,47.24689,53.900000000000006,8,14,0,0,1,1,3,5,60.0,0,1,0.0,2,3,2,0,0,0,0,nba_boxscorematchupsv3
1,2024-25,Playoffs,NBA Finals,2025_okc_ind_api_20261005,0042400406,6,2025-06-19,1610612760,OKC,1631114,Jalen Williams,1610612754,IND,1641767,Ben Sheppard,47,4.0,11.29808,8.34813,36.9,0,2,1,0,0,0,0,0,0.0,0,0,0.0,0,0,0,0,0,0,0,nba_boxscorematchupsv3
1,2024-25,Playoffs,NBA Finals,2025_okc_ind_api_20261005,0042400406,6,2025-06-19,1610612760,OKC,1631114,Jalen Williams,1610612754,IND,1627783,Pascal Siakam,141,12.0,20.346320000000002,25.0444,28.7,4,13,0,0,0,0,1,3,33.300000000000004,0,2,0.0,2,2,1,0,0,0,0,nba_boxscorematchupsv3
1,2024-25,Playoffs,NBA Finals,2025_okc_ind_api_20261005,0042400406,6,2025-06-19,1610612760,OKC,1631114,Jalen Williams,1610612754,IND,1626167,Myles Turner,21,3.2,3.75671,3.7300199999999997,6.6000000000000005,2,2,0,0,0,0,1,2,50.0,0,1,0.0,0,0,0,0,0,0,0,nba_boxscorematchupsv3
1,2024-25,Playoffs,NBA Finals,2025_okc_ind_api_20261005,0042400406,6,2025-06-19,1610612760,OKC,1631096,Chet Holmgren,1610612754,IND,1628396,Tony Bradley,16,0.4,14.285709999999998,3.1311199999999997,30.4,0,0,0,0,0,0,0,2,0.0,0,1,0.0,0,0,0,0,0,0,0,nba_boxscorematchupsv3
1,2024-25,Playoffs,NBA Finals,2025_okc_ind_api_20261005,0042400406,6,2025-06-19,1610612760,OKC,1631096,Chet Holmgren,1610612754,IND,1630169,Tyrese Haliburton,33,2.8,6.77618,6.457930000000001,10.2,0,0,0,0,0,0,0,0,0.0,0,0,0.0,0,0,0,0,0,0,0,nba_boxscorematchupsv3
1,2024-25,Playoffs,NBA Finals,2025_okc_ind_api_20261005,0042400406,6,2025-06-19,1610612760,OKC,1631096,Chet Holmgren,1610612754,IND,1631097,Bennedict Mathurin,13,2.3,4.86891,2.54403,15.299999999999999,0,5,0,0,0,0,0,0,0.0,0,0,0.0,0,0,0,0,0,0,0,nba_boxscorematchupsv3
1,2024-25,Playoffs,NBA Finals,2025_okc_ind_api_20261005,0042400406,6,2025-06-19,1610612760,OKC,1631096,Chet Holmgren,1610612754,IND,204456,T.J. McConnell,3,0.9,0.63694,0.5870799999999999,4.2,0,0,0,0,0,0,0,0,0.0,0,0,0.0,0,0,0,0,0,0,0,nba_boxscorematchupsv3
1,2024-25,Playoffs,NBA Finals,2025_okc_ind_api_20261005,0042400406,6,2025-06-19,1610612760,OKC,1631096,Chet Holmgren,1610612754,IND,1629614,Andrew Nembhard,12,3.0,1.74419,2.3483400000000003,5.4,0,0,0,0,0,0,0,0,0.0,0,0,0.0,0,0,0,0,0,0,0,nba_boxscorematchupsv3
1,2024-25,Playoffs,NBA Finals,2025_okc_ind_api_20261005,0042400406,6,2025-06-19,1610612760,OKC,1631096,Chet Holmgren,1610612754,IND,1630174,Aaron Nesmith,33,4.8,6.09982,6.457930000000001,11.5,2,2,0,0,0,0,1,2,50.0,0,0,0.0,0,0,0,0,0,0,0,nba_boxscorematchupsv3
1,2024-25,Playoffs,NBA Finals,2025_okc_ind_api_20261005,0042400406,6,2025-06-19,1610612760,OKC,1631096,Chet Holmgren,1610612754,IND,1641767,Ben Sheppard,1,0.3,0.24038,0.19569,6.6000000000000005,0,0,0,0,0,0,0,0,0.0,0,0,0.0,0,0,0,0,0,0,0,nba_boxscorematchupsv3
1,2024-25,Playoffs,NBA Finals,2025_okc_ind_api_20261005,0042400406,6,2025-06-19,1610612760,OKC,1631096,Chet Holmgren,1610612754,IND,1627783,Pascal Siakam,106,10.1,15.295819999999999,20.74364,21.6,2,8,0,0,0,0,1,1,100.0,0,0,0.0,0,0,0,0,0,0,0,nba_boxscorematchupsv3
1,2024-25,Playoffs,NBA Finals,2025_okc_ind_api_20261005,0042400406,6,2025-06-19,1610612760,OKC,1631096,Chet Holmgren,1610612754,IND,1630167,Obi Toppin,53,3.7,11.49675,10.37182,29.299999999999997,0,2,0,0,0,0,0,0,0.0,0,0,0.0,0,0,0,0,0,0,0,nba_boxscorematchupsv3
1,2024-25,Playoffs,NBA Finals,2025_okc_ind_api_20261005,0042400406,6,2025-06-19,1610612760,OKC,1631096,Chet Holmgren,1610612754,IND,1626167,Myles Turner,241,17.0,43.1127,47.16243,58.3,0,12,0,0,2,1,0,3,0.0,0,2,0.0,0,0,0,0,0,0,0,nba_boxscorematchupsv3
1,2024-25,Playoffs,NBA Finals,2025_okc_ind_api_20261005,0042400406,6,2025-06-19,1610612760,OKC,1628392,Isaiah Hartenstein,1610612754,IND,1628396,Tony Bradley,73,6.2,65.17857000000001,22.39264,67.10000000000001,0,3,0,0,0,0,0,0,0.0,0,0,0.0,0,0,0,0,0,0,0,nba_boxscorematchupsv3
1,2024-25,Playoffs,NBA Finals,2025_okc_ind_api_20261005,0042400406,6,2025-06-19,1610612760,OKC,1628392,Isaiah Hartenstein,1610612754,IND,1630169,Tyrese Haliburton,6,1.9,1.23203,1.8404899999999997,5.0,4,4,0,0,0,0,1,1,100.0,0,0,0.0,2,2,1,0,0,0,0,nba_boxscorematchupsv3
1,2024-25,Playoffs,NBA Finals,2025_okc_ind_api_20261005,0042400406,6,2025-06-19,1610612760,OKC,1628392,Isaiah Hartenstein,1610612754,IND,204456,T.J. McConnell,1,0.6,0.21231000000000003,0.30674999999999997,4.6,0,0,0,0,0,0,0,0,0.0,0,0,0.0,0,0,0,0,0,0,0,nba_boxscorematchupsv3
1,2024-25,Playoffs,NBA Finals,2025_okc_ind_api_20261005,0042400406,6,2025-06-19,1610612760,OKC,1628392,Isaiah Hartenstein,1610612754,IND,1629614,Andrew Nembhard,12,1.2,1.74419,3.6809799999999995,5.8999999999999995,0,0,0,0,0,0,0,0,0.0,0,0,0.0,0,0,0,0,0,0,0,nba_boxscorematchupsv3
1,2024-25,Playoffs,NBA Finals,2025_okc_ind_api_20261005,0042400406,6,2025-06-19,1610612760,OKC,1628392,Isaiah Hartenstein,1610612754,IND,1630174,Aaron Nesmith,26,1.7,4.80591,7.975459999999999,11.5,0,0,0,0,0,0,0,0,0.0,0,0,0.0,0,0,0,0,0,0,0,nba_boxscorematchupsv3
1,2024-25,Playoffs,NBA Finals,2025_okc_ind_api_20261005,0042400406,6,2025-06-19,1610612760,OKC,1628392,Isaiah Hartenstein,1610612754,IND,1641767,Ben Sheppard,8,1.0,1.92308,2.45399,9.0,0,2,0,0,0,0,0,0,0.0,0,0,0.0,0,0,0,0,0,0,0,nba_boxscorematchupsv3
1,2024-25,Playoffs,NBA Finals,2025_okc_ind_api_20261005,0042400406,6,2025-06-19,1610612760,OKC,1628392,Isaiah Hartenstein,1610612754,IND,1627783,Pascal Siakam,20,2.0,2.886,6.13497,14.499999999999998,2,2,0,0,0,0,1,1,100.0,0,0,0.0,0,0,0,0,0,0,0,nba_boxscorematchupsv3
1,2024-25,Playoffs,NBA Finals,2025_okc_ind_api_20261005,0042400406,6,2025-06-19,1610612760,OKC,1628392,Isaiah Hartenstein,1610612754,IND,1630167,Obi Toppin,29,2.8,6.2906699999999995,8.89571,13.700000000000001,0,2,0,0,0,0,0,0,0.0,0,0,0.0,0,0,0,0,0,0,0,nba_boxscorematchupsv3
1,2024-25,Playoffs,NBA Finals,2025_okc_ind_api_20261005,0042400406,6,2025-06-19,1610612760,OKC,1628392,Isaiah Hartenstein,1610612754,IND,1626167,Myles Turner,151,12.1,27.012520000000002,46.31902,65.10000000000001,4,12,0,0,0,0,1,1,100.0,0,0,0.0,2,2,1,0,0,0,0,nba_boxscorematchupsv3
1,2024-25,Playoffs,NBA Finals,2025_okc_ind_api_20261005,0042400406,6,2025-06-19,1610612760,OKC,1629652,Luguentz Dort,1610612754,IND,1630169,Tyrese Haliburton,256,20.0,52.56674,58.850570000000005,61.3,0,20,0,0,0,0,0,2,0.0,0,2,0.0,0,0,0,0,0,0,0,nba_boxscorematchupsv3
1,2024-25,Playoffs,NBA Finals,2025_okc_ind_api_20261005,0042400406,6,2025-06-19,1610612760,OKC,1629652,Luguentz Dort,1610612754,IND,204456,T.J. McConnell,2,0.2,0.42462999999999995,0.45976999999999996,4.3999999999999995,0,0,0,0,0,0,0,0,0.0,0,0,0.0,0,0,0,0,0,0,0,nba_boxscorematchupsv3
1,2024-25,Playoffs,NBA Finals,2025_okc_ind_api_20261005,0042400406,6,2025-06-19,1610612760,OKC,1629652,Luguentz Dort,1610612754,IND,1629614,Andrew Nembhard,14,2.4,2.0348800000000002,3.2183900000000003,4.3999999999999995,0,2,0,0,0,0,0,0,0.0,0,0,0.0,0,0,0,0,0,0,0,nba_boxscorematchupsv3
1,2024-25,Playoffs,NBA Finals,2025_okc_ind_api_20261005,0042400406,6,2025-06-19,1610612760,OKC,1629652,Luguentz Dort,1610612754,IND,1630174,Aaron Nesmith,27,2.3,4.990760000000001,6.2069,7.6,0,0,0,0,0,0,0,0,0.0,0,0,0.0,0,0,0,0,0,0,0,nba_boxscorematchupsv3
1,2024-25,Playoffs,NBA Finals,2025_okc_ind_api_20261005,0042400406,6,2025-06-19,1610612760,OKC,1629652,Luguentz Dort,1610612754,IND,1627783,Pascal Siakam,46,3.3,6.63781,10.57471,13.100000000000001,0,0,0,0,0,0,0,0,0.0,0,0,0.0,0,0,0,0,0,0,0,nba_boxscorematchupsv3
1,2024-25,Playoffs,NBA Finals,2025_okc_ind_api_20261005,0042400406,6,2025-06-19,1610612760,OKC,1629652,Luguentz Dort,1610612754,IND,1630167,Obi Toppin,75,5.0,16.26898,17.24138,56.699999999999996,3,3,0,0,0,0,1,1,100.0,1,1,100.0,0,0,0,0,0,0,0,nba_boxscorematchupsv3
1,2024-25,Playoffs,NBA Finals,2025_okc_ind_api_20261005,0042400406,6,2025-06-19,1610612760,OKC,1629652,Luguentz Dort,1610612754,IND,1626167,Myles Turner,15,1.7,2.68336,3.44828,6.4,0,0,0,0,0,0,0,2,0.0,0,2,0.0,0,0,0,0,0,0,0,nba_boxscorematchupsv3
1,2024-25,Playoffs,NBA Finals,2025_okc_ind_api_20261005,0042400406,6,2025-06-19,1610612760,OKC,1628983,Shai Gilgeous-Alexander,1610612754,IND,1628396,Tony Bradley,8,0.4,7.14286,1.11266,7.000000000000001,0,0,0,0,0,0,0,0,0.0,0,0,0.0,0,0,0,0,0,0,0,nba_boxscorematchupsv3
1,2024-25,Playoffs,NBA Finals,2025_okc_ind_api_20261005,0042400406,6,2025-06-19,1610612760,OKC,1628983,Shai Gilgeous-Alexander,1610612754,IND,1630169,Tyrese Haliburton,14,1.3,2.87474,1.94715,3.5999999999999996,0,0,0,0,0,0,0,0,0.0,0,0,0.0,0,0,0,0,0,0,0,nba_boxscorematchupsv3
1,2024-25,Playoffs,NBA Finals,2025_okc_ind_api_20261005,0042400406,6,2025-06-19,1610612760,OKC,1628983,Shai Gilgeous-Alexander,1610612754,IND,1631097,Bennedict Mathurin,27,2.1,10.112359999999999,3.75522,23.400000000000002,2,2,0,0,0,0,1,1,100.0,0,0,0.0,0,0,0,0,0,0,0,nba_boxscorematchupsv3
1,2024-25,Playoffs,NBA Finals,2025_okc_ind_api_20261005,0042400406,6,2025-06-19,1610612760,OKC,1628983,Shai Gilgeous-Alexander,1610612754,IND,204456,T.J. McConnell,47,3.0,9.978769999999999,6.53686,14.499999999999998,0,3,0,0,1,0,0,0,0.0,0,0,0.0,0,0,0,0,0,0,0,nba_boxscorematchupsv3
1,2024-25,Playoffs,NBA Finals,2025_okc_ind_api_20261005,0042400406,6,2025-06-19,1610612760,OKC,1628983,Shai Gilgeous-Alexander,1610612754,IND,1629614,Andrew Nembhard,490,36.1,71.22093000000001,68.15021,67.4,7,23,1,0,3,0,3,8,37.5,0,1,0.0,1,1,1,0,0,0,0,nba_boxscorematchupsv3
1,2024-25,Playoffs,NBA Finals,2025_okc_ind_api_20261005,0042400406,6,2025-06-19,1610612760,OKC,1628983,Shai Gilgeous-Alexander,1610612754,IND,1630174,Aaron Nesmith,21,4.3,3.8817,2.9207199999999998,9.1,0,3,1,0,1,0,0,0,0.0,0,0,0.0,0,0,0,0,0,0,0,nba_boxscorematchupsv3
1,2024-25,Playoffs,NBA Finals,2025_okc_ind_api_20261005,0042400406,6,2025-06-19,1610612760,OKC,1628983,Shai Gilgeous-Alexander,1610612754,IND,1641767,Ben Sheppard,23,2.0,5.528849999999999,3.19889,16.5,0,0,0,0,0,0,0,1,0.0,0,0,0.0,0,0,0,0,0,0,0,nba_boxscorematchupsv3
1,2024-25,Playoffs,NBA Finals,2025_okc_ind_api_20261005,0042400406,6,2025-06-19,1610612760,OKC,1628983,Shai Gilgeous-Alexander,1610612754,IND,1627783,Pascal Siakam,40,5.8,5.772010000000001,5.563280000000001,9.3,3,3,0,0,1,1,1,2,50.0,0,0,0.0,1,2,1,0,0,0,0,nba_boxscorematchupsv3
1,2024-25,Playoffs,NBA Finals,2025_okc_ind_api_20261005,0042400406,6,2025-06-19,1610612760,OKC,1628983,Shai Gilgeous-Alexander,1610612754,IND,1630167,Obi Toppin,20,2.6,4.33839,2.7816400000000003,9.700000000000001,4,7,0,0,0,0,1,1,100.0,0,0,0.0,2,2,1,0,0,0,0,nba_boxscorematchupsv3
1,2024-25,Playoffs,NBA Finals,2025_okc_ind_api_20261005,0042400406,6,2025-06-19,1610612760,OKC,1628983,Shai Gilgeous-Alexander,1610612754,IND,1626167,Myles Turner,29,3.6,5.18784,4.03338,8.9,4,6,0,0,0,0,1,1,100.0,0,0,0.0,2,2,0,0,0,0,0,nba_boxscorematchupsv3
1,2024-25,Playoffs,NBA Finals,2025_okc_ind_api_20261005,0042400406,6,2025-06-19,1610612760,OKC,1627936,Alex Caruso,1610612754,IND,1630169,Tyrese Haliburton,35,3.1,7.18686,7.936509999999999,14.399999999999999,0,2,0,0,0,0,0,0,0.0,0,0,0.0,0,0,0,0,0,0,0,nba_boxscorematchupsv3
1,2024-25,Playoffs,NBA Finals,2025_okc_ind_api_20261005,0042400406,6,2025-06-19,1610612760,OKC,1627936,Alex Caruso,1610612754,IND,1631097,Bennedict Mathurin,7,0.7,2.62172,1.5873000000000002,9.5,0,0,0,0,0,0,0,0,0.0,0,0,0.0,0,0,0,0,0,0,0,nba_boxscorematchupsv3
1,2024-25,Playoffs,NBA Finals,2025_okc_ind_api_20261005,0042400406,6,2025-06-19,1610612760,OKC,1627936,Alex Caruso,1610612754,IND,204456,T.J. McConnell,5,0.8,1.0615700000000001,1.13379,3.2,0,0,0,0,0,0,0,0,0.0,0,0,0.0,0,0,0,0,0,0,0,nba_boxscorematchupsv3
1,2024-25,Playoffs,NBA Finals,2025_okc_ind_api_20261005,0042400406,6,2025-06-19,1610612760,OKC,1627936,Alex Caruso,1610612754,IND,1629614,Andrew Nembhard,38,4.3,5.52326,8.61678,12.4,0,2,0,0,0,0,0,1,0.0,0,1,0.0,0,0,0,0,0,0,0,nba_boxscorematchupsv3
1,2024-25,Playoffs,NBA Finals,2025_okc_ind_api_20261005,0042400406,6,2025-06-19,1610612760,OKC,1627936,Alex Caruso,1610612754,IND,1630174,Aaron Nesmith,75,6.3,13.863220000000002,17.0068,23.0,0,2,0,0,1,0,0,0,0.0,0,0,0.0,0,0,0,0,0,0,0,nba_boxscorematchupsv3
1,2024-25,Playoffs,NBA Finals,2025_okc_ind_api_20261005,0042400406,6,2025-06-19,1610612760,OKC,1627936,Alex Caruso,1610612754,IND,1641767,Ben Sheppard,10,1.3,2.4038500000000003,2.26757,14.2,0,3,0,0,0,0,0,0,0.0,0,0,0.0,0,0,0,0,0,0,0,nba_boxscorematchupsv3
1,2024-25,Playoffs,NBA Finals,2025_okc_ind_api_20261005,0042400406,6,2025-06-19,1610612760,OKC,1627936,Alex Caruso,1610612754,IND,1627783,Pascal Siakam,178,14.3,25.685429999999997,40.362809999999996,44.7,0,7,0,0,0,0,0,1,0.0,0,0,0.0,0,0,0,0,0,0,0,nba_boxscorematchupsv3
1,2024-25,Playoffs,NBA Finals,2025_okc_ind_api_20261005,0042400406,6,2025-06-19,1610612760,OKC,1627936,Alex Caruso,1610612754,IND,1630167,Obi Toppin,83,8.9,18.00434,18.82086,37.2,0,4,0,0,0,0,0,0,0.0,0,0,0.0,0,0,0,0,0,0,0,nba_boxscorematchupsv3
1,2024-25,Playoffs,NBA Finals,2025_okc_ind_api_20261005,0042400406,6,2025-06-19,1610612760,OKC,1627936,Alex Caruso,1610612754,IND,1626167,Myles Turner,10,1.8,1.7889100000000002,2.26757,6.6000000000000005,0,0,0,0,0,1,0,0,0.0,0,0,0.0,0,0,0,0,0,0,0,nba_boxscorematchupsv3
1,2024-25,Playoffs,NBA Finals,2025_okc_ind_api_20261005,0042400406,6,2025-06-19,1610612760,OKC,1630598,Aaron Wiggins,1610612754,IND,1630169,Tyrese Haliburton,15,1.7,3.08008,4.0983600000000004,29.4,0,0,0,0,0,0,0,0,0.0,0,0,0.0,0,0,0,0,0,0,0,nba_boxscorematchupsv3
1,2024-25,Playoffs,NBA Finals,2025_okc_ind_api_20261005,0042400406,6,2025-06-19,1610612760,OKC,1630598,Aaron Wiggins,1610612754,IND,1631097,Bennedict Mathurin,9,1.1,3.37079,2.4590199999999998,8.9,0,2,0,0,1,0,0,0,0.0,0,0,0.0,0,0,0,0,0,0,0,nba_boxscorematchupsv3
1,2024-25,Playoffs,NBA Finals,2025_okc_ind_api_20261005,0042400406,6,2025-06-19,1610612760,OKC,1630598,Aaron Wiggins,1610612754,IND,204456,T.J. McConnell,199,17.0,42.25053,54.371579999999994,50.3,0,20,0,0,1,0,0,1,0.0,0,1,0.0,0,0,0,0,0,0,0,nba_boxscorematchupsv3
1,2024-25,Playoffs,NBA Finals,2025_okc_ind_api_20261005,0042400406,6,2025-06-19,1610612760,OKC,1630598,Aaron Wiggins,1610612754,IND,1629614,Andrew Nembhard,20,2.1,2.90698,5.46448,8.5,3,6,0,0,0,0,1,1,100.0,1,1,100.0,0,0,0,0,0,0,0,nba_boxscorematchupsv3
1,2024-25,Playoffs,NBA Finals,2025_okc_ind_api_20261005,0042400406,6,2025-06-19,1610612760,OKC,1630598,Aaron Wiggins,1610612754,IND,1630174,Aaron Nesmith,31,3.4,5.73013,8.469949999999999,34.599999999999994,0,0,0,0,0,0,0,1,0.0,0,1,0.0,0,0,0,0,0,0,0,nba_boxscorematchupsv3
1,2024-25,Playoffs,NBA Finals,2025_okc_ind_api_20261005,0042400406,6,2025-06-19,1610612760,OKC,1630598,Aaron Wiggins,1610612754,IND,1641767,Ben Sheppard,43,5.4,10.33654,11.74863,21.2,2,2,1,0,1,0,0,0,0.0,0,0,0.0,2,2,1,0,0,0,0,nba_boxscorematchupsv3
1,2024-25,Playoffs,NBA Finals,2025_okc_ind_api_20261005,0042400406,6,2025-06-19,1610612760,OKC,1630598,Aaron Wiggins,1610612754,IND,1627783,Pascal Siakam,29,2.5,4.1847,7.9235,10.5,0,0,0,0,0,0,0,0,0.0,0,0,0.0,0,0,0,0,0,0,0,nba_boxscorematchupsv3
1,2024-25,Playoffs,NBA Finals,2025_okc_ind_api_20261005,0042400406,6,2025-06-19,1610612760,OKC,1630598,Aaron Wiggins,1610612754,IND,1630167,Obi Toppin,14,1.6,3.03688,3.8251399999999998,5.800000000000001,0,0,0,0,0,0,0,1,0.0,0,1,0.0,0,0,0,0,0,0,0,nba_boxscorematchupsv3
1,2024-25,Playoffs,NBA Finals,2025_okc_ind_api_20261005,0042400406,6,2025-06-19,1610612760,OKC,1630598,Aaron Wiggins,1610612754,IND,1626167,Myles Turner,6,1.6,1.07335,1.6393399999999998,8.3,0,0,0,0,0,0,0,0,0.0,0,0,0.0,0,0,0,0,0,0,0,nba_boxscorematchupsv3
1,2024-25,Playoffs,NBA Finals,2025_okc_ind_api_20261005,0042400406,6,2025-06-19,1610612760,OKC,1641717,Cason Wallace,1610612754,IND,1630169,Tyrese Haliburton,30,1.7,6.16016,10.79137,28.999999999999996,0,0,0,0,0,0,0,0,0.0,0,0,0.0,0,0,0,0,0,0,0,nba_boxscorematchupsv3
1,2024-25,Playoffs,NBA Finals,2025_okc_ind_api_20261005,0042400406,6,2025-06-19,1610612760,OKC,1641717,Cason Wallace,1610612754,IND,1631097,Bennedict Mathurin,25,1.8,9.363299999999999,8.99281,43.4,0,2,0,0,0,0,0,0,0.0,0,0,0.0,0,0,0,0,0,0,0,nba_boxscorematchupsv3
1,2024-25,Playoffs,NBA Finals,2025_okc_ind_api_20261005,0042400406,6,2025-06-19,1610612760,OKC,1641717,Cason Wallace,1610612754,IND,204456,T.J. McConnell,123,13.6,26.11465,44.2446,55.2,0,8,0,0,0,0,0,1,0.0,0,0,0.0,0,0,0,0,0,0,0,nba_boxscorematchupsv3
1,2024-25,Playoffs,NBA Finals,2025_okc_ind_api_20261005,0042400406,6,2025-06-19,1610612760,OKC,1641717,Cason Wallace,1610612754,IND,1629614,Andrew Nembhard,21,1.9,3.05233,7.55396,10.100000000000001,0,0,0,0,0,0,0,1,0.0,0,1,0.0,0,0,0,0,0,0,0,nba_boxscorematchupsv3
1,2024-25,Playoffs,NBA Finals,2025_okc_ind_api_20261005,0042400406,6,2025-06-19,1610612760,OKC,1641717,Cason Wallace,1610612754,IND,1630174,Aaron Nesmith,6,1.7,1.1090600000000002,2.15827,8.1,0,3,0,0,0,0,0,0,0.0,0,0,0.0,0,0,0,0,0,0,0,nba_boxscorematchupsv3
1,2024-25,Playoffs,NBA Finals,2025_okc_ind_api_20261005,0042400406,6,2025-06-19,1610612760,OKC,1641717,Cason Wallace,1610612754,IND,1641767,Ben Sheppard,41,4.2,9.85577,14.7482,25.4,0,2,0,0,0,0,0,1,0.0,0,0,0.0,0,0,0,0,0,0,0,nba_boxscorematchupsv3
1,2024-25,Playoffs,NBA Finals,2025_okc_ind_api_20261005,0042400406,6,2025-06-19,1610612760,OKC,1641717,Cason Wallace,1610612754,IND,1627783,Pascal Siakam,3,0.4,0.43290000000000006,1.07914,2.8000000000000003,2,2,0,0,0,0,1,1,100.0,0,0,0.0,0,0,0,0,0,0,0,nba_boxscorematchupsv3
1,2024-25,Playoffs,NBA Finals,2025_okc_ind_api_20261005,0042400406,6,2025-06-19,1610612760,OKC,1641717,Cason Wallace,1610612754,IND,1630167,Obi Toppin,26,3.1,5.63991,9.35252,10.2,0,0,0,0,0,0,0,0,0.0,0,0,0.0,0,0,0,0,0,0,0,nba_boxscorematchupsv3
1,2024-25,Playoffs,NBA Finals,2025_okc_ind_api_20261005,0042400406,6,2025-06-19,1610612760,OKC,1641717,Cason Wallace,1610612754,IND,1626167,Myles Turner,3,0.5,0.53667,1.07914,4.3,0,0,0,0,0,0,0,0,0.0,0,0,0.0,0,0,0,0,0,0,0,nba_boxscorematchupsv3
1,2024-25,Playoffs,NBA Finals,2025_okc_ind_api_20261005,0042400406,6,2025-06-19,1610612760,OKC,1629026,Kenrich Williams,1610612754,IND,1628396,Tony Bradley,8,2.0,7.14286,2.25989,19.7,0,2,0,0,0,0,0,0,0.0,0,0,0.0,0,0,0,0,0,0,0,nba_boxscorematchupsv3
1,2024-25,Playoffs,NBA Finals,2025_okc_ind_api_20261005,0042400406,6,2025-06-19,1610612760,OKC,1629026,Kenrich Williams,1610612754,IND,1630169,Tyrese Haliburton,30,2.1,6.16016,8.47458,28.799999999999997,0,0,0,0,0,0,0,0,0.0,0,0,0.0,0,0,0,0,0,0,0,nba_boxscorematchupsv3
1,2024-25,Playoffs,NBA Finals,2025_okc_ind_api_20261005,0042400406,6,2025-06-19,1610612760,OKC,1629026,Kenrich Williams,1610612754,IND,1631097,Bennedict Mathurin,51,5.1,19.101119999999998,14.40678,31.1,0,5,0,0,0,0,0,0,0.0,0,0,0.0,0,0,0,0,0,0,0,nba_boxscorematchupsv3
1,2024-25,Playoffs,NBA Finals,2025_okc_ind_api_20261005,0042400406,6,2025-06-19,1610612760,OKC,1629026,Kenrich Williams,1610612754,IND,204456,T.J. McConnell,13,2.4,2.7600800000000003,3.6723199999999996,7.000000000000001,0,0,0,0,0,0,0,0,0.0,0,0,0.0,0,2,1,0,0,0,0,nba_boxscorematchupsv3
1,2024-25,Playoffs,NBA Finals,2025_okc_ind_api_20261005,0042400406,6,2025-06-19,1610612760,OKC,1629026,Kenrich Williams,1610612754,IND,1629614,Andrew Nembhard,31,2.5,4.505809999999999,8.75706,20.7,0,4,0,0,0,0,0,0,0.0,0,0,0.0,0,0,0,0,0,0,0,nba_boxscorematchupsv3
1,2024-25,Playoffs,NBA Finals,2025_okc_ind_api_20261005,0042400406,6,2025-06-19,1610612760,OKC,1629026,Kenrich Williams,1610612754,IND,1641767,Ben Sheppard,36,2.2,8.65385,10.16949,14.7,0,0,0,0,0,0,0,0,0.0,0,0,0.0,0,0,0,0,0,0,0,nba_boxscorematchupsv3
1,2024-25,Playoffs,NBA Finals,2025_okc_ind_api_20261005,0042400406,6,2025-06-19,1610612760,OKC,1629026,Kenrich Williams,1610612754,IND,1627783,Pascal Siakam,101,9.5,14.574309999999999,28.531069999999996,42.0,0,7,0,0,0,0,0,1,0.0,0,1,0.0,0,0,0,0,0,0,0,nba_boxscorematchupsv3
1,2024-25,Playoffs,NBA Finals,2025_okc_ind_api_20261005,0042400406,6,2025-06-19,1610612760,OKC,1629026,Kenrich Williams,1610612754,IND,1630167,Obi Toppin,51,6.7,11.062909999999999,14.40678,28.7,3,8,0,0,0,0,1,1,100.0,1,1,100.0,0,0,0,0,0,0,0,nba_boxscorematchupsv3
1,2024-25,Playoffs,NBA Finals,2025_okc_ind_api_20261005,0042400406,6,2025-06-19,1610612760,OKC,1629026,Kenrich Williams,1610612754,IND,1626167,Myles Turner,33,2.6,5.9034,9.32203,15.299999999999999,0,2,0,0,0,0,0,0,0.0,0,0,0.0,0,0,0,0,0,0,0,nba_boxscorematchupsv3
1,2024-25,Playoffs,NBA Finals,2025_okc_ind_api_20261005,0042400406,6,2025-06-19,1610612760,OKC,1630198,Isaiah Joe,1610612754,IND,1628396,Tony Bradley,1,0.1,0.89286,0.33222999999999997,3.3000000000000003,0,0,0,0,0,0,0,0,0.0,0,0,0.0,0,0,0,0,0,0,0,nba_boxscorematchupsv3
1,2024-25,Playoffs,NBA Finals,2025_okc_ind_api_20261005,0042400406,6,2025-06-19,1610612760,OKC,1630198,Isaiah Joe,1610612754,IND,1628418,Thomas Bryant,5,0.6,4.16667,1.66113,4.3999999999999995,0,0,0,0,0,0,0,0,0.0,0,0,0.0,0,0,0,0,0,0,0,nba_boxscorematchupsv3
1,2024-25,Playoffs,NBA Finals,2025_okc_ind_api_20261005,0042400406,6,2025-06-19,1610612760,OKC,1630198,Isaiah Joe,1610612754,IND,1642277,Johnny Furphy,10,0.7,9.090910000000001,3.32226,7.3,0,0,0,0,0,0,0,0,0.0,0,0,0.0,0,0,0,0,0,0,0,nba_boxscorematchupsv3
1,2024-25,Playoffs,NBA Finals,2025_okc_ind_api_20261005,0042400406,6,2025-06-19,1610612760,OKC,1630198,Isaiah Joe,1610612754,IND,1630169,Tyrese Haliburton,56,2.8,11.49897,18.60465,70.3,0,0,0,0,1,0,0,0,0.0,0,0,0.0,0,0,0,0,0,0,0,nba_boxscorematchupsv3
1,2024-25,Playoffs,NBA Finals,2025_okc_ind_api_20261005,0042400406,6,2025-06-19,1610612760,OKC,1630198,Isaiah Joe,1610612754,IND,1631097,Bennedict Mathurin,18,2.7,6.741569999999999,5.9800699999999996,15.8,3,6,0,0,0,0,1,1,100.0,1,1,100.0,0,0,0,0,0,0,0,nba_boxscorematchupsv3
1,2024-25,Playoffs,NBA Finals,2025_okc_ind_api_20261005,0042400406,6,2025-06-19,1610612760,OKC,1630198,Isaiah Joe,1610612754,IND,204456,T.J. McConnell,37,1.5,7.85563,12.292359999999999,20.7,0,2,0,0,0,0,0,0,0.0,0,0,0.0,0,0,0,0,0,0,0,nba_boxscorematchupsv3
1,2024-25,Playoffs,NBA Finals,2025_okc_ind_api_20261005,0042400406,6,2025-06-19,1610612760,OKC,1630198,Isaiah Joe,1610612754,IND,1629614,Andrew Nembhard,6,0.4,0.87209,1.99336,5.4,3,3,0,0,0,0,1,1,100.0,1,1,100.0,0,0,0,0,0,0,0,nba_boxscorematchupsv3
1,2024-25,Playoffs,NBA Finals,2025_okc_ind_api_20261005,0042400406,6,2025-06-19,1610612760,OKC,1630198,Isaiah Joe,1610612754,IND,1630174,Aaron Nesmith,21,3.3,3.8817,6.9767399999999995,21.6,0,2,0,0,0,0,0,0,0.0,0,0,0.0,0,0,0,0,0,0,0,nba_boxscorematchupsv3
1,2024-25,Playoffs,NBA Finals,2025_okc_ind_api_20261005,0042400406,6,2025-06-19,1610612760,OKC,1630198,Isaiah Joe,1610612754,IND,1641767,Ben Sheppard,96,11.1,23.07692,31.893690000000003,42.699999999999996,4,14,0,0,0,0,1,2,50.0,0,1,0.0,2,2,1,0,0,0,0,nba_boxscorematchupsv3
1,2024-25,Playoffs,NBA Finals,2025_okc_ind_api_20261005,0042400406,6,2025-06-19,1610612760,OKC,1630198,Isaiah Joe,1610612754,IND,1627783,Pascal Siakam,10,1.7,1.443,3.32226,14.000000000000002,0,0,0,0,0,0,0,0,0.0,0,0,0.0,0,0,0,0,0,0,0,nba_boxscorematchupsv3
1,2024-25,Playoffs,NBA Finals,2025_okc_ind_api_20261005,0042400406,6,2025-06-19,1610612760,OKC,1630198,Isaiah Joe,1610612754,IND,1630167,Obi Toppin,30,2.7,6.50759,9.96678,14.099999999999998,0,2,1,0,0,0,0,0,0.0,0,0,0.0,0,0,0,0,0,0,0,nba_boxscorematchupsv3
1,2024-25,Playoffs,NBA Finals,2025_okc_ind_api_20261005,0042400406,6,2025-06-19,1610612760,OKC,1630198,Isaiah Joe,1610612754,IND,1626167,Myles Turner,11,1.4,1.9678,3.65449,9.5,0,0,0,0,0,0,0,0,0.0,0,0,0.0,0,0,0,0,0,0,0,nba_boxscorematchupsv3
1,2024-25,Playoffs,NBA Finals,2025_okc_ind_api_20261005,0042400406,6,2025-06-19,1610612760,OKC,1642349,Ajay Mitchell,1610612754,IND,1628418,Thomas Bryant,4,0.6,3.33333,1.64609,5.5,0,0,1,0,0,0,0,0,0.0,0,0,0.0,0,0,0,0,0,0,0,nba_boxscorematchupsv3
1,2024-25,Playoffs,NBA Finals,2025_okc_ind_api_20261005,0042400406,6,2025-06-19,1610612760,OKC,1642349,Ajay Mitchell,1610612754,IND,1642277,Johnny Furphy,65,5.5,59.090909999999994,26.74897,59.0,2,12,1,0,0,0,1,4,25.0,0,1,0.0,0,0,0,0,0,0,0,nba_boxscorematchupsv3
1,2024-25,Playoffs,NBA Finals,2025_okc_ind_api_20261005,0042400406,6,2025-06-19,1610612760,OKC,1642349,Ajay Mitchell,1610612754,IND,1631097,Bennedict Mathurin,16,2.7,5.99251,6.58436,13.4,0,3,1,0,0,0,0,0,0.0,0,0,0.0,0,0,0,0,0,0,0,nba_boxscorematchupsv3
1,2024-25,Playoffs,NBA Finals,2025_okc_ind_api_20261005,0042400406,6,2025-06-19,1610612760,OKC,1642349,Ajay Mitchell,1610612754,IND,204456,T.J. McConnell,22,4.8,4.67091,9.0535,18.5,0,0,0,0,1,0,0,0,0.0,0,0,0.0,0,0,0,0,0,0,0,nba_boxscorematchupsv3
1,2024-25,Playoffs,NBA Finals,2025_okc_ind_api_20261005,0042400406,6,2025-06-19,1610612760,OKC,1642349,Ajay Mitchell,1610612754,IND,1629614,Andrew Nembhard,10,1.8,1.45349,4.11523,56.00000000000001,0,0,0,0,0,0,0,0,0.0,0,0,0.0,0,0,0,0,0,0,0,nba_boxscorematchupsv3
1,2024-25,Playoffs,NBA Finals,2025_okc_ind_api_20261005,0042400406,6,2025-06-19,1610612760,OKC,1642349,Ajay Mitchell,1610612754,IND,1630174,Aaron Nesmith,25,0.9,4.6210700000000005,10.288070000000001,32.2,0,0,0,0,0,0,0,0,0.0,0,0,0.0,0,0,0,0,0,0,0,nba_boxscorematchupsv3
1,2024-25,Playoffs,NBA Finals,2025_okc_ind_api_20261005,0042400406,6,2025-06-19,1610612760,OKC,1642349,Ajay Mitchell,1610612754,IND,1641767,Ben Sheppard,79,6.1,18.990380000000002,32.51029,29.799999999999997,0,5,0,0,1,0,0,0,0.0,0,0,0.0,0,0,0,0,0,0,0,nba_boxscorematchupsv3
1,2024-25,Playoffs,NBA Finals,2025_okc_ind_api_20261005,0042400406,6,2025-06-19,1610612760,OKC,1642349,Ajay Mitchell,1610612754,IND,1627783,Pascal Siakam,8,1.2,1.1544,3.29218,8.3,0,3,0,0,0,0,0,0,0.0,0,0,0.0,0,0,0,0,0,0,0,nba_boxscorematchupsv3
1,2024-25,Playoffs,NBA Finals,2025_okc_ind_api_20261005,0042400406,6,2025-06-19,1610612760,OKC,1642349,Ajay Mitchell,1610612754,IND,1630167,Obi Toppin,2,0.5,0.43384,0.82305,2.4,0,0,0,0,0,0,0,0,0.0,0,0,0.0,0,0,0,0,0,0,0,nba_boxscorematchupsv3
1,2024-25,Playoffs,NBA Finals,2025_okc_ind_api_20261005,0042400406,6,2025-06-19,1610612760,OKC,1642349,Ajay Mitchell,1610612754,IND,1626167,Myles Turner,12,1.7,2.14669,4.93827,14.2,0,0,0,0,0,0,0,0,0.0,0,0,0.0,0,0,0,0,0,0,0,nba_boxscorematchupsv3
1,2024-25,Playoffs,NBA Finals,2025_okc_ind_api_20261005,0042400406,6,2025-06-19,1610612760,OKC,1631119,Jaylin Williams,1610612754,IND,1628418,Thomas Bryant,87,6.7,72.5,38.32599,64.60000000000001,3,15,0,0,0,0,1,1,100.0,1,1,100.0,0,0,0,0,0,0,0,nba_boxscorematchupsv3
1,2024-25,Playoffs,NBA Finals,2025_okc_ind_api_20261005,0042400406,6,2025-06-19,1610612760,OKC,1631119,Jaylin Williams,1610612754,IND,1642277,Johnny Furphy,3,0.3,2.72727,1.3215899999999998,3.9,0,0,0,0,0,0,0,0,0.0,0,0,0.0,0,0,0,0,0,0,0,nba_boxscorematchupsv3
1,2024-25,Playoffs,NBA Finals,2025_okc_ind_api_20261005,0042400406,6,2025-06-19,1610612760,OKC,1631119,Jaylin Williams,1610612754,IND,201949,James Johnson,17,1.6,44.73684,7.488989999999999,33.6,0,0,0,0,0,0,0,0,0.0,0,0,0.0,0,0,0,0,0,0,0,nba_boxscorematchupsv3
1,2024-25,Playoffs,NBA Finals,2025_okc_ind_api_20261005,0042400406,6,2025-06-19,1610612760,OKC,1631119,Jaylin Williams,1610612754,IND,1631097,Bennedict Mathurin,17,2.4,6.36704,7.488989999999999,12.0,0,2,0,0,0,0,0,0,0.0,0,0,0.0,0,0,0,0,0,0,0,nba_boxscorematchupsv3
1,2024-25,Playoffs,NBA Finals,2025_okc_ind_api_20261005,0042400406,6,2025-06-19,1610612760,OKC,1631119,Jaylin Williams,1610612754,IND,204456,T.J. McConnell,2,1.0,0.42462999999999995,0.88106,4.5,0,0,0,0,0,0,0,0,0.0,0,0,0.0,0,0,0,0,0,0,0,nba_boxscorematchupsv3
1,2024-25,Playoffs,NBA Finals,2025_okc_ind_api_20261005,0042400406,6,2025-06-19,1610612760,OKC,1631119,Jaylin Williams,1610612754,IND,1630174,Aaron Nesmith,10,1.3,1.8484299999999998,4.40529,16.3,1,1,0,0,0,0,0,0,0.0,0,0,0.0,1,2,1,0,0,0,0,nba_boxscorematchupsv3
1,2024-25,Playoffs,NBA Finals,2025_okc_ind_api_20261005,0042400406,6,2025-06-19,1610612760,OKC,1631119,Jaylin Williams,1610612754,IND,1641767,Ben Sheppard,30,3.7,7.211539999999999,13.21586,11.0,0,8,0,0,0,0,0,1,0.0,0,1,0.0,0,0,0,0,0,0,0,nba_boxscorematchupsv3
1,2024-25,Playoffs,NBA Finals,2025_okc_ind_api_20261005,0042400406,6,2025-06-19,1610612760,OKC,1631119,Jaylin Williams,1610612754,IND,1627783,Pascal Siakam,11,1.2,1.5873000000000002,4.845809999999999,10.6,0,0,0,0,0,0,0,0,0.0,0,0,0.0,0,0,0,0,0,0,0,nba_boxscorematchupsv3
1,2024-25,Playoffs,NBA Finals,2025_okc_ind_api_20261005,0042400406,6,2025-06-19,1610612760,OKC,1631119,Jaylin Williams,1610612754,IND,1630167,Obi Toppin,23,3.2,4.9891499999999995,10.132159999999999,22.900000000000002,0,0,1,0,0,0,0,0,0.0,0,0,0.0,0,0,0,0,0,0,0,nba_boxscorematchupsv3
1,2024-25,Playoffs,NBA Finals,2025_okc_ind_api_20261005,0042400406,6,2025-06-19,1610612760,OKC,1631119,Jaylin Williams,1610612754,IND,1626167,Myles Turner,27,3.7,4.83005,11.89427,39.7,3,3,0,0,0,0,1,1,100.0,1,1,100.0,0,0,0,0,0,0,0,nba_boxscorematchupsv3
1,2024-25,Playoffs,NBA Finals,2025_okc_ind_api_20261005,0042400406,6,2025-06-19,1610612760,OKC,1641794,Dillon Jones,1610612754,IND,1628418,Thomas Bryant,2,1.1,1.6666699999999999,1.50376,2.7,0,0,0,0,0,0,0,0,0.0,0,0,0.0,0,0,0,0,0,0,0,nba_boxscorematchupsv3
1,2024-25,Playoffs,NBA Finals,2025_okc_ind_api_20261005,0042400406,6,2025-06-19,1610612760,OKC,1641794,Dillon Jones,1610612754,IND,1642277,Johnny Furphy,20,2.2,18.181820000000002,15.037590000000002,17.0,0,0,0,0,0,0,0,0,0.0,0,0,0.0,0,0,0,0,0,0,0,nba_boxscorematchupsv3
1,2024-25,Playoffs,NBA Finals,2025_okc_ind_api_20261005,0042400406,6,2025-06-19,1610612760,OKC,1641794,Dillon Jones,1610612754,IND,201949,James Johnson,19,2.0,50.0,14.285709999999998,48.6,0,5,0,0,0,0,0,0,0.0,0,0,0.0,0,0,0,0,0,0,0,nba_boxscorematchupsv3
1,2024-25,Playoffs,NBA Finals,2025_okc_ind_api_20261005,0042400406,6,2025-06-19,1610612760,OKC,1641794,Dillon Jones,1610612754,IND,1631097,Bennedict Mathurin,23,2.8,8.614230000000001,17.29323,17.9,4,4,0,0,0,0,2,2,100.0,0,0,0.0,0,0,0,0,0,0,0,nba_boxscorematchupsv3
1,2024-25,Playoffs,NBA Finals,2025_okc_ind_api_20261005,0042400406,6,2025-06-19,1610612760,OKC,1641794,Dillon Jones,1610612754,IND,204456,T.J. McConnell,12,1.3,2.54777,9.02256,43.5,0,0,0,0,0,0,0,0,0.0,0,0,0.0,0,0,0,0,0,0,0,nba_boxscorematchupsv3
1,2024-25,Playoffs,NBA Finals,2025_okc_ind_api_20261005,0042400406,6,2025-06-19,1610612760,OKC,1641794,Dillon Jones,1610612754,IND,1641767,Ben Sheppard,2,0.6,0.48077,1.50376,3.0,0,0,0,0,0,0,0,0,0.0,0,0,0.0,0,0,0,0,0,0,0,nba_boxscorematchupsv3
1,2024-25,Playoffs,NBA Finals,2025_okc_ind_api_20261005,0042400406,6,2025-06-19,1610612760,OKC,1641794,Dillon Jones,1610612754,IND,1630167,Obi Toppin,55,3.9,11.93059,41.35338,57.49999999999999,0,8,0,0,1,0,0,0,0.0,0,0,0.0,0,0,0,0,0,0,0,nba_boxscorematchupsv3
1,2024-25,Playoffs,NBA Finals,2025_okc_ind_api_20261005,0042400406,6,2025-06-19,1610612760,OKC,1631172,Ousmane Dieng,1610612754,IND,1628418,Thomas Bryant,22,2.6,18.33333,33.33333,37.7,0,2,0,0,0,0,0,1,0.0,0,1,0.0,0,0,0,0,0,0,0,nba_boxscorematchupsv3
1,2024-25,Playoffs,NBA Finals,2025_okc_ind_api_20261005,0042400406,6,2025-06-19,1610612760,OKC,1631172,Ousmane Dieng,1610612754,IND,1642277,Johnny Furphy,12,1.3,10.90909,18.181820000000002,22.900000000000002,3,3,0,0,0,0,1,1,100.0,1,1,100.0,0,0,0,0,0,0,0,nba_boxscorematchupsv3
1,2024-25,Playoffs,NBA Finals,2025_okc_ind_api_20261005,0042400406,6,2025-06-19,1610612760,OKC,1631172,Ousmane Dieng,1610612754,IND,201949,James Johnson,2,0.1,5.26316,3.0303,7.6,0,0,0,0,0,0,0,0,0.0,0,0,0.0,0,0,0,0,0,0,0,nba_boxscorematchupsv3
1,2024-25,Playoffs,NBA Finals,2025_okc_ind_api_20261005,0042400406,6,2025-06-19,1610612760,OKC,1631172,Ousmane Dieng,1610612754,IND,1631097,Bennedict Mathurin,30,1.6,11.23596,45.45455,29.299999999999997,0,0,0,0,0,1,0,1,0.0,0,0,0.0,0,0,0,0,0,0,0,nba_boxscorematchupsv3
1,2024-25,Playoffs,NBA Finals,2025_okc_ind_api_20261005,0042400407,7,2025-06-22,1610612760,OKC,1631114,Jalen Williams,1610612754,IND,1628396,Tony Bradley,42,1.8,30.21583,4.40252,26.700000000000003,0,4,1,0,0,0,0,2,0.0,0,1,0.0,0,0,0,0,0,0,0,nba_boxscorematchupsv3
1,2024-25,Playoffs,NBA Finals,2025_okc_ind_api_20261005,0042400407,7,2025-06-22,1610612760,OKC,1631114,Jalen Williams,1610612754,IND,1628418,Thomas Bryant,2,0.0,6.66667,0.20964,10.4,2,2,0,0,0,0,1,1,100.0,0,0,0.0,0,0,0,0,0,0,0,nba_boxscorematchupsv3
1,2024-25,Playoffs,NBA Finals,2025_okc_ind_api_20261005,0042400407,7,2025-06-22,1610612760,OKC,1631114,Jalen Williams,1610612754,IND,1630169,Tyrese Haliburton,9,0.3,5.8441600000000005,0.9434,4.3999999999999995,0,3,0,0,0,0,0,0,0.0,0,0,0.0,0,0,0,0,0,0,0,nba_boxscorematchupsv3
1,2024-25,Playoffs,NBA Finals,2025_okc_ind_api_20261005,0042400407,7,2025-06-22,1610612760,OKC,1631114,Jalen Williams,1610612754,IND,1631097,Bennedict Mathurin,170,9.0,19.76744,17.81971,23.400000000000002,2,7,0,0,0,0,0,0,0.0,0,0,0.0,2,2,0,0,0,0,0,nba_boxscorematchupsv3
1,2024-25,Playoffs,NBA Finals,2025_okc_ind_api_20261005,0042400407,7,2025-06-22,1610612760,OKC,1631114,Jalen Williams,1610612754,IND,204456,T.J. McConnell,62,2.8,8.69565,6.498950000000001,10.0,3,8,0,0,0,0,1,3,33.300000000000004,1,3,33.300000000000004,0,0,0,0,0,0,0,nba_boxscorematchupsv3
1,2024-25,Playoffs,NBA Finals,2025_okc_ind_api_20261005,0042400407,7,2025-06-22,1610612760,OKC,1631114,Jalen Williams,1610612754,IND,1629614,Andrew Nembhard,98,6.9,11.13636,10.27254,13.3,2,10,0,0,0,0,1,2,50.0,0,1,0.0,0,0,0,0,0,0,0,nba_boxscorematchupsv3
1,2024-25,Playoffs,NBA Finals,2025_okc_ind_api_20261005,0042400407,7,2025-06-22,1610612760,OKC,1631114,Jalen Williams,1610612754,IND,1630174,Aaron Nesmith,285,19.1,39.91597,29.87421,44.4,3,17,1,0,1,2,1,3,33.300000000000004,1,1,100.0,0,0,0,0,0,0,0,nba_boxscorematchupsv3
1,2024-25,Playoffs,NBA Finals,2025_okc_ind_api_20261005,0042400407,7,2025-06-22,1610612760,OKC,1631114,Jalen Williams,1610612754,IND,1641767,Ben Sheppard,54,3.8,12.61682,5.66038,15.6,3,3,0,0,0,0,1,2,50.0,0,0,0.0,1,2,1,0,0,0,0,nba_boxscorematchupsv3
1,2024-25,Playoffs,NBA Finals,2025_okc_ind_api_20261005,0042400407,7,2025-06-22,1610612760,OKC,1631114,Jalen Williams,1610612754,IND,1627783,Pascal Siakam,173,15.6,18.845319999999997,18.13417,24.6,1,11,0,0,0,0,0,4,0.0,0,1,0.0,1,2,0,0,0,0,0,nba_boxscorematchupsv3
1,2024-25,Playoffs,NBA Finals,2025_okc_ind_api_20261005,0042400407,7,2025-06-22,1610612760,OKC,1631114,Jalen Williams,1610612754,IND,1630167,Obi Toppin,19,2.8,3.6965,1.9916099999999999,10.7,0,2,0,0,0,0,0,0,0.0,0,0,0.0,0,0,0,0,0,0,0,nba_boxscorematchupsv3
1,2024-25,Playoffs,NBA Finals,2025_okc_ind_api_20261005,0042400407,7,2025-06-22,1610612760,OKC,1631114,Jalen Williams,1610612754,IND,1626167,Myles Turner,40,3.6,7.57576,4.19287,9.0,4,4,0,0,0,0,2,2,100.0,0,0,0.0,0,0,0,0,0,0,0,nba_boxscorematchupsv3
1,2024-25,Playoffs,NBA Finals,2025_okc_ind_api_20261005,0042400407,7,2025-06-22,1610612760,OKC,1631096,Chet Holmgren,1610612754,IND,1631097,Bennedict Mathurin,73,3.4,8.48837,9.31122,10.8,5,7,0,0,0,0,2,2,100.0,1,1,100.0,0,0,0,0,0,0,0,nba_boxscorematchupsv3
1,2024-25,Playoffs,NBA Finals,2025_okc_ind_api_20261005,0042400407,7,2025-06-22,1610612760,OKC,1631096,Chet Holmgren,1610612754,IND,204456,T.J. McConnell,44,3.6,6.17111,5.61224,10.7,1,4,0,0,0,1,0,0,0.0,0,0,0.0,1,2,1,0,0,0,0,nba_boxscorematchupsv3
1,2024-25,Playoffs,NBA Finals,2025_okc_ind_api_20261005,0042400407,7,2025-06-22,1610612760,OKC,1631096,Chet Holmgren,1610612754,IND,1629614,Andrew Nembhard,18,3.2,2.04545,2.2959199999999997,4.7,2,5,0,0,0,0,1,1,100.0,0,0,0.0,0,0,0,0,0,0,0,nba_boxscorematchupsv3
1,2024-25,Playoffs,NBA Finals,2025_okc_ind_api_20261005,0042400407,7,2025-06-22,1610612760,OKC,1631096,Chet Holmgren,1610612754,IND,1630174,Aaron Nesmith,40,2.6,5.60224,5.10204,7.3999999999999995,1,3,0,0,0,0,0,0,0.0,0,0,0.0,1,2,0,0,0,0,0,nba_boxscorematchupsv3
1,2024-25,Playoffs,NBA Finals,2025_okc_ind_api_20261005,0042400407,7,2025-06-22,1610612760,OKC,1631096,Chet Holmgren,1610612754,IND,1641767,Ben Sheppard,8,0.2,1.86916,1.02041,4.3999999999999995,0,2,0,0,0,0,0,0,0.0,0,0,0.0,0,0,0,0,0,0,0,nba_boxscorematchupsv3
1,2024-25,Playoffs,NBA Finals,2025_okc_ind_api_20261005,0042400407,7,2025-06-22,1610612760,OKC,1631096,Chet Holmgren,1610612754,IND,1627783,Pascal Siakam,245,15.3,26.688450000000003,31.25,35.099999999999994,2,4,0,0,0,0,1,2,50.0,0,0,0.0,0,0,0,0,0,0,0,nba_boxscorematchupsv3
1,2024-25,Playoffs,NBA Finals,2025_okc_ind_api_20261005,0042400407,7,2025-06-22,1610612760,OKC,1631096,Chet Holmgren,1610612754,IND,1630167,Obi Toppin,141,8.2,27.43191,17.98469,44.0,4,9,0,0,0,0,1,1,100.0,0,0,0.0,2,2,0,0,0,0,0,nba_boxscorematchupsv3
1,2024-25,Playoffs,NBA Finals,2025_okc_ind_api_20261005,0042400407,7,2025-06-22,1610612760,OKC,1631096,Chet Holmgren,1610612754,IND,1626167,Myles Turner,215,14.0,40.719699999999996,27.42347,54.900000000000006,3,23,0,0,0,0,1,2,50.0,0,1,0.0,1,2,1,0,0,0,0,nba_boxscorematchupsv3
1,2024-25,Playoffs,NBA Finals,2025_okc_ind_api_20261005,0042400407,7,2025-06-22,1610612760,OKC,1628392,Isaiah Hartenstein,1610612754,IND,1628396,Tony Bradley,69,4.8,49.64029,15.71754,52.2,0,3,0,0,0,0,0,1,0.0,0,0,0.0,0,2,1,0,0,0,0,nba_boxscorematchupsv3
1,2024-25,Playoffs,NBA Finals,2025_okc_ind_api_20261005,0042400407,7,2025-06-22,1610612760,OKC,1628392,Isaiah Hartenstein,1610612754,IND,1628418,Thomas Bryant,11,0.0,36.66667,2.50569,89.60000000000001,0,0,0,0,0,0,0,0,0.0,0,0,0.0,0,0,0,0,0,0,0,nba_boxscorematchupsv3
1,2024-25,Playoffs,NBA Finals,2025_okc_ind_api_20261005,0042400407,7,2025-06-22,1610612760,OKC,1628392,Isaiah Hartenstein,1610612754,IND,1630169,Tyrese Haliburton,8,0.4,5.1948099999999995,1.82232,6.0,0,4,1,0,0,0,0,0,0.0,0,0,0.0,0,0,0,0,0,0,0,nba_boxscorematchupsv3
1,2024-25,Playoffs,NBA Finals,2025_okc_ind_api_20261005,0042400407,7,2025-06-22,1610612760,OKC,1628392,Isaiah Hartenstein,1610612754,IND,1631097,Bennedict Mathurin,41,3.0,4.76744,9.339409999999999,15.8,0,4,0,0,0,0,0,0,0.0,0,0,0.0,0,0,0,0,0,0,0,nba_boxscorematchupsv3
1,2024-25,Playoffs,NBA Finals,2025_okc_ind_api_20261005,0042400407,7,2025-06-22,1610612760,OKC,1628392,Isaiah Hartenstein,1610612754,IND,204456,T.J. McConnell,11,2.2,1.54278,2.50569,9.0,0,2,0,0,0,0,0,0,0.0,0,0,0.0,0,0,0,0,0,0,0,nba_boxscorematchupsv3
1,2024-25,Playoffs,NBA Finals,2025_okc_ind_api_20261005,0042400407,7,2025-06-22,1610612760,OKC,1628392,Isaiah Hartenstein,1610612754,IND,1629614,Andrew Nembhard,35,3.2,3.9772700000000003,7.97267,12.0,2,10,0,0,0,0,1,1,100.0,0,0,0.0,0,0,0,0,0,0,0,nba_boxscorematchupsv3
1,2024-25,Playoffs,NBA Finals,2025_okc_ind_api_20261005,0042400407,7,2025-06-22,1610612760,OKC,1628392,Isaiah Hartenstein,1610612754,IND,1630174,Aaron Nesmith,8,1.1,1.12045,1.82232,6.6000000000000005,0,0,0,0,0,0,0,0,0.0,0,0,0.0,0,0,0,0,0,0,0,nba_boxscorematchupsv3
1,2024-25,Playoffs,NBA Finals,2025_okc_ind_api_20261005,0042400407,7,2025-06-22,1610612760,OKC,1628392,Isaiah Hartenstein,1610612754,IND,1641767,Ben Sheppard,8,0.6,1.86916,1.82232,6.800000000000001,0,0,1,0,0,0,0,0,0.0,0,0,0.0,0,0,0,0,0,0,0,nba_boxscorematchupsv3
1,2024-25,Playoffs,NBA Finals,2025_okc_ind_api_20261005,0042400407,7,2025-06-22,1610612760,OKC,1628392,Isaiah Hartenstein,1610612754,IND,1627783,Pascal Siakam,77,5.5,8.387799999999999,17.539859999999997,22.2,2,6,1,0,0,0,1,1,100.0,0,0,0.0,0,0,0,0,0,0,0,nba_boxscorematchupsv3
1,2024-25,Playoffs,NBA Finals,2025_okc_ind_api_20261005,0042400407,7,2025-06-22,1610612760,OKC,1628392,Isaiah Hartenstein,1610612754,IND,1630167,Obi Toppin,31,2.4,6.03113,7.0615,21.7,1,1,0,0,0,0,0,0,0.0,0,0,0.0,1,1,1,0,0,0,0,nba_boxscorematchupsv3
1,2024-25,Playoffs,NBA Finals,2025_okc_ind_api_20261005,0042400407,7,2025-06-22,1610612760,OKC,1628392,Isaiah Hartenstein,1610612754,IND,1626167,Myles Turner,140,8.2,26.51515,31.890659999999997,60.699999999999996,2,4,0,0,0,0,1,1,100.0,0,0,0.0,0,0,0,0,0,0,0,nba_boxscorematchupsv3
1,2024-25,Playoffs,NBA Finals,2025_okc_ind_api_20261005,0042400407,7,2025-06-22,1610612760,OKC,1629652,Luguentz Dort,1610612754,IND,1628396,Tony Bradley,4,0.5,2.8777,0.47790000000000005,23.599999999999998,0,0,0,0,0,0,0,1,0.0,0,1,0.0,0,0,0,0,0,0,0,nba_boxscorematchupsv3
1,2024-25,Playoffs,NBA Finals,2025_okc_ind_api_20261005,0042400407,7,2025-06-22,1610612760,OKC,1629652,Luguentz Dort,1610612754,IND,1630169,Tyrese Haliburton,121,9.2,78.57142999999999,14.456389999999999,76.1,0,6,0,0,0,0,0,0,0.0,0,0,0.0,0,0,0,0,0,0,0,nba_boxscorematchupsv3
1,2024-25,Playoffs,NBA Finals,2025_okc_ind_api_20261005,0042400407,7,2025-06-22,1610612760,OKC,1629652,Luguentz Dort,1610612754,IND,1631097,Bennedict Mathurin,118,8.5,13.720930000000001,14.097970000000002,21.6,0,8,0,0,0,0,0,1,0.0,0,1,0.0,0,0,0,0,0,0,0,nba_boxscorematchupsv3
1,2024-25,Playoffs,NBA Finals,2025_okc_ind_api_20261005,0042400407,7,2025-06-22,1610612760,OKC,1629652,Luguentz Dort,1610612754,IND,204456,T.J. McConnell,120,11.1,16.83029,14.336920000000001,28.1,0,4,0,0,0,0,0,1,0.0,0,1,0.0,0,0,0,0,0,0,0,nba_boxscorematchupsv3
1,2024-25,Playoffs,NBA Finals,2025_okc_ind_api_20261005,0042400407,7,2025-06-22,1610612760,OKC,1629652,Luguentz Dort,1610612754,IND,1629614,Andrew Nembhard,74,5.2,8.409089999999999,8.8411,9.2,3,6,0,0,0,0,1,2,50.0,1,2,50.0,0,0,0,0,0,0,0,nba_boxscorematchupsv3
1,2024-25,Playoffs,NBA Finals,2025_okc_ind_api_20261005,0042400407,7,2025-06-22,1610612760,OKC,1629652,Luguentz Dort,1610612754,IND,1630174,Aaron Nesmith,47,3.6,6.58263,5.61529,6.9,0,2,0,0,0,0,0,1,0.0,0,1,0.0,0,0,0,0,0,0,0,nba_boxscorematchupsv3
1,2024-25,Playoffs,NBA Finals,2025_okc_ind_api_20261005,0042400407,7,2025-06-22,1610612760,OKC,1629652,Luguentz Dort,1610612754,IND,1641767,Ben Sheppard,46,4.1,10.74766,5.49582,43.7,0,0,0,0,0,0,0,1,0.0,0,1,0.0,0,0,0,0,0,0,0,nba_boxscorematchupsv3
1,2024-25,Playoffs,NBA Finals,2025_okc_ind_api_20261005,0042400407,7,2025-06-22,1610612760,OKC,1629652,Luguentz Dort,1610612754,IND,1627783,Pascal Siakam,153,8.6,16.66667,18.27957,22.3,4,11,0,0,0,0,1,1,100.0,1,1,100.0,1,2,1,0,0,0,0,nba_boxscorematchupsv3
1,2024-25,Playoffs,NBA Finals,2025_okc_ind_api_20261005,0042400407,7,2025-06-22,1610612760,OKC,1629652,Luguentz Dort,1610612754,IND,1630167,Obi Toppin,110,6.2,21.40078,13.14217,33.300000000000004,0,7,0,0,0,0,0,0,0.0,0,0,0.0,0,0,0,0,0,0,0,nba_boxscorematchupsv3
1,2024-25,Playoffs,NBA Finals,2025_okc_ind_api_20261005,0042400407,7,2025-06-22,1610612760,OKC,1629652,Luguentz Dort,1610612754,IND,1626167,Myles Turner,44,3.9,8.33333,5.25687,9.2,2,12,0,0,0,0,1,2,50.0,0,1,0.0,0,0,0,0,0,0,0,nba_boxscorematchupsv3
1,2024-25,Playoffs,NBA Finals,2025_okc_ind_api_20261005,0042400407,7,2025-06-22,1610612760,OKC,1628983,Shai Gilgeous-Alexander,1610612754,IND,1630169,Tyrese Haliburton,3,0.6,1.94805,0.30303,4.1000000000000005,0,3,1,0,0,0,0,0,0.0,0,0,0.0,0,0,0,0,0,0,0,nba_boxscorematchupsv3
1,2024-25,Playoffs,NBA Finals,2025_okc_ind_api_20261005,0042400407,7,2025-06-22,1610612760,OKC,1628983,Shai Gilgeous-Alexander,1610612754,IND,1631097,Bennedict Mathurin,76,6.4,8.837209999999999,7.676769999999999,12.4,0,6,1,0,0,0,0,3,0.0,0,2,0.0,0,0,0,0,0,0,0,nba_boxscorematchupsv3
1,2024-25,Playoffs,NBA Finals,2025_okc_ind_api_20261005,0042400407,7,2025-06-22,1610612760,OKC,1628983,Shai Gilgeous-Alexander,1610612754,IND,204456,T.J. McConnell,120,8.1,16.83029,12.12121,19.8,0,5,2,0,1,0,0,4,0.0,0,2,0.0,0,0,0,0,0,0,0,nba_boxscorematchupsv3
1,2024-25,Playoffs,NBA Finals,2025_okc_ind_api_20261005,0042400407,7,2025-06-22,1610612760,OKC,1628983,Shai Gilgeous-Alexander,1610612754,IND,1629614,Andrew Nembhard,526,37.5,59.772729999999996,53.13131,57.9,10,23,2,0,0,0,2,11,18.2,0,4,0.0,6,6,2,0,0,0,0,nba_boxscorematchupsv3
1,2024-25,Playoffs,NBA Finals,2025_okc_ind_api_20261005,0042400407,7,2025-06-22,1610612760,OKC,1628983,Shai Gilgeous-Alexander,1610612754,IND,1630174,Aaron Nesmith,132,9.3,18.48739,13.333329999999998,19.900000000000002,11,16,0,0,0,0,3,5,60.0,1,2,50.0,4,4,1,0,0,0,0,nba_boxscorematchupsv3
1,2024-25,Playoffs,NBA Finals,2025_okc_ind_api_20261005,0042400407,7,2025-06-22,1610612760,OKC,1628983,Shai Gilgeous-Alexander,1610612754,IND,1641767,Ben Sheppard,47,3.1,10.98131,4.74747,21.9,0,2,1,0,0,0,0,0,0.0,0,0,0.0,0,0,0,0,0,0,0,nba_boxscorematchupsv3
1,2024-25,Playoffs,NBA Finals,2025_okc_ind_api_20261005,0042400407,7,2025-06-22,1610612760,OKC,1628983,Shai Gilgeous-Alexander,1610612754,IND,1627783,Pascal Siakam,38,3.6,4.13943,3.8383800000000003,5.8999999999999995,5,17,2,0,0,1,2,2,100.0,1,1,100.0,0,0,0,0,0,0,0,nba_boxscorematchupsv3
1,2024-25,Playoffs,NBA Finals,2025_okc_ind_api_20261005,0042400407,7,2025-06-22,1610612760,OKC,1628983,Shai Gilgeous-Alexander,1610612754,IND,1630167,Obi Toppin,16,1.5,3.1128400000000003,1.6161600000000003,5.5,0,0,0,0,0,0,0,0,0.0,0,0,0.0,0,0,0,0,0,0,0,nba_boxscorematchupsv3
1,2024-25,Playoffs,NBA Finals,2025_okc_ind_api_20261005,0042400407,7,2025-06-22,1610612760,OKC,1628983,Shai Gilgeous-Alexander,1610612754,IND,1626167,Myles Turner,32,3.3,6.0606100000000005,3.2323200000000005,7.6,3,6,2,0,0,0,1,1,100.0,0,0,0.0,1,2,1,0,0,0,0,nba_boxscorematchupsv3
1,2024-25,Playoffs,NBA Finals,2025_okc_ind_api_20261005,0042400407,7,2025-06-22,1610612760,OKC,1627936,Alex Caruso,1610612754,IND,1628396,Tony Bradley,6,0.8,4.31655,0.7585299999999999,6.0,0,2,0,0,0,0,0,0,0.0,0,0,0.0,0,0,0,0,0,0,0,nba_boxscorematchupsv3
1,2024-25,Playoffs,NBA Finals,2025_okc_ind_api_20261005,0042400407,7,2025-06-22,1610612760,OKC,1627936,Alex Caruso,1610612754,IND,1630169,Tyrese Haliburton,2,0.4,1.2987,0.25284,4.2,0,0,0,0,0,0,0,1,0.0,0,0,0.0,0,0,0,0,0,0,0,nba_boxscorematchupsv3
1,2024-25,Playoffs,NBA Finals,2025_okc_ind_api_20261005,0042400407,7,2025-06-22,1610612760,OKC,1627936,Alex Caruso,1610612754,IND,1631097,Bennedict Mathurin,237,16.0,27.558139999999998,29.96207,33.1,2,12,0,0,0,0,1,1,100.0,0,0,0.0,0,0,0,0,0,0,0,nba_boxscorematchupsv3
1,2024-25,Playoffs,NBA Finals,2025_okc_ind_api_20261005,0042400407,7,2025-06-22,1610612760,OKC,1627936,Alex Caruso,1610612754,IND,204456,T.J. McConnell,43,4.7,6.03086,5.43616,14.799999999999999,2,5,0,0,0,0,1,1,100.0,0,0,0.0,0,0,0,0,0,0,0,nba_boxscorematchupsv3
1,2024-25,Playoffs,NBA Finals,2025_okc_ind_api_20261005,0042400407,7,2025-06-22,1610612760,OKC,1627936,Alex Caruso,1610612754,IND,1629614,Andrew Nembhard,48,3.0,5.454549999999999,6.06827,9.700000000000001,0,0,0,0,0,0,0,0,0.0,0,0,0.0,0,0,0,0,0,0,0,nba_boxscorematchupsv3
1,2024-25,Playoffs,NBA Finals,2025_okc_ind_api_20261005,0042400407,7,2025-06-22,1610612760,OKC,1627936,Alex Caruso,1610612754,IND,1630174,Aaron Nesmith,134,11.4,18.76751,16.94058,33.300000000000004,0,11,0,0,0,0,0,1,0.0,0,0,0.0,0,0,0,0,0,0,0,nba_boxscorematchupsv3
1,2024-25,Playoffs,NBA Finals,2025_okc_ind_api_20261005,0042400407,7,2025-06-22,1610612760,OKC,1627936,Alex Caruso,1610612754,IND,1641767,Ben Sheppard,144,9.0,33.64486,18.2048,32.5,0,8,0,0,0,0,0,1,0.0,0,1,0.0,0,0,0,0,0,0,0,nba_boxscorematchupsv3
1,2024-25,Playoffs,NBA Finals,2025_okc_ind_api_20261005,0042400407,7,2025-06-22,1610612760,OKC,1627936,Alex Caruso,1610612754,IND,1627783,Pascal Siakam,106,6.3,11.54684,13.40076,16.0,0,4,0,0,0,0,0,2,0.0,0,1,0.0,0,0,0,0,0,0,0,nba_boxscorematchupsv3
1,2024-25,Playoffs,NBA Finals,2025_okc_ind_api_20261005,0042400407,7,2025-06-22,1610612760,OKC,1627936,Alex Caruso,1610612754,IND,1630167,Obi Toppin,45,3.3,8.75486,5.689,13.3,6,10,0,0,0,0,2,3,66.7,2,3,66.7,0,0,0,0,0,0,0,nba_boxscorematchupsv3
1,2024-25,Playoffs,NBA Finals,2025_okc_ind_api_20261005,0042400407,7,2025-06-22,1610612760,OKC,1627936,Alex Caruso,1610612754,IND,1626167,Myles Turner,26,2.3,4.92424,3.28698,11.700000000000001,0,0,0,0,0,0,0,0,0.0,0,0,0.0,0,0,0,0,0,0,0,nba_boxscorematchupsv3
1,2024-25,Playoffs,NBA Finals,2025_okc_ind_api_20261005,0042400407,7,2025-06-22,1610612760,OKC,1641717,Cason Wallace,1610612754,IND,1628396,Tony Bradley,10,1.4,7.194240000000001,1.63399,7.199999999999999,0,0,0,0,0,0,0,0,0.0,0,0,0.0,0,0,0,0,0,0,0,nba_boxscorematchupsv3
1,2024-25,Playoffs,NBA Finals,2025_okc_ind_api_20261005,0042400407,7,2025-06-22,1610612760,OKC,1641717,Cason Wallace,1610612754,IND,1630169,Tyrese Haliburton,11,0.9,7.14286,1.79739,61.9,0,0,0,0,0,0,0,0,0.0,0,0,0.0,0,0,0,0,0,0,0,nba_boxscorematchupsv3
1,2024-25,Playoffs,NBA Finals,2025_okc_ind_api_20261005,0042400407,7,2025-06-22,1610612760,OKC,1641717,Cason Wallace,1610612754,IND,1631097,Bennedict Mathurin,68,4.0,7.90698,11.11111,15.1,0,5,0,0,0,0,0,0,0.0,0,0,0.0,0,0,0,0,0,0,0,nba_boxscorematchupsv3
1,2024-25,Playoffs,NBA Finals,2025_okc_ind_api_20261005,0042400407,7,2025-06-22,1610612760,OKC,1641717,Cason Wallace,1610612754,IND,204456,T.J. McConnell,255,13.2,35.76438,41.66667,47.699999999999996,0,17,0,0,0,0,0,0,0.0,0,0,0.0,0,0,0,0,0,0,0,nba_boxscorematchupsv3
1,2024-25,Playoffs,NBA Finals,2025_okc_ind_api_20261005,0042400407,7,2025-06-22,1610612760,OKC,1641717,Cason Wallace,1610612754,IND,1629614,Andrew Nembhard,57,4.5,6.47727,9.313730000000001,16.8,2,9,0,0,0,0,1,1,100.0,0,0,0.0,0,0,0,0,0,0,0,nba_boxscorematchupsv3
1,2024-25,Playoffs,NBA Finals,2025_okc_ind_api_20261005,0042400407,7,2025-06-22,1610612760,OKC,1641717,Cason Wallace,1610612754,IND,1630174,Aaron Nesmith,68,3.7,9.523810000000001,11.11111,21.6,2,2,0,0,0,0,1,2,50.0,0,1,0.0,0,0,0,0,0,0,0,nba_boxscorematchupsv3
1,2024-25,Playoffs,NBA Finals,2025_okc_ind_api_20261005,0042400407,7,2025-06-22,1610612760,OKC,1641717,Cason Wallace,1610612754,IND,1641767,Ben Sheppard,62,3.6,14.485980000000001,10.13072,18.2,3,7,0,0,0,0,1,1,100.0,1,1,100.0,0,0,0,0,0,0,0,nba_boxscorematchupsv3
1,2024-25,Playoffs,NBA Finals,2025_okc_ind_api_20261005,0042400407,7,2025-06-22,1610612760,OKC,1641717,Cason Wallace,1610612754,IND,1627783,Pascal Siakam,18,2.4,1.9607800000000002,2.9411799999999997,7.3,0,0,0,0,1,0,0,0,0.0,0,0,0.0,0,0,0,0,0,0,0,nba_boxscorematchupsv3
1,2024-25,Playoffs,NBA Finals,2025_okc_ind_api_20261005,0042400407,7,2025-06-22,1610612760,OKC,1641717,Cason Wallace,1610612754,IND,1630167,Obi Toppin,33,2.6,6.42023,5.39216,8.6,0,2,0,0,0,0,0,1,0.0,0,0,0.0,0,0,0,0,0,0,0,nba_boxscorematchupsv3
1,2024-25,Playoffs,NBA Finals,2025_okc_ind_api_20261005,0042400407,7,2025-06-22,1610612760,OKC,1641717,Cason Wallace,1610612754,IND,1626167,Myles Turner,30,3.5,5.68182,4.901960000000001,15.1,3,3,0,0,0,0,1,1,100.0,1,1,100.0,0,0,0,0,0,0,0,nba_boxscorematchupsv3
1,2024-25,Playoffs,NBA Finals,2025_okc_ind_api_20261005,0042400407,7,2025-06-22,1610612760,OKC,1629026,Kenrich Williams,1610612754,IND,1628418,Thomas Bryant,12,1.0,40.0,9.090910000000001,100.0,0,0,0,0,0,0,0,0,0.0,0,0,0.0,0,0,0,0,0,0,0,nba_boxscorematchupsv3
1,2024-25,Playoffs,NBA Finals,2025_okc_ind_api_20261005,0042400407,7,2025-06-22,1610612760,OKC,1629026,Kenrich Williams,1610612754,IND,1642277,Johnny Furphy,5,0.0,29.411759999999997,3.78788,0.0,0,0,0,0,0,0,0,0,0.0,0,0,0.0,0,0,0,0,0,0,0,nba_boxscorematchupsv3
1,2024-25,Playoffs,NBA Finals,2025_okc_ind_api_20261005,0042400407,7,2025-06-22,1610612760,OKC,1629026,Kenrich Williams,1610612754,IND,1631097,Bennedict Mathurin,25,1.7,2.90698,18.93939,17.599999999999998,0,4,0,0,0,0,0,0,0.0,0,0,0.0,0,0,0,0,0,0,0,nba_boxscorematchupsv3
1,2024-25,Playoffs,NBA Finals,2025_okc_ind_api_20261005,0042400407,7,2025-06-22,1610612760,OKC,1629026,Kenrich Williams,1610612754,IND,204456,T.J. McConnell,5,0.4,0.70126,3.78788,3.5999999999999996,0,0,0,0,0,0,0,0,0.0,0,0,0.0,0,0,0,0,0,0,0,nba_boxscorematchupsv3
1,2024-25,Playoffs,NBA Finals,2025_okc_ind_api_20261005,0042400407,7,2025-06-22,1610612760,OKC,1629026,Kenrich Williams,1610612754,IND,1641767,Ben Sheppard,5,0.9,1.16822,3.78788,5.1,0,0,0,0,0,0,0,0,0.0,0,0,0.0,0,0,0,0,0,0,0,nba_boxscorematchupsv3
1,2024-25,Playoffs,NBA Finals,2025_okc_ind_api_20261005,0042400407,7,2025-06-22,1610612760,OKC,1629026,Kenrich Williams,1610612754,IND,1627783,Pascal Siakam,62,3.4,6.7538100000000005,46.969699999999996,57.4,0,0,0,0,0,0,0,1,0.0,0,1,0.0,0,0,0,0,0,0,0,nba_boxscorematchupsv3
1,2024-25,Playoffs,NBA Finals,2025_okc_ind_api_20261005,0042400407,7,2025-06-22,1610612760,OKC,1629026,Kenrich Williams,1610612754,IND,1630167,Obi Toppin,18,1.1,3.5019500000000003,13.63636,16.400000000000002,0,0,0,0,0,0,0,0,0.0,0,0,0.0,0,0,0,0,0,0,0,nba_boxscorematchupsv3
1,2024-25,Playoffs,NBA Finals,2025_okc_ind_api_20261005,0042400407,7,2025-06-22,1610612760,OKC,1630598,Aaron Wiggins,1610612754,IND,1628396,Tony Bradley,8,0.5,5.7554,2.63158,8.4,0,0,0,0,0,0,0,0,0.0,0,0,0.0,0,0,0,0,0,0,0,nba_boxscorematchupsv3
1,2024-25,Playoffs,NBA Finals,2025_okc_ind_api_20261005,0042400407,7,2025-06-22,1610612760,OKC,1630598,Aaron Wiggins,1610612754,IND,1631097,Bennedict Mathurin,52,3.9,6.0465100000000005,17.10526,23.799999999999997,0,2,0,0,0,0,0,0,0.0,0,0,0.0,0,0,0,0,0,0,0,nba_boxscorematchupsv3
1,2024-25,Playoffs,NBA Finals,2025_okc_ind_api_20261005,0042400407,7,2025-06-22,1610612760,OKC,1630598,Aaron Wiggins,1610612754,IND,204456,T.J. McConnell,53,4.4,7.4333800000000005,17.43421,19.400000000000002,0,0,0,0,0,0,0,0,0.0,0,0,0.0,0,0,0,0,0,0,0,nba_boxscorematchupsv3
1,2024-25,Playoffs,NBA Finals,2025_okc_ind_api_20261005,0042400407,7,2025-06-22,1610612760,OKC,1630598,Aaron Wiggins,1610612754,IND,1629614,Andrew Nembhard,24,1.6,2.72727,7.8947400000000005,16.5,0,5,0,0,0,0,0,1,0.0,0,1,0.0,0,0,0,0,0,0,0,nba_boxscorematchupsv3
1,2024-25,Playoffs,NBA Finals,2025_okc_ind_api_20261005,0042400407,7,2025-06-22,1610612760,OKC,1630598,Aaron Wiggins,1610612754,IND,1641767,Ben Sheppard,37,3.7,8.64486,12.17105,23.200000000000003,0,2,0,0,0,0,0,0,0.0,0,0,0.0,0,0,0,0,0,0,0,nba_boxscorematchupsv3
1,2024-25,Playoffs,NBA Finals,2025_okc_ind_api_20261005,0042400407,7,2025-06-22,1610612760,OKC,1630598,Aaron Wiggins,1610612754,IND,1627783,Pascal Siakam,46,2.6,5.01089,15.13158,17.7,0,4,0,0,0,0,0,0,0.0,0,0,0.0,0,0,0,0,0,0,0,nba_boxscorematchupsv3
1,2024-25,Playoffs,NBA Finals,2025_okc_ind_api_20261005,0042400407,7,2025-06-22,1610612760,OKC,1630598,Aaron Wiggins,1610612754,IND,1630167,Obi Toppin,83,4.9,16.14786,27.30263,48.3,0,5,0,0,0,0,0,0,0.0,0,0,0.0,0,0,0,0,0,0,0,nba_boxscorematchupsv3
1,2024-25,Playoffs,NBA Finals,2025_okc_ind_api_20261005,0042400407,7,2025-06-22,1610612760,OKC,1630598,Aaron Wiggins,1610612754,IND,1626167,Myles Turner,1,0.2,0.18939,0.32894999999999996,4.2,0,0,0,0,0,0,0,0,0.0,0,0,0.0,0,0,0,0,0,0,0,nba_boxscorematchupsv3
1,2024-25,Playoffs,NBA Finals,2025_okc_ind_api_20261005,0042400407,7,2025-06-22,1610612760,OKC,1641794,Dillon Jones,1610612754,IND,1630167,Obi Toppin,17,0.0,3.3073900000000003,100.0,28.9,0,0,0,0,0,0,0,0,0.0,0,0,0.0,0,0,0,0,0,0,0,nba_boxscorematchupsv3
1,2024-25,Playoffs,NBA Finals,2025_okc_ind_api_20261005,0042400407,7,2025-06-22,1610612760,OKC,1642349,Ajay Mitchell,1610612754,IND,1628418,Thomas Bryant,3,0.0,10.0,17.64706,0.0,0,0,0,0,0,0,0,0,0.0,0,0,0.0,0,0,0,0,0,0,0,nba_boxscorematchupsv3
1,2024-25,Playoffs,NBA Finals,2025_okc_ind_api_20261005,0042400407,7,2025-06-22,1610612760,OKC,1642349,Ajay Mitchell,1610612754,IND,1641767,Ben Sheppard,13,1.0,3.0373799999999997,76.47059,100.0,0,0,0,0,0,0,0,0,0.0,0,0,0.0,0,0,0,0,0,0,0,nba_boxscorematchupsv3
1,2024-25,Playoffs,NBA Finals,2025_okc_ind_api_20261005,0042400407,7,2025-06-22,1610612760,OKC,1642349,Ajay Mitchell,1610612754,IND,1630167,Obi Toppin,1,0.0,0.19455,5.88235,0.0,0,0,0,0,0,0,0,0,0.0,0,0,0.0,0,0,0,0,0,0,0,nba_boxscorematchupsv3
1,2024-25,Playoffs,NBA Finals,2025_okc_ind_api_20261005,0042400407,7,2025-06-22,1610612760,OKC,1631172,Ousmane Dieng,1610612754,IND,1628418,Thomas Bryant,2,0.0,6.66667,11.11111,0.0,0,0,0,0,0,0,0,0,0.0,0,0,0.0,0,0,0,0,0,0,0,nba_boxscorematchupsv3
1,2024-25,Playoffs,NBA Finals,2025_okc_ind_api_20261005,0042400407,7,2025-06-22,1610612760,OKC,1631172,Ousmane Dieng,1610612754,IND,1642277,Johnny Furphy,12,1.0,70.58824,66.66667,69.8,0,0,0,0,0,0,0,0,0.0,0,0,0.0,0,0,0,0,0,0,0,nba_boxscorematchupsv3
1,2024-25,Playoffs,NBA Finals,2025_okc_ind_api_20261005,0042400407,7,2025-06-22,1610612760,OKC,1631172,Ousmane Dieng,1610612754,IND,1641767,Ben Sheppard,4,0.0,0.93458,22.22222,0.0,0,0,0,0,0,0,0,0,0.0,0,0,0.0,0,0,0,0,0,0,0,nba_boxscorematchupsv3
1,2024-25,Playoffs,NBA Finals,2025_okc_ind_api_20261005,0042400407,7,2025-06-22,1610612754,IND,1630174,Aaron Nesmith,1610612760,OKC,1627936,Alex Caruso,81,5.5,11.09589,13.02251,20.8,0,2,0,0,0,0,0,1,0.0,0,1,0.0,0,0,0,0,0,0,0,nba_boxscorematchupsv3
1,2024-25,Playoffs,NBA Finals,2025_okc_ind_api_20261005,0042400407,7,2025-06-22,1610612754,IND,1630174,Aaron Nesmith,1610612760,OKC,1629652,Luguentz Dort,65,6.3,8.87978,10.45016,10.7,0,2,0,0,0,0,0,0,0.0,0,0,0.0,0,0,0,0,0,0,0,nba_boxscorematchupsv3
1,2024-25,Playoffs,NBA Finals,2025_okc_ind_api_20261005,0042400407,7,2025-06-22,1610612754,IND,1630174,Aaron Nesmith,1610612760,OKC,1628983,Shai Gilgeous-Alexander,250,18.4,29.620849999999997,40.19293,40.6,3,21,0,0,0,1,1,3,33.300000000000004,1,2,50.0,0,0,0,0,0,0,0,nba_boxscorematchupsv3
1,2024-25,Playoffs,NBA Finals,2025_okc_ind_api_20261005,0042400407,7,2025-06-22,1610612754,IND,1630174,Aaron Nesmith,1610612760,OKC,1628392,Isaiah Hartenstein,3,0.7,0.72816,0.48231999999999997,4.7,0,0,0,0,0,0,0,0,0.0,0,0,0.0,0,0,0,0,0,0,0,nba_boxscorematchupsv3
1,2024-25,Playoffs,NBA Finals,2025_okc_ind_api_20261005,0042400407,7,2025-06-22,1610612754,IND,1630174,Aaron Nesmith,1610612760,OKC,1631096,Chet Holmgren,50,4.7,7.8003100000000005,8.03859,10.0,0,3,0,0,1,1,0,1,0.0,0,0,0.0,0,0,0,0,0,0,0,nba_boxscorematchupsv3
1,2024-25,Playoffs,NBA Finals,2025_okc_ind_api_20261005,0042400407,7,2025-06-22,1610612754,IND,1630174,Aaron Nesmith,1610612760,OKC,1641717,Cason Wallace,33,3.0,5.57432,5.305470000000001,12.2,0,2,0,0,0,0,0,0,0.0,0,0,0.0,0,0,0,0,0,0,0,nba_boxscorematchupsv3
1,2024-25,Playoffs,NBA Finals,2025_okc_ind_api_20261005,0042400407,7,2025-06-22,1610612754,IND,1630174,Aaron Nesmith,1610612760,OKC,1630598,Aaron Wiggins,5,0.1,1.6286599999999998,0.80386,6.3,0,0,0,0,0,0,0,0,0.0,0,0,0.0,0,0,0,0,0,0,0,nba_boxscorematchupsv3
1,2024-25,Playoffs,NBA Finals,2025_okc_ind_api_20261005,0042400407,7,2025-06-22,1610612754,IND,1630174,Aaron Nesmith,1610612760,OKC,1631114,Jalen Williams,135,13.2,17.088610000000003,21.70418,27.700000000000003,0,13,1,0,0,0,0,0,0.0,0,0,0.0,0,0,0,0,0,0,0,nba_boxscorematchupsv3
1,2024-25,Playoffs,NBA Finals,2025_okc_ind_api_20261005,0042400407,7,2025-06-22,1610612754,IND,1627783,Pascal Siakam,1610612760,OKC,1627936,Alex Caruso,132,11.9,18.08219,16.41791,24.3,2,10,0,0,1,1,1,2,50.0,0,0,0.0,0,1,1,0,0,0,0,nba_boxscorematchupsv3
1,2024-25,Playoffs,NBA Finals,2025_okc_ind_api_20261005,0042400407,7,2025-06-22,1610612754,IND,1627783,Pascal Siakam,1610612760,OKC,1629652,Luguentz Dort,101,7.2,13.797809999999998,12.562190000000001,19.0,0,9,2,0,0,0,0,0,0.0,0,0,0.0,0,0,0,0,0,0,0,nba_boxscorematchupsv3
1,2024-25,Playoffs,NBA Finals,2025_okc_ind_api_20261005,0042400407,7,2025-06-22,1610612754,IND,1627783,Pascal Siakam,1610612760,OKC,1628983,Shai Gilgeous-Alexander,53,4.7,6.2796199999999995,6.592040000000001,8.7,1,4,0,0,0,0,0,1,0.0,0,1,0.0,1,2,1,0,0,0,0,nba_boxscorematchupsv3
1,2024-25,Playoffs,NBA Finals,2025_okc_ind_api_20261005,0042400407,7,2025-06-22,1610612754,IND,1627783,Pascal Siakam,1610612760,OKC,1628392,Isaiah Hartenstein,75,4.4,18.20388,9.32836,20.0,3,5,0,0,0,0,1,1,100.0,1,1,100.0,0,0,0,0,0,0,0,nba_boxscorematchupsv3
1,2024-25,Playoffs,NBA Finals,2025_okc_ind_api_20261005,0042400407,7,2025-06-22,1610612754,IND,1627783,Pascal Siakam,1610612760,OKC,1631096,Chet Holmgren,116,9.2,18.096719999999998,14.42786,22.1,4,4,0,0,0,0,2,4,50.0,0,1,0.0,0,0,0,0,0,0,0,nba_boxscorematchupsv3
1,2024-25,Playoffs,NBA Finals,2025_okc_ind_api_20261005,0042400407,7,2025-06-22,1610612754,IND,1627783,Pascal Siakam,1610612760,OKC,1641717,Cason Wallace,60,4.5,10.13514,7.462689999999999,12.7,3,5,0,0,0,0,0,1,0.0,0,0,0.0,3,4,1,0,0,0,0,nba_boxscorematchupsv3
1,2024-25,Playoffs,NBA Finals,2025_okc_ind_api_20261005,0042400407,7,2025-06-22,1610612754,IND,1627783,Pascal Siakam,1610612760,OKC,1630598,Aaron Wiggins,11,0.7,3.5830599999999997,1.36816,7.000000000000001,0,0,0,0,0,0,0,0,0.0,0,0,0.0,0,0,0,0,0,0,0,nba_boxscorematchupsv3
1,2024-25,Playoffs,NBA Finals,2025_okc_ind_api_20261005,0042400407,7,2025-06-22,1610612754,IND,1627783,Pascal Siakam,1610612760,OKC,1631114,Jalen Williams,201,15.1,25.44304,25.0,30.099999999999998,0,12,0,0,0,0,0,1,0.0,0,0,0.0,0,0,0,0,0,0,0,nba_boxscorematchupsv3
1,2024-25,Playoffs,NBA Finals,2025_okc_ind_api_20261005,0042400407,7,2025-06-22,1610612754,IND,1627783,Pascal Siakam,1610612760,OKC,1629026,Kenrich Williams,55,3.9,57.89474,6.8408,66.8,0,0,0,0,0,0,0,1,0.0,0,1,0.0,0,0,0,0,0,0,0,nba_boxscorematchupsv3
1,2024-25,Playoffs,NBA Finals,2025_okc_ind_api_20261005,0042400407,7,2025-06-22,1610612754,IND,1626167,Myles Turner,1610612760,OKC,1627936,Alex Caruso,42,3.1,5.75342,7.98479,13.200000000000001,0,2,0,0,0,0,0,0,0.0,0,0,0.0,0,0,0,0,0,0,0,nba_boxscorematchupsv3
1,2024-25,Playoffs,NBA Finals,2025_okc_ind_api_20261005,0042400407,7,2025-06-22,1610612754,IND,1626167,Myles Turner,1610612760,OKC,1629652,Luguentz Dort,21,3.1,2.8688499999999997,3.9924,6.7,2,2,0,0,0,0,1,1,100.0,0,0,0.0,0,0,0,0,0,0,0,nba_boxscorematchupsv3
1,2024-25,Playoffs,NBA Finals,2025_okc_ind_api_20261005,0042400407,7,2025-06-22,1610612754,IND,1626167,Myles Turner,1610612760,OKC,1628983,Shai Gilgeous-Alexander,24,2.3,2.8436,4.56274,5.7,0,2,0,0,1,0,0,0,0.0,0,0,0.0,0,0,0,0,0,0,0,nba_boxscorematchupsv3
1,2024-25,Playoffs,NBA Finals,2025_okc_ind_api_20261005,0042400407,7,2025-06-22,1610612754,IND,1626167,Myles Turner,1610612760,OKC,1628392,Isaiah Hartenstein,96,6.3,23.30097,18.25095,48.199999999999996,0,6,0,0,0,0,0,0,0.0,0,0,0.0,0,0,0,0,0,0,0,nba_boxscorematchupsv3
1,2024-25,Playoffs,NBA Finals,2025_okc_ind_api_20261005,0042400407,7,2025-06-22,1610612754,IND,1626167,Myles Turner,1610612760,OKC,1631096,Chet Holmgren,249,19.4,38.84555,47.3384,67.7,3,15,0,0,0,0,1,3,33.300000000000004,1,3,33.300000000000004,0,0,0,0,0,0,0,nba_boxscorematchupsv3
1,2024-25,Playoffs,NBA Finals,2025_okc_ind_api_20261005,0042400407,7,2025-06-22,1610612754,IND,1626167,Myles Turner,1610612760,OKC,1641717,Cason Wallace,44,3.2,7.432429999999999,8.36502,13.8,0,3,1,0,0,0,0,0,0.0,0,0,0.0,0,2,1,0,0,0,0,nba_boxscorematchupsv3
1,2024-25,Playoffs,NBA Finals,2025_okc_ind_api_20261005,0042400407,7,2025-06-22,1610612754,IND,1626167,Myles Turner,1610612760,OKC,1630598,Aaron Wiggins,15,1.6,4.88599,2.85171,11.5,1,1,0,0,0,0,0,0,0.0,0,0,0.0,1,2,1,0,0,0,0,nba_boxscorematchupsv3
1,2024-25,Playoffs,NBA Finals,2025_okc_ind_api_20261005,0042400407,7,2025-06-22,1610612754,IND,1626167,Myles Turner,1610612760,OKC,1631114,Jalen Williams,35,2.9,4.4303799999999995,6.65399,10.4,0,2,0,0,0,0,0,0,0.0,0,0,0.0,0,0,0,0,0,0,0,nba_boxscorematchupsv3
1,2024-25,Playoffs,NBA Finals,2025_okc_ind_api_20261005,0042400407,7,2025-06-22,1610612754,IND,1629614,Andrew Nembhard,1610612760,OKC,1627936,Alex Caruso,126,9.2,17.26027,16.513759999999998,23.799999999999997,1,4,1,0,0,0,0,0,0.0,0,0,0.0,1,2,0,0,0,0,0,nba_boxscorematchupsv3
1,2024-25,Playoffs,NBA Finals,2025_okc_ind_api_20261005,0042400407,7,2025-06-22,1610612754,IND,1629614,Andrew Nembhard,1610612760,OKC,1629652,Luguentz Dort,173,15.0,23.633879999999998,22.67366,25.2,0,11,1,0,1,0,0,0,0.0,0,0,0.0,0,0,0,0,0,0,0,nba_boxscorematchupsv3
1,2024-25,Playoffs,NBA Finals,2025_okc_ind_api_20261005,0042400407,7,2025-06-22,1610612754,IND,1629614,Andrew Nembhard,1610612760,OKC,1628983,Shai Gilgeous-Alexander,145,13.4,17.18009,19.00393,21.2,2,7,0,0,0,0,1,2,50.0,0,0,0.0,0,0,0,0,0,0,0,nba_boxscorematchupsv3
1,2024-25,Playoffs,NBA Finals,2025_okc_ind_api_20261005,0042400407,7,2025-06-22,1610612754,IND,1629614,Andrew Nembhard,1610612760,OKC,1628392,Isaiah Hartenstein,41,2.5,9.951459999999999,5.37353,13.700000000000001,0,0,0,0,0,0,0,1,0.0,0,0,0.0,0,0,0,0,0,0,0,nba_boxscorematchupsv3
1,2024-25,Playoffs,NBA Finals,2025_okc_ind_api_20261005,0042400407,7,2025-06-22,1610612754,IND,1629614,Andrew Nembhard,1610612760,OKC,1631096,Chet Holmgren,59,3.6,9.20437,7.73263,9.8,10,10,0,0,0,1,3,5,60.0,2,3,66.7,2,2,1,0,0,0,0,nba_boxscorematchupsv3
1,2024-25,Playoffs,NBA Finals,2025_okc_ind_api_20261005,0042400407,7,2025-06-22,1610612754,IND,1629614,Andrew Nembhard,1610612760,OKC,1641717,Cason Wallace,134,11.0,22.63514,17.56225,37.5,0,5,1,0,0,0,0,2,0.0,0,0,0.0,0,0,0,0,0,0,0,nba_boxscorematchupsv3
1,2024-25,Playoffs,NBA Finals,2025_okc_ind_api_20261005,0042400407,7,2025-06-22,1610612754,IND,1629614,Andrew Nembhard,1610612760,OKC,1630598,Aaron Wiggins,9,0.0,2.9316,1.17955,8.4,0,3,0,0,0,0,0,0,0.0,0,0,0.0,0,0,0,0,0,0,0,nba_boxscorematchupsv3
1,2024-25,Playoffs,NBA Finals,2025_okc_ind_api_20261005,0042400407,7,2025-06-22,1610612754,IND,1629614,Andrew Nembhard,1610612760,OKC,1631114,Jalen Williams,76,5.8,9.62025,9.96068,11.700000000000001,2,9,1,0,1,0,0,0,0.0,0,0,0.0,2,2,1,0,0,0,0,nba_boxscorematchupsv3
1,2024-25,Playoffs,NBA Finals,2025_okc_ind_api_20261005,0042400407,7,2025-06-22,1610612754,IND,1630169,Tyrese Haliburton,1610612760,OKC,1627936,Alex Caruso,5,0.3,0.68493,3.0120500000000003,10.0,3,3,0,0,0,0,1,1,100.0,1,1,100.0,0,0,0,0,0,0,0,nba_boxscorematchupsv3
1,2024-25,Playoffs,NBA Finals,2025_okc_ind_api_20261005,0042400407,7,2025-06-22,1610612754,IND,1630169,Tyrese Haliburton,1610612760,OKC,1629652,Luguentz Dort,122,6.5,16.66667,73.49398000000001,71.3,3,8,0,0,0,0,1,1,100.0,1,1,100.0,0,0,0,0,0,0,0,nba_boxscorematchupsv3
1,2024-25,Playoffs,NBA Finals,2025_okc_ind_api_20261005,0042400407,7,2025-06-22,1610612754,IND,1630169,Tyrese Haliburton,1610612760,OKC,1628983,Shai Gilgeous-Alexander,20,1.8,2.36967,12.04819,11.899999999999999,3,3,0,0,1,1,1,1,100.0,1,1,100.0,0,0,0,0,0,0,0,nba_boxscorematchupsv3
1,2024-25,Playoffs,NBA Finals,2025_okc_ind_api_20261005,0042400407,7,2025-06-22,1610612754,IND,1630169,Tyrese Haliburton,1610612760,OKC,1628392,Isaiah Hartenstein,19,1.1,4.61165,11.44578,13.200000000000001,0,0,0,0,0,0,0,2,0.0,0,1,0.0,0,0,0,0,0,0,0,nba_boxscorematchupsv3
1,2024-25,Playoffs,NBA Finals,2025_okc_ind_api_20261005,0042400407,7,2025-06-22,1610612754,IND,1631097,Bennedict Mathurin,1610612760,OKC,1627936,Alex Caruso,137,10.6,18.767120000000002,18.38926,22.6,2,7,1,0,1,0,1,3,33.300000000000004,0,2,0.0,0,0,0,0,0,0,0,nba_boxscorematchupsv3
1,2024-25,Playoffs,NBA Finals,2025_okc_ind_api_20261005,0042400407,7,2025-06-22,1610612754,IND,1631097,Bennedict Mathurin,1610612760,OKC,1629652,Luguentz Dort,80,6.4,10.92896,10.73826,19.8,2,8,0,0,2,0,0,0,0.0,0,0,0.0,2,2,1,0,0,0,0,nba_boxscorematchupsv3
1,2024-25,Playoffs,NBA Finals,2025_okc_ind_api_20261005,0042400407,7,2025-06-22,1610612754,IND,1631097,Bennedict Mathurin,1610612760,OKC,1628983,Shai Gilgeous-Alexander,138,11.1,16.35071,18.523490000000002,23.599999999999998,7,7,0,0,0,0,1,3,33.300000000000004,1,1,100.0,4,4,2,0,0,0,0,nba_boxscorematchupsv3
1,2024-25,Playoffs,NBA Finals,2025_okc_ind_api_20261005,0042400407,7,2025-06-22,1610612754,IND,1631097,Bennedict Mathurin,1610612760,OKC,1628392,Isaiah Hartenstein,10,0.9,2.42718,1.3422800000000001,5.4,0,0,0,0,0,0,0,0,0.0,0,0,0.0,0,0,0,0,0,0,0,nba_boxscorematchupsv3
1,2024-25,Playoffs,NBA Finals,2025_okc_ind_api_20261005,0042400407,7,2025-06-22,1610612754,IND,1631097,Bennedict Mathurin,1610612760,OKC,1631096,Chet Holmgren,34,3.0,5.30421,4.56376,8.6,2,2,0,0,0,2,0,2,0.0,0,0,0.0,2,2,1,0,0,0,0,nba_boxscorematchupsv3
1,2024-25,Playoffs,NBA Finals,2025_okc_ind_api_20261005,0042400407,7,2025-06-22,1610612754,IND,1631097,Bennedict Mathurin,1610612760,OKC,1641794,Dillon Jones,8,1.6,88.88889,1.0738299999999998,84.7,4,4,0,0,0,0,1,1,100.0,0,0,0.0,2,2,1,0,0,0,0,nba_boxscorematchupsv3
1,2024-25,Playoffs,NBA Finals,2025_okc_ind_api_20261005,0042400407,7,2025-06-22,1610612754,IND,1631097,Bennedict Mathurin,1610612760,OKC,1642349,Ajay Mitchell,1,0.2,11.11111,0.13423000000000002,5.7,0,0,0,0,0,0,0,0,0.0,0,0,0.0,0,0,0,0,0,0,0,nba_boxscorematchupsv3
1,2024-25,Playoffs,NBA Finals,2025_okc_ind_api_20261005,0042400407,7,2025-06-22,1610612754,IND,1631097,Bennedict Mathurin,1610612760,OKC,1641717,Cason Wallace,91,6.4,15.37162,12.21477,20.3,0,2,0,0,0,0,0,0,0.0,0,0,0.0,0,0,0,0,0,0,0,nba_boxscorematchupsv3
1,2024-25,Playoffs,NBA Finals,2025_okc_ind_api_20261005,0042400407,7,2025-06-22,1610612754,IND,1631097,Bennedict Mathurin,1610612760,OKC,1630598,Aaron Wiggins,81,4.1,26.38436,10.87248,29.299999999999997,5,8,0,0,0,0,2,2,100.0,1,1,100.0,0,0,0,0,0,0,0,nba_boxscorematchupsv3
1,2024-25,Playoffs,NBA Finals,2025_okc_ind_api_20261005,0042400407,7,2025-06-22,1610612754,IND,1631097,Bennedict Mathurin,1610612760,OKC,1631114,Jalen Williams,156,11.4,19.74684,20.9396,29.099999999999998,0,7,2,0,0,0,0,2,0.0,0,1,0.0,0,0,0,0,0,0,0,nba_boxscorematchupsv3
1,2024-25,Playoffs,NBA Finals,2025_okc_ind_api_20261005,0042400407,7,2025-06-22,1610612754,IND,1631097,Bennedict Mathurin,1610612760,OKC,1629026,Kenrich Williams,9,0.5,9.47368,1.2080499999999998,10.4,0,0,0,0,0,0,0,0,0.0,0,0,0.0,0,0,0,0,0,0,0,nba_boxscorematchupsv3
1,2024-25,Playoffs,NBA Finals,2025_okc_ind_api_20261005,0042400407,7,2025-06-22,1610612754,IND,1630167,Obi Toppin,1610612760,OKC,1627936,Alex Caruso,41,1.4,5.616440000000001,9.0708,12.0,0,2,1,0,0,0,0,2,0.0,0,2,0.0,0,0,0,0,0,0,0,nba_boxscorematchupsv3
1,2024-25,Playoffs,NBA Finals,2025_okc_ind_api_20261005,0042400407,7,2025-06-22,1610612754,IND,1630167,Obi Toppin,1610612760,OKC,1631172,Ousmane Dieng,2,0.2,22.22222,0.44248,17.1,0,0,0,0,0,0,0,0,0.0,0,0,0.0,0,0,0,0,0,0,0,nba_boxscorematchupsv3
1,2024-25,Playoffs,NBA Finals,2025_okc_ind_api_20261005,0042400407,7,2025-06-22,1610612754,IND,1630167,Obi Toppin,1610612760,OKC,1629652,Luguentz Dort,56,4.2,7.650270000000001,12.38938,15.299999999999999,0,7,0,0,0,0,0,0,0.0,0,0,0.0,0,0,0,0,0,0,0,nba_boxscorematchupsv3
1,2024-25,Playoffs,NBA Finals,2025_okc_ind_api_20261005,0042400407,7,2025-06-22,1610612754,IND,1630167,Obi Toppin,1610612760,OKC,1628983,Shai Gilgeous-Alexander,71,4.0,8.41232,15.707960000000002,16.8,0,4,0,0,0,0,0,0,0.0,0,0,0.0,0,0,0,0,0,0,0,nba_boxscorematchupsv3
1,2024-25,Playoffs,NBA Finals,2025_okc_ind_api_20261005,0042400407,7,2025-06-22,1610612754,IND,1630167,Obi Toppin,1610612760,OKC,1628392,Isaiah Hartenstein,38,2.5,9.2233,8.40708,27.900000000000002,0,3,0,0,0,0,0,0,0.0,0,0,0.0,0,0,0,0,0,0,0,nba_boxscorematchupsv3
1,2024-25,Playoffs,NBA Finals,2025_okc_ind_api_20261005,0042400407,7,2025-06-22,1610612754,IND,1630167,Obi Toppin,1610612760,OKC,1631096,Chet Holmgren,82,8.0,12.792510000000002,18.14159,36.6,0,2,0,0,0,0,0,0,0.0,0,0,0.0,0,0,0,0,0,0,0,nba_boxscorematchupsv3
1,2024-25,Playoffs,NBA Finals,2025_okc_ind_api_20261005,0042400407,7,2025-06-22,1610612754,IND,1630167,Obi Toppin,1610612760,OKC,1641717,Cason Wallace,34,3.4,5.74324,7.52212,12.6,0,2,0,0,0,0,0,0,0.0,0,0,0.0,0,0,0,0,0,0,0,nba_boxscorematchupsv3
1,2024-25,Playoffs,NBA Finals,2025_okc_ind_api_20261005,0042400407,7,2025-06-22,1610612754,IND,1630167,Obi Toppin,1610612760,OKC,1630598,Aaron Wiggins,25,2.5,8.14332,5.53097,17.0,0,0,0,0,1,0,0,1,0.0,0,1,0.0,0,0,0,0,0,0,0,nba_boxscorematchupsv3
1,2024-25,Playoffs,NBA Finals,2025_okc_ind_api_20261005,0042400407,7,2025-06-22,1610612754,IND,1630167,Obi Toppin,1610612760,OKC,1631114,Jalen Williams,99,5.7,12.531649999999999,21.90265,34.1,0,5,0,0,0,0,0,0,0.0,0,0,0.0,0,0,0,0,0,0,0,nba_boxscorematchupsv3
1,2024-25,Playoffs,NBA Finals,2025_okc_ind_api_20261005,0042400407,7,2025-06-22,1610612754,IND,1630167,Obi Toppin,1610612760,OKC,1629026,Kenrich Williams,4,0.3,4.210529999999999,0.88496,3.6999999999999997,0,0,0,0,0,0,0,1,0.0,0,0,0.0,0,0,0,0,0,0,0,nba_boxscorematchupsv3
1,2024-25,Playoffs,NBA Finals,2025_okc_ind_api_20261005,0042400407,7,2025-06-22,1610612754,IND,1641767,Ben Sheppard,1610612760,OKC,1627936,Alex Caruso,53,4.4,7.26027,14.72222,19.6,0,0,0,0,0,0,0,0,0.0,0,0,0.0,0,0,0,0,0,0,0,nba_boxscorematchupsv3
1,2024-25,Playoffs,NBA Finals,2025_okc_ind_api_20261005,0042400407,7,2025-06-22,1610612754,IND,1641767,Ben Sheppard,1610612760,OKC,1629652,Luguentz Dort,7,0.5,0.95628,1.9444400000000002,6.7,0,2,0,0,0,0,0,0,0.0,0,0,0.0,0,0,0,0,0,0,0,nba_boxscorematchupsv3
1,2024-25,Playoffs,NBA Finals,2025_okc_ind_api_20261005,0042400407,7,2025-06-22,1610612754,IND,1641767,Ben Sheppard,1610612760,OKC,1628983,Shai Gilgeous-Alexander,47,3.7,5.56872,13.05556,25.4,0,0,0,0,0,0,0,0,0.0,0,0,0.0,0,0,0,0,0,0,0,nba_boxscorematchupsv3
1,2024-25,Playoffs,NBA Finals,2025_okc_ind_api_20261005,0042400407,7,2025-06-22,1610612754,IND,1641767,Ben Sheppard,1610612760,OKC,1628392,Isaiah Hartenstein,20,1.3,4.85437,5.55556,10.100000000000001,0,0,0,0,0,0,0,0,0.0,0,0,0.0,0,0,0,0,0,0,0,nba_boxscorematchupsv3
1,2024-25,Playoffs,NBA Finals,2025_okc_ind_api_20261005,0042400407,7,2025-06-22,1610612754,IND,1641767,Ben Sheppard,1610612760,OKC,1631096,Chet Holmgren,7,1.1,1.0920400000000001,1.9444400000000002,11.200000000000001,0,0,0,0,0,0,0,0,0.0,0,0,0.0,0,0,0,0,0,0,0,nba_boxscorematchupsv3
1,2024-25,Playoffs,NBA Finals,2025_okc_ind_api_20261005,0042400407,7,2025-06-22,1610612754,IND,1641767,Ben Sheppard,1610612760,OKC,1641794,Dillon Jones,1,0.2,11.11111,0.27777999999999997,6.9,0,0,0,0,0,0,0,0,0.0,0,0,0.0,0,0,0,0,0,0,0,nba_boxscorematchupsv3
1,2024-25,Playoffs,NBA Finals,2025_okc_ind_api_20261005,0042400407,7,2025-06-22,1610612754,IND,1641767,Ben Sheppard,1610612760,OKC,1642349,Ajay Mitchell,8,1.8,88.88889,2.22222,93.10000000000001,0,2,0,0,0,0,0,0,0.0,0,0,0.0,0,0,0,0,0,0,0,nba_boxscorematchupsv3
1,2024-25,Playoffs,NBA Finals,2025_okc_ind_api_20261005,0042400407,7,2025-06-22,1610612754,IND,1641767,Ben Sheppard,1610612760,OKC,1641717,Cason Wallace,5,1.4,0.84459,1.38889,4.6,0,0,0,0,0,0,0,0,0.0,0,0,0.0,0,0,0,0,0,0,0,nba_boxscorematchupsv3
1,2024-25,Playoffs,NBA Finals,2025_okc_ind_api_20261005,0042400407,7,2025-06-22,1610612754,IND,1641767,Ben Sheppard,1610612760,OKC,1630598,Aaron Wiggins,130,6.9,42.34528,36.111110000000004,56.699999999999996,0,2,0,0,1,0,0,1,0.0,0,1,0.0,0,0,0,0,0,0,0,nba_boxscorematchupsv3
1,2024-25,Playoffs,NBA Finals,2025_okc_ind_api_20261005,0042400407,7,2025-06-22,1610612754,IND,1641767,Ben Sheppard,1610612760,OKC,1631114,Jalen Williams,66,5.2,8.35443,18.33333,21.0,0,5,0,0,0,0,0,0,0.0,0,0,0.0,0,0,0,0,0,0,0,nba_boxscorematchupsv3
1,2024-25,Playoffs,NBA Finals,2025_okc_ind_api_20261005,0042400407,7,2025-06-22,1610612754,IND,1641767,Ben Sheppard,1610612760,OKC,1629026,Kenrich Williams,16,1.1,16.842109999999998,4.44444,14.7,0,2,0,0,0,0,0,0,0.0,0,0,0.0,0,0,0,0,0,0,0,nba_boxscorematchupsv3
1,2024-25,Playoffs,NBA Finals,2025_okc_ind_api_20261005,0042400407,7,2025-06-22,1610612754,IND,204456,T.J. McConnell,1610612760,OKC,1627936,Alex Caruso,110,6.6,15.06849,18.30283,22.2,2,6,0,0,0,0,1,1,100.0,0,0,0.0,0,0,0,0,0,0,0,nba_boxscorematchupsv3
1,2024-25,Playoffs,NBA Finals,2025_okc_ind_api_20261005,0042400407,7,2025-06-22,1610612754,IND,204456,T.J. McConnell,1610612760,OKC,1629652,Luguentz Dort,106,9.7,14.480870000000001,17.63727,31.1,0,2,0,0,2,0,0,1,0.0,0,0,0.0,0,0,0,0,0,0,0,nba_boxscorematchupsv3
1,2024-25,Playoffs,NBA Finals,2025_okc_ind_api_20261005,0042400407,7,2025-06-22,1610612754,IND,204456,T.J. McConnell,1610612760,OKC,1628983,Shai Gilgeous-Alexander,88,8.2,10.42654,14.642260000000002,20.4,2,12,0,0,0,0,1,1,100.0,0,0,0.0,0,0,0,0,0,0,0,nba_boxscorematchupsv3
1,2024-25,Playoffs,NBA Finals,2025_okc_ind_api_20261005,0042400407,7,2025-06-22,1610612754,IND,204456,T.J. McConnell,1610612760,OKC,1628392,Isaiah Hartenstein,27,1.3,6.5534,4.49251,11.200000000000001,2,2,0,0,1,0,1,2,50.0,0,0,0.0,0,0,0,0,0,0,0,nba_boxscorematchupsv3
1,2024-25,Playoffs,NBA Finals,2025_okc_ind_api_20261005,0042400407,7,2025-06-22,1610612754,IND,204456,T.J. McConnell,1610612760,OKC,1631096,Chet Holmgren,40,3.4,6.24025,6.655569999999999,9.5,2,4,0,0,2,1,1,2,50.0,0,0,0.0,0,0,0,0,0,0,0,nba_boxscorematchupsv3
1,2024-25,Playoffs,NBA Finals,2025_okc_ind_api_20261005,0042400407,7,2025-06-22,1610612754,IND,204456,T.J. McConnell,1610612760,OKC,1641717,Cason Wallace,182,14.1,30.74324,30.28286,43.3,8,15,3,0,0,0,4,6,66.7,0,0,0.0,0,0,0,0,0,0,0,nba_boxscorematchupsv3
1,2024-25,Playoffs,NBA Finals,2025_okc_ind_api_20261005,0042400407,7,2025-06-22,1610612754,IND,204456,T.J. McConnell,1610612760,OKC,1630598,Aaron Wiggins,28,1.6,9.12052,4.6589,13.3,0,0,0,0,0,0,0,0,0.0,0,0,0.0,0,0,0,0,0,0,0,nba_boxscorematchupsv3
1,2024-25,Playoffs,NBA Finals,2025_okc_ind_api_20261005,0042400407,7,2025-06-22,1610612754,IND,204456,T.J. McConnell,1610612760,OKC,1631114,Jalen Williams,18,1.8,2.27848,2.99501,5.4,0,0,0,0,0,0,0,0,0.0,0,0,0.0,0,0,0,0,0,0,0,nba_boxscorematchupsv3
1,2024-25,Playoffs,NBA Finals,2025_okc_ind_api_20261005,0042400407,7,2025-06-22,1610612754,IND,204456,T.J. McConnell,1610612760,OKC,1629026,Kenrich Williams,2,0.2,2.10526,0.33278,2.0,0,0,0,0,0,0,0,0,0.0,0,0,0.0,0,0,0,0,0,0,0,nba_boxscorematchupsv3
1,2024-25,Playoffs,NBA Finals,2025_okc_ind_api_20261005,0042400407,7,2025-06-22,1610612754,IND,1628396,Tony Bradley,1610612760,OKC,1627936,Alex Caruso,1,0.1,0.13699,0.9901,0.8999999999999999,0,0,0,0,0,0,0,0,0.0,0,0,0.0,0,0,0,0,0,0,0,nba_boxscorematchupsv3
1,2024-25,Playoffs,NBA Finals,2025_okc_ind_api_20261005,0042400407,7,2025-06-22,1610612754,IND,1628396,Tony Bradley,1610612760,OKC,1629652,Luguentz Dort,1,0.2,0.13661,0.9901,5.3,0,0,0,0,0,0,0,0,0.0,0,0,0.0,0,0,0,0,0,0,0,nba_boxscorematchupsv3
1,2024-25,Playoffs,NBA Finals,2025_okc_ind_api_20261005,0042400407,7,2025-06-22,1610612754,IND,1628396,Tony Bradley,1610612760,OKC,1628983,Shai Gilgeous-Alexander,8,0.5,0.94787,7.92079,17.7,0,0,0,0,0,0,0,0,0.0,0,0,0.0,0,0,0,0,0,0,0,nba_boxscorematchupsv3
1,2024-25,Playoffs,NBA Finals,2025_okc_ind_api_20261005,0042400407,7,2025-06-22,1610612754,IND,1628396,Tony Bradley,1610612760,OKC,1628392,Isaiah Hartenstein,74,5.7,17.961170000000003,73.26733,71.5,0,3,0,0,1,0,0,0,0.0,0,0,0.0,0,0,0,0,0,0,0,nba_boxscorematchupsv3
1,2024-25,Playoffs,NBA Finals,2025_okc_ind_api_20261005,0042400407,7,2025-06-22,1610612754,IND,1628396,Tony Bradley,1610612760,OKC,1631096,Chet Holmgren,3,0.0,0.46802,2.9703,100.0,0,0,0,0,0,0,0,0,0.0,0,0,0.0,0,0,0,0,0,0,0,nba_boxscorematchupsv3
1,2024-25,Playoffs,NBA Finals,2025_okc_ind_api_20261005,0042400407,7,2025-06-22,1610612754,IND,1628396,Tony Bradley,1610612760,OKC,1641717,Cason Wallace,7,0.6,1.1824299999999999,6.93069,6.800000000000001,0,2,0,0,0,0,0,0,0.0,0,0,0.0,0,0,0,0,0,0,0,nba_boxscorematchupsv3
1,2024-25,Playoffs,NBA Finals,2025_okc_ind_api_20261005,0042400407,7,2025-06-22,1610612754,IND,1628396,Tony Bradley,1610612760,OKC,1630598,Aaron Wiggins,3,0.2,0.9772,2.9703,5.0,0,0,0,0,0,0,0,0,0.0,0,0,0.0,0,0,0,0,0,0,0,nba_boxscorematchupsv3
1,2024-25,Playoffs,NBA Finals,2025_okc_ind_api_20261005,0042400407,7,2025-06-22,1610612754,IND,1628396,Tony Bradley,1610612760,OKC,1631114,Jalen Williams,4,0.8,0.50633,3.9604,13.600000000000001,2,2,0,0,0,0,0,0,0.0,0,0,0.0,2,2,1,0,0,0,0,nba_boxscorematchupsv3
1,2024-25,Playoffs,NBA Finals,2025_okc_ind_api_20261005,0042400407,7,2025-06-22,1610612754,IND,1628418,Thomas Bryant,1610612760,OKC,1627936,Alex Caruso,2,0.0,0.27397,9.090910000000001,20.7,0,0,0,0,0,0,0,0,0.0,0,0,0.0,0,0,0,0,0,0,0,nba_boxscorematchupsv3
1,2024-25,Playoffs,NBA Finals,2025_okc_ind_api_20261005,0042400407,7,2025-06-22,1610612754,IND,1628418,Thomas Bryant,1610612760,OKC,1628392,Isaiah Hartenstein,9,0.0,2.18447,40.90909,47.099999999999994,0,0,0,0,0,0,0,1,0.0,0,1,0.0,0,0,0,0,0,0,0,nba_boxscorematchupsv3
1,2024-25,Playoffs,NBA Finals,2025_okc_ind_api_20261005,0042400407,7,2025-06-22,1610612754,IND,1628418,Thomas Bryant,1610612760,OKC,1641717,Cason Wallace,2,0.0,0.33784000000000003,9.090910000000001,12.6,0,0,0,0,0,0,0,0,0.0,0,0,0.0,0,0,0,0,0,0,0,nba_boxscorematchupsv3
1,2024-25,Playoffs,NBA Finals,2025_okc_ind_api_20261005,0042400407,7,2025-06-22,1610612754,IND,1628418,Thomas Bryant,1610612760,OKC,1629026,Kenrich Williams,9,2.0,9.47368,40.90909,100.0,0,2,0,0,0,0,0,0,0.0,0,0,0.0,0,0,0,0,0,0,0,nba_boxscorematchupsv3
1,2024-25,Playoffs,NBA Finals,2025_okc_ind_api_20261005,0042400407,7,2025-06-22,1610612754,IND,1642277,Johnny Furphy,1610612760,OKC,1631172,Ousmane Dieng,7,1.8,77.77777999999999,87.5,82.89999999999999,0,2,0,0,0,0,0,0,0.0,0,0,0.0,0,0,0,0,0,0,0,nba_boxscorematchupsv3
1,2024-25,Playoffs,NBA Finals,2025_okc_ind_api_20261005,0042400407,7,2025-06-22,1610612754,IND,1642277,Johnny Furphy,1610612760,OKC,1631096,Chet Holmgren,1,0.2,0.15601,12.5,5.7,0,0,0,0,0,0,0,0,0.0,0,0,0.0,0,0,0,0,0,0,0,nba_boxscorematchupsv3
