schema_version,season,season_type,playoff_round,series_id,game_id,game_number,game_date,off_team_id,off_team,off_player_id,off_player,def_team_id,def_team,def_player_id,def_player,matchup_seconds,partial_possessions,def_time_percent,off_time_percent,both_on_percent,player_points,team_points,ast,potential_ast,tov,blk,fgm,fga,fg_pct,three_pm,three_pa,three_pct,ftm,fta,shooting_fouls,switches_on,help_blk,help_fgm,help_fga,data_source
1,2025-26,Playoffs,NBA Finals,2026_nyk_sas_api_20261005,0042500401,1,2026-06-03,1610612759,SAS,1630170,Devin Vassell,1610612752,NYK,1630631,Jose Alvarado,15,2.2,7.211539999999999,2.0689699999999998,15.6,0,2,0,0,0,0,0,0,0.0,0,0,0.0,0,0,0,0,0,0,0,nba_boxscorematchupsv3
1,2025-26,Playoffs,NBA Finals,2026_nyk_sas_api_20261005,0042500401,1,2026-06-03,1610612759,SAS,1630170,Devin Vassell,1610612752,NYK,1628384,OG Anunoby,118,12.6,19.155839999999998,16.27586,23.1,0,7,1,0,0,0,0,3,0.0,0,3,0.0,0,0,0,0,0,0,0,nba_boxscorematchupsv3
1,2025-26,Playoffs,NBA Finals,2026_nyk_sas_api_20261005,0042500401,1,2026-06-03,1610612759,SAS,1630170,Devin Vassell,1610612752,NYK,1628969,Mikal Bridges,198,12.4,32.78146,27.31034,36.6,3,11,0,0,0,0,1,3,33.300000000000004,1,2,50.0,0,0,0,0,0,0,0,nba_boxscorematchupsv3
1,2025-26,Playoffs,NBA Finals,2026_nyk_sas_api_20261005,0042500401,1,2026-06-03,1610612759,SAS,1630170,Devin Vassell,1610612752,NYK,1628973,Jalen Brunson,126,8.8,15.78947,17.37931,18.8,0,14,0,0,0,0,0,0,0.0,0,0,0.0,0,0,0,0,0,0,0,nba_boxscorematchupsv3
1,2025-26,Playoffs,NBA Finals,2026_nyk_sas_api_20261005,0042500401,1,2026-06-03,1610612759,SAS,1630170,Devin Vassell,1610612752,NYK,203903,Jordan Clarkson,13,1.2,10.07752,1.7931,11.799999999999999,0,2,1,0,0,0,0,0,0.0,0,0,0.0,0,0,0,0,0,0,0,nba_boxscorematchupsv3
1,2025-26,Playoffs,NBA Finals,2026_nyk_sas_api_20261005,0042500401,1,2026-06-03,1610612759,SAS,1630170,Devin Vassell,1610612752,NYK,1628404,Josh Hart,61,6.3,9.98363,8.41379,13.100000000000001,2,9,0,0,0,0,1,1,100.0,0,0,0.0,0,0,0,0,0,0,0,nba_boxscorematchupsv3
1,2025-26,Playoffs,NBA Finals,2026_nyk_sas_api_20261005,0042500401,1,2026-06-03,1610612759,SAS,1630170,Devin Vassell,1610612752,NYK,1630540,Miles McBride,37,3.2,9.1358,5.10345,17.599999999999998,2,2,0,0,0,0,1,1,100.0,0,0,0.0,0,0,0,0,0,0,0,nba_boxscorematchupsv3
1,2025-26,Playoffs,NBA Finals,2026_nyk_sas_api_20261005,0042500401,1,2026-06-03,1610612759,SAS,1630170,Devin Vassell,1610612752,NYK,1629011,Mitchell Robinson,6,1.7,2.0270300000000003,0.8275899999999999,6.0,0,0,0,0,0,0,0,0,0.0,0,0,0.0,0,0,0,0,0,0,0,nba_boxscorematchupsv3
1,2025-26,Playoffs,NBA Finals,2026_nyk_sas_api_20261005,0042500401,1,2026-06-03,1610612759,SAS,1630170,Devin Vassell,1610612752,NYK,1629013,Landry Shamet,136,12.4,20.35928,18.75862,32.6,2,10,1,0,1,0,1,1,100.0,0,0,0.0,0,0,0,0,0,0,0,nba_boxscorematchupsv3
1,2025-26,Playoffs,NBA Finals,2026_nyk_sas_api_20261005,0042500401,1,2026-06-03,1610612759,SAS,1630170,Devin Vassell,1610612752,NYK,1626157,Karl-Anthony Towns,15,3.0,2.1428599999999998,2.0689699999999998,5.4,0,2,0,0,0,0,0,2,0.0,0,1,0.0,0,0,0,0,0,0,0,nba_boxscorematchupsv3
1,2025-26,Playoffs,NBA Finals,2026_nyk_sas_api_20261005,0042500401,1,2026-06-03,1610612759,SAS,1630577,Julian Champagnie,1610612752,NYK,1630631,Jose Alvarado,8,1.0,3.84615,1.21951,9.6,3,3,0,0,0,0,1,1,100.0,1,1,100.0,0,0,0,0,0,0,0,nba_boxscorematchupsv3
1,2025-26,Playoffs,NBA Finals,2026_nyk_sas_api_20261005,0042500401,1,2026-06-03,1610612759,SAS,1630577,Julian Champagnie,1610612752,NYK,1628384,OG Anunoby,54,6.3,8.76623,8.23171,14.6,6,14,0,0,0,0,2,3,66.7,2,3,66.7,0,0,0,0,0,0,0,nba_boxscorematchupsv3
1,2025-26,Playoffs,NBA Finals,2026_nyk_sas_api_20261005,0042500401,1,2026-06-03,1610612759,SAS,1630577,Julian Champagnie,1610612752,NYK,1628969,Mikal Bridges,21,2.6,3.47682,3.2012199999999997,7.000000000000001,0,3,0,0,0,0,0,0,0.0,0,0,0.0,0,0,0,0,0,0,0,nba_boxscorematchupsv3
1,2025-26,Playoffs,NBA Finals,2026_nyk_sas_api_20261005,0042500401,1,2026-06-03,1610612759,SAS,1630577,Julian Champagnie,1610612752,NYK,1628973,Jalen Brunson,343,27.3,42.98246,52.28659,55.1,1,29,1,0,0,0,0,4,0.0,0,3,0.0,1,2,1,0,0,0,0,nba_boxscorematchupsv3
1,2025-26,Playoffs,NBA Finals,2026_nyk_sas_api_20261005,0042500401,1,2026-06-03,1610612759,SAS,1630577,Julian Champagnie,1610612752,NYK,1628404,Josh Hart,65,4.8,10.638300000000001,9.90854,12.7,0,0,0,0,0,0,0,0,0.0,0,0,0.0,0,0,0,0,0,0,0,nba_boxscorematchupsv3
1,2025-26,Playoffs,NBA Finals,2026_nyk_sas_api_20261005,0042500401,1,2026-06-03,1610612759,SAS,1630577,Julian Champagnie,1610612752,NYK,1630540,Miles McBride,61,5.5,15.06173,9.298779999999999,24.6,0,0,0,0,0,0,0,1,0.0,0,1,0.0,0,0,0,0,0,0,0,nba_boxscorematchupsv3
1,2025-26,Playoffs,NBA Finals,2026_nyk_sas_api_20261005,0042500401,1,2026-06-03,1610612759,SAS,1630577,Julian Champagnie,1610612752,NYK,1629011,Mitchell Robinson,3,0.3,1.01351,0.45732000000000006,2.8000000000000003,0,0,0,0,0,0,0,0,0.0,0,0,0.0,0,0,0,0,0,0,0,nba_boxscorematchupsv3
1,2025-26,Playoffs,NBA Finals,2026_nyk_sas_api_20261005,0042500401,1,2026-06-03,1610612759,SAS,1630577,Julian Champagnie,1610612752,NYK,1629013,Landry Shamet,82,8.2,12.275450000000001,12.5,21.099999999999998,6,12,0,0,0,0,2,2,100.0,2,2,100.0,0,0,0,0,0,0,0,nba_boxscorematchupsv3
1,2025-26,Playoffs,NBA Finals,2026_nyk_sas_api_20261005,0042500401,1,2026-06-03,1610612759,SAS,1630577,Julian Champagnie,1610612752,NYK,1626157,Karl-Anthony Towns,19,2.8,2.71429,2.89634,5.4,0,1,0,0,0,1,0,0,0.0,0,0,0.0,0,0,0,0,0,0,0,nba_boxscorematchupsv3
1,2025-26,Playoffs,NBA Finals,2026_nyk_sas_api_20261005,0042500401,1,2026-06-03,1610612759,SAS,1641705,Victor Wembanyama,1610612752,NYK,1630631,Jose Alvarado,13,1.2,6.25,1.5873000000000002,6.9,3,3,0,0,0,0,0,0,0.0,0,0,0.0,3,4,2,0,0,0,0,nba_boxscorematchupsv3
1,2025-26,Playoffs,NBA Finals,2026_nyk_sas_api_20261005,0042500401,1,2026-06-03,1610612759,SAS,1641705,Victor Wembanyama,1610612752,NYK,1628384,OG Anunoby,44,6.2,7.14286,5.3724099999999995,10.2,3,6,0,0,0,0,1,1,100.0,1,1,100.0,0,0,0,0,0,0,0,nba_boxscorematchupsv3
1,2025-26,Playoffs,NBA Finals,2026_nyk_sas_api_20261005,0042500401,1,2026-06-03,1610612759,SAS,1641705,Victor Wembanyama,1610612752,NYK,1628969,Mikal Bridges,32,2.9,5.2980100000000006,3.9072000000000005,7.9,0,5,0,0,0,0,0,1,0.0,0,0,0.0,0,0,0,0,0,0,0,nba_boxscorematchupsv3
1,2025-26,Playoffs,NBA Finals,2026_nyk_sas_api_20261005,0042500401,1,2026-06-03,1610612759,SAS,1641705,Victor Wembanyama,1610612752,NYK,1628973,Jalen Brunson,35,3.5,4.38596,4.2735,6.4,0,0,0,0,1,0,0,1,0.0,0,1,0.0,0,0,0,0,0,0,0,nba_boxscorematchupsv3
1,2025-26,Playoffs,NBA Finals,2026_nyk_sas_api_20261005,0042500401,1,2026-06-03,1610612759,SAS,1641705,Victor Wembanyama,1610612752,NYK,1628404,Josh Hart,37,4.5,6.05565,4.5177000000000005,9.4,0,2,0,0,0,0,0,2,0.0,0,1,0.0,0,0,0,0,0,0,0,nba_boxscorematchupsv3
1,2025-26,Playoffs,NBA Finals,2026_nyk_sas_api_20261005,0042500401,1,2026-06-03,1610612759,SAS,1641705,Victor Wembanyama,1610612752,NYK,1630540,Miles McBride,25,3.3,6.17284,3.0525,7.8,2,10,0,0,0,0,1,1,100.0,0,0,0.0,0,0,0,0,0,0,0,nba_boxscorematchupsv3
1,2025-26,Playoffs,NBA Finals,2026_nyk_sas_api_20261005,0042500401,1,2026-06-03,1610612759,SAS,1641705,Victor Wembanyama,1610612752,NYK,1629011,Mitchell Robinson,107,9.9,36.148649999999996,13.064709999999998,75.5,7,11,0,0,0,0,2,4,50.0,1,3,33.300000000000004,2,2,1,0,0,0,0,nba_boxscorematchupsv3
1,2025-26,Playoffs,NBA Finals,2026_nyk_sas_api_20261005,0042500401,1,2026-06-03,1610612759,SAS,1641705,Victor Wembanyama,1610612752,NYK,1629013,Landry Shamet,26,4.4,3.8922199999999996,3.1746000000000003,7.000000000000001,2,10,1,0,0,0,0,1,0.0,0,1,0.0,2,2,0,0,0,0,0,nba_boxscorematchupsv3
1,2025-26,Playoffs,NBA Finals,2026_nyk_sas_api_20261005,0042500401,1,2026-06-03,1610612759,SAS,1641705,Victor Wembanyama,1610612752,NYK,1626157,Karl-Anthony Towns,500,35.9,71.42857000000001,61.050059999999995,72.2,9,30,0,0,3,0,2,10,20.0,0,2,0.0,5,5,3,0,0,0,0,nba_boxscorematchupsv3
1,2025-26,Playoffs,NBA Finals,2026_nyk_sas_api_20261005,0042500401,1,2026-06-03,1610612759,SAS,1642264,Stephon Castle,1610612752,NYK,1630631,Jose Alvarado,16,2.6,7.692309999999999,2.19178,11.1,0,5,0,0,0,0,0,0,0.0,0,0,0.0,0,0,0,0,0,0,0,nba_boxscorematchupsv3
1,2025-26,Playoffs,NBA Finals,2026_nyk_sas_api_20261005,0042500401,1,2026-06-03,1610612759,SAS,1642264,Stephon Castle,1610612752,NYK,1628384,OG Anunoby,108,8.0,17.53247,14.79452,17.9,2,5,0,0,0,0,1,1,100.0,0,0,0.0,0,0,0,0,0,0,0,nba_boxscorematchupsv3
1,2025-26,Playoffs,NBA Finals,2026_nyk_sas_api_20261005,0042500401,1,2026-06-03,1610612759,SAS,1642264,Stephon Castle,1610612752,NYK,1628969,Mikal Bridges,102,9.4,16.88742,13.972599999999998,21.099999999999998,0,8,0,0,0,0,0,3,0.0,0,1,0.0,0,0,0,0,0,0,0,nba_boxscorematchupsv3
1,2025-26,Playoffs,NBA Finals,2026_nyk_sas_api_20261005,0042500401,1,2026-06-03,1610612759,SAS,1642264,Stephon Castle,1610612752,NYK,1628973,Jalen Brunson,42,5.4,5.26316,5.75342,12.4,0,3,0,0,0,0,0,2,0.0,0,1,0.0,0,0,0,0,0,0,0,nba_boxscorematchupsv3
1,2025-26,Playoffs,NBA Finals,2026_nyk_sas_api_20261005,0042500401,1,2026-06-03,1610612759,SAS,1642264,Stephon Castle,1610612752,NYK,1628404,Josh Hart,291,18.1,47.62684,39.863009999999996,58.199999999999996,6,13,0,0,1,1,2,3,66.7,0,0,0.0,2,2,1,0,0,0,0,nba_boxscorematchupsv3
1,2025-26,Playoffs,NBA Finals,2026_nyk_sas_api_20261005,0042500401,1,2026-06-03,1610612759,SAS,1642264,Stephon Castle,1610612752,NYK,1630540,Miles McBride,29,3.3,7.16049,3.9726,15.2,3,3,0,0,0,0,1,2,50.0,1,2,50.0,0,0,0,0,0,0,0,nba_boxscorematchupsv3
1,2025-26,Playoffs,NBA Finals,2026_nyk_sas_api_20261005,0042500401,1,2026-06-03,1610612759,SAS,1642264,Stephon Castle,1610612752,NYK,1629011,Mitchell Robinson,3,0.4,1.01351,0.41096,3.2,0,0,1,0,0,0,0,0,0.0,0,0,0.0,0,0,0,0,0,0,0,nba_boxscorematchupsv3
1,2025-26,Playoffs,NBA Finals,2026_nyk_sas_api_20261005,0042500401,1,2026-06-03,1610612759,SAS,1642264,Stephon Castle,1610612752,NYK,1629013,Landry Shamet,80,8.3,11.97605,10.9589,19.6,6,14,1,0,1,0,3,3,100.0,0,0,0.0,0,0,0,0,0,0,0,nba_boxscorematchupsv3
1,2025-26,Playoffs,NBA Finals,2026_nyk_sas_api_20261005,0042500401,1,2026-06-03,1610612759,SAS,1642264,Stephon Castle,1610612752,NYK,1626157,Karl-Anthony Towns,59,4.7,8.42857,8.08219,9.2,0,10,1,0,0,0,0,1,0.0,0,1,0.0,0,0,0,0,0,0,0,nba_boxscorematchupsv3
1,2025-26,Playoffs,NBA Finals,2026_nyk_sas_api_20261005,0042500401,1,2026-06-03,1610612759,SAS,1628368,De'Aaron Fox,1610612752,NYK,1630631,Jose Alvarado,123,8.0,59.134620000000005,16.01563,67.2,0,5,0,0,0,0,0,1,0.0,0,0,0.0,0,0,0,0,0,0,0,nba_boxscorematchupsv3
1,2025-26,Playoffs,NBA Finals,2026_nyk_sas_api_20261005,0042500401,1,2026-06-03,1610612759,SAS,1628368,De'Aaron Fox,1610612752,NYK,1628384,OG Anunoby,199,14.9,32.30519,25.911459999999998,37.4,0,20,2,0,0,1,0,1,0.0,0,0,0.0,0,0,0,0,0,0,0,nba_boxscorematchupsv3
1,2025-26,Playoffs,NBA Finals,2026_nyk_sas_api_20261005,0042500401,1,2026-06-03,1610612759,SAS,1628368,De'Aaron Fox,1610612752,NYK,1628969,Mikal Bridges,48,7.1,7.94702,6.25,12.0,0,5,0,0,0,0,0,3,0.0,0,2,0.0,0,0,0,0,0,0,0,nba_boxscorematchupsv3
1,2025-26,Playoffs,NBA Finals,2026_nyk_sas_api_20261005,0042500401,1,2026-06-03,1610612759,SAS,1628368,De'Aaron Fox,1610612752,NYK,1628973,Jalen Brunson,69,6.2,8.646619999999999,8.98438,10.6,2,8,0,0,0,0,1,3,33.300000000000004,0,1,0.0,0,0,0,0,0,0,0,nba_boxscorematchupsv3
1,2025-26,Playoffs,NBA Finals,2026_nyk_sas_api_20261005,0042500401,1,2026-06-03,1610612759,SAS,1628368,De'Aaron Fox,1610612752,NYK,203903,Jordan Clarkson,6,1.0,4.65116,0.78125,7.000000000000001,0,2,0,0,0,0,0,0,0.0,0,0,0.0,0,0,0,0,0,0,0,nba_boxscorematchupsv3
1,2025-26,Playoffs,NBA Finals,2026_nyk_sas_api_20261005,0042500401,1,2026-06-03,1610612759,SAS,1628368,De'Aaron Fox,1610612752,NYK,1628404,Josh Hart,73,5.5,11.94763,9.50521,17.599999999999998,0,10,0,0,1,0,0,0,0.0,0,0,0.0,0,0,0,0,0,0,0,nba_boxscorematchupsv3
1,2025-26,Playoffs,NBA Finals,2026_nyk_sas_api_20261005,0042500401,1,2026-06-03,1610612759,SAS,1628368,De'Aaron Fox,1610612752,NYK,1630540,Miles McBride,51,8.3,12.592590000000001,6.64063,18.8,0,8,2,0,1,0,0,0,0.0,0,0,0.0,0,0,0,0,0,0,0,nba_boxscorematchupsv3
1,2025-26,Playoffs,NBA Finals,2026_nyk_sas_api_20261005,0042500401,1,2026-06-03,1610612759,SAS,1628368,De'Aaron Fox,1610612752,NYK,1629011,Mitchell Robinson,14,2.6,4.72973,1.82292,6.7,2,5,0,0,0,0,1,1,100.0,0,0,0.0,0,0,0,0,0,0,0,nba_boxscorematchupsv3
1,2025-26,Playoffs,NBA Finals,2026_nyk_sas_api_20261005,0042500401,1,2026-06-03,1610612759,SAS,1628368,De'Aaron Fox,1610612752,NYK,1629013,Landry Shamet,170,16.1,25.4491,22.13542,28.499999999999996,3,9,0,0,0,0,1,4,25.0,0,1,0.0,1,2,1,0,0,0,0,nba_boxscorematchupsv3
1,2025-26,Playoffs,NBA Finals,2026_nyk_sas_api_20261005,0042500401,1,2026-06-03,1610612759,SAS,1628368,De'Aaron Fox,1610612752,NYK,1626157,Karl-Anthony Towns,15,3.0,2.1428599999999998,1.9531300000000003,5.8999999999999995,0,0,0,0,0,0,0,0,0.0,0,0,0.0,0,0,0,0,0,0,0,nba_boxscorematchupsv3
1,2025-26,Playoffs,NBA Finals,2026_nyk_sas_api_20261005,0042500401,1,2026-06-03,1610612759,SAS,1642844,Dylan Harper,1610612752,NYK,1630631,Jose Alvarado,15,2.2,7.211539999999999,2.52101,21.6,0,0,0,0,0,0,0,0,0.0,0,0,0.0,0,0,0,0,0,0,0,nba_boxscorematchupsv3
1,2025-26,Playoffs,NBA Finals,2026_nyk_sas_api_20261005,0042500401,1,2026-06-03,1610612759,SAS,1642844,Dylan Harper,1610612752,NYK,1628384,OG Anunoby,33,3.3,5.35714,5.54622,16.1,0,1,0,0,0,0,0,1,0.0,0,0,0.0,0,0,0,0,0,0,0,nba_boxscorematchupsv3
1,2025-26,Playoffs,NBA Finals,2026_nyk_sas_api_20261005,0042500401,1,2026-06-03,1610612759,SAS,1642844,Dylan Harper,1610612752,NYK,1628969,Mikal Bridges,187,14.0,30.96026,31.42857,49.2,4,18,0,0,0,0,1,1,100.0,0,0,0.0,2,2,1,0,0,0,0,nba_boxscorematchupsv3
1,2025-26,Playoffs,NBA Finals,2026_nyk_sas_api_20261005,0042500401,1,2026-06-03,1610612759,SAS,1642844,Dylan Harper,1610612752,NYK,1628973,Jalen Brunson,94,10.9,11.779449999999999,15.798319999999999,21.4,2,12,0,0,0,0,1,3,33.300000000000004,0,2,0.0,0,0,0,0,0,0,0,nba_boxscorematchupsv3
1,2025-26,Playoffs,NBA Finals,2026_nyk_sas_api_20261005,0042500401,1,2026-06-03,1610612759,SAS,1642844,Dylan Harper,1610612752,NYK,203903,Jordan Clarkson,27,2.9,20.930229999999998,4.53782,20.9,2,2,0,0,0,0,1,1,100.0,0,0,0.0,0,0,0,0,0,0,0,nba_boxscorematchupsv3
1,2025-26,Playoffs,NBA Finals,2026_nyk_sas_api_20261005,0042500401,1,2026-06-03,1610612759,SAS,1642844,Dylan Harper,1610612752,NYK,1628404,Josh Hart,17,2.4,2.78232,2.8571400000000002,6.800000000000001,2,3,0,0,0,0,1,1,100.0,0,0,0.0,0,0,0,0,0,0,0,nba_boxscorematchupsv3
1,2025-26,Playoffs,NBA Finals,2026_nyk_sas_api_20261005,0042500401,1,2026-06-03,1610612759,SAS,1642844,Dylan Harper,1610612752,NYK,1630540,Miles McBride,143,9.7,35.308640000000004,24.03361,45.4,0,8,0,0,0,0,0,1,0.0,0,1,0.0,0,0,0,0,0,0,0,nba_boxscorematchupsv3
1,2025-26,Playoffs,NBA Finals,2026_nyk_sas_api_20261005,0042500401,1,2026-06-03,1610612759,SAS,1642844,Dylan Harper,1610612752,NYK,1629011,Mitchell Robinson,13,1.8,4.39189,2.18487,5.1,0,0,1,0,1,0,0,0,0.0,0,0,0.0,0,0,0,0,0,0,0,nba_boxscorematchupsv3
1,2025-26,Playoffs,NBA Finals,2026_nyk_sas_api_20261005,0042500401,1,2026-06-03,1610612759,SAS,1642844,Dylan Harper,1610612752,NYK,1629013,Landry Shamet,52,6.4,7.78443,8.7395,11.200000000000001,6,9,0,0,0,0,2,2,100.0,1,1,100.0,1,1,1,0,0,0,0,nba_boxscorematchupsv3
1,2025-26,Playoffs,NBA Finals,2026_nyk_sas_api_20261005,0042500401,1,2026-06-03,1610612759,SAS,1642844,Dylan Harper,1610612752,NYK,1626157,Karl-Anthony Towns,14,1.3,2.0,2.35294,6.0,0,0,0,0,0,0,0,0,0.0,0,0,0.0,0,0,0,0,0,0,0,nba_boxscorematchupsv3
1,2025-26,Playoffs,NBA Finals,2026_nyk_sas_api_20261005,0042500401,1,2026-06-03,1610612759,SAS,1629640,Keldon Johnson,1610612752,NYK,1628384,OG Anunoby,39,2.5,6.33117,23.49398,63.0,0,3,0,0,0,0,0,0,0.0,0,0,0.0,0,0,0,0,0,0,0,nba_boxscorematchupsv3
1,2025-26,Playoffs,NBA Finals,2026_nyk_sas_api_20261005,0042500401,1,2026-06-03,1610612759,SAS,1629640,Keldon Johnson,1610612752,NYK,1628969,Mikal Bridges,2,0.5,0.33113000000000004,1.20482,3.4000000000000004,0,0,0,0,0,0,0,1,0.0,0,0,0.0,0,0,0,0,0,0,0,nba_boxscorematchupsv3
1,2025-26,Playoffs,NBA Finals,2026_nyk_sas_api_20261005,0042500401,1,2026-06-03,1610612759,SAS,1629640,Keldon Johnson,1610612752,NYK,1628973,Jalen Brunson,16,1.6,2.00501,9.63855,9.9,0,2,0,0,0,0,0,0,0.0,0,0,0.0,0,0,0,0,0,0,0,nba_boxscorematchupsv3
1,2025-26,Playoffs,NBA Finals,2026_nyk_sas_api_20261005,0042500401,1,2026-06-03,1610612759,SAS,1629640,Keldon Johnson,1610612752,NYK,203903,Jordan Clarkson,10,1.0,7.75194,6.024100000000001,41.3,3,3,0,0,0,0,1,1,100.0,1,1,100.0,0,0,0,0,0,0,0,nba_boxscorematchupsv3
1,2025-26,Playoffs,NBA Finals,2026_nyk_sas_api_20261005,0042500401,1,2026-06-03,1610612759,SAS,1629640,Keldon Johnson,1610612752,NYK,1628404,Josh Hart,50,2.6,8.18331,30.12048,40.699999999999996,0,2,0,0,0,0,0,0,0.0,0,0,0.0,0,0,0,0,0,0,0,nba_boxscorematchupsv3
1,2025-26,Playoffs,NBA Finals,2026_nyk_sas_api_20261005,0042500401,1,2026-06-03,1610612759,SAS,1629640,Keldon Johnson,1610612752,NYK,1630540,Miles McBride,12,0.6,2.96296,7.22892,13.5,0,0,0,0,0,1,0,1,0.0,0,0,0.0,0,0,0,0,0,0,0,nba_boxscorematchupsv3
1,2025-26,Playoffs,NBA Finals,2026_nyk_sas_api_20261005,0042500401,1,2026-06-03,1610612759,SAS,1629640,Keldon Johnson,1610612752,NYK,1629013,Landry Shamet,20,2.9,2.9940100000000003,12.04819,17.7,0,2,0,0,0,0,0,1,0.0,0,1,0.0,0,0,0,0,0,0,0,nba_boxscorematchupsv3
1,2025-26,Playoffs,NBA Finals,2026_nyk_sas_api_20261005,0042500401,1,2026-06-03,1610612759,SAS,1629640,Keldon Johnson,1610612752,NYK,1626157,Karl-Anthony Towns,17,1.9,2.42857,10.240960000000001,12.2,0,5,0,0,0,0,0,0,0.0,0,0,0.0,0,0,0,0,0,0,0,nba_boxscorematchupsv3
1,2025-26,Playoffs,NBA Finals,2026_nyk_sas_api_20261005,0042500401,1,2026-06-03,1610612759,SAS,1628436,Luke Kornet,1610612752,NYK,1628969,Mikal Bridges,4,1.2,0.66225,1.76211,6.9,0,0,0,0,0,0,0,0,0.0,0,0,0.0,0,0,0,0,0,0,0,nba_boxscorematchupsv3
1,2025-26,Playoffs,NBA Finals,2026_nyk_sas_api_20261005,0042500401,1,2026-06-03,1610612759,SAS,1628436,Luke Kornet,1610612752,NYK,1628973,Jalen Brunson,10,2.1,1.25313,4.40529,6.5,0,2,0,0,0,0,0,0,0.0,0,0,0.0,0,0,0,0,0,0,0,nba_boxscorematchupsv3
1,2025-26,Playoffs,NBA Finals,2026_nyk_sas_api_20261005,0042500401,1,2026-06-03,1610612759,SAS,1628436,Luke Kornet,1610612752,NYK,203903,Jordan Clarkson,2,0.5,1.55039,0.88106,3.4000000000000004,0,0,0,0,0,0,0,0,0.0,0,0,0.0,0,0,0,0,0,0,0,nba_boxscorematchupsv3
1,2025-26,Playoffs,NBA Finals,2026_nyk_sas_api_20261005,0042500401,1,2026-06-03,1610612759,SAS,1628436,Luke Kornet,1610612752,NYK,1628404,Josh Hart,14,0.7,2.2913300000000003,6.1674,10.0,0,2,0,0,0,0,0,0,0.0,0,0,0.0,0,0,0,0,0,0,0,nba_boxscorematchupsv3
1,2025-26,Playoffs,NBA Finals,2026_nyk_sas_api_20261005,0042500401,1,2026-06-03,1610612759,SAS,1628436,Luke Kornet,1610612752,NYK,1630540,Miles McBride,1,0.4,0.24691000000000002,0.44053,4.9,0,0,0,0,0,0,0,0,0.0,0,0,0.0,0,0,0,0,0,0,0,nba_boxscorematchupsv3
1,2025-26,Playoffs,NBA Finals,2026_nyk_sas_api_20261005,0042500401,1,2026-06-03,1610612759,SAS,1628436,Luke Kornet,1610612752,NYK,1629011,Mitchell Robinson,136,10.6,45.94595,59.91189,79.2,0,13,0,0,0,0,0,0,0.0,0,0,0.0,0,0,0,0,0,0,0,nba_boxscorematchupsv3
1,2025-26,Playoffs,NBA Finals,2026_nyk_sas_api_20261005,0042500401,1,2026-06-03,1610612759,SAS,1628436,Luke Kornet,1610612752,NYK,1629013,Landry Shamet,6,0.8,0.8982,2.64317,4.5,0,2,0,0,0,0,0,0,0.0,0,0,0.0,0,0,0,0,0,0,0,nba_boxscorematchupsv3
1,2025-26,Playoffs,NBA Finals,2026_nyk_sas_api_20261005,0042500401,1,2026-06-03,1610612759,SAS,1628436,Luke Kornet,1610612752,NYK,1626157,Karl-Anthony Towns,54,5.1,7.71429,23.78855,79.2,0,4,0,0,0,0,0,0,0.0,0,0,0.0,0,0,0,0,0,0,0,nba_boxscorematchupsv3
1,2025-26,Playoffs,NBA Finals,2026_nyk_sas_api_20261005,0042500401,1,2026-06-03,1610612759,SAS,203084,Harrison Barnes,1610612752,NYK,1630631,Jose Alvarado,18,2.8,8.65385,7.4074100000000005,12.2,0,0,0,0,0,0,0,0,0.0,0,0,0.0,0,0,0,0,0,0,0,nba_boxscorematchupsv3
1,2025-26,Playoffs,NBA Finals,2026_nyk_sas_api_20261005,0042500401,1,2026-06-03,1610612759,SAS,203084,Harrison Barnes,1610612752,NYK,1628384,OG Anunoby,21,2.7,3.40909,8.64198,12.2,0,2,0,0,0,0,0,0,0.0,0,0,0.0,0,0,0,0,0,0,0,nba_boxscorematchupsv3
1,2025-26,Playoffs,NBA Finals,2026_nyk_sas_api_20261005,0042500401,1,2026-06-03,1610612759,SAS,203084,Harrison Barnes,1610612752,NYK,1628969,Mikal Bridges,10,0.9,1.65563,4.11523,91.9,0,0,0,0,0,0,0,0,0.0,0,0,0.0,0,0,0,0,0,0,0,nba_boxscorematchupsv3
1,2025-26,Playoffs,NBA Finals,2026_nyk_sas_api_20261005,0042500401,1,2026-06-03,1610612759,SAS,203084,Harrison Barnes,1610612752,NYK,1628973,Jalen Brunson,34,2.9,4.26065,13.99177,47.8,0,3,0,0,0,0,0,0,0.0,0,0,0.0,0,0,0,0,0,0,0,nba_boxscorematchupsv3
1,2025-26,Playoffs,NBA Finals,2026_nyk_sas_api_20261005,0042500401,1,2026-06-03,1610612759,SAS,203084,Harrison Barnes,1610612752,NYK,1628404,Josh Hart,3,0.1,0.49100000000000005,1.23457,6.800000000000001,0,0,0,0,0,0,0,0,0.0,0,0,0.0,0,0,0,0,0,0,0,nba_boxscorematchupsv3
1,2025-26,Playoffs,NBA Finals,2026_nyk_sas_api_20261005,0042500401,1,2026-06-03,1610612759,SAS,203084,Harrison Barnes,1610612752,NYK,1630540,Miles McBride,46,4.2,11.35802,18.93004,18.9,0,4,0,0,0,0,0,0,0.0,0,0,0.0,0,0,0,0,0,0,0,nba_boxscorematchupsv3
1,2025-26,Playoffs,NBA Finals,2026_nyk_sas_api_20261005,0042500401,1,2026-06-03,1610612759,SAS,203084,Harrison Barnes,1610612752,NYK,1629011,Mitchell Robinson,12,1.3,4.05405,4.93827,16.2,0,2,1,0,0,0,0,0,0.0,0,0,0.0,0,0,0,0,0,0,0,nba_boxscorematchupsv3
1,2025-26,Playoffs,NBA Finals,2026_nyk_sas_api_20261005,0042500401,1,2026-06-03,1610612759,SAS,203084,Harrison Barnes,1610612752,NYK,1629013,Landry Shamet,92,7.7,13.77246,37.86008,36.4,0,6,0,0,0,0,0,1,0.0,0,1,0.0,0,1,0,0,0,0,0,nba_boxscorematchupsv3
1,2025-26,Playoffs,NBA Finals,2026_nyk_sas_api_20261005,0042500401,1,2026-06-03,1610612759,SAS,203084,Harrison Barnes,1610612752,NYK,1626157,Karl-Anthony Towns,7,1.1,1.0,2.88066,6.2,0,2,0,0,0,0,0,1,0.0,0,1,0.0,0,0,0,0,0,0,0,nba_boxscorematchupsv3
1,2025-26,Playoffs,NBA Finals,2026_nyk_sas_api_20261005,0042500401,1,2026-06-03,1610612759,SAS,1642868,Carter Bryant,1610612752,NYK,1628973,Jalen Brunson,29,2.4,3.63409,27.358490000000003,25.3,0,2,0,0,0,0,0,0,0.0,0,0,0.0,0,0,0,0,0,0,0,nba_boxscorematchupsv3
1,2025-26,Playoffs,NBA Finals,2026_nyk_sas_api_20261005,0042500401,1,2026-06-03,1610612759,SAS,1642868,Carter Bryant,1610612752,NYK,203903,Jordan Clarkson,71,5.2,55.038759999999996,66.98113,64.5,1,4,0,0,0,0,0,1,0.0,0,1,0.0,1,2,0,0,0,0,0,nba_boxscorematchupsv3
1,2025-26,Playoffs,NBA Finals,2026_nyk_sas_api_20261005,0042500401,1,2026-06-03,1610612759,SAS,1642868,Carter Bryant,1610612752,NYK,1629011,Mitchell Robinson,2,0.3,0.6756800000000001,1.88679,3.3000000000000003,0,2,0,0,0,0,0,0,0.0,0,0,0.0,0,0,0,0,0,0,0,nba_boxscorematchupsv3
1,2025-26,Playoffs,NBA Finals,2026_nyk_sas_api_20261005,0042500401,1,2026-06-03,1610612759,SAS,1642868,Carter Bryant,1610612752,NYK,1629013,Landry Shamet,4,1.0,0.5988,3.77358,5.800000000000001,0,2,0,0,0,0,0,0,0.0,0,0,0.0,0,0,0,0,0,0,0,nba_boxscorematchupsv3
1,2025-26,Playoffs,NBA Finals,2026_nyk_sas_api_20261005,0042500401,1,2026-06-03,1610612752,NYK,1628404,Josh Hart,1610612759,SAS,203084,Harrison Barnes,11,1.3,3.2835799999999997,1.7107299999999999,21.9,0,0,0,0,0,0,0,0,0.0,0,0,0.0,0,0,0,0,0,0,0,nba_boxscorematchupsv3
1,2025-26,Playoffs,NBA Finals,2026_nyk_sas_api_20261005,0042500401,1,2026-06-03,1610612752,NYK,1628404,Josh Hart,1610612759,SAS,1642264,Stephon Castle,76,7.5,8.45384,11.8196,16.5,0,7,1,0,0,0,0,1,0.0,0,1,0.0,0,0,0,0,0,0,0,nba_boxscorematchupsv3
1,2025-26,Playoffs,NBA Finals,2026_nyk_sas_api_20261005,0042500401,1,2026-06-03,1610612752,NYK,1628404,Josh Hart,1610612759,SAS,1630577,Julian Champagnie,161,12.3,19.876540000000002,25.038880000000002,28.4,0,11,1,0,0,0,0,0,0.0,0,0,0.0,0,0,0,0,0,0,0,nba_boxscorematchupsv3
1,2025-26,Playoffs,NBA Finals,2026_nyk_sas_api_20261005,0042500401,1,2026-06-03,1610612752,NYK,1628404,Josh Hart,1610612759,SAS,1628368,De'Aaron Fox,69,6.6,6.90691,10.73095,15.7,0,5,1,0,0,0,0,1,0.0,0,1,0.0,0,0,0,0,0,0,0,nba_boxscorematchupsv3
1,2025-26,Playoffs,NBA Finals,2026_nyk_sas_api_20261005,0042500401,1,2026-06-03,1610612752,NYK,1628404,Josh Hart,1610612759,SAS,1642844,Dylan Harper,33,4.3,5.06135,5.13219,12.3,1,3,0,0,0,0,0,0,0.0,0,0,0.0,1,1,0,0,0,0,0,nba_boxscorematchupsv3
1,2025-26,Playoffs,NBA Finals,2026_nyk_sas_api_20261005,0042500401,1,2026-06-03,1610612752,NYK,1628404,Josh Hart,1610612759,SAS,1629640,Keldon Johnson,2,1.0,1.00503,0.31104000000000004,9.4,0,0,0,0,0,0,0,0,0.0,0,0,0.0,0,0,0,0,0,0,0,nba_boxscorematchupsv3
1,2025-26,Playoffs,NBA Finals,2026_nyk_sas_api_20261005,0042500401,1,2026-06-03,1610612752,NYK,1628404,Josh Hart,1610612759,SAS,1628436,Luke Kornet,7,1.1,3.16742,1.0886500000000001,7.199999999999999,0,2,0,0,0,0,0,0,0.0,0,0,0.0,0,0,0,0,0,0,0,nba_boxscorematchupsv3
1,2025-26,Playoffs,NBA Finals,2026_nyk_sas_api_20261005,0042500401,1,2026-06-03,1610612752,NYK,1628404,Josh Hart,1610612759,SAS,1630170,Devin Vassell,113,9.2,12.48619,17.57387,20.0,2,11,2,0,0,0,1,1,100.0,0,0,0.0,0,0,0,0,0,0,0,nba_boxscorematchupsv3
1,2025-26,Playoffs,NBA Finals,2026_nyk_sas_api_20261005,0042500401,1,2026-06-03,1610612752,NYK,1628404,Josh Hart,1610612759,SAS,1641705,Victor Wembanyama,171,10.4,17.134269999999997,26.594089999999998,25.8,0,13,0,0,0,1,0,2,0.0,0,1,0.0,0,0,0,0,0,0,0,nba_boxscorematchupsv3
1,2025-26,Playoffs,NBA Finals,2026_nyk_sas_api_20261005,0042500401,1,2026-06-03,1610612752,NYK,1628384,OG Anunoby,1610612759,SAS,203084,Harrison Barnes,50,3.2,14.92537,6.024100000000001,21.099999999999998,0,0,0,0,0,0,0,0,0.0,0,0,0.0,0,0,0,0,0,0,0,nba_boxscorematchupsv3
1,2025-26,Playoffs,NBA Finals,2026_nyk_sas_api_20261005,0042500401,1,2026-06-03,1610612752,NYK,1628384,OG Anunoby,1610612759,SAS,1642264,Stephon Castle,182,11.4,20.24472,21.92771,23.9,4,16,0,0,0,0,1,2,50.0,0,0,0.0,2,2,0,0,0,0,0,nba_boxscorematchupsv3
1,2025-26,Playoffs,NBA Finals,2026_nyk_sas_api_20261005,0042500401,1,2026-06-03,1610612752,NYK,1628384,OG Anunoby,1610612759,SAS,1630577,Julian Champagnie,168,9.1,20.74074,20.24096,26.5,3,11,0,0,0,0,1,3,33.300000000000004,1,1,100.0,0,0,0,0,0,0,0,nba_boxscorematchupsv3
1,2025-26,Playoffs,NBA Finals,2026_nyk_sas_api_20261005,0042500401,1,2026-06-03,1610612752,NYK,1628384,OG Anunoby,1610612759,SAS,1628368,De'Aaron Fox,132,7.6,13.21321,15.90361,18.4,5,10,0,0,0,0,1,3,33.300000000000004,1,3,33.300000000000004,2,2,0,0,0,0,0,nba_boxscorematchupsv3
1,2025-26,Playoffs,NBA Finals,2026_nyk_sas_api_20261005,0042500401,1,2026-06-03,1610612752,NYK,1628384,OG Anunoby,1610612759,SAS,1642844,Dylan Harper,13,1.4,1.99387,1.5662700000000003,6.1,0,0,0,0,0,0,0,0,0.0,0,0,0.0,0,0,0,0,0,0,0,nba_boxscorematchupsv3
1,2025-26,Playoffs,NBA Finals,2026_nyk_sas_api_20261005,0042500401,1,2026-06-03,1610612752,NYK,1628384,OG Anunoby,1610612759,SAS,1629640,Keldon Johnson,13,1.3,6.53266,1.5662700000000003,11.899999999999999,0,2,0,0,0,0,0,1,0.0,0,1,0.0,0,0,0,0,0,0,0,nba_boxscorematchupsv3
1,2025-26,Playoffs,NBA Finals,2026_nyk_sas_api_20261005,0042500401,1,2026-06-03,1610612752,NYK,1628384,OG Anunoby,1610612759,SAS,1628436,Luke Kornet,17,1.0,7.692309999999999,2.04819,12.3,0,0,0,0,0,0,0,0,0.0,0,0,0.0,0,0,0,0,0,0,0,nba_boxscorematchupsv3
1,2025-26,Playoffs,NBA Finals,2026_nyk_sas_api_20261005,0042500401,1,2026-06-03,1610612752,NYK,1628384,OG Anunoby,1610612759,SAS,1630170,Devin Vassell,190,14.9,20.99448,22.89157,29.2,2,10,0,0,0,0,1,1,100.0,0,0,0.0,0,0,0,0,0,0,0,nba_boxscorematchupsv3
1,2025-26,Playoffs,NBA Finals,2026_nyk_sas_api_20261005,0042500401,1,2026-06-03,1610612752,NYK,1628384,OG Anunoby,1610612759,SAS,1641705,Victor Wembanyama,65,7.0,6.5130300000000005,7.83133,11.4,3,5,0,0,0,0,1,2,50.0,1,1,100.0,0,0,0,0,0,0,0,nba_boxscorematchupsv3
1,2025-26,Playoffs,NBA Finals,2026_nyk_sas_api_20261005,0042500401,1,2026-06-03,1610612752,NYK,1626157,Karl-Anthony Towns,1610612759,SAS,203084,Harrison Barnes,42,2.0,12.537309999999998,4.49679,13.600000000000001,0,5,0,0,0,0,0,0,0.0,0,0,0.0,0,0,0,0,0,0,0,nba_boxscorematchupsv3
1,2025-26,Playoffs,NBA Finals,2026_nyk_sas_api_20261005,0042500401,1,2026-06-03,1610612752,NYK,1626157,Karl-Anthony Towns,1610612759,SAS,1642264,Stephon Castle,95,7.0,10.5673,10.17131,12.9,2,4,0,0,0,0,0,2,0.0,0,1,0.0,2,2,0,0,0,0,0,nba_boxscorematchupsv3
1,2025-26,Playoffs,NBA Finals,2026_nyk_sas_api_20261005,0042500401,1,2026-06-03,1610612752,NYK,1626157,Karl-Anthony Towns,1610612759,SAS,1630577,Julian Champagnie,53,5.9,6.543210000000001,5.67452,9.6,0,2,0,0,0,0,0,0,0.0,0,0,0.0,0,0,0,0,0,0,0,nba_boxscorematchupsv3
1,2025-26,Playoffs,NBA Finals,2026_nyk_sas_api_20261005,0042500401,1,2026-06-03,1610612752,NYK,1626157,Karl-Anthony Towns,1610612759,SAS,1628368,De'Aaron Fox,97,4.4,9.709710000000001,10.38544,12.0,2,12,0,0,0,0,1,2,50.0,0,0,0.0,0,0,0,0,0,0,0,nba_boxscorematchupsv3
1,2025-26,Playoffs,NBA Finals,2026_nyk_sas_api_20261005,0042500401,1,2026-06-03,1610612752,NYK,1626157,Karl-Anthony Towns,1610612759,SAS,1642844,Dylan Harper,30,3.4,4.60123,3.21199,7.9,0,1,0,0,0,0,0,0,0.0,0,0,0.0,0,0,0,0,0,0,0,nba_boxscorematchupsv3
1,2025-26,Playoffs,NBA Finals,2026_nyk_sas_api_20261005,0042500401,1,2026-06-03,1610612752,NYK,1626157,Karl-Anthony Towns,1610612759,SAS,1629640,Keldon Johnson,71,6.2,35.67839,7.601710000000001,41.099999999999994,3,8,0,0,1,0,1,1,100.0,0,0,0.0,1,1,1,0,0,0,0,nba_boxscorematchupsv3
1,2025-26,Playoffs,NBA Finals,2026_nyk_sas_api_20261005,0042500401,1,2026-06-03,1610612752,NYK,1626157,Karl-Anthony Towns,1610612759,SAS,1628436,Luke Kornet,53,7.0,23.9819,5.67452,68.0,3,5,1,0,0,0,1,2,50.0,0,0,0.0,1,1,1,0,0,0,0,nba_boxscorematchupsv3
1,2025-26,Playoffs,NBA Finals,2026_nyk_sas_api_20261005,0042500401,1,2026-06-03,1610612752,NYK,1626157,Karl-Anthony Towns,1610612759,SAS,1630170,Devin Vassell,127,9.6,14.03315,13.59743,18.7,4,6,0,0,0,0,2,2,100.0,0,0,0.0,0,0,0,0,0,0,0,nba_boxscorematchupsv3
1,2025-26,Playoffs,NBA Finals,2026_nyk_sas_api_20261005,0042500401,1,2026-06-03,1610612752,NYK,1626157,Karl-Anthony Towns,1610612759,SAS,1641705,Victor Wembanyama,366,21.2,36.67335,39.1863,43.1,4,27,2,0,0,1,2,5,40.0,0,1,0.0,0,0,0,0,0,0,0,nba_boxscorematchupsv3
1,2025-26,Playoffs,NBA Finals,2026_nyk_sas_api_20261005,0042500401,1,2026-06-03,1610612752,NYK,1628969,Mikal Bridges,1610612759,SAS,1642868,Carter Bryant,9,1.3,10.84337,1.2893999999999999,10.100000000000001,0,0,0,0,0,0,0,0,0.0,0,0,0.0,0,0,0,0,0,0,0,nba_boxscorematchupsv3
1,2025-26,Playoffs,NBA Finals,2026_nyk_sas_api_20261005,0042500401,1,2026-06-03,1610612752,NYK,1628969,Mikal Bridges,1610612759,SAS,1642264,Stephon Castle,79,7.2,8.78754,11.31805,13.900000000000002,0,4,0,0,0,0,0,0,0.0,0,0,0.0,0,0,0,0,0,0,0,nba_boxscorematchupsv3
1,2025-26,Playoffs,NBA Finals,2026_nyk_sas_api_20261005,0042500401,1,2026-06-03,1610612752,NYK,1628969,Mikal Bridges,1610612759,SAS,1630577,Julian Champagnie,93,5.1,11.48148,13.32378,14.2,0,4,0,0,0,0,0,1,0.0,0,0,0.0,0,0,0,0,0,0,0,nba_boxscorematchupsv3
1,2025-26,Playoffs,NBA Finals,2026_nyk_sas_api_20261005,0042500401,1,2026-06-03,1610612752,NYK,1628969,Mikal Bridges,1610612759,SAS,1628368,De'Aaron Fox,161,10.1,16.116120000000002,23.0659,28.299999999999997,2,14,1,0,0,0,0,0,0.0,0,0,0.0,2,2,1,0,0,0,0,nba_boxscorematchupsv3
1,2025-26,Playoffs,NBA Finals,2026_nyk_sas_api_20261005,0042500401,1,2026-06-03,1610612752,NYK,1628969,Mikal Bridges,1610612759,SAS,1642844,Dylan Harper,118,8.5,18.09816,16.90544,33.0,2,9,1,0,0,0,1,1,100.0,0,0,0.0,0,0,0,0,0,0,0,nba_boxscorematchupsv3
1,2025-26,Playoffs,NBA Finals,2026_nyk_sas_api_20261005,0042500401,1,2026-06-03,1610612752,NYK,1628969,Mikal Bridges,1610612759,SAS,1629640,Keldon Johnson,33,1.8,16.582910000000002,4.72779,22.8,0,0,0,0,1,0,0,0,0.0,0,0,0.0,0,0,0,0,0,0,0,nba_boxscorematchupsv3
1,2025-26,Playoffs,NBA Finals,2026_nyk_sas_api_20261005,0042500401,1,2026-06-03,1610612752,NYK,1628969,Mikal Bridges,1610612759,SAS,1628436,Luke Kornet,5,0.7,2.26244,0.71633,2.7,3,3,0,0,0,0,1,1,100.0,0,0,0.0,1,2,1,0,0,0,0,nba_boxscorematchupsv3
1,2025-26,Playoffs,NBA Finals,2026_nyk_sas_api_20261005,0042500401,1,2026-06-03,1610612752,NYK,1628969,Mikal Bridges,1610612759,SAS,1630170,Devin Vassell,140,9.2,15.46961,20.05731,25.3,0,13,1,0,0,0,0,0,0.0,0,0,0.0,0,0,0,0,0,0,0,nba_boxscorematchupsv3
1,2025-26,Playoffs,NBA Finals,2026_nyk_sas_api_20261005,0042500401,1,2026-06-03,1610612752,NYK,1628969,Mikal Bridges,1610612759,SAS,1641705,Victor Wembanyama,60,5.8,6.01202,8.59599,13.4,0,4,0,0,0,0,0,2,0.0,0,0,0.0,0,0,0,0,0,0,0,nba_boxscorematchupsv3
1,2025-26,Playoffs,NBA Finals,2026_nyk_sas_api_20261005,0042500401,1,2026-06-03,1610612752,NYK,1628973,Jalen Brunson,1610612759,SAS,203084,Harrison Barnes,22,0.7,6.567159999999999,2.33051,19.2,2,2,0,0,0,0,0,1,0.0,0,0,0.0,2,2,1,0,0,0,0,nba_boxscorematchupsv3
1,2025-26,Playoffs,NBA Finals,2026_nyk_sas_api_20261005,0042500401,1,2026-06-03,1610612752,NYK,1628973,Jalen Brunson,1610612759,SAS,1642868,Carter Bryant,65,6.9,78.31325,6.88559,77.4,4,8,0,0,0,0,2,3,66.7,0,0,0.0,0,0,0,0,0,0,0,nba_boxscorematchupsv3
1,2025-26,Playoffs,NBA Finals,2026_nyk_sas_api_20261005,0042500401,1,2026-06-03,1610612752,NYK,1628973,Jalen Brunson,1610612759,SAS,1642264,Stephon Castle,267,15.2,29.69967,28.2839,41.6,5,16,0,0,0,0,2,5,40.0,1,2,50.0,0,0,0,0,0,0,0,nba_boxscorematchupsv3
1,2025-26,Playoffs,NBA Finals,2026_nyk_sas_api_20261005,0042500401,1,2026-06-03,1610612752,NYK,1628973,Jalen Brunson,1610612759,SAS,1630577,Julian Champagnie,115,11.2,14.19753,12.1822,16.8,11,13,0,0,1,1,4,6,66.7,1,1,100.0,2,2,1,0,0,0,0,nba_boxscorematchupsv3
1,2025-26,Playoffs,NBA Finals,2026_nyk_sas_api_20261005,0042500401,1,2026-06-03,1610612752,NYK,1628973,Jalen Brunson,1610612759,SAS,1628368,De'Aaron Fox,134,9.8,13.41341,14.19492,15.8,0,4,0,0,1,0,0,3,0.0,0,1,0.0,0,0,0,0,0,0,0,nba_boxscorematchupsv3
1,2025-26,Playoffs,NBA Finals,2026_nyk_sas_api_20261005,0042500401,1,2026-06-03,1610612752,NYK,1628973,Jalen Brunson,1610612759,SAS,1642844,Dylan Harper,172,14.4,26.38037,18.22034,31.0,0,17,2,0,1,0,0,3,0.0,0,2,0.0,0,0,0,0,0,0,0,nba_boxscorematchupsv3
1,2025-26,Playoffs,NBA Finals,2026_nyk_sas_api_20261005,0042500401,1,2026-06-03,1610612752,NYK,1628973,Jalen Brunson,1610612759,SAS,1629640,Keldon Johnson,17,1.2,8.542710000000001,1.80085,10.6,0,3,0,0,0,0,0,0,0.0,0,0,0.0,0,0,0,0,0,0,0,nba_boxscorematchupsv3
1,2025-26,Playoffs,NBA Finals,2026_nyk_sas_api_20261005,0042500401,1,2026-06-03,1610612752,NYK,1628973,Jalen Brunson,1610612759,SAS,1628436,Luke Kornet,7,1.0,3.16742,0.74153,5.4,2,2,0,0,0,0,1,1,100.0,0,0,0.0,0,0,0,0,0,0,0,nba_boxscorematchupsv3
1,2025-26,Playoffs,NBA Finals,2026_nyk_sas_api_20261005,0042500401,1,2026-06-03,1610612752,NYK,1628973,Jalen Brunson,1610612759,SAS,1630170,Devin Vassell,101,9.7,11.16022,10.69915,15.2,6,8,0,0,0,0,3,5,60.0,0,0,0.0,0,0,0,0,0,0,0,nba_boxscorematchupsv3
1,2025-26,Playoffs,NBA Finals,2026_nyk_sas_api_20261005,0042500401,1,2026-06-03,1610612752,NYK,1628973,Jalen Brunson,1610612759,SAS,1641705,Victor Wembanyama,44,3.1,4.40882,4.66102,5.6000000000000005,0,4,0,0,0,0,0,2,0.0,0,1,0.0,0,0,0,0,0,0,0,nba_boxscorematchupsv3
1,2025-26,Playoffs,NBA Finals,2026_nyk_sas_api_20261005,0042500401,1,2026-06-03,1610612752,NYK,1629013,Landry Shamet,1610612759,SAS,203084,Harrison Barnes,74,6.5,22.08955,8.7886,24.7,0,5,0,0,0,0,0,0,0.0,0,0,0.0,0,0,0,0,0,0,0,nba_boxscorematchupsv3
1,2025-26,Playoffs,NBA Finals,2026_nyk_sas_api_20261005,0042500401,1,2026-06-03,1610612752,NYK,1629013,Landry Shamet,1610612759,SAS,1642868,Carter Bryant,1,0.1,1.20482,0.11876,1.9,0,0,0,0,0,0,0,0,0.0,0,0,0.0,0,0,0,0,0,0,0,nba_boxscorematchupsv3
1,2025-26,Playoffs,NBA Finals,2026_nyk_sas_api_20261005,0042500401,1,2026-06-03,1610612752,NYK,1629013,Landry Shamet,1610612759,SAS,1642264,Stephon Castle,73,6.2,8.12013,8.669830000000001,14.799999999999999,0,5,0,0,0,0,0,2,0.0,0,1,0.0,0,0,0,0,0,0,0,nba_boxscorematchupsv3
1,2025-26,Playoffs,NBA Finals,2026_nyk_sas_api_20261005,0042500401,1,2026-06-03,1610612752,NYK,1629013,Landry Shamet,1610612759,SAS,1630577,Julian Champagnie,168,11.8,20.74074,19.95249,36.5,8,17,0,0,0,0,3,3,100.0,2,2,100.0,0,0,0,0,0,0,0,nba_boxscorematchupsv3
1,2025-26,Playoffs,NBA Finals,2026_nyk_sas_api_20261005,0042500401,1,2026-06-03,1610612752,NYK,1629013,Landry Shamet,1610612759,SAS,1628368,De'Aaron Fox,166,12.4,16.616619999999998,19.71496,25.2,0,12,0,0,0,0,0,0,0.0,0,0,0.0,0,0,0,0,0,0,0,nba_boxscorematchupsv3
1,2025-26,Playoffs,NBA Finals,2026_nyk_sas_api_20261005,0042500401,1,2026-06-03,1610612752,NYK,1629013,Landry Shamet,1610612759,SAS,1642844,Dylan Harper,83,4.7,12.730060000000002,9.85748,11.899999999999999,0,4,0,0,0,0,0,0,0.0,0,0,0.0,0,0,0,0,0,0,0,nba_boxscorematchupsv3
1,2025-26,Playoffs,NBA Finals,2026_nyk_sas_api_20261005,0042500401,1,2026-06-03,1610612752,NYK,1629013,Landry Shamet,1610612759,SAS,1629640,Keldon Johnson,51,4.0,25.62814,6.05701,27.500000000000004,3,5,0,0,0,0,1,2,50.0,1,2,50.0,0,0,0,0,0,0,0,nba_boxscorematchupsv3
1,2025-26,Playoffs,NBA Finals,2026_nyk_sas_api_20261005,0042500401,1,2026-06-03,1610612752,NYK,1629013,Landry Shamet,1610612759,SAS,1628436,Luke Kornet,7,0.8,3.16742,0.8313499999999999,4.3999999999999995,0,0,0,0,0,0,0,0,0.0,0,0,0.0,0,0,0,0,0,0,0,nba_boxscorematchupsv3
1,2025-26,Playoffs,NBA Finals,2026_nyk_sas_api_20261005,0042500401,1,2026-06-03,1610612752,NYK,1629013,Landry Shamet,1610612759,SAS,1630170,Devin Vassell,160,13.8,17.67956,19.00238,26.5,2,16,0,0,0,0,1,1,100.0,0,0,0.0,0,0,0,0,0,0,0,nba_boxscorematchupsv3
1,2025-26,Playoffs,NBA Finals,2026_nyk_sas_api_20261005,0042500401,1,2026-06-03,1610612752,NYK,1629013,Landry Shamet,1610612759,SAS,1641705,Victor Wembanyama,59,4.9,5.9118200000000005,7.00713,10.0,0,3,0,0,0,0,0,1,0.0,0,1,0.0,0,0,0,0,0,0,0,nba_boxscorematchupsv3
1,2025-26,Playoffs,NBA Finals,2026_nyk_sas_api_20261005,0042500401,1,2026-06-03,1610612752,NYK,1630540,Miles McBride,1610612759,SAS,203084,Harrison Barnes,127,5.9,37.910450000000004,25.7085,34.1,0,13,2,0,0,0,0,0,0.0,0,0,0.0,0,0,0,0,0,0,0,nba_boxscorematchupsv3
1,2025-26,Playoffs,NBA Finals,2026_nyk_sas_api_20261005,0042500401,1,2026-06-03,1610612752,NYK,1630540,Miles McBride,1610612759,SAS,1642264,Stephon Castle,45,4.9,5.00556,9.109309999999999,15.0,0,8,1,0,0,0,0,1,0.0,0,0,0.0,0,0,0,0,0,0,0,nba_boxscorematchupsv3
1,2025-26,Playoffs,NBA Finals,2026_nyk_sas_api_20261005,0042500401,1,2026-06-03,1610612752,NYK,1630540,Miles McBride,1610612759,SAS,1630577,Julian Champagnie,37,4.2,4.5679,7.48988,18.3,0,7,1,0,0,0,0,0,0.0,0,0,0.0,0,0,0,0,0,0,0,nba_boxscorematchupsv3
1,2025-26,Playoffs,NBA Finals,2026_nyk_sas_api_20261005,0042500401,1,2026-06-03,1610612752,NYK,1630540,Miles McBride,1610612759,SAS,1628368,De'Aaron Fox,124,9.3,12.41241,25.101210000000002,29.2,3,12,0,0,0,0,1,2,50.0,1,2,50.0,0,0,0,0,0,0,0,nba_boxscorematchupsv3
1,2025-26,Playoffs,NBA Finals,2026_nyk_sas_api_20261005,0042500401,1,2026-06-03,1610612752,NYK,1630540,Miles McBride,1610612759,SAS,1642844,Dylan Harper,66,6.1,10.1227,13.36032,20.0,0,7,0,0,0,0,0,0,0.0,0,0,0.0,0,0,0,0,0,0,0,nba_boxscorematchupsv3
1,2025-26,Playoffs,NBA Finals,2026_nyk_sas_api_20261005,0042500401,1,2026-06-03,1610612752,NYK,1630540,Miles McBride,1610612759,SAS,1629640,Keldon Johnson,11,1.3,5.52764,2.2267200000000003,17.8,0,0,0,0,0,0,0,1,0.0,0,1,0.0,0,0,0,0,0,0,0,nba_boxscorematchupsv3
1,2025-26,Playoffs,NBA Finals,2026_nyk_sas_api_20261005,0042500401,1,2026-06-03,1610612752,NYK,1630540,Miles McBride,1610612759,SAS,1630170,Devin Vassell,37,3.6,4.0884,7.48988,14.299999999999999,0,2,0,0,0,0,0,0,0.0,0,0,0.0,0,0,0,0,0,0,0,nba_boxscorematchupsv3
1,2025-26,Playoffs,NBA Finals,2026_nyk_sas_api_20261005,0042500401,1,2026-06-03,1610612752,NYK,1630540,Miles McBride,1610612759,SAS,1641705,Victor Wembanyama,47,4.5,4.709420000000001,9.51417,11.700000000000001,3,5,0,0,0,0,1,3,33.300000000000004,1,3,33.300000000000004,0,0,0,0,0,0,0,nba_boxscorematchupsv3
1,2025-26,Playoffs,NBA Finals,2026_nyk_sas_api_20261005,0042500401,1,2026-06-03,1610612752,NYK,1629011,Mitchell Robinson,1610612759,SAS,203084,Harrison Barnes,2,0.6,0.59701,0.6578900000000001,10.7,0,0,0,0,0,0,0,0,0.0,0,0,0.0,0,0,0,0,0,0,0,nba_boxscorematchupsv3
1,2025-26,Playoffs,NBA Finals,2026_nyk_sas_api_20261005,0042500401,1,2026-06-03,1610612752,NYK,1629011,Mitchell Robinson,1610612759,SAS,1642868,Carter Bryant,2,0.1,2.40964,0.6578900000000001,2.4,0,4,0,0,0,0,0,0,0.0,0,0,0.0,0,0,0,0,0,0,0,nba_boxscorematchupsv3
1,2025-26,Playoffs,NBA Finals,2026_nyk_sas_api_20261005,0042500401,1,2026-06-03,1610612752,NYK,1629011,Mitchell Robinson,1610612759,SAS,1642264,Stephon Castle,6,0.2,0.66741,1.9736799999999999,4.3999999999999995,0,3,0,0,0,0,0,0,0.0,0,0,0.0,0,0,0,0,0,0,0,nba_boxscorematchupsv3
1,2025-26,Playoffs,NBA Finals,2026_nyk_sas_api_20261005,0042500401,1,2026-06-03,1610612752,NYK,1629011,Mitchell Robinson,1610612759,SAS,1628368,De'Aaron Fox,7,1.3,0.7007,2.3026299999999997,5.1,0,0,0,0,0,0,0,0,0.0,0,0,0.0,0,0,0,0,0,0,0,nba_boxscorematchupsv3
1,2025-26,Playoffs,NBA Finals,2026_nyk_sas_api_20261005,0042500401,1,2026-06-03,1610612752,NYK,1629011,Mitchell Robinson,1610612759,SAS,1642844,Dylan Harper,8,1.9,1.22699,2.63158,4.3,0,2,0,0,0,0,0,0,0.0,0,0,0.0,0,0,0,0,0,0,0,nba_boxscorematchupsv3
1,2025-26,Playoffs,NBA Finals,2026_nyk_sas_api_20261005,0042500401,1,2026-06-03,1610612752,NYK,1629011,Mitchell Robinson,1610612759,SAS,1629640,Keldon Johnson,1,0.1,0.50251,0.32894999999999996,2.4,0,0,0,0,0,0,0,0,0.0,0,0,0.0,0,0,0,0,0,0,0,nba_boxscorematchupsv3
1,2025-26,Playoffs,NBA Finals,2026_nyk_sas_api_20261005,0042500401,1,2026-06-03,1610612752,NYK,1629011,Mitchell Robinson,1610612759,SAS,1628436,Luke Kornet,124,12.3,56.108599999999996,40.78947,88.2,2,13,0,0,0,0,1,1,100.0,0,0,0.0,0,1,1,0,0,0,0,nba_boxscorematchupsv3
1,2025-26,Playoffs,NBA Finals,2026_nyk_sas_api_20261005,0042500401,1,2026-06-03,1610612752,NYK,1629011,Mitchell Robinson,1610612759,SAS,1630170,Devin Vassell,14,1.2,1.54696,4.6052599999999995,6.800000000000001,0,4,0,0,0,0,0,1,0.0,0,0,0.0,0,0,0,0,0,0,0,nba_boxscorematchupsv3
1,2025-26,Playoffs,NBA Finals,2026_nyk_sas_api_20261005,0042500401,1,2026-06-03,1610612752,NYK,1629011,Mitchell Robinson,1610612759,SAS,1641705,Victor Wembanyama,140,7.7,14.02806,46.05263,74.9,0,5,0,0,0,0,0,0,0.0,0,0,0.0,0,0,0,0,0,0,0,nba_boxscorematchupsv3
1,2025-26,Playoffs,NBA Finals,2026_nyk_sas_api_20261005,0042500401,1,2026-06-03,1610612752,NYK,1630631,Jose Alvarado,1610612759,SAS,203084,Harrison Barnes,7,0.8,2.08955,2.3728800000000003,3.3000000000000003,0,3,1,0,0,0,0,0,0.0,0,0,0.0,0,0,0,0,0,0,0,nba_boxscorematchupsv3
1,2025-26,Playoffs,NBA Finals,2026_nyk_sas_api_20261005,0042500401,1,2026-06-03,1610612752,NYK,1630631,Jose Alvarado,1610612759,SAS,1642264,Stephon Castle,63,3.4,7.00779,21.35593,21.099999999999998,0,0,0,0,0,0,0,2,0.0,0,1,0.0,0,0,0,0,0,0,0,nba_boxscorematchupsv3
1,2025-26,Playoffs,NBA Finals,2026_nyk_sas_api_20261005,0042500401,1,2026-06-03,1610612752,NYK,1630631,Jose Alvarado,1610612759,SAS,1630577,Julian Champagnie,15,0.3,1.85185,5.08475,10.8,3,3,0,0,0,0,1,1,100.0,1,1,100.0,0,0,0,0,0,0,0,nba_boxscorematchupsv3
1,2025-26,Playoffs,NBA Finals,2026_nyk_sas_api_20261005,0042500401,1,2026-06-03,1610612752,NYK,1630631,Jose Alvarado,1610612759,SAS,1628368,De'Aaron Fox,108,6.8,10.81081,36.61017,50.7,0,9,0,0,1,0,0,0,0.0,0,0,0.0,0,0,0,0,0,0,0,nba_boxscorematchupsv3
1,2025-26,Playoffs,NBA Finals,2026_nyk_sas_api_20261005,0042500401,1,2026-06-03,1610612752,NYK,1630631,Jose Alvarado,1610612759,SAS,1642844,Dylan Harper,34,3.3,5.21472,11.52542,31.4,2,2,0,0,0,0,1,1,100.0,0,0,0.0,0,0,0,0,0,0,0,nba_boxscorematchupsv3
1,2025-26,Playoffs,NBA Finals,2026_nyk_sas_api_20261005,0042500401,1,2026-06-03,1610612752,NYK,1630631,Jose Alvarado,1610612759,SAS,1630170,Devin Vassell,23,1.3,2.54144,7.796609999999999,10.2,0,3,0,0,0,0,0,0,0.0,0,0,0.0,0,0,0,0,0,0,0,nba_boxscorematchupsv3
1,2025-26,Playoffs,NBA Finals,2026_nyk_sas_api_20261005,0042500401,1,2026-06-03,1610612752,NYK,1630631,Jose Alvarado,1610612759,SAS,1641705,Victor Wembanyama,45,1.9,4.50902,15.25424,15.6,2,4,0,0,0,0,1,2,50.0,0,1,0.0,0,0,0,0,0,0,0,nba_boxscorematchupsv3
1,2025-26,Playoffs,NBA Finals,2026_nyk_sas_api_20261005,0042500401,1,2026-06-03,1610612752,NYK,203903,Jordan Clarkson,1610612759,SAS,1642868,Carter Bryant,6,0.7,7.22892,5.128209999999999,8.4,0,0,0,0,0,0,0,1,0.0,0,1,0.0,0,0,0,0,0,0,0,nba_boxscorematchupsv3
1,2025-26,Playoffs,NBA Finals,2026_nyk_sas_api_20261005,0042500401,1,2026-06-03,1610612752,NYK,203903,Jordan Clarkson,1610612759,SAS,1642264,Stephon Castle,13,1.0,1.4460499999999998,11.11111,27.700000000000003,0,0,0,0,0,0,0,0,0.0,0,0,0.0,0,0,0,0,0,0,0,nba_boxscorematchupsv3
1,2025-26,Playoffs,NBA Finals,2026_nyk_sas_api_20261005,0042500401,1,2026-06-03,1610612752,NYK,203903,Jordan Clarkson,1610612759,SAS,1628368,De'Aaron Fox,1,0.1,0.1001,0.8547000000000001,1.7000000000000002,0,0,0,0,0,0,0,0,0.0,0,0,0.0,0,0,0,0,0,0,0,nba_boxscorematchupsv3
1,2025-26,Playoffs,NBA Finals,2026_nyk_sas_api_20261005,0042500401,1,2026-06-03,1610612752,NYK,203903,Jordan Clarkson,1610612759,SAS,1642844,Dylan Harper,95,9.9,14.570549999999999,81.19658,80.2,0,12,0,0,0,0,0,0,0.0,0,0,0.0,0,0,0,0,0,0,0,nba_boxscorematchupsv3
1,2025-26,Playoffs,NBA Finals,2026_nyk_sas_api_20261005,0042500401,1,2026-06-03,1610612752,NYK,203903,Jordan Clarkson,1610612759,SAS,1628436,Luke Kornet,1,0.0,0.45249,0.8547000000000001,0.6,0,0,0,0,0,0,0,0,0.0,0,0,0.0,0,0,0,0,0,0,0,nba_boxscorematchupsv3
1,2025-26,Playoffs,NBA Finals,2026_nyk_sas_api_20261005,0042500401,1,2026-06-03,1610612752,NYK,203903,Jordan Clarkson,1610612759,SAS,1641705,Victor Wembanyama,1,0.0,0.10020000000000001,0.8547000000000001,2.9000000000000004,0,3,0,0,0,0,0,0,0.0,0,0,0.0,0,0,0,0,0,0,0,nba_boxscorematchupsv3
1,2025-26,Playoffs,NBA Finals,2026_nyk_sas_api_20261005,0042500402,2,2026-06-05,1610612759,SAS,1630170,Devin Vassell,1610612752,NYK,1630631,Jose Alvarado,5,0.2,2.30415,0.63776,13.8,0,3,0,0,0,0,0,0,0.0,0,0,0.0,0,0,0,0,0,0,0,nba_boxscorematchupsv3
1,2025-26,Playoffs,NBA Finals,2026_nyk_sas_api_20261005,0042500402,2,2026-06-05,1610612759,SAS,1630170,Devin Vassell,1610612752,NYK,1628384,OG Anunoby,90,10.1,11.378,11.47959,17.1,0,9,0,0,0,0,0,0,0.0,0,0,0.0,0,0,0,0,0,0,0,nba_boxscorematchupsv3
1,2025-26,Playoffs,NBA Finals,2026_nyk_sas_api_20261005,0042500402,2,2026-06-05,1610612759,SAS,1630170,Devin Vassell,1610612752,NYK,1628969,Mikal Bridges,212,19.3,25.118479999999998,27.04082,29.099999999999998,0,17,0,0,0,0,0,1,0.0,0,0,0.0,0,0,0,0,0,0,0,nba_boxscorematchupsv3
1,2025-26,Playoffs,NBA Finals,2026_nyk_sas_api_20261005,0042500402,2,2026-06-05,1610612759,SAS,1630170,Devin Vassell,1610612752,NYK,1628973,Jalen Brunson,105,9.8,13.56589,13.39286,14.6,7,18,2,0,0,0,2,2,100.0,2,2,100.0,1,1,1,0,0,0,0,nba_boxscorematchupsv3
1,2025-26,Playoffs,NBA Finals,2026_nyk_sas_api_20261005,0042500402,2,2026-06-05,1610612759,SAS,1630170,Devin Vassell,1610612752,NYK,1628404,Josh Hart,50,6.0,13.698630000000001,6.37755,17.7,2,10,0,0,0,0,0,1,0.0,0,1,0.0,2,2,0,0,0,0,0,nba_boxscorematchupsv3
1,2025-26,Playoffs,NBA Finals,2026_nyk_sas_api_20261005,0042500402,2,2026-06-05,1610612759,SAS,1630170,Devin Vassell,1610612752,NYK,1630540,Miles McBride,113,5.0,26.713949999999997,14.41327,39.800000000000004,2,7,1,0,0,0,1,1,100.0,0,0,0.0,0,0,0,0,0,0,0,nba_boxscorematchupsv3
1,2025-26,Playoffs,NBA Finals,2026_nyk_sas_api_20261005,0042500402,2,2026-06-05,1610612759,SAS,1630170,Devin Vassell,1610612752,NYK,1629011,Mitchell Robinson,8,0.4,2.2792,1.02041,3.6999999999999997,0,2,0,0,0,0,0,0,0.0,0,0,0.0,0,0,0,0,0,0,0,nba_boxscorematchupsv3
1,2025-26,Playoffs,NBA Finals,2026_nyk_sas_api_20261005,0042500402,2,2026-06-05,1610612759,SAS,1630170,Devin Vassell,1610612752,NYK,1629013,Landry Shamet,182,13.7,29.16667,23.214290000000002,32.6,0,13,1,0,0,0,0,3,0.0,0,3,0.0,0,0,0,0,0,0,0,nba_boxscorematchupsv3
1,2025-26,Playoffs,NBA Finals,2026_nyk_sas_api_20261005,0042500402,2,2026-06-05,1610612759,SAS,1630170,Devin Vassell,1610612752,NYK,1626157,Karl-Anthony Towns,19,4.6,2.86576,2.42347,6.7,3,3,0,0,0,0,1,1,100.0,1,1,100.0,0,0,0,0,0,0,0,nba_boxscorematchupsv3
1,2025-26,Playoffs,NBA Finals,2026_nyk_sas_api_20261005,0042500402,2,2026-06-05,1610612759,SAS,1630577,Julian Champagnie,1610612752,NYK,1630631,Jose Alvarado,68,6.3,31.336409999999997,8.88889,35.0,0,6,0,0,0,0,0,0,0.0,0,0,0.0,0,0,0,0,0,0,0,nba_boxscorematchupsv3
1,2025-26,Playoffs,NBA Finals,2026_nyk_sas_api_20261005,0042500402,2,2026-06-05,1610612759,SAS,1630577,Julian Champagnie,1610612752,NYK,1628384,OG Anunoby,64,8.2,8.09102,8.36601,12.5,0,6,0,0,0,1,0,2,0.0,0,1,0.0,0,0,0,0,0,0,0,nba_boxscorematchupsv3
1,2025-26,Playoffs,NBA Finals,2026_nyk_sas_api_20261005,0042500402,2,2026-06-05,1610612759,SAS,1630577,Julian Champagnie,1610612752,NYK,1628969,Mikal Bridges,96,6.5,11.37441,12.549019999999999,14.000000000000002,5,19,1,0,0,0,1,1,100.0,1,1,100.0,2,2,1,0,0,0,0,nba_boxscorematchupsv3
1,2025-26,Playoffs,NBA Finals,2026_nyk_sas_api_20261005,0042500402,2,2026-06-05,1610612759,SAS,1630577,Julian Champagnie,1610612752,NYK,1628973,Jalen Brunson,364,24.7,47.02842,47.5817,55.50000000000001,3,22,0,0,0,0,1,2,50.0,1,2,50.0,0,0,0,0,0,0,0,nba_boxscorematchupsv3
1,2025-26,Playoffs,NBA Finals,2026_nyk_sas_api_20261005,0042500402,2,2026-06-05,1610612759,SAS,1630577,Julian Champagnie,1610612752,NYK,1628404,Josh Hart,37,2.4,10.136989999999999,4.8366,11.5,0,2,0,0,0,0,0,0,0.0,0,0,0.0,0,0,0,0,0,0,0,nba_boxscorematchupsv3
1,2025-26,Playoffs,NBA Finals,2026_nyk_sas_api_20261005,0042500402,2,2026-06-05,1610612759,SAS,1630577,Julian Champagnie,1610612752,NYK,1630540,Miles McBride,24,2.8,5.67376,3.13725,7.1,0,2,0,0,0,0,0,0,0.0,0,0,0.0,0,0,0,0,0,0,0,nba_boxscorematchupsv3
1,2025-26,Playoffs,NBA Finals,2026_nyk_sas_api_20261005,0042500402,2,2026-06-05,1610612759,SAS,1630577,Julian Champagnie,1610612752,NYK,1629011,Mitchell Robinson,2,0.5,0.5698,0.26144,4.9,0,0,0,0,0,0,0,0,0.0,0,0,0.0,0,0,0,0,0,0,0,nba_boxscorematchupsv3
1,2025-26,Playoffs,NBA Finals,2026_nyk_sas_api_20261005,0042500402,2,2026-06-05,1610612759,SAS,1630577,Julian Champagnie,1610612752,NYK,1629013,Landry Shamet,83,8.7,13.301279999999998,10.84967,19.8,0,8,0,0,0,0,0,1,0.0,0,1,0.0,0,0,0,0,0,0,0,nba_boxscorematchupsv3
1,2025-26,Playoffs,NBA Finals,2026_nyk_sas_api_20261005,0042500402,2,2026-06-05,1610612759,SAS,1630577,Julian Champagnie,1610612752,NYK,1626157,Karl-Anthony Towns,27,6.2,4.0724,3.5294100000000004,7.3999999999999995,0,5,0,0,0,0,0,0,0.0,0,0,0.0,0,0,0,0,0,0,0,nba_boxscorematchupsv3
1,2025-26,Playoffs,NBA Finals,2026_nyk_sas_api_20261005,0042500402,2,2026-06-05,1610612759,SAS,1641705,Victor Wembanyama,1610612752,NYK,1630631,Jose Alvarado,5,0.7,2.30415,0.59312,4.6,0,0,0,0,0,0,0,0,0.0,0,0,0.0,0,0,0,0,0,0,0,nba_boxscorematchupsv3
1,2025-26,Playoffs,NBA Finals,2026_nyk_sas_api_20261005,0042500402,2,2026-06-05,1610612759,SAS,1641705,Victor Wembanyama,1610612752,NYK,1628384,OG Anunoby,86,7.8,10.87231,10.20166,13.200000000000001,5,13,0,0,0,0,2,5,40.0,0,3,0.0,1,2,1,0,0,0,0,nba_boxscorematchupsv3
1,2025-26,Playoffs,NBA Finals,2026_nyk_sas_api_20261005,0042500402,2,2026-06-05,1610612759,SAS,1641705,Victor Wembanyama,1610612752,NYK,1628969,Mikal Bridges,44,6.0,5.21327,5.21945,8.7,0,2,1,0,1,0,0,0,0.0,0,0,0.0,0,0,0,0,0,0,0,nba_boxscorematchupsv3
1,2025-26,Playoffs,NBA Finals,2026_nyk_sas_api_20261005,0042500402,2,2026-06-05,1610612759,SAS,1641705,Victor Wembanyama,1610612752,NYK,1628973,Jalen Brunson,23,4.4,2.97158,2.72835,6.1,0,4,0,0,0,0,0,1,0.0,0,0,0.0,0,0,0,0,0,0,0,nba_boxscorematchupsv3
1,2025-26,Playoffs,NBA Finals,2026_nyk_sas_api_20261005,0042500402,2,2026-06-05,1610612759,SAS,1641705,Victor Wembanyama,1610612752,NYK,1628404,Josh Hart,26,6.8,7.12329,3.08422,12.0,0,7,0,0,0,0,0,0,0.0,0,0,0.0,0,0,0,0,0,0,0,nba_boxscorematchupsv3
1,2025-26,Playoffs,NBA Finals,2026_nyk_sas_api_20261005,0042500402,2,2026-06-05,1610612759,SAS,1641705,Victor Wembanyama,1610612752,NYK,1630540,Miles McBride,8,1.8,1.8912499999999999,0.9489900000000001,4.9,0,0,0,0,0,0,0,0,0.0,0,0,0.0,0,0,0,0,0,0,0,nba_boxscorematchupsv3
1,2025-26,Playoffs,NBA Finals,2026_nyk_sas_api_20261005,0042500402,2,2026-06-05,1610612759,SAS,1641705,Victor Wembanyama,1610612752,NYK,1629011,Mitchell Robinson,186,10.8,52.99144999999999,22.064059999999998,77.4,9,16,0,0,0,0,3,6,50.0,2,2,100.0,1,2,1,0,0,0,0,nba_boxscorematchupsv3
1,2025-26,Playoffs,NBA Finals,2026_nyk_sas_api_20261005,0042500402,2,2026-06-05,1610612759,SAS,1641705,Victor Wembanyama,1610612752,NYK,1629013,Landry Shamet,17,2.4,2.72436,2.01661,4.2,2,4,0,0,0,0,1,1,100.0,0,0,0.0,0,0,0,0,0,0,0,nba_boxscorematchupsv3
1,2025-26,Playoffs,NBA Finals,2026_nyk_sas_api_20261005,0042500402,2,2026-06-05,1610612759,SAS,1641705,Victor Wembanyama,1610612752,NYK,1626157,Karl-Anthony Towns,448,37.2,67.57164,53.143530000000005,65.3,10,41,0,0,3,0,4,7,57.099999999999994,0,1,0.0,2,3,2,0,0,0,0,nba_boxscorematchupsv3
1,2025-26,Playoffs,NBA Finals,2026_nyk_sas_api_20261005,0042500402,2,2026-06-05,1610612759,SAS,1642264,Stephon Castle,1610612752,NYK,1630631,Jose Alvarado,36,3.1,16.58986,6.1643799999999995,19.5,2,2,0,0,0,0,0,0,0.0,0,0,0.0,2,2,1,0,0,0,0,nba_boxscorematchupsv3
1,2025-26,Playoffs,NBA Finals,2026_nyk_sas_api_20261005,0042500402,2,2026-06-05,1610612759,SAS,1642264,Stephon Castle,1610612752,NYK,1628384,OG Anunoby,44,4.3,5.5625800000000005,7.534250000000001,12.7,0,3,1,0,0,0,0,0,0.0,0,0,0.0,0,0,0,0,0,0,0,nba_boxscorematchupsv3
1,2025-26,Playoffs,NBA Finals,2026_nyk_sas_api_20261005,0042500402,2,2026-06-05,1610612759,SAS,1642264,Stephon Castle,1610612752,NYK,1628969,Mikal Bridges,98,7.1,11.61137,16.78082,16.7,0,3,1,0,1,0,0,3,0.0,0,0,0.0,0,0,0,0,0,0,0,nba_boxscorematchupsv3
1,2025-26,Playoffs,NBA Finals,2026_nyk_sas_api_20261005,0042500402,2,2026-06-05,1610612759,SAS,1642264,Stephon Castle,1610612752,NYK,1628973,Jalen Brunson,42,9.2,5.42636,7.1917800000000005,14.7,3,6,0,0,0,0,1,2,50.0,1,1,100.0,0,0,0,0,0,0,0,nba_boxscorematchupsv3
1,2025-26,Playoffs,NBA Finals,2026_nyk_sas_api_20261005,0042500402,2,2026-06-05,1610612759,SAS,1642264,Stephon Castle,1610612752,NYK,1628404,Josh Hart,178,12.8,48.767120000000006,30.479450000000003,57.4,2,15,0,0,2,1,1,3,33.300000000000004,0,1,0.0,0,2,1,0,0,0,0,nba_boxscorematchupsv3
1,2025-26,Playoffs,NBA Finals,2026_nyk_sas_api_20261005,0042500402,2,2026-06-05,1610612759,SAS,1642264,Stephon Castle,1610612752,NYK,1630540,Miles McBride,26,3.0,6.14657,4.45205,14.899999999999999,3,8,1,0,0,0,1,1,100.0,1,1,100.0,0,0,0,0,0,0,0,nba_boxscorematchupsv3
1,2025-26,Playoffs,NBA Finals,2026_nyk_sas_api_20261005,0042500402,2,2026-06-05,1610612759,SAS,1642264,Stephon Castle,1610612752,NYK,1629011,Mitchell Robinson,10,0.6,2.849,1.7123300000000001,5.800000000000001,0,0,0,0,0,0,0,1,0.0,0,1,0.0,0,0,0,0,0,0,0,nba_boxscorematchupsv3
1,2025-26,Playoffs,NBA Finals,2026_nyk_sas_api_20261005,0042500402,2,2026-06-05,1610612759,SAS,1642264,Stephon Castle,1610612752,NYK,1629013,Landry Shamet,107,7.0,17.14744,18.32192,32.7,4,9,1,0,0,1,2,4,50.0,0,0,0.0,0,0,0,0,0,0,0,nba_boxscorematchupsv3
1,2025-26,Playoffs,NBA Finals,2026_nyk_sas_api_20261005,0042500402,2,2026-06-05,1610612759,SAS,1642264,Stephon Castle,1610612752,NYK,1626157,Karl-Anthony Towns,43,3.2,6.485670000000001,7.36301,9.3,0,5,0,0,1,0,0,0,0.0,0,0,0.0,0,0,0,0,0,0,0,nba_boxscorematchupsv3
1,2025-26,Playoffs,NBA Finals,2026_nyk_sas_api_20261005,0042500402,2,2026-06-05,1610612759,SAS,1628368,De'Aaron Fox,1610612752,NYK,1630631,Jose Alvarado,71,4.4,32.71889,10.59701,69.6,0,2,1,0,0,0,0,0,0.0,0,0,0.0,0,0,0,0,0,0,0,nba_boxscorematchupsv3
1,2025-26,Playoffs,NBA Finals,2026_nyk_sas_api_20261005,0042500402,2,2026-06-05,1610612759,SAS,1628368,De'Aaron Fox,1610612752,NYK,1628384,OG Anunoby,158,13.7,19.97472,23.58209,26.3,5,18,1,0,0,0,2,2,100.0,1,1,100.0,0,0,0,0,0,0,0,nba_boxscorematchupsv3
1,2025-26,Playoffs,NBA Finals,2026_nyk_sas_api_20261005,0042500402,2,2026-06-05,1610612759,SAS,1628368,De'Aaron Fox,1610612752,NYK,1628969,Mikal Bridges,206,17.9,24.40758,30.74627,38.7,0,11,2,0,0,0,0,2,0.0,0,0,0.0,0,0,0,0,0,0,0,nba_boxscorematchupsv3
1,2025-26,Playoffs,NBA Finals,2026_nyk_sas_api_20261005,0042500402,2,2026-06-05,1610612759,SAS,1628368,De'Aaron Fox,1610612752,NYK,1628973,Jalen Brunson,66,8.8,8.52713,9.85075,12.6,7,16,0,0,0,0,3,3,100.0,1,1,100.0,0,0,0,0,0,0,0,nba_boxscorematchupsv3
1,2025-26,Playoffs,NBA Finals,2026_nyk_sas_api_20261005,0042500402,2,2026-06-05,1610612759,SAS,1628368,De'Aaron Fox,1610612752,NYK,1628404,Josh Hart,37,3.5,10.136989999999999,5.52239,14.299999999999999,1,1,0,0,1,0,0,1,0.0,0,0,0.0,1,1,1,0,0,0,0,nba_boxscorematchupsv3
1,2025-26,Playoffs,NBA Finals,2026_nyk_sas_api_20261005,0042500402,2,2026-06-05,1610612759,SAS,1628368,De'Aaron Fox,1610612752,NYK,1630540,Miles McBride,33,4.0,7.80142,4.92537,14.2,3,6,0,0,0,0,1,1,100.0,0,0,0.0,1,1,1,0,0,0,0,nba_boxscorematchupsv3
1,2025-26,Playoffs,NBA Finals,2026_nyk_sas_api_20261005,0042500402,2,2026-06-05,1610612759,SAS,1628368,De'Aaron Fox,1610612752,NYK,1629011,Mitchell Robinson,24,2.5,6.83761,3.5820900000000004,11.0,2,2,1,0,1,0,1,1,100.0,0,0,0.0,0,0,0,0,0,0,0,nba_boxscorematchupsv3
1,2025-26,Playoffs,NBA Finals,2026_nyk_sas_api_20261005,0042500402,2,2026-06-05,1610612759,SAS,1628368,De'Aaron Fox,1610612752,NYK,1629013,Landry Shamet,37,3.1,5.9294899999999995,5.52239,11.0,2,2,0,0,0,0,1,1,100.0,0,0,0.0,0,0,0,0,0,0,0,nba_boxscorematchupsv3
1,2025-26,Playoffs,NBA Finals,2026_nyk_sas_api_20261005,0042500402,2,2026-06-05,1610612759,SAS,1628368,De'Aaron Fox,1610612752,NYK,1626157,Karl-Anthony Towns,38,4.1,5.73152,5.67164,8.5,0,5,0,0,1,0,0,1,0.0,0,0,0.0,0,0,0,0,0,0,0,nba_boxscorematchupsv3
1,2025-26,Playoffs,NBA Finals,2026_nyk_sas_api_20261005,0042500402,2,2026-06-05,1610612759,SAS,1642844,Dylan Harper,1610612752,NYK,1630631,Jose Alvarado,27,2.1,12.442400000000001,3.79747,20.7,0,1,0,0,0,0,0,0,0.0,0,0,0.0,0,0,0,0,0,0,0,nba_boxscorematchupsv3
1,2025-26,Playoffs,NBA Finals,2026_nyk_sas_api_20261005,0042500402,2,2026-06-05,1610612759,SAS,1642844,Dylan Harper,1610612752,NYK,1628384,OG Anunoby,192,13.2,24.27307,27.00422,30.3,5,21,2,0,0,1,2,3,66.7,0,0,0.0,1,2,1,0,0,0,0,nba_boxscorematchupsv3
1,2025-26,Playoffs,NBA Finals,2026_nyk_sas_api_20261005,0042500402,2,2026-06-05,1610612759,SAS,1642844,Dylan Harper,1610612752,NYK,1628969,Mikal Bridges,109,12.3,12.91469,15.33052,22.1,4,14,0,0,0,0,1,3,33.300000000000004,0,2,0.0,2,2,1,0,0,0,0,nba_boxscorematchupsv3
1,2025-26,Playoffs,NBA Finals,2026_nyk_sas_api_20261005,0042500402,2,2026-06-05,1610612759,SAS,1642844,Dylan Harper,1610612752,NYK,1628973,Jalen Brunson,53,5.8,6.847549999999999,7.454289999999999,10.9,2,4,0,0,0,0,1,1,100.0,0,0,0.0,0,0,0,0,0,0,0,nba_boxscorematchupsv3
1,2025-26,Playoffs,NBA Finals,2026_nyk_sas_api_20261005,0042500402,2,2026-06-05,1610612759,SAS,1642844,Dylan Harper,1610612752,NYK,1628404,Josh Hart,11,1.4,3.0137,1.5471199999999998,7.000000000000001,2,2,0,0,0,0,1,1,100.0,0,0,0.0,0,0,0,0,0,0,0,nba_boxscorematchupsv3
1,2025-26,Playoffs,NBA Finals,2026_nyk_sas_api_20261005,0042500402,2,2026-06-05,1610612759,SAS,1642844,Dylan Harper,1610612752,NYK,1630540,Miles McBride,153,12.8,36.170210000000004,21.51899,42.8,0,8,0,0,1,0,0,1,0.0,0,1,0.0,0,0,0,0,0,0,0,nba_boxscorematchupsv3
1,2025-26,Playoffs,NBA Finals,2026_nyk_sas_api_20261005,0042500402,2,2026-06-05,1610612759,SAS,1642844,Dylan Harper,1610612752,NYK,1629011,Mitchell Robinson,27,1.3,7.692309999999999,3.79747,7.8,0,2,0,0,0,0,0,0,0.0,0,0,0.0,0,0,0,0,0,0,0,nba_boxscorematchupsv3
1,2025-26,Playoffs,NBA Finals,2026_nyk_sas_api_20261005,0042500402,2,2026-06-05,1610612759,SAS,1642844,Dylan Harper,1610612752,NYK,1629013,Landry Shamet,104,12.6,16.66667,14.62729,22.0,0,12,1,0,1,0,0,1,0.0,0,0,0.0,0,0,0,0,0,0,0,nba_boxscorematchupsv3
1,2025-26,Playoffs,NBA Finals,2026_nyk_sas_api_20261005,0042500402,2,2026-06-05,1610612759,SAS,1642844,Dylan Harper,1610612752,NYK,1626157,Karl-Anthony Towns,35,5.3,5.27903,4.9226399999999995,12.2,2,5,0,0,0,1,1,1,100.0,0,0,0.0,0,0,0,0,0,0,0,nba_boxscorematchupsv3
1,2025-26,Playoffs,NBA Finals,2026_nyk_sas_api_20261005,0042500402,2,2026-06-05,1610612759,SAS,1629640,Keldon Johnson,1610612752,NYK,1630631,Jose Alvarado,1,0.0,0.46083,0.28169,0.3,0,0,0,0,0,0,0,0,0.0,0,0,0.0,0,0,0,0,0,0,0,nba_boxscorematchupsv3
1,2025-26,Playoffs,NBA Finals,2026_nyk_sas_api_20261005,0042500402,2,2026-06-05,1610612759,SAS,1629640,Keldon Johnson,1610612752,NYK,1628384,OG Anunoby,135,10.3,17.067,38.02817,47.599999999999994,2,6,0,0,0,0,1,2,50.0,0,1,0.0,0,0,0,0,0,0,0,nba_boxscorematchupsv3
1,2025-26,Playoffs,NBA Finals,2026_nyk_sas_api_20261005,0042500402,2,2026-06-05,1610612759,SAS,1629640,Keldon Johnson,1610612752,NYK,1628969,Mikal Bridges,60,4.0,7.109,16.90141,16.3,0,8,1,0,0,0,0,0,0.0,0,0,0.0,0,0,0,0,0,0,0,nba_boxscorematchupsv3
1,2025-26,Playoffs,NBA Finals,2026_nyk_sas_api_20261005,0042500402,2,2026-06-05,1610612759,SAS,1629640,Keldon Johnson,1610612752,NYK,1628973,Jalen Brunson,23,2.8,2.97158,6.478870000000001,16.1,0,5,0,0,1,0,0,0,0.0,0,0,0.0,0,0,0,0,0,0,0,nba_boxscorematchupsv3
1,2025-26,Playoffs,NBA Finals,2026_nyk_sas_api_20261005,0042500402,2,2026-06-05,1610612759,SAS,1629640,Keldon Johnson,1610612752,NYK,1628404,Josh Hart,3,1.0,0.82192,0.84507,10.7,0,0,0,0,0,0,0,0,0.0,0,0,0.0,0,0,0,0,0,0,0,nba_boxscorematchupsv3
1,2025-26,Playoffs,NBA Finals,2026_nyk_sas_api_20261005,0042500402,2,2026-06-05,1610612759,SAS,1629640,Keldon Johnson,1610612752,NYK,1630540,Miles McBride,52,2.8,12.29314,14.64789,29.5,0,2,0,0,0,0,0,0,0.0,0,0,0.0,0,0,0,0,0,0,0,nba_boxscorematchupsv3
1,2025-26,Playoffs,NBA Finals,2026_nyk_sas_api_20261005,0042500402,2,2026-06-05,1610612759,SAS,1629640,Keldon Johnson,1610612752,NYK,1629011,Mitchell Robinson,10,0.3,2.849,2.8169,5.4,1,1,0,0,0,1,0,1,0.0,0,0,0.0,1,2,1,0,0,0,0,nba_boxscorematchupsv3
1,2025-26,Playoffs,NBA Finals,2026_nyk_sas_api_20261005,0042500402,2,2026-06-05,1610612759,SAS,1629640,Keldon Johnson,1610612752,NYK,1629013,Landry Shamet,65,6.1,10.41667,18.30986,25.900000000000002,0,4,0,0,0,0,0,1,0.0,0,1,0.0,0,0,0,0,0,0,0,nba_boxscorematchupsv3
1,2025-26,Playoffs,NBA Finals,2026_nyk_sas_api_20261005,0042500402,2,2026-06-05,1610612759,SAS,1629640,Keldon Johnson,1610612752,NYK,1626157,Karl-Anthony Towns,6,0.2,0.90498,1.69014,5.4,0,2,1,0,0,0,0,0,0.0,0,0,0.0,0,0,0,0,0,0,0,nba_boxscorematchupsv3
1,2025-26,Playoffs,NBA Finals,2026_nyk_sas_api_20261005,0042500402,2,2026-06-05,1610612759,SAS,1628436,Luke Kornet,1610612752,NYK,1630631,Jose Alvarado,4,0.2,1.84332,2.18579,4.5,0,0,0,0,0,0,0,0,0.0,0,0,0.0,0,0,0,0,0,0,0,nba_boxscorematchupsv3
1,2025-26,Playoffs,NBA Finals,2026_nyk_sas_api_20261005,0042500402,2,2026-06-05,1610612759,SAS,1628436,Luke Kornet,1610612752,NYK,1628384,OG Anunoby,5,0.4,0.63211,2.73224,5.7,0,0,0,0,0,0,0,0,0.0,0,0,0.0,0,0,0,0,0,0,0,nba_boxscorematchupsv3
1,2025-26,Playoffs,NBA Finals,2026_nyk_sas_api_20261005,0042500402,2,2026-06-05,1610612759,SAS,1628436,Luke Kornet,1610612752,NYK,1628969,Mikal Bridges,5,0.4,0.5924200000000001,2.73224,3.9,0,4,0,0,0,0,0,0,0.0,0,0,0.0,0,0,0,0,0,0,0,nba_boxscorematchupsv3
1,2025-26,Playoffs,NBA Finals,2026_nyk_sas_api_20261005,0042500402,2,2026-06-05,1610612759,SAS,1628436,Luke Kornet,1610612752,NYK,1628973,Jalen Brunson,3,1.3,0.3876,1.6393399999999998,5.7,0,0,0,0,0,0,0,0,0.0,0,0,0.0,0,0,0,0,0,0,0,nba_boxscorematchupsv3
1,2025-26,Playoffs,NBA Finals,2026_nyk_sas_api_20261005,0042500402,2,2026-06-05,1610612759,SAS,1628436,Luke Kornet,1610612752,NYK,1630540,Miles McBride,12,0.6,2.83688,6.55738,6.7,0,2,0,0,0,0,0,0,0.0,0,0,0.0,0,0,0,0,0,0,0,nba_boxscorematchupsv3
1,2025-26,Playoffs,NBA Finals,2026_nyk_sas_api_20261005,0042500402,2,2026-06-05,1610612759,SAS,1628436,Luke Kornet,1610612752,NYK,1629011,Mitchell Robinson,83,5.1,23.64672,45.35519,68.89999999999999,0,7,0,0,0,0,0,0,0.0,0,0,0.0,0,0,0,0,0,0,0,nba_boxscorematchupsv3
1,2025-26,Playoffs,NBA Finals,2026_nyk_sas_api_20261005,0042500402,2,2026-06-05,1610612759,SAS,1628436,Luke Kornet,1610612752,NYK,1629013,Landry Shamet,28,1.4,4.48718,15.30055,18.0,0,1,0,0,0,0,0,0,0.0,0,0,0.0,0,0,0,0,0,0,0,nba_boxscorematchupsv3
1,2025-26,Playoffs,NBA Finals,2026_nyk_sas_api_20261005,0042500402,2,2026-06-05,1610612759,SAS,1628436,Luke Kornet,1610612752,NYK,1626157,Karl-Anthony Towns,43,4.2,6.485670000000001,23.49727,84.0,1,1,0,0,0,0,0,0,0.0,0,0,0.0,1,2,0,0,0,0,0,nba_boxscorematchupsv3
1,2025-26,Playoffs,NBA Finals,2026_nyk_sas_api_20261005,0042500402,2,2026-06-05,1610612759,SAS,1642868,Carter Bryant,1610612752,NYK,1628384,OG Anunoby,1,0.3,0.12642,1.38889,5.5,0,0,0,0,0,0,0,0,0.0,0,0,0.0,0,0,0,0,0,0,0,nba_boxscorematchupsv3
1,2025-26,Playoffs,NBA Finals,2026_nyk_sas_api_20261005,0042500402,2,2026-06-05,1610612759,SAS,1642868,Carter Bryant,1610612752,NYK,1628973,Jalen Brunson,68,5.4,8.78553,94.44444,78.2,0,5,0,0,1,0,0,0,0.0,0,0,0.0,0,0,0,0,0,0,0,nba_boxscorematchupsv3
1,2025-26,Playoffs,NBA Finals,2026_nyk_sas_api_20261005,0042500402,2,2026-06-05,1610612759,SAS,1642868,Carter Bryant,1610612752,NYK,1630540,Miles McBride,2,0.3,0.47281,2.77778,6.3,0,0,0,0,0,0,0,0,0.0,0,0,0.0,0,0,0,0,0,0,0,nba_boxscorematchupsv3
1,2025-26,Playoffs,NBA Finals,2026_nyk_sas_api_20261005,0042500402,2,2026-06-05,1610612759,SAS,1642868,Carter Bryant,1610612752,NYK,1629013,Landry Shamet,1,0.1,0.16026,1.38889,2.1,0,0,0,0,0,0,0,0,0.0,0,0,0.0,0,0,0,0,0,0,0,nba_boxscorematchupsv3
1,2025-26,Playoffs,NBA Finals,2026_nyk_sas_api_20261005,0042500402,2,2026-06-05,1610612759,SAS,203084,Harrison Barnes,1610612752,NYK,1628384,OG Anunoby,16,2.8,2.02276,18.823529999999998,34.1,0,2,0,0,0,0,0,0,0.0,0,0,0.0,0,0,0,0,0,0,0,nba_boxscorematchupsv3
1,2025-26,Playoffs,NBA Finals,2026_nyk_sas_api_20261005,0042500402,2,2026-06-05,1610612759,SAS,203084,Harrison Barnes,1610612752,NYK,1628969,Mikal Bridges,14,3.2,1.65877,16.470589999999998,21.8,0,3,0,0,0,0,0,0,0.0,0,0,0.0,0,0,0,0,0,0,0,nba_boxscorematchupsv3
1,2025-26,Playoffs,NBA Finals,2026_nyk_sas_api_20261005,0042500402,2,2026-06-05,1610612759,SAS,203084,Harrison Barnes,1610612752,NYK,1628973,Jalen Brunson,27,0.6,3.4883699999999997,31.76471,66.8,0,2,0,0,0,0,0,0,0.0,0,0,0.0,0,0,0,0,0,0,0,nba_boxscorematchupsv3
1,2025-26,Playoffs,NBA Finals,2026_nyk_sas_api_20261005,0042500402,2,2026-06-05,1610612759,SAS,203084,Harrison Barnes,1610612752,NYK,1628404,Josh Hart,23,2.1,6.30137,27.05882,31.5,0,0,0,0,0,0,0,0,0.0,0,0,0.0,0,0,0,0,0,0,0,nba_boxscorematchupsv3
1,2025-26,Playoffs,NBA Finals,2026_nyk_sas_api_20261005,0042500402,2,2026-06-05,1610612759,SAS,203084,Harrison Barnes,1610612752,NYK,1629011,Mitchell Robinson,1,0.3,0.2849,1.17647,5.7,0,0,0,0,0,0,0,0,0.0,0,0,0.0,0,0,0,0,0,0,0,nba_boxscorematchupsv3
1,2025-26,Playoffs,NBA Finals,2026_nyk_sas_api_20261005,0042500402,2,2026-06-05,1610612759,SAS,203084,Harrison Barnes,1610612752,NYK,1626157,Karl-Anthony Towns,4,1.0,0.60332,4.70588,8.4,0,0,0,0,0,0,0,0,0.0,0,0,0.0,0,0,0,0,0,0,0,nba_boxscorematchupsv3
1,2025-26,Playoffs,NBA Finals,2026_nyk_sas_api_20261005,0042500402,2,2026-06-05,1610612752,NYK,1628404,Josh Hart,1610612759,SAS,203084,Harrison Barnes,53,3.9,35.57047,10.64257,43.5,0,8,1,0,0,0,0,0,0.0,0,0,0.0,0,0,0,0,0,0,0,nba_boxscorematchupsv3
1,2025-26,Playoffs,NBA Finals,2026_nyk_sas_api_20261005,0042500402,2,2026-06-05,1610612752,NYK,1628404,Josh Hart,1610612759,SAS,1642264,Stephon Castle,60,5.5,8.16327,12.04819,18.0,0,6,0,0,0,0,0,1,0.0,0,1,0.0,0,0,0,0,0,0,0,nba_boxscorematchupsv3
1,2025-26,Playoffs,NBA Finals,2026_nyk_sas_api_20261005,0042500402,2,2026-06-05,1610612752,NYK,1628404,Josh Hart,1610612759,SAS,1630577,Julian Champagnie,119,7.7,12.809470000000001,23.89558,32.7,0,5,0,0,0,0,0,0,0.0,0,0,0.0,0,0,0,0,0,0,0,nba_boxscorematchupsv3
1,2025-26,Playoffs,NBA Finals,2026_nyk_sas_api_20261005,0042500402,2,2026-06-05,1610612752,NYK,1628404,Josh Hart,1610612759,SAS,1628368,De'Aaron Fox,83,4.8,8.68201,16.66667,16.400000000000002,0,2,0,0,0,0,0,0,0.0,0,0,0.0,0,0,0,0,0,0,0,nba_boxscorematchupsv3
1,2025-26,Playoffs,NBA Finals,2026_nyk_sas_api_20261005,0042500402,2,2026-06-05,1610612752,NYK,1628404,Josh Hart,1610612759,SAS,1642844,Dylan Harper,29,1.7,3.3957800000000002,5.82329,10.100000000000001,0,0,0,0,0,0,0,1,0.0,0,0,0.0,0,0,0,0,0,0,0,nba_boxscorematchupsv3
1,2025-26,Playoffs,NBA Finals,2026_nyk_sas_api_20261005,0042500402,2,2026-06-05,1610612752,NYK,1628404,Josh Hart,1610612759,SAS,1629640,Keldon Johnson,11,0.8,2.97297,2.20884,11.700000000000001,0,0,0,0,0,0,0,1,0.0,0,1,0.0,0,0,0,0,0,0,0,nba_boxscorematchupsv3
1,2025-26,Playoffs,NBA Finals,2026_nyk_sas_api_20261005,0042500402,2,2026-06-05,1610612752,NYK,1628404,Josh Hart,1610612759,SAS,1628436,Luke Kornet,3,1.0,1.36986,0.60241,5.800000000000001,0,0,0,0,0,0,0,0,0.0,0,0,0.0,0,0,0,0,0,0,0,nba_boxscorematchupsv3
1,2025-26,Playoffs,NBA Finals,2026_nyk_sas_api_20261005,0042500402,2,2026-06-05,1610612752,NYK,1628404,Josh Hart,1610612759,SAS,1630170,Devin Vassell,68,4.1,6.92464,13.654620000000001,18.7,0,3,1,0,1,0,0,0,0.0,0,0,0.0,0,0,0,0,0,0,0,nba_boxscorematchupsv3
1,2025-26,Playoffs,NBA Finals,2026_nyk_sas_api_20261005,0042500402,2,2026-06-05,1610612752,NYK,1628404,Josh Hart,1610612759,SAS,1641705,Victor Wembanyama,72,5.7,6.889950000000001,14.45783,17.1,0,10,1,0,1,1,0,1,0.0,0,0,0.0,0,0,0,0,0,0,0,nba_boxscorematchupsv3
1,2025-26,Playoffs,NBA Finals,2026_nyk_sas_api_20261005,0042500402,2,2026-06-05,1610612752,NYK,1628384,OG Anunoby,1610612759,SAS,203084,Harrison Barnes,17,2.4,11.4094,1.89099,44.2,0,0,0,0,0,0,0,0,0.0,0,0,0.0,0,0,0,0,0,0,0,nba_boxscorematchupsv3
1,2025-26,Playoffs,NBA Finals,2026_nyk_sas_api_20261005,0042500402,2,2026-06-05,1610612752,NYK,1628384,OG Anunoby,1610612759,SAS,1642868,Carter Bryant,3,0.3,3.57143,0.3337,3.6999999999999997,0,0,0,0,0,0,0,0,0.0,0,0,0.0,0,0,0,0,0,0,0,nba_boxscorematchupsv3
1,2025-26,Playoffs,NBA Finals,2026_nyk_sas_api_20261005,0042500402,2,2026-06-05,1610612752,NYK,1628384,OG Anunoby,1610612759,SAS,1642264,Stephon Castle,23,1.9,3.12925,2.5584,5.4,0,7,0,0,0,0,0,0,0.0,0,0,0.0,0,0,0,0,0,0,0,nba_boxscorematchupsv3
1,2025-26,Playoffs,NBA Finals,2026_nyk_sas_api_20261005,0042500402,2,2026-06-05,1610612752,NYK,1628384,OG Anunoby,1610612759,SAS,1630577,Julian Champagnie,126,10.3,13.56297,14.01557,17.4,3,9,1,0,0,0,0,0,0.0,0,0,0.0,3,3,1,0,0,0,0,nba_boxscorematchupsv3
1,2025-26,Playoffs,NBA Finals,2026_nyk_sas_api_20261005,0042500402,2,2026-06-05,1610612752,NYK,1628384,OG Anunoby,1610612759,SAS,1628368,De'Aaron Fox,99,9.1,10.355649999999999,11.01224,16.8,3,11,0,0,0,0,1,1,100.0,1,1,100.0,0,0,0,0,0,0,0,nba_boxscorematchupsv3
1,2025-26,Playoffs,NBA Finals,2026_nyk_sas_api_20261005,0042500402,2,2026-06-05,1610612752,NYK,1628384,OG Anunoby,1610612759,SAS,1642844,Dylan Harper,128,10.0,14.988290000000001,14.23804,18.3,0,15,0,0,0,0,0,2,0.0,0,2,0.0,0,0,0,0,0,0,0,nba_boxscorematchupsv3
1,2025-26,Playoffs,NBA Finals,2026_nyk_sas_api_20261005,0042500402,2,2026-06-05,1610612752,NYK,1628384,OG Anunoby,1610612759,SAS,1629640,Keldon Johnson,60,5.4,16.21622,6.67408,28.199999999999996,2,9,0,0,0,0,1,1,100.0,0,0,0.0,0,0,0,0,0,0,0,nba_boxscorematchupsv3
1,2025-26,Playoffs,NBA Finals,2026_nyk_sas_api_20261005,0042500402,2,2026-06-05,1610612752,NYK,1628384,OG Anunoby,1610612759,SAS,1628436,Luke Kornet,5,1.4,2.28311,0.55617,17.0,0,0,0,0,0,0,0,0,0.0,0,0,0.0,0,0,0,0,0,0,0,nba_boxscorematchupsv3
1,2025-26,Playoffs,NBA Finals,2026_nyk_sas_api_20261005,0042500402,2,2026-06-05,1610612752,NYK,1628384,OG Anunoby,1610612759,SAS,1630170,Devin Vassell,295,20.1,30.04073,32.81424,35.6,5,11,0,0,0,0,1,3,33.300000000000004,1,2,50.0,2,2,1,0,0,0,0,nba_boxscorematchupsv3
1,2025-26,Playoffs,NBA Finals,2026_nyk_sas_api_20261005,0042500402,2,2026-06-05,1610612752,NYK,1628384,OG Anunoby,1610612759,SAS,1641705,Victor Wembanyama,143,10.8,13.68421,15.90656,15.8,4,10,0,0,0,1,2,3,66.7,0,0,0.0,0,0,0,0,0,0,0,nba_boxscorematchupsv3
1,2025-26,Playoffs,NBA Finals,2026_nyk_sas_api_20261005,0042500402,2,2026-06-05,1610612752,NYK,1626157,Karl-Anthony Towns,1610612759,SAS,203084,Harrison Barnes,21,0.7,14.09396,2.15164,16.1,0,0,0,0,0,0,0,0,0.0,0,0,0.0,0,0,0,0,0,0,0,nba_boxscorematchupsv3
1,2025-26,Playoffs,NBA Finals,2026_nyk_sas_api_20261005,0042500402,2,2026-06-05,1610612752,NYK,1626157,Karl-Anthony Towns,1610612759,SAS,1642868,Carter Bryant,21,0.3,25.0,2.15164,28.199999999999996,0,2,0,0,0,0,0,0,0.0,0,0,0.0,0,0,0,0,0,0,0,nba_boxscorematchupsv3
1,2025-26,Playoffs,NBA Finals,2026_nyk_sas_api_20261005,0042500402,2,2026-06-05,1610612752,NYK,1626157,Karl-Anthony Towns,1610612759,SAS,1642264,Stephon Castle,71,6.4,9.65986,7.27459,12.2,6,9,0,0,1,0,2,2,100.0,0,0,0.0,2,2,1,0,0,0,0,nba_boxscorematchupsv3
1,2025-26,Playoffs,NBA Finals,2026_nyk_sas_api_20261005,0042500402,2,2026-06-05,1610612752,NYK,1626157,Karl-Anthony Towns,1610612759,SAS,1630577,Julian Champagnie,122,7.8,13.1324,12.5,13.3,3,3,1,0,0,1,1,2,50.0,1,1,100.0,0,0,0,0,0,0,0,nba_boxscorematchupsv3
1,2025-26,Playoffs,NBA Finals,2026_nyk_sas_api_20261005,0042500402,2,2026-06-05,1610612752,NYK,1626157,Karl-Anthony Towns,1610612759,SAS,1628368,De'Aaron Fox,115,6.8,12.02929,11.78279,13.700000000000001,0,18,1,0,0,0,0,1,0.0,0,0,0.0,0,0,0,0,0,0,0,nba_boxscorematchupsv3
1,2025-26,Playoffs,NBA Finals,2026_nyk_sas_api_20261005,0042500402,2,2026-06-05,1610612752,NYK,1626157,Karl-Anthony Towns,1610612759,SAS,1642844,Dylan Harper,91,5.9,10.65574,9.323770000000001,14.6,0,1,0,0,0,0,0,0,0.0,0,0,0.0,0,0,0,0,0,0,0,nba_boxscorematchupsv3
1,2025-26,Playoffs,NBA Finals,2026_nyk_sas_api_20261005,0042500402,2,2026-06-05,1610612752,NYK,1626157,Karl-Anthony Towns,1610612759,SAS,1629640,Keldon Johnson,34,2.3,9.18919,3.48361,17.1,0,3,0,0,0,0,0,1,0.0,0,1,0.0,0,0,0,0,0,0,0,nba_boxscorematchupsv3
1,2025-26,Playoffs,NBA Finals,2026_nyk_sas_api_20261005,0042500402,2,2026-06-05,1610612752,NYK,1626157,Karl-Anthony Towns,1610612759,SAS,1628436,Luke Kornet,66,3.7,30.13699,6.762300000000001,55.00000000000001,2,7,0,0,0,0,1,1,100.0,0,0,0.0,0,0,0,0,0,0,0,nba_boxscorematchupsv3
1,2025-26,Playoffs,NBA Finals,2026_nyk_sas_api_20261005,0042500402,2,2026-06-05,1610612752,NYK,1626157,Karl-Anthony Towns,1610612759,SAS,1630170,Devin Vassell,99,6.5,10.08147,10.14344,11.600000000000001,0,13,1,0,0,0,0,0,0.0,0,0,0.0,0,0,0,0,0,0,0,nba_boxscorematchupsv3
1,2025-26,Playoffs,NBA Finals,2026_nyk_sas_api_20261005,0042500402,2,2026-06-05,1610612752,NYK,1626157,Karl-Anthony Towns,1610612759,SAS,1641705,Victor Wembanyama,336,25.6,32.15311,34.426230000000004,45.300000000000004,10,29,0,0,1,0,4,5,80.0,2,3,66.7,0,0,0,0,0,0,0,nba_boxscorematchupsv3
1,2025-26,Playoffs,NBA Finals,2026_nyk_sas_api_20261005,0042500402,2,2026-06-05,1610612752,NYK,1628969,Mikal Bridges,1610612759,SAS,203084,Harrison Barnes,30,2.7,20.13423,2.73224,23.200000000000003,0,2,0,0,0,0,0,0,0.0,0,0,0.0,0,0,0,0,0,0,0,nba_boxscorematchupsv3
1,2025-26,Playoffs,NBA Finals,2026_nyk_sas_api_20261005,0042500402,2,2026-06-05,1610612752,NYK,1628969,Mikal Bridges,1610612759,SAS,1642264,Stephon Castle,98,4.8,13.333329999999998,8.925320000000001,12.2,2,7,0,0,0,0,1,1,100.0,0,0,0.0,0,0,0,0,0,0,0,nba_boxscorematchupsv3
1,2025-26,Playoffs,NBA Finals,2026_nyk_sas_api_20261005,0042500402,2,2026-06-05,1610612752,NYK,1628969,Mikal Bridges,1610612759,SAS,1630577,Julian Champagnie,136,9.8,14.6394,12.38616,17.9,5,12,0,0,1,0,2,3,66.7,1,1,100.0,0,0,0,0,0,0,0,nba_boxscorematchupsv3
1,2025-26,Playoffs,NBA Finals,2026_nyk_sas_api_20261005,0042500402,2,2026-06-05,1610612752,NYK,1628969,Mikal Bridges,1610612759,SAS,1628368,De'Aaron Fox,233,18.2,24.37238,21.2204,31.3,3,19,1,0,0,0,1,2,50.0,1,2,50.0,0,0,0,0,0,0,0,nba_boxscorematchupsv3
1,2025-26,Playoffs,NBA Finals,2026_nyk_sas_api_20261005,0042500402,2,2026-06-05,1610612752,NYK,1628969,Mikal Bridges,1610612759,SAS,1642844,Dylan Harper,215,13.9,25.175639999999998,19.58106,29.5,2,12,2,0,0,0,1,1,100.0,0,0,0.0,0,0,0,0,0,0,0,nba_boxscorematchupsv3
1,2025-26,Playoffs,NBA Finals,2026_nyk_sas_api_20261005,0042500402,2,2026-06-05,1610612752,NYK,1628969,Mikal Bridges,1610612759,SAS,1629640,Keldon Johnson,42,3.6,11.35135,3.8251399999999998,14.099999999999998,2,5,1,0,0,0,1,1,100.0,0,0,0.0,0,0,0,0,0,0,0,nba_boxscorematchupsv3
1,2025-26,Playoffs,NBA Finals,2026_nyk_sas_api_20261005,0042500402,2,2026-06-05,1610612752,NYK,1628969,Mikal Bridges,1610612759,SAS,1628436,Luke Kornet,12,0.5,5.47945,1.0929,6.3,0,0,0,0,0,0,0,0,0.0,0,0,0.0,0,0,0,0,0,0,0,nba_boxscorematchupsv3
1,2025-26,Playoffs,NBA Finals,2026_nyk_sas_api_20261005,0042500402,2,2026-06-05,1610612752,NYK,1628969,Mikal Bridges,1610612759,SAS,1630170,Devin Vassell,205,13.7,20.87576,18.67031,22.5,6,17,1,0,0,0,2,4,50.0,2,3,66.7,0,0,0,0,0,0,0,nba_boxscorematchupsv3
1,2025-26,Playoffs,NBA Finals,2026_nyk_sas_api_20261005,0042500402,2,2026-06-05,1610612752,NYK,1628969,Mikal Bridges,1610612759,SAS,1641705,Victor Wembanyama,127,8.4,12.15311,11.56648,13.600000000000001,0,9,0,0,0,0,0,1,0.0,0,0,0.0,0,0,0,0,0,0,0,nba_boxscorematchupsv3
1,2025-26,Playoffs,NBA Finals,2026_nyk_sas_api_20261005,0042500402,2,2026-06-05,1610612752,NYK,1628973,Jalen Brunson,1610612759,SAS,1642868,Carter Bryant,54,5.4,64.28571,5.23256,72.1,0,2,0,0,0,0,0,2,0.0,0,1,0.0,0,0,0,0,0,0,0,nba_boxscorematchupsv3
1,2025-26,Playoffs,NBA Finals,2026_nyk_sas_api_20261005,0042500402,2,2026-06-05,1610612752,NYK,1628973,Jalen Brunson,1610612759,SAS,1642264,Stephon Castle,302,20.9,41.08844,29.26357,56.8,3,27,3,0,1,0,0,4,0.0,0,1,0.0,3,3,1,0,0,0,0,nba_boxscorematchupsv3
1,2025-26,Playoffs,NBA Finals,2026_nyk_sas_api_20261005,0042500402,2,2026-06-05,1610612752,NYK,1628973,Jalen Brunson,1610612759,SAS,1630577,Julian Champagnie,168,13.1,18.083959999999998,16.27907,22.7,10,21,2,0,0,0,4,7,57.099999999999994,2,3,66.7,0,0,0,0,0,0,0,nba_boxscorematchupsv3
1,2025-26,Playoffs,NBA Finals,2026_nyk_sas_api_20261005,0042500402,2,2026-06-05,1610612752,NYK,1628973,Jalen Brunson,1610612759,SAS,1628368,De'Aaron Fox,126,9.0,13.179920000000001,12.209299999999999,14.899999999999999,0,2,0,0,1,1,0,2,0.0,0,1,0.0,0,0,0,0,0,0,0,nba_boxscorematchupsv3
1,2025-26,Playoffs,NBA Finals,2026_nyk_sas_api_20261005,0042500402,2,2026-06-05,1610612752,NYK,1628973,Jalen Brunson,1610612759,SAS,1642844,Dylan Harper,162,10.8,18.969559999999998,15.69767,26.400000000000002,2,4,0,0,2,0,1,1,100.0,0,0,0.0,0,0,0,0,0,0,0,nba_boxscorematchupsv3
1,2025-26,Playoffs,NBA Finals,2026_nyk_sas_api_20261005,0042500402,2,2026-06-05,1610612752,NYK,1628973,Jalen Brunson,1610612759,SAS,1629640,Keldon Johnson,16,1.0,4.32432,1.55039,7.199999999999999,0,1,0,0,0,0,0,0,0.0,0,0,0.0,0,0,0,0,0,0,0,nba_boxscorematchupsv3
1,2025-26,Playoffs,NBA Finals,2026_nyk_sas_api_20261005,0042500402,2,2026-06-05,1610612752,NYK,1628973,Jalen Brunson,1610612759,SAS,1628436,Luke Kornet,9,0.8,4.10959,0.87209,5.800000000000001,0,0,0,0,0,0,0,0,0.0,0,0,0.0,0,0,0,0,0,0,0,nba_boxscorematchupsv3
1,2025-26,Playoffs,NBA Finals,2026_nyk_sas_api_20261005,0042500402,2,2026-06-05,1610612752,NYK,1628973,Jalen Brunson,1610612759,SAS,1630170,Devin Vassell,81,7.4,8.24847,7.84884,8.7,4,13,1,0,0,1,2,5,40.0,0,1,0.0,0,0,0,0,0,0,0,nba_boxscorematchupsv3
1,2025-26,Playoffs,NBA Finals,2026_nyk_sas_api_20261005,0042500402,2,2026-06-05,1610612752,NYK,1628973,Jalen Brunson,1610612759,SAS,1641705,Victor Wembanyama,114,7.2,10.90909,11.04651,12.0,1,3,0,0,0,1,0,3,0.0,0,1,0.0,1,2,0,0,0,0,0,nba_boxscorematchupsv3
1,2025-26,Playoffs,NBA Finals,2026_nyk_sas_api_20261005,0042500402,2,2026-06-05,1610612752,NYK,1630540,Miles McBride,1610612759,SAS,1642264,Stephon Castle,47,4.4,6.39456,10.51454,22.2,0,6,1,0,0,0,0,1,0.0,0,1,0.0,0,0,0,0,0,0,0,nba_boxscorematchupsv3
1,2025-26,Playoffs,NBA Finals,2026_nyk_sas_api_20261005,0042500402,2,2026-06-05,1610612752,NYK,1630540,Miles McBride,1610612759,SAS,1630577,Julian Champagnie,46,2.2,4.95156,10.29083,12.1,0,4,0,0,0,0,0,0,0.0,0,0,0.0,0,0,0,0,0,0,0,nba_boxscorematchupsv3
1,2025-26,Playoffs,NBA Finals,2026_nyk_sas_api_20261005,0042500402,2,2026-06-05,1610612752,NYK,1630540,Miles McBride,1610612759,SAS,1628368,De'Aaron Fox,67,4.7,7.00837,14.988809999999999,21.099999999999998,0,0,0,0,0,0,0,2,0.0,0,0,0.0,0,0,0,0,0,0,0,nba_boxscorematchupsv3
1,2025-26,Playoffs,NBA Finals,2026_nyk_sas_api_20261005,0042500402,2,2026-06-05,1610612752,NYK,1630540,Miles McBride,1610612759,SAS,1642844,Dylan Harper,131,11.4,15.33958,29.30649,34.1,0,11,1,0,2,0,0,1,0.0,0,0,0.0,0,0,0,0,0,0,0,nba_boxscorematchupsv3
1,2025-26,Playoffs,NBA Finals,2026_nyk_sas_api_20261005,0042500402,2,2026-06-05,1610612752,NYK,1630540,Miles McBride,1610612759,SAS,1629640,Keldon Johnson,37,1.9,10.0,8.2774,19.900000000000002,2,4,0,0,0,0,1,1,100.0,0,0,0.0,0,0,0,0,0,0,0,nba_boxscorematchupsv3
1,2025-26,Playoffs,NBA Finals,2026_nyk_sas_api_20261005,0042500402,2,2026-06-05,1610612752,NYK,1630540,Miles McBride,1610612759,SAS,1628436,Luke Kornet,20,0.6,9.13242,4.474270000000001,11.799999999999999,0,0,0,0,0,0,0,0,0.0,0,0,0.0,0,0,0,0,0,0,0,nba_boxscorematchupsv3
1,2025-26,Playoffs,NBA Finals,2026_nyk_sas_api_20261005,0042500402,2,2026-06-05,1610612752,NYK,1630540,Miles McBride,1610612759,SAS,1630170,Devin Vassell,72,6.5,7.331980000000001,16.10738,30.099999999999998,3,8,0,0,0,0,1,1,100.0,1,1,100.0,0,0,0,0,0,0,0,nba_boxscorematchupsv3
1,2025-26,Playoffs,NBA Finals,2026_nyk_sas_api_20261005,0042500402,2,2026-06-05,1610612752,NYK,1630540,Miles McBride,1610612759,SAS,1641705,Victor Wembanyama,27,2.3,2.58373,6.04027,7.9,0,2,0,0,0,0,0,1,0.0,0,1,0.0,0,0,0,0,0,0,0,nba_boxscorematchupsv3
1,2025-26,Playoffs,NBA Finals,2026_nyk_sas_api_20261005,0042500402,2,2026-06-05,1610612752,NYK,1629013,Landry Shamet,1610612759,SAS,203084,Harrison Barnes,24,1.0,16.10738,3.00752,20.9,0,0,0,0,0,0,0,0,0.0,0,0,0.0,0,0,0,0,0,0,0,nba_boxscorematchupsv3
1,2025-26,Playoffs,NBA Finals,2026_nyk_sas_api_20261005,0042500402,2,2026-06-05,1610612752,NYK,1629013,Landry Shamet,1610612759,SAS,1642264,Stephon Castle,68,4.4,9.2517,8.5213,15.6,0,0,0,0,0,0,0,0,0.0,0,0,0.0,0,0,0,0,0,0,0,nba_boxscorematchupsv3
1,2025-26,Playoffs,NBA Finals,2026_nyk_sas_api_20261005,0042500402,2,2026-06-05,1610612752,NYK,1629013,Landry Shamet,1610612759,SAS,1630577,Julian Champagnie,159,12.3,17.11518,19.92481,34.300000000000004,3,15,1,0,0,0,1,1,100.0,1,1,100.0,0,0,0,0,0,0,0,nba_boxscorematchupsv3
1,2025-26,Playoffs,NBA Finals,2026_nyk_sas_api_20261005,0042500402,2,2026-06-05,1610612752,NYK,1629013,Landry Shamet,1610612759,SAS,1628368,De'Aaron Fox,133,5.8,13.912130000000001,16.66667,19.3,0,5,0,0,0,0,0,1,0.0,0,1,0.0,0,0,0,0,0,0,0,nba_boxscorematchupsv3
1,2025-26,Playoffs,NBA Finals,2026_nyk_sas_api_20261005,0042500402,2,2026-06-05,1610612752,NYK,1629013,Landry Shamet,1610612759,SAS,1642844,Dylan Harper,69,4.9,8.07963,8.646619999999999,11.5,3,12,0,0,0,0,1,2,50.0,1,1,100.0,0,0,0,0,0,0,0,nba_boxscorematchupsv3
1,2025-26,Playoffs,NBA Finals,2026_nyk_sas_api_20261005,0042500402,2,2026-06-05,1610612752,NYK,1629013,Landry Shamet,1610612759,SAS,1629640,Keldon Johnson,129,9.2,34.86486,16.165409999999998,43.5,3,9,0,0,0,0,1,4,25.0,1,2,50.0,0,0,0,0,0,0,0,nba_boxscorematchupsv3
1,2025-26,Playoffs,NBA Finals,2026_nyk_sas_api_20261005,0042500402,2,2026-06-05,1610612752,NYK,1629013,Landry Shamet,1610612759,SAS,1628436,Luke Kornet,22,0.7,10.04566,2.75689,9.2,0,3,0,0,0,0,0,1,0.0,0,1,0.0,0,0,0,0,0,0,0,nba_boxscorematchupsv3
1,2025-26,Playoffs,NBA Finals,2026_nyk_sas_api_20261005,0042500402,2,2026-06-05,1610612752,NYK,1629013,Landry Shamet,1610612759,SAS,1630170,Devin Vassell,135,12.5,13.74745,16.917289999999998,24.7,2,5,0,0,0,0,1,2,50.0,0,1,0.0,0,0,0,0,0,0,0,nba_boxscorematchupsv3
1,2025-26,Playoffs,NBA Finals,2026_nyk_sas_api_20261005,0042500402,2,2026-06-05,1610612752,NYK,1629013,Landry Shamet,1610612759,SAS,1641705,Victor Wembanyama,59,4.4,5.64593,7.393479999999999,7.7,2,4,1,0,0,0,1,1,100.0,0,0,0.0,0,0,0,0,0,0,0,nba_boxscorematchupsv3
1,2025-26,Playoffs,NBA Finals,2026_nyk_sas_api_20261005,0042500402,2,2026-06-05,1610612752,NYK,1629011,Mitchell Robinson,1610612759,SAS,1642868,Carter Bryant,6,0.8,7.14286,1.9736799999999999,19.3,2,2,0,0,0,0,0,0,0.0,0,0,0.0,2,4,0,0,0,0,0,nba_boxscorematchupsv3
1,2025-26,Playoffs,NBA Finals,2026_nyk_sas_api_20261005,0042500402,2,2026-06-05,1610612752,NYK,1629011,Mitchell Robinson,1610612759,SAS,1642264,Stephon Castle,2,0.3,0.27211,0.6578900000000001,3.8,0,0,0,0,0,0,0,0,0.0,0,0,0.0,0,0,0,0,0,0,0,nba_boxscorematchupsv3
1,2025-26,Playoffs,NBA Finals,2026_nyk_sas_api_20261005,0042500402,2,2026-06-05,1610612752,NYK,1629011,Mitchell Robinson,1610612759,SAS,1630577,Julian Champagnie,19,1.3,2.04521,6.25,12.9,2,2,0,0,0,0,1,1,100.0,0,0,0.0,0,0,0,0,0,0,0,nba_boxscorematchupsv3
1,2025-26,Playoffs,NBA Finals,2026_nyk_sas_api_20261005,0042500402,2,2026-06-05,1610612752,NYK,1629011,Mitchell Robinson,1610612759,SAS,1628368,De'Aaron Fox,8,1.4,0.8368199999999999,2.63158,4.8,0,2,0,0,1,0,0,0,0.0,0,0,0.0,0,0,0,0,0,0,0,nba_boxscorematchupsv3
1,2025-26,Playoffs,NBA Finals,2026_nyk_sas_api_20261005,0042500402,2,2026-06-05,1610612752,NYK,1629011,Mitchell Robinson,1610612759,SAS,1642844,Dylan Harper,9,1.7,1.05386,2.9605300000000003,5.7,0,1,0,0,0,0,0,0,0.0,0,0,0.0,0,0,0,0,0,0,0,nba_boxscorematchupsv3
1,2025-26,Playoffs,NBA Finals,2026_nyk_sas_api_20261005,0042500402,2,2026-06-05,1610612752,NYK,1629011,Mitchell Robinson,1610612759,SAS,1629640,Keldon Johnson,17,1.4,4.59459,5.59211,10.2,0,0,0,0,0,0,0,0,0.0,0,0,0.0,0,0,0,0,0,0,0,nba_boxscorematchupsv3
1,2025-26,Playoffs,NBA Finals,2026_nyk_sas_api_20261005,0042500402,2,2026-06-05,1610612752,NYK,1629011,Mitchell Robinson,1610612759,SAS,1628436,Luke Kornet,77,6.1,35.15982,25.32895,77.8,1,8,0,0,0,0,0,0,0.0,0,0,0.0,1,2,0,0,0,0,0,nba_boxscorematchupsv3
1,2025-26,Playoffs,NBA Finals,2026_nyk_sas_api_20261005,0042500402,2,2026-06-05,1610612752,NYK,1629011,Mitchell Robinson,1610612759,SAS,1630170,Devin Vassell,18,2.2,1.83299,5.92105,8.3,0,2,0,0,0,0,0,0,0.0,0,0,0.0,0,0,0,0,0,0,0,nba_boxscorematchupsv3
1,2025-26,Playoffs,NBA Finals,2026_nyk_sas_api_20261005,0042500402,2,2026-06-05,1610612752,NYK,1629011,Mitchell Robinson,1610612759,SAS,1641705,Victor Wembanyama,148,9.9,14.16268,48.68421,65.3,2,9,0,0,0,0,1,1,100.0,0,0,0.0,0,0,0,0,0,0,0,nba_boxscorematchupsv3
1,2025-26,Playoffs,NBA Finals,2026_nyk_sas_api_20261005,0042500402,2,2026-06-05,1610612752,NYK,1630631,Jose Alvarado,1610612759,SAS,203084,Harrison Barnes,4,0.0,2.6845600000000003,1.47601,2.3,0,2,0,0,0,0,0,0,0.0,0,0,0.0,0,0,0,0,0,0,0,nba_boxscorematchupsv3
1,2025-26,Playoffs,NBA Finals,2026_nyk_sas_api_20261005,0042500402,2,2026-06-05,1610612752,NYK,1630631,Jose Alvarado,1610612759,SAS,1642264,Stephon Castle,64,3.0,8.707479999999999,23.616239999999998,31.8,2,2,1,0,0,0,0,0,0.0,0,0,0.0,2,3,1,0,0,0,0,nba_boxscorematchupsv3
1,2025-26,Playoffs,NBA Finals,2026_nyk_sas_api_20261005,0042500402,2,2026-06-05,1610612752,NYK,1630631,Jose Alvarado,1610612759,SAS,1630577,Julian Champagnie,34,2.9,3.65985,12.54613,14.000000000000002,0,5,0,0,0,0,0,1,0.0,0,1,0.0,0,0,0,0,0,0,0,nba_boxscorematchupsv3
1,2025-26,Playoffs,NBA Finals,2026_nyk_sas_api_20261005,0042500402,2,2026-06-05,1610612752,NYK,1630631,Jose Alvarado,1610612759,SAS,1628368,De'Aaron Fox,92,5.7,9.623429999999999,33.94834,56.39999999999999,0,6,0,0,0,0,0,1,0.0,0,0,0.0,0,0,0,0,0,0,0,nba_boxscorematchupsv3
1,2025-26,Playoffs,NBA Finals,2026_nyk_sas_api_20261005,0042500402,2,2026-06-05,1610612752,NYK,1630631,Jose Alvarado,1610612759,SAS,1642844,Dylan Harper,20,1.7,2.34192,7.38007,16.3,0,2,0,0,0,0,0,0,0.0,0,0,0.0,0,0,0,0,0,0,0,nba_boxscorematchupsv3
1,2025-26,Playoffs,NBA Finals,2026_nyk_sas_api_20261005,0042500402,2,2026-06-05,1610612752,NYK,1630631,Jose Alvarado,1610612759,SAS,1629640,Keldon Johnson,24,1.2,6.48649,8.85609,11.200000000000001,0,5,0,0,0,0,0,0,0.0,0,0,0.0,0,0,0,0,0,0,0,nba_boxscorematchupsv3
1,2025-26,Playoffs,NBA Finals,2026_nyk_sas_api_20261005,0042500402,2,2026-06-05,1610612752,NYK,1630631,Jose Alvarado,1610612759,SAS,1628436,Luke Kornet,5,0.4,2.28311,1.8450199999999999,7.6,0,0,0,0,0,0,0,0,0.0,0,0,0.0,0,0,0,0,0,0,0,nba_boxscorematchupsv3
1,2025-26,Playoffs,NBA Finals,2026_nyk_sas_api_20261005,0042500402,2,2026-06-05,1610612752,NYK,1630631,Jose Alvarado,1610612759,SAS,1630170,Devin Vassell,9,0.2,0.9165,3.32103,12.0,0,3,1,0,0,0,0,0,0.0,0,0,0.0,0,0,0,0,0,0,0,nba_boxscorematchupsv3
1,2025-26,Playoffs,NBA Finals,2026_nyk_sas_api_20261005,0042500402,2,2026-06-05,1610612752,NYK,1630631,Jose Alvarado,1610612759,SAS,1641705,Victor Wembanyama,19,2.4,1.8181800000000001,7.01107,10.7,0,0,0,0,0,1,0,2,0.0,0,1,0.0,0,0,0,0,0,0,0,nba_boxscorematchupsv3
1,2025-26,Playoffs,NBA Finals,2026_nyk_sas_api_20261005,0042500403,3,2026-06-08,1610612752,NYK,1628384,OG Anunoby,1610612759,SAS,1642868,Carter Bryant,11,1.0,9.821430000000001,1.13636,12.1,0,3,1,0,0,0,0,0,0.0,0,0,0.0,0,0,0,0,0,0,0,nba_boxscorematchupsv3
1,2025-26,Playoffs,NBA Finals,2026_nyk_sas_api_20261005,0042500403,3,2026-06-08,1610612752,NYK,1628384,OG Anunoby,1610612759,SAS,1642264,Stephon Castle,135,9.5,13.40616,13.94628,17.599999999999998,7,16,0,0,0,0,2,2,100.0,0,0,0.0,3,3,1,0,0,0,0,nba_boxscorematchupsv3
1,2025-26,Playoffs,NBA Finals,2026_nyk_sas_api_20261005,0042500403,3,2026-06-08,1610612752,NYK,1628384,OG Anunoby,1610612759,SAS,1630577,Julian Champagnie,119,7.9,16.760559999999998,12.29339,22.3,0,5,0,0,0,0,0,1,0.0,0,1,0.0,0,0,0,0,0,0,0,nba_boxscorematchupsv3
1,2025-26,Playoffs,NBA Finals,2026_nyk_sas_api_20261005,0042500403,3,2026-06-08,1610612752,NYK,1628384,OG Anunoby,1610612759,SAS,1628368,De'Aaron Fox,64,5.4,6.80128,6.61157,9.700000000000001,0,4,0,0,0,0,0,0,0.0,0,0,0.0,0,0,0,0,0,0,0,nba_boxscorematchupsv3
1,2025-26,Playoffs,NBA Finals,2026_nyk_sas_api_20261005,0042500403,3,2026-06-08,1610612752,NYK,1628384,OG Anunoby,1610612759,SAS,1642844,Dylan Harper,75,4.1,9.0799,7.74793,11.3,8,16,0,0,0,0,3,3,100.0,2,2,100.0,0,0,0,0,0,0,0,nba_boxscorematchupsv3
1,2025-26,Playoffs,NBA Finals,2026_nyk_sas_api_20261005,0042500403,3,2026-06-08,1610612752,NYK,1628384,OG Anunoby,1610612759,SAS,1629640,Keldon Johnson,157,9.8,36.94118,16.21901,45.7,1,9,0,0,0,0,0,1,0.0,0,1,0.0,1,2,0,0,0,0,0,nba_boxscorematchupsv3
1,2025-26,Playoffs,NBA Finals,2026_nyk_sas_api_20261005,0042500403,3,2026-06-08,1610612752,NYK,1628384,OG Anunoby,1610612759,SAS,1628436,Luke Kornet,18,2.9,7.5630299999999995,1.8595000000000002,17.9,2,7,0,0,0,0,0,0,0.0,0,0,0.0,2,2,1,0,0,0,0,nba_boxscorematchupsv3
1,2025-26,Playoffs,NBA Finals,2026_nyk_sas_api_20261005,0042500403,3,2026-06-08,1610612752,NYK,1628384,OG Anunoby,1610612759,SAS,1630170,Devin Vassell,245,18.7,26.31579,25.30992,31.6,2,18,0,0,0,0,1,1,100.0,0,0,0.0,0,0,0,0,0,0,0,nba_boxscorematchupsv3
1,2025-26,Playoffs,NBA Finals,2026_nyk_sas_api_20261005,0042500403,3,2026-06-08,1610612752,NYK,1628384,OG Anunoby,1610612759,SAS,1641705,Victor Wembanyama,144,10.7,14.399999999999999,14.876030000000002,16.1,8,10,0,0,1,0,3,5,60.0,1,3,33.300000000000004,1,2,1,0,0,0,0,nba_boxscorematchupsv3
1,2025-26,Playoffs,NBA Finals,2026_nyk_sas_api_20261005,0042500403,3,2026-06-08,1610612752,NYK,1628404,Josh Hart,1610612759,SAS,1642264,Stephon Castle,104,8.1,10.32771,12.13536,13.600000000000001,2,8,0,0,1,0,1,1,100.0,0,0,0.0,0,0,0,0,0,0,0,nba_boxscorematchupsv3
1,2025-26,Playoffs,NBA Finals,2026_nyk_sas_api_20261005,0042500403,3,2026-06-08,1610612752,NYK,1628404,Josh Hart,1610612759,SAS,1630577,Julian Champagnie,130,8.3,18.30986,15.169189999999999,29.5,0,0,0,0,0,0,0,1,0.0,0,1,0.0,0,0,0,0,0,0,0,nba_boxscorematchupsv3
1,2025-26,Playoffs,NBA Finals,2026_nyk_sas_api_20261005,0042500403,3,2026-06-08,1610612752,NYK,1628404,Josh Hart,1610612759,SAS,1628368,De'Aaron Fox,106,8.3,11.26461,12.36873,16.900000000000002,0,17,1,0,0,0,0,1,0.0,0,1,0.0,0,0,0,0,0,0,0,nba_boxscorematchupsv3
1,2025-26,Playoffs,NBA Finals,2026_nyk_sas_api_20261005,0042500403,3,2026-06-08,1610612752,NYK,1628404,Josh Hart,1610612759,SAS,1642844,Dylan Harper,109,9.1,13.19613,12.718789999999998,17.0,5,15,2,0,0,0,2,2,100.0,1,1,100.0,0,0,0,0,0,0,0,nba_boxscorematchupsv3
1,2025-26,Playoffs,NBA Finals,2026_nyk_sas_api_20261005,0042500403,3,2026-06-08,1610612752,NYK,1628404,Josh Hart,1610612759,SAS,1629640,Keldon Johnson,15,2.2,3.5294100000000004,1.75029,7.199999999999999,0,2,0,0,0,0,0,0,0.0,0,0,0.0,0,0,0,0,0,0,0,nba_boxscorematchupsv3
1,2025-26,Playoffs,NBA Finals,2026_nyk_sas_api_20261005,0042500403,3,2026-06-08,1610612752,NYK,1628404,Josh Hart,1610612759,SAS,1628436,Luke Kornet,16,0.7,6.722690000000001,1.86698,26.8,0,0,0,0,1,0,0,1,0.0,0,1,0.0,0,0,0,0,0,0,0,nba_boxscorematchupsv3
1,2025-26,Playoffs,NBA Finals,2026_nyk_sas_api_20261005,0042500403,3,2026-06-08,1610612752,NYK,1628404,Josh Hart,1610612759,SAS,1630170,Devin Vassell,201,12.0,21.58969,23.45391,23.9,0,13,2,0,0,0,0,1,0.0,0,0,0.0,0,0,0,0,0,0,0,nba_boxscorematchupsv3
1,2025-26,Playoffs,NBA Finals,2026_nyk_sas_api_20261005,0042500403,3,2026-06-08,1610612752,NYK,1628404,Josh Hart,1610612759,SAS,1641705,Victor Wembanyama,176,11.3,17.599999999999998,20.53676,23.1,9,16,0,0,0,0,3,3,100.0,3,3,100.0,0,0,0,0,0,0,0,nba_boxscorematchupsv3
1,2025-26,Playoffs,NBA Finals,2026_nyk_sas_api_20261005,0042500403,3,2026-06-08,1610612752,NYK,1626157,Karl-Anthony Towns,1610612759,SAS,1642868,Carter Bryant,33,1.3,29.46429,3.2384700000000004,22.7,1,3,0,0,0,0,0,0,0.0,0,0,0.0,1,1,0,0,0,0,0,nba_boxscorematchupsv3
1,2025-26,Playoffs,NBA Finals,2026_nyk_sas_api_20261005,0042500403,3,2026-06-08,1610612752,NYK,1626157,Karl-Anthony Towns,1610612759,SAS,1642264,Stephon Castle,200,13.9,19.860970000000002,19.62709,21.0,2,19,0,0,0,0,1,2,50.0,0,1,0.0,0,0,0,0,0,0,0,nba_boxscorematchupsv3
1,2025-26,Playoffs,NBA Finals,2026_nyk_sas_api_20261005,0042500403,3,2026-06-08,1610612752,NYK,1626157,Karl-Anthony Towns,1610612759,SAS,1630577,Julian Champagnie,64,5.9,9.01408,6.280669999999999,12.3,0,13,1,0,0,0,0,0,0.0,0,0,0.0,0,0,0,0,0,0,0,nba_boxscorematchupsv3
1,2025-26,Playoffs,NBA Finals,2026_nyk_sas_api_20261005,0042500403,3,2026-06-08,1610612752,NYK,1626157,Karl-Anthony Towns,1610612759,SAS,1628368,De'Aaron Fox,132,5.0,14.027629999999998,12.953880000000002,13.4,4,8,0,0,0,2,1,4,25.0,0,0,0.0,2,2,1,0,0,0,0,nba_boxscorematchupsv3
1,2025-26,Playoffs,NBA Finals,2026_nyk_sas_api_20261005,0042500403,3,2026-06-08,1610612752,NYK,1626157,Karl-Anthony Towns,1610612759,SAS,1642844,Dylan Harper,41,4.3,4.96368,4.02355,8.799999999999999,0,5,0,0,0,0,0,0,0.0,0,0,0.0,0,0,0,0,0,0,0,nba_boxscorematchupsv3
1,2025-26,Playoffs,NBA Finals,2026_nyk_sas_api_20261005,0042500403,3,2026-06-08,1610612752,NYK,1626157,Karl-Anthony Towns,1610612759,SAS,1629640,Keldon Johnson,142,9.9,33.41176,13.93523,51.2,0,15,0,0,0,0,0,0,0.0,0,0,0.0,0,0,0,0,0,0,0,nba_boxscorematchupsv3
1,2025-26,Playoffs,NBA Finals,2026_nyk_sas_api_20261005,0042500403,3,2026-06-08,1610612752,NYK,1626157,Karl-Anthony Towns,1610612759,SAS,1628436,Luke Kornet,52,3.8,21.84874,5.10304,37.4,2,5,0,0,0,0,1,1,100.0,0,0,0.0,0,0,0,0,0,0,0,nba_boxscorematchupsv3
1,2025-26,Playoffs,NBA Finals,2026_nyk_sas_api_20261005,0042500403,3,2026-06-08,1610612752,NYK,1626157,Karl-Anthony Towns,1610612759,SAS,1630170,Devin Vassell,156,8.8,16.75618,15.309130000000001,17.1,2,9,0,0,0,0,1,2,50.0,0,0,0.0,0,0,0,0,0,0,0,nba_boxscorematchupsv3
1,2025-26,Playoffs,NBA Finals,2026_nyk_sas_api_20261005,0042500403,3,2026-06-08,1610612752,NYK,1626157,Karl-Anthony Towns,1610612759,SAS,1641705,Victor Wembanyama,199,15.7,19.900000000000002,19.528950000000002,28.499999999999996,0,10,0,0,0,0,0,1,0.0,0,1,0.0,0,0,0,0,0,0,0,nba_boxscorematchupsv3
1,2025-26,Playoffs,NBA Finals,2026_nyk_sas_api_20261005,0042500403,3,2026-06-08,1610612752,NYK,1628969,Mikal Bridges,1610612759,SAS,1642868,Carter Bryant,24,2.4,21.42857,3.38983,45.4,0,2,0,0,0,0,0,0,0.0,0,0,0.0,0,0,0,0,0,0,0,nba_boxscorematchupsv3
1,2025-26,Playoffs,NBA Finals,2026_nyk_sas_api_20261005,0042500403,3,2026-06-08,1610612752,NYK,1628969,Mikal Bridges,1610612759,SAS,1642264,Stephon Castle,51,3.7,5.0645500000000006,7.20339,9.3,2,9,0,0,0,0,1,2,50.0,0,0,0.0,0,0,0,0,0,0,0,nba_boxscorematchupsv3
1,2025-26,Playoffs,NBA Finals,2026_nyk_sas_api_20261005,0042500403,3,2026-06-08,1610612752,NYK,1628969,Mikal Bridges,1610612759,SAS,1630577,Julian Champagnie,33,3.6,4.647889999999999,4.66102,8.1,0,3,0,0,0,0,0,0,0.0,0,0,0.0,0,0,0,0,0,0,0,nba_boxscorematchupsv3
1,2025-26,Playoffs,NBA Finals,2026_nyk_sas_api_20261005,0042500403,3,2026-06-08,1610612752,NYK,1628969,Mikal Bridges,1610612759,SAS,1628368,De'Aaron Fox,226,16.8,24.017,31.920900000000003,39.2,0,23,1,0,0,0,0,1,0.0,0,1,0.0,0,0,0,0,0,0,0,nba_boxscorematchupsv3
1,2025-26,Playoffs,NBA Finals,2026_nyk_sas_api_20261005,0042500403,3,2026-06-08,1610612752,NYK,1628969,Mikal Bridges,1610612759,SAS,1642844,Dylan Harper,121,8.7,14.64891,17.0904,28.199999999999996,0,9,0,0,0,0,0,0,0.0,0,0,0.0,0,0,0,0,0,0,0,nba_boxscorematchupsv3
1,2025-26,Playoffs,NBA Finals,2026_nyk_sas_api_20261005,0042500403,3,2026-06-08,1610612752,NYK,1628969,Mikal Bridges,1610612759,SAS,1629640,Keldon Johnson,20,1.5,4.70588,2.8248599999999997,17.8,0,0,0,0,0,0,0,0,0.0,0,0,0.0,0,0,0,0,0,0,0,nba_boxscorematchupsv3
1,2025-26,Playoffs,NBA Finals,2026_nyk_sas_api_20261005,0042500403,3,2026-06-08,1610612752,NYK,1628969,Mikal Bridges,1610612759,SAS,1628436,Luke Kornet,46,1.0,19.327730000000003,6.497179999999999,27.400000000000002,0,0,0,0,0,0,0,0,0.0,0,0,0.0,0,0,0,0,0,0,0,nba_boxscorematchupsv3
1,2025-26,Playoffs,NBA Finals,2026_nyk_sas_api_20261005,0042500403,3,2026-06-08,1610612752,NYK,1628969,Mikal Bridges,1610612759,SAS,1630170,Devin Vassell,63,6.1,6.76692,8.89831,12.3,0,5,0,0,0,0,0,0,0.0,0,0,0.0,0,0,0,0,0,0,0,nba_boxscorematchupsv3
1,2025-26,Playoffs,NBA Finals,2026_nyk_sas_api_20261005,0042500403,3,2026-06-08,1610612752,NYK,1628969,Mikal Bridges,1610612759,SAS,1641705,Victor Wembanyama,124,7.8,12.4,17.51412,18.4,0,15,0,0,0,1,0,2,0.0,0,2,0.0,0,0,0,0,0,0,0,nba_boxscorematchupsv3
1,2025-26,Playoffs,NBA Finals,2026_nyk_sas_api_20261005,0042500403,3,2026-06-08,1610612752,NYK,1628973,Jalen Brunson,1610612759,SAS,1642264,Stephon Castle,365,24.8,36.24628,39.502159999999996,53.2,6,20,1,0,4,1,1,5,20.0,0,0,0.0,4,4,1,0,0,0,0,nba_boxscorematchupsv3
1,2025-26,Playoffs,NBA Finals,2026_nyk_sas_api_20261005,0042500403,3,2026-06-08,1610612752,NYK,1628973,Jalen Brunson,1610612759,SAS,1630577,Julian Champagnie,110,6.3,15.49296,11.90476,20.599999999999998,4,10,0,0,0,0,2,6,33.300000000000004,0,0,0.0,0,0,0,0,0,0,0,nba_boxscorematchupsv3
1,2025-26,Playoffs,NBA Finals,2026_nyk_sas_api_20261005,0042500403,3,2026-06-08,1610612752,NYK,1628973,Jalen Brunson,1610612759,SAS,1628368,De'Aaron Fox,60,3.8,6.3762,6.49351,9.0,3,3,0,0,0,0,1,1,100.0,0,0,0.0,1,1,1,0,0,0,0,nba_boxscorematchupsv3
1,2025-26,Playoffs,NBA Finals,2026_nyk_sas_api_20261005,0042500403,3,2026-06-08,1610612752,NYK,1628973,Jalen Brunson,1610612759,SAS,1642844,Dylan Harper,130,10.2,15.7385,14.06926,20.200000000000003,3,14,0,0,0,0,1,3,33.300000000000004,1,1,100.0,0,0,0,0,0,0,0,nba_boxscorematchupsv3
1,2025-26,Playoffs,NBA Finals,2026_nyk_sas_api_20261005,0042500403,3,2026-06-08,1610612752,NYK,1628973,Jalen Brunson,1610612759,SAS,1629640,Keldon Johnson,27,2.3,6.35294,2.9220800000000002,9.3,0,2,0,0,0,0,0,0,0.0,0,0,0.0,0,0,0,0,0,0,0,nba_boxscorematchupsv3
1,2025-26,Playoffs,NBA Finals,2026_nyk_sas_api_20261005,0042500403,3,2026-06-08,1610612752,NYK,1628973,Jalen Brunson,1610612759,SAS,1628436,Luke Kornet,12,0.7,5.04202,1.2987,9.700000000000001,2,2,0,0,0,0,1,1,100.0,0,0,0.0,0,0,0,0,0,0,0,nba_boxscorematchupsv3
1,2025-26,Playoffs,NBA Finals,2026_nyk_sas_api_20261005,0042500403,3,2026-06-08,1610612752,NYK,1628973,Jalen Brunson,1610612759,SAS,1630170,Devin Vassell,130,14.2,13.96348,14.06926,18.2,6,22,3,0,0,0,2,4,50.0,0,0,0.0,2,3,2,0,0,0,0,nba_boxscorematchupsv3
1,2025-26,Playoffs,NBA Finals,2026_nyk_sas_api_20261005,0042500403,3,2026-06-08,1610612752,NYK,1628973,Jalen Brunson,1610612759,SAS,1641705,Victor Wembanyama,90,5.9,9.0,9.740260000000001,9.700000000000001,6,10,0,0,1,0,2,4,50.0,2,4,50.0,0,0,0,0,0,0,0,nba_boxscorematchupsv3
1,2025-26,Playoffs,NBA Finals,2026_nyk_sas_api_20261005,0042500403,3,2026-06-08,1610612752,NYK,1629013,Landry Shamet,1610612759,SAS,1642868,Carter Bryant,5,0.2,4.46429,0.84034,7.3999999999999995,0,0,0,0,0,1,0,0,0.0,0,0,0.0,0,0,0,0,0,0,0,nba_boxscorematchupsv3
1,2025-26,Playoffs,NBA Finals,2026_nyk_sas_api_20261005,0042500403,3,2026-06-08,1610612752,NYK,1629013,Landry Shamet,1610612759,SAS,1642264,Stephon Castle,30,2.1,2.9791499999999997,5.04202,7.199999999999999,0,5,0,0,0,0,0,0,0.0,0,0,0.0,0,0,0,0,0,0,0,nba_boxscorematchupsv3
1,2025-26,Playoffs,NBA Finals,2026_nyk_sas_api_20261005,0042500403,3,2026-06-08,1610612752,NYK,1629013,Landry Shamet,1610612759,SAS,1630577,Julian Champagnie,68,4.8,9.57746,11.42857,23.9,0,2,1,0,0,0,0,0,0.0,0,0,0.0,0,0,0,0,0,0,0,nba_boxscorematchupsv3
1,2025-26,Playoffs,NBA Finals,2026_nyk_sas_api_20261005,0042500403,3,2026-06-08,1610612752,NYK,1629013,Landry Shamet,1610612759,SAS,1628368,De'Aaron Fox,168,12.3,17.853350000000002,28.235290000000003,36.5,0,8,0,0,0,0,0,2,0.0,0,2,0.0,0,0,0,0,0,0,0,nba_boxscorematchupsv3
1,2025-26,Playoffs,NBA Finals,2026_nyk_sas_api_20261005,0042500403,3,2026-06-08,1610612752,NYK,1629013,Landry Shamet,1610612759,SAS,1642844,Dylan Harper,165,8.8,19.97579,27.731090000000002,37.4,3,13,0,0,0,0,1,1,100.0,1,1,100.0,0,0,0,0,0,0,0,nba_boxscorematchupsv3
1,2025-26,Playoffs,NBA Finals,2026_nyk_sas_api_20261005,0042500403,3,2026-06-08,1610612752,NYK,1629013,Landry Shamet,1610612759,SAS,1629640,Keldon Johnson,19,2.5,4.47059,3.1932799999999997,6.1,0,2,0,0,0,0,0,0,0.0,0,0,0.0,0,0,0,0,0,0,0,nba_boxscorematchupsv3
1,2025-26,Playoffs,NBA Finals,2026_nyk_sas_api_20261005,0042500403,3,2026-06-08,1610612752,NYK,1629013,Landry Shamet,1610612759,SAS,1628436,Luke Kornet,10,1.8,4.20168,1.68067,7.000000000000001,0,6,0,0,0,0,0,0,0.0,0,0,0.0,0,0,0,0,0,0,0,nba_boxscorematchupsv3
1,2025-26,Playoffs,NBA Finals,2026_nyk_sas_api_20261005,0042500403,3,2026-06-08,1610612752,NYK,1629013,Landry Shamet,1610612759,SAS,1630170,Devin Vassell,60,4.1,6.44468,10.084029999999998,17.2,0,2,0,0,0,0,0,2,0.0,0,2,0.0,0,0,0,0,0,0,0,nba_boxscorematchupsv3
1,2025-26,Playoffs,NBA Finals,2026_nyk_sas_api_20261005,0042500403,3,2026-06-08,1610612752,NYK,1629013,Landry Shamet,1610612759,SAS,1641705,Victor Wembanyama,70,5.4,7.000000000000001,11.764710000000001,16.6,0,4,1,0,0,1,0,2,0.0,0,1,0.0,0,0,0,0,0,0,0,nba_boxscorematchupsv3
1,2025-26,Playoffs,NBA Finals,2026_nyk_sas_api_20261005,0042500403,3,2026-06-08,1610612752,NYK,1630540,Miles McBride,1610612759,SAS,1642868,Carter Bryant,3,0.3,2.67857,1.35135,23.9,0,2,0,0,0,0,0,0,0.0,0,0,0.0,0,0,0,0,0,0,0,nba_boxscorematchupsv3
1,2025-26,Playoffs,NBA Finals,2026_nyk_sas_api_20261005,0042500403,3,2026-06-08,1610612752,NYK,1630540,Miles McBride,1610612759,SAS,1642264,Stephon Castle,1,0.1,0.0993,0.45044999999999996,4.7,0,0,0,0,0,0,0,0,0.0,0,0,0.0,0,0,0,0,0,0,0,nba_boxscorematchupsv3
1,2025-26,Playoffs,NBA Finals,2026_nyk_sas_api_20261005,0042500403,3,2026-06-08,1610612752,NYK,1630540,Miles McBride,1610612759,SAS,1630577,Julian Champagnie,22,0.9,3.09859,9.90991,10.2,0,3,0,0,0,0,0,0,0.0,0,0,0.0,0,0,0,0,0,0,0,nba_boxscorematchupsv3
1,2025-26,Playoffs,NBA Finals,2026_nyk_sas_api_20261005,0042500403,3,2026-06-08,1610612752,NYK,1630540,Miles McBride,1610612759,SAS,1628368,De'Aaron Fox,58,3.4,6.16366,26.126129999999996,27.200000000000003,0,4,0,0,0,0,0,1,0.0,0,1,0.0,0,0,0,0,0,0,0,nba_boxscorematchupsv3
1,2025-26,Playoffs,NBA Finals,2026_nyk_sas_api_20261005,0042500403,3,2026-06-08,1610612752,NYK,1630540,Miles McBride,1610612759,SAS,1642844,Dylan Harper,88,5.1,10.653749999999999,39.63964,44.7,0,2,0,0,1,0,0,1,0.0,0,1,0.0,0,0,0,0,0,0,0,nba_boxscorematchupsv3
1,2025-26,Playoffs,NBA Finals,2026_nyk_sas_api_20261005,0042500403,3,2026-06-08,1610612752,NYK,1630540,Miles McBride,1610612759,SAS,1629640,Keldon Johnson,6,0.6,1.41176,2.7027,8.1,0,0,0,0,0,0,0,0,0.0,0,0,0.0,0,0,0,0,0,0,0,nba_boxscorematchupsv3
1,2025-26,Playoffs,NBA Finals,2026_nyk_sas_api_20261005,0042500403,3,2026-06-08,1610612752,NYK,1630540,Miles McBride,1610612759,SAS,1630170,Devin Vassell,22,2.5,2.36305,9.90991,20.8,0,0,0,0,0,0,0,0,0.0,0,0,0.0,0,0,0,0,0,0,0,nba_boxscorematchupsv3
1,2025-26,Playoffs,NBA Finals,2026_nyk_sas_api_20261005,0042500403,3,2026-06-08,1610612752,NYK,1630540,Miles McBride,1610612759,SAS,1641705,Victor Wembanyama,22,0.8,2.1999999999999997,9.90991,11.0,0,2,0,0,0,0,0,0,0.0,0,0,0.0,0,0,0,0,0,0,0,nba_boxscorematchupsv3
1,2025-26,Playoffs,NBA Finals,2026_nyk_sas_api_20261005,0042500403,3,2026-06-08,1610612752,NYK,1629011,Mitchell Robinson,1610612759,SAS,1642264,Stephon Castle,11,0.5,1.09235,6.01093,9.8,2,2,0,0,0,0,1,1,100.0,0,0,0.0,0,0,0,0,0,0,0,nba_boxscorematchupsv3
1,2025-26,Playoffs,NBA Finals,2026_nyk_sas_api_20261005,0042500403,3,2026-06-08,1610612752,NYK,1629011,Mitchell Robinson,1610612759,SAS,1630577,Julian Champagnie,2,0.5,0.28169,1.0929,6.4,0,0,0,0,0,0,0,0,0.0,0,0,0.0,0,0,0,0,0,0,0,nba_boxscorematchupsv3
1,2025-26,Playoffs,NBA Finals,2026_nyk_sas_api_20261005,0042500403,3,2026-06-08,1610612752,NYK,1629011,Mitchell Robinson,1610612759,SAS,1628368,De'Aaron Fox,6,0.9,0.6376200000000001,3.27869,7.3999999999999995,0,2,0,0,0,0,0,0,0.0,0,0,0.0,0,0,0,0,0,0,0,nba_boxscorematchupsv3
1,2025-26,Playoffs,NBA Finals,2026_nyk_sas_api_20261005,0042500403,3,2026-06-08,1610612752,NYK,1629011,Mitchell Robinson,1610612759,SAS,1642844,Dylan Harper,4,0.8,0.48425999999999997,2.18579,5.8999999999999995,0,0,0,0,0,0,0,0,0.0,0,0,0.0,0,0,0,0,0,0,0,nba_boxscorematchupsv3
1,2025-26,Playoffs,NBA Finals,2026_nyk_sas_api_20261005,0042500403,3,2026-06-08,1610612752,NYK,1629011,Mitchell Robinson,1610612759,SAS,1629640,Keldon Johnson,4,0.7,0.94118,2.18579,6.9,0,0,0,0,0,0,0,0,0.0,0,0,0.0,0,0,0,0,0,0,0,nba_boxscorematchupsv3
1,2025-26,Playoffs,NBA Finals,2026_nyk_sas_api_20261005,0042500403,3,2026-06-08,1610612752,NYK,1629011,Mitchell Robinson,1610612759,SAS,1628436,Luke Kornet,39,3.2,16.38655,21.31148,76.9,0,2,0,0,0,0,0,0,0.0,0,0,0.0,0,0,0,0,0,0,0,nba_boxscorematchupsv3
1,2025-26,Playoffs,NBA Finals,2026_nyk_sas_api_20261005,0042500403,3,2026-06-08,1610612752,NYK,1629011,Mitchell Robinson,1610612759,SAS,1630170,Devin Vassell,8,0.9,0.8592900000000001,4.37158,8.0,0,2,0,0,0,0,0,0,0.0,0,0,0.0,0,0,0,0,0,0,0,nba_boxscorematchupsv3
1,2025-26,Playoffs,NBA Finals,2026_nyk_sas_api_20261005,0042500403,3,2026-06-08,1610612752,NYK,1629011,Mitchell Robinson,1610612759,SAS,1641705,Victor Wembanyama,109,6.1,10.9,59.562839999999994,77.5,3,3,0,0,0,1,1,2,50.0,0,0,0.0,1,2,1,0,0,0,0,nba_boxscorematchupsv3
1,2025-26,Playoffs,NBA Finals,2026_nyk_sas_api_20261005,0042500403,3,2026-06-08,1610612752,NYK,1630631,Jose Alvarado,1610612759,SAS,1642868,Carter Bryant,34,1.7,30.357139999999998,9.604519999999999,27.900000000000002,0,5,0,0,0,0,0,0,0.0,0,0,0.0,0,0,0,0,0,0,0,nba_boxscorematchupsv3
1,2025-26,Playoffs,NBA Finals,2026_nyk_sas_api_20261005,0042500403,3,2026-06-08,1610612752,NYK,1630631,Jose Alvarado,1610612759,SAS,1642264,Stephon Castle,84,3.7,8.341610000000001,23.72881,25.5,0,0,0,0,0,0,0,0,0.0,0,0,0.0,0,0,0,0,0,0,0,nba_boxscorematchupsv3
1,2025-26,Playoffs,NBA Finals,2026_nyk_sas_api_20261005,0042500403,3,2026-06-08,1610612752,NYK,1630631,Jose Alvarado,1610612759,SAS,1630577,Julian Champagnie,44,2.6,6.19718,12.42938,15.7,0,5,1,0,0,0,0,0,0.0,0,0,0.0,0,0,0,0,0,0,0,nba_boxscorematchupsv3
1,2025-26,Playoffs,NBA Finals,2026_nyk_sas_api_20261005,0042500403,3,2026-06-08,1610612752,NYK,1630631,Jose Alvarado,1610612759,SAS,1628368,De'Aaron Fox,62,5.8,6.58874,17.51412,25.2,0,6,0,0,0,0,0,1,0.0,0,0,0.0,0,0,0,0,0,0,0,nba_boxscorematchupsv3
1,2025-26,Playoffs,NBA Finals,2026_nyk_sas_api_20261005,0042500403,3,2026-06-08,1610612752,NYK,1630631,Jose Alvarado,1610612759,SAS,1642844,Dylan Harper,54,3.1,6.537529999999999,15.25424,27.700000000000003,0,6,0,0,0,0,0,0,0.0,0,0,0.0,0,0,0,0,0,0,0,nba_boxscorematchupsv3
1,2025-26,Playoffs,NBA Finals,2026_nyk_sas_api_20261005,0042500403,3,2026-06-08,1610612752,NYK,1630631,Jose Alvarado,1610612759,SAS,1629640,Keldon Johnson,19,0.9,4.47059,5.36723,13.600000000000001,0,2,0,0,0,0,0,0,0.0,0,0,0.0,0,0,0,0,0,0,0,nba_boxscorematchupsv3
1,2025-26,Playoffs,NBA Finals,2026_nyk_sas_api_20261005,0042500403,3,2026-06-08,1610612752,NYK,1630631,Jose Alvarado,1610612759,SAS,1628436,Luke Kornet,13,0.6,5.46218,3.6723199999999996,6.9,0,0,0,0,0,0,0,0,0.0,0,0,0.0,0,0,0,0,0,0,0,nba_boxscorematchupsv3
1,2025-26,Playoffs,NBA Finals,2026_nyk_sas_api_20261005,0042500403,3,2026-06-08,1610612752,NYK,1630631,Jose Alvarado,1610612759,SAS,1630170,Devin Vassell,10,0.1,1.07411,2.8248599999999997,8.799999999999999,0,0,0,0,0,0,0,0,0.0,0,0,0.0,0,0,0,0,0,0,0,nba_boxscorematchupsv3
1,2025-26,Playoffs,NBA Finals,2026_nyk_sas_api_20261005,0042500403,3,2026-06-08,1610612752,NYK,1630631,Jose Alvarado,1610612759,SAS,1641705,Victor Wembanyama,34,2.5,3.4000000000000004,9.604519999999999,18.2,4,4,0,0,0,0,2,4,50.0,0,2,0.0,0,0,0,0,0,0,0,nba_boxscorematchupsv3
1,2025-26,Playoffs,NBA Finals,2026_nyk_sas_api_20261005,0042500403,3,2026-06-08,1610612752,NYK,203903,Jordan Clarkson,1610612759,SAS,1642868,Carter Bryant,2,0.0,1.7857100000000001,0.5555599999999999,2.1,0,0,0,0,0,0,0,0,0.0,0,0,0.0,0,0,0,0,0,0,0,nba_boxscorematchupsv3
1,2025-26,Playoffs,NBA Finals,2026_nyk_sas_api_20261005,0042500403,3,2026-06-08,1610612752,NYK,203903,Jordan Clarkson,1610612759,SAS,1642264,Stephon Castle,26,1.5,2.58193,7.22222,8.3,0,0,0,0,0,0,0,0,0.0,0,0,0.0,0,0,0,0,0,0,0,nba_boxscorematchupsv3
1,2025-26,Playoffs,NBA Finals,2026_nyk_sas_api_20261005,0042500403,3,2026-06-08,1610612752,NYK,203903,Jordan Clarkson,1610612759,SAS,1630577,Julian Champagnie,118,7.9,16.619719999999997,32.77778,41.9,8,16,0,0,0,0,3,3,100.0,2,2,100.0,0,0,0,0,0,0,0,nba_boxscorematchupsv3
1,2025-26,Playoffs,NBA Finals,2026_nyk_sas_api_20261005,0042500403,3,2026-06-08,1610612752,NYK,203903,Jordan Clarkson,1610612759,SAS,1628368,De'Aaron Fox,59,4.3,6.26993,16.38889,20.7,0,9,0,0,1,0,0,0,0.0,0,0,0.0,0,0,0,0,0,0,0,nba_boxscorematchupsv3
1,2025-26,Playoffs,NBA Finals,2026_nyk_sas_api_20261005,0042500403,3,2026-06-08,1610612752,NYK,203903,Jordan Clarkson,1610612759,SAS,1642844,Dylan Harper,39,3.1,4.72155,10.83333,16.900000000000002,0,0,1,0,0,0,0,0,0.0,0,0,0.0,0,0,0,0,0,0,0,nba_boxscorematchupsv3
1,2025-26,Playoffs,NBA Finals,2026_nyk_sas_api_20261005,0042500403,3,2026-06-08,1610612752,NYK,203903,Jordan Clarkson,1610612759,SAS,1629640,Keldon Johnson,16,1.6,3.7647100000000004,4.44444,21.099999999999998,0,0,0,0,0,0,0,0,0.0,0,0,0.0,0,0,0,0,0,0,0,nba_boxscorematchupsv3
1,2025-26,Playoffs,NBA Finals,2026_nyk_sas_api_20261005,0042500403,3,2026-06-08,1610612752,NYK,203903,Jordan Clarkson,1610612759,SAS,1628436,Luke Kornet,32,2.1,13.445380000000002,8.88889,15.9,0,5,0,0,0,0,0,1,0.0,0,0,0.0,0,0,0,0,0,0,0,nba_boxscorematchupsv3
1,2025-26,Playoffs,NBA Finals,2026_nyk_sas_api_20261005,0042500403,3,2026-06-08,1610612752,NYK,203903,Jordan Clarkson,1610612759,SAS,1630170,Devin Vassell,36,2.2,3.8668099999999996,10.0,18.6,2,5,0,0,1,0,1,3,33.300000000000004,0,0,0.0,0,0,0,0,0,0,0,nba_boxscorematchupsv3
1,2025-26,Playoffs,NBA Finals,2026_nyk_sas_api_20261005,0042500403,3,2026-06-08,1610612752,NYK,203903,Jordan Clarkson,1610612759,SAS,1641705,Victor Wembanyama,32,1.9,3.2,8.88889,13.900000000000002,0,3,0,0,0,0,0,0,0.0,0,0,0.0,0,0,0,0,0,0,0,nba_boxscorematchupsv3
1,2025-26,Playoffs,NBA Finals,2026_nyk_sas_api_20261005,0042500403,3,2026-06-08,1610612759,SAS,1630577,Julian Champagnie,1610612752,NYK,1630631,Jose Alvarado,36,2.5,13.793099999999999,6.3716800000000005,22.6,0,0,0,0,0,0,0,0,0.0,0,0,0.0,0,0,0,0,0,0,0,nba_boxscorematchupsv3
1,2025-26,Playoffs,NBA Finals,2026_nyk_sas_api_20261005,0042500403,3,2026-06-08,1610612759,SAS,1630577,Julian Champagnie,1610612752,NYK,1628384,OG Anunoby,79,7.9,10.038120000000001,13.9823,19.7,0,9,1,0,0,0,0,1,0.0,0,1,0.0,0,0,0,0,0,0,0,nba_boxscorematchupsv3
1,2025-26,Playoffs,NBA Finals,2026_nyk_sas_api_20261005,0042500403,3,2026-06-08,1610612759,SAS,1630577,Julian Champagnie,1610612752,NYK,1628969,Mikal Bridges,24,3.4,3.7267099999999997,4.24779,8.3,0,6,0,0,0,0,0,0,0.0,0,0,0.0,0,0,0,0,0,0,0,nba_boxscorematchupsv3
1,2025-26,Playoffs,NBA Finals,2026_nyk_sas_api_20261005,0042500403,3,2026-06-08,1610612759,SAS,1630577,Julian Champagnie,1610612752,NYK,1628973,Jalen Brunson,245,19.3,31.6129,43.36283,52.0,4,24,1,0,0,0,1,3,33.300000000000004,1,2,50.0,1,2,0,0,0,0,0,nba_boxscorematchupsv3
1,2025-26,Playoffs,NBA Finals,2026_nyk_sas_api_20261005,0042500403,3,2026-06-08,1610612759,SAS,1630577,Julian Champagnie,1610612752,NYK,203903,Jordan Clarkson,89,9.5,31.89964,15.75221,41.0,0,10,0,0,0,0,0,1,0.0,0,1,0.0,0,0,0,0,0,0,0,nba_boxscorematchupsv3
1,2025-26,Playoffs,NBA Finals,2026_nyk_sas_api_20261005,0042500403,3,2026-06-08,1610612759,SAS,1630577,Julian Champagnie,1610612752,NYK,1628404,Josh Hart,54,7.5,6.878979999999999,9.55752,15.299999999999999,5,13,1,0,0,0,2,2,100.0,1,1,100.0,0,0,0,0,0,0,0,nba_boxscorematchupsv3
1,2025-26,Playoffs,NBA Finals,2026_nyk_sas_api_20261005,0042500403,3,2026-06-08,1610612759,SAS,1630577,Julian Champagnie,1610612752,NYK,1629013,Landry Shamet,30,2.5,5.90551,5.30973,17.9,3,8,0,0,0,0,1,1,100.0,1,1,100.0,0,0,0,0,0,0,0,nba_boxscorematchupsv3
1,2025-26,Playoffs,NBA Finals,2026_nyk_sas_api_20261005,0042500403,3,2026-06-08,1610612759,SAS,1630577,Julian Champagnie,1610612752,NYK,1631110,Jeremy Sochan,1,0.0,12.5,0.17699,6.9,0,0,0,0,0,0,0,0,0.0,0,0,0.0,0,0,0,0,0,0,0,nba_boxscorematchupsv3
1,2025-26,Playoffs,NBA Finals,2026_nyk_sas_api_20261005,0042500403,3,2026-06-08,1610612759,SAS,1630577,Julian Champagnie,1610612752,NYK,1626157,Karl-Anthony Towns,7,1.2,0.83532,1.23894,3.0,0,0,0,0,0,0,0,1,0.0,0,1,0.0,0,0,0,0,0,0,0,nba_boxscorematchupsv3
1,2025-26,Playoffs,NBA Finals,2026_nyk_sas_api_20261005,0042500403,3,2026-06-08,1610612759,SAS,1630170,Devin Vassell,1610612752,NYK,1630631,Jose Alvarado,10,0.8,3.83142,1.21359,8.6,0,2,0,0,0,0,0,0,0.0,0,0,0.0,0,0,0,0,0,0,0,nba_boxscorematchupsv3
1,2025-26,Playoffs,NBA Finals,2026_nyk_sas_api_20261005,0042500403,3,2026-06-08,1610612759,SAS,1630170,Devin Vassell,1610612752,NYK,1628384,OG Anunoby,198,18.2,25.15883,24.029130000000002,27.3,6,18,0,0,0,0,2,2,100.0,2,2,100.0,0,0,0,0,0,0,0,nba_boxscorematchupsv3
1,2025-26,Playoffs,NBA Finals,2026_nyk_sas_api_20261005,0042500403,3,2026-06-08,1610612759,SAS,1630170,Devin Vassell,1610612752,NYK,1628969,Mikal Bridges,29,2.9,4.5031099999999995,3.51942,7.000000000000001,0,0,0,0,0,0,0,0,0.0,0,0,0.0,0,0,0,0,0,0,0,nba_boxscorematchupsv3
1,2025-26,Playoffs,NBA Finals,2026_nyk_sas_api_20261005,0042500403,3,2026-06-08,1610612759,SAS,1630170,Devin Vassell,1610612752,NYK,1628973,Jalen Brunson,226,18.8,29.16129,27.42718,32.5,0,17,0,0,0,0,0,1,0.0,0,1,0.0,0,0,0,0,0,0,0,nba_boxscorematchupsv3
1,2025-26,Playoffs,NBA Finals,2026_nyk_sas_api_20261005,0042500403,3,2026-06-08,1610612759,SAS,1630170,Devin Vassell,1610612752,NYK,203903,Jordan Clarkson,108,7.2,38.70968,13.1068,61.6,0,7,0,0,1,0,0,0,0.0,0,0,0.0,0,0,0,0,0,0,0,nba_boxscorematchupsv3
1,2025-26,Playoffs,NBA Finals,2026_nyk_sas_api_20261005,0042500403,3,2026-06-08,1610612759,SAS,1630170,Devin Vassell,1610612752,NYK,1628404,Josh Hart,59,4.3,7.5159199999999995,7.16019,8.0,2,9,0,0,0,0,0,0,0.0,0,0,0.0,2,2,1,0,0,0,0,nba_boxscorematchupsv3
1,2025-26,Playoffs,NBA Finals,2026_nyk_sas_api_20261005,0042500403,3,2026-06-08,1610612759,SAS,1630170,Devin Vassell,1610612752,NYK,1630540,Miles McBride,48,3.5,26.815640000000002,5.82524,33.1,0,4,0,0,0,0,0,0,0.0,0,0,0.0,0,0,0,0,0,0,0,nba_boxscorematchupsv3
1,2025-26,Playoffs,NBA Finals,2026_nyk_sas_api_20261005,0042500403,3,2026-06-08,1610612759,SAS,1630170,Devin Vassell,1610612752,NYK,1629013,Landry Shamet,70,6.4,13.779530000000001,8.49515,19.6,3,3,0,0,0,0,1,1,100.0,1,1,100.0,0,0,0,0,0,0,0,nba_boxscorematchupsv3
1,2025-26,Playoffs,NBA Finals,2026_nyk_sas_api_20261005,0042500403,3,2026-06-08,1610612759,SAS,1630170,Devin Vassell,1610612752,NYK,1631110,Jeremy Sochan,5,0.0,62.5,0.6068,77.60000000000001,0,0,0,0,0,0,0,0,0.0,0,0,0.0,0,0,0,0,0,0,0,nba_boxscorematchupsv3
1,2025-26,Playoffs,NBA Finals,2026_nyk_sas_api_20261005,0042500403,3,2026-06-08,1610612759,SAS,1630170,Devin Vassell,1610612752,NYK,1626157,Karl-Anthony Towns,71,9.7,8.47255,8.6165,10.8,0,12,0,0,0,0,0,0,0.0,0,0,0.0,0,0,0,0,0,0,0,nba_boxscorematchupsv3
1,2025-26,Playoffs,NBA Finals,2026_nyk_sas_api_20261005,0042500403,3,2026-06-08,1610612759,SAS,1641705,Victor Wembanyama,1610612752,NYK,1630631,Jose Alvarado,11,1.0,4.21456,1.27907,6.3,0,0,0,0,0,0,0,0,0.0,0,0,0.0,0,0,0,0,0,0,0,nba_boxscorematchupsv3
1,2025-26,Playoffs,NBA Finals,2026_nyk_sas_api_20261005,0042500403,3,2026-06-08,1610612759,SAS,1641705,Victor Wembanyama,1610612752,NYK,1628384,OG Anunoby,92,8.5,11.689960000000001,10.697669999999999,13.600000000000001,8,12,1,0,0,0,3,3,100.0,0,0,0.0,2,3,2,0,0,0,0,nba_boxscorematchupsv3
1,2025-26,Playoffs,NBA Finals,2026_nyk_sas_api_20261005,0042500403,3,2026-06-08,1610612759,SAS,1641705,Victor Wembanyama,1610612752,NYK,1628969,Mikal Bridges,20,2.6,3.1055900000000003,2.32558,6.0,7,7,0,0,0,0,2,2,100.0,1,1,100.0,2,2,0,0,0,0,0,nba_boxscorematchupsv3
1,2025-26,Playoffs,NBA Finals,2026_nyk_sas_api_20261005,0042500403,3,2026-06-08,1610612759,SAS,1641705,Victor Wembanyama,1610612752,NYK,1628973,Jalen Brunson,22,4.0,2.83871,2.55814,7.000000000000001,0,2,0,0,0,0,0,0,0.0,0,0,0.0,0,0,0,0,0,0,0,nba_boxscorematchupsv3
1,2025-26,Playoffs,NBA Finals,2026_nyk_sas_api_20261005,0042500403,3,2026-06-08,1610612759,SAS,1641705,Victor Wembanyama,1610612752,NYK,203903,Jordan Clarkson,7,1.2,2.50896,0.81395,7.1,0,0,0,0,0,0,0,0,0.0,0,0,0.0,0,0,0,0,0,0,0,nba_boxscorematchupsv3
1,2025-26,Playoffs,NBA Finals,2026_nyk_sas_api_20261005,0042500403,3,2026-06-08,1610612759,SAS,1641705,Victor Wembanyama,1610612752,NYK,1628404,Josh Hart,63,8.7,8.02548,7.3255799999999995,11.1,2,6,1,0,0,0,1,2,50.0,0,0,0.0,0,0,0,0,0,0,0,nba_boxscorematchupsv3
1,2025-26,Playoffs,NBA Finals,2026_nyk_sas_api_20261005,0042500403,3,2026-06-08,1610612759,SAS,1641705,Victor Wembanyama,1610612752,NYK,1630540,Miles McBride,1,0.0,0.5586599999999999,0.11628000000000001,1.0999999999999999,0,0,0,0,0,0,0,0,0.0,0,0,0.0,0,0,0,0,0,0,0,nba_boxscorematchupsv3
1,2025-26,Playoffs,NBA Finals,2026_nyk_sas_api_20261005,0042500403,3,2026-06-08,1610612759,SAS,1641705,Victor Wembanyama,1610612752,NYK,1629011,Mitchell Robinson,90,5.7,60.0,10.46512,69.89999999999999,5,12,2,0,0,0,2,4,50.0,1,2,50.0,0,0,0,0,0,0,0,nba_boxscorematchupsv3
1,2025-26,Playoffs,NBA Finals,2026_nyk_sas_api_20261005,0042500403,3,2026-06-08,1610612759,SAS,1641705,Victor Wembanyama,1610612752,NYK,1629013,Landry Shamet,32,4.1,6.2992099999999995,3.72093,11.4,2,4,0,0,0,1,0,1,0.0,0,0,0.0,2,2,1,0,0,0,0,nba_boxscorematchupsv3
1,2025-26,Playoffs,NBA Finals,2026_nyk_sas_api_20261005,0042500403,3,2026-06-08,1610612759,SAS,1641705,Victor Wembanyama,1610612752,NYK,1631110,Jeremy Sochan,2,0.0,25.0,0.23256000000000002,15.4,0,0,0,0,0,0,0,0,0.0,0,0,0.0,0,0,0,0,0,0,0,nba_boxscorematchupsv3
1,2025-26,Playoffs,NBA Finals,2026_nyk_sas_api_20261005,0042500403,3,2026-06-08,1610612759,SAS,1641705,Victor Wembanyama,1610612752,NYK,1626157,Karl-Anthony Towns,520,39.1,62.052510000000005,60.465120000000006,67.7,8,40,2,0,1,0,3,6,50.0,0,1,0.0,2,2,0,0,0,0,0,nba_boxscorematchupsv3
1,2025-26,Playoffs,NBA Finals,2026_nyk_sas_api_20261005,0042500403,3,2026-06-08,1610612759,SAS,1642264,Stephon Castle,1610612752,NYK,1630631,Jose Alvarado,27,2.2,10.34483,3.17647,11.600000000000001,0,0,0,0,0,0,0,1,0.0,0,1,0.0,0,0,0,0,0,0,0,nba_boxscorematchupsv3
1,2025-26,Playoffs,NBA Finals,2026_nyk_sas_api_20261005,0042500403,3,2026-06-08,1610612759,SAS,1642264,Stephon Castle,1610612752,NYK,1628384,OG Anunoby,70,6.9,8.89454,8.23529,12.2,0,11,0,0,2,0,0,1,0.0,0,0,0.0,0,0,0,0,0,0,0,nba_boxscorematchupsv3
1,2025-26,Playoffs,NBA Finals,2026_nyk_sas_api_20261005,0042500403,3,2026-06-08,1610612759,SAS,1642264,Stephon Castle,1610612752,NYK,1628969,Mikal Bridges,163,12.5,25.31056,19.176470000000002,24.7,2,13,1,0,0,1,1,1,100.0,0,0,0.0,0,1,1,0,0,0,0,nba_boxscorematchupsv3
1,2025-26,Playoffs,NBA Finals,2026_nyk_sas_api_20261005,0042500403,3,2026-06-08,1610612759,SAS,1642264,Stephon Castle,1610612752,NYK,1628973,Jalen Brunson,123,11.4,15.870970000000002,14.47059,17.9,2,13,0,0,0,0,0,0,0.0,0,0,0.0,2,2,0,0,0,0,0,nba_boxscorematchupsv3
1,2025-26,Playoffs,NBA Finals,2026_nyk_sas_api_20261005,0042500403,3,2026-06-08,1610612759,SAS,1642264,Stephon Castle,1610612752,NYK,203903,Jordan Clarkson,2,0.3,0.71685,0.23528999999999997,2.0,0,2,0,0,0,0,0,0,0.0,0,0,0.0,0,0,0,0,0,0,0,nba_boxscorematchupsv3
1,2025-26,Playoffs,NBA Finals,2026_nyk_sas_api_20261005,0042500403,3,2026-06-08,1610612759,SAS,1642264,Stephon Castle,1610612752,NYK,1628404,Josh Hart,328,27.8,41.78344,38.58824,44.4,11,28,0,0,0,0,5,7,71.39999999999999,1,2,50.0,0,0,0,0,0,0,0,nba_boxscorematchupsv3
1,2025-26,Playoffs,NBA Finals,2026_nyk_sas_api_20261005,0042500403,3,2026-06-08,1610612759,SAS,1642264,Stephon Castle,1610612752,NYK,1630540,Miles McBride,4,0.1,2.2346399999999997,0.47059,7.1,0,3,0,0,0,0,0,0,0.0,0,0,0.0,0,0,0,0,0,0,0,nba_boxscorematchupsv3
1,2025-26,Playoffs,NBA Finals,2026_nyk_sas_api_20261005,0042500403,3,2026-06-08,1610612759,SAS,1642264,Stephon Castle,1610612752,NYK,1629011,Mitchell Robinson,5,1.0,3.33333,0.58824,9.700000000000001,0,0,1,0,0,0,0,0,0.0,0,0,0.0,0,0,0,0,0,0,0,nba_boxscorematchupsv3
1,2025-26,Playoffs,NBA Finals,2026_nyk_sas_api_20261005,0042500403,3,2026-06-08,1610612759,SAS,1642264,Stephon Castle,1610612752,NYK,1629013,Landry Shamet,63,4.8,12.401570000000001,7.411760000000001,15.0,2,9,0,0,0,0,0,0,0.0,0,0,0.0,2,2,1,0,0,0,0,nba_boxscorematchupsv3
1,2025-26,Playoffs,NBA Finals,2026_nyk_sas_api_20261005,0042500403,3,2026-06-08,1610612759,SAS,1642264,Stephon Castle,1610612752,NYK,1626157,Karl-Anthony Towns,65,8.7,7.7565599999999995,7.64706,13.5,6,6,0,0,0,0,2,4,50.0,1,2,50.0,1,1,1,0,0,0,0,nba_boxscorematchupsv3
1,2025-26,Playoffs,NBA Finals,2026_nyk_sas_api_20261005,0042500403,3,2026-06-08,1610612759,SAS,1628368,De'Aaron Fox,1610612752,NYK,1630631,Jose Alvarado,123,8.2,47.12644,15.31756,51.0,2,19,0,0,0,0,0,1,0.0,0,1,0.0,2,2,1,0,0,0,0,nba_boxscorematchupsv3
1,2025-26,Playoffs,NBA Finals,2026_nyk_sas_api_20261005,0042500403,3,2026-06-08,1610612759,SAS,1628368,De'Aaron Fox,1610612752,NYK,1628384,OG Anunoby,144,11.2,18.297330000000002,17.93275,22.5,0,7,1,0,1,0,0,1,0.0,0,1,0.0,0,0,0,0,0,0,0,nba_boxscorematchupsv3
1,2025-26,Playoffs,NBA Finals,2026_nyk_sas_api_20261005,0042500403,3,2026-06-08,1610612759,SAS,1628368,De'Aaron Fox,1610612752,NYK,1628969,Mikal Bridges,223,17.5,34.62733,27.770860000000003,41.0,2,15,3,0,0,0,1,4,25.0,0,2,0.0,0,0,0,0,0,0,0,nba_boxscorematchupsv3
1,2025-26,Playoffs,NBA Finals,2026_nyk_sas_api_20261005,0042500403,3,2026-06-08,1610612759,SAS,1628368,De'Aaron Fox,1610612752,NYK,1628973,Jalen Brunson,38,4.9,4.90323,4.7322500000000005,9.2,2,4,0,0,0,0,1,1,100.0,0,0,0.0,0,0,0,0,0,0,0,nba_boxscorematchupsv3
1,2025-26,Playoffs,NBA Finals,2026_nyk_sas_api_20261005,0042500403,3,2026-06-08,1610612759,SAS,1628368,De'Aaron Fox,1610612752,NYK,203903,Jordan Clarkson,29,2.4,10.39427,3.6114599999999997,14.000000000000002,0,3,0,0,0,0,0,0,0.0,0,0,0.0,0,0,0,0,0,0,0,nba_boxscorematchupsv3
1,2025-26,Playoffs,NBA Finals,2026_nyk_sas_api_20261005,0042500403,3,2026-06-08,1610612759,SAS,1628368,De'Aaron Fox,1610612752,NYK,1628404,Josh Hart,74,5.6,9.42675,9.21544,15.299999999999999,2,5,1,0,0,0,0,1,0.0,0,0,0.0,2,2,1,0,0,0,0,nba_boxscorematchupsv3
1,2025-26,Playoffs,NBA Finals,2026_nyk_sas_api_20261005,0042500403,3,2026-06-08,1610612759,SAS,1628368,De'Aaron Fox,1610612752,NYK,1630540,Miles McBride,39,3.1,21.78771,4.85679,25.7,0,2,1,0,0,0,0,0,0.0,0,0,0.0,0,0,0,0,0,0,0,nba_boxscorematchupsv3
1,2025-26,Playoffs,NBA Finals,2026_nyk_sas_api_20261005,0042500403,3,2026-06-08,1610612759,SAS,1628368,De'Aaron Fox,1610612752,NYK,1629011,Mitchell Robinson,7,0.9,4.66667,0.8717300000000001,12.8,2,2,0,0,0,0,1,1,100.0,0,0,0.0,0,0,0,0,0,0,0,nba_boxscorematchupsv3
1,2025-26,Playoffs,NBA Finals,2026_nyk_sas_api_20261005,0042500403,3,2026-06-08,1610612759,SAS,1628368,De'Aaron Fox,1610612752,NYK,1629013,Landry Shamet,103,8.5,20.275589999999998,12.8269,24.8,0,10,0,0,0,0,0,2,0.0,0,1,0.0,0,0,0,0,0,0,0,nba_boxscorematchupsv3
1,2025-26,Playoffs,NBA Finals,2026_nyk_sas_api_20261005,0042500403,3,2026-06-08,1610612759,SAS,1628368,De'Aaron Fox,1610612752,NYK,1626157,Karl-Anthony Towns,23,2.6,2.74463,2.8642600000000003,4.5,2,4,0,0,0,1,1,2,50.0,0,0,0.0,0,0,0,0,0,0,0,nba_boxscorematchupsv3
1,2025-26,Playoffs,NBA Finals,2026_nyk_sas_api_20261005,0042500403,3,2026-06-08,1610612759,SAS,1642844,Dylan Harper,1610612752,NYK,1630631,Jose Alvarado,18,1.1,6.8965499999999995,2.67857,13.5,0,1,0,0,0,0,0,0,0.0,0,0,0.0,0,0,0,0,0,0,0,nba_boxscorematchupsv3
1,2025-26,Playoffs,NBA Finals,2026_nyk_sas_api_20261005,0042500403,3,2026-06-08,1610612759,SAS,1642844,Dylan Harper,1610612752,NYK,1628384,OG Anunoby,73,8.8,9.27573,10.863100000000001,15.299999999999999,2,7,2,0,0,2,1,3,33.300000000000004,0,0,0.0,0,0,0,0,0,0,0,nba_boxscorematchupsv3
1,2025-26,Playoffs,NBA Finals,2026_nyk_sas_api_20261005,0042500403,3,2026-06-08,1610612759,SAS,1642844,Dylan Harper,1610612752,NYK,1628969,Mikal Bridges,160,13.1,24.844720000000002,23.80952,40.5,2,10,0,0,0,0,1,5,20.0,0,3,0.0,0,0,0,0,0,0,0,nba_boxscorematchupsv3
1,2025-26,Playoffs,NBA Finals,2026_nyk_sas_api_20261005,0042500403,3,2026-06-08,1610612759,SAS,1642844,Dylan Harper,1610612752,NYK,1628973,Jalen Brunson,52,5.7,6.70968,7.7381,10.4,2,6,0,0,0,0,0,3,0.0,0,2,0.0,2,2,0,0,0,0,0,nba_boxscorematchupsv3
1,2025-26,Playoffs,NBA Finals,2026_nyk_sas_api_20261005,0042500403,3,2026-06-08,1610612759,SAS,1642844,Dylan Harper,1610612752,NYK,203903,Jordan Clarkson,20,1.5,7.1684600000000005,2.97619,11.5,0,7,2,0,0,0,0,0,0.0,0,0,0.0,0,0,0,0,0,0,0,nba_boxscorematchupsv3
1,2025-26,Playoffs,NBA Finals,2026_nyk_sas_api_20261005,0042500403,3,2026-06-08,1610612759,SAS,1642844,Dylan Harper,1610612752,NYK,1628404,Josh Hart,140,12.0,17.83439,20.83333,25.5,0,11,0,0,0,0,0,0,0.0,0,0,0.0,0,0,0,0,0,0,0,nba_boxscorematchupsv3
1,2025-26,Playoffs,NBA Finals,2026_nyk_sas_api_20261005,0042500403,3,2026-06-08,1610612759,SAS,1642844,Dylan Harper,1610612752,NYK,1630540,Miles McBride,81,7.2,45.251400000000004,12.053569999999999,54.800000000000004,0,5,0,0,0,0,0,0,0.0,0,0,0.0,0,0,0,0,0,0,0,nba_boxscorematchupsv3
1,2025-26,Playoffs,NBA Finals,2026_nyk_sas_api_20261005,0042500403,3,2026-06-08,1610612759,SAS,1642844,Dylan Harper,1610612752,NYK,1629011,Mitchell Robinson,11,1.5,7.33333,1.6369000000000002,9.0,0,2,0,0,0,0,0,1,0.0,0,1,0.0,0,0,0,0,0,0,0,nba_boxscorematchupsv3
1,2025-26,Playoffs,NBA Finals,2026_nyk_sas_api_20261005,0042500403,3,2026-06-08,1610612759,SAS,1642844,Dylan Harper,1610612752,NYK,1629013,Landry Shamet,105,8.4,20.66929,15.625,30.599999999999998,3,10,0,0,0,0,1,1,100.0,1,1,100.0,0,0,0,0,0,0,0,nba_boxscorematchupsv3
1,2025-26,Playoffs,NBA Finals,2026_nyk_sas_api_20261005,0042500403,3,2026-06-08,1610612759,SAS,1642844,Dylan Harper,1610612752,NYK,1626157,Karl-Anthony Towns,12,1.0,1.43198,1.7857100000000001,3.5000000000000004,4,4,0,0,0,0,2,4,50.0,0,1,0.0,0,0,0,0,0,0,0,nba_boxscorematchupsv3
1,2025-26,Playoffs,NBA Finals,2026_nyk_sas_api_20261005,0042500403,3,2026-06-08,1610612759,SAS,1629640,Keldon Johnson,1610612752,NYK,1630631,Jose Alvarado,3,0.2,1.1494300000000002,0.79156,5.6000000000000005,0,0,0,0,0,0,0,0,0.0,0,0,0.0,0,0,0,0,0,0,0,nba_boxscorematchupsv3
1,2025-26,Playoffs,NBA Finals,2026_nyk_sas_api_20261005,0042500403,3,2026-06-08,1610612759,SAS,1629640,Keldon Johnson,1610612752,NYK,1628384,OG Anunoby,106,9.2,13.468869999999999,27.96834,44.2,2,11,0,0,0,0,1,1,100.0,0,0,0.0,0,0,0,0,0,0,0,nba_boxscorematchupsv3
1,2025-26,Playoffs,NBA Finals,2026_nyk_sas_api_20261005,0042500403,3,2026-06-08,1610612759,SAS,1629640,Keldon Johnson,1610612752,NYK,1628969,Mikal Bridges,25,1.8,3.8819899999999996,6.59631,19.2,2,7,0,0,0,0,1,1,100.0,0,0,0.0,0,0,0,0,0,0,0,nba_boxscorematchupsv3
1,2025-26,Playoffs,NBA Finals,2026_nyk_sas_api_20261005,0042500403,3,2026-06-08,1610612759,SAS,1629640,Keldon Johnson,1610612752,NYK,1628973,Jalen Brunson,64,8.2,8.25806,16.88654,25.5,0,12,0,0,0,0,0,1,0.0,0,0,0.0,0,2,1,0,0,0,0,nba_boxscorematchupsv3
1,2025-26,Playoffs,NBA Finals,2026_nyk_sas_api_20261005,0042500403,3,2026-06-08,1610612759,SAS,1629640,Keldon Johnson,1610612752,NYK,203903,Jordan Clarkson,11,0.3,3.9426500000000004,2.90237,12.6,0,0,0,0,0,0,0,0,0.0,0,0,0.0,0,0,0,0,0,0,0,nba_boxscorematchupsv3
1,2025-26,Playoffs,NBA Finals,2026_nyk_sas_api_20261005,0042500403,3,2026-06-08,1610612759,SAS,1629640,Keldon Johnson,1610612752,NYK,1628404,Josh Hart,61,2.8,7.7707,16.09499,22.2,2,4,0,0,0,0,1,1,100.0,0,0,0.0,0,0,0,0,0,0,0,nba_boxscorematchupsv3
1,2025-26,Playoffs,NBA Finals,2026_nyk_sas_api_20261005,0042500403,3,2026-06-08,1610612759,SAS,1629640,Keldon Johnson,1610612752,NYK,1630540,Miles McBride,3,0.7,1.6759799999999998,0.79156,3.5000000000000004,0,0,0,0,0,0,0,1,0.0,0,0,0.0,0,0,0,0,0,0,0,nba_boxscorematchupsv3
1,2025-26,Playoffs,NBA Finals,2026_nyk_sas_api_20261005,0042500403,3,2026-06-08,1610612759,SAS,1629640,Keldon Johnson,1610612752,NYK,1629011,Mitchell Robinson,2,0.4,1.33333,0.5277,2.0,0,0,0,0,0,0,0,0,0.0,0,0,0.0,0,0,0,0,0,0,0,nba_boxscorematchupsv3
1,2025-26,Playoffs,NBA Finals,2026_nyk_sas_api_20261005,0042500403,3,2026-06-08,1610612759,SAS,1629640,Keldon Johnson,1610612752,NYK,1629013,Landry Shamet,87,7.8,17.12598,22.95515,27.900000000000002,1,7,0,0,0,0,0,0,0.0,0,0,0.0,1,2,0,0,0,0,0,nba_boxscorematchupsv3
1,2025-26,Playoffs,NBA Finals,2026_nyk_sas_api_20261005,0042500403,3,2026-06-08,1610612759,SAS,1629640,Keldon Johnson,1610612752,NYK,1626157,Karl-Anthony Towns,17,1.9,2.0286399999999998,4.48549,8.799999999999999,0,0,0,0,1,1,0,0,0.0,0,0,0.0,0,0,0,0,0,0,0,nba_boxscorematchupsv3
1,2025-26,Playoffs,NBA Finals,2026_nyk_sas_api_20261005,0042500403,3,2026-06-08,1610612759,SAS,1628436,Luke Kornet,1610612752,NYK,1628384,OG Anunoby,9,1.9,1.14358,4.47761,16.6,0,0,0,0,0,0,0,0,0.0,0,0,0.0,0,0,0,0,0,0,0,nba_boxscorematchupsv3
1,2025-26,Playoffs,NBA Finals,2026_nyk_sas_api_20261005,0042500403,3,2026-06-08,1610612759,SAS,1628436,Luke Kornet,1610612752,NYK,1628973,Jalen Brunson,5,2.4,0.64516,2.48756,6.7,0,3,0,0,0,0,0,0,0.0,0,0,0.0,0,0,0,0,0,0,0,nba_boxscorematchupsv3
1,2025-26,Playoffs,NBA Finals,2026_nyk_sas_api_20261005,0042500403,3,2026-06-08,1610612759,SAS,1628436,Luke Kornet,1610612752,NYK,203903,Jordan Clarkson,3,0.7,1.07527,1.49254,2.3,0,0,0,0,0,0,0,0,0.0,0,0,0.0,0,0,0,0,0,0,0,nba_boxscorematchupsv3
1,2025-26,Playoffs,NBA Finals,2026_nyk_sas_api_20261005,0042500403,3,2026-06-08,1610612759,SAS,1628436,Luke Kornet,1610612752,NYK,1628404,Josh Hart,6,0.4,0.76433,2.98507,12.5,0,2,0,0,0,0,0,0,0.0,0,0,0.0,0,0,0,0,0,0,0,nba_boxscorematchupsv3
1,2025-26,Playoffs,NBA Finals,2026_nyk_sas_api_20261005,0042500403,3,2026-06-08,1610612759,SAS,1628436,Luke Kornet,1610612752,NYK,1630540,Miles McBride,2,0.0,1.1173199999999999,0.9950199999999999,1.9,0,0,0,0,0,0,0,0,0.0,0,0,0.0,0,0,0,0,0,0,0,nba_boxscorematchupsv3
1,2025-26,Playoffs,NBA Finals,2026_nyk_sas_api_20261005,0042500403,3,2026-06-08,1610612759,SAS,1628436,Luke Kornet,1610612752,NYK,1629011,Mitchell Robinson,35,2.8,23.33333,17.41294,81.10000000000001,0,4,2,0,0,0,0,0,0.0,0,0,0.0,0,0,0,0,0,0,0,nba_boxscorematchupsv3
1,2025-26,Playoffs,NBA Finals,2026_nyk_sas_api_20261005,0042500403,3,2026-06-08,1610612759,SAS,1628436,Luke Kornet,1610612752,NYK,1629013,Landry Shamet,18,1.4,3.5433100000000004,8.95522,9.0,2,6,0,0,0,0,0,1,0.0,0,0,0.0,2,2,0,0,0,0,0,nba_boxscorematchupsv3
1,2025-26,Playoffs,NBA Finals,2026_nyk_sas_api_20261005,0042500403,3,2026-06-08,1610612759,SAS,1628436,Luke Kornet,1610612752,NYK,1626157,Karl-Anthony Towns,123,10.5,14.6778,61.19403,78.8,0,7,0,0,0,0,0,0,0.0,0,0,0.0,0,0,0,0,0,0,0,nba_boxscorematchupsv3
1,2025-26,Playoffs,NBA Finals,2026_nyk_sas_api_20261005,0042500403,3,2026-06-08,1610612759,SAS,1642868,Carter Bryant,1610612752,NYK,1630631,Jose Alvarado,33,2.6,12.643679999999998,55.00000000000001,45.800000000000004,0,0,0,0,0,0,0,0,0.0,0,0,0.0,0,0,0,0,0,0,0,nba_boxscorematchupsv3
1,2025-26,Playoffs,NBA Finals,2026_nyk_sas_api_20261005,0042500403,3,2026-06-08,1610612759,SAS,1642868,Carter Bryant,1610612752,NYK,1628384,OG Anunoby,16,1.7,2.0330399999999997,26.666669999999996,24.7,3,5,0,0,0,0,1,1,100.0,1,1,100.0,0,0,0,0,0,0,0,nba_boxscorematchupsv3
1,2025-26,Playoffs,NBA Finals,2026_nyk_sas_api_20261005,0042500403,3,2026-06-08,1610612759,SAS,1642868,Carter Bryant,1610612752,NYK,203903,Jordan Clarkson,10,1.0,3.5842300000000002,16.66667,26.700000000000003,0,2,0,0,0,0,0,0,0.0,0,0,0.0,0,0,0,0,0,0,0,nba_boxscorematchupsv3
1,2025-26,Playoffs,NBA Finals,2026_nyk_sas_api_20261005,0042500403,3,2026-06-08,1610612759,SAS,1642868,Carter Bryant,1610612752,NYK,1630540,Miles McBride,1,0.1,0.5586599999999999,1.6666699999999999,5.0,0,0,0,0,0,0,0,0,0.0,0,0,0.0,0,0,0,0,0,0,0,nba_boxscorematchupsv3
1,2025-26,Playoffs,NBA Finals,2026_nyk_sas_api_20261005,0042500404,4,2026-06-10,1610612752,NYK,1628384,OG Anunoby,1610612759,SAS,1642868,Carter Bryant,33,2.3,23.239440000000002,3.43392,46.5,3,3,0,0,0,0,1,1,100.0,1,1,100.0,0,0,0,0,0,0,0,nba_boxscorematchupsv3
1,2025-26,Playoffs,NBA Finals,2026_nyk_sas_api_20261005,0042500404,4,2026-06-10,1610612752,NYK,1628384,OG Anunoby,1610612759,SAS,1642264,Stephon Castle,63,4.8,9.647780000000001,6.555669999999999,14.000000000000002,3,7,1,0,0,0,1,2,50.0,1,2,50.0,0,0,0,0,0,0,0,nba_boxscorematchupsv3
1,2025-26,Playoffs,NBA Finals,2026_nyk_sas_api_20261005,0042500404,4,2026-06-10,1610612752,NYK,1628384,OG Anunoby,1610612759,SAS,1630577,Julian Champagnie,163,13.8,21.00515,16.961499999999997,22.3,0,12,0,0,1,0,0,1,0.0,0,0,0.0,0,0,0,0,0,0,0,nba_boxscorematchupsv3
1,2025-26,Playoffs,NBA Finals,2026_nyk_sas_api_20261005,0042500404,4,2026-06-10,1610612752,NYK,1628384,OG Anunoby,1610612759,SAS,1628368,De'Aaron Fox,147,12.5,16.78082,15.296570000000001,16.5,4,12,0,0,0,1,0,2,0.0,0,0,0.0,4,4,2,0,0,0,0,nba_boxscorematchupsv3
1,2025-26,Playoffs,NBA Finals,2026_nyk_sas_api_20261005,0042500404,4,2026-06-10,1610612752,NYK,1628384,OG Anunoby,1610612759,SAS,1642844,Dylan Harper,92,7.7,12.5855,9.573360000000001,16.2,7,16,0,0,0,0,3,3,100.0,1,1,100.0,0,0,0,0,0,0,0,nba_boxscorematchupsv3
1,2025-26,Playoffs,NBA Finals,2026_nyk_sas_api_20261005,0042500404,4,2026-06-10,1610612752,NYK,1628384,OG Anunoby,1610612759,SAS,1629640,Keldon Johnson,111,6.9,27.81955,11.55047,30.5,0,2,0,0,0,0,0,0,0.0,0,0,0.0,0,0,0,0,0,0,0,nba_boxscorematchupsv3
1,2025-26,Playoffs,NBA Finals,2026_nyk_sas_api_20261005,0042500404,4,2026-06-10,1610612752,NYK,1628384,OG Anunoby,1610612759,SAS,1628436,Luke Kornet,5,1.4,4.0,0.52029,31.2,0,2,0,0,0,0,0,0,0.0,0,0,0.0,0,0,0,0,0,0,0,nba_boxscorematchupsv3
1,2025-26,Playoffs,NBA Finals,2026_nyk_sas_api_20261005,0042500404,4,2026-06-10,1610612752,NYK,1628384,OG Anunoby,1610612759,SAS,1630170,Devin Vassell,214,18.3,22.57384,22.26847,27.700000000000003,5,17,0,0,0,0,1,1,100.0,1,1,100.0,2,2,1,0,0,0,0,nba_boxscorematchupsv3
1,2025-26,Playoffs,NBA Finals,2026_nyk_sas_api_20261005,0042500404,4,2026-06-10,1610612752,NYK,1628384,OG Anunoby,1610612759,SAS,1641705,Victor Wembanyama,133,10.9,13.220680000000002,13.83975,13.100000000000001,11,22,0,0,0,1,4,5,80.0,3,4,75.0,0,0,0,0,0,0,0,nba_boxscorematchupsv3
1,2025-26,Playoffs,NBA Finals,2026_nyk_sas_api_20261005,0042500404,4,2026-06-10,1610612752,NYK,1628404,Josh Hart,1610612759,SAS,1642868,Carter Bryant,15,0.3,10.56338,1.94805,21.0,0,0,0,0,0,0,0,0,0.0,0,0,0.0,0,0,0,0,0,0,0,nba_boxscorematchupsv3
1,2025-26,Playoffs,NBA Finals,2026_nyk_sas_api_20261005,0042500404,4,2026-06-10,1610612752,NYK,1628404,Josh Hart,1610612759,SAS,1642264,Stephon Castle,114,8.2,17.457890000000003,14.805189999999998,23.0,0,4,0,0,1,0,0,1,0.0,0,0,0.0,0,2,0,0,0,0,0,nba_boxscorematchupsv3
1,2025-26,Playoffs,NBA Finals,2026_nyk_sas_api_20261005,0042500404,4,2026-06-10,1610612752,NYK,1628404,Josh Hart,1610612759,SAS,1630577,Julian Champagnie,131,13.4,16.88144,17.01299,31.7,3,18,1,0,0,0,1,1,100.0,0,0,0.0,1,1,1,0,0,0,0,nba_boxscorematchupsv3
1,2025-26,Playoffs,NBA Finals,2026_nyk_sas_api_20261005,0042500404,4,2026-06-10,1610612752,NYK,1628404,Josh Hart,1610612759,SAS,1628368,De'Aaron Fox,164,8.8,18.72146,21.2987,22.2,0,16,0,0,0,0,0,0,0.0,0,0,0.0,0,0,0,0,0,0,0,nba_boxscorematchupsv3
1,2025-26,Playoffs,NBA Finals,2026_nyk_sas_api_20261005,0042500404,4,2026-06-10,1610612752,NYK,1628404,Josh Hart,1610612759,SAS,1642844,Dylan Harper,133,6.6,18.19425,17.27273,27.700000000000003,0,11,0,0,0,0,0,0,0.0,0,0,0.0,0,0,0,0,0,0,0,nba_boxscorematchupsv3
1,2025-26,Playoffs,NBA Finals,2026_nyk_sas_api_20261005,0042500404,4,2026-06-10,1610612752,NYK,1628404,Josh Hart,1610612759,SAS,1629640,Keldon Johnson,16,3.1,4.0100299999999995,2.07792,12.0,0,3,0,0,0,0,0,0,0.0,0,0,0.0,0,0,0,0,0,0,0,nba_boxscorematchupsv3
1,2025-26,Playoffs,NBA Finals,2026_nyk_sas_api_20261005,0042500404,4,2026-06-10,1610612752,NYK,1628404,Josh Hart,1610612759,SAS,1628436,Luke Kornet,30,1.8,24.0,3.8961,30.4,3,5,0,0,0,0,1,1,100.0,1,1,100.0,0,0,0,0,0,0,0,nba_boxscorematchupsv3
1,2025-26,Playoffs,NBA Finals,2026_nyk_sas_api_20261005,0042500404,4,2026-06-10,1610612752,NYK,1628404,Josh Hart,1610612759,SAS,1630170,Devin Vassell,89,9.2,9.38819,11.558440000000001,11.600000000000001,0,7,2,0,1,0,0,1,0.0,0,1,0.0,0,0,0,0,0,0,0,nba_boxscorematchupsv3
1,2025-26,Playoffs,NBA Finals,2026_nyk_sas_api_20261005,0042500404,4,2026-06-10,1610612752,NYK,1628404,Josh Hart,1610612759,SAS,1641705,Victor Wembanyama,78,6.3,7.75348,10.12987,11.799999999999999,0,5,1,0,0,0,0,0,0.0,0,0,0.0,0,0,0,0,0,0,0,nba_boxscorematchupsv3
1,2025-26,Playoffs,NBA Finals,2026_nyk_sas_api_20261005,0042500404,4,2026-06-10,1610612752,NYK,1626157,Karl-Anthony Towns,1610612759,SAS,1642868,Carter Bryant,45,3.7,31.69014,6.521739999999999,33.2,3,5,0,0,0,0,1,1,100.0,0,0,0.0,1,1,1,0,0,0,0,nba_boxscorematchupsv3
1,2025-26,Playoffs,NBA Finals,2026_nyk_sas_api_20261005,0042500404,4,2026-06-10,1610612752,NYK,1626157,Karl-Anthony Towns,1610612759,SAS,1642264,Stephon Castle,131,5.7,20.06126,18.98551,27.3,0,11,0,0,0,0,0,0,0.0,0,0,0.0,0,0,0,0,0,0,0,nba_boxscorematchupsv3
1,2025-26,Playoffs,NBA Finals,2026_nyk_sas_api_20261005,0042500404,4,2026-06-10,1610612752,NYK,1626157,Karl-Anthony Towns,1610612759,SAS,1630577,Julian Champagnie,27,1.6,3.47938,3.91304,5.4,0,3,0,0,0,0,0,0,0.0,0,0,0.0,0,0,0,0,0,0,0,nba_boxscorematchupsv3
1,2025-26,Playoffs,NBA Finals,2026_nyk_sas_api_20261005,0042500404,4,2026-06-10,1610612752,NYK,1626157,Karl-Anthony Towns,1610612759,SAS,1628368,De'Aaron Fox,53,4.2,6.05023,7.681159999999999,10.299999999999999,0,4,0,0,0,0,0,0,0.0,0,0,0.0,0,0,0,0,0,0,0,nba_boxscorematchupsv3
1,2025-26,Playoffs,NBA Finals,2026_nyk_sas_api_20261005,0042500404,4,2026-06-10,1610612752,NYK,1626157,Karl-Anthony Towns,1610612759,SAS,1642844,Dylan Harper,30,2.3,4.1039699999999995,4.34783,7.7,0,0,0,0,0,0,0,0,0.0,0,0,0.0,0,0,0,0,0,0,0,nba_boxscorematchupsv3
1,2025-26,Playoffs,NBA Finals,2026_nyk_sas_api_20261005,0042500404,4,2026-06-10,1610612752,NYK,1626157,Karl-Anthony Towns,1610612759,SAS,1629640,Keldon Johnson,102,6.9,25.56391,14.782609999999998,47.3,3,8,1,0,0,0,1,2,50.0,1,1,100.0,0,0,0,0,0,0,0,nba_boxscorematchupsv3
1,2025-26,Playoffs,NBA Finals,2026_nyk_sas_api_20261005,0042500404,4,2026-06-10,1610612752,NYK,1626157,Karl-Anthony Towns,1610612759,SAS,1628436,Luke Kornet,14,1.7,11.200000000000001,2.02899,16.6,0,0,0,0,0,0,0,0,0.0,0,0,0.0,0,0,0,0,0,0,0,nba_boxscorematchupsv3
1,2025-26,Playoffs,NBA Finals,2026_nyk_sas_api_20261005,0042500404,4,2026-06-10,1610612752,NYK,1626157,Karl-Anthony Towns,1610612759,SAS,1630170,Devin Vassell,121,5.0,12.76371,17.53623,19.8,2,19,0,0,0,0,1,1,100.0,0,0,0.0,0,0,0,0,0,0,0,nba_boxscorematchupsv3
1,2025-26,Playoffs,NBA Finals,2026_nyk_sas_api_20261005,0042500404,4,2026-06-10,1610612752,NYK,1626157,Karl-Anthony Towns,1610612759,SAS,1641705,Victor Wembanyama,167,13.4,16.6004,24.2029,36.1,4,15,1,0,1,0,1,1,100.0,0,0,0.0,2,2,0,0,0,0,0,nba_boxscorematchupsv3
1,2025-26,Playoffs,NBA Finals,2026_nyk_sas_api_20261005,0042500404,4,2026-06-10,1610612752,NYK,1628969,Mikal Bridges,1610612759,SAS,1642868,Carter Bryant,2,0.1,1.40845,0.31646,3.2,0,0,0,0,0,0,0,0,0.0,0,0,0.0,0,0,0,0,0,0,0,nba_boxscorematchupsv3
1,2025-26,Playoffs,NBA Finals,2026_nyk_sas_api_20261005,0042500404,4,2026-06-10,1610612752,NYK,1628969,Mikal Bridges,1610612759,SAS,1642264,Stephon Castle,55,2.3,8.42266,8.70253,13.4,0,6,0,0,0,0,0,1,0.0,0,0,0.0,0,0,0,0,0,0,0,nba_boxscorematchupsv3
1,2025-26,Playoffs,NBA Finals,2026_nyk_sas_api_20261005,0042500404,4,2026-06-10,1610612752,NYK,1628969,Mikal Bridges,1610612759,SAS,1630577,Julian Champagnie,95,8.3,12.24227,15.031649999999999,21.7,0,10,1,0,0,0,0,1,0.0,0,0,0.0,0,0,0,0,0,0,0,nba_boxscorematchupsv3
1,2025-26,Playoffs,NBA Finals,2026_nyk_sas_api_20261005,0042500404,4,2026-06-10,1610612752,NYK,1628969,Mikal Bridges,1610612759,SAS,1628368,De'Aaron Fox,164,14.0,18.72146,25.94937,38.2,0,7,0,0,0,0,0,0,0.0,0,0,0.0,0,0,0,0,0,0,0,nba_boxscorematchupsv3
1,2025-26,Playoffs,NBA Finals,2026_nyk_sas_api_20261005,0042500404,4,2026-06-10,1610612752,NYK,1628969,Mikal Bridges,1610612759,SAS,1642844,Dylan Harper,118,11.7,16.14227,18.67089,31.900000000000002,0,6,0,0,0,0,0,1,0.0,0,1,0.0,0,0,0,0,0,0,0,nba_boxscorematchupsv3
1,2025-26,Playoffs,NBA Finals,2026_nyk_sas_api_20261005,0042500404,4,2026-06-10,1610612752,NYK,1628969,Mikal Bridges,1610612759,SAS,1629640,Keldon Johnson,50,5.6,12.531329999999999,7.91139,14.7,2,8,0,0,0,0,1,2,50.0,0,0,0.0,0,0,0,0,0,0,0,nba_boxscorematchupsv3
1,2025-26,Playoffs,NBA Finals,2026_nyk_sas_api_20261005,0042500404,4,2026-06-10,1610612752,NYK,1628969,Mikal Bridges,1610612759,SAS,1628436,Luke Kornet,27,0.4,21.6,4.27215,20.9,0,2,0,0,0,0,0,0,0.0,0,0,0.0,0,0,0,0,0,0,0,nba_boxscorematchupsv3
1,2025-26,Playoffs,NBA Finals,2026_nyk_sas_api_20261005,0042500404,4,2026-06-10,1610612752,NYK,1628969,Mikal Bridges,1610612759,SAS,1630170,Devin Vassell,75,7.2,7.91139,11.86709,12.7,0,8,0,0,0,0,0,1,0.0,0,1,0.0,0,0,0,0,0,0,0,nba_boxscorematchupsv3
1,2025-26,Playoffs,NBA Finals,2026_nyk_sas_api_20261005,0042500404,4,2026-06-10,1610612752,NYK,1628969,Mikal Bridges,1610612759,SAS,1641705,Victor Wembanyama,46,3.6,4.57256,7.27848,8.799999999999999,5,7,1,0,0,0,2,3,66.7,1,1,100.0,0,0,0,0,0,0,0,nba_boxscorematchupsv3
1,2025-26,Playoffs,NBA Finals,2026_nyk_sas_api_20261005,0042500404,4,2026-06-10,1610612752,NYK,1628973,Jalen Brunson,1610612759,SAS,1642868,Carter Bryant,37,1.5,26.05634,3.3243500000000004,26.700000000000003,0,2,0,0,0,0,0,0,0.0,0,0,0.0,0,0,0,0,0,0,0,nba_boxscorematchupsv3
1,2025-26,Playoffs,NBA Finals,2026_nyk_sas_api_20261005,0042500404,4,2026-06-10,1610612752,NYK,1628973,Jalen Brunson,1610612759,SAS,1642264,Stephon Castle,161,14.2,24.655440000000002,14.46541,29.299999999999997,12,20,2,0,0,0,3,4,75.0,0,0,0.0,6,6,2,0,0,0,0,nba_boxscorematchupsv3
1,2025-26,Playoffs,NBA Finals,2026_nyk_sas_api_20261005,0042500404,4,2026-06-10,1610612752,NYK,1628973,Jalen Brunson,1610612759,SAS,1630577,Julian Champagnie,149,10.5,19.20103,13.38724,18.0,2,12,0,0,0,0,1,3,33.300000000000004,0,0,0.0,0,0,0,0,0,0,0,nba_boxscorematchupsv3
1,2025-26,Playoffs,NBA Finals,2026_nyk_sas_api_20261005,0042500404,4,2026-06-10,1610612752,NYK,1628973,Jalen Brunson,1610612759,SAS,1628368,De'Aaron Fox,103,9.1,11.75799,9.25427,12.5,9,14,1,0,0,0,4,5,80.0,1,1,100.0,0,0,0,0,0,0,0,nba_boxscorematchupsv3
1,2025-26,Playoffs,NBA Finals,2026_nyk_sas_api_20261005,0042500404,4,2026-06-10,1610612752,NYK,1628973,Jalen Brunson,1610612759,SAS,1642844,Dylan Harper,195,14.9,26.67579,17.520220000000002,30.4,5,18,1,0,0,0,2,2,100.0,0,0,0.0,1,1,1,0,0,0,0,nba_boxscorematchupsv3
1,2025-26,Playoffs,NBA Finals,2026_nyk_sas_api_20261005,0042500404,4,2026-06-10,1610612752,NYK,1628973,Jalen Brunson,1610612759,SAS,1629640,Keldon Johnson,55,6.6,13.784460000000001,4.9416,15.1,4,10,0,0,1,0,1,3,33.300000000000004,1,2,50.0,1,2,1,0,0,0,0,nba_boxscorematchupsv3
1,2025-26,Playoffs,NBA Finals,2026_nyk_sas_api_20261005,0042500404,4,2026-06-10,1610612752,NYK,1628973,Jalen Brunson,1610612759,SAS,1628436,Luke Kornet,3,0.6,2.4,0.26954,4.8,0,0,0,0,0,0,0,0,0.0,0,0,0.0,0,0,0,0,0,0,0,nba_boxscorematchupsv3
1,2025-26,Playoffs,NBA Finals,2026_nyk_sas_api_20261005,0042500404,4,2026-06-10,1610612752,NYK,1628973,Jalen Brunson,1610612759,SAS,1630170,Devin Vassell,296,20.0,31.223630000000004,26.594790000000003,31.8,1,22,2,0,1,0,0,4,0.0,0,1,0.0,1,2,0,0,0,0,0,nba_boxscorematchupsv3
1,2025-26,Playoffs,NBA Finals,2026_nyk_sas_api_20261005,0042500404,4,2026-06-10,1610612752,NYK,1628973,Jalen Brunson,1610612759,SAS,1641705,Victor Wembanyama,114,8.9,11.33201,10.24259,10.4,3,8,0,0,0,1,1,4,25.0,1,3,33.300000000000004,0,0,0,0,0,0,0,nba_boxscorematchupsv3
1,2025-26,Playoffs,NBA Finals,2026_nyk_sas_api_20261005,0042500404,4,2026-06-10,1610612752,NYK,1629011,Mitchell Robinson,1610612759,SAS,1642264,Stephon Castle,11,1.1,1.68453,3.6065600000000004,6.6000000000000005,0,3,0,0,0,0,0,0,0.0,0,0,0.0,0,0,0,0,0,0,0,nba_boxscorematchupsv3
1,2025-26,Playoffs,NBA Finals,2026_nyk_sas_api_20261005,0042500404,4,2026-06-10,1610612752,NYK,1629011,Mitchell Robinson,1610612759,SAS,1630577,Julian Champagnie,13,2.0,1.67526,4.2623,7.000000000000001,0,2,0,0,0,0,0,0,0.0,0,0,0.0,0,0,0,0,0,0,0,nba_boxscorematchupsv3
1,2025-26,Playoffs,NBA Finals,2026_nyk_sas_api_20261005,0042500404,4,2026-06-10,1610612752,NYK,1629011,Mitchell Robinson,1610612759,SAS,1628368,De'Aaron Fox,16,1.4,1.82648,5.2459,12.3,0,0,0,0,0,0,0,1,0.0,0,0,0.0,0,0,0,0,0,0,0,nba_boxscorematchupsv3
1,2025-26,Playoffs,NBA Finals,2026_nyk_sas_api_20261005,0042500404,4,2026-06-10,1610612752,NYK,1629011,Mitchell Robinson,1610612759,SAS,1642844,Dylan Harper,10,0.3,1.36799,3.27869,5.4,0,0,0,0,0,0,0,0,0.0,0,0,0.0,0,0,0,0,0,0,0,nba_boxscorematchupsv3
1,2025-26,Playoffs,NBA Finals,2026_nyk_sas_api_20261005,0042500404,4,2026-06-10,1610612752,NYK,1629011,Mitchell Robinson,1610612759,SAS,1629640,Keldon Johnson,9,1.4,2.25564,2.9508199999999998,19.8,0,0,0,0,0,0,0,0,0.0,0,0,0.0,0,2,1,0,0,0,0,nba_boxscorematchupsv3
1,2025-26,Playoffs,NBA Finals,2026_nyk_sas_api_20261005,0042500404,4,2026-06-10,1610612752,NYK,1629011,Mitchell Robinson,1610612759,SAS,1628436,Luke Kornet,20,1.5,16.0,6.55738,64.5,0,0,0,0,0,0,0,0,0.0,0,0,0.0,0,2,0,0,0,0,0,nba_boxscorematchupsv3
1,2025-26,Playoffs,NBA Finals,2026_nyk_sas_api_20261005,0042500404,4,2026-06-10,1610612752,NYK,1629011,Mitchell Robinson,1610612759,SAS,1630170,Devin Vassell,7,0.6,0.7384,2.29508,3.2,0,0,0,0,0,0,0,1,0.0,0,0,0.0,0,0,0,0,0,0,0,nba_boxscorematchupsv3
1,2025-26,Playoffs,NBA Finals,2026_nyk_sas_api_20261005,0042500404,4,2026-06-10,1610612752,NYK,1629011,Mitchell Robinson,1610612759,SAS,1641705,Victor Wembanyama,219,17.9,21.769379999999998,71.80328,71.2,2,15,1,0,1,0,1,3,33.300000000000004,0,0,0.0,0,0,0,0,0,0,0,nba_boxscorematchupsv3
1,2025-26,Playoffs,NBA Finals,2026_nyk_sas_api_20261005,0042500404,4,2026-06-10,1610612752,NYK,1629013,Landry Shamet,1610612759,SAS,1642868,Carter Bryant,2,0.0,1.40845,0.49383,1.9,0,0,0,0,0,0,0,0,0.0,0,0,0.0,0,0,0,0,0,0,0,nba_boxscorematchupsv3
1,2025-26,Playoffs,NBA Finals,2026_nyk_sas_api_20261005,0042500404,4,2026-06-10,1610612752,NYK,1629013,Landry Shamet,1610612759,SAS,1642264,Stephon Castle,19,2.0,2.90965,4.6913599999999995,11.600000000000001,0,0,0,0,0,0,0,1,0.0,0,1,0.0,0,0,0,0,0,0,0,nba_boxscorematchupsv3
1,2025-26,Playoffs,NBA Finals,2026_nyk_sas_api_20261005,0042500404,4,2026-06-10,1610612752,NYK,1629013,Landry Shamet,1610612759,SAS,1630577,Julian Champagnie,136,8.6,17.525769999999998,33.58025,39.6,0,15,1,0,0,0,0,1,0.0,0,0,0.0,0,0,0,0,0,0,0,nba_boxscorematchupsv3
1,2025-26,Playoffs,NBA Finals,2026_nyk_sas_api_20261005,0042500404,4,2026-06-10,1610612752,NYK,1629013,Landry Shamet,1610612759,SAS,1628368,De'Aaron Fox,65,7.0,7.42009,16.04938,19.7,0,8,0,0,0,0,0,0,0.0,0,0,0.0,0,0,0,0,0,0,0,nba_boxscorematchupsv3
1,2025-26,Playoffs,NBA Finals,2026_nyk_sas_api_20261005,0042500404,4,2026-06-10,1610612752,NYK,1629013,Landry Shamet,1610612759,SAS,1642844,Dylan Harper,53,3.7,7.25034,13.086420000000002,13.8,0,3,0,0,0,0,0,0,0.0,0,0,0.0,0,0,0,0,0,0,0,nba_boxscorematchupsv3
1,2025-26,Playoffs,NBA Finals,2026_nyk_sas_api_20261005,0042500404,4,2026-06-10,1610612752,NYK,1629013,Landry Shamet,1610612759,SAS,1629640,Keldon Johnson,33,3.3,8.27068,8.14815,22.2,0,0,0,0,0,0,0,1,0.0,0,1,0.0,0,0,0,0,0,0,0,nba_boxscorematchupsv3
1,2025-26,Playoffs,NBA Finals,2026_nyk_sas_api_20261005,0042500404,4,2026-06-10,1610612752,NYK,1629013,Landry Shamet,1610612759,SAS,1628436,Luke Kornet,9,0.5,7.199999999999999,2.22222,18.4,0,0,0,0,0,0,0,0,0.0,0,0,0.0,0,0,0,0,0,0,0,nba_boxscorematchupsv3
1,2025-26,Playoffs,NBA Finals,2026_nyk_sas_api_20261005,0042500404,4,2026-06-10,1610612752,NYK,1629013,Landry Shamet,1610612759,SAS,1630170,Devin Vassell,57,7.7,6.01266,14.074069999999999,24.0,0,10,0,0,0,0,0,0,0.0,0,0,0.0,0,0,0,0,0,0,0,nba_boxscorematchupsv3
1,2025-26,Playoffs,NBA Finals,2026_nyk_sas_api_20261005,0042500404,4,2026-06-10,1610612752,NYK,1629013,Landry Shamet,1610612759,SAS,1641705,Victor Wembanyama,31,4.3,3.08151,7.65432,12.4,0,2,0,0,0,0,0,0,0.0,0,0,0.0,0,0,0,0,0,0,0,nba_boxscorematchupsv3
1,2025-26,Playoffs,NBA Finals,2026_nyk_sas_api_20261005,0042500404,4,2026-06-10,1610612752,NYK,1630574,Ariel Hukporti,1610612759,SAS,1642264,Stephon Castle,1,0.6,0.15314,1.6129,31.900000000000002,0,0,0,0,0,0,0,0,0.0,0,0,0.0,0,0,0,0,0,0,0,nba_boxscorematchupsv3
1,2025-26,Playoffs,NBA Finals,2026_nyk_sas_api_20261005,0042500404,4,2026-06-10,1610612752,NYK,1630574,Ariel Hukporti,1610612759,SAS,1630577,Julian Champagnie,3,1.0,0.3866,4.83871,42.4,0,2,0,0,0,0,0,0,0.0,0,0,0.0,0,0,0,0,0,0,0,nba_boxscorematchupsv3
1,2025-26,Playoffs,NBA Finals,2026_nyk_sas_api_20261005,0042500404,4,2026-06-10,1610612752,NYK,1630574,Ariel Hukporti,1610612759,SAS,1642844,Dylan Harper,4,0.3,0.5472,6.4516100000000005,4.7,0,2,0,0,0,0,0,0,0.0,0,0,0.0,0,0,0,0,0,0,0,nba_boxscorematchupsv3
1,2025-26,Playoffs,NBA Finals,2026_nyk_sas_api_20261005,0042500404,4,2026-06-10,1610612752,NYK,1630574,Ariel Hukporti,1610612759,SAS,1629640,Keldon Johnson,3,0.3,0.75188,4.83871,9.6,0,0,0,0,0,0,0,0,0.0,0,0,0.0,0,0,0,0,0,0,0,nba_boxscorematchupsv3
1,2025-26,Playoffs,NBA Finals,2026_nyk_sas_api_20261005,0042500404,4,2026-06-10,1610612752,NYK,1630574,Ariel Hukporti,1610612759,SAS,1630170,Devin Vassell,4,0.9,0.42194,6.4516100000000005,10.100000000000001,0,3,0,0,0,0,0,0,0.0,0,0,0.0,0,0,0,0,0,0,0,nba_boxscorematchupsv3
1,2025-26,Playoffs,NBA Finals,2026_nyk_sas_api_20261005,0042500404,4,2026-06-10,1610612752,NYK,1630574,Ariel Hukporti,1610612759,SAS,1641705,Victor Wembanyama,47,4.0,4.67197,75.80645,79.10000000000001,0,4,0,0,0,0,0,0,0.0,0,0,0.0,0,0,0,0,0,0,0,nba_boxscorematchupsv3
1,2025-26,Playoffs,NBA Finals,2026_nyk_sas_api_20261005,0042500404,4,2026-06-10,1610612752,NYK,1630631,Jose Alvarado,1610612759,SAS,1642264,Stephon Castle,58,5.8,8.88208,16.66667,22.3,0,13,0,0,0,0,0,0,0.0,0,0,0.0,0,0,0,0,0,0,0,nba_boxscorematchupsv3
1,2025-26,Playoffs,NBA Finals,2026_nyk_sas_api_20261005,0042500404,4,2026-06-10,1610612752,NYK,1630631,Jose Alvarado,1610612759,SAS,1630577,Julian Champagnie,13,0.9,1.67526,3.73563,6.6000000000000005,2,2,0,0,0,0,1,1,100.0,0,0,0.0,0,0,0,0,0,0,0,nba_boxscorematchupsv3
1,2025-26,Playoffs,NBA Finals,2026_nyk_sas_api_20261005,0042500404,4,2026-06-10,1610612752,NYK,1630631,Jose Alvarado,1610612759,SAS,1628368,De'Aaron Fox,80,5.1,9.13242,22.98851,32.300000000000004,3,12,1,0,1,0,1,1,100.0,1,1,100.0,0,0,0,0,0,0,0,nba_boxscorematchupsv3
1,2025-26,Playoffs,NBA Finals,2026_nyk_sas_api_20261005,0042500404,4,2026-06-10,1610612752,NYK,1630631,Jose Alvarado,1610612759,SAS,1642844,Dylan Harper,54,3.9,7.3871400000000005,15.51724,18.4,0,6,0,0,0,0,0,1,0.0,0,1,0.0,0,0,0,0,0,0,0,nba_boxscorematchupsv3
1,2025-26,Playoffs,NBA Finals,2026_nyk_sas_api_20261005,0042500404,4,2026-06-10,1610612752,NYK,1630631,Jose Alvarado,1610612759,SAS,1629640,Keldon Johnson,9,0.4,2.25564,2.58621,7.8,0,2,0,0,0,0,0,0,0.0,0,0,0.0,0,0,0,0,0,0,0,nba_boxscorematchupsv3
1,2025-26,Playoffs,NBA Finals,2026_nyk_sas_api_20261005,0042500404,4,2026-06-10,1610612752,NYK,1630631,Jose Alvarado,1610612759,SAS,1628436,Luke Kornet,6,0.3,4.8,1.72414,10.4,0,0,0,0,0,0,0,0,0.0,0,0,0.0,0,0,0,0,0,0,0,nba_boxscorematchupsv3
1,2025-26,Playoffs,NBA Finals,2026_nyk_sas_api_20261005,0042500404,4,2026-06-10,1610612752,NYK,1630631,Jose Alvarado,1610612759,SAS,1630170,Devin Vassell,66,3.9,6.9620299999999995,18.965519999999998,22.0,0,3,1,0,0,0,0,0,0.0,0,0,0.0,0,0,0,0,0,0,0,nba_boxscorematchupsv3
1,2025-26,Playoffs,NBA Finals,2026_nyk_sas_api_20261005,0042500404,4,2026-06-10,1610612752,NYK,1630631,Jose Alvarado,1610612759,SAS,1641705,Victor Wembanyama,62,3.6,6.16302,17.816090000000003,18.2,3,9,1,0,0,0,1,1,100.0,1,1,100.0,0,0,0,0,0,0,0,nba_boxscorematchupsv3
1,2025-26,Playoffs,NBA Finals,2026_nyk_sas_api_20261005,0042500404,4,2026-06-10,1610612752,NYK,1630540,Miles McBride,1610612759,SAS,1642868,Carter Bryant,8,0.4,5.6338,5.0,5.800000000000001,0,2,0,0,0,0,0,0,0.0,0,0,0.0,0,0,0,0,0,0,0,nba_boxscorematchupsv3
1,2025-26,Playoffs,NBA Finals,2026_nyk_sas_api_20261005,0042500404,4,2026-06-10,1610612752,NYK,1630540,Miles McBride,1610612759,SAS,1642264,Stephon Castle,20,0.6,3.06279,12.5,32.9,0,0,0,0,0,0,0,0,0.0,0,0,0.0,0,0,0,0,0,0,0,nba_boxscorematchupsv3
1,2025-26,Playoffs,NBA Finals,2026_nyk_sas_api_20261005,0042500404,4,2026-06-10,1610612752,NYK,1630540,Miles McBride,1610612759,SAS,1630577,Julian Champagnie,3,2.6,0.3866,1.875,14.799999999999999,0,0,0,0,0,0,0,0,0.0,0,0,0.0,0,0,0,0,0,0,0,nba_boxscorematchupsv3
1,2025-26,Playoffs,NBA Finals,2026_nyk_sas_api_20261005,0042500404,4,2026-06-10,1610612752,NYK,1630540,Miles McBride,1610612759,SAS,1628368,De'Aaron Fox,41,3.4,4.68037,25.624999999999996,27.3,0,3,0,0,0,0,0,2,0.0,0,2,0.0,0,0,0,0,0,0,0,nba_boxscorematchupsv3
1,2025-26,Playoffs,NBA Finals,2026_nyk_sas_api_20261005,0042500404,4,2026-06-10,1610612752,NYK,1630540,Miles McBride,1610612759,SAS,1642844,Dylan Harper,34,2.8,4.65116,21.25,22.3,0,2,0,0,0,0,0,1,0.0,0,1,0.0,0,0,0,0,0,0,0,nba_boxscorematchupsv3
1,2025-26,Playoffs,NBA Finals,2026_nyk_sas_api_20261005,0042500404,4,2026-06-10,1610612752,NYK,1630540,Miles McBride,1610612759,SAS,1629640,Keldon Johnson,10,0.6,2.50627,6.25,17.0,0,0,0,0,0,0,0,0,0.0,0,0,0.0,0,0,0,0,0,0,0,nba_boxscorematchupsv3
1,2025-26,Playoffs,NBA Finals,2026_nyk_sas_api_20261005,0042500404,4,2026-06-10,1610612752,NYK,1630540,Miles McBride,1610612759,SAS,1630170,Devin Vassell,6,1.0,0.63291,3.75,30.099999999999998,0,2,0,0,0,0,0,0,0.0,0,0,0.0,0,0,0,0,0,0,0,nba_boxscorematchupsv3
1,2025-26,Playoffs,NBA Finals,2026_nyk_sas_api_20261005,0042500404,4,2026-06-10,1610612752,NYK,1630540,Miles McBride,1610612759,SAS,1641705,Victor Wembanyama,38,2.5,3.7773399999999997,23.75,18.5,0,3,0,0,0,1,0,1,0.0,0,1,0.0,0,0,0,0,0,0,0,nba_boxscorematchupsv3
1,2025-26,Playoffs,NBA Finals,2026_nyk_sas_api_20261005,0042500404,4,2026-06-10,1610612752,NYK,1631110,Jeremy Sochan,1610612759,SAS,1628368,De'Aaron Fox,3,0.1,0.34247,3.8961,5.6000000000000005,0,0,0,0,0,0,0,0,0.0,0,0,0.0,0,0,0,0,0,0,0,nba_boxscorematchupsv3
1,2025-26,Playoffs,NBA Finals,2026_nyk_sas_api_20261005,0042500404,4,2026-06-10,1610612752,NYK,1631110,Jeremy Sochan,1610612759,SAS,1642844,Dylan Harper,2,0.4,0.2736,2.5974,5.7,0,0,0,0,0,0,0,0,0.0,0,0,0.0,0,0,0,0,0,0,0,nba_boxscorematchupsv3
1,2025-26,Playoffs,NBA Finals,2026_nyk_sas_api_20261005,0042500404,4,2026-06-10,1610612752,NYK,1631110,Jeremy Sochan,1610612759,SAS,1629640,Keldon Johnson,1,0.0,0.25063,1.2987,1.0999999999999999,0,0,0,0,0,0,0,0,0.0,0,0,0.0,0,0,0,0,0,0,0,nba_boxscorematchupsv3
1,2025-26,Playoffs,NBA Finals,2026_nyk_sas_api_20261005,0042500404,4,2026-06-10,1610612752,NYK,1631110,Jeremy Sochan,1610612759,SAS,1630170,Devin Vassell,1,0.1,0.10548999999999999,1.2987,1.5,0,0,0,0,0,0,0,0,0.0,0,0,0.0,0,0,0,0,0,0,0,nba_boxscorematchupsv3
1,2025-26,Playoffs,NBA Finals,2026_nyk_sas_api_20261005,0042500404,4,2026-06-10,1610612752,NYK,1631110,Jeremy Sochan,1610612759,SAS,1641705,Victor Wembanyama,70,4.3,6.9582500000000005,90.90909,86.3,0,3,0,0,0,0,0,1,0.0,0,0,0.0,0,0,0,0,0,0,0,nba_boxscorematchupsv3
1,2025-26,Playoffs,NBA Finals,2026_nyk_sas_api_20261005,0042500404,4,2026-06-10,1610612752,NYK,203903,Jordan Clarkson,1610612759,SAS,1642264,Stephon Castle,20,0.8,3.06279,15.037590000000002,13.4,0,0,0,0,0,0,0,1,0.0,0,0,0.0,0,0,0,0,0,0,0,nba_boxscorematchupsv3
1,2025-26,Playoffs,NBA Finals,2026_nyk_sas_api_20261005,0042500404,4,2026-06-10,1610612752,NYK,203903,Jordan Clarkson,1610612759,SAS,1630577,Julian Champagnie,43,2.2,5.54124,32.33083,25.6,2,2,0,0,0,0,1,1,100.0,0,0,0.0,0,0,0,0,0,0,0,nba_boxscorematchupsv3
1,2025-26,Playoffs,NBA Finals,2026_nyk_sas_api_20261005,0042500404,4,2026-06-10,1610612752,NYK,203903,Jordan Clarkson,1610612759,SAS,1628368,De'Aaron Fox,40,2.6,4.56621,30.075190000000003,69.8,0,5,0,0,1,0,0,0,0.0,0,0,0.0,0,0,0,0,0,0,0,nba_boxscorematchupsv3
1,2025-26,Playoffs,NBA Finals,2026_nyk_sas_api_20261005,0042500404,4,2026-06-10,1610612752,NYK,203903,Jordan Clarkson,1610612759,SAS,1642844,Dylan Harper,6,0.1,0.82079,4.51128,16.5,0,0,0,0,0,0,0,0,0.0,0,0,0.0,0,0,0,0,0,0,0,nba_boxscorematchupsv3
1,2025-26,Playoffs,NBA Finals,2026_nyk_sas_api_20261005,0042500404,4,2026-06-10,1610612752,NYK,203903,Jordan Clarkson,1610612759,SAS,1628436,Luke Kornet,11,0.4,8.799999999999999,8.27068,13.200000000000001,0,0,0,0,0,0,0,0,0.0,0,0,0.0,0,0,0,0,0,0,0,nba_boxscorematchupsv3
1,2025-26,Playoffs,NBA Finals,2026_nyk_sas_api_20261005,0042500404,4,2026-06-10,1610612752,NYK,203903,Jordan Clarkson,1610612759,SAS,1630170,Devin Vassell,12,0.5,1.26582,9.02256,8.799999999999999,0,0,0,0,0,0,0,1,0.0,0,1,0.0,0,0,0,0,0,0,0,nba_boxscorematchupsv3
1,2025-26,Playoffs,NBA Finals,2026_nyk_sas_api_20261005,0042500404,4,2026-06-10,1610612752,NYK,203903,Jordan Clarkson,1610612759,SAS,1641705,Victor Wembanyama,1,0.1,0.09940000000000002,0.75188,2.4,0,0,0,0,0,0,0,0,0.0,0,0,0.0,0,0,0,0,0,0,0,nba_boxscorematchupsv3
1,2025-26,Playoffs,NBA Finals,2026_nyk_sas_api_20261005,0042500404,4,2026-06-10,1610612759,SAS,1630577,Julian Champagnie,1610612752,NYK,1628384,OG Anunoby,58,7.4,5.88235,7.66182,12.2,0,7,0,0,0,0,0,1,0.0,0,1,0.0,0,0,0,0,0,0,0,nba_boxscorematchupsv3
1,2025-26,Playoffs,NBA Finals,2026_nyk_sas_api_20261005,0042500404,4,2026-06-10,1610612759,SAS,1630577,Julian Champagnie,1610612752,NYK,1628969,Mikal Bridges,24,2.2,3.61991,3.17041,7.9,0,3,0,0,0,0,0,0,0.0,0,0,0.0,0,0,0,0,0,0,0,nba_boxscorematchupsv3
1,2025-26,Playoffs,NBA Finals,2026_nyk_sas_api_20261005,0042500404,4,2026-06-10,1610612759,SAS,1630577,Julian Champagnie,1610612752,NYK,1628973,Jalen Brunson,448,26.9,41.44311,59.180980000000005,51.0,3,38,1,0,0,0,1,3,33.300000000000004,1,2,50.0,0,0,0,0,0,0,0,nba_boxscorematchupsv3
1,2025-26,Playoffs,NBA Finals,2026_nyk_sas_api_20261005,0042500404,4,2026-06-10,1610612759,SAS,1630577,Julian Champagnie,1610612752,NYK,203903,Jordan Clarkson,34,2.6,33.66337,4.49141,36.199999999999996,0,0,0,0,0,0,0,1,0.0,0,1,0.0,0,0,0,0,0,0,0,nba_boxscorematchupsv3
1,2025-26,Playoffs,NBA Finals,2026_nyk_sas_api_20261005,0042500404,4,2026-06-10,1610612759,SAS,1630577,Julian Champagnie,1610612752,NYK,1628404,Josh Hart,95,8.1,11.93467,12.54954,17.8,2,7,1,0,0,0,1,4,25.0,0,3,0.0,0,0,0,0,0,0,0,nba_boxscorematchupsv3
1,2025-26,Playoffs,NBA Finals,2026_nyk_sas_api_20261005,0042500404,4,2026-06-10,1610612759,SAS,1630577,Julian Champagnie,1610612752,NYK,1630574,Ariel Hukporti,1,0.0,1.0989,0.1321,3.5000000000000004,0,0,0,0,0,0,0,0,0.0,0,0,0.0,0,0,0,0,0,0,0,nba_boxscorematchupsv3
1,2025-26,Playoffs,NBA Finals,2026_nyk_sas_api_20261005,0042500404,4,2026-06-10,1610612759,SAS,1630577,Julian Champagnie,1610612752,NYK,1630540,Miles McBride,21,1.1,10.6599,2.7741100000000003,11.1,0,6,1,0,0,0,0,0,0.0,0,0,0.0,0,0,0,0,0,0,0,nba_boxscorematchupsv3
1,2025-26,Playoffs,NBA Finals,2026_nyk_sas_api_20261005,0042500404,4,2026-06-10,1610612759,SAS,1630577,Julian Champagnie,1610612752,NYK,1629011,Mitchell Robinson,13,1.9,4.10095,1.7173100000000001,8.5,0,3,0,0,0,0,0,0,0.0,0,0,0.0,0,0,0,0,0,0,0,nba_boxscorematchupsv3
1,2025-26,Playoffs,NBA Finals,2026_nyk_sas_api_20261005,0042500404,4,2026-06-10,1610612759,SAS,1630577,Julian Champagnie,1610612752,NYK,1629013,Landry Shamet,51,3.3,9.47955,6.737120000000001,15.1,0,6,0,0,0,0,0,0,0.0,0,0,0.0,0,0,0,0,0,0,0,nba_boxscorematchupsv3
1,2025-26,Playoffs,NBA Finals,2026_nyk_sas_api_20261005,0042500404,4,2026-06-10,1610612759,SAS,1630577,Julian Champagnie,1610612752,NYK,1626157,Karl-Anthony Towns,12,1.7,1.9448900000000002,1.5852000000000002,6.0,0,2,0,0,0,0,0,0,0.0,0,0,0.0,0,0,0,0,0,0,0,nba_boxscorematchupsv3
1,2025-26,Playoffs,NBA Finals,2026_nyk_sas_api_20261005,0042500404,4,2026-06-10,1610612759,SAS,1630170,Devin Vassell,1610612752,NYK,1630631,Jose Alvarado,182,9.8,42.52336,18.495929999999998,46.800000000000004,0,14,1,0,0,0,0,0,0.0,0,0,0.0,0,0,0,0,0,0,0,nba_boxscorematchupsv3
1,2025-26,Playoffs,NBA Finals,2026_nyk_sas_api_20261005,0042500404,4,2026-06-10,1610612759,SAS,1630170,Devin Vassell,1610612752,NYK,1628384,OG Anunoby,168,13.0,17.038539999999998,17.073169999999998,19.2,6,21,1,0,0,0,2,3,66.7,2,3,66.7,0,0,0,0,0,0,0,nba_boxscorematchupsv3
1,2025-26,Playoffs,NBA Finals,2026_nyk_sas_api_20261005,0042500404,4,2026-06-10,1610612759,SAS,1630170,Devin Vassell,1610612752,NYK,1628969,Mikal Bridges,69,7.3,10.40724,7.0122,12.2,0,5,0,0,0,0,0,0,0.0,0,0,0.0,0,0,0,0,0,0,0,nba_boxscorematchupsv3
1,2025-26,Playoffs,NBA Finals,2026_nyk_sas_api_20261005,0042500404,4,2026-06-10,1610612759,SAS,1630170,Devin Vassell,1610612752,NYK,1628973,Jalen Brunson,287,15.0,26.54949,29.16667,29.4,3,18,1,0,0,0,1,1,100.0,1,1,100.0,0,0,0,0,0,0,0,nba_boxscorematchupsv3
1,2025-26,Playoffs,NBA Finals,2026_nyk_sas_api_20261005,0042500404,4,2026-06-10,1610612759,SAS,1630170,Devin Vassell,1610612752,NYK,203903,Jordan Clarkson,40,1.8,39.60396,4.065040000000001,37.3,3,3,0,0,0,0,1,1,100.0,1,1,100.0,0,0,0,0,0,0,0,nba_boxscorematchupsv3
1,2025-26,Playoffs,NBA Finals,2026_nyk_sas_api_20261005,0042500404,4,2026-06-10,1610612759,SAS,1630170,Devin Vassell,1610612752,NYK,1628404,Josh Hart,27,5.7,3.39196,2.7439,8.3,3,3,0,0,1,0,1,1,100.0,1,1,100.0,0,0,0,0,0,0,0,nba_boxscorematchupsv3
1,2025-26,Playoffs,NBA Finals,2026_nyk_sas_api_20261005,0042500404,4,2026-06-10,1610612759,SAS,1630170,Devin Vassell,1610612752,NYK,1630574,Ariel Hukporti,6,0.4,6.5934099999999995,0.60976,7.8,0,0,0,0,0,0,0,0,0.0,0,0,0.0,0,0,0,0,0,0,0,nba_boxscorematchupsv3
1,2025-26,Playoffs,NBA Finals,2026_nyk_sas_api_20261005,0042500404,4,2026-06-10,1610612759,SAS,1630170,Devin Vassell,1610612752,NYK,1630540,Miles McBride,35,0.9,17.7665,3.55691,48.699999999999996,2,4,0,0,0,0,1,1,100.0,0,0,0.0,0,0,0,0,0,0,0,nba_boxscorematchupsv3
1,2025-26,Playoffs,NBA Finals,2026_nyk_sas_api_20261005,0042500404,4,2026-06-10,1610612759,SAS,1630170,Devin Vassell,1610612752,NYK,1629013,Landry Shamet,124,7.5,23.04833,12.60163,30.8,0,8,1,0,0,0,0,0,0.0,0,0,0.0,0,0,0,0,0,0,0,nba_boxscorematchupsv3
1,2025-26,Playoffs,NBA Finals,2026_nyk_sas_api_20261005,0042500404,4,2026-06-10,1610612759,SAS,1630170,Devin Vassell,1610612752,NYK,1631110,Jeremy Sochan,4,0.6,5.40541,0.40650000000000003,4.3,0,0,0,0,0,0,0,0,0.0,0,0,0.0,0,0,0,0,0,0,0,nba_boxscorematchupsv3
1,2025-26,Playoffs,NBA Finals,2026_nyk_sas_api_20261005,0042500404,4,2026-06-10,1610612759,SAS,1630170,Devin Vassell,1610612752,NYK,1626157,Karl-Anthony Towns,42,4.7,6.80713,4.26829,9.8,0,1,0,0,0,0,0,2,0.0,0,2,0.0,0,0,0,0,0,0,0,nba_boxscorematchupsv3
1,2025-26,Playoffs,NBA Finals,2026_nyk_sas_api_20261005,0042500404,4,2026-06-10,1610612759,SAS,1641705,Victor Wembanyama,1610612752,NYK,1630631,Jose Alvarado,43,4.0,10.04673,3.89846,11.3,1,7,0,0,0,0,0,0,0.0,0,0,0.0,1,1,0,0,0,0,0,nba_boxscorematchupsv3
1,2025-26,Playoffs,NBA Finals,2026_nyk_sas_api_20261005,0042500404,4,2026-06-10,1610612759,SAS,1641705,Victor Wembanyama,1610612752,NYK,1628384,OG Anunoby,172,12.3,17.444219999999998,15.59383,17.4,3,9,1,0,0,0,1,6,16.7,0,2,0.0,1,4,2,0,0,0,0,nba_boxscorematchupsv3
1,2025-26,Playoffs,NBA Finals,2026_nyk_sas_api_20261005,0042500404,4,2026-06-10,1610612759,SAS,1641705,Victor Wembanyama,1610612752,NYK,1628969,Mikal Bridges,25,2.1,3.77074,2.26655,4.5,0,4,0,0,0,0,0,0,0.0,0,0,0.0,0,0,0,0,0,0,0,nba_boxscorematchupsv3
1,2025-26,Playoffs,NBA Finals,2026_nyk_sas_api_20261005,0042500404,4,2026-06-10,1610612759,SAS,1641705,Victor Wembanyama,1610612752,NYK,1628973,Jalen Brunson,41,5.4,3.7927799999999996,3.71714,6.3,3,6,0,0,0,0,1,2,50.0,1,1,100.0,0,0,0,0,0,0,0,nba_boxscorematchupsv3
1,2025-26,Playoffs,NBA Finals,2026_nyk_sas_api_20261005,0042500404,4,2026-06-10,1610612759,SAS,1641705,Victor Wembanyama,1610612752,NYK,203903,Jordan Clarkson,7,0.3,6.93069,0.63463,12.6,0,0,0,0,0,0,0,1,0.0,0,0,0.0,0,0,0,0,0,0,0,nba_boxscorematchupsv3
1,2025-26,Playoffs,NBA Finals,2026_nyk_sas_api_20261005,0042500404,4,2026-06-10,1610612759,SAS,1641705,Victor Wembanyama,1610612752,NYK,1628404,Josh Hart,51,2.6,6.40704,4.62375,7.6,2,14,0,0,0,0,1,1,100.0,0,0,0.0,0,0,0,0,0,0,0,nba_boxscorematchupsv3
1,2025-26,Playoffs,NBA Finals,2026_nyk_sas_api_20261005,0042500404,4,2026-06-10,1610612759,SAS,1641705,Victor Wembanyama,1610612752,NYK,1630574,Ariel Hukporti,55,3.2,60.43956,4.9864,79.10000000000001,3,3,0,0,0,0,1,3,33.300000000000004,1,3,33.300000000000004,0,0,0,0,0,0,0,nba_boxscorematchupsv3
1,2025-26,Playoffs,NBA Finals,2026_nyk_sas_api_20261005,0042500404,4,2026-06-10,1610612759,SAS,1641705,Victor Wembanyama,1610612752,NYK,1630540,Miles McBride,4,1.0,2.0304599999999997,0.36265,11.700000000000001,0,0,0,0,0,0,0,0,0.0,0,0,0.0,0,0,0,0,0,0,0,nba_boxscorematchupsv3
1,2025-26,Playoffs,NBA Finals,2026_nyk_sas_api_20261005,0042500404,4,2026-06-10,1610612759,SAS,1641705,Victor Wembanyama,1610612752,NYK,1629011,Mitchell Robinson,233,12.7,73.50158,21.124209999999998,75.0,8,16,0,0,0,1,3,6,50.0,0,2,0.0,2,2,0,0,0,0,0,nba_boxscorematchupsv3
1,2025-26,Playoffs,NBA Finals,2026_nyk_sas_api_20261005,0042500404,4,2026-06-10,1610612759,SAS,1641705,Victor Wembanyama,1610612752,NYK,1629013,Landry Shamet,18,0.6,3.34572,1.63191,3.8,0,3,0,0,0,0,0,0,0.0,0,0,0.0,0,0,0,0,0,0,0,nba_boxscorematchupsv3
1,2025-26,Playoffs,NBA Finals,2026_nyk_sas_api_20261005,0042500404,4,2026-06-10,1610612759,SAS,1641705,Victor Wembanyama,1610612752,NYK,1631110,Jeremy Sochan,51,3.3,68.91892,4.62375,71.39999999999999,0,7,0,0,0,0,0,0,0.0,0,0,0.0,0,0,0,0,0,0,0,nba_boxscorematchupsv3
1,2025-26,Playoffs,NBA Finals,2026_nyk_sas_api_20261005,0042500404,4,2026-06-10,1610612759,SAS,1641705,Victor Wembanyama,1610612752,NYK,1626157,Karl-Anthony Towns,403,24.9,65.31605,36.53672,67.2,4,20,0,0,0,0,2,6,33.300000000000004,0,0,0.0,0,0,0,0,0,0,0,nba_boxscorematchupsv3
1,2025-26,Playoffs,NBA Finals,2026_nyk_sas_api_20261005,0042500404,4,2026-06-10,1610612759,SAS,1642264,Stephon Castle,1610612752,NYK,1630631,Jose Alvarado,98,4.7,22.8972,13.92045,32.2,4,4,0,0,0,0,0,0,0.0,0,0,0.0,4,4,1,0,0,0,0,nba_boxscorematchupsv3
1,2025-26,Playoffs,NBA Finals,2026_nyk_sas_api_20261005,0042500404,4,2026-06-10,1610612759,SAS,1642264,Stephon Castle,1610612752,NYK,1628384,OG Anunoby,64,3.1,6.49087,9.090910000000001,12.0,0,3,0,0,0,0,0,1,0.0,0,1,0.0,0,0,0,0,0,0,0,nba_boxscorematchupsv3
1,2025-26,Playoffs,NBA Finals,2026_nyk_sas_api_20261005,0042500404,4,2026-06-10,1610612759,SAS,1642264,Stephon Castle,1610612752,NYK,1628969,Mikal Bridges,61,4.2,9.2006,8.664769999999999,20.9,3,5,0,0,0,0,1,1,100.0,1,1,100.0,0,0,0,0,0,0,0,nba_boxscorematchupsv3
1,2025-26,Playoffs,NBA Finals,2026_nyk_sas_api_20261005,0042500404,4,2026-06-10,1610612759,SAS,1642264,Stephon Castle,1610612752,NYK,1628973,Jalen Brunson,56,7.0,5.18039,7.95455,12.4,0,3,1,0,1,0,0,1,0.0,0,0,0.0,0,0,0,0,0,0,0,nba_boxscorematchupsv3
1,2025-26,Playoffs,NBA Finals,2026_nyk_sas_api_20261005,0042500404,4,2026-06-10,1610612759,SAS,1642264,Stephon Castle,1610612752,NYK,203903,Jordan Clarkson,7,0.4,6.93069,0.9943199999999999,8.9,0,2,0,0,0,0,0,0,0.0,0,0,0.0,0,0,0,0,0,0,0,nba_boxscorematchupsv3
1,2025-26,Playoffs,NBA Finals,2026_nyk_sas_api_20261005,0042500404,4,2026-06-10,1610612759,SAS,1642264,Stephon Castle,1610612752,NYK,1628404,Josh Hart,276,16.5,34.67337,39.20455,49.4,6,18,1,0,2,0,1,4,25.0,0,1,0.0,4,4,2,0,0,0,0,nba_boxscorematchupsv3
1,2025-26,Playoffs,NBA Finals,2026_nyk_sas_api_20261005,0042500404,4,2026-06-10,1610612759,SAS,1642264,Stephon Castle,1610612752,NYK,1630540,Miles McBride,4,0.2,2.0304599999999997,0.56818,8.3,0,1,0,0,0,0,0,0,0.0,0,0,0.0,0,0,0,0,0,0,0,nba_boxscorematchupsv3
1,2025-26,Playoffs,NBA Finals,2026_nyk_sas_api_20261005,0042500404,4,2026-06-10,1610612759,SAS,1642264,Stephon Castle,1610612752,NYK,1629011,Mitchell Robinson,14,0.9,4.4164,1.9886399999999997,6.6000000000000005,0,2,0,0,0,0,0,0,0.0,0,0,0.0,0,0,0,0,0,0,0,nba_boxscorematchupsv3
1,2025-26,Playoffs,NBA Finals,2026_nyk_sas_api_20261005,0042500404,4,2026-06-10,1610612759,SAS,1642264,Stephon Castle,1610612752,NYK,1629013,Landry Shamet,106,5.5,19.7026,15.056820000000002,40.9,0,9,2,0,0,0,0,0,0.0,0,0,0.0,0,0,0,0,0,0,0,nba_boxscorematchupsv3
1,2025-26,Playoffs,NBA Finals,2026_nyk_sas_api_20261005,0042500404,4,2026-06-10,1610612759,SAS,1642264,Stephon Castle,1610612752,NYK,1626157,Karl-Anthony Towns,18,1.4,2.91734,2.55682,5.2,0,3,1,0,0,0,0,0,0.0,0,0,0.0,0,0,0,0,0,0,0,nba_boxscorematchupsv3
1,2025-26,Playoffs,NBA Finals,2026_nyk_sas_api_20261005,0042500404,4,2026-06-10,1610612759,SAS,1628368,De'Aaron Fox,1610612752,NYK,1630631,Jose Alvarado,58,3.3,13.5514,6.71296,25.8,0,2,0,0,0,0,0,0,0.0,0,0,0.0,0,0,0,0,0,0,0,nba_boxscorematchupsv3
1,2025-26,Playoffs,NBA Finals,2026_nyk_sas_api_20261005,0042500404,4,2026-06-10,1610612759,SAS,1628368,De'Aaron Fox,1610612752,NYK,1628384,OG Anunoby,343,19.2,34.78702,39.69907,39.5,2,25,3,0,3,1,1,7,14.299999999999999,0,3,0.0,0,0,0,0,0,0,0,nba_boxscorematchupsv3
1,2025-26,Playoffs,NBA Finals,2026_nyk_sas_api_20261005,0042500404,4,2026-06-10,1610612759,SAS,1628368,De'Aaron Fox,1610612752,NYK,1628969,Mikal Bridges,180,12.0,27.14932,20.83333,34.699999999999996,0,13,2,0,0,0,0,0,0.0,0,0,0.0,0,0,0,0,0,0,0,nba_boxscorematchupsv3
1,2025-26,Playoffs,NBA Finals,2026_nyk_sas_api_20261005,0042500404,4,2026-06-10,1610612759,SAS,1628368,De'Aaron Fox,1610612752,NYK,1628973,Jalen Brunson,47,5.1,4.34783,5.43981,7.5,2,9,0,0,0,0,1,2,50.0,0,0,0.0,0,0,0,0,0,0,0,nba_boxscorematchupsv3
1,2025-26,Playoffs,NBA Finals,2026_nyk_sas_api_20261005,0042500404,4,2026-06-10,1610612759,SAS,1628368,De'Aaron Fox,1610612752,NYK,203903,Jordan Clarkson,8,0.7,7.92079,0.92593,10.5,0,0,0,0,0,0,0,0,0.0,0,0,0.0,0,0,0,0,0,0,0,nba_boxscorematchupsv3
1,2025-26,Playoffs,NBA Finals,2026_nyk_sas_api_20261005,0042500404,4,2026-06-10,1610612759,SAS,1628368,De'Aaron Fox,1610612752,NYK,1628404,Josh Hart,48,5.8,6.03015,5.55556,11.799999999999999,0,3,0,0,0,0,0,1,0.0,0,1,0.0,0,0,0,0,0,0,0,nba_boxscorematchupsv3
1,2025-26,Playoffs,NBA Finals,2026_nyk_sas_api_20261005,0042500404,4,2026-06-10,1610612759,SAS,1628368,De'Aaron Fox,1610612752,NYK,1630574,Ariel Hukporti,1,0.1,1.0989,0.11574000000000001,1.4000000000000001,0,2,0,0,0,0,0,0,0.0,0,0,0.0,0,0,0,0,0,0,0,nba_boxscorematchupsv3
1,2025-26,Playoffs,NBA Finals,2026_nyk_sas_api_20261005,0042500404,4,2026-06-10,1610612759,SAS,1628368,De'Aaron Fox,1610612752,NYK,1630540,Miles McBride,25,2.4,12.69036,2.89352,12.0,0,3,0,0,0,0,0,0,0.0,0,0,0.0,0,0,0,0,0,0,0,nba_boxscorematchupsv3
1,2025-26,Playoffs,NBA Finals,2026_nyk_sas_api_20261005,0042500404,4,2026-06-10,1610612759,SAS,1628368,De'Aaron Fox,1610612752,NYK,1629011,Mitchell Robinson,26,0.8,8.20189,3.0092600000000003,10.4,0,3,0,0,0,0,0,1,0.0,0,0,0.0,0,0,0,0,0,0,0,nba_boxscorematchupsv3
1,2025-26,Playoffs,NBA Finals,2026_nyk_sas_api_20261005,0042500404,4,2026-06-10,1610612759,SAS,1628368,De'Aaron Fox,1610612752,NYK,1629013,Landry Shamet,81,6.5,15.055760000000001,9.375,20.200000000000003,6,14,2,0,0,0,2,2,100.0,2,2,100.0,0,0,0,0,0,0,0,nba_boxscorematchupsv3
1,2025-26,Playoffs,NBA Finals,2026_nyk_sas_api_20261005,0042500404,4,2026-06-10,1610612759,SAS,1628368,De'Aaron Fox,1610612752,NYK,1631110,Jeremy Sochan,15,0.9,20.27027,1.73611,18.8,0,0,0,0,0,0,0,1,0.0,0,1,0.0,0,0,0,0,0,0,0,nba_boxscorematchupsv3
1,2025-26,Playoffs,NBA Finals,2026_nyk_sas_api_20261005,0042500404,4,2026-06-10,1610612759,SAS,1628368,De'Aaron Fox,1610612752,NYK,1626157,Karl-Anthony Towns,32,2.9,5.186389999999999,3.7037,9.5,8,8,0,0,0,0,2,2,100.0,2,2,100.0,2,2,1,0,0,0,0,nba_boxscorematchupsv3
1,2025-26,Playoffs,NBA Finals,2026_nyk_sas_api_20261005,0042500404,4,2026-06-10,1610612759,SAS,1642844,Dylan Harper,1610612752,NYK,1630631,Jose Alvarado,38,2.6,8.8785,4.617249999999999,10.100000000000001,2,6,0,0,1,0,1,1,100.0,0,0,0.0,0,0,0,0,0,0,0,nba_boxscorematchupsv3
1,2025-26,Playoffs,NBA Finals,2026_nyk_sas_api_20261005,0042500404,4,2026-06-10,1610612759,SAS,1642844,Dylan Harper,1610612752,NYK,1628384,OG Anunoby,97,5.8,9.83773,11.78615,14.6,5,11,0,0,0,0,2,3,66.7,1,2,50.0,0,0,0,0,0,0,0,nba_boxscorematchupsv3
1,2025-26,Playoffs,NBA Finals,2026_nyk_sas_api_20261005,0042500404,4,2026-06-10,1610612759,SAS,1642844,Dylan Harper,1610612752,NYK,1628969,Mikal Bridges,205,11.7,30.92006,24.90887,46.9,2,13,1,0,0,0,1,4,25.0,0,2,0.0,0,0,0,0,0,0,0,nba_boxscorematchupsv3
1,2025-26,Playoffs,NBA Finals,2026_nyk_sas_api_20261005,0042500404,4,2026-06-10,1610612759,SAS,1642844,Dylan Harper,1610612752,NYK,1628973,Jalen Brunson,113,8.7,10.45328,13.73026,15.5,0,6,0,0,0,0,0,0,0.0,0,0,0.0,0,0,0,0,0,0,0,nba_boxscorematchupsv3
1,2025-26,Playoffs,NBA Finals,2026_nyk_sas_api_20261005,0042500404,4,2026-06-10,1610612759,SAS,1642844,Dylan Harper,1610612752,NYK,1628404,Josh Hart,201,9.7,25.25126,24.42284,33.2,3,15,1,0,1,0,1,1,100.0,1,1,100.0,0,0,0,0,0,0,0,nba_boxscorematchupsv3
1,2025-26,Playoffs,NBA Finals,2026_nyk_sas_api_20261005,0042500404,4,2026-06-10,1610612759,SAS,1642844,Dylan Harper,1610612752,NYK,1630574,Ariel Hukporti,1,0.5,1.0989,0.12150999999999999,4.3,0,0,0,0,0,0,0,0,0.0,0,0,0.0,0,0,0,0,0,0,0,nba_boxscorematchupsv3
1,2025-26,Playoffs,NBA Finals,2026_nyk_sas_api_20261005,0042500404,4,2026-06-10,1610612759,SAS,1642844,Dylan Harper,1610612752,NYK,1630540,Miles McBride,101,6.3,51.26904,12.272170000000001,55.900000000000006,5,8,1,0,0,0,2,2,100.0,1,1,100.0,0,0,0,0,0,0,0,nba_boxscorematchupsv3
1,2025-26,Playoffs,NBA Finals,2026_nyk_sas_api_20261005,0042500404,4,2026-06-10,1610612759,SAS,1642844,Dylan Harper,1610612752,NYK,1629011,Mitchell Robinson,6,0.6,1.89274,0.72904,5.2,0,3,0,0,0,1,0,0,0.0,0,0,0.0,0,0,0,0,0,0,0,nba_boxscorematchupsv3
1,2025-26,Playoffs,NBA Finals,2026_nyk_sas_api_20261005,0042500404,4,2026-06-10,1610612759,SAS,1642844,Dylan Harper,1610612752,NYK,1629013,Landry Shamet,47,2.9,8.73606,5.71081,14.6,0,4,0,0,0,0,0,0,0.0,0,0,0.0,0,0,0,0,0,0,0,nba_boxscorematchupsv3
1,2025-26,Playoffs,NBA Finals,2026_nyk_sas_api_20261005,0042500404,4,2026-06-10,1610612759,SAS,1642844,Dylan Harper,1610612752,NYK,1631110,Jeremy Sochan,3,0.0,4.05405,0.36452,3.8,2,2,0,0,0,0,1,1,100.0,0,0,0.0,0,0,0,0,0,0,0,nba_boxscorematchupsv3
1,2025-26,Playoffs,NBA Finals,2026_nyk_sas_api_20261005,0042500404,4,2026-06-10,1610612759,SAS,1642844,Dylan Harper,1610612752,NYK,1626157,Karl-Anthony Towns,11,0.6,1.7828199999999998,1.33657,2.6,2,2,0,0,0,0,0,0,0.0,0,0,0.0,2,2,1,0,0,0,0,nba_boxscorematchupsv3
1,2025-26,Playoffs,NBA Finals,2026_nyk_sas_api_20261005,0042500404,4,2026-06-10,1610612759,SAS,1629640,Keldon Johnson,1610612752,NYK,1630631,Jose Alvarado,9,0.4,2.1028000000000002,1.94805,6.4,0,0,0,0,0,0,0,0,0.0,0,0,0.0,0,0,0,0,0,0,0,nba_boxscorematchupsv3
1,2025-26,Playoffs,NBA Finals,2026_nyk_sas_api_20261005,0042500404,4,2026-06-10,1610612759,SAS,1629640,Keldon Johnson,1610612752,NYK,1628384,OG Anunoby,41,3.0,4.15822,8.874460000000001,13.5,0,3,0,0,0,0,0,1,0.0,0,0,0.0,0,0,0,0,0,0,0,nba_boxscorematchupsv3
1,2025-26,Playoffs,NBA Finals,2026_nyk_sas_api_20261005,0042500404,4,2026-06-10,1610612759,SAS,1629640,Keldon Johnson,1610612752,NYK,1628969,Mikal Bridges,98,6.6,14.7813,21.212120000000002,23.5,0,11,0,0,0,0,0,0,0.0,0,0,0.0,0,0,0,0,0,0,0,nba_boxscorematchupsv3
1,2025-26,Playoffs,NBA Finals,2026_nyk_sas_api_20261005,0042500404,4,2026-06-10,1610612759,SAS,1629640,Keldon Johnson,1610612752,NYK,1628973,Jalen Brunson,66,5.3,6.10546,14.285709999999998,16.900000000000002,0,4,0,0,0,0,0,0,0.0,0,0,0.0,0,0,0,0,0,0,0,nba_boxscorematchupsv3
1,2025-26,Playoffs,NBA Finals,2026_nyk_sas_api_20261005,0042500404,4,2026-06-10,1610612759,SAS,1629640,Keldon Johnson,1610612752,NYK,1628404,Josh Hart,97,4.6,12.18593,20.99567,31.2,2,2,0,0,0,0,1,3,33.300000000000004,0,1,0.0,0,0,0,0,0,0,0,nba_boxscorematchupsv3
1,2025-26,Playoffs,NBA Finals,2026_nyk_sas_api_20261005,0042500404,4,2026-06-10,1610612759,SAS,1629640,Keldon Johnson,1610612752,NYK,1630574,Ariel Hukporti,5,0.0,5.49451,1.0822500000000002,6.0,0,3,1,0,0,0,0,0,0.0,0,0,0.0,0,0,0,0,0,0,0,nba_boxscorematchupsv3
1,2025-26,Playoffs,NBA Finals,2026_nyk_sas_api_20261005,0042500404,4,2026-06-10,1610612759,SAS,1629640,Keldon Johnson,1610612752,NYK,1630540,Miles McBride,7,0.2,3.5533,1.51515,17.5,0,1,0,0,0,0,0,0,0.0,0,0,0.0,0,0,0,0,0,0,0,nba_boxscorematchupsv3
1,2025-26,Playoffs,NBA Finals,2026_nyk_sas_api_20261005,0042500404,4,2026-06-10,1610612759,SAS,1629640,Keldon Johnson,1610612752,NYK,1629011,Mitchell Robinson,3,0.1,0.94637,0.64935,2.9000000000000004,0,0,0,0,0,0,0,0,0.0,0,0,0.0,0,0,0,0,0,0,0,nba_boxscorematchupsv3
1,2025-26,Playoffs,NBA Finals,2026_nyk_sas_api_20261005,0042500404,4,2026-06-10,1610612759,SAS,1629640,Keldon Johnson,1610612752,NYK,1629013,Landry Shamet,102,5.4,18.959110000000003,22.077920000000002,45.1,0,4,0,0,0,0,0,0,0.0,0,0,0.0,0,0,0,0,0,0,0,nba_boxscorematchupsv3
1,2025-26,Playoffs,NBA Finals,2026_nyk_sas_api_20261005,0042500404,4,2026-06-10,1610612759,SAS,1629640,Keldon Johnson,1610612752,NYK,1631110,Jeremy Sochan,1,0.1,1.35135,0.21645000000000003,2.9000000000000004,0,2,0,0,0,0,0,0,0.0,0,0,0.0,0,0,0,0,0,0,0,nba_boxscorematchupsv3
1,2025-26,Playoffs,NBA Finals,2026_nyk_sas_api_20261005,0042500404,4,2026-06-10,1610612759,SAS,1629640,Keldon Johnson,1610612752,NYK,1626157,Karl-Anthony Towns,33,1.7,5.34846,7.14286,15.2,0,2,0,0,0,0,0,1,0.0,0,0,0.0,0,0,0,0,0,0,0,nba_boxscorematchupsv3
1,2025-26,Playoffs,NBA Finals,2026_nyk_sas_api_20261005,0042500404,4,2026-06-10,1610612759,SAS,1628436,Luke Kornet,1610612752,NYK,1628384,OG Anunoby,1,0.3,0.10142000000000001,1.06383,13.900000000000002,0,0,0,0,0,0,0,0,0.0,0,0,0.0,0,0,0,0,0,0,0,nba_boxscorematchupsv3
1,2025-26,Playoffs,NBA Finals,2026_nyk_sas_api_20261005,0042500404,4,2026-06-10,1610612759,SAS,1628436,Luke Kornet,1610612752,NYK,1628969,Mikal Bridges,1,0.5,0.15083,1.06383,3.5000000000000004,0,0,0,0,0,0,0,0,0.0,0,0,0.0,0,0,0,0,0,0,0,nba_boxscorematchupsv3
1,2025-26,Playoffs,NBA Finals,2026_nyk_sas_api_20261005,0042500404,4,2026-06-10,1610612759,SAS,1628436,Luke Kornet,1610612752,NYK,1628973,Jalen Brunson,1,0.1,0.09251,1.06383,1.6,0,0,0,0,0,0,0,0,0.0,0,0,0.0,0,0,0,0,0,0,0,nba_boxscorematchupsv3
1,2025-26,Playoffs,NBA Finals,2026_nyk_sas_api_20261005,0042500404,4,2026-06-10,1610612759,SAS,1628436,Luke Kornet,1610612752,NYK,203903,Jordan Clarkson,2,0.1,1.9802,2.12766,4.7,0,0,0,0,0,0,0,0,0.0,0,0,0.0,0,0,0,0,0,0,0,nba_boxscorematchupsv3
1,2025-26,Playoffs,NBA Finals,2026_nyk_sas_api_20261005,0042500404,4,2026-06-10,1610612759,SAS,1628436,Luke Kornet,1610612752,NYK,1628404,Josh Hart,1,0.7,0.12563,1.06383,10.0,0,0,0,0,0,0,0,0,0.0,0,0,0.0,0,0,0,0,0,0,0,nba_boxscorematchupsv3
1,2025-26,Playoffs,NBA Finals,2026_nyk_sas_api_20261005,0042500404,4,2026-06-10,1610612759,SAS,1628436,Luke Kornet,1610612752,NYK,1630574,Ariel Hukporti,22,0.8,24.17582,23.40426,82.6,0,0,0,0,0,0,0,0,0.0,0,0,0.0,0,0,0,0,0,0,0,nba_boxscorematchupsv3
1,2025-26,Playoffs,NBA Finals,2026_nyk_sas_api_20261005,0042500404,4,2026-06-10,1610612759,SAS,1628436,Luke Kornet,1610612752,NYK,1629011,Mitchell Robinson,22,0.8,6.940060000000001,23.40426,79.3,0,3,0,0,0,0,0,0,0.0,0,0,0.0,0,0,0,0,0,0,0,nba_boxscorematchupsv3
1,2025-26,Playoffs,NBA Finals,2026_nyk_sas_api_20261005,0042500404,4,2026-06-10,1610612759,SAS,1628436,Luke Kornet,1610612752,NYK,1626157,Karl-Anthony Towns,44,3.5,7.131279999999999,46.80851,82.5,0,2,0,0,0,0,0,0,0.0,0,0,0.0,0,0,0,0,0,0,0,nba_boxscorematchupsv3
1,2025-26,Playoffs,NBA Finals,2026_nyk_sas_api_20261005,0042500404,4,2026-06-10,1610612759,SAS,1642868,Carter Bryant,1610612752,NYK,1628384,OG Anunoby,42,3.8,4.25963,42.85714,59.099999999999994,3,9,0,0,0,0,1,1,100.0,1,1,100.0,0,0,0,0,0,0,0,nba_boxscorematchupsv3
1,2025-26,Playoffs,NBA Finals,2026_nyk_sas_api_20261005,0042500404,4,2026-06-10,1610612759,SAS,1642868,Carter Bryant,1610612752,NYK,1628973,Jalen Brunson,22,1.9,2.0351500000000002,22.44898,25.4,2,2,0,0,0,0,1,1,100.0,0,0,0.0,0,0,0,0,0,0,0,nba_boxscorematchupsv3
1,2025-26,Playoffs,NBA Finals,2026_nyk_sas_api_20261005,0042500404,4,2026-06-10,1610612759,SAS,1642868,Carter Bryant,1610612752,NYK,203903,Jordan Clarkson,3,1.0,2.9703,3.06122,8.0,0,0,0,0,0,0,0,0,0.0,0,0,0.0,0,0,0,0,0,0,0,nba_boxscorematchupsv3
1,2025-26,Playoffs,NBA Finals,2026_nyk_sas_api_20261005,0042500404,4,2026-06-10,1610612759,SAS,1642868,Carter Bryant,1610612752,NYK,1629013,Landry Shamet,9,1.3,1.67286,9.18367,15.4,0,3,0,0,0,0,0,0,0.0,0,0,0.0,0,0,0,0,0,0,0,nba_boxscorematchupsv3
1,2025-26,Playoffs,NBA Finals,2026_nyk_sas_api_20261005,0042500404,4,2026-06-10,1610612759,SAS,1642868,Carter Bryant,1610612752,NYK,1626157,Karl-Anthony Towns,22,1.3,3.5656399999999997,22.44898,14.799999999999999,0,3,0,0,0,0,0,1,0.0,0,0,0.0,0,0,0,0,0,0,0,nba_boxscorematchupsv3
1,2025-26,Playoffs,NBA Finals,2026_nyk_sas_api_20261005,0042500405,5,2026-06-13,1610612759,SAS,1630170,Devin Vassell,1610612752,NYK,1630631,Jose Alvarado,27,2.5,10.5,3.3000000000000003,25.3,0,5,1,0,0,0,0,0,0.0,0,0,0.0,0,0,0,0,0,0,0,nba_boxscorematchupsv3
1,2025-26,Playoffs,NBA Finals,2026_nyk_sas_api_20261005,0042500405,5,2026-06-13,1610612759,SAS,1630170,Devin Vassell,1610612752,NYK,1628384,OG Anunoby,63,6.5,8.799999999999999,7.6,10.8,0,6,0,0,0,0,0,1,0.0,0,1,0.0,0,0,0,0,0,0,0,nba_boxscorematchupsv3
1,2025-26,Playoffs,NBA Finals,2026_nyk_sas_api_20261005,0042500405,5,2026-06-13,1610612759,SAS,1630170,Devin Vassell,1610612752,NYK,1628969,Mikal Bridges,335,25.8,40.5,40.2,43.9,5,20,0,0,0,0,2,3,66.7,1,2,50.0,0,0,0,0,0,0,0,nba_boxscorematchupsv3
1,2025-26,Playoffs,NBA Finals,2026_nyk_sas_api_20261005,0042500405,5,2026-06-13,1610612759,SAS,1630170,Devin Vassell,1610612752,NYK,1628973,Jalen Brunson,187,15.7,21.4,22.400000000000002,24.6,2,20,1,0,0,0,1,1,100.0,0,0,0.0,0,0,0,0,0,0,0,nba_boxscorematchupsv3
1,2025-26,Playoffs,NBA Finals,2026_nyk_sas_api_20261005,0042500405,5,2026-06-13,1610612759,SAS,1630170,Devin Vassell,1610612752,NYK,203903,Jordan Clarkson,13,1.3,12.5,1.5,22.900000000000002,0,0,0,0,0,0,0,0,0.0,0,0,0.0,0,0,0,0,0,0,0,nba_boxscorematchupsv3
1,2025-26,Playoffs,NBA Finals,2026_nyk_sas_api_20261005,0042500405,5,2026-06-13,1610612759,SAS,1630170,Devin Vassell,1610612752,NYK,1628404,Josh Hart,91,6.4,10.5,10.9,11.700000000000001,5,9,0,0,0,0,2,3,66.7,1,2,50.0,0,0,0,0,0,0,0,nba_boxscorematchupsv3
1,2025-26,Playoffs,NBA Finals,2026_nyk_sas_api_20261005,0042500405,5,2026-06-13,1610612759,SAS,1630170,Devin Vassell,1610612752,NYK,1630540,Miles McBride,25,3.9,8.6,3.0,15.9,0,2,0,0,0,0,0,0,0.0,0,0,0.0,0,0,0,0,0,0,0,nba_boxscorematchupsv3
1,2025-26,Playoffs,NBA Finals,2026_nyk_sas_api_20261005,0042500405,5,2026-06-13,1610612759,SAS,1630170,Devin Vassell,1610612752,NYK,1629011,Mitchell Robinson,14,1.5,3.3000000000000003,1.7000000000000002,3.6999999999999997,0,0,0,0,0,0,0,0,0.0,0,0,0.0,0,0,0,0,0,0,0,nba_boxscorematchupsv3
1,2025-26,Playoffs,NBA Finals,2026_nyk_sas_api_20261005,0042500405,5,2026-06-13,1610612759,SAS,1630170,Devin Vassell,1610612752,NYK,1629013,Landry Shamet,34,4.8,12.6,4.1000000000000005,20.8,0,5,0,0,0,0,0,0,0.0,0,0,0.0,0,0,0,0,0,0,0,nba_boxscorematchupsv3
1,2025-26,Playoffs,NBA Finals,2026_nyk_sas_api_20261005,0042500405,5,2026-06-13,1610612759,SAS,1630170,Devin Vassell,1610612752,NYK,1626157,Karl-Anthony Towns,8,1.6,1.5,0.8999999999999999,1.9,0,3,0,0,0,0,0,0,0.0,0,0,0.0,0,0,0,0,0,0,0,nba_boxscorematchupsv3
1,2025-26,Playoffs,NBA Finals,2026_nyk_sas_api_20261005,0042500405,5,2026-06-13,1610612759,SAS,1630577,Julian Champagnie,1610612752,NYK,1630631,Jose Alvarado,44,3.5,17.1,6.3,23.7,0,0,0,0,0,0,0,0,0.0,0,0,0.0,0,0,0,0,0,0,0,nba_boxscorematchupsv3
1,2025-26,Playoffs,NBA Finals,2026_nyk_sas_api_20261005,0042500405,5,2026-06-13,1610612759,SAS,1630577,Julian Champagnie,1610612752,NYK,1628384,OG Anunoby,79,6.8,10.9,11.3,13.100000000000001,8,10,0,0,0,0,3,4,75.0,2,3,66.7,0,0,0,0,0,0,0,nba_boxscorematchupsv3
1,2025-26,Playoffs,NBA Finals,2026_nyk_sas_api_20261005,0042500405,5,2026-06-13,1610612759,SAS,1630577,Julian Champagnie,1610612752,NYK,1628969,Mikal Bridges,41,3.9,4.9,5.800000000000001,8.200000000000001,3,13,0,0,0,0,1,1,100.0,1,1,100.0,0,0,0,0,0,0,0,nba_boxscorematchupsv3
1,2025-26,Playoffs,NBA Finals,2026_nyk_sas_api_20261005,0042500405,5,2026-06-13,1610612759,SAS,1630577,Julian Champagnie,1610612752,NYK,1628973,Jalen Brunson,373,26.5,42.9,53.300000000000004,62.1,3,19,0,0,4,0,1,4,25.0,1,4,25.0,0,0,0,0,0,0,0,nba_boxscorematchupsv3
1,2025-26,Playoffs,NBA Finals,2026_nyk_sas_api_20261005,0042500405,5,2026-06-13,1610612759,SAS,1630577,Julian Champagnie,1610612752,NYK,203903,Jordan Clarkson,27,3.8,26.3,3.8,36.1,0,4,0,0,0,0,0,0,0.0,0,0,0.0,0,0,0,0,0,0,0,nba_boxscorematchupsv3
1,2025-26,Playoffs,NBA Finals,2026_nyk_sas_api_20261005,0042500405,5,2026-06-13,1610612759,SAS,1630577,Julian Champagnie,1610612752,NYK,1628404,Josh Hart,46,4.6,5.3,6.5,8.5,2,4,0,0,0,0,1,1,100.0,0,0,0.0,0,0,0,0,0,0,0,nba_boxscorematchupsv3
1,2025-26,Playoffs,NBA Finals,2026_nyk_sas_api_20261005,0042500405,5,2026-06-13,1610612759,SAS,1630577,Julian Champagnie,1610612752,NYK,1630574,Ariel Hukporti,1,0.1,4.1000000000000005,0.2,4.1000000000000005,0,0,0,0,0,0,0,0,0.0,0,0,0.0,0,0,0,0,0,0,0,nba_boxscorematchupsv3
1,2025-26,Playoffs,NBA Finals,2026_nyk_sas_api_20261005,0042500405,5,2026-06-13,1610612759,SAS,1630577,Julian Champagnie,1610612752,NYK,1630540,Miles McBride,53,3.9,18.0,7.5,32.4,3,5,0,0,0,0,1,1,100.0,1,1,100.0,0,0,0,0,0,0,0,nba_boxscorematchupsv3
1,2025-26,Playoffs,NBA Finals,2026_nyk_sas_api_20261005,0042500405,5,2026-06-13,1610612759,SAS,1630577,Julian Champagnie,1610612752,NYK,1629011,Mitchell Robinson,7,0.6,1.7000000000000002,1.0,2.1999999999999997,0,0,0,0,0,0,0,0,0.0,0,0,0.0,0,0,0,0,0,0,0,nba_boxscorematchupsv3
1,2025-26,Playoffs,NBA Finals,2026_nyk_sas_api_20261005,0042500405,5,2026-06-13,1610612759,SAS,1630577,Julian Champagnie,1610612752,NYK,1629013,Landry Shamet,23,3.1,8.6,3.3000000000000003,13.900000000000002,0,0,0,0,0,0,0,0,0.0,0,0,0.0,0,0,0,0,0,0,0,nba_boxscorematchupsv3
1,2025-26,Playoffs,NBA Finals,2026_nyk_sas_api_20261005,0042500405,5,2026-06-13,1610612759,SAS,1630577,Julian Champagnie,1610612752,NYK,1626157,Karl-Anthony Towns,7,0.8,1.4000000000000001,1.0999999999999999,2.5,0,0,0,0,1,0,0,0,0.0,0,0,0.0,0,0,0,0,0,0,0,nba_boxscorematchupsv3
1,2025-26,Playoffs,NBA Finals,2026_nyk_sas_api_20261005,0042500405,5,2026-06-13,1610612759,SAS,1641705,Victor Wembanyama,1610612752,NYK,1630631,Jose Alvarado,22,1.7,8.5,3.0,11.3,0,4,0,0,0,0,0,1,0.0,0,0,0.0,0,0,0,0,0,0,0,nba_boxscorematchupsv3
1,2025-26,Playoffs,NBA Finals,2026_nyk_sas_api_20261005,0042500405,5,2026-06-13,1610612759,SAS,1641705,Victor Wembanyama,1610612752,NYK,1628384,OG Anunoby,63,6.0,8.7,8.4,11.700000000000001,4,9,1,0,0,0,2,2,100.0,0,0,0.0,0,0,0,0,0,0,0,nba_boxscorematchupsv3
1,2025-26,Playoffs,NBA Finals,2026_nyk_sas_api_20261005,0042500405,5,2026-06-13,1610612759,SAS,1641705,Victor Wembanyama,1610612752,NYK,1628969,Mikal Bridges,43,4.6,5.2,5.800000000000001,7.000000000000001,2,12,0,0,0,0,1,2,50.0,0,0,0.0,0,0,0,0,0,0,0,nba_boxscorematchupsv3
1,2025-26,Playoffs,NBA Finals,2026_nyk_sas_api_20261005,0042500405,5,2026-06-13,1610612759,SAS,1641705,Victor Wembanyama,1610612752,NYK,1628973,Jalen Brunson,18,1.9,2.0,2.4,3.1,0,0,0,0,0,0,0,0,0.0,0,0,0.0,0,0,0,0,0,0,0,nba_boxscorematchupsv3
1,2025-26,Playoffs,NBA Finals,2026_nyk_sas_api_20261005,0042500405,5,2026-06-13,1610612759,SAS,1641705,Victor Wembanyama,1610612752,NYK,203903,Jordan Clarkson,12,2.3,12.1,1.7000000000000002,17.1,0,2,0,0,0,0,0,0,0.0,0,0,0.0,0,0,0,0,0,0,0,nba_boxscorematchupsv3
1,2025-26,Playoffs,NBA Finals,2026_nyk_sas_api_20261005,0042500405,5,2026-06-13,1610612759,SAS,1641705,Victor Wembanyama,1610612752,NYK,1628404,Josh Hart,50,4.0,5.7,6.7,8.1,2,4,0,0,0,0,1,3,33.300000000000004,0,1,0.0,0,0,0,0,0,0,0,nba_boxscorematchupsv3
1,2025-26,Playoffs,NBA Finals,2026_nyk_sas_api_20261005,0042500405,5,2026-06-13,1610612759,SAS,1641705,Victor Wembanyama,1610612752,NYK,1630574,Ariel Hukporti,13,1.0,36.5,1.7000000000000002,100.0,0,0,0,0,1,0,0,0,0.0,0,0,0.0,0,0,0,0,0,0,0,nba_boxscorematchupsv3
1,2025-26,Playoffs,NBA Finals,2026_nyk_sas_api_20261005,0042500405,5,2026-06-13,1610612759,SAS,1641705,Victor Wembanyama,1610612752,NYK,1630540,Miles McBride,19,1.9,6.4,2.5,8.5,0,3,0,0,0,0,0,0,0.0,0,0,0.0,0,0,0,0,0,0,0,nba_boxscorematchupsv3
1,2025-26,Playoffs,NBA Finals,2026_nyk_sas_api_20261005,0042500405,5,2026-06-13,1610612759,SAS,1641705,Victor Wembanyama,1610612752,NYK,1629011,Mitchell Robinson,215,19.1,51.0,28.9,79.60000000000001,5,29,1,0,0,0,2,7,28.599999999999998,0,3,0.0,1,1,0,0,0,0,0,nba_boxscorematchupsv3
1,2025-26,Playoffs,NBA Finals,2026_nyk_sas_api_20261005,0042500405,5,2026-06-13,1610612759,SAS,1641705,Victor Wembanyama,1610612752,NYK,1629013,Landry Shamet,2,0.1,0.6,0.2,0.8999999999999999,0,3,0,0,0,0,0,0,0.0,0,0,0.0,0,0,0,0,0,0,0,nba_boxscorematchupsv3
1,2025-26,Playoffs,NBA Finals,2026_nyk_sas_api_20261005,0042500405,5,2026-06-13,1610612759,SAS,1641705,Victor Wembanyama,1610612752,NYK,1631110,Jeremy Sochan,4,2.0,100.0,0.6,100.0,0,0,0,0,0,0,0,1,0.0,0,1,0.0,0,0,0,0,0,0,0,nba_boxscorematchupsv3
1,2025-26,Playoffs,NBA Finals,2026_nyk_sas_api_20261005,0042500405,5,2026-06-13,1610612759,SAS,1641705,Victor Wembanyama,1610612752,NYK,1626157,Karl-Anthony Towns,354,25.7,68.0,47.699999999999996,83.0,10,21,0,0,1,0,3,7,42.9,1,1,100.0,3,4,2,0,0,0,0,nba_boxscorematchupsv3
1,2025-26,Playoffs,NBA Finals,2026_nyk_sas_api_20261005,0042500405,5,2026-06-13,1610612759,SAS,1642264,Stephon Castle,1610612752,NYK,1630631,Jose Alvarado,15,0.7,5.800000000000001,2.1,7.7,0,0,0,0,0,0,0,1,0.0,0,0,0.0,0,0,0,0,0,0,0,nba_boxscorematchupsv3
1,2025-26,Playoffs,NBA Finals,2026_nyk_sas_api_20261005,0042500405,5,2026-06-13,1610612759,SAS,1642264,Stephon Castle,1610612752,NYK,1628384,OG Anunoby,41,5.2,5.6000000000000005,5.8999999999999995,7.8,2,5,0,0,0,0,1,1,100.0,0,0,0.0,0,0,0,0,0,0,0,nba_boxscorematchupsv3
1,2025-26,Playoffs,NBA Finals,2026_nyk_sas_api_20261005,0042500405,5,2026-06-13,1610612759,SAS,1642264,Stephon Castle,1610612752,NYK,1628969,Mikal Bridges,75,8.0,9.0,10.7,12.9,0,4,0,0,1,0,0,3,0.0,0,1,0.0,0,0,0,0,0,0,0,nba_boxscorematchupsv3
1,2025-26,Playoffs,NBA Finals,2026_nyk_sas_api_20261005,0042500405,5,2026-06-13,1610612759,SAS,1642264,Stephon Castle,1610612752,NYK,1628973,Jalen Brunson,58,6.5,6.7,8.3,10.9,0,7,1,0,1,0,0,1,0.0,0,0,0.0,0,0,0,0,0,0,0,nba_boxscorematchupsv3
1,2025-26,Playoffs,NBA Finals,2026_nyk_sas_api_20261005,0042500405,5,2026-06-13,1610612759,SAS,1642264,Stephon Castle,1610612752,NYK,203903,Jordan Clarkson,31,2.3,30.099999999999998,4.3999999999999995,41.5,0,3,1,0,0,0,0,0,0.0,0,0,0.0,0,0,0,0,0,0,0,nba_boxscorematchupsv3
1,2025-26,Playoffs,NBA Finals,2026_nyk_sas_api_20261005,0042500405,5,2026-06-13,1610612759,SAS,1642264,Stephon Castle,1610612752,NYK,1628404,Josh Hart,357,30.6,41.199999999999996,51.1,61.5,1,26,1,0,0,0,0,5,0.0,0,2,0.0,1,2,1,0,0,0,0,nba_boxscorematchupsv3
1,2025-26,Playoffs,NBA Finals,2026_nyk_sas_api_20261005,0042500405,5,2026-06-13,1610612759,SAS,1642264,Stephon Castle,1610612752,NYK,1629011,Mitchell Robinson,10,0.7,2.3,1.4000000000000001,5.7,0,0,0,0,1,0,0,0,0.0,0,0,0.0,0,0,0,0,0,0,0,nba_boxscorematchupsv3
1,2025-26,Playoffs,NBA Finals,2026_nyk_sas_api_20261005,0042500405,5,2026-06-13,1610612759,SAS,1642264,Stephon Castle,1610612752,NYK,1629013,Landry Shamet,76,4.6,27.800000000000004,10.8,51.0,0,11,1,0,0,0,0,0,0.0,0,0,0.0,0,0,0,0,0,0,0,nba_boxscorematchupsv3
1,2025-26,Playoffs,NBA Finals,2026_nyk_sas_api_20261005,0042500405,5,2026-06-13,1610612759,SAS,1642264,Stephon Castle,1610612752,NYK,1626157,Karl-Anthony Towns,24,1.5,4.5,3.4000000000000004,5.2,0,3,1,0,0,1,0,1,0.0,0,0,0.0,0,0,0,0,0,0,0,nba_boxscorematchupsv3
1,2025-26,Playoffs,NBA Finals,2026_nyk_sas_api_20261005,0042500405,5,2026-06-13,1610612759,SAS,1628368,De'Aaron Fox,1610612752,NYK,1630631,Jose Alvarado,142,9.7,54.900000000000006,17.9,69.19999999999999,0,12,0,0,0,0,0,2,0.0,0,2,0.0,0,0,0,0,0,0,0,nba_boxscorematchupsv3
1,2025-26,Playoffs,NBA Finals,2026_nyk_sas_api_20261005,0042500405,5,2026-06-13,1610612759,SAS,1628368,De'Aaron Fox,1610612752,NYK,1628384,OG Anunoby,265,20.2,36.7,33.5,47.5,2,15,0,0,0,0,1,6,16.7,0,3,0.0,0,0,0,0,0,0,0,nba_boxscorematchupsv3
1,2025-26,Playoffs,NBA Finals,2026_nyk_sas_api_20261005,0042500405,5,2026-06-13,1610612759,SAS,1628368,De'Aaron Fox,1610612752,NYK,1628969,Mikal Bridges,88,9.2,10.6,11.1,14.7,0,8,0,0,0,0,0,1,0.0,0,0,0.0,0,0,0,0,0,0,0,nba_boxscorematchupsv3
1,2025-26,Playoffs,NBA Finals,2026_nyk_sas_api_20261005,0042500405,5,2026-06-13,1610612759,SAS,1628368,De'Aaron Fox,1610612752,NYK,1628973,Jalen Brunson,70,6.9,8.0,8.799999999999999,10.299999999999999,0,9,4,0,0,0,0,2,0.0,0,2,0.0,0,0,0,0,0,0,0,nba_boxscorematchupsv3
1,2025-26,Playoffs,NBA Finals,2026_nyk_sas_api_20261005,0042500405,5,2026-06-13,1610612759,SAS,1628368,De'Aaron Fox,1610612752,NYK,203903,Jordan Clarkson,7,0.4,6.9,0.8999999999999999,8.6,0,2,0,0,0,0,0,0,0.0,0,0,0.0,0,0,0,0,0,0,0,nba_boxscorematchupsv3
1,2025-26,Playoffs,NBA Finals,2026_nyk_sas_api_20261005,0042500405,5,2026-06-13,1610612759,SAS,1628368,De'Aaron Fox,1610612752,NYK,1628404,Josh Hart,123,12.6,14.2,15.5,18.5,5,17,1,0,0,0,2,3,66.7,1,1,100.0,0,0,0,0,0,0,0,nba_boxscorematchupsv3
1,2025-26,Playoffs,NBA Finals,2026_nyk_sas_api_20261005,0042500405,5,2026-06-13,1610612759,SAS,1628368,De'Aaron Fox,1610612752,NYK,1630540,Miles McBride,26,2.9,8.9,3.3000000000000003,15.2,0,4,0,0,0,0,0,0,0.0,0,0,0.0,0,0,0,0,0,0,0,nba_boxscorematchupsv3
1,2025-26,Playoffs,NBA Finals,2026_nyk_sas_api_20261005,0042500405,5,2026-06-13,1610612759,SAS,1628368,De'Aaron Fox,1610612752,NYK,1629011,Mitchell Robinson,28,2.4,6.6000000000000005,3.5000000000000004,6.6000000000000005,0,3,0,0,1,0,0,1,0.0,0,0,0.0,0,0,0,0,0,0,0,nba_boxscorematchupsv3
1,2025-26,Playoffs,NBA Finals,2026_nyk_sas_api_20261005,0042500405,5,2026-06-13,1610612759,SAS,1628368,De'Aaron Fox,1610612752,NYK,1629013,Landry Shamet,23,2.0,8.3,2.8000000000000003,9.4,0,0,0,0,0,0,0,0,0.0,0,0,0.0,0,0,0,0,0,0,0,nba_boxscorematchupsv3
1,2025-26,Playoffs,NBA Finals,2026_nyk_sas_api_20261005,0042500405,5,2026-06-13,1610612759,SAS,1628368,De'Aaron Fox,1610612752,NYK,1626157,Karl-Anthony Towns,2,0.6,0.5,0.3,0.8,0,0,0,0,0,0,0,0,0.0,0,0,0.0,0,0,0,0,0,0,0,nba_boxscorematchupsv3
1,2025-26,Playoffs,NBA Finals,2026_nyk_sas_api_20261005,0042500405,5,2026-06-13,1610612759,SAS,1642844,Dylan Harper,1610612752,NYK,1630631,Jose Alvarado,5,1.4,2.1,0.8,4.5,0,0,0,0,0,0,0,0,0.0,0,0,0.0,0,0,0,0,0,0,0,nba_boxscorematchupsv3
1,2025-26,Playoffs,NBA Finals,2026_nyk_sas_api_20261005,0042500405,5,2026-06-13,1610612759,SAS,1642844,Dylan Harper,1610612752,NYK,1628384,OG Anunoby,104,7.1,14.399999999999999,15.6,24.099999999999998,2,2,0,0,0,0,1,4,25.0,0,0,0.0,0,0,0,0,0,0,0,nba_boxscorematchupsv3
1,2025-26,Playoffs,NBA Finals,2026_nyk_sas_api_20261005,0042500405,5,2026-06-13,1610612759,SAS,1642844,Dylan Harper,1610612752,NYK,1628969,Mikal Bridges,104,9.7,12.5,15.5,18.9,5,12,1,0,0,1,2,3,66.7,1,1,100.0,0,0,0,0,0,0,0,nba_boxscorematchupsv3
1,2025-26,Playoffs,NBA Finals,2026_nyk_sas_api_20261005,0042500405,5,2026-06-13,1610612759,SAS,1642844,Dylan Harper,1610612752,NYK,1628973,Jalen Brunson,76,9.7,8.799999999999999,11.4,12.5,7,12,4,0,0,0,3,4,75.0,1,1,100.0,0,0,0,0,0,0,0,nba_boxscorematchupsv3
1,2025-26,Playoffs,NBA Finals,2026_nyk_sas_api_20261005,0042500405,5,2026-06-13,1610612759,SAS,1642844,Dylan Harper,1610612752,NYK,203903,Jordan Clarkson,3,0.3,2.7,0.4,4.6,0,0,0,0,0,0,0,0,0.0,0,0,0.0,0,0,0,0,0,0,0,nba_boxscorematchupsv3
1,2025-26,Playoffs,NBA Finals,2026_nyk_sas_api_20261005,0042500405,5,2026-06-13,1610612759,SAS,1642844,Dylan Harper,1610612752,NYK,1628404,Josh Hart,131,9.2,15.1,19.5,22.8,2,2,0,0,0,0,1,4,25.0,0,0,0.0,0,0,0,0,0,0,0,nba_boxscorematchupsv3
1,2025-26,Playoffs,NBA Finals,2026_nyk_sas_api_20261005,0042500405,5,2026-06-13,1610612759,SAS,1642844,Dylan Harper,1610612752,NYK,1630540,Miles McBride,163,12.6,55.800000000000004,24.4,68.60000000000001,4,15,0,0,0,0,2,4,50.0,0,2,0.0,0,0,0,0,0,0,0,nba_boxscorematchupsv3
1,2025-26,Playoffs,NBA Finals,2026_nyk_sas_api_20261005,0042500405,5,2026-06-13,1610612759,SAS,1642844,Dylan Harper,1610612752,NYK,1629011,Mitchell Robinson,14,1.8,3.3000000000000003,2.1,5.0,0,0,0,0,0,0,0,2,0.0,0,0,0.0,0,0,0,0,0,0,0,nba_boxscorematchupsv3
1,2025-26,Playoffs,NBA Finals,2026_nyk_sas_api_20261005,0042500405,5,2026-06-13,1610612759,SAS,1642844,Dylan Harper,1610612752,NYK,1629013,Landry Shamet,30,4.5,11.200000000000001,4.5,19.2,2,5,0,0,0,0,1,1,100.0,0,0,0.0,0,0,0,0,0,0,0,nba_boxscorematchupsv3
1,2025-26,Playoffs,NBA Finals,2026_nyk_sas_api_20261005,0042500405,5,2026-06-13,1610612759,SAS,1642844,Dylan Harper,1610612752,NYK,1626157,Karl-Anthony Towns,19,2.3,3.6999999999999997,2.9000000000000004,6.3,2,2,0,0,0,0,1,1,100.0,0,0,0.0,0,0,0,0,0,0,0,nba_boxscorematchupsv3
1,2025-26,Playoffs,NBA Finals,2026_nyk_sas_api_20261005,0042500405,5,2026-06-13,1610612759,SAS,1629640,Keldon Johnson,1610612752,NYK,1628384,OG Anunoby,30,2.9,4.1000000000000005,9.700000000000001,26.900000000000002,0,2,0,0,0,0,0,1,0.0,0,0,0.0,0,0,0,0,0,0,0,nba_boxscorematchupsv3
1,2025-26,Playoffs,NBA Finals,2026_nyk_sas_api_20261005,0042500405,5,2026-06-13,1610612759,SAS,1629640,Keldon Johnson,1610612752,NYK,1628969,Mikal Bridges,83,6.0,10.0,27.400000000000002,37.9,3,6,0,0,0,0,1,1,100.0,1,1,100.0,0,0,0,0,0,0,0,nba_boxscorematchupsv3
1,2025-26,Playoffs,NBA Finals,2026_nyk_sas_api_20261005,0042500405,5,2026-06-13,1610612759,SAS,1629640,Keldon Johnson,1610612752,NYK,1628973,Jalen Brunson,31,2.7,3.5000000000000004,10.100000000000001,12.9,0,6,0,0,0,0,0,0,0.0,0,0,0.0,0,0,0,0,0,0,0,nba_boxscorematchupsv3
1,2025-26,Playoffs,NBA Finals,2026_nyk_sas_api_20261005,0042500405,5,2026-06-13,1610612759,SAS,1629640,Keldon Johnson,1610612752,NYK,203903,Jordan Clarkson,7,0.4,6.6000000000000005,2.1999999999999997,10.9,0,0,0,0,0,0,0,0,0.0,0,0,0.0,0,0,0,0,0,0,0,nba_boxscorematchupsv3
1,2025-26,Playoffs,NBA Finals,2026_nyk_sas_api_20261005,0042500405,5,2026-06-13,1610612759,SAS,1629640,Keldon Johnson,1610612752,NYK,1628404,Josh Hart,36,5.4,4.1000000000000005,11.700000000000001,14.299999999999999,0,6,0,0,0,0,0,1,0.0,0,0,0.0,0,0,0,0,0,0,0,nba_boxscorematchupsv3
1,2025-26,Playoffs,NBA Finals,2026_nyk_sas_api_20261005,0042500405,5,2026-06-13,1610612759,SAS,1629640,Keldon Johnson,1610612752,NYK,1630574,Ariel Hukporti,5,0.3,13.200000000000001,1.5,33.800000000000004,0,0,0,0,0,0,0,0,0.0,0,0,0.0,0,0,0,0,0,0,0,nba_boxscorematchupsv3
1,2025-26,Playoffs,NBA Finals,2026_nyk_sas_api_20261005,0042500405,5,2026-06-13,1610612759,SAS,1629640,Keldon Johnson,1610612752,NYK,1630540,Miles McBride,2,0.5,0.8,0.8,2.4,0,2,0,0,0,0,0,0,0.0,0,0,0.0,0,0,0,0,0,0,0,nba_boxscorematchupsv3
1,2025-26,Playoffs,NBA Finals,2026_nyk_sas_api_20261005,0042500405,5,2026-06-13,1610612759,SAS,1629640,Keldon Johnson,1610612752,NYK,1629013,Landry Shamet,75,6.8,27.500000000000004,24.5,47.5,0,10,0,0,0,0,0,0,0.0,0,0,0.0,0,0,0,0,0,0,0,nba_boxscorematchupsv3
1,2025-26,Playoffs,NBA Finals,2026_nyk_sas_api_20261005,0042500405,5,2026-06-13,1610612759,SAS,1629640,Keldon Johnson,1610612752,NYK,1626157,Karl-Anthony Towns,28,3.0,5.3,9.1,19.900000000000002,0,3,0,0,0,0,0,2,0.0,0,1,0.0,0,0,0,0,0,0,0,nba_boxscorematchupsv3
1,2025-26,Playoffs,NBA Finals,2026_nyk_sas_api_20261005,0042500405,5,2026-06-13,1610612759,SAS,1628436,Luke Kornet,1610612752,NYK,1628384,OG Anunoby,26,2.4,3.5999999999999996,8.799999999999999,13.900000000000002,0,4,0,0,0,0,0,0,0.0,0,0,0.0,0,0,0,0,0,0,0,nba_boxscorematchupsv3
1,2025-26,Playoffs,NBA Finals,2026_nyk_sas_api_20261005,0042500405,5,2026-06-13,1610612759,SAS,1628436,Luke Kornet,1610612752,NYK,1628969,Mikal Bridges,38,3.8,4.6,12.8,17.9,0,2,0,0,0,0,0,0,0.0,0,0,0.0,0,0,0,0,0,0,0,nba_boxscorematchupsv3
1,2025-26,Playoffs,NBA Finals,2026_nyk_sas_api_20261005,0042500405,5,2026-06-13,1610612759,SAS,1628436,Luke Kornet,1610612752,NYK,1628973,Jalen Brunson,10,1.4,1.2,3.5000000000000004,3.5000000000000004,0,0,0,0,0,0,0,0,0.0,0,0,0.0,0,0,0,0,0,0,0,nba_boxscorematchupsv3
1,2025-26,Playoffs,NBA Finals,2026_nyk_sas_api_20261005,0042500405,5,2026-06-13,1610612759,SAS,1628436,Luke Kornet,1610612752,NYK,203903,Jordan Clarkson,3,0.2,2.7,0.8999999999999999,9.3,0,0,0,0,0,0,0,0,0.0,0,0,0.0,0,0,0,0,0,0,0,nba_boxscorematchupsv3
1,2025-26,Playoffs,NBA Finals,2026_nyk_sas_api_20261005,0042500405,5,2026-06-13,1610612759,SAS,1628436,Luke Kornet,1610612752,NYK,1628404,Josh Hart,24,2.0,2.8000000000000003,8.200000000000001,9.5,0,2,0,0,0,0,0,1,0.0,0,0,0.0,0,0,0,0,0,0,0,nba_boxscorematchupsv3
1,2025-26,Playoffs,NBA Finals,2026_nyk_sas_api_20261005,0042500405,5,2026-06-13,1610612759,SAS,1628436,Luke Kornet,1610612752,NYK,1630574,Ariel Hukporti,16,1.6,46.2,5.4,72.8,0,3,0,0,0,0,0,0,0.0,0,0,0.0,0,0,0,0,0,0,0,nba_boxscorematchupsv3
1,2025-26,Playoffs,NBA Finals,2026_nyk_sas_api_20261005,0042500405,5,2026-06-13,1610612759,SAS,1628436,Luke Kornet,1610612752,NYK,1630540,Miles McBride,1,0.1,0.5,0.5,1.9,0,0,0,0,0,0,0,0,0.0,0,0,0.0,0,0,0,0,0,0,0,nba_boxscorematchupsv3
1,2025-26,Playoffs,NBA Finals,2026_nyk_sas_api_20261005,0042500405,5,2026-06-13,1610612759,SAS,1628436,Luke Kornet,1610612752,NYK,1629011,Mitchell Robinson,133,9.6,31.7,44.800000000000004,88.5,0,5,0,0,0,0,0,0,0.0,0,0,0.0,0,0,0,0,0,0,0,nba_boxscorematchupsv3
1,2025-26,Playoffs,NBA Finals,2026_nyk_sas_api_20261005,0042500405,5,2026-06-13,1610612759,SAS,1628436,Luke Kornet,1610612752,NYK,1629013,Landry Shamet,3,0.3,1.3,1.2,3.6999999999999997,0,0,0,0,0,0,0,0,0.0,0,0,0.0,0,0,0,0,0,0,0,nba_boxscorematchupsv3
1,2025-26,Playoffs,NBA Finals,2026_nyk_sas_api_20261005,0042500405,5,2026-06-13,1610612759,SAS,1628436,Luke Kornet,1610612752,NYK,1626157,Karl-Anthony Towns,70,5.9,13.5,23.599999999999998,74.7,0,6,0,0,1,0,0,0,0.0,0,0,0.0,0,0,0,0,0,0,0,nba_boxscorematchupsv3
1,2025-26,Playoffs,NBA Finals,2026_nyk_sas_api_20261005,0042500405,5,2026-06-13,1610612759,SAS,1642868,Carter Bryant,1610612752,NYK,1630631,Jose Alvarado,3,0.2,1.3,2.1,3.5000000000000004,0,0,0,0,0,0,0,0,0.0,0,0,0.0,0,0,0,0,0,0,0,nba_boxscorematchupsv3
1,2025-26,Playoffs,NBA Finals,2026_nyk_sas_api_20261005,0042500405,5,2026-06-13,1610612759,SAS,1642868,Carter Bryant,1610612752,NYK,1628384,OG Anunoby,51,3.7,7.1,32.800000000000004,68.2,0,2,0,0,0,0,0,0,0.0,0,0,0.0,0,0,0,0,0,0,0,nba_boxscorematchupsv3
1,2025-26,Playoffs,NBA Finals,2026_nyk_sas_api_20261005,0042500405,5,2026-06-13,1610612759,SAS,1642868,Carter Bryant,1610612752,NYK,1628969,Mikal Bridges,22,1.1,2.6,13.900000000000002,20.5,0,0,0,0,0,0,0,0,0.0,0,0,0.0,0,0,0,0,0,0,0,nba_boxscorematchupsv3
1,2025-26,Playoffs,NBA Finals,2026_nyk_sas_api_20261005,0042500405,5,2026-06-13,1610612759,SAS,1642868,Carter Bryant,1610612752,NYK,1628973,Jalen Brunson,48,4.8,5.5,30.4,77.0,0,5,0,0,0,0,0,0,0.0,0,0,0.0,0,0,0,0,0,0,0,nba_boxscorematchupsv3
1,2025-26,Playoffs,NBA Finals,2026_nyk_sas_api_20261005,0042500405,5,2026-06-13,1610612759,SAS,1642868,Carter Bryant,1610612752,NYK,1628404,Josh Hart,9,0.8,1.0999999999999999,5.8999999999999995,11.3,0,0,0,0,1,0,0,0,0.0,0,0,0.0,0,0,0,0,0,0,0,nba_boxscorematchupsv3
1,2025-26,Playoffs,NBA Finals,2026_nyk_sas_api_20261005,0042500405,5,2026-06-13,1610612759,SAS,1642868,Carter Bryant,1610612752,NYK,1630540,Miles McBride,3,0.3,1.0999999999999999,2.1,2.1,0,0,0,0,0,0,0,0,0.0,0,0,0.0,0,0,0,0,0,0,0,nba_boxscorematchupsv3
1,2025-26,Playoffs,NBA Finals,2026_nyk_sas_api_20261005,0042500405,5,2026-06-13,1610612759,SAS,1642868,Carter Bryant,1610612752,NYK,1629013,Landry Shamet,6,0.3,2.1999999999999997,3.8,11.799999999999999,0,0,0,0,0,0,0,0,0.0,0,0,0.0,0,0,0,0,0,0,0,nba_boxscorematchupsv3
1,2025-26,Playoffs,NBA Finals,2026_nyk_sas_api_20261005,0042500405,5,2026-06-13,1610612759,SAS,1642868,Carter Bryant,1610612752,NYK,1626157,Karl-Anthony Towns,8,0.5,1.6,5.3,5.3,0,3,0,0,0,0,0,0,0.0,0,0,0.0,0,0,0,0,0,0,0,nba_boxscorematchupsv3
1,2025-26,Playoffs,NBA Finals,2026_nyk_sas_api_20261005,0042500405,5,2026-06-13,1610612752,NYK,1628404,Josh Hart,1610612759,SAS,1642264,Stephon Castle,110,8.2,13.200000000000001,10.9,15.6,3,8,0,0,0,0,1,1,100.0,1,1,100.0,0,0,0,0,0,0,0,nba_boxscorematchupsv3
1,2025-26,Playoffs,NBA Finals,2026_nyk_sas_api_20261005,0042500405,5,2026-06-13,1610612752,NYK,1628404,Josh Hart,1610612759,SAS,1630577,Julian Champagnie,194,12.9,25.8,19.3,35.099999999999994,0,10,0,0,0,0,0,0,0.0,0,0,0.0,0,0,0,0,0,0,0,nba_boxscorematchupsv3
1,2025-26,Playoffs,NBA Finals,2026_nyk_sas_api_20261005,0042500405,5,2026-06-13,1610612752,NYK,1628404,Josh Hart,1610612759,SAS,1628368,De'Aaron Fox,191,13.3,19.7,19.0,24.3,3,22,0,0,0,0,1,5,20.0,0,2,0.0,1,1,0,0,0,0,0,nba_boxscorematchupsv3
1,2025-26,Playoffs,NBA Finals,2026_nyk_sas_api_20261005,0042500405,5,2026-06-13,1610612752,NYK,1628404,Josh Hart,1610612759,SAS,1642844,Dylan Harper,102,8.0,12.2,10.100000000000001,15.9,3,16,0,0,0,0,1,2,50.0,1,1,100.0,0,0,0,0,0,0,0,nba_boxscorematchupsv3
1,2025-26,Playoffs,NBA Finals,2026_nyk_sas_api_20261005,0042500405,5,2026-06-13,1610612752,NYK,1628404,Josh Hart,1610612759,SAS,1629640,Keldon Johnson,117,8.6,24.5,11.600000000000001,33.4,0,8,0,0,0,0,0,0,0.0,0,0,0.0,0,0,0,0,0,0,0,nba_boxscorematchupsv3
1,2025-26,Playoffs,NBA Finals,2026_nyk_sas_api_20261005,0042500405,5,2026-06-13,1610612752,NYK,1628404,Josh Hart,1610612759,SAS,1628436,Luke Kornet,88,6.7,27.700000000000003,8.7,35.6,3,6,1,0,1,0,1,2,50.0,1,2,50.0,0,0,0,0,0,0,0,nba_boxscorematchupsv3
1,2025-26,Playoffs,NBA Finals,2026_nyk_sas_api_20261005,0042500405,5,2026-06-13,1610612752,NYK,1628404,Josh Hart,1610612759,SAS,1630170,Devin Vassell,110,7.0,10.7,11.0,12.1,0,14,0,0,0,0,0,1,0.0,0,0,0.0,0,0,0,0,0,0,0,nba_boxscorematchupsv3
1,2025-26,Playoffs,NBA Finals,2026_nyk_sas_api_20261005,0042500405,5,2026-06-13,1610612752,NYK,1628404,Josh Hart,1610612759,SAS,1641705,Victor Wembanyama,65,4.3,6.800000000000001,6.4,8.5,0,3,1,0,0,0,0,0,0.0,0,0,0.0,0,0,0,0,0,0,0,nba_boxscorematchupsv3
1,2025-26,Playoffs,NBA Finals,2026_nyk_sas_api_20261005,0042500405,5,2026-06-13,1610612752,NYK,1628384,OG Anunoby,1610612759,SAS,1642868,Carter Bryant,1,0.1,1.0,0.2,2.5,0,0,0,0,0,0,0,0,0.0,0,0,0.0,0,0,0,0,0,0,0,nba_boxscorematchupsv3
1,2025-26,Playoffs,NBA Finals,2026_nyk_sas_api_20261005,0042500405,5,2026-06-13,1610612752,NYK,1628384,OG Anunoby,1610612759,SAS,1642264,Stephon Castle,80,7.9,9.6,9.5,12.9,2,7,0,0,0,0,1,1,100.0,0,0,0.0,0,0,0,0,0,0,0,nba_boxscorematchupsv3
1,2025-26,Playoffs,NBA Finals,2026_nyk_sas_api_20261005,0042500405,5,2026-06-13,1610612752,NYK,1628384,OG Anunoby,1610612759,SAS,1630577,Julian Champagnie,57,4.3,7.5,6.7,8.7,0,4,0,0,0,0,0,2,0.0,0,0,0.0,0,0,0,0,0,0,0,nba_boxscorematchupsv3
1,2025-26,Playoffs,NBA Finals,2026_nyk_sas_api_20261005,0042500405,5,2026-06-13,1610612752,NYK,1628384,OG Anunoby,1610612759,SAS,1628368,De'Aaron Fox,104,8.1,10.7,12.2,16.3,0,5,0,0,0,0,0,1,0.0,0,1,0.0,0,0,0,0,0,0,0,nba_boxscorematchupsv3
1,2025-26,Playoffs,NBA Finals,2026_nyk_sas_api_20261005,0042500405,5,2026-06-13,1610612752,NYK,1628384,OG Anunoby,1610612759,SAS,1642844,Dylan Harper,39,4.3,4.6,4.6,7.5,0,4,0,0,0,0,0,1,0.0,0,0,0.0,0,0,0,0,0,0,0,nba_boxscorematchupsv3
1,2025-26,Playoffs,NBA Finals,2026_nyk_sas_api_20261005,0042500405,5,2026-06-13,1610612752,NYK,1628384,OG Anunoby,1610612759,SAS,1629640,Keldon Johnson,123,6.4,25.900000000000002,14.499999999999998,57.699999999999996,0,2,0,0,0,0,0,2,0.0,0,2,0.0,0,0,0,0,0,0,0,nba_boxscorematchupsv3
1,2025-26,Playoffs,NBA Finals,2026_nyk_sas_api_20261005,0042500405,5,2026-06-13,1610612752,NYK,1628384,OG Anunoby,1610612759,SAS,1628436,Luke Kornet,15,2.4,4.9,1.7999999999999998,8.3,0,2,0,0,0,0,0,0,0.0,0,0,0.0,0,0,0,0,0,0,0,nba_boxscorematchupsv3
1,2025-26,Playoffs,NBA Finals,2026_nyk_sas_api_20261005,0042500405,5,2026-06-13,1610612752,NYK,1628384,OG Anunoby,1610612759,SAS,1630170,Devin Vassell,294,17.9,28.499999999999996,34.8,43.1,0,17,0,0,0,1,0,2,0.0,0,1,0.0,0,0,0,0,0,0,0,nba_boxscorematchupsv3
1,2025-26,Playoffs,NBA Finals,2026_nyk_sas_api_20261005,0042500405,5,2026-06-13,1610612752,NYK,1628384,OG Anunoby,1610612759,SAS,1641705,Victor Wembanyama,121,8.0,12.7,14.2,18.099999999999998,5,7,0,0,1,1,2,3,66.7,1,1,100.0,0,0,0,0,0,0,0,nba_boxscorematchupsv3
1,2025-26,Playoffs,NBA Finals,2026_nyk_sas_api_20261005,0042500405,5,2026-06-13,1610612752,NYK,1626157,Karl-Anthony Towns,1610612759,SAS,1642868,Carter Bryant,18,1.2,13.0,3.1,13.0,0,3,0,0,0,0,0,0,0.0,0,0,0.0,0,0,0,0,0,0,0,nba_boxscorematchupsv3
1,2025-26,Playoffs,NBA Finals,2026_nyk_sas_api_20261005,0042500405,5,2026-06-13,1610612752,NYK,1626157,Karl-Anthony Towns,1610612759,SAS,1642264,Stephon Castle,73,5.1,8.7,12.5,14.899999999999999,2,11,0,0,0,0,1,2,50.0,0,0,0.0,0,0,0,0,0,0,0,nba_boxscorematchupsv3
1,2025-26,Playoffs,NBA Finals,2026_nyk_sas_api_20261005,0042500405,5,2026-06-13,1610612752,NYK,1626157,Karl-Anthony Towns,1610612759,SAS,1630577,Julian Champagnie,40,2.5,5.3,6.9,13.600000000000001,0,3,0,0,0,0,0,0,0.0,0,0,0.0,0,0,0,0,0,0,0,nba_boxscorematchupsv3
1,2025-26,Playoffs,NBA Finals,2026_nyk_sas_api_20261005,0042500405,5,2026-06-13,1610612752,NYK,1626157,Karl-Anthony Towns,1610612759,SAS,1628368,De'Aaron Fox,26,1.6,2.6,4.3999999999999995,6.9,0,0,0,0,0,0,0,0,0.0,0,0,0.0,0,0,0,0,0,0,0,nba_boxscorematchupsv3
1,2025-26,Playoffs,NBA Finals,2026_nyk_sas_api_20261005,0042500405,5,2026-06-13,1610612752,NYK,1626157,Karl-Anthony Towns,1610612759,SAS,1642844,Dylan Harper,65,4.4,7.8,11.1,19.5,0,5,1,0,0,0,0,3,0.0,0,2,0.0,0,0,0,0,0,0,0,nba_boxscorematchupsv3
1,2025-26,Playoffs,NBA Finals,2026_nyk_sas_api_20261005,0042500405,5,2026-06-13,1610612752,NYK,1626157,Karl-Anthony Towns,1610612759,SAS,1629640,Keldon Johnson,59,2.8,12.4,10.100000000000001,29.299999999999997,0,0,0,0,0,0,0,0,0.0,0,0,0.0,0,0,0,0,0,0,0,nba_boxscorematchupsv3
1,2025-26,Playoffs,NBA Finals,2026_nyk_sas_api_20261005,0042500405,5,2026-06-13,1610612752,NYK,1626157,Karl-Anthony Towns,1610612759,SAS,1628436,Luke Kornet,14,0.9,4.6,2.5,12.9,0,0,0,0,0,0,0,0,0.0,0,0,0.0,0,0,0,0,0,0,0,nba_boxscorematchupsv3
1,2025-26,Playoffs,NBA Finals,2026_nyk_sas_api_20261005,0042500405,5,2026-06-13,1610612752,NYK,1626157,Karl-Anthony Towns,1610612759,SAS,1630170,Devin Vassell,124,7.0,12.0,21.3,24.8,0,3,0,0,1,0,0,1,0.0,0,0,0.0,0,0,0,0,0,0,0,nba_boxscorematchupsv3
1,2025-26,Playoffs,NBA Finals,2026_nyk_sas_api_20261005,0042500405,5,2026-06-13,1610612752,NYK,1626157,Karl-Anthony Towns,1610612759,SAS,1641705,Victor Wembanyama,185,13.0,19.5,31.8,39.300000000000004,2,15,0,0,3,2,1,3,33.300000000000004,0,0,0.0,0,0,0,0,0,0,0,nba_boxscorematchupsv3
1,2025-26,Playoffs,NBA Finals,2026_nyk_sas_api_20261005,0042500405,5,2026-06-13,1610612752,NYK,1628969,Mikal Bridges,1610612759,SAS,1642868,Carter Bryant,27,1.6,19.2,2.6,25.0,0,0,0,0,0,0,0,0,0.0,0,0,0.0,0,0,0,0,0,0,0,nba_boxscorematchupsv3
1,2025-26,Playoffs,NBA Finals,2026_nyk_sas_api_20261005,0042500405,5,2026-06-13,1610612752,NYK,1628969,Mikal Bridges,1610612759,SAS,1642264,Stephon Castle,161,8.7,19.400000000000002,15.8,22.3,0,5,2,0,0,0,0,0,0.0,0,0,0.0,0,0,0,0,0,0,0,nba_boxscorematchupsv3
1,2025-26,Playoffs,NBA Finals,2026_nyk_sas_api_20261005,0042500405,5,2026-06-13,1610612752,NYK,1628969,Mikal Bridges,1610612759,SAS,1630577,Julian Champagnie,69,6.6,9.2,6.800000000000001,12.9,2,13,1,0,0,0,1,1,100.0,0,0,0.0,0,0,0,0,0,0,0,nba_boxscorematchupsv3
1,2025-26,Playoffs,NBA Finals,2026_nyk_sas_api_20261005,0042500405,5,2026-06-13,1610612752,NYK,1628969,Mikal Bridges,1610612759,SAS,1628368,De'Aaron Fox,203,10.2,21.0,19.900000000000002,27.500000000000004,8,12,0,0,0,0,3,4,75.0,2,3,66.7,0,0,0,0,0,0,0,nba_boxscorematchupsv3
1,2025-26,Playoffs,NBA Finals,2026_nyk_sas_api_20261005,0042500405,5,2026-06-13,1610612752,NYK,1628969,Mikal Bridges,1610612759,SAS,1642844,Dylan Harper,164,11.0,19.7,16.0,24.8,1,14,0,0,0,0,0,1,0.0,0,1,0.0,1,2,0,0,0,0,0,nba_boxscorematchupsv3
1,2025-26,Playoffs,NBA Finals,2026_nyk_sas_api_20261005,0042500405,5,2026-06-13,1610612752,NYK,1628969,Mikal Bridges,1610612759,SAS,1629640,Keldon Johnson,61,4.5,12.8,6.0,16.1,0,9,1,0,0,0,0,0,0.0,0,0,0.0,0,0,0,0,0,0,0,nba_boxscorematchupsv3
1,2025-26,Playoffs,NBA Finals,2026_nyk_sas_api_20261005,0042500405,5,2026-06-13,1610612752,NYK,1628969,Mikal Bridges,1610612759,SAS,1628436,Luke Kornet,21,2.3,6.5,2.0,9.5,3,3,1,0,0,0,1,2,50.0,1,2,50.0,0,0,0,0,0,0,0,nba_boxscorematchupsv3
1,2025-26,Playoffs,NBA Finals,2026_nyk_sas_api_20261005,0042500405,5,2026-06-13,1610612752,NYK,1628969,Mikal Bridges,1610612759,SAS,1630170,Devin Vassell,186,16.0,18.0,18.3,19.900000000000002,0,21,1,0,0,0,0,1,0.0,0,1,0.0,0,0,0,0,0,0,0,nba_boxscorematchupsv3
1,2025-26,Playoffs,NBA Finals,2026_nyk_sas_api_20261005,0042500405,5,2026-06-13,1610612752,NYK,1628969,Mikal Bridges,1610612759,SAS,1641705,Victor Wembanyama,72,3.6,7.6,7.1,8.9,0,0,0,0,0,0,0,1,0.0,0,0,0.0,0,0,0,0,0,0,0,nba_boxscorematchupsv3
1,2025-26,Playoffs,NBA Finals,2026_nyk_sas_api_20261005,0042500405,5,2026-06-13,1610612752,NYK,1628973,Jalen Brunson,1610612759,SAS,1642868,Carter Bryant,14,2.1,9.8,1.3,22.8,0,0,0,0,0,0,0,0,0.0,0,0,0.0,0,0,0,0,0,0,0,nba_boxscorematchupsv3
1,2025-26,Playoffs,NBA Finals,2026_nyk_sas_api_20261005,0042500405,5,2026-06-13,1610612752,NYK,1628973,Jalen Brunson,1610612759,SAS,1642264,Stephon Castle,298,20.7,35.699999999999996,27.400000000000002,45.2,8,22,1,0,1,0,3,4,75.0,0,0,0.0,2,3,1,0,0,0,0,nba_boxscorematchupsv3
1,2025-26,Playoffs,NBA Finals,2026_nyk_sas_api_20261005,0042500405,5,2026-06-13,1610612752,NYK,1628973,Jalen Brunson,1610612759,SAS,1630577,Julian Champagnie,112,9.7,14.899999999999999,10.299999999999999,16.6,7,10,0,0,1,0,2,4,50.0,1,2,50.0,2,2,1,0,0,0,0,nba_boxscorematchupsv3
1,2025-26,Playoffs,NBA Finals,2026_nyk_sas_api_20261005,0042500405,5,2026-06-13,1610612752,NYK,1628973,Jalen Brunson,1610612759,SAS,1628368,De'Aaron Fox,117,8.5,12.0,10.8,13.700000000000001,4,6,1,0,0,0,2,3,66.7,0,0,0.0,0,0,0,0,0,0,0,nba_boxscorematchupsv3
1,2025-26,Playoffs,NBA Finals,2026_nyk_sas_api_20261005,0042500405,5,2026-06-13,1610612752,NYK,1628973,Jalen Brunson,1610612759,SAS,1642844,Dylan Harper,286,16.0,34.4,26.400000000000002,37.2,7,11,0,0,0,0,1,5,20.0,0,1,0.0,5,5,1,0,0,0,0,nba_boxscorematchupsv3
1,2025-26,Playoffs,NBA Finals,2026_nyk_sas_api_20261005,0042500405,5,2026-06-13,1610612752,NYK,1628973,Jalen Brunson,1610612759,SAS,1629640,Keldon Johnson,47,2.0,9.8,4.3,12.1,5,5,0,0,1,0,2,4,50.0,1,1,100.0,0,0,0,0,0,0,0,nba_boxscorematchupsv3
1,2025-26,Playoffs,NBA Finals,2026_nyk_sas_api_20261005,0042500405,5,2026-06-13,1610612752,NYK,1628973,Jalen Brunson,1610612759,SAS,1628436,Luke Kornet,31,2.6,9.9,2.9000000000000004,10.100000000000001,2,2,0,0,0,0,1,2,50.0,0,0,0.0,0,0,0,0,0,0,0,nba_boxscorematchupsv3
1,2025-26,Playoffs,NBA Finals,2026_nyk_sas_api_20261005,0042500405,5,2026-06-13,1610612752,NYK,1628973,Jalen Brunson,1610612759,SAS,1630170,Devin Vassell,146,10.5,14.2,13.5,15.6,5,17,1,0,0,0,1,4,25.0,0,0,0.0,3,3,1,0,0,0,0,nba_boxscorematchupsv3
1,2025-26,Playoffs,NBA Finals,2026_nyk_sas_api_20261005,0042500405,5,2026-06-13,1610612752,NYK,1628973,Jalen Brunson,1610612759,SAS,1641705,Victor Wembanyama,61,4.4,6.5,5.6000000000000005,7.9,5,11,1,0,0,0,2,5,40.0,1,2,50.0,0,0,0,0,0,0,0,nba_boxscorematchupsv3
1,2025-26,Playoffs,NBA Finals,2026_nyk_sas_api_20261005,0042500405,5,2026-06-13,1610612752,NYK,1629013,Landry Shamet,1610612759,SAS,1642868,Carter Bryant,13,1.0,9.6,3.6999999999999997,41.3,0,0,0,0,0,0,0,0,0.0,0,0,0.0,0,0,0,0,0,0,0,nba_boxscorematchupsv3
1,2025-26,Playoffs,NBA Finals,2026_nyk_sas_api_20261005,0042500405,5,2026-06-13,1610612752,NYK,1629013,Landry Shamet,1610612759,SAS,1642264,Stephon Castle,36,2.1,4.3,10.100000000000001,21.6,0,3,0,0,0,0,0,0,0.0,0,0,0.0,0,0,0,0,0,0,0,nba_boxscorematchupsv3
1,2025-26,Playoffs,NBA Finals,2026_nyk_sas_api_20261005,0042500405,5,2026-06-13,1610612752,NYK,1629013,Landry Shamet,1610612759,SAS,1630577,Julian Champagnie,124,7.3,16.5,34.8,62.4,2,4,0,0,0,0,1,2,50.0,0,1,0.0,0,0,0,0,0,0,0,nba_boxscorematchupsv3
1,2025-26,Playoffs,NBA Finals,2026_nyk_sas_api_20261005,0042500405,5,2026-06-13,1610612752,NYK,1629013,Landry Shamet,1610612759,SAS,1628368,De'Aaron Fox,22,2.5,2.1999999999999997,6.1,7.6,0,3,0,0,0,0,0,0,0.0,0,0,0.0,0,0,0,0,0,0,0,nba_boxscorematchupsv3
1,2025-26,Playoffs,NBA Finals,2026_nyk_sas_api_20261005,0042500405,5,2026-06-13,1610612752,NYK,1629013,Landry Shamet,1610612759,SAS,1642844,Dylan Harper,27,2.0,3.3000000000000003,7.6,10.100000000000001,0,0,0,0,0,0,0,0,0.0,0,0,0.0,0,0,0,0,0,0,0,nba_boxscorematchupsv3
1,2025-26,Playoffs,NBA Finals,2026_nyk_sas_api_20261005,0042500405,5,2026-06-13,1610612752,NYK,1629013,Landry Shamet,1610612759,SAS,1629640,Keldon Johnson,21,2.0,4.3999999999999995,5.8999999999999995,9.8,3,3,0,0,0,0,1,2,50.0,1,2,50.0,0,0,0,0,0,0,0,nba_boxscorematchupsv3
1,2025-26,Playoffs,NBA Finals,2026_nyk_sas_api_20261005,0042500405,5,2026-06-13,1610612752,NYK,1629013,Landry Shamet,1610612759,SAS,1628436,Luke Kornet,16,0.7,5.0,4.3999999999999995,10.100000000000001,0,0,0,0,0,0,0,0,0.0,0,0,0.0,0,0,0,0,0,0,0,nba_boxscorematchupsv3
1,2025-26,Playoffs,NBA Finals,2026_nyk_sas_api_20261005,0042500405,5,2026-06-13,1610612752,NYK,1629013,Landry Shamet,1610612759,SAS,1630170,Devin Vassell,69,3.8,6.6000000000000005,19.2,27.0,0,1,0,0,0,0,0,2,0.0,0,1,0.0,0,0,0,0,0,0,0,nba_boxscorematchupsv3
1,2025-26,Playoffs,NBA Finals,2026_nyk_sas_api_20261005,0042500405,5,2026-06-13,1610612752,NYK,1629013,Landry Shamet,1610612759,SAS,1641705,Victor Wembanyama,20,1.2,2.1,5.6000000000000005,9.8,0,0,0,0,0,1,0,1,0.0,0,0,0.0,0,0,0,0,0,0,0,nba_boxscorematchupsv3
1,2025-26,Playoffs,NBA Finals,2026_nyk_sas_api_20261005,0042500405,5,2026-06-13,1610612752,NYK,1630631,Jose Alvarado,1610612759,SAS,1642868,Carter Bryant,31,1.9,22.400000000000002,10.299999999999999,39.300000000000004,0,0,0,0,0,0,0,1,0.0,0,0,0.0,0,0,0,0,0,0,0,nba_boxscorematchupsv3
1,2025-26,Playoffs,NBA Finals,2026_nyk_sas_api_20261005,0042500405,5,2026-06-13,1610612752,NYK,1630631,Jose Alvarado,1610612759,SAS,1642264,Stephon Castle,3,0.2,0.4,1.0,1.4000000000000001,0,0,0,0,0,0,0,0,0.0,0,0,0.0,0,0,0,0,0,0,0,nba_boxscorematchupsv3
1,2025-26,Playoffs,NBA Finals,2026_nyk_sas_api_20261005,0042500405,5,2026-06-13,1610612752,NYK,1630631,Jose Alvarado,1610612759,SAS,1630577,Julian Champagnie,23,1.2,3.1,7.7,12.5,0,0,0,0,0,0,0,0,0.0,0,0,0.0,0,0,0,0,0,0,0,nba_boxscorematchupsv3
1,2025-26,Playoffs,NBA Finals,2026_nyk_sas_api_20261005,0042500405,5,2026-06-13,1610612752,NYK,1630631,Jose Alvarado,1610612759,SAS,1628368,De'Aaron Fox,159,10.4,16.400000000000002,52.400000000000006,64.3,0,11,0,0,0,0,0,3,0.0,0,1,0.0,0,0,0,0,0,0,0,nba_boxscorematchupsv3
1,2025-26,Playoffs,NBA Finals,2026_nyk_sas_api_20261005,0042500405,5,2026-06-13,1610612752,NYK,1630631,Jose Alvarado,1610612759,SAS,1642844,Dylan Harper,28,1.5,3.4000000000000004,9.3,19.0,0,2,0,0,0,0,0,0,0.0,0,0,0.0,0,0,0,0,0,0,0,nba_boxscorematchupsv3
1,2025-26,Playoffs,NBA Finals,2026_nyk_sas_api_20261005,0042500405,5,2026-06-13,1610612752,NYK,1630631,Jose Alvarado,1610612759,SAS,1629640,Keldon Johnson,14,0.4,2.9000000000000004,4.5,7.3999999999999995,0,0,0,0,0,0,0,0,0.0,0,0,0.0,0,0,0,0,0,0,0,nba_boxscorematchupsv3
1,2025-26,Playoffs,NBA Finals,2026_nyk_sas_api_20261005,0042500405,5,2026-06-13,1610612752,NYK,1630631,Jose Alvarado,1610612759,SAS,1628436,Luke Kornet,4,0.2,1.2,1.3,4.2,0,0,0,0,0,0,0,0,0.0,0,0,0.0,0,0,0,0,0,0,0,nba_boxscorematchupsv3
1,2025-26,Playoffs,NBA Finals,2026_nyk_sas_api_20261005,0042500405,5,2026-06-13,1610612752,NYK,1630631,Jose Alvarado,1610612759,SAS,1630170,Devin Vassell,10,1.3,1.0,3.3000000000000003,6.5,0,0,0,0,0,0,0,0,0.0,0,0,0.0,0,0,0,0,0,0,0,nba_boxscorematchupsv3
1,2025-26,Playoffs,NBA Finals,2026_nyk_sas_api_20261005,0042500405,5,2026-06-13,1610612752,NYK,1630631,Jose Alvarado,1610612759,SAS,1641705,Victor Wembanyama,22,1.1,2.3,7.3,10.5,0,0,0,0,0,1,0,1,0.0,0,1,0.0,0,0,0,0,0,0,0,nba_boxscorematchupsv3
1,2025-26,Playoffs,NBA Finals,2026_nyk_sas_api_20261005,0042500405,5,2026-06-13,1610612752,NYK,1629011,Mitchell Robinson,1610612759,SAS,1642264,Stephon Castle,28,3.3,3.3000000000000003,5.3,12.3,0,0,0,0,0,0,0,0,0.0,0,0,0.0,0,0,0,0,0,0,0,nba_boxscorematchupsv3
1,2025-26,Playoffs,NBA Finals,2026_nyk_sas_api_20261005,0042500405,5,2026-06-13,1610612752,NYK,1629011,Mitchell Robinson,1610612759,SAS,1630577,Julian Champagnie,20,2.1,2.6,3.8,5.800000000000001,0,4,0,0,0,0,0,0,0.0,0,0,0.0,0,0,0,0,0,0,0,nba_boxscorematchupsv3
1,2025-26,Playoffs,NBA Finals,2026_nyk_sas_api_20261005,0042500405,5,2026-06-13,1610612752,NYK,1629011,Mitchell Robinson,1610612759,SAS,1628368,De'Aaron Fox,39,2.9,4.0,7.3999999999999995,7.5,0,3,0,0,0,0,0,0,0.0,0,0,0.0,0,0,0,0,0,0,0,nba_boxscorematchupsv3
1,2025-26,Playoffs,NBA Finals,2026_nyk_sas_api_20261005,0042500405,5,2026-06-13,1610612752,NYK,1629011,Mitchell Robinson,1610612759,SAS,1642844,Dylan Harper,31,2.3,3.6999999999999997,5.800000000000001,8.6,0,2,0,0,0,0,0,0,0.0,0,0,0.0,0,0,0,0,0,0,0,nba_boxscorematchupsv3
1,2025-26,Playoffs,NBA Finals,2026_nyk_sas_api_20261005,0042500405,5,2026-06-13,1610612752,NYK,1629011,Mitchell Robinson,1610612759,SAS,1629640,Keldon Johnson,3,0.1,0.6,0.5,1.4000000000000001,0,0,0,0,0,0,0,0,0.0,0,0,0.0,0,0,0,0,0,0,0,nba_boxscorematchupsv3
1,2025-26,Playoffs,NBA Finals,2026_nyk_sas_api_20261005,0042500405,5,2026-06-13,1610612752,NYK,1629011,Mitchell Robinson,1610612759,SAS,1628436,Luke Kornet,99,6.6,31.4,18.9,70.39999999999999,0,2,1,0,0,0,0,0,0.0,0,0,0.0,0,2,1,0,0,0,0,nba_boxscorematchupsv3
1,2025-26,Playoffs,NBA Finals,2026_nyk_sas_api_20261005,0042500405,5,2026-06-13,1610612752,NYK,1629011,Mitchell Robinson,1610612759,SAS,1630170,Devin Vassell,33,2.4,3.1,6.2,7.199999999999999,2,2,1,0,0,0,1,2,50.0,0,0,0.0,0,0,0,0,0,0,0,nba_boxscorematchupsv3
1,2025-26,Playoffs,NBA Finals,2026_nyk_sas_api_20261005,0042500405,5,2026-06-13,1610612752,NYK,1629011,Mitchell Robinson,1610612759,SAS,1641705,Victor Wembanyama,340,22.7,35.8,64.60000000000001,87.2,0,30,1,0,0,0,0,0,0.0,0,0,0.0,0,0,0,0,0,0,0,nba_boxscorematchupsv3
1,2025-26,Playoffs,NBA Finals,2026_nyk_sas_api_20261005,0042500405,5,2026-06-13,1610612752,NYK,1630540,Miles McBride,1610612759,SAS,1642868,Carter Bryant,35,2.1,24.9,10.7,24.9,0,5,1,0,0,0,0,0,0.0,0,0,0.0,0,0,0,0,0,0,0,nba_boxscorematchupsv3
1,2025-26,Playoffs,NBA Finals,2026_nyk_sas_api_20261005,0042500405,5,2026-06-13,1610612752,NYK,1630540,Miles McBride,1610612759,SAS,1642264,Stephon Castle,26,1.5,3.2,8.1,14.799999999999999,0,0,0,0,0,0,0,0,0.0,0,0,0.0,0,0,0,0,0,0,0,nba_boxscorematchupsv3
1,2025-26,Playoffs,NBA Finals,2026_nyk_sas_api_20261005,0042500405,5,2026-06-13,1610612752,NYK,1630540,Miles McBride,1610612759,SAS,1630577,Julian Champagnie,26,2.2,3.4000000000000004,7.9,16.3,0,0,0,0,0,0,0,0,0.0,0,0,0.0,0,0,0,0,0,0,0,nba_boxscorematchupsv3
1,2025-26,Playoffs,NBA Finals,2026_nyk_sas_api_20261005,0042500405,5,2026-06-13,1610612752,NYK,1630540,Miles McBride,1610612759,SAS,1628368,De'Aaron Fox,89,5.1,9.2,27.500000000000004,42.6,0,8,0,0,0,0,0,1,0.0,0,1,0.0,0,0,0,0,0,0,0,nba_boxscorematchupsv3
1,2025-26,Playoffs,NBA Finals,2026_nyk_sas_api_20261005,0042500405,5,2026-06-13,1610612752,NYK,1630540,Miles McBride,1610612759,SAS,1642844,Dylan Harper,82,7.2,9.8,25.1,27.500000000000004,0,9,0,0,0,0,0,1,0.0,0,1,0.0,0,0,0,0,0,0,0,nba_boxscorematchupsv3
1,2025-26,Playoffs,NBA Finals,2026_nyk_sas_api_20261005,0042500405,5,2026-06-13,1610612752,NYK,1630540,Miles McBride,1610612759,SAS,1629640,Keldon Johnson,16,0.5,3.3000000000000003,4.8,13.4,0,0,0,0,0,0,0,0,0.0,0,0,0.0,0,0,0,0,0,0,0,nba_boxscorematchupsv3
1,2025-26,Playoffs,NBA Finals,2026_nyk_sas_api_20261005,0042500405,5,2026-06-13,1610612752,NYK,1630540,Miles McBride,1610612759,SAS,1628436,Luke Kornet,10,1.2,3.2,3.1,13.100000000000001,0,0,0,0,0,0,0,0,0.0,0,0,0.0,0,0,0,0,0,0,0,nba_boxscorematchupsv3
1,2025-26,Playoffs,NBA Finals,2026_nyk_sas_api_20261005,0042500405,5,2026-06-13,1610612752,NYK,1630540,Miles McBride,1610612759,SAS,1630170,Devin Vassell,27,2.5,2.6,8.4,13.4,0,4,0,0,0,0,0,0,0.0,0,0,0.0,0,0,0,0,0,0,0,nba_boxscorematchupsv3
1,2025-26,Playoffs,NBA Finals,2026_nyk_sas_api_20261005,0042500405,5,2026-06-13,1610612752,NYK,1630540,Miles McBride,1610612759,SAS,1641705,Victor Wembanyama,12,0.9,1.2,3.5999999999999996,4.8,0,0,0,0,0,0,0,0,0.0,0,0,0.0,0,0,0,0,0,0,0,nba_boxscorematchupsv3
1,2025-26,Playoffs,NBA Finals,2026_nyk_sas_api_20261005,0042500405,5,2026-06-13,1610612752,NYK,1630574,Ariel Hukporti,1610612759,SAS,1642264,Stephon Castle,3,0.2,0.4,5.800000000000001,6.3,0,0,0,0,0,0,0,0,0.0,0,0,0.0,0,0,0,0,0,0,0,nba_boxscorematchupsv3
1,2025-26,Playoffs,NBA Finals,2026_nyk_sas_api_20261005,0042500405,5,2026-06-13,1610612752,NYK,1630574,Ariel Hukporti,1610612759,SAS,1630577,Julian Champagnie,10,1.0,1.3,17.1,17.1,0,0,0,0,0,0,0,0,0.0,0,0,0.0,0,0,0,0,0,0,0,nba_boxscorematchupsv3
1,2025-26,Playoffs,NBA Finals,2026_nyk_sas_api_20261005,0042500405,5,2026-06-13,1610612752,NYK,1630574,Ariel Hukporti,1610612759,SAS,1628368,De'Aaron Fox,3,0.4,0.3,5.2,6.800000000000001,0,0,0,0,0,0,0,0,0.0,0,0,0.0,0,0,0,0,0,0,0,nba_boxscorematchupsv3
1,2025-26,Playoffs,NBA Finals,2026_nyk_sas_api_20261005,0042500405,5,2026-06-13,1610612752,NYK,1630574,Ariel Hukporti,1610612759,SAS,1642844,Dylan Harper,2,0.1,0.3,3.6999999999999997,4.1000000000000005,0,0,0,0,0,0,0,0,0.0,0,0,0.0,0,0,0,0,0,0,0,nba_boxscorematchupsv3
1,2025-26,Playoffs,NBA Finals,2026_nyk_sas_api_20261005,0042500405,5,2026-06-13,1610612752,NYK,1630574,Ariel Hukporti,1610612759,SAS,1629640,Keldon Johnson,2,0.3,0.3,2.7,28.1,0,0,0,0,0,0,0,0,0.0,0,0,0.0,0,0,0,0,0,0,0,nba_boxscorematchupsv3
1,2025-26,Playoffs,NBA Finals,2026_nyk_sas_api_20261005,0042500405,5,2026-06-13,1610612752,NYK,1630574,Ariel Hukporti,1610612759,SAS,1628436,Luke Kornet,13,0.6,4.3,23.599999999999998,71.39999999999999,0,0,0,0,0,0,0,0,0.0,0,0,0.0,0,0,0,0,0,0,0,nba_boxscorematchupsv3
1,2025-26,Playoffs,NBA Finals,2026_nyk_sas_api_20261005,0042500405,5,2026-06-13,1610612752,NYK,1630574,Ariel Hukporti,1610612759,SAS,1641705,Victor Wembanyama,29,1.5,3.1,50.9,76.1,0,6,1,0,0,0,0,0,0.0,0,0,0.0,0,0,0,0,0,0,0,nba_boxscorematchupsv3
1,2025-26,Playoffs,NBA Finals,2026_nyk_sas_api_20261005,0042500405,5,2026-06-13,1610612752,NYK,203903,Jordan Clarkson,1610612759,SAS,1642264,Stephon Castle,16,1.4,1.9,8.1,11.1,0,0,0,0,0,0,0,1,0.0,0,1,0.0,0,0,0,0,0,0,0,nba_boxscorematchupsv3
1,2025-26,Playoffs,NBA Finals,2026_nyk_sas_api_20261005,0042500405,5,2026-06-13,1610612752,NYK,203903,Jordan Clarkson,1610612759,SAS,1630577,Julian Champagnie,79,5.1,10.4,40.400000000000006,70.19999999999999,2,10,0,0,0,0,1,1,100.0,0,0,0.0,0,0,0,0,0,0,0,nba_boxscorematchupsv3
1,2025-26,Playoffs,NBA Finals,2026_nyk_sas_api_20261005,0042500405,5,2026-06-13,1610612752,NYK,203903,Jordan Clarkson,1610612759,SAS,1628368,De'Aaron Fox,17,0.5,1.7999999999999998,9.0,11.0,0,0,0,0,0,0,0,1,0.0,0,1,0.0,0,0,0,0,0,0,0,nba_boxscorematchupsv3
1,2025-26,Playoffs,NBA Finals,2026_nyk_sas_api_20261005,0042500405,5,2026-06-13,1610612752,NYK,203903,Jordan Clarkson,1610612759,SAS,1642844,Dylan Harper,7,0.4,0.8,3.4000000000000004,5.5,0,0,0,0,0,1,0,1,0.0,0,0,0.0,0,0,0,0,0,0,0,nba_boxscorematchupsv3
1,2025-26,Playoffs,NBA Finals,2026_nyk_sas_api_20261005,0042500405,5,2026-06-13,1610612752,NYK,203903,Jordan Clarkson,1610612759,SAS,1629640,Keldon Johnson,15,0.5,3.2,7.7,12.1,0,0,0,0,0,0,0,0,0.0,0,0,0.0,0,0,0,0,0,0,0,nba_boxscorematchupsv3
1,2025-26,Playoffs,NBA Finals,2026_nyk_sas_api_20261005,0042500405,5,2026-06-13,1610612752,NYK,203903,Jordan Clarkson,1610612759,SAS,1628436,Luke Kornet,4,0.6,1.3,2.1999999999999997,18.5,0,2,0,0,0,0,0,0,0.0,0,0,0.0,0,0,0,0,0,0,0,nba_boxscorematchupsv3
1,2025-26,Playoffs,NBA Finals,2026_nyk_sas_api_20261005,0042500405,5,2026-06-13,1610612752,NYK,203903,Jordan Clarkson,1610612759,SAS,1630170,Devin Vassell,33,1.6,3.2,17.1,27.900000000000002,0,0,0,0,0,0,0,0,0.0,0,0,0.0,0,0,0,0,0,0,0,nba_boxscorematchupsv3
1,2025-26,Playoffs,NBA Finals,2026_nyk_sas_api_20261005,0042500405,5,2026-06-13,1610612752,NYK,203903,Jordan Clarkson,1610612759,SAS,1641705,Victor Wembanyama,23,1.4,2.4,11.700000000000001,13.200000000000001,0,3,0,0,0,0,0,1,0.0,0,0,0.0,0,0,0,0,0,0,0,nba_boxscorematchupsv3
