schema_version,season,season_type,playoff_round,series_id,game_id,game_number,game_date,off_team_id,off_team,off_player_id,off_player,def_team_id,def_team,def_player_id,def_player,matchup_seconds,partial_possessions,def_time_percent,off_time_percent,both_on_percent,player_points,team_points,ast,potential_ast,tov,blk,fgm,fga,fg_pct,three_pm,three_pa,three_pct,ftm,fta,shooting_fouls,switches_on,help_blk,help_fgm,help_fga,data_source
1,2025-26,Playoffs,Eastern Conference Finals,2026_cle_nyk_api_20261005,0042500301,1,2026-05-19,1610612752,NYK,1628384,OG Anunoby,1610612739,CLE,1628386,Jarrett Allen,52,5.9,6.11765,6.10329,10.8,1,8,0,0,1,0,0,1,0.0,0,1,0.0,1,2,1,0,0,0,0,nba_boxscorematchupsv3
1,2025-26,Playoffs,Eastern Conference Finals,2026_cle_nyk_api_20261005,0042500301,1,2026-05-19,1610612752,NYK,1628384,OG Anunoby,1610612739,CLE,1631165,Keon Ellis,19,0.3,13.66906,2.2300500000000003,11.1,0,2,0,0,0,0,0,0,0.0,0,0,0.0,0,0,0,0,0,0,0,nba_boxscorematchupsv3
1,2025-26,Playoffs,Eastern Conference Finals,2026_cle_nyk_api_20261005,0042500301,1,2026-05-19,1610612752,NYK,1628384,OG Anunoby,1610612739,CLE,201935,James Harden,370,21.0,35.85271,43.42723,41.0,2,6,1,0,0,0,0,2,0.0,0,2,0.0,2,2,1,0,0,0,0,nba_boxscorematchupsv3
1,2025-26,Playoffs,Eastern Conference Finals,2026_cle_nyk_api_20261005,0042500301,1,2026-05-19,1610612752,NYK,1628384,OG Anunoby,1610612739,CLE,1630241,Sam Merrill,85,5.7,12.89833,9.97653,22.6,1,5,0,0,0,0,0,0,0.0,0,0,0.0,1,2,0,0,0,0,0,nba_boxscorematchupsv3
1,2025-26,Playoffs,Eastern Conference Finals,2026_cle_nyk_api_20261005,0042500301,1,2026-05-19,1610612752,NYK,1628384,OG Anunoby,1610612739,CLE,1628378,Donovan Mitchell,64,3.7,6.736839999999999,7.51174,9.2,2,10,0,0,0,1,0,2,0.0,0,2,0.0,2,2,0,0,0,0,0,nba_boxscorematchupsv3
1,2025-26,Playoffs,Eastern Conference Finals,2026_cle_nyk_api_20261005,0042500301,1,2026-05-19,1610612752,NYK,1628384,OG Anunoby,1610612739,CLE,1630596,Evan Mobley,116,12.7,12.146600000000001,13.61502,19.8,2,19,0,0,0,1,1,1,100.0,0,0,0.0,0,0,0,0,0,0,0,nba_boxscorematchupsv3
1,2025-26,Playoffs,Eastern Conference Finals,2026_cle_nyk_api_20261005,0042500301,1,2026-05-19,1610612752,NYK,1628384,OG Anunoby,1610612739,CLE,1629622,Max Strus,47,4.9,8.483749999999999,5.51643,22.2,2,8,0,0,0,0,0,0,0.0,0,0,0.0,2,2,0,0,0,0,0,nba_boxscorematchupsv3
1,2025-26,Playoffs,Eastern Conference Finals,2026_cle_nyk_api_20261005,0042500301,1,2026-05-19,1610612752,NYK,1628384,OG Anunoby,1610612739,CLE,1629731,Dean Wade,99,5.8,14.68843,11.619720000000001,14.399999999999999,3,17,0,0,0,0,1,1,100.0,1,1,100.0,0,0,0,0,0,0,0,nba_boxscorematchupsv3
1,2025-26,Playoffs,Eastern Conference Finals,2026_cle_nyk_api_20261005,0042500301,1,2026-05-19,1610612752,NYK,1628404,Josh Hart,1610612739,CLE,1628386,Jarrett Allen,327,17.8,38.47059,46.38298,54.800000000000004,4,8,2,0,0,0,1,3,33.300000000000004,0,2,0.0,2,2,1,0,0,0,0,nba_boxscorematchupsv3
1,2025-26,Playoffs,Eastern Conference Finals,2026_cle_nyk_api_20261005,0042500301,1,2026-05-19,1610612752,NYK,1628404,Josh Hart,1610612739,CLE,201935,James Harden,29,4.6,2.8100799999999997,4.11348,10.6,2,4,0,0,1,0,1,1,100.0,0,0,0.0,0,0,0,0,0,0,0,nba_boxscorematchupsv3
1,2025-26,Playoffs,Eastern Conference Finals,2026_cle_nyk_api_20261005,0042500301,1,2026-05-19,1610612752,NYK,1628404,Josh Hart,1610612739,CLE,1630241,Sam Merrill,32,1.3,4.855840000000001,4.53901,7.3,0,2,0,0,0,0,0,0,0.0,0,0,0.0,0,0,0,0,0,0,0,nba_boxscorematchupsv3
1,2025-26,Playoffs,Eastern Conference Finals,2026_cle_nyk_api_20261005,0042500301,1,2026-05-19,1610612752,NYK,1628404,Josh Hart,1610612739,CLE,1628378,Donovan Mitchell,87,8.6,9.15789,12.34043,18.9,0,2,0,0,0,0,0,1,0.0,0,1,0.0,0,0,0,0,0,0,0,nba_boxscorematchupsv3
1,2025-26,Playoffs,Eastern Conference Finals,2026_cle_nyk_api_20261005,0042500301,1,2026-05-19,1610612752,NYK,1628404,Josh Hart,1610612739,CLE,1630596,Evan Mobley,90,7.7,9.42408,12.765960000000002,14.000000000000002,0,4,0,0,0,1,0,1,0.0,0,0,0.0,0,0,0,0,0,0,0,nba_boxscorematchupsv3
1,2025-26,Playoffs,Eastern Conference Finals,2026_cle_nyk_api_20261005,0042500301,1,2026-05-19,1610612752,NYK,1628404,Josh Hart,1610612739,CLE,203471,Dennis Schröder,34,5.7,9.47075,4.8227,17.5,2,5,1,0,0,0,1,1,100.0,0,0,0.0,0,0,0,0,0,0,0,nba_boxscorematchupsv3
1,2025-26,Playoffs,Eastern Conference Finals,2026_cle_nyk_api_20261005,0042500301,1,2026-05-19,1610612752,NYK,1628404,Josh Hart,1610612739,CLE,1629622,Max Strus,70,4.8,12.63538,9.929079999999999,18.4,0,4,0,0,0,0,0,2,0.0,0,1,0.0,0,0,0,0,0,0,0,nba_boxscorematchupsv3
1,2025-26,Playoffs,Eastern Conference Finals,2026_cle_nyk_api_20261005,0042500301,1,2026-05-19,1610612752,NYK,1628404,Josh Hart,1610612739,CLE,1629731,Dean Wade,36,4.1,5.3412500000000005,5.10638,11.3,5,12,0,0,0,0,2,2,100.0,1,1,100.0,0,0,0,0,0,0,0,nba_boxscorematchupsv3
1,2025-26,Playoffs,Eastern Conference Finals,2026_cle_nyk_api_20261005,0042500301,1,2026-05-19,1610612752,NYK,1626157,Karl-Anthony Towns,1610612739,CLE,1628386,Jarrett Allen,252,18.1,29.647059999999996,25.84615,37.9,9,36,2,0,1,1,4,5,80.0,1,2,50.0,0,0,0,0,0,0,0,nba_boxscorematchupsv3
1,2025-26,Playoffs,Eastern Conference Finals,2026_cle_nyk_api_20261005,0042500301,1,2026-05-19,1610612752,NYK,1626157,Karl-Anthony Towns,1610612739,CLE,1631165,Keon Ellis,1,0.0,0.7194200000000001,0.10256,1.2,0,0,0,0,0,0,0,0,0.0,0,0,0.0,0,0,0,0,0,0,0,nba_boxscorematchupsv3
1,2025-26,Playoffs,Eastern Conference Finals,2026_cle_nyk_api_20261005,0042500301,1,2026-05-19,1610612752,NYK,1626157,Karl-Anthony Towns,1610612739,CLE,201935,James Harden,170,13.9,16.47287,17.4359,19.5,0,16,2,0,0,0,0,1,0.0,0,0,0.0,0,0,0,0,0,0,0,nba_boxscorematchupsv3
1,2025-26,Playoffs,Eastern Conference Finals,2026_cle_nyk_api_20261005,0042500301,1,2026-05-19,1610612752,NYK,1626157,Karl-Anthony Towns,1610612739,CLE,1630241,Sam Merrill,14,1.9,2.1244300000000003,1.4359,3.3000000000000003,0,3,0,0,0,0,0,0,0.0,0,0,0.0,0,0,0,0,0,0,0,nba_boxscorematchupsv3
1,2025-26,Playoffs,Eastern Conference Finals,2026_cle_nyk_api_20261005,0042500301,1,2026-05-19,1610612752,NYK,1626157,Karl-Anthony Towns,1610612739,CLE,1628378,Donovan Mitchell,47,5.0,4.94737,4.8205100000000005,7.8,0,2,0,0,1,0,0,1,0.0,0,0,0.0,0,0,0,0,0,0,0,nba_boxscorematchupsv3
1,2025-26,Playoffs,Eastern Conference Finals,2026_cle_nyk_api_20261005,0042500301,1,2026-05-19,1610612752,NYK,1626157,Karl-Anthony Towns,1610612739,CLE,1630596,Evan Mobley,390,25.3,40.8377,40.0,44.5,0,26,1,0,3,0,0,2,0.0,0,1,0.0,0,0,0,0,0,0,0,nba_boxscorematchupsv3
1,2025-26,Playoffs,Eastern Conference Finals,2026_cle_nyk_api_20261005,0042500301,1,2026-05-19,1610612752,NYK,1626157,Karl-Anthony Towns,1610612739,CLE,203471,Dennis Schröder,6,1.1,1.67131,0.61538,5.8999999999999995,0,0,0,0,1,0,0,1,0.0,0,1,0.0,0,0,0,0,0,0,0,nba_boxscorematchupsv3
1,2025-26,Playoffs,Eastern Conference Finals,2026_cle_nyk_api_20261005,0042500301,1,2026-05-19,1610612752,NYK,1626157,Karl-Anthony Towns,1610612739,CLE,1629622,Max Strus,30,1.0,5.41516,3.07692,7.5,0,0,0,0,0,0,0,1,0.0,0,0,0.0,0,0,0,0,0,0,0,nba_boxscorematchupsv3
1,2025-26,Playoffs,Eastern Conference Finals,2026_cle_nyk_api_20261005,0042500301,1,2026-05-19,1610612752,NYK,1626157,Karl-Anthony Towns,1610612739,CLE,1629731,Dean Wade,65,4.4,9.64392,6.66667,10.7,4,6,0,0,0,0,2,3,66.7,0,1,0.0,0,0,0,0,0,0,0,nba_boxscorematchupsv3
1,2025-26,Playoffs,Eastern Conference Finals,2026_cle_nyk_api_20261005,0042500301,1,2026-05-19,1610612752,NYK,1628969,Mikal Bridges,1610612739,CLE,1628386,Jarrett Allen,30,5.8,3.5294100000000004,3.02115,5.7,4,9,0,0,0,0,2,3,66.7,0,0,0.0,0,0,0,0,0,0,0,nba_boxscorematchupsv3
1,2025-26,Playoffs,Eastern Conference Finals,2026_cle_nyk_api_20261005,0042500301,1,2026-05-19,1610612752,NYK,1628969,Mikal Bridges,1610612739,CLE,1631165,Keon Ellis,91,6.1,65.46763,9.16415,69.5,0,2,0,0,0,0,0,0,0.0,0,0,0.0,0,0,0,0,0,0,0,nba_boxscorematchupsv3
1,2025-26,Playoffs,Eastern Conference Finals,2026_cle_nyk_api_20261005,0042500301,1,2026-05-19,1610612752,NYK,1628969,Mikal Bridges,1610612739,CLE,201935,James Harden,121,11.6,11.72481,12.1853,14.6,5,12,0,0,1,0,1,1,100.0,1,1,100.0,2,2,0,0,0,0,0,nba_boxscorematchupsv3
1,2025-26,Playoffs,Eastern Conference Finals,2026_cle_nyk_api_20261005,0042500301,1,2026-05-19,1610612752,NYK,1628969,Mikal Bridges,1610612739,CLE,1630241,Sam Merrill,141,10.0,21.39605,14.1994,26.700000000000003,2,16,0,0,0,0,1,1,100.0,0,0,0.0,0,0,0,0,0,0,0,nba_boxscorematchupsv3
1,2025-26,Playoffs,Eastern Conference Finals,2026_cle_nyk_api_20261005,0042500301,1,2026-05-19,1610612752,NYK,1628969,Mikal Bridges,1610612739,CLE,1628378,Donovan Mitchell,322,18.6,33.89474,32.42699,36.3,2,19,0,0,0,0,1,2,50.0,0,1,0.0,0,0,0,0,0,0,0,nba_boxscorematchupsv3
1,2025-26,Playoffs,Eastern Conference Finals,2026_cle_nyk_api_20261005,0042500301,1,2026-05-19,1610612752,NYK,1628969,Mikal Bridges,1610612739,CLE,1630596,Evan Mobley,151,8.5,15.811520000000002,15.206449999999998,21.2,3,12,0,0,0,1,1,2,50.0,1,1,100.0,0,0,0,0,0,0,0,nba_boxscorematchupsv3
1,2025-26,Playoffs,Eastern Conference Finals,2026_cle_nyk_api_20261005,0042500301,1,2026-05-19,1610612752,NYK,1628969,Mikal Bridges,1610612739,CLE,203471,Dennis Schröder,24,1.5,6.68524,2.4169199999999997,15.299999999999999,0,1,0,0,1,0,0,0,0.0,0,0,0.0,0,0,0,0,0,0,0,nba_boxscorematchupsv3
1,2025-26,Playoffs,Eastern Conference Finals,2026_cle_nyk_api_20261005,0042500301,1,2026-05-19,1610612752,NYK,1628969,Mikal Bridges,1610612739,CLE,1629622,Max Strus,62,7.1,11.19134,6.24371,19.3,2,12,0,0,0,0,1,2,50.0,0,1,0.0,0,0,0,0,0,0,0,nba_boxscorematchupsv3
1,2025-26,Playoffs,Eastern Conference Finals,2026_cle_nyk_api_20261005,0042500301,1,2026-05-19,1610612752,NYK,1628969,Mikal Bridges,1610612739,CLE,1629731,Dean Wade,51,2.9,7.56677,5.13595,6.800000000000001,0,5,0,0,0,0,0,0,0.0,0,0,0.0,0,0,0,0,0,0,0,nba_boxscorematchupsv3
1,2025-26,Playoffs,Eastern Conference Finals,2026_cle_nyk_api_20261005,0042500301,1,2026-05-19,1610612752,NYK,1628973,Jalen Brunson,1610612739,CLE,1628386,Jarrett Allen,55,3.2,6.47059,4.7619,6.3,2,6,2,0,0,0,1,2,50.0,0,1,0.0,0,0,0,0,0,0,0,nba_boxscorematchupsv3
1,2025-26,Playoffs,Eastern Conference Finals,2026_cle_nyk_api_20261005,0042500301,1,2026-05-19,1610612752,NYK,1628973,Jalen Brunson,1610612739,CLE,1631165,Keon Ellis,2,0.0,1.43885,0.17316,3.2,0,0,0,0,0,0,0,0,0.0,0,0,0.0,0,0,0,0,0,0,0,nba_boxscorematchupsv3
1,2025-26,Playoffs,Eastern Conference Finals,2026_cle_nyk_api_20261005,0042500301,1,2026-05-19,1610612752,NYK,1628973,Jalen Brunson,1610612739,CLE,201935,James Harden,244,11.5,23.64341,21.12554,19.1,15,32,2,0,1,1,7,9,77.8,1,1,100.0,0,0,0,0,0,0,0,nba_boxscorematchupsv3
1,2025-26,Playoffs,Eastern Conference Finals,2026_cle_nyk_api_20261005,0042500301,1,2026-05-19,1610612752,NYK,1628973,Jalen Brunson,1610612739,CLE,1630241,Sam Merrill,85,7.2,12.89833,7.35931,15.8,2,11,1,0,0,0,1,1,100.0,0,0,0.0,0,0,0,0,0,0,0,nba_boxscorematchupsv3
1,2025-26,Playoffs,Eastern Conference Finals,2026_cle_nyk_api_20261005,0042500301,1,2026-05-19,1610612752,NYK,1628973,Jalen Brunson,1610612739,CLE,1628378,Donovan Mitchell,57,7.2,6.0,4.93506,7.5,1,8,1,0,0,0,0,1,0.0,0,0,0.0,1,2,1,0,0,0,0,nba_boxscorematchupsv3
1,2025-26,Playoffs,Eastern Conference Finals,2026_cle_nyk_api_20261005,0042500301,1,2026-05-19,1610612752,NYK,1628973,Jalen Brunson,1610612739,CLE,1630596,Evan Mobley,49,3.0,5.13089,4.24242,5.1,0,2,0,0,1,0,0,3,0.0,0,2,0.0,0,0,0,0,0,0,0,nba_boxscorematchupsv3
1,2025-26,Playoffs,Eastern Conference Finals,2026_cle_nyk_api_20261005,0042500301,1,2026-05-19,1610612752,NYK,1628973,Jalen Brunson,1610612739,CLE,203471,Dennis Schröder,140,14.1,38.997209999999995,12.12121,51.0,9,18,0,0,0,0,3,6,50.0,0,2,0.0,3,4,2,0,0,0,0,nba_boxscorematchupsv3
1,2025-26,Playoffs,Eastern Conference Finals,2026_cle_nyk_api_20261005,0042500301,1,2026-05-19,1610612752,NYK,1628973,Jalen Brunson,1610612739,CLE,1629622,Max Strus,171,14.3,30.86643,14.805189999999998,38.6,5,17,0,0,0,0,1,3,33.300000000000004,0,0,0.0,3,4,2,0,0,0,0,nba_boxscorematchupsv3
1,2025-26,Playoffs,Eastern Conference Finals,2026_cle_nyk_api_20261005,0042500301,1,2026-05-19,1610612752,NYK,1628973,Jalen Brunson,1610612739,CLE,1629731,Dean Wade,352,27.0,52.22552,30.47619,62.4,4,10,0,0,1,0,2,3,66.7,0,0,0.0,0,0,0,0,0,0,0,nba_boxscorematchupsv3
1,2025-26,Playoffs,Eastern Conference Finals,2026_cle_nyk_api_20261005,0042500301,1,2026-05-19,1610612752,NYK,1629011,Mitchell Robinson,1610612739,CLE,1628386,Jarrett Allen,117,7.9,13.76471,39.66102,72.3,0,7,0,0,0,0,0,0,0.0,0,0,0.0,0,0,0,0,0,0,0,nba_boxscorematchupsv3
1,2025-26,Playoffs,Eastern Conference Finals,2026_cle_nyk_api_20261005,0042500301,1,2026-05-19,1610612752,NYK,1629011,Mitchell Robinson,1610612739,CLE,1631165,Keon Ellis,3,0.2,2.15827,1.01695,3.0,0,3,0,0,0,0,0,0,0.0,0,0,0.0,0,0,0,0,0,0,0,nba_boxscorematchupsv3
1,2025-26,Playoffs,Eastern Conference Finals,2026_cle_nyk_api_20261005,0042500301,1,2026-05-19,1610612752,NYK,1629011,Mitchell Robinson,1610612739,CLE,201935,James Harden,22,3.4,2.13178,7.45763,18.7,0,2,0,0,0,0,0,0,0.0,0,0,0.0,0,0,0,0,0,0,0,nba_boxscorematchupsv3
1,2025-26,Playoffs,Eastern Conference Finals,2026_cle_nyk_api_20261005,0042500301,1,2026-05-19,1610612752,NYK,1629011,Mitchell Robinson,1610612739,CLE,1630241,Sam Merrill,23,3.1,3.49014,7.796609999999999,9.2,0,0,0,0,0,0,0,0,0.0,0,0,0.0,0,2,0,0,0,0,0,nba_boxscorematchupsv3
1,2025-26,Playoffs,Eastern Conference Finals,2026_cle_nyk_api_20261005,0042500301,1,2026-05-19,1610612752,NYK,1629011,Mitchell Robinson,1610612739,CLE,1628378,Donovan Mitchell,9,1.3,0.9473699999999999,3.05085,8.0,0,0,0,0,0,0,0,0,0.0,0,0,0.0,0,2,1,0,0,0,0,nba_boxscorematchupsv3
1,2025-26,Playoffs,Eastern Conference Finals,2026_cle_nyk_api_20261005,0042500301,1,2026-05-19,1610612752,NYK,1629011,Mitchell Robinson,1610612739,CLE,1630596,Evan Mobley,74,8.6,7.74869,25.08475,52.900000000000006,3,13,1,0,0,0,1,1,100.0,0,0,0.0,1,2,0,0,0,0,0,nba_boxscorematchupsv3
1,2025-26,Playoffs,Eastern Conference Finals,2026_cle_nyk_api_20261005,0042500301,1,2026-05-19,1610612752,NYK,1629011,Mitchell Robinson,1610612739,CLE,203471,Dennis Schröder,7,2.0,1.9498600000000001,2.3728800000000003,7.8,1,1,0,0,0,0,0,0,0.0,0,0,0.0,1,2,0,0,0,0,0,nba_boxscorematchupsv3
1,2025-26,Playoffs,Eastern Conference Finals,2026_cle_nyk_api_20261005,0042500301,1,2026-05-19,1610612752,NYK,1629011,Mitchell Robinson,1610612739,CLE,1629622,Max Strus,9,1.3,1.62455,3.05085,7.1,0,2,0,0,0,0,0,0,0.0,0,0,0.0,0,0,0,0,0,0,0,nba_boxscorematchupsv3
1,2025-26,Playoffs,Eastern Conference Finals,2026_cle_nyk_api_20261005,0042500301,1,2026-05-19,1610612752,NYK,1629011,Mitchell Robinson,1610612739,CLE,1629731,Dean Wade,31,1.4,4.599410000000001,10.50847,18.5,0,2,0,0,0,0,0,0,0.0,0,0,0.0,0,0,0,0,0,0,0,nba_boxscorematchupsv3
1,2025-26,Playoffs,Eastern Conference Finals,2026_cle_nyk_api_20261005,0042500301,1,2026-05-19,1610612752,NYK,1630540,Miles McBride,1610612739,CLE,201935,James Harden,22,3.1,2.13178,6.60661,18.5,0,2,1,0,0,0,0,0,0.0,0,0,0.0,0,0,0,0,0,0,0,nba_boxscorematchupsv3
1,2025-26,Playoffs,Eastern Conference Finals,2026_cle_nyk_api_20261005,0042500301,1,2026-05-19,1610612752,NYK,1630540,Miles McBride,1610612739,CLE,1630241,Sam Merrill,87,7.5,13.20182,26.126129999999996,32.2,0,14,0,0,0,0,0,0,0.0,0,0,0.0,0,0,0,0,0,0,0,nba_boxscorematchupsv3
1,2025-26,Playoffs,Eastern Conference Finals,2026_cle_nyk_api_20261005,0042500301,1,2026-05-19,1610612752,NYK,1630540,Miles McBride,1610612739,CLE,1628378,Donovan Mitchell,108,10.4,11.36842,32.432430000000004,43.4,0,13,0,0,0,0,0,1,0.0,0,1,0.0,0,0,0,0,0,0,0,nba_boxscorematchupsv3
1,2025-26,Playoffs,Eastern Conference Finals,2026_cle_nyk_api_20261005,0042500301,1,2026-05-19,1610612752,NYK,1630540,Miles McBride,1610612739,CLE,1630596,Evan Mobley,12,2.5,1.25654,3.6035999999999997,7.6,0,0,0,0,0,0,0,0,0.0,0,0,0.0,0,0,0,0,0,0,0,nba_boxscorematchupsv3
1,2025-26,Playoffs,Eastern Conference Finals,2026_cle_nyk_api_20261005,0042500301,1,2026-05-19,1610612752,NYK,1630540,Miles McBride,1610612739,CLE,203471,Dennis Schröder,83,6.7,23.119780000000002,24.92492,23.9,0,5,0,0,0,0,0,0,0.0,0,0,0.0,0,0,0,0,0,0,0,nba_boxscorematchupsv3
1,2025-26,Playoffs,Eastern Conference Finals,2026_cle_nyk_api_20261005,0042500301,1,2026-05-19,1610612752,NYK,1630540,Miles McBride,1610612739,CLE,1629622,Max Strus,21,3.1,3.79061,6.30631,8.6,0,2,0,0,0,0,0,0,0.0,0,0,0.0,0,0,0,0,0,0,0,nba_boxscorematchupsv3
1,2025-26,Playoffs,Eastern Conference Finals,2026_cle_nyk_api_20261005,0042500301,1,2026-05-19,1610612752,NYK,203903,Jordan Clarkson,1610612739,CLE,1628386,Jarrett Allen,6,0.0,0.70588,1.875,8.6,0,0,0,0,0,0,0,0,0.0,0,0,0.0,0,0,0,0,0,0,0,nba_boxscorematchupsv3
1,2025-26,Playoffs,Eastern Conference Finals,2026_cle_nyk_api_20261005,0042500301,1,2026-05-19,1610612752,NYK,203903,Jordan Clarkson,1610612739,CLE,201935,James Harden,34,1.8,3.29457,10.625,24.9,0,3,0,0,0,0,0,2,0.0,0,0,0.0,0,0,0,0,0,0,0,nba_boxscorematchupsv3
1,2025-26,Playoffs,Eastern Conference Finals,2026_cle_nyk_api_20261005,0042500301,1,2026-05-19,1610612752,NYK,203903,Jordan Clarkson,1610612739,CLE,1630241,Sam Merrill,113,11.5,17.147190000000002,35.3125,49.5,0,7,0,0,0,0,0,0,0.0,0,0,0.0,0,0,0,0,0,0,0,nba_boxscorematchupsv3
1,2025-26,Playoffs,Eastern Conference Finals,2026_cle_nyk_api_20261005,0042500301,1,2026-05-19,1610612752,NYK,203903,Jordan Clarkson,1610612739,CLE,1628378,Donovan Mitchell,35,5.0,3.68421,10.9375,16.8,3,7,0,0,0,0,1,1,100.0,1,1,100.0,0,0,0,0,0,0,0,nba_boxscorematchupsv3
1,2025-26,Playoffs,Eastern Conference Finals,2026_cle_nyk_api_20261005,0042500301,1,2026-05-19,1610612752,NYK,203903,Jordan Clarkson,1610612739,CLE,1630596,Evan Mobley,28,2.6,2.93194,8.75,8.799999999999999,0,2,0,0,0,0,0,0,0.0,0,0,0.0,0,0,0,0,0,0,0,nba_boxscorematchupsv3
1,2025-26,Playoffs,Eastern Conference Finals,2026_cle_nyk_api_20261005,0042500301,1,2026-05-19,1610612752,NYK,203903,Jordan Clarkson,1610612739,CLE,203471,Dennis Schröder,11,2.5,3.06407,3.4375000000000004,5.0,0,4,0,0,0,0,0,0,0.0,0,0,0.0,0,0,0,0,0,0,0,nba_boxscorematchupsv3
1,2025-26,Playoffs,Eastern Conference Finals,2026_cle_nyk_api_20261005,0042500301,1,2026-05-19,1610612752,NYK,203903,Jordan Clarkson,1610612739,CLE,1629622,Max Strus,56,5.5,10.1083,17.5,19.3,0,3,0,0,1,0,0,0,0.0,0,0,0.0,0,0,0,0,0,0,0,nba_boxscorematchupsv3
1,2025-26,Playoffs,Eastern Conference Finals,2026_cle_nyk_api_20261005,0042500301,1,2026-05-19,1610612752,NYK,203903,Jordan Clarkson,1610612739,CLE,1629731,Dean Wade,37,4.8,5.489610000000001,11.5625,40.400000000000006,0,4,0,0,0,0,0,0,0.0,0,0,0.0,0,0,0,0,0,0,0,nba_boxscorematchupsv3
1,2025-26,Playoffs,Eastern Conference Finals,2026_cle_nyk_api_20261005,0042500301,1,2026-05-19,1610612752,NYK,1630631,Jose Alvarado,1610612739,CLE,1628386,Jarrett Allen,2,0.1,0.23528999999999997,1.6666699999999999,11.899999999999999,0,0,0,0,0,0,0,0,0.0,0,0,0.0,0,0,0,0,0,0,0,nba_boxscorematchupsv3
1,2025-26,Playoffs,Eastern Conference Finals,2026_cle_nyk_api_20261005,0042500301,1,2026-05-19,1610612752,NYK,1630631,Jose Alvarado,1610612739,CLE,1631165,Keon Ellis,11,0.8,7.913670000000001,9.16667,81.6,2,2,0,0,0,0,1,1,100.0,0,0,0.0,0,0,0,0,0,0,0,nba_boxscorematchupsv3
1,2025-26,Playoffs,Eastern Conference Finals,2026_cle_nyk_api_20261005,0042500301,1,2026-05-19,1610612752,NYK,1630631,Jose Alvarado,1610612739,CLE,1630241,Sam Merrill,5,0.2,0.75873,4.16667,7.9,0,0,0,0,0,0,0,0,0.0,0,0,0.0,0,0,0,0,0,0,0,nba_boxscorematchupsv3
1,2025-26,Playoffs,Eastern Conference Finals,2026_cle_nyk_api_20261005,0042500301,1,2026-05-19,1610612752,NYK,1630631,Jose Alvarado,1610612739,CLE,1628378,Donovan Mitchell,8,1.4,0.8421100000000001,6.66667,16.1,0,0,0,0,0,0,0,0,0.0,0,0,0.0,0,0,0,0,0,0,0,nba_boxscorematchupsv3
1,2025-26,Playoffs,Eastern Conference Finals,2026_cle_nyk_api_20261005,0042500301,1,2026-05-19,1610612752,NYK,1630631,Jose Alvarado,1610612739,CLE,1630596,Evan Mobley,7,1.3,0.73298,5.83333,10.0,0,0,0,0,0,0,0,1,0.0,0,1,0.0,0,0,0,0,0,0,0,nba_boxscorematchupsv3
1,2025-26,Playoffs,Eastern Conference Finals,2026_cle_nyk_api_20261005,0042500301,1,2026-05-19,1610612752,NYK,1630631,Jose Alvarado,1610612739,CLE,203471,Dennis Schröder,37,1.9,10.306410000000001,30.833329999999997,30.599999999999998,0,2,0,0,0,0,0,0,0.0,0,0,0.0,0,0,0,0,0,0,0,nba_boxscorematchupsv3
1,2025-26,Playoffs,Eastern Conference Finals,2026_cle_nyk_api_20261005,0042500301,1,2026-05-19,1610612752,NYK,1630631,Jose Alvarado,1610612739,CLE,1629622,Max Strus,50,4.7,9.02527,41.66667,42.0,2,6,0,0,0,0,1,1,100.0,0,0,0.0,0,0,0,0,0,0,0,nba_boxscorematchupsv3
1,2025-26,Playoffs,Eastern Conference Finals,2026_cle_nyk_api_20261005,0042500301,1,2026-05-19,1610612752,NYK,1629013,Landry Shamet,1610612739,CLE,1628386,Jarrett Allen,9,0.8,1.05882,2.12264,3.6999999999999997,0,0,0,0,0,0,0,0,0.0,0,0,0.0,0,0,0,0,0,0,0,nba_boxscorematchupsv3
1,2025-26,Playoffs,Eastern Conference Finals,2026_cle_nyk_api_20261005,0042500301,1,2026-05-19,1610612752,NYK,1629013,Landry Shamet,1610612739,CLE,1631165,Keon Ellis,12,0.6,8.633090000000001,2.83019,10.9,0,0,0,0,0,0,0,0,0.0,0,0,0.0,0,0,0,0,0,0,0,nba_boxscorematchupsv3
1,2025-26,Playoffs,Eastern Conference Finals,2026_cle_nyk_api_20261005,0042500301,1,2026-05-19,1610612752,NYK,1629013,Landry Shamet,1610612739,CLE,201935,James Harden,20,2.9,1.9379799999999998,4.7169799999999995,6.7,6,10,0,0,0,0,2,2,100.0,2,2,100.0,0,0,0,0,0,0,0,nba_boxscorematchupsv3
1,2025-26,Playoffs,Eastern Conference Finals,2026_cle_nyk_api_20261005,0042500301,1,2026-05-19,1610612752,NYK,1629013,Landry Shamet,1610612739,CLE,1630241,Sam Merrill,74,2.6,11.22914,17.45283,23.799999999999997,0,8,0,0,0,0,0,1,0.0,0,0,0.0,0,0,0,0,0,0,0,nba_boxscorematchupsv3
1,2025-26,Playoffs,Eastern Conference Finals,2026_cle_nyk_api_20261005,0042500301,1,2026-05-19,1610612752,NYK,1629013,Landry Shamet,1610612739,CLE,1628378,Donovan Mitchell,213,14.7,22.42105,50.235850000000006,58.9,0,26,0,0,0,0,0,0,0.0,0,0,0.0,0,0,0,0,0,0,0,nba_boxscorematchupsv3
1,2025-26,Playoffs,Eastern Conference Finals,2026_cle_nyk_api_20261005,0042500301,1,2026-05-19,1610612752,NYK,1629013,Landry Shamet,1610612739,CLE,1630596,Evan Mobley,38,3.4,3.97906,8.96226,14.2,0,0,0,0,0,0,0,0,0.0,0,0,0.0,0,0,0,0,0,0,0,nba_boxscorematchupsv3
1,2025-26,Playoffs,Eastern Conference Finals,2026_cle_nyk_api_20261005,0042500301,1,2026-05-19,1610612752,NYK,1629013,Landry Shamet,1610612739,CLE,203471,Dennis Schröder,17,2.7,4.73538,4.00943,43.6,0,2,0,0,0,0,0,0,0.0,0,0,0.0,0,0,0,0,0,0,0,nba_boxscorematchupsv3
1,2025-26,Playoffs,Eastern Conference Finals,2026_cle_nyk_api_20261005,0042500301,1,2026-05-19,1610612752,NYK,1629013,Landry Shamet,1610612739,CLE,1629622,Max Strus,38,1.3,6.85921,8.96226,29.7,3,5,0,0,0,0,1,1,100.0,1,1,100.0,0,0,0,0,0,0,0,nba_boxscorematchupsv3
1,2025-26,Playoffs,Eastern Conference Finals,2026_cle_nyk_api_20261005,0042500301,1,2026-05-19,1610612752,NYK,1629013,Landry Shamet,1610612739,CLE,1629731,Dean Wade,3,0.3,0.4451,0.70755,2.1999999999999997,0,0,0,0,0,0,0,0,0.0,0,0,0.0,0,0,0,0,0,0,0,nba_boxscorematchupsv3
1,2025-26,Playoffs,Eastern Conference Finals,2026_cle_nyk_api_20261005,0042500301,1,2026-05-19,1610612739,CLE,1630596,Evan Mobley,1610612752,NYK,1630631,Jose Alvarado,3,1.0,1.8404899999999997,0.34091,7.8,0,0,0,0,0,0,0,0,0.0,0,0,0.0,0,0,0,0,0,0,0,nba_boxscorematchupsv3
1,2025-26,Playoffs,Eastern Conference Finals,2026_cle_nyk_api_20261005,0042500301,1,2026-05-19,1610612739,CLE,1630596,Evan Mobley,1610612752,NYK,1628384,OG Anunoby,190,14.6,26.610640000000004,21.59091,35.0,3,16,2,0,1,0,1,2,50.0,1,2,50.0,0,0,0,0,0,0,0,nba_boxscorematchupsv3
1,2025-26,Playoffs,Eastern Conference Finals,2026_cle_nyk_api_20261005,0042500301,1,2026-05-19,1610612739,CLE,1630596,Evan Mobley,1610612752,NYK,1628969,Mikal Bridges,39,5.2,4.13136,4.43182,8.9,1,3,0,0,0,0,0,0,0.0,0,0,0.0,1,2,1,0,0,0,0,nba_boxscorematchupsv3
1,2025-26,Playoffs,Eastern Conference Finals,2026_cle_nyk_api_20261005,0042500301,1,2026-05-19,1610612739,CLE,1630596,Evan Mobley,1610612752,NYK,1628973,Jalen Brunson,44,5.7,4.23892,5.0,7.199999999999999,2,9,0,0,0,0,1,1,100.0,0,0,0.0,0,0,0,0,0,0,0,nba_boxscorematchupsv3
1,2025-26,Playoffs,Eastern Conference Finals,2026_cle_nyk_api_20261005,0042500301,1,2026-05-19,1610612739,CLE,1630596,Evan Mobley,1610612752,NYK,203903,Jordan Clarkson,40,2.7,9.25926,4.54545,10.299999999999999,2,2,0,0,0,0,1,1,100.0,0,0,0.0,0,0,0,0,0,0,0,nba_boxscorematchupsv3
1,2025-26,Playoffs,Eastern Conference Finals,2026_cle_nyk_api_20261005,0042500301,1,2026-05-19,1610612739,CLE,1630596,Evan Mobley,1610612752,NYK,1628404,Josh Hart,13,3.2,1.8678199999999998,1.4772699999999999,5.7,0,0,1,0,0,0,0,0,0.0,0,0,0.0,0,0,0,0,0,0,0,nba_boxscorematchupsv3
1,2025-26,Playoffs,Eastern Conference Finals,2026_cle_nyk_api_20261005,0042500301,1,2026-05-19,1610612739,CLE,1630596,Evan Mobley,1610612752,NYK,1630540,Miles McBride,11,1.9,2.5404199999999997,1.25,3.9,0,0,0,0,0,0,0,0,0.0,0,0,0.0,0,0,0,0,0,0,0,nba_boxscorematchupsv3
1,2025-26,Playoffs,Eastern Conference Finals,2026_cle_nyk_api_20261005,0042500301,1,2026-05-19,1610612739,CLE,1630596,Evan Mobley,1610612752,NYK,1629011,Mitchell Robinson,151,13.2,42.53521,17.15909,68.8,0,11,0,0,1,0,0,1,0.0,0,1,0.0,0,0,0,0,0,0,0,nba_boxscorematchupsv3
1,2025-26,Playoffs,Eastern Conference Finals,2026_cle_nyk_api_20261005,0042500301,1,2026-05-19,1610612739,CLE,1630596,Evan Mobley,1610612752,NYK,1629013,Landry Shamet,17,1.8,4.54545,1.93182,9.0,0,0,0,0,1,0,0,0,0.0,0,0,0.0,0,0,0,0,0,0,0,nba_boxscorematchupsv3
1,2025-26,Playoffs,Eastern Conference Finals,2026_cle_nyk_api_20261005,0042500301,1,2026-05-19,1610612739,CLE,1630596,Evan Mobley,1610612752,NYK,1626157,Karl-Anthony Towns,372,26.4,41.75084,42.272729999999996,49.5,7,22,0,0,0,0,3,11,27.3,1,5,20.0,0,0,0,0,0,0,0,nba_boxscorematchupsv3
1,2025-26,Playoffs,Eastern Conference Finals,2026_cle_nyk_api_20261005,0042500301,1,2026-05-19,1610612739,CLE,1629731,Dean Wade,1610612752,NYK,1628384,OG Anunoby,35,4.5,4.901960000000001,5.47731,11.1,0,5,1,0,0,0,0,1,0.0,0,1,0.0,0,0,0,0,0,0,0,nba_boxscorematchupsv3
1,2025-26,Playoffs,Eastern Conference Finals,2026_cle_nyk_api_20261005,0042500301,1,2026-05-19,1610612739,CLE,1629731,Dean Wade,1610612752,NYK,1628969,Mikal Bridges,27,1.3,2.86017,4.22535,5.3,0,6,0,0,0,0,0,0,0.0,0,0,0.0,0,0,0,0,0,0,0,nba_boxscorematchupsv3
1,2025-26,Playoffs,Eastern Conference Finals,2026_cle_nyk_api_20261005,0042500301,1,2026-05-19,1610612739,CLE,1629731,Dean Wade,1610612752,NYK,1628973,Jalen Brunson,317,20.6,30.539500000000004,49.608760000000004,53.7,3,26,2,0,0,0,1,2,50.0,1,2,50.0,0,0,0,0,0,0,0,nba_boxscorematchupsv3
1,2025-26,Playoffs,Eastern Conference Finals,2026_cle_nyk_api_20261005,0042500301,1,2026-05-19,1610612739,CLE,1629731,Dean Wade,1610612752,NYK,203903,Jordan Clarkson,77,3.4,17.82407,12.050080000000001,57.4,4,4,0,0,0,0,1,1,100.0,1,1,100.0,1,1,1,0,0,0,0,nba_boxscorematchupsv3
1,2025-26,Playoffs,Eastern Conference Finals,2026_cle_nyk_api_20261005,0042500301,1,2026-05-19,1610612739,CLE,1629731,Dean Wade,1610612752,NYK,1628404,Josh Hart,84,7.3,12.06897,13.14554,17.8,0,11,0,0,0,0,0,0,0.0,0,0,0.0,0,0,0,0,0,0,0,nba_boxscorematchupsv3
1,2025-26,Playoffs,Eastern Conference Finals,2026_cle_nyk_api_20261005,0042500301,1,2026-05-19,1610612739,CLE,1629731,Dean Wade,1610612752,NYK,1629011,Mitchell Robinson,3,0.6,0.84507,0.46948,5.6000000000000005,0,0,0,0,0,0,0,0,0.0,0,0,0.0,0,0,0,0,0,0,0,nba_boxscorematchupsv3
1,2025-26,Playoffs,Eastern Conference Finals,2026_cle_nyk_api_20261005,0042500301,1,2026-05-19,1610612739,CLE,1629731,Dean Wade,1610612752,NYK,1629013,Landry Shamet,14,0.9,3.7433199999999998,2.19092,6.5,0,0,0,0,0,0,0,0,0.0,0,0,0.0,0,0,0,0,0,0,0,nba_boxscorematchupsv3
1,2025-26,Playoffs,Eastern Conference Finals,2026_cle_nyk_api_20261005,0042500301,1,2026-05-19,1610612739,CLE,1629731,Dean Wade,1610612752,NYK,1626157,Karl-Anthony Towns,82,6.6,9.20314,12.832550000000001,14.7,3,5,0,0,0,0,1,1,100.0,1,1,100.0,0,0,0,0,0,0,0,nba_boxscorematchupsv3
1,2025-26,Playoffs,Eastern Conference Finals,2026_cle_nyk_api_20261005,0042500301,1,2026-05-19,1610612739,CLE,1628386,Jarrett Allen,1610612752,NYK,1630631,Jose Alvarado,1,0.1,0.6134999999999999,0.12739,6.7,0,0,0,0,0,0,0,0,0.0,0,0,0.0,0,0,0,0,0,0,0,nba_boxscorematchupsv3
1,2025-26,Playoffs,Eastern Conference Finals,2026_cle_nyk_api_20261005,0042500301,1,2026-05-19,1610612739,CLE,1628386,Jarrett Allen,1610612752,NYK,1628384,OG Anunoby,249,17.5,34.87395,31.71975,33.900000000000006,2,13,0,0,0,0,0,0,0.0,0,0,0.0,2,4,2,0,0,0,0,nba_boxscorematchupsv3
1,2025-26,Playoffs,Eastern Conference Finals,2026_cle_nyk_api_20261005,0042500301,1,2026-05-19,1610612739,CLE,1628386,Jarrett Allen,1610612752,NYK,1628969,Mikal Bridges,48,6.4,5.08475,6.11465,7.1,4,8,1,0,0,0,2,2,100.0,0,0,0.0,0,0,0,0,0,0,0,nba_boxscorematchupsv3
1,2025-26,Playoffs,Eastern Conference Finals,2026_cle_nyk_api_20261005,0042500301,1,2026-05-19,1610612739,CLE,1628386,Jarrett Allen,1610612752,NYK,1628973,Jalen Brunson,46,5.8,4.4316,5.85987,9.5,1,6,0,0,0,0,0,0,0.0,0,0,0.0,1,2,1,0,0,0,0,nba_boxscorematchupsv3
1,2025-26,Playoffs,Eastern Conference Finals,2026_cle_nyk_api_20261005,0042500301,1,2026-05-19,1610612739,CLE,1628386,Jarrett Allen,1610612752,NYK,1628404,Josh Hart,22,2.8,3.1609199999999995,2.8025499999999997,9.5,1,3,0,0,0,0,0,0,0.0,0,0,0.0,1,2,1,0,0,0,0,nba_boxscorematchupsv3
1,2025-26,Playoffs,Eastern Conference Finals,2026_cle_nyk_api_20261005,0042500301,1,2026-05-19,1610612739,CLE,1628386,Jarrett Allen,1610612752,NYK,1630540,Miles McBride,13,0.4,3.00231,1.6560499999999998,12.3,0,2,1,0,0,0,0,0,0.0,0,0,0.0,0,0,0,0,0,0,0,nba_boxscorematchupsv3
1,2025-26,Playoffs,Eastern Conference Finals,2026_cle_nyk_api_20261005,0042500301,1,2026-05-19,1610612739,CLE,1628386,Jarrett Allen,1610612752,NYK,1629011,Mitchell Robinson,111,7.8,31.26761,14.140130000000001,72.39999999999999,2,10,0,0,0,0,1,1,100.0,0,0,0.0,0,0,0,0,0,0,0,nba_boxscorematchupsv3
1,2025-26,Playoffs,Eastern Conference Finals,2026_cle_nyk_api_20261005,0042500301,1,2026-05-19,1610612739,CLE,1628386,Jarrett Allen,1610612752,NYK,1629013,Landry Shamet,2,0.5,0.53476,0.25478,2.5,0,0,0,0,0,0,0,0,0.0,0,0,0.0,0,0,0,0,0,0,0,nba_boxscorematchupsv3
1,2025-26,Playoffs,Eastern Conference Finals,2026_cle_nyk_api_20261005,0042500301,1,2026-05-19,1610612739,CLE,1628386,Jarrett Allen,1610612752,NYK,1626157,Karl-Anthony Towns,293,21.1,32.8844,37.324839999999995,43.8,0,30,1,0,1,0,0,3,0.0,0,0,0.0,0,0,0,0,0,0,0,nba_boxscorematchupsv3
1,2025-26,Playoffs,Eastern Conference Finals,2026_cle_nyk_api_20261005,0042500301,1,2026-05-19,1610612739,CLE,201935,James Harden,1610612752,NYK,1630631,Jose Alvarado,1,0.1,0.6134999999999999,0.10504,2.4,0,0,0,0,0,0,0,0,0.0,0,0,0.0,0,0,0,0,0,0,0,nba_boxscorematchupsv3
1,2025-26,Playoffs,Eastern Conference Finals,2026_cle_nyk_api_20261005,0042500301,1,2026-05-19,1610612739,CLE,201935,James Harden,1610612752,NYK,1628384,OG Anunoby,35,6.5,4.901960000000001,3.6764699999999997,9.1,0,2,0,0,0,0,0,0,0.0,0,0,0.0,0,0,0,0,0,0,0,nba_boxscorematchupsv3
1,2025-26,Playoffs,Eastern Conference Finals,2026_cle_nyk_api_20261005,0042500301,1,2026-05-19,1610612739,CLE,201935,James Harden,1610612752,NYK,1628969,Mikal Bridges,509,33.6,53.91949,53.46639,52.7,2,32,3,0,1,0,1,7,14.299999999999999,0,3,0.0,0,0,0,0,0,0,0,nba_boxscorematchupsv3
1,2025-26,Playoffs,Eastern Conference Finals,2026_cle_nyk_api_20261005,0042500301,1,2026-05-19,1610612739,CLE,201935,James Harden,1610612752,NYK,1628973,Jalen Brunson,93,8.2,8.95954,9.76891,11.600000000000001,5,9,0,0,0,0,2,4,50.0,0,2,0.0,1,2,0,0,0,0,0,nba_boxscorematchupsv3
1,2025-26,Playoffs,Eastern Conference Finals,2026_cle_nyk_api_20261005,0042500301,1,2026-05-19,1610612739,CLE,201935,James Harden,1610612752,NYK,203903,Jordan Clarkson,19,1.5,4.39815,1.9958,14.2,0,0,0,0,0,0,0,0,0.0,0,0,0.0,0,0,0,0,0,0,0,nba_boxscorematchupsv3
1,2025-26,Playoffs,Eastern Conference Finals,2026_cle_nyk_api_20261005,0042500301,1,2026-05-19,1610612739,CLE,201935,James Harden,1610612752,NYK,1628404,Josh Hart,161,12.0,23.132179999999998,16.91176,31.3,0,19,0,0,1,0,0,1,0.0,0,1,0.0,0,0,0,0,0,0,0,nba_boxscorematchupsv3
1,2025-26,Playoffs,Eastern Conference Finals,2026_cle_nyk_api_20261005,0042500301,1,2026-05-19,1610612739,CLE,201935,James Harden,1610612752,NYK,1630540,Miles McBride,43,4.1,9.930719999999999,4.51681,31.4,2,4,0,0,1,0,0,0,0.0,0,0,0.0,2,2,1,0,0,0,0,nba_boxscorematchupsv3
1,2025-26,Playoffs,Eastern Conference Finals,2026_cle_nyk_api_20261005,0042500301,1,2026-05-19,1610612739,CLE,201935,James Harden,1610612752,NYK,1629011,Mitchell Robinson,22,1.2,6.19718,2.31092,9.5,3,3,0,0,0,0,1,1,100.0,1,1,100.0,0,0,0,0,0,0,0,nba_boxscorematchupsv3
1,2025-26,Playoffs,Eastern Conference Finals,2026_cle_nyk_api_20261005,0042500301,1,2026-05-19,1610612739,CLE,201935,James Harden,1610612752,NYK,1629013,Landry Shamet,7,1.2,1.8716599999999999,0.73529,2.5,0,3,0,0,0,0,0,0,0.0,0,0,0.0,0,0,0,0,0,0,0,nba_boxscorematchupsv3
1,2025-26,Playoffs,Eastern Conference Finals,2026_cle_nyk_api_20261005,0042500301,1,2026-05-19,1610612739,CLE,201935,James Harden,1610612752,NYK,1626157,Karl-Anthony Towns,62,6.0,6.95847,6.5126100000000005,7.8,3,6,0,0,2,0,1,3,33.300000000000004,0,1,0.0,1,2,1,0,0,0,0,nba_boxscorematchupsv3
1,2025-26,Playoffs,Eastern Conference Finals,2026_cle_nyk_api_20261005,0042500301,1,2026-05-19,1610612739,CLE,1628378,Donovan Mitchell,1610612752,NYK,1630631,Jose Alvarado,7,0.3,4.29448,0.7575799999999999,5.1,2,2,0,0,0,0,1,1,100.0,0,0,0.0,0,0,0,0,0,0,0,nba_boxscorematchupsv3
1,2025-26,Playoffs,Eastern Conference Finals,2026_cle_nyk_api_20261005,0042500301,1,2026-05-19,1610612739,CLE,1628378,Donovan Mitchell,1610612752,NYK,1628384,OG Anunoby,32,4.5,4.48179,3.4632000000000005,8.6,0,2,0,0,0,0,0,1,0.0,0,1,0.0,0,0,0,0,0,0,0,nba_boxscorematchupsv3
1,2025-26,Playoffs,Eastern Conference Finals,2026_cle_nyk_api_20261005,0042500301,1,2026-05-19,1610612739,CLE,1628378,Donovan Mitchell,1610612752,NYK,1628969,Mikal Bridges,113,11.6,11.97034,12.22944,17.599999999999998,11,18,0,0,1,0,4,4,100.0,2,2,100.0,1,1,1,0,0,0,0,nba_boxscorematchupsv3
1,2025-26,Playoffs,Eastern Conference Finals,2026_cle_nyk_api_20261005,0042500301,1,2026-05-19,1610612739,CLE,1628378,Donovan Mitchell,1610612752,NYK,1628973,Jalen Brunson,65,5.5,6.262040000000001,7.03463,7.8,2,4,1,0,0,0,1,1,100.0,0,0,0.0,0,0,0,0,0,0,0,nba_boxscorematchupsv3
1,2025-26,Playoffs,Eastern Conference Finals,2026_cle_nyk_api_20261005,0042500301,1,2026-05-19,1610612739,CLE,1628378,Donovan Mitchell,1610612752,NYK,203903,Jordan Clarkson,14,1.3,3.24074,1.51515,4.7,0,0,0,0,0,0,0,0,0.0,0,0,0.0,0,0,0,0,0,0,0,nba_boxscorematchupsv3
1,2025-26,Playoffs,Eastern Conference Finals,2026_cle_nyk_api_20261005,0042500301,1,2026-05-19,1610612739,CLE,1628378,Donovan Mitchell,1610612752,NYK,1628404,Josh Hart,187,17.7,26.86782,20.2381,34.1,9,14,1,0,2,0,4,8,50.0,1,5,20.0,0,0,0,0,0,0,0,nba_boxscorematchupsv3
1,2025-26,Playoffs,Eastern Conference Finals,2026_cle_nyk_api_20261005,0042500301,1,2026-05-19,1610612739,CLE,1628378,Donovan Mitchell,1610612752,NYK,1630540,Miles McBride,203,14.8,46.882220000000004,21.9697,65.8,2,9,0,0,0,0,1,3,33.300000000000004,0,1,0.0,0,0,0,0,0,0,0,nba_boxscorematchupsv3
1,2025-26,Playoffs,Eastern Conference Finals,2026_cle_nyk_api_20261005,0042500301,1,2026-05-19,1610612739,CLE,1628378,Donovan Mitchell,1610612752,NYK,1629011,Mitchell Robinson,8,1.3,2.25352,0.8658000000000001,5.5,0,0,0,0,0,0,0,0,0.0,0,0,0.0,0,0,0,0,0,0,0,nba_boxscorematchupsv3
1,2025-26,Playoffs,Eastern Conference Finals,2026_cle_nyk_api_20261005,0042500301,1,2026-05-19,1610612739,CLE,1628378,Donovan Mitchell,1610612752,NYK,1629013,Landry Shamet,257,16.4,68.71658000000001,27.813850000000002,69.89999999999999,0,17,0,0,0,0,0,3,0.0,0,1,0.0,0,0,0,0,0,0,0,nba_boxscorematchupsv3
1,2025-26,Playoffs,Eastern Conference Finals,2026_cle_nyk_api_20261005,0042500301,1,2026-05-19,1610612739,CLE,1628378,Donovan Mitchell,1610612752,NYK,1626157,Karl-Anthony Towns,38,4.2,4.26487,4.112550000000001,6.4,3,7,0,0,0,1,1,2,50.0,1,1,100.0,0,0,0,0,0,0,0,nba_boxscorematchupsv3
1,2025-26,Playoffs,Eastern Conference Finals,2026_cle_nyk_api_20261005,0042500301,1,2026-05-19,1610612739,CLE,1629622,Max Strus,1610612752,NYK,1630631,Jose Alvarado,54,3.3,33.12883,8.82353,33.4,0,2,0,0,0,0,0,0,0.0,0,0,0.0,0,0,0,0,0,0,0,nba_boxscorematchupsv3
1,2025-26,Playoffs,Eastern Conference Finals,2026_cle_nyk_api_20261005,0042500301,1,2026-05-19,1610612739,CLE,1629622,Max Strus,1610612752,NYK,1628384,OG Anunoby,73,4.6,10.22409,11.9281,30.7,3,7,0,0,1,0,1,3,33.300000000000004,1,3,33.300000000000004,0,0,0,0,0,0,0,nba_boxscorematchupsv3
1,2025-26,Playoffs,Eastern Conference Finals,2026_cle_nyk_api_20261005,0042500301,1,2026-05-19,1610612739,CLE,1629622,Max Strus,1610612752,NYK,1628969,Mikal Bridges,48,6.9,5.08475,7.84314,18.3,0,3,0,0,1,0,0,0,0.0,0,0,0.0,0,0,0,0,0,0,0,nba_boxscorematchupsv3
1,2025-26,Playoffs,Eastern Conference Finals,2026_cle_nyk_api_20261005,0042500301,1,2026-05-19,1610612739,CLE,1629622,Max Strus,1610612752,NYK,1628973,Jalen Brunson,110,9.3,10.5973,17.97386,21.0,3,10,0,0,0,0,1,1,100.0,1,1,100.0,0,0,0,0,0,0,0,nba_boxscorematchupsv3
1,2025-26,Playoffs,Eastern Conference Finals,2026_cle_nyk_api_20261005,0042500301,1,2026-05-19,1610612739,CLE,1629622,Max Strus,1610612752,NYK,203903,Jordan Clarkson,37,4.3,8.564810000000001,6.04575,10.4,0,7,0,0,0,0,0,1,0.0,0,1,0.0,0,0,0,0,0,0,0,nba_boxscorematchupsv3
1,2025-26,Playoffs,Eastern Conference Finals,2026_cle_nyk_api_20261005,0042500301,1,2026-05-19,1610612739,CLE,1629622,Max Strus,1610612752,NYK,1628404,Josh Hart,115,8.7,16.52299,18.79085,26.8,2,4,0,0,1,0,0,0,0.0,0,0,0.0,2,2,0,0,0,0,0,nba_boxscorematchupsv3
1,2025-26,Playoffs,Eastern Conference Finals,2026_cle_nyk_api_20261005,0042500301,1,2026-05-19,1610612739,CLE,1629622,Max Strus,1610612752,NYK,1630540,Miles McBride,112,7.3,25.86605,18.300649999999997,25.1,0,10,1,0,0,0,0,0,0.0,0,0,0.0,0,0,0,0,0,0,0,nba_boxscorematchupsv3
1,2025-26,Playoffs,Eastern Conference Finals,2026_cle_nyk_api_20261005,0042500301,1,2026-05-19,1610612739,CLE,1629622,Max Strus,1610612752,NYK,1629011,Mitchell Robinson,15,1.3,4.22535,2.4509800000000004,7.3999999999999995,0,0,0,0,0,0,0,0,0.0,0,0,0.0,0,0,0,0,0,0,0,nba_boxscorematchupsv3
1,2025-26,Playoffs,Eastern Conference Finals,2026_cle_nyk_api_20261005,0042500301,1,2026-05-19,1610612739,CLE,1629622,Max Strus,1610612752,NYK,1629013,Landry Shamet,34,3.0,9.090910000000001,5.55556,49.5,0,1,0,0,0,0,0,0,0.0,0,0,0.0,0,0,0,0,0,0,0,nba_boxscorematchupsv3
1,2025-26,Playoffs,Eastern Conference Finals,2026_cle_nyk_api_20261005,0042500301,1,2026-05-19,1610612739,CLE,1629622,Max Strus,1610612752,NYK,1626157,Karl-Anthony Towns,14,0.4,1.57127,2.28758,3.4000000000000004,0,0,0,0,0,0,0,1,0.0,0,1,0.0,0,0,0,0,0,0,0,nba_boxscorematchupsv3
1,2025-26,Playoffs,Eastern Conference Finals,2026_cle_nyk_api_20261005,0042500301,1,2026-05-19,1610612739,CLE,1630241,Sam Merrill,1610612752,NYK,1628384,OG Anunoby,30,2.2,4.20168,4.552350000000001,7.199999999999999,3,3,0,0,0,0,1,1,100.0,1,1,100.0,0,0,0,0,0,0,0,nba_boxscorematchupsv3
1,2025-26,Playoffs,Eastern Conference Finals,2026_cle_nyk_api_20261005,0042500301,1,2026-05-19,1610612739,CLE,1630241,Sam Merrill,1610612752,NYK,1628969,Mikal Bridges,126,8.3,13.34746,19.119880000000002,22.3,0,12,1,0,0,0,0,0,0.0,0,0,0.0,0,0,0,0,0,0,0,nba_boxscorematchupsv3
1,2025-26,Playoffs,Eastern Conference Finals,2026_cle_nyk_api_20261005,0042500301,1,2026-05-19,1610612739,CLE,1630241,Sam Merrill,1610612752,NYK,1628973,Jalen Brunson,129,12.3,12.42775,19.575110000000002,23.9,0,5,0,0,1,0,0,0,0.0,0,0,0.0,0,0,0,0,0,0,0,nba_boxscorematchupsv3
1,2025-26,Playoffs,Eastern Conference Finals,2026_cle_nyk_api_20261005,0042500301,1,2026-05-19,1610612739,CLE,1630241,Sam Merrill,1610612752,NYK,203903,Jordan Clarkson,219,18.1,50.69443999999999,33.232169999999996,69.69999999999999,0,10,0,0,0,0,0,1,0.0,0,1,0.0,0,0,0,0,0,0,0,nba_boxscorematchupsv3
1,2025-26,Playoffs,Eastern Conference Finals,2026_cle_nyk_api_20261005,0042500301,1,2026-05-19,1610612739,CLE,1630241,Sam Merrill,1610612752,NYK,1628404,Josh Hart,60,3.0,8.62069,9.104700000000001,15.2,6,9,1,0,0,0,2,4,50.0,1,3,33.300000000000004,1,1,1,0,0,0,0,nba_boxscorematchupsv3
1,2025-26,Playoffs,Eastern Conference Finals,2026_cle_nyk_api_20261005,0042500301,1,2026-05-19,1610612739,CLE,1630241,Sam Merrill,1610612752,NYK,1630540,Miles McBride,15,2.2,3.4642,2.27618,6.1,0,0,0,0,0,0,0,0,0.0,0,0,0.0,0,0,0,0,0,0,0,nba_boxscorematchupsv3
1,2025-26,Playoffs,Eastern Conference Finals,2026_cle_nyk_api_20261005,0042500301,1,2026-05-19,1610612739,CLE,1630241,Sam Merrill,1610612752,NYK,1629011,Mitchell Robinson,24,1.9,6.76056,3.64188,9.4,3,5,0,0,0,0,1,2,50.0,1,2,50.0,0,0,0,0,0,0,0,nba_boxscorematchupsv3
1,2025-26,Playoffs,Eastern Conference Finals,2026_cle_nyk_api_20261005,0042500301,1,2026-05-19,1610612739,CLE,1630241,Sam Merrill,1610612752,NYK,1629013,Landry Shamet,43,3.7,11.49733,6.52504,20.5,0,4,0,0,0,0,0,0,0.0,0,0,0.0,0,0,0,0,0,0,0,nba_boxscorematchupsv3
1,2025-26,Playoffs,Eastern Conference Finals,2026_cle_nyk_api_20261005,0042500301,1,2026-05-19,1610612739,CLE,1630241,Sam Merrill,1610612752,NYK,1626157,Karl-Anthony Towns,13,1.4,1.45903,1.9726899999999998,7.3999999999999995,0,0,0,0,0,0,0,1,0.0,0,1,0.0,0,0,0,0,0,0,0,nba_boxscorematchupsv3
1,2025-26,Playoffs,Eastern Conference Finals,2026_cle_nyk_api_20261005,0042500301,1,2026-05-19,1610612739,CLE,203471,Dennis Schröder,1610612752,NYK,1630631,Jose Alvarado,72,4.1,44.17178,15.41756,53.300000000000004,0,4,0,0,0,0,0,1,0.0,0,0,0.0,0,0,0,0,0,0,0,nba_boxscorematchupsv3
1,2025-26,Playoffs,Eastern Conference Finals,2026_cle_nyk_api_20261005,0042500301,1,2026-05-19,1610612739,CLE,203471,Dennis Schröder,1610612752,NYK,1628969,Mikal Bridges,32,2.2,3.38983,6.85225,13.200000000000001,0,3,1,0,0,0,0,0,0.0,0,0,0.0,0,0,0,0,0,0,0,nba_boxscorematchupsv3
1,2025-26,Playoffs,Eastern Conference Finals,2026_cle_nyk_api_20261005,0042500301,1,2026-05-19,1610612739,CLE,203471,Dennis Schröder,1610612752,NYK,1628973,Jalen Brunson,216,17.5,20.809250000000002,46.25268,61.8,0,11,0,0,0,0,0,4,0.0,0,1,0.0,0,0,0,0,0,0,0,nba_boxscorematchupsv3
1,2025-26,Playoffs,Eastern Conference Finals,2026_cle_nyk_api_20261005,0042500301,1,2026-05-19,1610612739,CLE,203471,Dennis Schröder,1610612752,NYK,203903,Jordan Clarkson,26,3.2,6.0185200000000005,5.56745,7.199999999999999,0,5,1,0,0,1,0,0,0.0,0,0,0.0,0,0,0,0,0,0,0,nba_boxscorematchupsv3
1,2025-26,Playoffs,Eastern Conference Finals,2026_cle_nyk_api_20261005,0042500301,1,2026-05-19,1610612739,CLE,203471,Dennis Schröder,1610612752,NYK,1628404,Josh Hart,53,4.0,7.614940000000001,11.34904,19.3,0,2,0,0,0,0,0,1,0.0,0,0,0.0,0,0,0,0,0,0,0,nba_boxscorematchupsv3
1,2025-26,Playoffs,Eastern Conference Finals,2026_cle_nyk_api_20261005,0042500301,1,2026-05-19,1610612739,CLE,203471,Dennis Schröder,1610612752,NYK,1630540,Miles McBride,36,3.4,8.31409,7.70878,8.1,0,0,0,0,0,0,0,1,0.0,0,1,0.0,0,0,0,0,0,0,0,nba_boxscorematchupsv3
1,2025-26,Playoffs,Eastern Conference Finals,2026_cle_nyk_api_20261005,0042500301,1,2026-05-19,1610612739,CLE,203471,Dennis Schröder,1610612752,NYK,1629011,Mitchell Robinson,15,1.5,4.22535,3.21199,6.1,3,5,1,0,0,0,1,2,50.0,1,2,50.0,0,0,0,0,0,0,0,nba_boxscorematchupsv3
1,2025-26,Playoffs,Eastern Conference Finals,2026_cle_nyk_api_20261005,0042500301,1,2026-05-19,1610612739,CLE,203471,Dennis Schröder,1610612752,NYK,1626157,Karl-Anthony Towns,17,2.3,1.9079700000000002,3.64026,10.299999999999999,0,0,1,0,0,0,0,0,0.0,0,0,0.0,0,0,0,0,0,0,0,nba_boxscorematchupsv3
1,2025-26,Playoffs,Eastern Conference Finals,2026_cle_nyk_api_20261005,0042500301,1,2026-05-19,1610612739,CLE,1631165,Keon Ellis,1610612752,NYK,1630631,Jose Alvarado,25,0.7,15.337419999999998,20.491799999999998,78.10000000000001,0,3,0,0,0,0,0,0,0.0,0,0,0.0,0,0,0,0,0,0,0,nba_boxscorematchupsv3
1,2025-26,Playoffs,Eastern Conference Finals,2026_cle_nyk_api_20261005,0042500301,1,2026-05-19,1610612739,CLE,1631165,Keon Ellis,1610612752,NYK,1628384,OG Anunoby,70,4.6,9.803920000000002,57.37705,68.0,0,8,0,0,0,0,0,0,0.0,0,0,0.0,0,0,0,0,0,0,0,nba_boxscorematchupsv3
1,2025-26,Playoffs,Eastern Conference Finals,2026_cle_nyk_api_20261005,0042500301,1,2026-05-19,1610612739,CLE,1631165,Keon Ellis,1610612752,NYK,1628969,Mikal Bridges,2,0.7,0.21186,1.6393399999999998,7.3999999999999995,0,0,0,0,0,0,0,0,0.0,0,0,0.0,0,0,0,0,0,0,0,nba_boxscorematchupsv3
1,2025-26,Playoffs,Eastern Conference Finals,2026_cle_nyk_api_20261005,0042500301,1,2026-05-19,1610612739,CLE,1631165,Keon Ellis,1610612752,NYK,1628973,Jalen Brunson,18,1.1,1.7341,14.754100000000001,17.0,0,2,0,0,1,0,0,0,0.0,0,0,0.0,0,0,0,0,0,0,0,nba_boxscorematchupsv3
1,2025-26,Playoffs,Eastern Conference Finals,2026_cle_nyk_api_20261005,0042500301,1,2026-05-19,1610612739,CLE,1631165,Keon Ellis,1610612752,NYK,1628404,Josh Hart,1,0.2,0.14368,0.8196699999999999,5.3,0,0,0,0,0,0,0,0,0.0,0,0,0.0,0,0,0,0,0,0,0,nba_boxscorematchupsv3
1,2025-26,Playoffs,Eastern Conference Finals,2026_cle_nyk_api_20261005,0042500301,1,2026-05-19,1610612739,CLE,1631165,Keon Ellis,1610612752,NYK,1629011,Mitchell Robinson,6,0.4,1.69014,4.91803,6.9,2,2,0,0,1,0,0,0,0.0,0,0,0.0,2,2,1,0,0,0,0,nba_boxscorematchupsv3
1,2025-26,Playoffs,Eastern Conference Finals,2026_cle_nyk_api_20261005,0042500302,2,2026-05-21,1610612752,NYK,1628384,OG Anunoby,1610612739,CLE,1628386,Jarrett Allen,98,8.4,14.47563,12.67788,15.8,3,5,0,0,0,0,1,1,100.0,1,1,100.0,0,0,0,0,0,0,0,nba_boxscorematchupsv3
1,2025-26,Playoffs,Eastern Conference Finals,2026_cle_nyk_api_20261005,0042500302,2,2026-05-21,1610612752,NYK,1628384,OG Anunoby,1610612739,CLE,201935,James Harden,351,20.7,46.49007,45.4075,43.2,7,42,1,0,0,0,2,3,66.7,1,2,50.0,2,2,1,0,0,0,0,nba_boxscorematchupsv3
1,2025-26,Playoffs,Eastern Conference Finals,2026_cle_nyk_api_20261005,0042500302,2,2026-05-21,1610612752,NYK,1628384,OG Anunoby,1610612739,CLE,1630241,Sam Merrill,13,2.5,2.08,1.68176,9.5,0,0,1,0,0,0,0,0,0.0,0,0,0.0,0,0,0,0,0,0,0,nba_boxscorematchupsv3
1,2025-26,Playoffs,Eastern Conference Finals,2026_cle_nyk_api_20261005,0042500302,2,2026-05-21,1610612752,NYK,1628384,OG Anunoby,1610612739,CLE,1628378,Donovan Mitchell,69,5.8,6.57769,8.92626,12.1,0,8,0,0,0,0,0,0,0.0,0,0,0.0,0,0,0,0,0,0,0,nba_boxscorematchupsv3
1,2025-26,Playoffs,Eastern Conference Finals,2026_cle_nyk_api_20261005,0042500302,2,2026-05-21,1610612752,NYK,1628384,OG Anunoby,1610612739,CLE,1630596,Evan Mobley,103,10.4,10.289710000000001,13.324710000000001,20.599999999999998,0,8,0,0,0,0,0,1,0.0,0,0,0.0,0,0,0,0,0,0,0,nba_boxscorematchupsv3
1,2025-26,Playoffs,Eastern Conference Finals,2026_cle_nyk_api_20261005,0042500302,2,2026-05-21,1610612752,NYK,1628384,OG Anunoby,1610612739,CLE,203471,Dennis Schröder,22,1.0,4.15094,2.84605,17.9,0,2,0,0,0,0,0,0,0.0,0,0,0.0,0,0,0,0,0,0,0,nba_boxscorematchupsv3
1,2025-26,Playoffs,Eastern Conference Finals,2026_cle_nyk_api_20261005,0042500302,2,2026-05-21,1610612752,NYK,1628384,OG Anunoby,1610612739,CLE,1629622,Max Strus,50,4.1,7.04225,6.468309999999999,12.2,0,5,0,0,0,0,0,0,0.0,0,0,0.0,0,0,0,0,0,0,0,nba_boxscorematchupsv3
1,2025-26,Playoffs,Eastern Conference Finals,2026_cle_nyk_api_20261005,0042500302,2,2026-05-21,1610612752,NYK,1628384,OG Anunoby,1610612739,CLE,1642281,Jaylon Tyson,13,1.7,5.39419,1.68176,14.499999999999998,2,6,0,0,0,0,1,1,100.0,0,0,0.0,0,0,0,0,0,0,0,nba_boxscorematchupsv3
1,2025-26,Playoffs,Eastern Conference Finals,2026_cle_nyk_api_20261005,0042500302,2,2026-05-21,1610612752,NYK,1628384,OG Anunoby,1610612739,CLE,1629731,Dean Wade,54,5.7,11.6129,6.98577,15.299999999999999,2,5,1,0,0,0,1,1,100.0,0,0,0.0,0,0,0,0,0,0,0,nba_boxscorematchupsv3
1,2025-26,Playoffs,Eastern Conference Finals,2026_cle_nyk_api_20261005,0042500302,2,2026-05-21,1610612752,NYK,1628404,Josh Hart,1610612739,CLE,1628386,Jarrett Allen,389,20.0,57.45938,43.56103,50.8,12,30,1,0,0,1,5,11,45.5,2,6,33.300000000000004,0,0,0,0,0,0,0,nba_boxscorematchupsv3
1,2025-26,Playoffs,Eastern Conference Finals,2026_cle_nyk_api_20261005,0042500302,2,2026-05-21,1610612752,NYK,1628404,Josh Hart,1610612739,CLE,201935,James Harden,48,6.3,6.35762,5.37514,10.5,3,6,2,0,1,0,1,2,50.0,0,0,0.0,1,2,1,0,0,0,0,nba_boxscorematchupsv3
1,2025-26,Playoffs,Eastern Conference Finals,2026_cle_nyk_api_20261005,0042500302,2,2026-05-21,1610612752,NYK,1628404,Josh Hart,1610612739,CLE,1630241,Sam Merrill,66,3.4,10.56,7.39082,19.8,0,1,0,0,0,0,0,0,0.0,0,0,0.0,0,0,0,0,0,0,0,nba_boxscorematchupsv3
1,2025-26,Playoffs,Eastern Conference Finals,2026_cle_nyk_api_20261005,0042500302,2,2026-05-21,1610612752,NYK,1628404,Josh Hart,1610612739,CLE,1628378,Donovan Mitchell,99,10.2,9.437560000000001,11.08623,18.6,2,6,0,0,0,0,1,1,100.0,0,0,0.0,0,0,0,0,0,0,0,nba_boxscorematchupsv3
1,2025-26,Playoffs,Eastern Conference Finals,2026_cle_nyk_api_20261005,0042500302,2,2026-05-21,1610612752,NYK,1628404,Josh Hart,1610612739,CLE,1630596,Evan Mobley,164,6.6,16.38362,18.36506,18.8,6,9,1,0,0,1,2,5,40.0,2,3,66.7,0,0,0,0,0,0,0,nba_boxscorematchupsv3
1,2025-26,Playoffs,Eastern Conference Finals,2026_cle_nyk_api_20261005,0042500302,2,2026-05-21,1610612752,NYK,1628404,Josh Hart,1610612739,CLE,203471,Dennis Schröder,10,0.7,1.88679,1.11982,4.3999999999999995,0,4,1,0,0,0,0,0,0.0,0,0,0.0,0,0,0,0,0,0,0,nba_boxscorematchupsv3
1,2025-26,Playoffs,Eastern Conference Finals,2026_cle_nyk_api_20261005,0042500302,2,2026-05-21,1610612752,NYK,1628404,Josh Hart,1610612739,CLE,1629622,Max Strus,50,3.1,7.04225,5.5991,7.7,3,7,0,0,0,0,1,2,50.0,1,2,50.0,0,0,0,0,0,0,0,nba_boxscorematchupsv3
1,2025-26,Playoffs,Eastern Conference Finals,2026_cle_nyk_api_20261005,0042500302,2,2026-05-21,1610612752,NYK,1628404,Josh Hart,1610612739,CLE,1642281,Jaylon Tyson,31,1.3,12.863069999999999,3.47144,25.1,0,3,1,0,0,0,0,0,0.0,0,0,0.0,0,0,0,0,0,0,0,nba_boxscorematchupsv3
1,2025-26,Playoffs,Eastern Conference Finals,2026_cle_nyk_api_20261005,0042500302,2,2026-05-21,1610612752,NYK,1628404,Josh Hart,1610612739,CLE,1629731,Dean Wade,36,4.0,7.74194,4.03135,9.4,0,6,0,0,0,0,0,0,0.0,0,0,0.0,0,0,0,0,0,0,0,nba_boxscorematchupsv3
1,2025-26,Playoffs,Eastern Conference Finals,2026_cle_nyk_api_20261005,0042500302,2,2026-05-21,1610612752,NYK,1626157,Karl-Anthony Towns,1610612739,CLE,1628386,Jarrett Allen,71,9.7,10.487440000000001,7.57737,16.2,4,12,0,0,0,1,2,2,100.0,0,0,0.0,0,0,0,0,0,0,0,nba_boxscorematchupsv3
1,2025-26,Playoffs,Eastern Conference Finals,2026_cle_nyk_api_20261005,0042500302,2,2026-05-21,1610612752,NYK,1626157,Karl-Anthony Towns,1610612739,CLE,201935,James Harden,71,5.6,9.403970000000001,7.57737,10.299999999999999,3,6,0,0,0,0,1,1,100.0,1,1,100.0,0,0,0,0,0,0,0,nba_boxscorematchupsv3
1,2025-26,Playoffs,Eastern Conference Finals,2026_cle_nyk_api_20261005,0042500302,2,2026-05-21,1610612752,NYK,1626157,Karl-Anthony Towns,1610612739,CLE,1630241,Sam Merrill,23,1.3,3.6799999999999997,2.45464,5.4,0,4,0,0,0,0,0,0,0.0,0,0,0.0,0,0,0,0,0,0,0,nba_boxscorematchupsv3
1,2025-26,Playoffs,Eastern Conference Finals,2026_cle_nyk_api_20261005,0042500302,2,2026-05-21,1610612752,NYK,1626157,Karl-Anthony Towns,1610612739,CLE,1628378,Donovan Mitchell,39,3.7,3.7178299999999997,4.16222,5.2,0,5,0,0,0,0,0,0,0.0,0,0,0.0,0,0,0,0,0,0,0,nba_boxscorematchupsv3
1,2025-26,Playoffs,Eastern Conference Finals,2026_cle_nyk_api_20261005,0042500302,2,2026-05-21,1610612752,NYK,1626157,Karl-Anthony Towns,1610612739,CLE,1630596,Evan Mobley,440,23.7,43.95604,46.95838,53.7,7,37,1,0,0,1,3,5,60.0,1,2,50.0,0,0,0,0,0,0,0,nba_boxscorematchupsv3
1,2025-26,Playoffs,Eastern Conference Finals,2026_cle_nyk_api_20261005,0042500302,2,2026-05-21,1610612752,NYK,1626157,Karl-Anthony Towns,1610612739,CLE,203471,Dennis Schröder,10,0.3,1.88679,1.06724,3.1,0,0,0,0,0,0,0,0,0.0,0,0,0.0,0,0,0,0,0,0,0,nba_boxscorematchupsv3
1,2025-26,Playoffs,Eastern Conference Finals,2026_cle_nyk_api_20261005,0042500302,2,2026-05-21,1610612752,NYK,1626157,Karl-Anthony Towns,1610612739,CLE,1629622,Max Strus,151,8.3,21.26761,16.11526,26.3,3,10,0,0,0,0,1,2,50.0,1,1,100.0,0,0,0,0,0,0,0,nba_boxscorematchupsv3
1,2025-26,Playoffs,Eastern Conference Finals,2026_cle_nyk_api_20261005,0042500302,2,2026-05-21,1610612752,NYK,1626157,Karl-Anthony Towns,1610612739,CLE,1642281,Jaylon Tyson,61,2.5,25.3112,6.510140000000001,34.0,0,3,0,0,0,0,0,0,0.0,0,0,0.0,0,0,0,0,0,0,0,nba_boxscorematchupsv3
1,2025-26,Playoffs,Eastern Conference Finals,2026_cle_nyk_api_20261005,0042500302,2,2026-05-21,1610612752,NYK,1626157,Karl-Anthony Towns,1610612739,CLE,1629731,Dean Wade,71,4.1,15.26882,7.57737,15.7,1,7,0,0,0,0,0,2,0.0,0,1,0.0,1,2,1,0,0,0,0,nba_boxscorematchupsv3
1,2025-26,Playoffs,Eastern Conference Finals,2026_cle_nyk_api_20261005,0042500302,2,2026-05-21,1610612752,NYK,1628969,Mikal Bridges,1610612739,CLE,1628386,Jarrett Allen,35,5.0,5.16987,3.48259,9.1,3,7,0,0,0,0,1,2,50.0,1,1,100.0,0,0,0,0,0,0,0,nba_boxscorematchupsv3
1,2025-26,Playoffs,Eastern Conference Finals,2026_cle_nyk_api_20261005,0042500302,2,2026-05-21,1610612752,NYK,1628969,Mikal Bridges,1610612739,CLE,201935,James Harden,91,13.8,12.05298,9.05473,16.6,8,12,0,0,0,0,4,4,100.0,0,0,0.0,0,0,0,0,0,0,0,nba_boxscorematchupsv3
1,2025-26,Playoffs,Eastern Conference Finals,2026_cle_nyk_api_20261005,0042500302,2,2026-05-21,1610612752,NYK,1628969,Mikal Bridges,1610612739,CLE,1630241,Sam Merrill,167,10.7,26.72,16.61692,37.0,2,21,1,0,0,0,1,2,50.0,0,0,0.0,0,0,0,0,0,0,0,nba_boxscorematchupsv3
1,2025-26,Playoffs,Eastern Conference Finals,2026_cle_nyk_api_20261005,0042500302,2,2026-05-21,1610612752,NYK,1628969,Mikal Bridges,1610612739,CLE,1628378,Donovan Mitchell,401,22.2,38.22688,39.9005,43.5,0,21,0,0,0,0,0,0,0.0,0,0,0.0,0,0,0,0,0,0,0,nba_boxscorematchupsv3
1,2025-26,Playoffs,Eastern Conference Finals,2026_cle_nyk_api_20261005,0042500302,2,2026-05-21,1610612752,NYK,1628969,Mikal Bridges,1610612739,CLE,1630596,Evan Mobley,50,3.0,4.995,4.97512,6.2,4,9,0,0,0,0,2,3,66.7,0,0,0.0,0,0,0,0,0,0,0,nba_boxscorematchupsv3
1,2025-26,Playoffs,Eastern Conference Finals,2026_cle_nyk_api_20261005,0042500302,2,2026-05-21,1610612752,NYK,1628969,Mikal Bridges,1610612739,CLE,203471,Dennis Schröder,19,1.7,3.5849100000000003,1.89055,5.800000000000001,0,2,0,0,0,0,0,0,0.0,0,0,0.0,0,0,0,0,0,0,0,nba_boxscorematchupsv3
1,2025-26,Playoffs,Eastern Conference Finals,2026_cle_nyk_api_20261005,0042500302,2,2026-05-21,1610612752,NYK,1628969,Mikal Bridges,1610612739,CLE,1629622,Max Strus,139,7.7,19.57746,13.83085,22.2,2,14,2,0,0,0,1,1,100.0,0,0,0.0,0,0,0,0,0,0,0,nba_boxscorematchupsv3
1,2025-26,Playoffs,Eastern Conference Finals,2026_cle_nyk_api_20261005,0042500302,2,2026-05-21,1610612752,NYK,1628969,Mikal Bridges,1610612739,CLE,1642281,Jaylon Tyson,57,4.0,23.65145,5.67164,32.4,0,2,0,0,0,0,0,0,0.0,0,0,0.0,0,0,0,0,0,0,0,nba_boxscorematchupsv3
1,2025-26,Playoffs,Eastern Conference Finals,2026_cle_nyk_api_20261005,0042500302,2,2026-05-21,1610612752,NYK,1628969,Mikal Bridges,1610612739,CLE,1629731,Dean Wade,46,2.6,9.892470000000001,4.57711,8.200000000000001,0,4,0,0,0,0,0,0,0.0,0,0,0.0,0,0,0,0,0,0,0,nba_boxscorematchupsv3
1,2025-26,Playoffs,Eastern Conference Finals,2026_cle_nyk_api_20261005,0042500302,2,2026-05-21,1610612752,NYK,1628973,Jalen Brunson,1610612739,CLE,1628386,Jarrett Allen,36,4.0,5.31758,3.30882,5.3,0,6,0,0,0,0,0,0,0.0,0,0,0.0,0,0,0,0,0,0,0,nba_boxscorematchupsv3
1,2025-26,Playoffs,Eastern Conference Finals,2026_cle_nyk_api_20261005,0042500302,2,2026-05-21,1610612752,NYK,1628973,Jalen Brunson,1610612739,CLE,201935,James Harden,165,8.8,21.8543,15.16544,18.3,6,15,1,0,0,0,3,6,50.0,0,2,0.0,0,0,0,0,0,0,0,nba_boxscorematchupsv3
1,2025-26,Playoffs,Eastern Conference Finals,2026_cle_nyk_api_20261005,0042500302,2,2026-05-21,1610612752,NYK,1628973,Jalen Brunson,1610612739,CLE,1630241,Sam Merrill,49,2.8,7.84,4.50368,8.5,2,4,1,0,0,0,1,3,33.300000000000004,0,1,0.0,0,0,0,0,0,0,0,nba_boxscorematchupsv3
1,2025-26,Playoffs,Eastern Conference Finals,2026_cle_nyk_api_20261005,0042500302,2,2026-05-21,1610612752,NYK,1628973,Jalen Brunson,1610612739,CLE,1628378,Donovan Mitchell,156,8.2,14.87131,14.338239999999999,15.0,4,21,4,0,1,0,1,1,100.0,0,0,0.0,2,2,0,0,0,0,0,nba_boxscorematchupsv3
1,2025-26,Playoffs,Eastern Conference Finals,2026_cle_nyk_api_20261005,0042500302,2,2026-05-21,1610612752,NYK,1628973,Jalen Brunson,1610612739,CLE,1630596,Evan Mobley,40,4.3,3.9960000000000004,3.6764699999999997,5.0,0,0,0,0,0,0,0,1,0.0,0,1,0.0,0,0,0,0,0,0,0,nba_boxscorematchupsv3
1,2025-26,Playoffs,Eastern Conference Finals,2026_cle_nyk_api_20261005,0042500302,2,2026-05-21,1610612752,NYK,1628973,Jalen Brunson,1610612739,CLE,203471,Dennis Schröder,212,11.9,40.0,19.48529,61.0,0,17,1,0,2,0,0,0,0.0,0,0,0.0,0,0,0,0,0,0,0,nba_boxscorematchupsv3
1,2025-26,Playoffs,Eastern Conference Finals,2026_cle_nyk_api_20261005,0042500302,2,2026-05-21,1610612752,NYK,1628973,Jalen Brunson,1610612739,CLE,1629622,Max Strus,175,14.7,24.64789,16.08456,32.300000000000004,2,15,1,0,0,0,0,0,0.0,0,0,0.0,2,2,0,0,0,0,0,nba_boxscorematchupsv3
1,2025-26,Playoffs,Eastern Conference Finals,2026_cle_nyk_api_20261005,0042500302,2,2026-05-21,1610612752,NYK,1628973,Jalen Brunson,1610612739,CLE,1629731,Dean Wade,255,19.0,54.83871,23.4375,61.1,5,21,4,0,0,0,2,5,40.0,1,3,33.300000000000004,0,0,0,0,0,0,0,nba_boxscorematchupsv3
1,2025-26,Playoffs,Eastern Conference Finals,2026_cle_nyk_api_20261005,0042500302,2,2026-05-21,1610612752,NYK,1629011,Mitchell Robinson,1610612739,CLE,1628386,Jarrett Allen,48,3.9,7.0901000000000005,17.77778,62.6,2,7,0,0,0,0,1,1,100.0,0,0,0.0,0,0,0,0,0,0,0,nba_boxscorematchupsv3
1,2025-26,Playoffs,Eastern Conference Finals,2026_cle_nyk_api_20261005,0042500302,2,2026-05-21,1610612752,NYK,1629011,Mitchell Robinson,1610612739,CLE,201935,James Harden,20,2.5,2.64901,7.4074100000000005,18.2,0,0,0,0,1,0,0,0,0.0,0,0,0.0,0,0,0,0,0,0,0,nba_boxscorematchupsv3
1,2025-26,Playoffs,Eastern Conference Finals,2026_cle_nyk_api_20261005,0042500302,2,2026-05-21,1610612752,NYK,1629011,Mitchell Robinson,1610612739,CLE,1630241,Sam Merrill,10,0.4,1.6,3.7037,4.3,0,4,0,0,0,0,0,0,0.0,0,0,0.0,0,2,1,0,0,0,0,nba_boxscorematchupsv3
1,2025-26,Playoffs,Eastern Conference Finals,2026_cle_nyk_api_20261005,0042500302,2,2026-05-21,1610612752,NYK,1629011,Mitchell Robinson,1610612739,CLE,1628378,Donovan Mitchell,1,0.5,0.09533,0.37037,5.2,0,0,0,0,0,0,0,0,0.0,0,0,0.0,0,0,0,0,0,0,0,nba_boxscorematchupsv3
1,2025-26,Playoffs,Eastern Conference Finals,2026_cle_nyk_api_20261005,0042500302,2,2026-05-21,1610612752,NYK,1629011,Mitchell Robinson,1610612739,CLE,1630596,Evan Mobley,158,10.7,15.78422,58.518519999999995,67.80000000000001,2,12,0,0,0,0,1,1,100.0,0,0,0.0,0,0,0,0,0,0,0,nba_boxscorematchupsv3
1,2025-26,Playoffs,Eastern Conference Finals,2026_cle_nyk_api_20261005,0042500302,2,2026-05-21,1610612752,NYK,1629011,Mitchell Robinson,1610612739,CLE,203471,Dennis Schröder,8,0.9,1.50943,2.96296,5.7,0,0,0,0,0,0,0,0,0.0,0,0,0.0,0,0,0,0,0,0,0,nba_boxscorematchupsv3
1,2025-26,Playoffs,Eastern Conference Finals,2026_cle_nyk_api_20261005,0042500302,2,2026-05-21,1610612752,NYK,1629011,Mitchell Robinson,1610612739,CLE,1629622,Max Strus,24,0.7,3.38028,8.88889,12.0,0,0,0,0,0,0,0,0,0.0,0,0,0.0,0,2,0,0,0,0,0,nba_boxscorematchupsv3
1,2025-26,Playoffs,Eastern Conference Finals,2026_cle_nyk_api_20261005,0042500302,2,2026-05-21,1610612752,NYK,1629011,Mitchell Robinson,1610612739,CLE,1642281,Jaylon Tyson,1,0.0,0.41494000000000003,0.37037,0.3,0,0,0,0,0,0,0,0,0.0,0,0,0.0,0,0,0,0,0,0,0,nba_boxscorematchupsv3
1,2025-26,Playoffs,Eastern Conference Finals,2026_cle_nyk_api_20261005,0042500302,2,2026-05-21,1610612752,NYK,1629013,Landry Shamet,1610612739,CLE,1631165,Keon Ellis,22,0.0,57.89474,5.5415600000000005,0.0,0,0,0,0,0,0,0,0,0.0,0,0,0.0,0,0,0,0,0,0,0,nba_boxscorematchupsv3
1,2025-26,Playoffs,Eastern Conference Finals,2026_cle_nyk_api_20261005,0042500302,2,2026-05-21,1610612752,NYK,1629013,Landry Shamet,1610612739,CLE,201935,James Harden,2,0.1,0.26489999999999997,0.50378,2.9000000000000004,0,0,0,0,0,0,0,0,0.0,0,0,0.0,0,0,0,0,0,0,0,nba_boxscorematchupsv3
1,2025-26,Playoffs,Eastern Conference Finals,2026_cle_nyk_api_20261005,0042500302,2,2026-05-21,1610612752,NYK,1629013,Landry Shamet,1610612739,CLE,1630241,Sam Merrill,125,7.4,20.0,31.486150000000002,39.6,0,7,0,0,0,0,0,0,0.0,0,0,0.0,0,0,0,0,0,0,0,nba_boxscorematchupsv3
1,2025-26,Playoffs,Eastern Conference Finals,2026_cle_nyk_api_20261005,0042500302,2,2026-05-21,1610612752,NYK,1629013,Landry Shamet,1610612739,CLE,1628378,Donovan Mitchell,100,6.2,9.53289,25.18892,28.000000000000004,0,12,0,0,0,0,0,0,0.0,0,0,0.0,0,0,0,0,0,0,0,nba_boxscorematchupsv3
1,2025-26,Playoffs,Eastern Conference Finals,2026_cle_nyk_api_20261005,0042500302,2,2026-05-21,1610612752,NYK,1629013,Landry Shamet,1610612739,CLE,1630596,Evan Mobley,12,0.5,1.1988,3.0226699999999997,3.0,0,2,0,0,0,0,0,1,0.0,0,0,0.0,0,0,0,0,0,0,0,nba_boxscorematchupsv3
1,2025-26,Playoffs,Eastern Conference Finals,2026_cle_nyk_api_20261005,0042500302,2,2026-05-21,1610612752,NYK,1629013,Landry Shamet,1610612739,CLE,203471,Dennis Schröder,42,1.5,7.924530000000001,10.57935,11.200000000000001,0,3,0,0,0,0,0,0,0.0,0,0,0.0,0,0,0,0,0,0,0,nba_boxscorematchupsv3
1,2025-26,Playoffs,Eastern Conference Finals,2026_cle_nyk_api_20261005,0042500302,2,2026-05-21,1610612752,NYK,1629013,Landry Shamet,1610612739,CLE,1629622,Max Strus,22,2.1,3.09859,5.5415600000000005,10.6,0,2,0,0,0,0,0,0,0.0,0,0,0.0,0,0,0,0,0,0,0,nba_boxscorematchupsv3
1,2025-26,Playoffs,Eastern Conference Finals,2026_cle_nyk_api_20261005,0042500302,2,2026-05-21,1610612752,NYK,1629013,Landry Shamet,1610612739,CLE,1641772,Nae'Qwan Tomlin,16,1.0,42.10526,4.0302299999999995,100.0,0,0,0,0,0,0,0,0,0.0,0,0,0.0,0,0,0,0,0,0,0,nba_boxscorematchupsv3
1,2025-26,Playoffs,Eastern Conference Finals,2026_cle_nyk_api_20261005,0042500302,2,2026-05-21,1610612752,NYK,1629013,Landry Shamet,1610612739,CLE,1642281,Jaylon Tyson,56,2.7,23.23651,14.10579,43.6,0,3,0,0,0,0,0,0,0.0,0,0,0.0,0,0,0,0,0,0,0,nba_boxscorematchupsv3
1,2025-26,Playoffs,Eastern Conference Finals,2026_cle_nyk_api_20261005,0042500302,2,2026-05-21,1610612752,NYK,1630540,Miles McBride,1610612739,CLE,1628418,Thomas Bryant,22,0.0,56.41026,4.64135,0.0,0,0,0,0,0,0,0,0,0.0,0,0,0.0,0,0,0,0,0,0,0,nba_boxscorematchupsv3
1,2025-26,Playoffs,Eastern Conference Finals,2026_cle_nyk_api_20261005,0042500302,2,2026-05-21,1610612752,NYK,1630540,Miles McBride,1610612739,CLE,1631165,Keon Ellis,14,0.9,36.84211,2.95359,89.8,0,0,0,0,0,0,0,0,0.0,0,0,0.0,0,0,0,0,0,0,0,nba_boxscorematchupsv3
1,2025-26,Playoffs,Eastern Conference Finals,2026_cle_nyk_api_20261005,0042500302,2,2026-05-21,1610612752,NYK,1630540,Miles McBride,1610612739,CLE,1630241,Sam Merrill,143,7.5,22.88,30.16878,35.8,3,11,1,0,0,0,1,2,50.0,1,1,100.0,0,0,0,0,0,0,0,nba_boxscorematchupsv3
1,2025-26,Playoffs,Eastern Conference Finals,2026_cle_nyk_api_20261005,0042500302,2,2026-05-21,1610612752,NYK,1630540,Miles McBride,1610612739,CLE,1628378,Donovan Mitchell,115,4.6,10.962819999999999,24.2616,23.7,0,6,1,0,0,1,0,3,0.0,0,3,0.0,0,0,0,0,0,0,0,nba_boxscorematchupsv3
1,2025-26,Playoffs,Eastern Conference Finals,2026_cle_nyk_api_20261005,0042500302,2,2026-05-21,1610612752,NYK,1630540,Miles McBride,1610612739,CLE,1630596,Evan Mobley,21,1.0,2.0979,4.4303799999999995,7.000000000000001,0,0,0,0,0,0,0,0,0.0,0,0,0.0,0,0,0,0,0,0,0,nba_boxscorematchupsv3
1,2025-26,Playoffs,Eastern Conference Finals,2026_cle_nyk_api_20261005,0042500302,2,2026-05-21,1610612752,NYK,1630540,Miles McBride,1610612739,CLE,203471,Dennis Schröder,70,3.1,13.207550000000001,14.767930000000002,17.0,0,5,0,0,0,0,0,1,0.0,0,1,0.0,0,0,0,0,0,0,0,nba_boxscorematchupsv3
1,2025-26,Playoffs,Eastern Conference Finals,2026_cle_nyk_api_20261005,0042500302,2,2026-05-21,1610612752,NYK,1630540,Miles McBride,1610612739,CLE,1629622,Max Strus,89,4.9,12.53521,18.77637,28.799999999999997,2,9,1,0,0,0,1,1,100.0,0,0,0.0,0,0,0,0,0,0,0,nba_boxscorematchupsv3
1,2025-26,Playoffs,Eastern Conference Finals,2026_cle_nyk_api_20261005,0042500302,2,2026-05-21,1610612752,NYK,1630631,Jose Alvarado,1610612739,CLE,1628418,Thomas Bryant,4,0.2,10.25641,1.97044,19.2,0,0,0,0,0,0,0,0,0.0,0,0,0.0,0,0,0,0,0,0,0,nba_boxscorematchupsv3
1,2025-26,Playoffs,Eastern Conference Finals,2026_cle_nyk_api_20261005,0042500302,2,2026-05-21,1610612752,NYK,1630631,Jose Alvarado,1610612739,CLE,1630241,Sam Merrill,5,1.1,0.8,2.46305,5.1,0,2,0,0,0,0,0,0,0.0,0,0,0.0,0,0,0,0,0,0,0,nba_boxscorematchupsv3
1,2025-26,Playoffs,Eastern Conference Finals,2026_cle_nyk_api_20261005,0042500302,2,2026-05-21,1610612752,NYK,1630631,Jose Alvarado,1610612739,CLE,1630596,Evan Mobley,2,0.9,0.19980000000000003,0.98522,5.7,0,0,0,0,0,0,0,0,0.0,0,0,0.0,0,0,0,0,0,0,0,nba_boxscorematchupsv3
1,2025-26,Playoffs,Eastern Conference Finals,2026_cle_nyk_api_20261005,0042500302,2,2026-05-21,1610612752,NYK,1630631,Jose Alvarado,1610612739,CLE,1641854,Craig Porter Jr.,35,0.8,92.10526,17.24138,84.0,0,0,0,0,0,0,0,0,0.0,0,0,0.0,0,0,0,0,0,0,0,nba_boxscorematchupsv3
1,2025-26,Playoffs,Eastern Conference Finals,2026_cle_nyk_api_20261005,0042500302,2,2026-05-21,1610612752,NYK,1630631,Jose Alvarado,1610612739,CLE,203471,Dennis Schröder,137,5.8,25.84906,67.48768000000001,75.7,0,6,1,0,0,0,0,1,0.0,0,1,0.0,0,0,0,0,0,0,0,nba_boxscorematchupsv3
1,2025-26,Playoffs,Eastern Conference Finals,2026_cle_nyk_api_20261005,0042500302,2,2026-05-21,1610612752,NYK,1630631,Jose Alvarado,1610612739,CLE,1629622,Max Strus,1,0.0,0.14085,0.49261,2.0,0,0,0,0,0,0,0,0,0.0,0,0,0.0,0,0,0,0,0,0,0,nba_boxscorematchupsv3
1,2025-26,Playoffs,Eastern Conference Finals,2026_cle_nyk_api_20261005,0042500302,2,2026-05-21,1610612752,NYK,1630631,Jose Alvarado,1610612739,CLE,1642281,Jaylon Tyson,19,0.7,7.88382,9.35961,16.3,0,0,0,0,0,0,0,0,0.0,0,0,0.0,0,0,0,0,0,0,0,nba_boxscorematchupsv3
1,2025-26,Playoffs,Eastern Conference Finals,2026_cle_nyk_api_20261005,0042500302,2,2026-05-21,1610612752,NYK,203903,Jordan Clarkson,1610612739,CLE,201935,James Harden,7,1.2,0.92715,5.55556,22.8,0,2,0,0,0,0,0,0,0.0,0,0,0.0,0,0,0,0,0,0,0,nba_boxscorematchupsv3
1,2025-26,Playoffs,Eastern Conference Finals,2026_cle_nyk_api_20261005,0042500302,2,2026-05-21,1610612752,NYK,203903,Jordan Clarkson,1610612739,CLE,1630241,Sam Merrill,24,1.9,3.84,19.047620000000002,22.3,0,0,0,0,0,0,0,0,0.0,0,0,0.0,0,0,0,0,0,0,0,nba_boxscorematchupsv3
1,2025-26,Playoffs,Eastern Conference Finals,2026_cle_nyk_api_20261005,0042500302,2,2026-05-21,1610612752,NYK,203903,Jordan Clarkson,1610612739,CLE,1628378,Donovan Mitchell,69,4.2,6.57769,54.7619,63.800000000000004,0,3,0,0,0,0,0,0,0.0,0,0,0.0,0,0,0,0,0,0,0,nba_boxscorematchupsv3
1,2025-26,Playoffs,Eastern Conference Finals,2026_cle_nyk_api_20261005,0042500302,2,2026-05-21,1610612752,NYK,203903,Jordan Clarkson,1610612739,CLE,1630596,Evan Mobley,11,1.2,1.0989,8.73016,13.600000000000001,4,4,0,0,0,0,2,2,100.0,0,0,0.0,0,0,0,0,0,0,0,nba_boxscorematchupsv3
1,2025-26,Playoffs,Eastern Conference Finals,2026_cle_nyk_api_20261005,0042500302,2,2026-05-21,1610612752,NYK,203903,Jordan Clarkson,1610612739,CLE,1629622,Max Strus,9,0.4,1.26761,7.14286,9.0,0,2,0,0,1,0,0,0,0.0,0,0,0.0,0,0,0,0,0,0,0,nba_boxscorematchupsv3
1,2025-26,Playoffs,Eastern Conference Finals,2026_cle_nyk_api_20261005,0042500302,2,2026-05-21,1610612752,NYK,203903,Jordan Clarkson,1610612739,CLE,1642281,Jaylon Tyson,3,2.1,1.24481,2.38095,16.1,0,2,0,0,0,0,0,0,0.0,0,0,0.0,0,0,0,0,0,0,0,nba_boxscorematchupsv3
1,2025-26,Playoffs,Eastern Conference Finals,2026_cle_nyk_api_20261005,0042500302,2,2026-05-21,1610612752,NYK,203903,Jordan Clarkson,1610612739,CLE,1629731,Dean Wade,3,0.6,0.64516,2.38095,5.800000000000001,0,2,0,0,0,0,0,0,0.0,0,0,0.0,0,0,0,0,0,0,0,nba_boxscorematchupsv3
1,2025-26,Playoffs,Eastern Conference Finals,2026_cle_nyk_api_20261005,0042500302,2,2026-05-21,1610612752,NYK,1642278,Tyler Kolek,1610612739,CLE,1631165,Keon Ellis,2,0.1,5.26316,5.0,10.2,0,0,0,0,0,0,0,0,0.0,0,0,0.0,0,0,0,0,0,0,0,nba_boxscorematchupsv3
1,2025-26,Playoffs,Eastern Conference Finals,2026_cle_nyk_api_20261005,0042500302,2,2026-05-21,1610612752,NYK,1642278,Tyler Kolek,1610612739,CLE,1642878,Tyrese Proctor,38,1.0,100.0,95.0,100.0,0,0,0,0,0,0,0,0,0.0,0,0,0.0,0,0,0,0,0,0,0,nba_boxscorematchupsv3
1,2025-26,Playoffs,Eastern Conference Finals,2026_cle_nyk_api_20261005,0042500302,2,2026-05-21,1610612752,NYK,1642359,Pacôme Dadiet,1610612739,CLE,1628418,Thomas Bryant,13,0.8,33.33333,34.21053,80.80000000000001,0,0,0,0,0,0,0,0,0.0,0,0,0.0,0,0,0,0,0,0,0,nba_boxscorematchupsv3
1,2025-26,Playoffs,Eastern Conference Finals,2026_cle_nyk_api_20261005,0042500302,2,2026-05-21,1610612752,NYK,1642359,Pacôme Dadiet,1610612739,CLE,1641854,Craig Porter Jr.,3,0.2,7.8947400000000005,7.8947400000000005,16.0,0,0,0,0,0,0,0,1,0.0,0,1,0.0,0,0,0,0,0,0,0,nba_boxscorematchupsv3
1,2025-26,Playoffs,Eastern Conference Finals,2026_cle_nyk_api_20261005,0042500302,2,2026-05-21,1610612752,NYK,1642359,Pacôme Dadiet,1610612739,CLE,1641772,Nae'Qwan Tomlin,22,0.0,57.89474,57.89474,0.0,0,0,0,0,0,0,0,0,0.0,0,0,0.0,0,0,0,0,0,0,0,nba_boxscorematchupsv3
1,2025-26,Playoffs,Eastern Conference Finals,2026_cle_nyk_api_20261005,0042500302,2,2026-05-21,1610612739,CLE,1630596,Evan Mobley,1610612752,NYK,1630631,Jose Alvarado,3,0.2,1.98675,0.40268,1.6,0,2,0,0,0,0,0,0,0.0,0,0,0.0,0,0,0,0,0,0,0,nba_boxscorematchupsv3
1,2025-26,Playoffs,Eastern Conference Finals,2026_cle_nyk_api_20261005,0042500302,2,2026-05-21,1610612739,CLE,1630596,Evan Mobley,1610612752,NYK,1628384,OG Anunoby,96,9.0,14.05564,12.88591,19.8,3,16,1,0,0,0,1,2,50.0,1,1,100.0,0,2,1,0,0,0,0,nba_boxscorematchupsv3
1,2025-26,Playoffs,Eastern Conference Finals,2026_cle_nyk_api_20261005,0042500302,2,2026-05-21,1610612739,CLE,1630596,Evan Mobley,1610612752,NYK,1628969,Mikal Bridges,37,4.2,4.20933,4.9664399999999995,7.3999999999999995,2,4,0,0,0,0,1,1,100.0,0,0,0.0,0,0,0,0,0,0,0,nba_boxscorematchupsv3
1,2025-26,Playoffs,Eastern Conference Finals,2026_cle_nyk_api_20261005,0042500302,2,2026-05-21,1610612739,CLE,1630596,Evan Mobley,1610612752,NYK,1628973,Jalen Brunson,51,4.4,5.937139999999999,6.84564,8.1,0,8,0,0,0,0,0,0,0.0,0,0,0.0,0,0,0,0,0,0,0,nba_boxscorematchupsv3
1,2025-26,Playoffs,Eastern Conference Finals,2026_cle_nyk_api_20261005,0042500302,2,2026-05-21,1610612739,CLE,1630596,Evan Mobley,1610612752,NYK,1628404,Josh Hart,45,4.0,7.16561,6.04027,9.0,0,4,0,0,0,0,0,0,0.0,0,0,0.0,0,0,0,0,0,0,0,nba_boxscorematchupsv3
1,2025-26,Playoffs,Eastern Conference Finals,2026_cle_nyk_api_20261005,0042500302,2,2026-05-21,1610612739,CLE,1630596,Evan Mobley,1610612752,NYK,1630540,Miles McBride,9,0.8,3.27273,1.2080499999999998,4.3999999999999995,2,4,0,0,0,0,1,1,100.0,0,0,0.0,0,0,0,0,0,0,0,nba_boxscorematchupsv3
1,2025-26,Playoffs,Eastern Conference Finals,2026_cle_nyk_api_20261005,0042500302,2,2026-05-21,1610612739,CLE,1630596,Evan Mobley,1610612752,NYK,1629011,Mitchell Robinson,178,9.3,53.77644,23.89262,67.2,4,10,0,0,0,0,1,2,50.0,0,0,0.0,2,2,1,0,0,0,0,nba_boxscorematchupsv3
1,2025-26,Playoffs,Eastern Conference Finals,2026_cle_nyk_api_20261005,0042500302,2,2026-05-21,1610612739,CLE,1630596,Evan Mobley,1610612752,NYK,1629013,Landry Shamet,28,2.1,8.51064,3.7583900000000003,8.1,0,3,0,0,0,0,0,0,0.0,0,0,0.0,0,0,0,0,0,0,0,nba_boxscorematchupsv3
1,2025-26,Playoffs,Eastern Conference Finals,2026_cle_nyk_api_20261005,0042500302,2,2026-05-21,1610612739,CLE,1630596,Evan Mobley,1610612752,NYK,1626157,Karl-Anthony Towns,298,26.8,43.69501,40.0,57.4,3,19,2,0,1,0,1,2,50.0,1,2,50.0,0,0,0,0,0,0,0,nba_boxscorematchupsv3
1,2025-26,Playoffs,Eastern Conference Finals,2026_cle_nyk_api_20261005,0042500302,2,2026-05-21,1610612739,CLE,1629731,Dean Wade,1610612752,NYK,1630631,Jose Alvarado,15,0.8,9.93377,3.1446500000000004,24.8,0,2,0,0,0,0,0,0,0.0,0,0,0.0,0,0,0,0,0,0,0,nba_boxscorematchupsv3
1,2025-26,Playoffs,Eastern Conference Finals,2026_cle_nyk_api_20261005,0042500302,2,2026-05-21,1610612739,CLE,1629731,Dean Wade,1610612752,NYK,1628384,OG Anunoby,120,8.0,17.56955,25.157230000000002,26.1,0,7,0,0,1,0,0,0,0.0,0,0,0.0,0,0,0,0,0,0,0,nba_boxscorematchupsv3
1,2025-26,Playoffs,Eastern Conference Finals,2026_cle_nyk_api_20261005,0042500302,2,2026-05-21,1610612739,CLE,1629731,Dean Wade,1610612752,NYK,1628969,Mikal Bridges,52,3.3,5.91581,10.90147,10.0,3,8,1,0,0,0,1,1,100.0,1,1,100.0,0,0,0,0,0,0,0,nba_boxscorematchupsv3
1,2025-26,Playoffs,Eastern Conference Finals,2026_cle_nyk_api_20261005,0042500302,2,2026-05-21,1610612739,CLE,1629731,Dean Wade,1610612752,NYK,1628973,Jalen Brunson,246,15.0,28.63795,51.57233,55.1,0,10,0,0,1,0,0,1,0.0,0,1,0.0,0,0,0,0,0,0,0,nba_boxscorematchupsv3
1,2025-26,Playoffs,Eastern Conference Finals,2026_cle_nyk_api_20261005,0042500302,2,2026-05-21,1610612739,CLE,1629731,Dean Wade,1610612752,NYK,203903,Jordan Clarkson,2,0.4,0.91324,0.41929000000000005,3.6999999999999997,0,0,0,0,0,0,0,0,0.0,0,0,0.0,0,0,0,0,0,0,0,nba_boxscorematchupsv3
1,2025-26,Playoffs,Eastern Conference Finals,2026_cle_nyk_api_20261005,0042500302,2,2026-05-21,1610612739,CLE,1629731,Dean Wade,1610612752,NYK,1628404,Josh Hart,12,2.8,1.9108300000000003,2.51572,5.7,0,2,0,0,0,0,0,0,0.0,0,0,0.0,0,0,0,0,0,0,0,nba_boxscorematchupsv3
1,2025-26,Playoffs,Eastern Conference Finals,2026_cle_nyk_api_20261005,0042500302,2,2026-05-21,1610612739,CLE,1629731,Dean Wade,1610612752,NYK,1626157,Karl-Anthony Towns,30,2.4,4.39883,6.2893099999999995,8.200000000000001,0,8,2,0,0,0,0,1,0.0,0,1,0.0,0,0,0,0,0,0,0,nba_boxscorematchupsv3
1,2025-26,Playoffs,Eastern Conference Finals,2026_cle_nyk_api_20261005,0042500302,2,2026-05-21,1610612739,CLE,1628386,Jarrett Allen,1610612752,NYK,1628384,OG Anunoby,257,21.6,37.62811,41.51858,40.400000000000006,5,20,0,0,0,2,1,2,50.0,0,0,0.0,3,4,2,0,0,0,0,nba_boxscorematchupsv3
1,2025-26,Playoffs,Eastern Conference Finals,2026_cle_nyk_api_20261005,0042500302,2,2026-05-21,1610612739,CLE,1628386,Jarrett Allen,1610612752,NYK,1628969,Mikal Bridges,54,4.4,6.14334,8.723749999999999,8.200000000000001,2,11,0,0,0,0,1,1,100.0,0,0,0.0,0,0,0,0,0,0,0,nba_boxscorematchupsv3
1,2025-26,Playoffs,Eastern Conference Finals,2026_cle_nyk_api_20261005,0042500302,2,2026-05-21,1610612739,CLE,1628386,Jarrett Allen,1610612752,NYK,1628973,Jalen Brunson,26,3.4,3.02678,4.20032,6.3,4,9,0,0,0,0,2,2,100.0,0,0,0.0,0,0,0,0,0,0,0,nba_boxscorematchupsv3
1,2025-26,Playoffs,Eastern Conference Finals,2026_cle_nyk_api_20261005,0042500302,2,2026-05-21,1610612739,CLE,1628386,Jarrett Allen,1610612752,NYK,203903,Jordan Clarkson,2,0.1,0.91324,0.3231,1.3,0,0,0,0,0,0,0,0,0.0,0,0,0.0,0,0,0,0,0,0,0,nba_boxscorematchupsv3
1,2025-26,Playoffs,Eastern Conference Finals,2026_cle_nyk_api_20261005,0042500302,2,2026-05-21,1610612739,CLE,1628386,Jarrett Allen,1610612752,NYK,1628404,Josh Hart,41,5.4,6.52866,6.62359,11.899999999999999,2,2,0,0,0,0,1,2,50.0,0,0,0.0,0,0,0,0,0,0,0,nba_boxscorematchupsv3
1,2025-26,Playoffs,Eastern Conference Finals,2026_cle_nyk_api_20261005,0042500302,2,2026-05-21,1610612739,CLE,1628386,Jarrett Allen,1610612752,NYK,1629011,Mitchell Robinson,83,5.0,25.07553,13.408719999999999,68.89999999999999,0,4,0,0,0,0,0,0,0.0,0,0,0.0,0,0,0,0,0,0,0,nba_boxscorematchupsv3
1,2025-26,Playoffs,Eastern Conference Finals,2026_cle_nyk_api_20261005,0042500302,2,2026-05-21,1610612739,CLE,1628386,Jarrett Allen,1610612752,NYK,1626157,Karl-Anthony Towns,156,10.8,22.8739,25.20194,28.9,0,4,0,0,0,0,0,3,0.0,0,0,0.0,0,2,1,0,0,0,0,nba_boxscorematchupsv3
1,2025-26,Playoffs,Eastern Conference Finals,2026_cle_nyk_api_20261005,0042500302,2,2026-05-21,1610612739,CLE,201935,James Harden,1610612752,NYK,1630631,Jose Alvarado,1,0.0,0.66225,0.15198,2.6,0,0,0,0,0,0,0,0,0.0,0,0,0.0,0,0,0,0,0,0,0,nba_boxscorematchupsv3
1,2025-26,Playoffs,Eastern Conference Finals,2026_cle_nyk_api_20261005,0042500302,2,2026-05-21,1610612739,CLE,201935,James Harden,1610612752,NYK,1628384,OG Anunoby,36,4.7,5.27086,5.47112,7.1,2,4,0,0,0,1,1,4,25.0,0,2,0.0,0,0,0,0,0,0,0,nba_boxscorematchupsv3
1,2025-26,Playoffs,Eastern Conference Finals,2026_cle_nyk_api_20261005,0042500302,2,2026-05-21,1610612739,CLE,201935,James Harden,1610612752,NYK,1628969,Mikal Bridges,319,24.6,36.29124,48.48024,46.400000000000006,0,17,2,0,0,0,0,1,0.0,0,1,0.0,0,0,0,0,0,0,0,nba_boxscorematchupsv3
1,2025-26,Playoffs,Eastern Conference Finals,2026_cle_nyk_api_20261005,0042500302,2,2026-05-21,1610612739,CLE,201935,James Harden,1610612752,NYK,1628973,Jalen Brunson,104,8.1,12.107099999999999,15.80547,16.1,5,15,0,0,0,0,2,5,40.0,1,1,100.0,0,0,0,0,0,0,0,nba_boxscorematchupsv3
1,2025-26,Playoffs,Eastern Conference Finals,2026_cle_nyk_api_20261005,0042500302,2,2026-05-21,1610612739,CLE,201935,James Harden,1610612752,NYK,203903,Jordan Clarkson,6,0.9,2.7397299999999998,0.9118499999999999,7.1,2,2,0,0,0,0,0,0,0.0,0,0,0.0,2,2,1,0,0,0,0,nba_boxscorematchupsv3
1,2025-26,Playoffs,Eastern Conference Finals,2026_cle_nyk_api_20261005,0042500302,2,2026-05-21,1610612739,CLE,201935,James Harden,1610612752,NYK,1628404,Josh Hart,125,12.4,19.90446,18.996959999999998,23.5,5,13,0,0,0,0,2,3,66.7,1,2,50.0,0,0,0,0,0,0,0,nba_boxscorematchupsv3
1,2025-26,Playoffs,Eastern Conference Finals,2026_cle_nyk_api_20261005,0042500302,2,2026-05-21,1610612739,CLE,201935,James Harden,1610612752,NYK,1629011,Mitchell Robinson,17,1.3,5.13595,2.58359,10.100000000000001,0,1,0,0,0,1,0,0,0.0,0,0,0.0,0,0,0,0,0,0,0,nba_boxscorematchupsv3
1,2025-26,Playoffs,Eastern Conference Finals,2026_cle_nyk_api_20261005,0042500302,2,2026-05-21,1610612739,CLE,201935,James Harden,1610612752,NYK,1629013,Landry Shamet,3,0.5,0.9118499999999999,0.45592999999999995,6.0,0,0,0,0,0,0,0,0,0.0,0,0,0.0,0,0,0,0,0,0,0,nba_boxscorematchupsv3
1,2025-26,Playoffs,Eastern Conference Finals,2026_cle_nyk_api_20261005,0042500302,2,2026-05-21,1610612739,CLE,201935,James Harden,1610612752,NYK,1626157,Karl-Anthony Towns,47,4.9,6.891500000000001,7.14286,9.5,4,6,0,0,0,0,1,2,50.0,1,1,100.0,1,1,1,0,0,0,0,nba_boxscorematchupsv3
1,2025-26,Playoffs,Eastern Conference Finals,2026_cle_nyk_api_20261005,0042500302,2,2026-05-21,1610612739,CLE,1628378,Donovan Mitchell,1610612752,NYK,1630631,Jose Alvarado,8,0.6,5.2980100000000006,0.99379,5.7,0,1,0,0,0,0,0,0,0.0,0,0,0.0,0,0,0,0,0,0,0,nba_boxscorematchupsv3
1,2025-26,Playoffs,Eastern Conference Finals,2026_cle_nyk_api_20261005,0042500302,2,2026-05-21,1610612739,CLE,1628378,Donovan Mitchell,1610612752,NYK,1628384,OG Anunoby,43,4.3,6.29575,5.34161,11.4,2,4,0,0,0,0,1,1,100.0,0,0,0.0,0,0,0,0,0,0,0,nba_boxscorematchupsv3
1,2025-26,Playoffs,Eastern Conference Finals,2026_cle_nyk_api_20261005,0042500302,2,2026-05-21,1610612739,CLE,1628378,Donovan Mitchell,1610612752,NYK,1628969,Mikal Bridges,172,14.5,19.56769,21.36646,24.7,0,12,0,0,1,0,0,2,0.0,0,1,0.0,0,0,0,0,0,0,0,nba_boxscorematchupsv3
1,2025-26,Playoffs,Eastern Conference Finals,2026_cle_nyk_api_20261005,0042500302,2,2026-05-21,1610612739,CLE,1628378,Donovan Mitchell,1610612752,NYK,1628973,Jalen Brunson,29,4.8,3.3760199999999996,3.6024800000000003,6.800000000000001,4,9,0,0,1,0,2,3,66.7,0,1,0.0,0,0,0,0,0,0,0,nba_boxscorematchupsv3
1,2025-26,Playoffs,Eastern Conference Finals,2026_cle_nyk_api_20261005,0042500302,2,2026-05-21,1610612739,CLE,1628378,Donovan Mitchell,1610612752,NYK,203903,Jordan Clarkson,17,1.6,7.762560000000001,2.1118,18.3,3,3,0,0,0,0,1,1,100.0,1,1,100.0,0,0,0,0,0,0,0,nba_boxscorematchupsv3
1,2025-26,Playoffs,Eastern Conference Finals,2026_cle_nyk_api_20261005,0042500302,2,2026-05-21,1610612739,CLE,1628378,Donovan Mitchell,1610612752,NYK,1628404,Josh Hart,309,23.4,49.20382,38.38509,53.900000000000006,7,25,0,0,0,0,1,6,16.7,0,3,0.0,5,6,0,0,0,0,0,nba_boxscorematchupsv3
1,2025-26,Playoffs,Eastern Conference Finals,2026_cle_nyk_api_20261005,0042500302,2,2026-05-21,1610612739,CLE,1628378,Donovan Mitchell,1610612752,NYK,1630540,Miles McBride,26,3.0,9.454550000000001,3.2298100000000005,13.600000000000001,0,3,0,0,0,0,0,0,0.0,0,0,0.0,0,0,0,0,0,0,0,nba_boxscorematchupsv3
1,2025-26,Playoffs,Eastern Conference Finals,2026_cle_nyk_api_20261005,0042500302,2,2026-05-21,1610612739,CLE,1628378,Donovan Mitchell,1610612752,NYK,1629011,Mitchell Robinson,14,0.3,4.22961,1.7391299999999998,5.1,0,2,0,0,0,0,0,1,0.0,0,0,0.0,0,0,0,0,0,0,0,nba_boxscorematchupsv3
1,2025-26,Playoffs,Eastern Conference Finals,2026_cle_nyk_api_20261005,0042500302,2,2026-05-21,1610612739,CLE,1628378,Donovan Mitchell,1610612752,NYK,1629013,Landry Shamet,132,8.1,40.12158,16.39752,42.5,6,12,0,0,0,0,1,1,100.0,1,1,100.0,3,3,1,0,0,0,0,nba_boxscorematchupsv3
1,2025-26,Playoffs,Eastern Conference Finals,2026_cle_nyk_api_20261005,0042500302,2,2026-05-21,1610612739,CLE,1628378,Donovan Mitchell,1610612752,NYK,1626157,Karl-Anthony Towns,55,6.0,8.06452,6.832299999999999,8.5,4,4,0,0,0,0,2,3,66.7,0,0,0.0,0,0,0,0,0,0,0,nba_boxscorematchupsv3
1,2025-26,Playoffs,Eastern Conference Finals,2026_cle_nyk_api_20261005,0042500302,2,2026-05-21,1610612739,CLE,1629622,Max Strus,1610612752,NYK,1630631,Jose Alvarado,4,0.3,2.64901,0.76923,10.6,0,2,0,0,0,0,0,0,0.0,0,0,0.0,0,0,0,0,0,0,0,nba_boxscorematchupsv3
1,2025-26,Playoffs,Eastern Conference Finals,2026_cle_nyk_api_20261005,0042500302,2,2026-05-21,1610612739,CLE,1629622,Max Strus,1610612752,NYK,1628384,OG Anunoby,58,3.9,8.49195,11.15385,18.7,0,3,0,0,0,0,0,0,0.0,0,0,0.0,0,0,0,0,0,0,0,nba_boxscorematchupsv3
1,2025-26,Playoffs,Eastern Conference Finals,2026_cle_nyk_api_20261005,0042500302,2,2026-05-21,1610612739,CLE,1629622,Max Strus,1610612752,NYK,1628969,Mikal Bridges,120,9.1,13.65188,23.07692,25.8,0,11,3,0,0,0,0,0,0.0,0,0,0.0,0,0,0,0,0,0,0,nba_boxscorematchupsv3
1,2025-26,Playoffs,Eastern Conference Finals,2026_cle_nyk_api_20261005,0042500302,2,2026-05-21,1610612739,CLE,1629622,Max Strus,1610612752,NYK,1628973,Jalen Brunson,159,16.0,18.509900000000002,30.57692,34.2,0,4,0,0,2,0,0,2,0.0,0,2,0.0,0,0,0,0,0,0,0,nba_boxscorematchupsv3
1,2025-26,Playoffs,Eastern Conference Finals,2026_cle_nyk_api_20261005,0042500302,2,2026-05-21,1610612739,CLE,1629622,Max Strus,1610612752,NYK,203903,Jordan Clarkson,20,1.3,9.13242,3.84615,35.4,0,3,0,0,0,0,0,0,0.0,0,0,0.0,0,0,0,0,0,0,0,nba_boxscorematchupsv3
1,2025-26,Playoffs,Eastern Conference Finals,2026_cle_nyk_api_20261005,0042500302,2,2026-05-21,1610612739,CLE,1629622,Max Strus,1610612752,NYK,1628404,Josh Hart,29,3.0,4.61783,5.576919999999999,10.100000000000001,0,4,0,0,0,0,0,0,0.0,0,0,0.0,0,0,0,0,0,0,0,nba_boxscorematchupsv3
1,2025-26,Playoffs,Eastern Conference Finals,2026_cle_nyk_api_20261005,0042500302,2,2026-05-21,1610612739,CLE,1629622,Max Strus,1610612752,NYK,1630540,Miles McBride,46,4.6,16.72727,8.84615,24.7,0,2,0,0,0,0,0,1,0.0,0,0,0.0,0,0,0,0,0,0,0,nba_boxscorematchupsv3
1,2025-26,Playoffs,Eastern Conference Finals,2026_cle_nyk_api_20261005,0042500302,2,2026-05-21,1610612739,CLE,1629622,Max Strus,1610612752,NYK,1629011,Mitchell Robinson,5,0.2,1.51057,0.96154,4.9,0,3,0,0,0,0,0,0,0.0,0,0,0.0,0,0,0,0,0,0,0,nba_boxscorematchupsv3
1,2025-26,Playoffs,Eastern Conference Finals,2026_cle_nyk_api_20261005,0042500302,2,2026-05-21,1610612739,CLE,1629622,Max Strus,1610612752,NYK,1629013,Landry Shamet,36,3.4,10.942250000000001,6.92308,18.4,2,7,0,0,1,0,0,1,0.0,0,1,0.0,2,2,0,0,0,0,0,nba_boxscorematchupsv3
1,2025-26,Playoffs,Eastern Conference Finals,2026_cle_nyk_api_20261005,0042500302,2,2026-05-21,1610612739,CLE,1629622,Max Strus,1610612752,NYK,1626157,Karl-Anthony Towns,43,4.1,6.304990000000001,8.26923,14.6,3,13,0,0,0,0,1,3,33.300000000000004,1,1,100.0,0,0,0,0,0,0,0,nba_boxscorematchupsv3
1,2025-26,Playoffs,Eastern Conference Finals,2026_cle_nyk_api_20261005,0042500302,2,2026-05-21,1610612739,CLE,1630241,Sam Merrill,1610612752,NYK,1630631,Jose Alvarado,16,1.0,10.596029999999999,3.10078,18.2,0,0,0,0,0,0,0,1,0.0,0,1,0.0,0,0,0,0,0,0,0,nba_boxscorematchupsv3
1,2025-26,Playoffs,Eastern Conference Finals,2026_cle_nyk_api_20261005,0042500302,2,2026-05-21,1610612739,CLE,1630241,Sam Merrill,1610612752,NYK,1628384,OG Anunoby,36,2.6,5.27086,6.9767399999999995,14.000000000000002,0,2,0,0,0,0,0,0,0.0,0,0,0.0,0,0,0,0,0,0,0,nba_boxscorematchupsv3
1,2025-26,Playoffs,Eastern Conference Finals,2026_cle_nyk_api_20261005,0042500302,2,2026-05-21,1610612739,CLE,1630241,Sam Merrill,1610612752,NYK,1628969,Mikal Bridges,95,6.1,10.80774,18.41085,23.599999999999998,0,6,0,0,0,0,0,2,0.0,0,2,0.0,0,0,0,0,0,0,0,nba_boxscorematchupsv3
1,2025-26,Playoffs,Eastern Conference Finals,2026_cle_nyk_api_20261005,0042500302,2,2026-05-21,1610612739,CLE,1630241,Sam Merrill,1610612752,NYK,1628973,Jalen Brunson,87,6.6,10.12806,16.86047,18.9,0,10,0,0,0,0,0,1,0.0,0,1,0.0,0,0,0,0,0,0,0,nba_boxscorematchupsv3
1,2025-26,Playoffs,Eastern Conference Finals,2026_cle_nyk_api_20261005,0042500302,2,2026-05-21,1610612739,CLE,1630241,Sam Merrill,1610612752,NYK,203903,Jordan Clarkson,22,1.8,10.04566,4.26357,12.1,0,2,0,0,0,0,0,0,0.0,0,0,0.0,0,0,0,0,0,0,0,nba_boxscorematchupsv3
1,2025-26,Playoffs,Eastern Conference Finals,2026_cle_nyk_api_20261005,0042500302,2,2026-05-21,1610612739,CLE,1630241,Sam Merrill,1610612752,NYK,1628404,Josh Hart,41,2.4,6.52866,7.94574,18.3,0,7,0,0,0,0,0,1,0.0,0,1,0.0,0,0,0,0,0,0,0,nba_boxscorematchupsv3
1,2025-26,Playoffs,Eastern Conference Finals,2026_cle_nyk_api_20261005,0042500302,2,2026-05-21,1610612739,CLE,1630241,Sam Merrill,1610612752,NYK,1630540,Miles McBride,125,9.4,45.45455,24.224809999999998,47.8,3,10,0,0,1,0,1,1,100.0,0,0,0.0,1,2,1,0,0,0,0,nba_boxscorematchupsv3
1,2025-26,Playoffs,Eastern Conference Finals,2026_cle_nyk_api_20261005,0042500302,2,2026-05-21,1610612739,CLE,1630241,Sam Merrill,1610612752,NYK,1629011,Mitchell Robinson,15,1.1,4.53172,2.90698,8.200000000000001,0,0,0,0,0,0,0,1,0.0,0,1,0.0,0,0,0,0,0,0,0,nba_boxscorematchupsv3
1,2025-26,Playoffs,Eastern Conference Finals,2026_cle_nyk_api_20261005,0042500302,2,2026-05-21,1610612739,CLE,1630241,Sam Merrill,1610612752,NYK,1629013,Landry Shamet,54,3.6,16.41337,10.46512,19.400000000000002,1,5,0,0,0,0,0,0,0.0,0,0,0.0,1,2,1,0,0,0,0,nba_boxscorematchupsv3
1,2025-26,Playoffs,Eastern Conference Finals,2026_cle_nyk_api_20261005,0042500302,2,2026-05-21,1610612739,CLE,1630241,Sam Merrill,1610612752,NYK,1626157,Karl-Anthony Towns,25,2.8,3.66569,4.84496,9.3,0,3,0,0,0,0,0,1,0.0,0,1,0.0,0,0,0,0,0,0,0,nba_boxscorematchupsv3
1,2025-26,Playoffs,Eastern Conference Finals,2026_cle_nyk_api_20261005,0042500302,2,2026-05-21,1610612739,CLE,203471,Dennis Schröder,1610612752,NYK,1630631,Jose Alvarado,72,6.6,47.68212,20.28169,71.3,0,0,0,0,0,1,0,2,0.0,0,1,0.0,0,0,0,0,0,0,0,nba_boxscorematchupsv3
1,2025-26,Playoffs,Eastern Conference Finals,2026_cle_nyk_api_20261005,0042500302,2,2026-05-21,1610612739,CLE,203471,Dennis Schröder,1610612752,NYK,1628384,OG Anunoby,3,0.2,0.43924,0.84507,8.9,0,0,0,0,0,0,0,0,0.0,0,0,0.0,0,0,0,0,0,0,0,nba_boxscorematchupsv3
1,2025-26,Playoffs,Eastern Conference Finals,2026_cle_nyk_api_20261005,0042500302,2,2026-05-21,1610612739,CLE,203471,Dennis Schröder,1610612752,NYK,1628969,Mikal Bridges,16,0.9,1.82025,4.50704,7.3,0,0,0,0,0,0,0,0,0.0,0,0,0.0,0,0,0,0,0,0,0,nba_boxscorematchupsv3
1,2025-26,Playoffs,Eastern Conference Finals,2026_cle_nyk_api_20261005,0042500302,2,2026-05-21,1610612739,CLE,203471,Dennis Schröder,1610612752,NYK,1628973,Jalen Brunson,151,9.7,17.57858,42.53521,57.4,2,12,2,0,0,0,1,1,100.0,0,0,0.0,0,2,0,0,0,0,0,nba_boxscorematchupsv3
1,2025-26,Playoffs,Eastern Conference Finals,2026_cle_nyk_api_20261005,0042500302,2,2026-05-21,1610612739,CLE,203471,Dennis Schröder,1610612752,NYK,203903,Jordan Clarkson,8,0.7,3.65297,2.25352,8.0,0,3,0,0,0,0,0,0,0.0,0,0,0.0,0,0,0,0,0,0,0,nba_boxscorematchupsv3
1,2025-26,Playoffs,Eastern Conference Finals,2026_cle_nyk_api_20261005,0042500302,2,2026-05-21,1610612739,CLE,203471,Dennis Schröder,1610612752,NYK,1628404,Josh Hart,6,0.4,0.95541,1.69014,5.2,0,0,0,0,0,0,0,0,0.0,0,0,0.0,0,0,0,0,0,0,0,nba_boxscorematchupsv3
1,2025-26,Playoffs,Eastern Conference Finals,2026_cle_nyk_api_20261005,0042500302,2,2026-05-21,1610612739,CLE,203471,Dennis Schröder,1610612752,NYK,1630540,Miles McBride,37,2.2,13.454550000000001,10.42254,11.5,0,3,0,0,0,0,0,0,0.0,0,0,0.0,0,0,0,0,0,0,0,nba_boxscorematchupsv3
1,2025-26,Playoffs,Eastern Conference Finals,2026_cle_nyk_api_20261005,0042500302,2,2026-05-21,1610612739,CLE,203471,Dennis Schröder,1610612752,NYK,1629011,Mitchell Robinson,15,0.7,4.53172,4.22535,7.3,0,2,1,0,0,0,0,0,0.0,0,0,0.0,0,0,0,0,0,0,0,nba_boxscorematchupsv3
1,2025-26,Playoffs,Eastern Conference Finals,2026_cle_nyk_api_20261005,0042500302,2,2026-05-21,1610612739,CLE,203471,Dennis Schröder,1610612752,NYK,1629013,Landry Shamet,27,3.1,8.20669,7.60563,12.1,0,2,0,0,0,0,0,1,0.0,0,0,0.0,0,0,0,0,0,0,0,nba_boxscorematchupsv3
1,2025-26,Playoffs,Eastern Conference Finals,2026_cle_nyk_api_20261005,0042500302,2,2026-05-21,1610612739,CLE,203471,Dennis Schröder,1610612752,NYK,1626157,Karl-Anthony Towns,20,1.6,2.93255,5.6338,9.2,2,3,0,0,0,0,1,1,100.0,0,0,0.0,0,0,0,0,0,0,0,nba_boxscorematchupsv3
1,2025-26,Playoffs,Eastern Conference Finals,2026_cle_nyk_api_20261005,0042500302,2,2026-05-21,1610612739,CLE,1642281,Jaylon Tyson,1610612752,NYK,1630631,Jose Alvarado,5,0.5,3.31126,1.9455299999999998,7.5,0,1,0,0,0,0,0,0,0.0,0,0,0.0,0,0,0,0,0,0,0,nba_boxscorematchupsv3
1,2025-26,Playoffs,Eastern Conference Finals,2026_cle_nyk_api_20261005,0042500302,2,2026-05-21,1610612739,CLE,1642281,Jaylon Tyson,1610612752,NYK,1628384,OG Anunoby,34,2.0,4.97804,13.229569999999999,21.6,0,2,0,0,0,0,0,1,0.0,0,1,0.0,0,0,0,0,0,0,0,nba_boxscorematchupsv3
1,2025-26,Playoffs,Eastern Conference Finals,2026_cle_nyk_api_20261005,0042500302,2,2026-05-21,1610612739,CLE,1642281,Jaylon Tyson,1610612752,NYK,1628969,Mikal Bridges,14,2.1,1.59272,5.44747,8.799999999999999,0,3,0,0,0,0,0,0,0.0,0,0,0.0,0,0,0,0,0,0,0,nba_boxscorematchupsv3
1,2025-26,Playoffs,Eastern Conference Finals,2026_cle_nyk_api_20261005,0042500302,2,2026-05-21,1610612739,CLE,1642281,Jaylon Tyson,1610612752,NYK,1628973,Jalen Brunson,6,0.8,0.6984899999999999,2.33463,4.9,2,2,0,0,0,0,1,1,100.0,0,0,0.0,0,0,0,0,0,0,0,nba_boxscorematchupsv3
1,2025-26,Playoffs,Eastern Conference Finals,2026_cle_nyk_api_20261005,0042500302,2,2026-05-21,1610612739,CLE,1642281,Jaylon Tyson,1610612752,NYK,203903,Jordan Clarkson,142,5.0,64.84018,55.25292,78.2,2,7,0,0,0,0,0,1,0.0,0,1,0.0,2,2,0,0,0,0,0,nba_boxscorematchupsv3
1,2025-26,Playoffs,Eastern Conference Finals,2026_cle_nyk_api_20261005,0042500302,2,2026-05-21,1610612739,CLE,1642281,Jaylon Tyson,1610612752,NYK,1628404,Josh Hart,20,1.7,3.1847100000000004,7.7821,31.5,0,0,0,0,0,0,0,1,0.0,0,1,0.0,0,0,0,0,0,0,0,nba_boxscorematchupsv3
1,2025-26,Playoffs,Eastern Conference Finals,2026_cle_nyk_api_20261005,0042500302,2,2026-05-21,1610612739,CLE,1642281,Jaylon Tyson,1610612752,NYK,1630540,Miles McBride,3,0.0,1.09091,1.16732,12.3,0,0,0,0,0,0,0,0,0.0,0,0,0.0,0,0,0,0,0,0,0,nba_boxscorematchupsv3
1,2025-26,Playoffs,Eastern Conference Finals,2026_cle_nyk_api_20261005,0042500302,2,2026-05-21,1610612739,CLE,1642281,Jaylon Tyson,1610612752,NYK,1629011,Mitchell Robinson,4,1.1,1.2084599999999999,1.5564200000000001,6.6000000000000005,0,0,0,0,0,0,0,0,0.0,0,0,0.0,0,0,0,0,0,0,0,nba_boxscorematchupsv3
1,2025-26,Playoffs,Eastern Conference Finals,2026_cle_nyk_api_20261005,0042500302,2,2026-05-21,1610612739,CLE,1642281,Jaylon Tyson,1610612752,NYK,1629013,Landry Shamet,21,1.2,6.382980000000001,8.17121,22.7,0,2,0,0,0,0,0,0,0.0,0,0,0.0,0,0,0,0,0,0,0,nba_boxscorematchupsv3
1,2025-26,Playoffs,Eastern Conference Finals,2026_cle_nyk_api_20261005,0042500302,2,2026-05-21,1610612739,CLE,1642281,Jaylon Tyson,1610612752,NYK,1626157,Karl-Anthony Towns,8,0.7,1.17302,3.1128400000000003,8.6,0,0,0,0,0,0,0,0,0.0,0,0,0.0,0,0,0,0,0,0,0,nba_boxscorematchupsv3
1,2025-26,Playoffs,Eastern Conference Finals,2026_cle_nyk_api_20261005,0042500302,2,2026-05-21,1610612739,CLE,1641854,Craig Porter Jr.,1610612752,NYK,1630631,Jose Alvarado,18,0.0,11.92053,62.06897,2.6,0,2,0,0,0,0,0,0,0.0,0,0,0.0,0,0,0,0,0,0,0,nba_boxscorematchupsv3
1,2025-26,Playoffs,Eastern Conference Finals,2026_cle_nyk_api_20261005,0042500302,2,2026-05-21,1610612739,CLE,1641854,Craig Porter Jr.,1610612752,NYK,1642359,Pacôme Dadiet,8,0.8,28.57143,27.58621,81.89999999999999,0,0,0,0,0,0,0,0,0.0,0,0,0.0,0,0,0,0,0,0,0,nba_boxscorematchupsv3
1,2025-26,Playoffs,Eastern Conference Finals,2026_cle_nyk_api_20261005,0042500302,2,2026-05-21,1610612739,CLE,1641854,Craig Porter Jr.,1610612752,NYK,1629013,Landry Shamet,3,0.2,0.9118499999999999,10.34483,21.4,0,0,0,0,0,0,0,0,0.0,0,0,0.0,0,0,0,0,0,0,0,nba_boxscorematchupsv3
1,2025-26,Playoffs,Eastern Conference Finals,2026_cle_nyk_api_20261005,0042500302,2,2026-05-21,1610612739,CLE,1642878,Tyrese Proctor,1610612752,NYK,1642359,Pacôme Dadiet,1,0.1,3.57143,3.57143,6.9,0,0,0,0,0,0,0,0,0.0,0,0,0.0,0,0,0,0,0,0,0,nba_boxscorematchupsv3
1,2025-26,Playoffs,Eastern Conference Finals,2026_cle_nyk_api_20261005,0042500302,2,2026-05-21,1610612739,CLE,1642878,Tyrese Proctor,1610612752,NYK,1642278,Tyler Kolek,24,0.7,85.71429,85.71429,71.0,0,2,0,0,0,0,0,0,0.0,0,0,0.0,0,0,0,0,0,0,0,nba_boxscorematchupsv3
1,2025-26,Playoffs,Eastern Conference Finals,2026_cle_nyk_api_20261005,0042500302,2,2026-05-21,1610612739,CLE,1642878,Tyrese Proctor,1610612752,NYK,1630540,Miles McBride,3,0.2,1.09091,10.71429,19.900000000000002,0,0,0,0,0,0,0,0,0.0,0,0,0.0,0,0,0,0,0,0,0,nba_boxscorematchupsv3
1,2025-26,Playoffs,Eastern Conference Finals,2026_cle_nyk_api_20261005,0042500302,2,2026-05-21,1610612739,CLE,1631165,Keon Ellis,1610612752,NYK,1630631,Jose Alvarado,1,0.0,0.66225,3.57143,0.0,0,0,0,0,0,0,0,0,0.0,0,0,0.0,0,0,0,0,0,0,0,nba_boxscorematchupsv3
1,2025-26,Playoffs,Eastern Conference Finals,2026_cle_nyk_api_20261005,0042500302,2,2026-05-21,1610612739,CLE,1631165,Keon Ellis,1610612752,NYK,1642278,Tyler Kolek,4,0.3,14.285709999999998,14.285709999999998,28.999999999999996,0,0,0,0,0,0,0,0,0.0,0,0,0.0,0,0,0,0,0,0,0,nba_boxscorematchupsv3
1,2025-26,Playoffs,Eastern Conference Finals,2026_cle_nyk_api_20261005,0042500302,2,2026-05-21,1610612739,CLE,1631165,Keon Ellis,1610612752,NYK,1630540,Miles McBride,5,0.7,1.8181800000000001,17.857139999999998,67.10000000000001,0,0,0,0,0,0,0,0,0.0,0,0,0.0,0,0,0,0,0,0,0,nba_boxscorematchupsv3
1,2025-26,Playoffs,Eastern Conference Finals,2026_cle_nyk_api_20261005,0042500302,2,2026-05-21,1610612739,CLE,1631165,Keon Ellis,1610612752,NYK,1629013,Landry Shamet,18,0.0,5.47112,64.28571,0.0,0,0,0,0,0,0,0,0,0.0,0,0,0.0,0,0,0,0,0,0,0,nba_boxscorematchupsv3
1,2025-26,Playoffs,Eastern Conference Finals,2026_cle_nyk_api_20261005,0042500302,2,2026-05-21,1610612739,CLE,1628418,Thomas Bryant,1610612752,NYK,1630631,Jose Alvarado,1,0.2,0.66225,3.7037,18.6,0,0,0,0,0,0,0,1,0.0,0,0,0.0,0,0,0,0,0,0,0,nba_boxscorematchupsv3
1,2025-26,Playoffs,Eastern Conference Finals,2026_cle_nyk_api_20261005,0042500302,2,2026-05-21,1610612739,CLE,1628418,Thomas Bryant,1610612752,NYK,1642359,Pacôme Dadiet,16,0.1,57.14286,59.259260000000005,7.3,0,0,0,0,0,0,0,0,0.0,0,0,0.0,0,0,0,0,0,0,0,nba_boxscorematchupsv3
1,2025-26,Playoffs,Eastern Conference Finals,2026_cle_nyk_api_20261005,0042500302,2,2026-05-21,1610612739,CLE,1628418,Thomas Bryant,1610612752,NYK,1630540,Miles McBride,3,0.0,1.09091,11.11111,0.0,0,0,0,0,0,0,0,0,0.0,0,0,0.0,0,0,0,0,0,0,0,nba_boxscorematchupsv3
1,2025-26,Playoffs,Eastern Conference Finals,2026_cle_nyk_api_20261005,0042500302,2,2026-05-21,1610612739,CLE,1628418,Thomas Bryant,1610612752,NYK,1629013,Landry Shamet,7,0.7,2.12766,25.92593,67.5,0,2,0,0,0,0,0,0,0.0,0,0,0.0,0,0,0,0,0,0,0,nba_boxscorematchupsv3
1,2025-26,Playoffs,Eastern Conference Finals,2026_cle_nyk_api_20261005,0042500302,2,2026-05-21,1610612739,CLE,1641772,Nae'Qwan Tomlin,1610612752,NYK,1630631,Jose Alvarado,7,0.8,4.635759999999999,25.0,78.8,0,0,0,0,0,0,0,0,0.0,0,0,0.0,0,0,0,0,0,0,0,nba_boxscorematchupsv3
1,2025-26,Playoffs,Eastern Conference Finals,2026_cle_nyk_api_20261005,0042500302,2,2026-05-21,1610612739,CLE,1641772,Nae'Qwan Tomlin,1610612752,NYK,1642359,Pacôme Dadiet,3,0.0,10.71429,10.71429,3.9,0,0,0,0,0,0,0,0,0.0,0,0,0.0,0,0,0,0,0,0,0,nba_boxscorematchupsv3
1,2025-26,Playoffs,Eastern Conference Finals,2026_cle_nyk_api_20261005,0042500302,2,2026-05-21,1610612739,CLE,1641772,Nae'Qwan Tomlin,1610612752,NYK,1630540,Miles McBride,18,0.1,6.54545,64.28571,13.0,2,2,0,0,0,0,1,1,100.0,0,0,0.0,0,0,0,0,0,0,0,nba_boxscorematchupsv3
1,2025-26,Playoffs,Eastern Conference Finals,2026_cle_nyk_api_20261005,0042500303,3,2026-05-23,1610612739,CLE,1629731,Dean Wade,1610612752,NYK,1628384,OG Anunoby,26,3.1,4.29043,8.02469,9.4,0,0,0,0,0,0,0,1,0.0,0,1,0.0,0,0,0,0,0,0,0,nba_boxscorematchupsv3
1,2025-26,Playoffs,Eastern Conference Finals,2026_cle_nyk_api_20261005,0042500303,3,2026-05-23,1610612739,CLE,1629731,Dean Wade,1610612752,NYK,1628969,Mikal Bridges,40,3.0,5.01253,12.34568,9.4,0,2,0,0,0,0,0,0,0.0,0,0,0.0,0,0,0,0,0,0,0,nba_boxscorematchupsv3
1,2025-26,Playoffs,Eastern Conference Finals,2026_cle_nyk_api_20261005,0042500303,3,2026-05-23,1610612739,CLE,1629731,Dean Wade,1610612752,NYK,1628973,Jalen Brunson,242,22.4,28.43713,74.69135999999999,65.0,0,37,1,0,0,0,0,0,0.0,0,0,0.0,0,0,0,0,0,0,0,nba_boxscorematchupsv3
1,2025-26,Playoffs,Eastern Conference Finals,2026_cle_nyk_api_20261005,0042500303,3,2026-05-23,1610612739,CLE,1629731,Dean Wade,1610612752,NYK,1628404,Josh Hart,9,1.4,1.13493,2.77778,7.3999999999999995,0,5,0,0,0,0,0,0,0.0,0,0,0.0,0,0,0,0,0,0,0,nba_boxscorematchupsv3
1,2025-26,Playoffs,Eastern Conference Finals,2026_cle_nyk_api_20261005,0042500303,3,2026-05-23,1610612739,CLE,1629731,Dean Wade,1610612752,NYK,1626157,Karl-Anthony Towns,7,1.5,0.92105,2.16049,5.2,0,0,0,0,0,0,0,0,0.0,0,0,0.0,0,0,0,0,0,0,0,nba_boxscorematchupsv3
1,2025-26,Playoffs,Eastern Conference Finals,2026_cle_nyk_api_20261005,0042500303,3,2026-05-23,1610612739,CLE,1630596,Evan Mobley,1610612752,NYK,1630631,Jose Alvarado,1,0.0,0.9708700000000001,0.13072,0.8,0,0,0,0,0,0,0,0,0.0,0,0,0.0,0,0,0,0,0,0,0,nba_boxscorematchupsv3
1,2025-26,Playoffs,Eastern Conference Finals,2026_cle_nyk_api_20261005,0042500303,3,2026-05-23,1610612739,CLE,1630596,Evan Mobley,1610612752,NYK,1628384,OG Anunoby,135,13.7,22.27723,17.64706,28.4,4,15,2,0,0,0,1,3,33.300000000000004,0,1,0.0,2,2,1,0,0,0,0,nba_boxscorematchupsv3
1,2025-26,Playoffs,Eastern Conference Finals,2026_cle_nyk_api_20261005,0042500303,3,2026-05-23,1610612739,CLE,1630596,Evan Mobley,1610612752,NYK,1628969,Mikal Bridges,31,3.5,3.88471,4.05229,7.5,0,0,0,0,0,0,0,1,0.0,0,0,0.0,0,0,0,0,0,0,0,nba_boxscorematchupsv3
1,2025-26,Playoffs,Eastern Conference Finals,2026_cle_nyk_api_20261005,0042500303,3,2026-05-23,1610612739,CLE,1630596,Evan Mobley,1610612752,NYK,1628973,Jalen Brunson,17,3.9,1.9976500000000001,2.22222,6.3,0,0,0,0,0,0,0,0,0.0,0,0,0.0,0,0,0,0,0,0,0,nba_boxscorematchupsv3
1,2025-26,Playoffs,Eastern Conference Finals,2026_cle_nyk_api_20261005,0042500303,3,2026-05-23,1610612739,CLE,1630596,Evan Mobley,1610612752,NYK,1628404,Josh Hart,76,7.2,9.58386,9.93464,13.0,4,10,0,0,0,0,2,2,100.0,0,0,0.0,0,0,0,0,0,0,0,nba_boxscorematchupsv3
1,2025-26,Playoffs,Eastern Conference Finals,2026_cle_nyk_api_20261005,0042500303,3,2026-05-23,1610612739,CLE,1630596,Evan Mobley,1610612752,NYK,1630540,Miles McBride,7,0.5,1.84211,0.91503,3.5999999999999996,2,2,0,0,0,1,1,1,100.0,0,0,0.0,0,0,0,0,0,0,0,nba_boxscorematchupsv3
1,2025-26,Playoffs,Eastern Conference Finals,2026_cle_nyk_api_20261005,0042500303,3,2026-05-23,1610612739,CLE,1630596,Evan Mobley,1610612752,NYK,1629011,Mitchell Robinson,114,6.1,48.71795,14.90196,84.1,2,10,0,0,0,0,1,2,50.0,0,1,0.0,0,0,0,0,0,0,0,nba_boxscorematchupsv3
1,2025-26,Playoffs,Eastern Conference Finals,2026_cle_nyk_api_20261005,0042500303,3,2026-05-23,1610612739,CLE,1630596,Evan Mobley,1610612752,NYK,1629013,Landry Shamet,14,1.1,2.2082,1.8300699999999999,3.5999999999999996,0,0,0,0,1,0,0,0,0.0,0,0,0.0,0,0,0,0,0,0,0,nba_boxscorematchupsv3
1,2025-26,Playoffs,Eastern Conference Finals,2026_cle_nyk_api_20261005,0042500303,3,2026-05-23,1610612739,CLE,1630596,Evan Mobley,1610612752,NYK,1626157,Karl-Anthony Towns,370,29.8,48.68421,48.366009999999996,58.199999999999996,12,33,0,0,4,0,5,8,62.5,1,4,25.0,1,2,1,0,0,0,0,nba_boxscorematchupsv3
1,2025-26,Playoffs,Eastern Conference Finals,2026_cle_nyk_api_20261005,0042500303,3,2026-05-23,1610612739,CLE,1628386,Jarrett Allen,1610612752,NYK,1630631,Jose Alvarado,5,0.2,4.85437,0.67659,8.4,0,0,0,0,0,0,0,0,0.0,0,0,0.0,0,0,0,0,0,0,0,nba_boxscorematchupsv3
1,2025-26,Playoffs,Eastern Conference Finals,2026_cle_nyk_api_20261005,0042500303,3,2026-05-23,1610612739,CLE,1628386,Jarrett Allen,1610612752,NYK,1628384,OG Anunoby,239,20.0,39.43894,32.340999999999994,37.0,2,24,0,0,0,0,1,1,100.0,0,0,0.0,0,0,0,0,0,0,0,nba_boxscorematchupsv3
1,2025-26,Playoffs,Eastern Conference Finals,2026_cle_nyk_api_20261005,0042500303,3,2026-05-23,1610612739,CLE,1628386,Jarrett Allen,1610612752,NYK,1628969,Mikal Bridges,32,4.9,4.0100299999999995,4.33018,5.8999999999999995,4,11,0,0,0,0,2,2,100.0,0,0,0.0,0,0,0,0,0,0,0,nba_boxscorematchupsv3
1,2025-26,Playoffs,Eastern Conference Finals,2026_cle_nyk_api_20261005,0042500303,3,2026-05-23,1610612739,CLE,1628386,Jarrett Allen,1610612752,NYK,1628973,Jalen Brunson,27,4.7,3.17274,3.6535900000000003,7.7,0,4,0,0,0,0,0,0,0.0,0,0,0.0,0,0,0,0,0,0,0,nba_boxscorematchupsv3
1,2025-26,Playoffs,Eastern Conference Finals,2026_cle_nyk_api_20261005,0042500303,3,2026-05-23,1610612739,CLE,1628386,Jarrett Allen,1610612752,NYK,203903,Jordan Clarkson,3,0.3,4.7619,0.40595,6.1,0,0,0,0,0,0,0,0,0.0,0,0,0.0,0,0,0,0,0,0,0,nba_boxscorematchupsv3
1,2025-26,Playoffs,Eastern Conference Finals,2026_cle_nyk_api_20261005,0042500303,3,2026-05-23,1610612739,CLE,1628386,Jarrett Allen,1610612752,NYK,1628404,Josh Hart,42,6.5,5.29634,5.6833599999999995,11.0,0,5,0,0,0,0,0,0,0.0,0,0,0.0,0,0,0,0,0,0,0,nba_boxscorematchupsv3
1,2025-26,Playoffs,Eastern Conference Finals,2026_cle_nyk_api_20261005,0042500303,3,2026-05-23,1610612739,CLE,1628386,Jarrett Allen,1610612752,NYK,1630540,Miles McBride,2,0.1,0.52632,0.27064,1.5,0,0,0,0,0,0,0,0,0.0,0,0,0.0,0,0,0,0,0,0,0,nba_boxscorematchupsv3
1,2025-26,Playoffs,Eastern Conference Finals,2026_cle_nyk_api_20261005,0042500303,3,2026-05-23,1610612739,CLE,1628386,Jarrett Allen,1610612752,NYK,1629011,Mitchell Robinson,82,6.9,35.04274,11.09608,71.2,3,7,0,0,0,0,1,1,100.0,0,0,0.0,1,2,1,0,0,0,0,nba_boxscorematchupsv3
1,2025-26,Playoffs,Eastern Conference Finals,2026_cle_nyk_api_20261005,0042500303,3,2026-05-23,1610612739,CLE,1628386,Jarrett Allen,1610612752,NYK,1629013,Landry Shamet,28,2.8,4.4164,3.7889,8.200000000000001,0,5,0,0,0,0,0,0,0.0,0,0,0.0,0,0,0,0,0,0,0,nba_boxscorematchupsv3
1,2025-26,Playoffs,Eastern Conference Finals,2026_cle_nyk_api_20261005,0042500303,3,2026-05-23,1610612739,CLE,1628386,Jarrett Allen,1610612752,NYK,1626157,Karl-Anthony Towns,279,22.3,36.710530000000006,37.75372,44.1,8,25,0,0,0,0,3,5,60.0,0,0,0.0,2,2,1,0,0,0,0,nba_boxscorematchupsv3
1,2025-26,Playoffs,Eastern Conference Finals,2026_cle_nyk_api_20261005,0042500303,3,2026-05-23,1610612739,CLE,1628378,Donovan Mitchell,1610612752,NYK,1630631,Jose Alvarado,16,1.3,15.53398,1.9253900000000002,17.9,0,0,0,0,0,0,0,1,0.0,0,1,0.0,0,0,0,0,0,0,0,nba_boxscorematchupsv3
1,2025-26,Playoffs,Eastern Conference Finals,2026_cle_nyk_api_20261005,0042500303,3,2026-05-23,1610612739,CLE,1628378,Donovan Mitchell,1610612752,NYK,1628384,OG Anunoby,59,8.8,9.73597,7.09988,14.799999999999999,8,10,0,0,1,0,3,3,100.0,1,1,100.0,1,2,1,0,0,0,0,nba_boxscorematchupsv3
1,2025-26,Playoffs,Eastern Conference Finals,2026_cle_nyk_api_20261005,0042500303,3,2026-05-23,1610612739,CLE,1628378,Donovan Mitchell,1610612752,NYK,1628969,Mikal Bridges,67,8.2,8.395990000000001,8.06258,11.4,0,5,0,0,0,1,0,1,0.0,0,1,0.0,0,0,0,0,0,0,0,nba_boxscorematchupsv3
1,2025-26,Playoffs,Eastern Conference Finals,2026_cle_nyk_api_20261005,0042500303,3,2026-05-23,1610612739,CLE,1628378,Donovan Mitchell,1610612752,NYK,1628973,Jalen Brunson,46,6.6,5.40541,5.5355,9.2,3,7,0,0,0,0,1,3,33.300000000000004,1,3,33.300000000000004,0,0,0,0,0,0,0,nba_boxscorematchupsv3
1,2025-26,Playoffs,Eastern Conference Finals,2026_cle_nyk_api_20261005,0042500303,3,2026-05-23,1610612739,CLE,1628378,Donovan Mitchell,1610612752,NYK,203903,Jordan Clarkson,18,1.6,28.57143,2.16606,43.8,0,2,0,0,1,0,0,0,0.0,0,0,0.0,0,0,0,0,0,0,0,nba_boxscorematchupsv3
1,2025-26,Playoffs,Eastern Conference Finals,2026_cle_nyk_api_20261005,0042500303,3,2026-05-23,1610612739,CLE,1628378,Donovan Mitchell,1610612752,NYK,1628404,Josh Hart,282,22.9,35.56116,33.93502,43.9,2,17,2,0,2,0,1,4,25.0,0,2,0.0,0,2,1,0,0,0,0,nba_boxscorematchupsv3
1,2025-26,Playoffs,Eastern Conference Finals,2026_cle_nyk_api_20261005,0042500303,3,2026-05-23,1610612739,CLE,1628378,Donovan Mitchell,1610612752,NYK,1630540,Miles McBride,47,3.0,12.368419999999999,5.65584,20.0,2,4,0,0,1,0,1,2,50.0,0,0,0.0,0,0,0,0,0,0,0,nba_boxscorematchupsv3
1,2025-26,Playoffs,Eastern Conference Finals,2026_cle_nyk_api_20261005,0042500303,3,2026-05-23,1610612739,CLE,1628378,Donovan Mitchell,1610612752,NYK,1629011,Mitchell Robinson,6,0.3,2.5641000000000003,0.72202,4.3999999999999995,0,0,0,0,0,0,0,1,0.0,0,0,0.0,0,0,0,0,0,0,0,nba_boxscorematchupsv3
1,2025-26,Playoffs,Eastern Conference Finals,2026_cle_nyk_api_20261005,0042500303,3,2026-05-23,1610612739,CLE,1628378,Donovan Mitchell,1610612752,NYK,1629013,Landry Shamet,253,17.1,39.90536,30.44525,43.2,4,20,2,0,0,0,1,2,50.0,1,1,100.0,1,2,1,0,0,0,0,nba_boxscorematchupsv3
1,2025-26,Playoffs,Eastern Conference Finals,2026_cle_nyk_api_20261005,0042500303,3,2026-05-23,1610612739,CLE,1628378,Donovan Mitchell,1610612752,NYK,1626157,Karl-Anthony Towns,37,4.3,4.8684199999999995,4.45247,5.8999999999999995,4,7,0,0,0,0,2,3,66.7,0,1,0.0,0,0,0,0,0,0,0,nba_boxscorematchupsv3
1,2025-26,Playoffs,Eastern Conference Finals,2026_cle_nyk_api_20261005,0042500303,3,2026-05-23,1610612739,CLE,201935,James Harden,1610612752,NYK,1630631,Jose Alvarado,5,1.2,4.85437,0.57143,20.9,0,0,0,0,0,0,0,0,0.0,0,0,0.0,0,0,0,0,0,0,0,nba_boxscorematchupsv3
1,2025-26,Playoffs,Eastern Conference Finals,2026_cle_nyk_api_20261005,0042500303,3,2026-05-23,1610612739,CLE,201935,James Harden,1610612752,NYK,1628384,OG Anunoby,45,7.6,7.42574,5.14286,9.9,2,9,0,0,1,0,1,1,100.0,0,0,0.0,0,0,0,0,0,0,0,nba_boxscorematchupsv3
1,2025-26,Playoffs,Eastern Conference Finals,2026_cle_nyk_api_20261005,0042500303,3,2026-05-23,1610612739,CLE,201935,James Harden,1610612752,NYK,1628969,Mikal Bridges,491,43.9,61.528819999999996,56.11429,62.7,7,60,3,0,1,0,3,6,50.0,1,3,33.300000000000004,0,0,0,0,0,0,0,nba_boxscorematchupsv3
1,2025-26,Playoffs,Eastern Conference Finals,2026_cle_nyk_api_20261005,0042500303,3,2026-05-23,1610612739,CLE,201935,James Harden,1610612752,NYK,1628973,Jalen Brunson,121,10.3,14.21857,13.828570000000001,14.000000000000002,5,8,1,0,1,0,2,3,66.7,0,1,0.0,1,2,1,0,0,0,0,nba_boxscorematchupsv3
1,2025-26,Playoffs,Eastern Conference Finals,2026_cle_nyk_api_20261005,0042500303,3,2026-05-23,1610612739,CLE,201935,James Harden,1610612752,NYK,203903,Jordan Clarkson,15,0.8,23.80952,1.7142899999999999,18.9,0,0,0,0,0,0,0,0,0.0,0,0,0.0,0,0,0,0,0,0,0,nba_boxscorematchupsv3
1,2025-26,Playoffs,Eastern Conference Finals,2026_cle_nyk_api_20261005,0042500303,3,2026-05-23,1610612739,CLE,201935,James Harden,1610612752,NYK,1628404,Josh Hart,135,9.0,17.02396,15.42857,20.7,2,13,1,0,1,0,1,3,33.300000000000004,0,2,0.0,0,0,0,0,0,0,0,nba_boxscorematchupsv3
1,2025-26,Playoffs,Eastern Conference Finals,2026_cle_nyk_api_20261005,0042500303,3,2026-05-23,1610612739,CLE,201935,James Harden,1610612752,NYK,1630540,Miles McBride,8,0.9,2.10526,0.91429,4.1000000000000005,0,0,0,0,0,0,0,0,0.0,0,0,0.0,0,0,0,0,0,0,0,nba_boxscorematchupsv3
1,2025-26,Playoffs,Eastern Conference Finals,2026_cle_nyk_api_20261005,0042500303,3,2026-05-23,1610612739,CLE,201935,James Harden,1610612752,NYK,1629011,Mitchell Robinson,4,1.0,1.7094000000000003,0.45714,4.9,1,1,0,0,0,0,0,0,0.0,0,0,0.0,1,1,1,0,0,0,0,nba_boxscorematchupsv3
1,2025-26,Playoffs,Eastern Conference Finals,2026_cle_nyk_api_20261005,0042500303,3,2026-05-23,1610612739,CLE,201935,James Harden,1610612752,NYK,1629013,Landry Shamet,7,0.9,1.1041,0.8,3.8,0,0,0,0,0,0,0,0,0.0,0,0,0.0,0,0,0,0,0,0,0,nba_boxscorematchupsv3
1,2025-26,Playoffs,Eastern Conference Finals,2026_cle_nyk_api_20261005,0042500303,3,2026-05-23,1610612739,CLE,201935,James Harden,1610612752,NYK,1626157,Karl-Anthony Towns,44,4.4,5.78947,5.02857,6.9,2,7,0,0,1,1,1,2,50.0,0,1,0.0,0,0,0,0,0,0,0,nba_boxscorematchupsv3
1,2025-26,Playoffs,Eastern Conference Finals,2026_cle_nyk_api_20261005,0042500303,3,2026-05-23,1610612739,CLE,1630241,Sam Merrill,1610612752,NYK,1630631,Jose Alvarado,40,2.7,38.83495,6.80272,36.6,0,2,0,0,0,0,0,0,0.0,0,0,0.0,0,0,0,0,0,0,0,nba_boxscorematchupsv3
1,2025-26,Playoffs,Eastern Conference Finals,2026_cle_nyk_api_20261005,0042500303,3,2026-05-23,1610612739,CLE,1630241,Sam Merrill,1610612752,NYK,1628384,OG Anunoby,17,1.1,2.8052799999999998,2.8911599999999997,9.3,0,0,0,0,0,0,0,1,0.0,0,1,0.0,0,0,0,0,0,0,0,nba_boxscorematchupsv3
1,2025-26,Playoffs,Eastern Conference Finals,2026_cle_nyk_api_20261005,0042500303,3,2026-05-23,1610612739,CLE,1630241,Sam Merrill,1610612752,NYK,1628969,Mikal Bridges,62,4.1,7.76942,10.54422,14.899999999999999,0,5,0,0,0,0,0,1,0.0,0,1,0.0,0,0,0,0,0,0,0,nba_boxscorematchupsv3
1,2025-26,Playoffs,Eastern Conference Finals,2026_cle_nyk_api_20261005,0042500303,3,2026-05-23,1610612739,CLE,1630241,Sam Merrill,1610612752,NYK,1628973,Jalen Brunson,14,1.2,1.64512,2.38095,5.0,0,0,0,0,0,0,0,0,0.0,0,0,0.0,0,0,0,0,0,0,0,nba_boxscorematchupsv3
1,2025-26,Playoffs,Eastern Conference Finals,2026_cle_nyk_api_20261005,0042500303,3,2026-05-23,1610612739,CLE,1630241,Sam Merrill,1610612752,NYK,203903,Jordan Clarkson,4,0.1,6.349209999999999,0.68027,11.700000000000001,0,0,0,0,0,0,0,0,0.0,0,0,0.0,0,0,0,0,0,0,0,nba_boxscorematchupsv3
1,2025-26,Playoffs,Eastern Conference Finals,2026_cle_nyk_api_20261005,0042500303,3,2026-05-23,1610612739,CLE,1630241,Sam Merrill,1610612752,NYK,1628404,Josh Hart,61,5.6,7.692309999999999,10.37415,14.799999999999999,0,6,0,0,0,0,0,0,0.0,0,0,0.0,0,0,0,0,0,0,0,nba_boxscorematchupsv3
1,2025-26,Playoffs,Eastern Conference Finals,2026_cle_nyk_api_20261005,0042500303,3,2026-05-23,1610612739,CLE,1630241,Sam Merrill,1610612752,NYK,1630540,Miles McBride,249,14.8,65.52632,42.34694,62.7,6,20,1,0,0,0,2,3,66.7,2,2,100.0,0,0,0,0,0,0,0,nba_boxscorematchupsv3
1,2025-26,Playoffs,Eastern Conference Finals,2026_cle_nyk_api_20261005,0042500303,3,2026-05-23,1610612739,CLE,1630241,Sam Merrill,1610612752,NYK,1629011,Mitchell Robinson,12,1.1,5.128209999999999,2.04082,6.4,0,2,0,0,0,0,0,0,0.0,0,0,0.0,0,0,0,0,0,0,0,nba_boxscorematchupsv3
1,2025-26,Playoffs,Eastern Conference Finals,2026_cle_nyk_api_20261005,0042500303,3,2026-05-23,1610612739,CLE,1630241,Sam Merrill,1610612752,NYK,1629013,Landry Shamet,123,13.9,19.40063,20.91837,26.700000000000003,0,15,0,0,0,0,0,0,0.0,0,0,0.0,0,0,0,0,0,0,0,nba_boxscorematchupsv3
1,2025-26,Playoffs,Eastern Conference Finals,2026_cle_nyk_api_20261005,0042500303,3,2026-05-23,1610612739,CLE,1630241,Sam Merrill,1610612752,NYK,1626157,Karl-Anthony Towns,6,0.5,0.7894699999999999,1.02041,4.1000000000000005,0,2,0,0,0,0,0,0,0.0,0,0,0.0,0,0,0,0,0,0,0,nba_boxscorematchupsv3
1,2025-26,Playoffs,Eastern Conference Finals,2026_cle_nyk_api_20261005,0042500303,3,2026-05-23,1610612739,CLE,1629622,Max Strus,1610612752,NYK,1628384,OG Anunoby,70,5.0,11.551160000000001,10.57402,19.0,0,6,0,0,0,0,0,0,0.0,0,0,0.0,0,0,0,0,0,0,0,nba_boxscorematchupsv3
1,2025-26,Playoffs,Eastern Conference Finals,2026_cle_nyk_api_20261005,0042500303,3,2026-05-23,1610612739,CLE,1629622,Max Strus,1610612752,NYK,1628969,Mikal Bridges,56,7.0,7.01754,8.45921,12.1,0,4,1,0,0,1,0,2,0.0,0,2,0.0,0,0,0,0,0,0,0,nba_boxscorematchupsv3
1,2025-26,Playoffs,Eastern Conference Finals,2026_cle_nyk_api_20261005,0042500303,3,2026-05-23,1610612739,CLE,1629622,Max Strus,1610612752,NYK,1628973,Jalen Brunson,229,20.9,26.909519999999997,34.59215,35.3,9,32,2,0,0,0,3,5,60.0,3,5,60.0,0,0,0,0,0,0,0,nba_boxscorematchupsv3
1,2025-26,Playoffs,Eastern Conference Finals,2026_cle_nyk_api_20261005,0042500303,3,2026-05-23,1610612739,CLE,1629622,Max Strus,1610612752,NYK,203903,Jordan Clarkson,1,0.0,1.5873000000000002,0.15106,2.9000000000000004,0,3,0,0,0,0,0,0,0.0,0,0,0.0,0,0,0,0,0,0,0,nba_boxscorematchupsv3
1,2025-26,Playoffs,Eastern Conference Finals,2026_cle_nyk_api_20261005,0042500303,3,2026-05-23,1610612739,CLE,1629622,Max Strus,1610612752,NYK,1628404,Josh Hart,126,10.3,15.889030000000002,19.03323,24.2,4,19,1,0,0,0,1,3,33.300000000000004,1,3,33.300000000000004,1,1,0,0,0,0,0,nba_boxscorematchupsv3
1,2025-26,Playoffs,Eastern Conference Finals,2026_cle_nyk_api_20261005,0042500303,3,2026-05-23,1610612739,CLE,1629622,Max Strus,1610612752,NYK,1630540,Miles McBride,24,2.3,6.315790000000001,3.6253800000000003,8.799999999999999,0,2,0,0,0,0,0,0,0.0,0,0,0.0,0,0,0,0,0,0,0,nba_boxscorematchupsv3
1,2025-26,Playoffs,Eastern Conference Finals,2026_cle_nyk_api_20261005,0042500303,3,2026-05-23,1610612739,CLE,1629622,Max Strus,1610612752,NYK,1629011,Mitchell Robinson,2,0.7,0.8547000000000001,0.30211,5.4,0,0,0,0,0,0,0,0,0.0,0,0,0.0,0,0,0,0,0,0,0,nba_boxscorematchupsv3
1,2025-26,Playoffs,Eastern Conference Finals,2026_cle_nyk_api_20261005,0042500303,3,2026-05-23,1610612739,CLE,1629622,Max Strus,1610612752,NYK,1629013,Landry Shamet,141,8.4,22.23975,21.29909,28.299999999999997,0,11,1,0,0,0,0,1,0.0,0,1,0.0,0,0,0,0,0,0,0,nba_boxscorematchupsv3
1,2025-26,Playoffs,Eastern Conference Finals,2026_cle_nyk_api_20261005,0042500303,3,2026-05-23,1610612739,CLE,1629622,Max Strus,1610612752,NYK,1626157,Karl-Anthony Towns,13,2.5,1.71053,1.9637499999999999,5.7,0,2,0,0,0,0,0,0,0.0,0,0,0.0,0,0,0,0,0,0,0,nba_boxscorematchupsv3
1,2025-26,Playoffs,Eastern Conference Finals,2026_cle_nyk_api_20261005,0042500303,3,2026-05-23,1610612739,CLE,203471,Dennis Schröder,1610612752,NYK,1630631,Jose Alvarado,17,1.1,16.504849999999998,6.96721,26.6,0,0,0,0,0,0,0,0,0.0,0,0,0.0,0,0,0,0,0,0,0,nba_boxscorematchupsv3
1,2025-26,Playoffs,Eastern Conference Finals,2026_cle_nyk_api_20261005,0042500303,3,2026-05-23,1610612739,CLE,203471,Dennis Schröder,1610612752,NYK,1628973,Jalen Brunson,155,8.2,18.21387,63.52459,75.9,3,9,0,0,0,0,1,1,100.0,1,1,100.0,0,0,0,0,0,0,0,nba_boxscorematchupsv3
1,2025-26,Playoffs,Eastern Conference Finals,2026_cle_nyk_api_20261005,0042500303,3,2026-05-23,1610612739,CLE,203471,Dennis Schröder,1610612752,NYK,1628404,Josh Hart,10,0.8,1.2610299999999999,4.0983600000000004,5.6000000000000005,0,1,0,0,0,0,0,0,0.0,0,0,0.0,0,0,0,0,0,0,0,nba_boxscorematchupsv3
1,2025-26,Playoffs,Eastern Conference Finals,2026_cle_nyk_api_20261005,0042500303,3,2026-05-23,1610612739,CLE,203471,Dennis Schröder,1610612752,NYK,1630540,Miles McBride,19,1.6,5.0,7.7868900000000005,9.3,0,2,0,0,0,0,0,0,0.0,0,0,0.0,0,0,0,0,0,0,0,nba_boxscorematchupsv3
1,2025-26,Playoffs,Eastern Conference Finals,2026_cle_nyk_api_20261005,0042500303,3,2026-05-23,1610612739,CLE,203471,Dennis Schröder,1610612752,NYK,1629011,Mitchell Robinson,6,0.3,2.5641000000000003,2.4590199999999998,5.3,0,0,0,0,0,0,0,0,0.0,0,0,0.0,0,0,0,0,0,0,0,nba_boxscorematchupsv3
1,2025-26,Playoffs,Eastern Conference Finals,2026_cle_nyk_api_20261005,0042500303,3,2026-05-23,1610612739,CLE,203471,Dennis Schröder,1610612752,NYK,1629013,Landry Shamet,37,2.2,5.83596,15.16393,12.2,0,9,2,0,0,0,0,0,0.0,0,0,0.0,0,0,0,0,0,0,0,nba_boxscorematchupsv3
1,2025-26,Playoffs,Eastern Conference Finals,2026_cle_nyk_api_20261005,0042500303,3,2026-05-23,1610612739,CLE,1642281,Jaylon Tyson,1610612752,NYK,1630631,Jose Alvarado,19,1.5,18.4466,9.79381,17.2,0,3,0,0,0,0,0,0,0.0,0,0,0.0,0,0,0,0,0,0,0,nba_boxscorematchupsv3
1,2025-26,Playoffs,Eastern Conference Finals,2026_cle_nyk_api_20261005,0042500303,3,2026-05-23,1610612739,CLE,1642281,Jaylon Tyson,1610612752,NYK,1628384,OG Anunoby,15,2.7,2.47525,7.73196,32.800000000000004,0,7,0,0,0,0,0,1,0.0,0,1,0.0,0,0,0,0,0,0,0,nba_boxscorematchupsv3
1,2025-26,Playoffs,Eastern Conference Finals,2026_cle_nyk_api_20261005,0042500303,3,2026-05-23,1610612739,CLE,1642281,Jaylon Tyson,1610612752,NYK,1628969,Mikal Bridges,19,1.2,2.38095,9.79381,16.900000000000002,0,2,0,0,0,0,0,0,0.0,0,0,0.0,0,0,0,0,0,0,0,nba_boxscorematchupsv3
1,2025-26,Playoffs,Eastern Conference Finals,2026_cle_nyk_api_20261005,0042500303,3,2026-05-23,1610612739,CLE,1642281,Jaylon Tyson,1610612752,NYK,203903,Jordan Clarkson,22,2.1,34.92063,11.34021,35.9,0,2,0,0,0,0,0,0,0.0,0,0,0.0,0,0,0,0,0,0,0,nba_boxscorematchupsv3
1,2025-26,Playoffs,Eastern Conference Finals,2026_cle_nyk_api_20261005,0042500303,3,2026-05-23,1610612739,CLE,1642281,Jaylon Tyson,1610612752,NYK,1628404,Josh Hart,52,5.1,6.55738,26.804119999999998,30.599999999999998,0,2,0,0,0,0,0,0,0.0,0,0,0.0,0,0,0,0,0,0,0,nba_boxscorematchupsv3
1,2025-26,Playoffs,Eastern Conference Finals,2026_cle_nyk_api_20261005,0042500303,3,2026-05-23,1610612739,CLE,1642281,Jaylon Tyson,1610612752,NYK,1630540,Miles McBride,24,1.2,6.315790000000001,12.371129999999999,18.6,0,0,0,0,0,0,0,0,0.0,0,0,0.0,0,0,0,0,0,0,0,nba_boxscorematchupsv3
1,2025-26,Playoffs,Eastern Conference Finals,2026_cle_nyk_api_20261005,0042500303,3,2026-05-23,1610612739,CLE,1642281,Jaylon Tyson,1610612752,NYK,1629011,Mitchell Robinson,8,0.4,3.4188000000000005,4.12371,9.6,3,3,1,0,1,0,1,1,100.0,0,0,0.0,1,1,1,0,0,0,0,nba_boxscorematchupsv3
1,2025-26,Playoffs,Eastern Conference Finals,2026_cle_nyk_api_20261005,0042500303,3,2026-05-23,1610612739,CLE,1642281,Jaylon Tyson,1610612752,NYK,1629013,Landry Shamet,31,1.8,4.88959,15.97938,34.4,0,0,0,0,0,0,0,0,0.0,0,0,0.0,0,0,0,0,0,0,0,nba_boxscorematchupsv3
1,2025-26,Playoffs,Eastern Conference Finals,2026_cle_nyk_api_20261005,0042500303,3,2026-05-23,1610612739,CLE,1642281,Jaylon Tyson,1610612752,NYK,1626157,Karl-Anthony Towns,4,0.2,0.52632,2.0618600000000002,3.0,0,3,0,0,0,0,0,0,0.0,0,0,0.0,0,0,0,0,0,0,0,nba_boxscorematchupsv3
1,2025-26,Playoffs,Eastern Conference Finals,2026_cle_nyk_api_20261005,0042500303,3,2026-05-23,1610612752,NYK,1628404,Josh Hart,1610612739,CLE,1628386,Jarrett Allen,276,18.7,34.45693,33.94834,45.5,3,9,1,0,1,0,1,4,25.0,1,3,33.300000000000004,0,0,0,0,0,0,0,nba_boxscorematchupsv3
1,2025-26,Playoffs,Eastern Conference Finals,2026_cle_nyk_api_20261005,0042500303,3,2026-05-23,1610612752,NYK,1628404,Josh Hart,1610612739,CLE,201935,James Harden,203,17.5,20.01972,24.969250000000002,27.500000000000004,4,24,2,0,1,0,2,2,100.0,0,0,0.0,0,0,0,0,0,0,0,nba_boxscorematchupsv3
1,2025-26,Playoffs,Eastern Conference Finals,2026_cle_nyk_api_20261005,0042500303,3,2026-05-23,1610612752,NYK,1628404,Josh Hart,1610612739,CLE,1630241,Sam Merrill,26,2.8,4.50607,3.19803,5.7,0,0,0,0,0,0,0,1,0.0,0,0,0.0,0,0,0,0,0,0,0,nba_boxscorematchupsv3
1,2025-26,Playoffs,Eastern Conference Finals,2026_cle_nyk_api_20261005,0042500303,3,2026-05-23,1610612752,NYK,1628404,Josh Hart,1610612739,CLE,1628378,Donovan Mitchell,87,8.0,9.709819999999999,10.70111,18.2,3,9,0,0,0,0,1,1,100.0,1,1,100.0,0,0,0,0,0,0,0,nba_boxscorematchupsv3
1,2025-26,Playoffs,Eastern Conference Finals,2026_cle_nyk_api_20261005,0042500303,3,2026-05-23,1610612752,NYK,1628404,Josh Hart,1610612739,CLE,1630596,Evan Mobley,98,8.1,11.11111,12.05412,13.3,2,8,0,0,0,0,1,3,33.300000000000004,0,2,0.0,0,0,0,0,0,0,0,nba_boxscorematchupsv3
1,2025-26,Playoffs,Eastern Conference Finals,2026_cle_nyk_api_20261005,0042500303,3,2026-05-23,1610612752,NYK,1628404,Josh Hart,1610612739,CLE,203471,Dennis Schröder,15,0.4,6.8493200000000005,1.8450199999999999,7.6,0,0,0,0,0,0,0,0,0.0,0,0,0.0,0,0,0,0,0,0,0,nba_boxscorematchupsv3
1,2025-26,Playoffs,Eastern Conference Finals,2026_cle_nyk_api_20261005,0042500303,3,2026-05-23,1610612752,NYK,1628404,Josh Hart,1610612739,CLE,1629622,Max Strus,70,4.7,9.02062,8.61009,15.6,0,12,1,0,0,0,0,1,0.0,0,1,0.0,0,0,0,0,0,0,0,nba_boxscorematchupsv3
1,2025-26,Playoffs,Eastern Conference Finals,2026_cle_nyk_api_20261005,0042500303,3,2026-05-23,1610612752,NYK,1628404,Josh Hart,1610612739,CLE,1642281,Jaylon Tyson,18,2.3,9.230770000000001,2.2140199999999997,13.4,0,2,0,0,0,0,0,0,0.0,0,0,0.0,0,0,0,0,0,0,0,nba_boxscorematchupsv3
1,2025-26,Playoffs,Eastern Conference Finals,2026_cle_nyk_api_20261005,0042500303,3,2026-05-23,1610612752,NYK,1628404,Josh Hart,1610612739,CLE,1629731,Dean Wade,20,1.7,5.16796,2.46002,7.3999999999999995,0,2,0,0,1,0,0,0,0.0,0,0,0.0,0,0,0,0,0,0,0,nba_boxscorematchupsv3
1,2025-26,Playoffs,Eastern Conference Finals,2026_cle_nyk_api_20261005,0042500303,3,2026-05-23,1610612752,NYK,1628384,OG Anunoby,1610612739,CLE,1628386,Jarrett Allen,71,9.4,8.86392,9.44149,13.3,6,13,1,0,1,0,2,3,66.7,2,2,100.0,0,0,0,0,0,0,0,nba_boxscorematchupsv3
1,2025-26,Playoffs,Eastern Conference Finals,2026_cle_nyk_api_20261005,0042500303,3,2026-05-23,1610612752,NYK,1628384,OG Anunoby,1610612739,CLE,201935,James Harden,244,18.6,24.063119999999998,32.44681,29.5,2,18,0,0,0,0,1,2,50.0,0,1,0.0,0,0,0,0,0,0,0,nba_boxscorematchupsv3
1,2025-26,Playoffs,Eastern Conference Finals,2026_cle_nyk_api_20261005,0042500303,3,2026-05-23,1610612752,NYK,1628384,OG Anunoby,1610612739,CLE,1630241,Sam Merrill,22,3.5,3.8128200000000003,2.92553,13.5,0,0,0,0,0,0,0,0,0.0,0,0,0.0,0,0,0,0,0,0,0,nba_boxscorematchupsv3
1,2025-26,Playoffs,Eastern Conference Finals,2026_cle_nyk_api_20261005,0042500303,3,2026-05-23,1610612752,NYK,1628384,OG Anunoby,1610612739,CLE,1628378,Donovan Mitchell,117,8.4,13.058040000000002,15.55851,16.5,6,10,0,0,0,0,2,2,100.0,0,0,0.0,2,2,1,0,0,0,0,nba_boxscorematchupsv3
1,2025-26,Playoffs,Eastern Conference Finals,2026_cle_nyk_api_20261005,0042500303,3,2026-05-23,1610612752,NYK,1628384,OG Anunoby,1610612739,CLE,1630596,Evan Mobley,200,15.4,22.67574,26.59574,35.5,3,16,1,0,0,1,1,2,50.0,1,1,100.0,0,0,0,0,0,0,0,nba_boxscorematchupsv3
1,2025-26,Playoffs,Eastern Conference Finals,2026_cle_nyk_api_20261005,0042500303,3,2026-05-23,1610612752,NYK,1628384,OG Anunoby,1610612739,CLE,1629622,Max Strus,48,4.4,6.18557,6.382980000000001,9.0,0,2,0,0,0,0,0,1,0.0,0,0,0.0,0,0,0,0,0,0,0,nba_boxscorematchupsv3
1,2025-26,Playoffs,Eastern Conference Finals,2026_cle_nyk_api_20261005,0042500303,3,2026-05-23,1610612752,NYK,1628384,OG Anunoby,1610612739,CLE,1642281,Jaylon Tyson,15,1.9,7.692309999999999,1.99468,23.9,2,2,0,0,0,0,0,0,0.0,0,0,0.0,2,2,1,0,0,0,0,nba_boxscorematchupsv3
1,2025-26,Playoffs,Eastern Conference Finals,2026_cle_nyk_api_20261005,0042500303,3,2026-05-23,1610612752,NYK,1628384,OG Anunoby,1610612739,CLE,1629731,Dean Wade,35,2.9,9.04393,4.654260000000001,8.5,2,5,0,0,0,0,0,0,0.0,0,0,0.0,2,2,1,0,0,0,0,nba_boxscorematchupsv3
1,2025-26,Playoffs,Eastern Conference Finals,2026_cle_nyk_api_20261005,0042500303,3,2026-05-23,1610612752,NYK,1626157,Karl-Anthony Towns,1610612739,CLE,1628386,Jarrett Allen,219,20.5,27.34082,27.137549999999997,37.1,2,29,1,0,1,0,0,1,0.0,0,1,0.0,2,2,1,0,0,0,0,nba_boxscorematchupsv3
1,2025-26,Playoffs,Eastern Conference Finals,2026_cle_nyk_api_20261005,0042500303,3,2026-05-23,1610612752,NYK,1626157,Karl-Anthony Towns,1610612739,CLE,201935,James Harden,63,6.8,6.213019999999999,7.80669,10.299999999999999,5,8,0,0,0,0,2,2,100.0,1,1,100.0,0,0,0,0,0,0,0,nba_boxscorematchupsv3
1,2025-26,Playoffs,Eastern Conference Finals,2026_cle_nyk_api_20261005,0042500303,3,2026-05-23,1610612752,NYK,1626157,Karl-Anthony Towns,1610612739,CLE,1630241,Sam Merrill,16,1.2,2.77296,1.98265,6.2,2,5,0,0,0,0,0,0,0.0,0,0,0.0,2,2,1,0,0,0,0,nba_boxscorematchupsv3
1,2025-26,Playoffs,Eastern Conference Finals,2026_cle_nyk_api_20261005,0042500303,3,2026-05-23,1610612752,NYK,1626157,Karl-Anthony Towns,1610612739,CLE,1628378,Donovan Mitchell,29,5.4,3.23661,3.5935599999999996,6.0,0,4,1,0,0,0,0,0,0.0,0,0,0.0,0,0,0,0,0,0,0,nba_boxscorematchupsv3
1,2025-26,Playoffs,Eastern Conference Finals,2026_cle_nyk_api_20261005,0042500303,3,2026-05-23,1610612752,NYK,1626157,Karl-Anthony Towns,1610612739,CLE,1630596,Evan Mobley,353,25.7,40.02268,43.74226,53.2,0,33,3,0,0,0,0,3,0.0,0,1,0.0,0,0,0,0,0,0,0,nba_boxscorematchupsv3
1,2025-26,Playoffs,Eastern Conference Finals,2026_cle_nyk_api_20261005,0042500303,3,2026-05-23,1610612752,NYK,1626157,Karl-Anthony Towns,1610612739,CLE,1629622,Max Strus,48,2.9,6.18557,5.94796,7.9,2,4,0,0,0,0,1,1,100.0,0,0,0.0,0,0,0,0,0,0,0,nba_boxscorematchupsv3
1,2025-26,Playoffs,Eastern Conference Finals,2026_cle_nyk_api_20261005,0042500303,3,2026-05-23,1610612752,NYK,1626157,Karl-Anthony Towns,1610612739,CLE,1642281,Jaylon Tyson,15,0.8,7.692309999999999,1.85874,9.1,0,4,1,0,0,0,0,0,0.0,0,0,0.0,0,0,0,0,0,0,0,nba_boxscorematchupsv3
1,2025-26,Playoffs,Eastern Conference Finals,2026_cle_nyk_api_20261005,0042500303,3,2026-05-23,1610612752,NYK,1626157,Karl-Anthony Towns,1610612739,CLE,1629731,Dean Wade,64,4.0,16.537470000000003,7.930610000000001,14.399999999999999,2,4,0,0,0,0,1,2,50.0,0,0,0.0,0,0,0,0,0,0,0,nba_boxscorematchupsv3
1,2025-26,Playoffs,Eastern Conference Finals,2026_cle_nyk_api_20261005,0042500303,3,2026-05-23,1610612752,NYK,1628969,Mikal Bridges,1610612739,CLE,1628386,Jarrett Allen,44,5.1,5.49313,4.69083,7.199999999999999,4,9,0,0,0,0,2,2,100.0,0,0,0.0,0,0,0,0,0,0,0,nba_boxscorematchupsv3
1,2025-26,Playoffs,Eastern Conference Finals,2026_cle_nyk_api_20261005,0042500303,3,2026-05-23,1610612752,NYK,1628969,Mikal Bridges,1610612739,CLE,201935,James Harden,276,26.1,27.218930000000004,29.42431,33.300000000000004,4,27,1,0,0,0,2,3,66.7,0,1,0.0,0,0,0,0,0,0,0,nba_boxscorematchupsv3
1,2025-26,Playoffs,Eastern Conference Finals,2026_cle_nyk_api_20261005,0042500303,3,2026-05-23,1610612752,NYK,1628969,Mikal Bridges,1610612739,CLE,1630241,Sam Merrill,118,8.1,20.45061,12.579960000000002,29.299999999999997,0,5,0,0,0,0,0,1,0.0,0,0,0.0,0,0,0,0,0,0,0,nba_boxscorematchupsv3
1,2025-26,Playoffs,Eastern Conference Finals,2026_cle_nyk_api_20261005,0042500303,3,2026-05-23,1610612752,NYK,1628969,Mikal Bridges,1610612739,CLE,1628378,Donovan Mitchell,202,15.9,22.544639999999998,21.53518,22.400000000000002,6,23,1,0,0,0,3,3,100.0,0,0,0.0,0,0,0,0,0,0,0,nba_boxscorematchupsv3
1,2025-26,Playoffs,Eastern Conference Finals,2026_cle_nyk_api_20261005,0042500303,3,2026-05-23,1610612752,NYK,1628969,Mikal Bridges,1610612739,CLE,1630596,Evan Mobley,38,3.4,4.30839,4.05117,5.5,0,2,0,0,0,0,0,0,0.0,0,0,0.0,0,0,0,0,0,0,0,nba_boxscorematchupsv3
1,2025-26,Playoffs,Eastern Conference Finals,2026_cle_nyk_api_20261005,0042500303,3,2026-05-23,1610612752,NYK,1628969,Mikal Bridges,1610612739,CLE,203471,Dennis Schröder,9,0.4,4.10959,0.95949,21.6,0,2,0,0,0,0,0,0,0.0,0,0,0.0,0,0,0,0,0,0,0,nba_boxscorematchupsv3
1,2025-26,Playoffs,Eastern Conference Finals,2026_cle_nyk_api_20261005,0042500303,3,2026-05-23,1610612752,NYK,1628969,Mikal Bridges,1610612739,CLE,1629622,Max Strus,138,12.1,17.78351,14.71215,20.7,0,16,0,0,2,0,0,2,0.0,0,0,0.0,0,0,0,0,0,0,0,nba_boxscorematchupsv3
1,2025-26,Playoffs,Eastern Conference Finals,2026_cle_nyk_api_20261005,0042500303,3,2026-05-23,1610612752,NYK,1628969,Mikal Bridges,1610612739,CLE,1642281,Jaylon Tyson,71,6.1,36.41026,7.569299999999999,42.3,4,7,0,0,0,0,2,2,100.0,0,0,0.0,0,0,0,0,0,0,0,nba_boxscorematchupsv3
1,2025-26,Playoffs,Eastern Conference Finals,2026_cle_nyk_api_20261005,0042500303,3,2026-05-23,1610612752,NYK,1628969,Mikal Bridges,1610612739,CLE,1629731,Dean Wade,42,3.6,10.85271,4.47761,12.1,2,2,0,0,0,0,1,1,100.0,0,0,0.0,0,0,0,0,0,0,0,nba_boxscorematchupsv3
1,2025-26,Playoffs,Eastern Conference Finals,2026_cle_nyk_api_20261005,0042500303,3,2026-05-23,1610612752,NYK,1628973,Jalen Brunson,1610612739,CLE,1628386,Jarrett Allen,69,5.1,8.614230000000001,6.49106,7.6,2,9,1,0,1,0,1,3,33.300000000000004,0,1,0.0,0,0,0,0,0,0,0,nba_boxscorematchupsv3
1,2025-26,Playoffs,Eastern Conference Finals,2026_cle_nyk_api_20261005,0042500303,3,2026-05-23,1610612752,NYK,1628973,Jalen Brunson,1610612739,CLE,201935,James Harden,116,9.1,11.43984,10.912510000000001,11.899999999999999,4,7,0,0,1,0,2,4,50.0,0,1,0.0,0,0,0,0,0,0,0,nba_boxscorematchupsv3
1,2025-26,Playoffs,Eastern Conference Finals,2026_cle_nyk_api_20261005,0042500303,3,2026-05-23,1610612752,NYK,1628973,Jalen Brunson,1610612739,CLE,1630241,Sam Merrill,35,0.9,6.06586,3.2925700000000004,7.000000000000001,2,4,0,0,0,0,0,1,0.0,0,0,0.0,2,2,0,0,0,0,0,nba_boxscorematchupsv3
1,2025-26,Playoffs,Eastern Conference Finals,2026_cle_nyk_api_20261005,0042500303,3,2026-05-23,1610612752,NYK,1628973,Jalen Brunson,1610612739,CLE,1628378,Donovan Mitchell,135,9.5,15.066959999999998,12.699910000000001,14.499999999999998,8,20,1,0,1,0,3,5,60.0,0,0,0.0,2,2,1,0,0,0,0,nba_boxscorematchupsv3
1,2025-26,Playoffs,Eastern Conference Finals,2026_cle_nyk_api_20261005,0042500303,3,2026-05-23,1610612752,NYK,1628973,Jalen Brunson,1610612739,CLE,1630596,Evan Mobley,84,5.6,9.523810000000001,7.902159999999999,8.6,5,11,0,0,0,0,2,2,100.0,0,0,0.0,1,2,1,0,0,0,0,nba_boxscorematchupsv3
1,2025-26,Playoffs,Eastern Conference Finals,2026_cle_nyk_api_20261005,0042500303,3,2026-05-23,1610612752,NYK,1628973,Jalen Brunson,1610612739,CLE,203471,Dennis Schröder,114,8.3,52.05479,10.72437,70.0,4,14,1,0,0,0,1,1,100.0,0,0,0.0,2,2,1,0,0,0,0,nba_boxscorematchupsv3
1,2025-26,Playoffs,Eastern Conference Finals,2026_cle_nyk_api_20261005,0042500303,3,2026-05-23,1610612752,NYK,1628973,Jalen Brunson,1610612739,CLE,1629622,Max Strus,284,28.3,36.59794,26.716839999999998,42.5,5,24,2,0,0,0,1,2,50.0,0,1,0.0,3,4,1,0,0,0,0,nba_boxscorematchupsv3
1,2025-26,Playoffs,Eastern Conference Finals,2026_cle_nyk_api_20261005,0042500303,3,2026-05-23,1610612752,NYK,1628973,Jalen Brunson,1610612739,CLE,1629731,Dean Wade,226,20.1,58.397929999999995,21.26058,60.4,0,21,1,0,1,0,0,1,0.0,0,1,0.0,0,0,0,0,0,0,0,nba_boxscorematchupsv3
1,2025-26,Playoffs,Eastern Conference Finals,2026_cle_nyk_api_20261005,0042500303,3,2026-05-23,1610612752,NYK,1630540,Miles McBride,1610612739,CLE,201935,James Harden,1,0.1,0.09862,0.31446999999999997,2.1,0,0,0,0,0,0,0,0,0.0,0,0,0.0,0,0,0,0,0,0,0,nba_boxscorematchupsv3
1,2025-26,Playoffs,Eastern Conference Finals,2026_cle_nyk_api_20261005,0042500303,3,2026-05-23,1610612752,NYK,1630540,Miles McBride,1610612739,CLE,1630241,Sam Merrill,177,15.3,30.675910000000002,55.660379999999996,57.49999999999999,2,22,0,0,0,0,0,1,0.0,0,1,0.0,2,2,1,0,0,0,0,nba_boxscorematchupsv3
1,2025-26,Playoffs,Eastern Conference Finals,2026_cle_nyk_api_20261005,0042500303,3,2026-05-23,1610612752,NYK,1630540,Miles McBride,1610612739,CLE,1628378,Donovan Mitchell,66,3.6,7.36607,20.75472,34.699999999999996,3,8,0,0,0,0,1,1,100.0,1,1,100.0,0,0,0,0,0,0,0,nba_boxscorematchupsv3
1,2025-26,Playoffs,Eastern Conference Finals,2026_cle_nyk_api_20261005,0042500303,3,2026-05-23,1610612752,NYK,1630540,Miles McBride,1610612739,CLE,1630596,Evan Mobley,5,1.0,0.56689,1.57233,2.5,0,0,0,0,0,0,0,0,0.0,0,0,0.0,0,0,0,0,0,0,0,nba_boxscorematchupsv3
1,2025-26,Playoffs,Eastern Conference Finals,2026_cle_nyk_api_20261005,0042500303,3,2026-05-23,1610612752,NYK,1630540,Miles McBride,1610612739,CLE,203471,Dennis Schröder,30,0.8,13.698630000000001,9.433959999999999,9.8,0,2,0,0,0,0,0,1,0.0,0,0,0.0,0,0,0,0,0,0,0,nba_boxscorematchupsv3
1,2025-26,Playoffs,Eastern Conference Finals,2026_cle_nyk_api_20261005,0042500303,3,2026-05-23,1610612752,NYK,1630540,Miles McBride,1610612739,CLE,1629622,Max Strus,19,0.6,2.44845,5.97484,7.1,0,2,0,0,0,0,0,0,0.0,0,0,0.0,0,0,0,0,0,0,0,nba_boxscorematchupsv3
1,2025-26,Playoffs,Eastern Conference Finals,2026_cle_nyk_api_20261005,0042500303,3,2026-05-23,1610612752,NYK,1630540,Miles McBride,1610612739,CLE,1642281,Jaylon Tyson,20,0.7,10.25641,6.2893099999999995,22.900000000000002,0,0,0,0,0,0,0,0,0.0,0,0,0.0,0,0,0,0,0,0,0,nba_boxscorematchupsv3
1,2025-26,Playoffs,Eastern Conference Finals,2026_cle_nyk_api_20261005,0042500303,3,2026-05-23,1610612752,NYK,1629013,Landry Shamet,1610612739,CLE,201935,James Harden,97,5.3,9.56607,14.327919999999999,15.2,5,14,1,0,0,0,1,1,100.0,1,1,100.0,2,3,1,0,0,0,0,nba_boxscorematchupsv3
1,2025-26,Playoffs,Eastern Conference Finals,2026_cle_nyk_api_20261005,0042500303,3,2026-05-23,1610612752,NYK,1629013,Landry Shamet,1610612739,CLE,1630241,Sam Merrill,157,11.1,27.209709999999998,23.190549999999998,30.9,3,18,1,0,1,0,1,1,100.0,1,1,100.0,0,0,0,0,0,0,0,nba_boxscorematchupsv3
1,2025-26,Playoffs,Eastern Conference Finals,2026_cle_nyk_api_20261005,0042500303,3,2026-05-23,1610612752,NYK,1629013,Landry Shamet,1610612739,CLE,1628378,Donovan Mitchell,211,18.9,23.549110000000002,31.166909999999998,42.1,3,17,0,0,0,0,1,1,100.0,1,1,100.0,0,0,0,0,0,0,0,nba_boxscorematchupsv3
1,2025-26,Playoffs,Eastern Conference Finals,2026_cle_nyk_api_20261005,0042500303,3,2026-05-23,1610612752,NYK,1629013,Landry Shamet,1610612739,CLE,1630596,Evan Mobley,13,2.4,1.47392,1.9202400000000002,3.2,0,4,0,0,0,0,0,0,0.0,0,0,0.0,0,0,0,0,0,0,0,nba_boxscorematchupsv3
1,2025-26,Playoffs,Eastern Conference Finals,2026_cle_nyk_api_20261005,0042500303,3,2026-05-23,1610612752,NYK,1629013,Landry Shamet,1610612739,CLE,203471,Dennis Schröder,7,1.2,3.19635,1.03397,3.6999999999999997,0,0,0,0,0,0,0,0,0.0,0,0,0.0,0,0,0,0,0,0,0,nba_boxscorematchupsv3
1,2025-26,Playoffs,Eastern Conference Finals,2026_cle_nyk_api_20261005,0042500303,3,2026-05-23,1610612752,NYK,1629013,Landry Shamet,1610612739,CLE,1629622,Max Strus,162,9.1,20.87629,23.929100000000002,23.599999999999998,3,12,1,0,1,0,1,1,100.0,1,1,100.0,0,0,0,0,0,0,0,nba_boxscorematchupsv3
1,2025-26,Playoffs,Eastern Conference Finals,2026_cle_nyk_api_20261005,0042500303,3,2026-05-23,1610612752,NYK,1629013,Landry Shamet,1610612739,CLE,1642281,Jaylon Tyson,30,1.6,15.384619999999998,4.43131,35.0,0,3,0,0,0,0,0,1,0.0,0,1,0.0,0,0,0,0,0,0,0,nba_boxscorematchupsv3
1,2025-26,Playoffs,Eastern Conference Finals,2026_cle_nyk_api_20261005,0042500303,3,2026-05-23,1610612752,NYK,1629011,Mitchell Robinson,1610612739,CLE,1628386,Jarrett Allen,120,9.1,14.981269999999999,52.40175,82.5,0,9,0,0,0,0,0,0,0.0,0,0,0.0,0,0,0,0,0,0,0,nba_boxscorematchupsv3
1,2025-26,Playoffs,Eastern Conference Finals,2026_cle_nyk_api_20261005,0042500303,3,2026-05-23,1610612752,NYK,1629011,Mitchell Robinson,1610612739,CLE,201935,James Harden,3,0.6,0.29586,1.31004,7.000000000000001,0,1,0,0,0,0,0,0,0.0,0,0,0.0,0,0,0,0,0,0,0,nba_boxscorematchupsv3
1,2025-26,Playoffs,Eastern Conference Finals,2026_cle_nyk_api_20261005,0042500303,3,2026-05-23,1610612752,NYK,1629011,Mitchell Robinson,1610612739,CLE,1630241,Sam Merrill,4,0.0,0.69324,1.7467199999999998,1.0999999999999999,0,0,0,0,0,0,0,0,0.0,0,0,0.0,0,0,0,0,0,0,0,nba_boxscorematchupsv3
1,2025-26,Playoffs,Eastern Conference Finals,2026_cle_nyk_api_20261005,0042500303,3,2026-05-23,1610612752,NYK,1629011,Mitchell Robinson,1610612739,CLE,1628378,Donovan Mitchell,2,0.4,0.22321,0.8733599999999999,5.7,0,0,0,0,0,0,0,0,0.0,0,0,0.0,0,0,0,0,0,0,0,nba_boxscorematchupsv3
1,2025-26,Playoffs,Eastern Conference Finals,2026_cle_nyk_api_20261005,0042500303,3,2026-05-23,1610612752,NYK,1629011,Mitchell Robinson,1610612739,CLE,1630596,Evan Mobley,91,6.1,10.31746,39.73799,85.8,0,5,0,0,0,0,0,0,0.0,0,0,0.0,0,0,0,0,0,0,0,nba_boxscorematchupsv3
1,2025-26,Playoffs,Eastern Conference Finals,2026_cle_nyk_api_20261005,0042500303,3,2026-05-23,1610612752,NYK,1629011,Mitchell Robinson,1610612739,CLE,203471,Dennis Schröder,1,0.6,0.45662,0.43667999999999996,4.2,0,0,0,0,0,0,0,0,0.0,0,0,0.0,0,0,0,0,0,0,0,nba_boxscorematchupsv3
1,2025-26,Playoffs,Eastern Conference Finals,2026_cle_nyk_api_20261005,0042500303,3,2026-05-23,1610612752,NYK,1629011,Mitchell Robinson,1610612739,CLE,1629622,Max Strus,7,0.7,0.90206,3.0567699999999998,4.9,2,4,0,0,0,0,1,1,100.0,0,0,0.0,0,0,0,0,0,0,0,nba_boxscorematchupsv3
1,2025-26,Playoffs,Eastern Conference Finals,2026_cle_nyk_api_20261005,0042500303,3,2026-05-23,1610612752,NYK,1629011,Mitchell Robinson,1610612739,CLE,1642281,Jaylon Tyson,1,1.2,0.51282,0.43667999999999996,5.800000000000001,0,0,0,0,0,0,0,0,0.0,0,0,0.0,0,0,0,0,0,0,0,nba_boxscorematchupsv3
1,2025-26,Playoffs,Eastern Conference Finals,2026_cle_nyk_api_20261005,0042500303,3,2026-05-23,1610612752,NYK,1630631,Jose Alvarado,1610612739,CLE,1628386,Jarrett Allen,2,0.0,0.24968999999999997,2.46914,3.0,0,0,0,0,0,0,0,0,0.0,0,0,0.0,0,0,0,0,0,0,0,nba_boxscorematchupsv3
1,2025-26,Playoffs,Eastern Conference Finals,2026_cle_nyk_api_20261005,0042500303,3,2026-05-23,1610612752,NYK,1630631,Jose Alvarado,1610612739,CLE,201935,James Harden,11,0.9,1.08481,13.58025,24.4,0,0,0,0,1,0,0,1,0.0,0,1,0.0,0,0,0,0,0,0,0,nba_boxscorematchupsv3
1,2025-26,Playoffs,Eastern Conference Finals,2026_cle_nyk_api_20261005,0042500303,3,2026-05-23,1610612752,NYK,1630631,Jose Alvarado,1610612739,CLE,1630241,Sam Merrill,22,2.1,3.8128200000000003,27.16049,29.7,0,2,0,0,0,0,0,1,0.0,0,1,0.0,0,0,0,0,0,0,0,nba_boxscorematchupsv3
1,2025-26,Playoffs,Eastern Conference Finals,2026_cle_nyk_api_20261005,0042500303,3,2026-05-23,1610612752,NYK,1630631,Jose Alvarado,1610612739,CLE,1628378,Donovan Mitchell,3,0.1,0.33482,3.7037,2.3,2,2,0,0,0,0,1,1,100.0,0,0,0.0,0,0,0,0,0,0,0,nba_boxscorematchupsv3
1,2025-26,Playoffs,Eastern Conference Finals,2026_cle_nyk_api_20261005,0042500303,3,2026-05-23,1610612752,NYK,1630631,Jose Alvarado,1610612739,CLE,203471,Dennis Schröder,43,3.6,19.6347,53.086420000000004,87.4,0,2,0,0,0,0,0,0,0.0,0,0,0.0,0,0,0,0,0,0,0,nba_boxscorematchupsv3
1,2025-26,Playoffs,Eastern Conference Finals,2026_cle_nyk_api_20261005,0042500303,3,2026-05-23,1610612752,NYK,203903,Jordan Clarkson,1610612739,CLE,1628378,Donovan Mitchell,44,3.3,4.91071,63.768119999999996,78.5,0,2,0,0,0,0,0,0,0.0,0,0,0.0,0,0,0,0,0,0,0,nba_boxscorematchupsv3
1,2025-26,Playoffs,Eastern Conference Finals,2026_cle_nyk_api_20261005,0042500303,3,2026-05-23,1610612752,NYK,203903,Jordan Clarkson,1610612739,CLE,1642281,Jaylon Tyson,25,1.0,12.820509999999999,36.23188,33.6,0,0,0,0,0,0,0,0,0.0,0,0,0.0,0,0,0,0,0,0,0,nba_boxscorematchupsv3
1,2025-26,Playoffs,Eastern Conference Finals,2026_cle_nyk_api_20261005,0042500304,4,2026-05-25,1610612739,CLE,1629622,Max Strus,1610612752,NYK,1630631,Jose Alvarado,18,1.3,9.04523,4.09091,28.4,0,0,0,0,0,0,0,0,0.0,0,0,0.0,0,0,0,0,0,0,0,nba_boxscorematchupsv3
1,2025-26,Playoffs,Eastern Conference Finals,2026_cle_nyk_api_20261005,0042500304,4,2026-05-25,1610612739,CLE,1629622,Max Strus,1610612752,NYK,1628384,OG Anunoby,131,12.3,23.73188,29.772729999999996,28.9,0,9,0,0,1,0,0,1,0.0,0,1,0.0,0,0,0,0,0,0,0,nba_boxscorematchupsv3
1,2025-26,Playoffs,Eastern Conference Finals,2026_cle_nyk_api_20261005,0042500304,4,2026-05-25,1610612739,CLE,1629622,Max Strus,1610612752,NYK,1628969,Mikal Bridges,39,4.1,6.45695,8.86364,11.700000000000001,0,0,0,0,0,0,0,2,0.0,0,2,0.0,0,0,0,0,0,0,0,nba_boxscorematchupsv3
1,2025-26,Playoffs,Eastern Conference Finals,2026_cle_nyk_api_20261005,0042500304,4,2026-05-25,1610612739,CLE,1629622,Max Strus,1610612752,NYK,1628973,Jalen Brunson,191,16.0,30.22152,43.40909,45.0,5,31,1,0,0,0,2,3,66.7,1,1,100.0,0,0,0,0,0,0,0,nba_boxscorematchupsv3
1,2025-26,Playoffs,Eastern Conference Finals,2026_cle_nyk_api_20261005,0042500304,4,2026-05-25,1610612739,CLE,1629622,Max Strus,1610612752,NYK,1628404,Josh Hart,16,2.0,3.2,3.6363600000000003,5.6000000000000005,0,0,0,0,0,0,0,0,0.0,0,0,0.0,0,0,0,0,0,0,0,nba_boxscorematchupsv3
1,2025-26,Playoffs,Eastern Conference Finals,2026_cle_nyk_api_20261005,0042500304,4,2026-05-25,1610612739,CLE,1629622,Max Strus,1610612752,NYK,1630540,Miles McBride,11,1.4,3.15186,2.5,17.4,0,2,0,0,0,0,0,0,0.0,0,0,0.0,0,0,0,0,0,0,0,nba_boxscorematchupsv3
1,2025-26,Playoffs,Eastern Conference Finals,2026_cle_nyk_api_20261005,0042500304,4,2026-05-25,1610612739,CLE,1629622,Max Strus,1610612752,NYK,1629011,Mitchell Robinson,2,0.4,0.56657,0.45455,7.000000000000001,0,0,0,0,0,0,0,0,0.0,0,0,0.0,0,0,0,0,0,0,0,nba_boxscorematchupsv3
1,2025-26,Playoffs,Eastern Conference Finals,2026_cle_nyk_api_20261005,0042500304,4,2026-05-25,1610612739,CLE,1629622,Max Strus,1610612752,NYK,1629013,Landry Shamet,30,2.5,7.8947400000000005,6.81818,17.0,0,0,0,0,0,0,0,0,0.0,0,0,0.0,0,0,0,0,0,0,0,nba_boxscorematchupsv3
1,2025-26,Playoffs,Eastern Conference Finals,2026_cle_nyk_api_20261005,0042500304,4,2026-05-25,1610612739,CLE,1629622,Max Strus,1610612752,NYK,1626157,Karl-Anthony Towns,2,1.6,0.36832000000000004,0.45455,4.3999999999999995,0,0,0,0,0,1,0,0,0.0,0,0,0.0,0,0,0,0,0,0,0,nba_boxscorematchupsv3
1,2025-26,Playoffs,Eastern Conference Finals,2026_cle_nyk_api_20261005,0042500304,4,2026-05-25,1610612739,CLE,1630596,Evan Mobley,1610612752,NYK,1630631,Jose Alvarado,11,1.6,5.52764,1.6819600000000001,6.1,0,1,0,0,0,0,0,0,0.0,0,0,0.0,0,0,0,0,0,0,0,nba_boxscorematchupsv3
1,2025-26,Playoffs,Eastern Conference Finals,2026_cle_nyk_api_20261005,0042500304,4,2026-05-25,1610612739,CLE,1630596,Evan Mobley,1610612752,NYK,1628384,OG Anunoby,88,7.9,15.942029999999999,13.45566,18.6,0,4,1,0,2,0,0,0,0.0,0,0,0.0,0,0,0,0,0,0,0,nba_boxscorematchupsv3
1,2025-26,Playoffs,Eastern Conference Finals,2026_cle_nyk_api_20261005,0042500304,4,2026-05-25,1610612739,CLE,1630596,Evan Mobley,1610612752,NYK,1628969,Mikal Bridges,10,2.2,1.65563,1.52905,5.2,0,0,0,0,0,0,0,0,0.0,0,0,0.0,0,0,0,0,0,0,0,nba_boxscorematchupsv3
1,2025-26,Playoffs,Eastern Conference Finals,2026_cle_nyk_api_20261005,0042500304,4,2026-05-25,1610612739,CLE,1630596,Evan Mobley,1610612752,NYK,1628973,Jalen Brunson,26,5.0,4.11392,3.9755400000000005,9.700000000000001,0,0,0,0,0,0,0,2,0.0,0,1,0.0,0,0,0,0,0,0,0,nba_boxscorematchupsv3
1,2025-26,Playoffs,Eastern Conference Finals,2026_cle_nyk_api_20261005,0042500304,4,2026-05-25,1610612739,CLE,1630596,Evan Mobley,1610612752,NYK,1628404,Josh Hart,55,6.9,11.0,8.409790000000001,15.6,3,6,0,0,0,0,1,2,50.0,1,1,100.0,0,0,0,0,0,0,0,nba_boxscorematchupsv3
1,2025-26,Playoffs,Eastern Conference Finals,2026_cle_nyk_api_20261005,0042500304,4,2026-05-25,1610612739,CLE,1630596,Evan Mobley,1610612752,NYK,1630540,Miles McBride,26,3.6,7.44986,3.9755400000000005,11.799999999999999,0,1,0,0,1,0,0,0,0.0,0,0,0.0,0,0,0,0,0,0,0,nba_boxscorematchupsv3
1,2025-26,Playoffs,Eastern Conference Finals,2026_cle_nyk_api_20261005,0042500304,4,2026-05-25,1610612739,CLE,1630596,Evan Mobley,1610612752,NYK,1629011,Mitchell Robinson,140,14.9,39.66006,21.40673,53.6,4,13,2,0,0,0,2,3,66.7,0,0,0.0,0,1,1,0,0,0,0,nba_boxscorematchupsv3
1,2025-26,Playoffs,Eastern Conference Finals,2026_cle_nyk_api_20261005,0042500304,4,2026-05-25,1610612739,CLE,1630596,Evan Mobley,1610612752,NYK,1629013,Landry Shamet,15,3.3,3.9473700000000003,2.29358,7.000000000000001,2,4,0,0,0,0,1,1,100.0,0,0,0.0,0,0,0,0,0,0,0,nba_boxscorematchupsv3
1,2025-26,Playoffs,Eastern Conference Finals,2026_cle_nyk_api_20261005,0042500304,4,2026-05-25,1610612739,CLE,1630596,Evan Mobley,1610612752,NYK,1626157,Karl-Anthony Towns,283,24.1,52.11786000000001,43.272169999999996,54.2,6,31,0,0,0,0,3,7,42.9,0,2,0.0,0,0,0,0,0,0,0,nba_boxscorematchupsv3
1,2025-26,Playoffs,Eastern Conference Finals,2026_cle_nyk_api_20261005,0042500304,4,2026-05-25,1610612739,CLE,1628386,Jarrett Allen,1610612752,NYK,1630631,Jose Alvarado,5,0.5,2.51256,0.91912,3.0,0,0,0,0,0,0,0,0,0.0,0,0,0.0,0,0,0,0,0,0,0,nba_boxscorematchupsv3
1,2025-26,Playoffs,Eastern Conference Finals,2026_cle_nyk_api_20261005,0042500304,4,2026-05-25,1610612739,CLE,1628386,Jarrett Allen,1610612752,NYK,1628384,OG Anunoby,186,15.8,33.69565,34.191179999999996,35.4,2,17,1,0,1,0,1,2,50.0,0,0,0.0,0,0,0,0,0,0,0,nba_boxscorematchupsv3
1,2025-26,Playoffs,Eastern Conference Finals,2026_cle_nyk_api_20261005,0042500304,4,2026-05-25,1610612739,CLE,1628386,Jarrett Allen,1610612752,NYK,1628969,Mikal Bridges,28,2.3,4.635759999999999,5.14706,5.800000000000001,0,13,0,0,0,0,0,0,0.0,0,0,0.0,0,0,0,0,0,0,0,nba_boxscorematchupsv3
1,2025-26,Playoffs,Eastern Conference Finals,2026_cle_nyk_api_20261005,0042500304,4,2026-05-25,1610612739,CLE,1628386,Jarrett Allen,1610612752,NYK,1628973,Jalen Brunson,10,2.8,1.5822800000000001,1.83824,5.6000000000000005,0,0,0,0,0,0,0,0,0.0,0,0,0.0,0,0,0,0,0,0,0,nba_boxscorematchupsv3
1,2025-26,Playoffs,Eastern Conference Finals,2026_cle_nyk_api_20261005,0042500304,4,2026-05-25,1610612739,CLE,1628386,Jarrett Allen,1610612752,NYK,1628404,Josh Hart,19,2.6,3.8,3.49265,7.199999999999999,2,5,0,0,0,0,1,1,100.0,0,0,0.0,0,0,0,0,0,0,0,nba_boxscorematchupsv3
1,2025-26,Playoffs,Eastern Conference Finals,2026_cle_nyk_api_20261005,0042500304,4,2026-05-25,1610612739,CLE,1628386,Jarrett Allen,1610612752,NYK,1630540,Miles McBride,7,0.5,2.00573,1.28676,4.5,0,0,0,0,0,0,0,0,0.0,0,0,0.0,0,0,0,0,0,0,0,nba_boxscorematchupsv3
1,2025-26,Playoffs,Eastern Conference Finals,2026_cle_nyk_api_20261005,0042500304,4,2026-05-25,1610612739,CLE,1628386,Jarrett Allen,1610612752,NYK,1629011,Mitchell Robinson,120,8.7,33.99433,22.05882,73.5,0,5,0,0,0,0,0,0,0.0,0,0,0.0,0,0,0,0,0,0,0,nba_boxscorematchupsv3
1,2025-26,Playoffs,Eastern Conference Finals,2026_cle_nyk_api_20261005,0042500304,4,2026-05-25,1610612739,CLE,1628386,Jarrett Allen,1610612752,NYK,1629013,Landry Shamet,1,0.4,0.26316,0.18381999999999998,3.6999999999999997,0,0,0,0,0,0,0,0,0.0,0,0,0.0,0,0,0,0,0,0,0,nba_boxscorematchupsv3
1,2025-26,Playoffs,Eastern Conference Finals,2026_cle_nyk_api_20261005,0042500304,4,2026-05-25,1610612739,CLE,1628386,Jarrett Allen,1610612752,NYK,1626157,Karl-Anthony Towns,168,17.7,30.939230000000002,30.88235,41.6,2,6,0,0,0,1,1,2,50.0,0,0,0.0,0,0,0,0,0,0,0,nba_boxscorematchupsv3
1,2025-26,Playoffs,Eastern Conference Finals,2026_cle_nyk_api_20261005,0042500304,4,2026-05-25,1610612739,CLE,1628378,Donovan Mitchell,1610612752,NYK,1630631,Jose Alvarado,23,2.7,11.557789999999999,3.35277,16.5,0,0,0,0,0,0,0,0,0.0,0,0,0.0,0,0,0,0,0,0,0,nba_boxscorematchupsv3
1,2025-26,Playoffs,Eastern Conference Finals,2026_cle_nyk_api_20261005,0042500304,4,2026-05-25,1610612739,CLE,1628378,Donovan Mitchell,1610612752,NYK,1628384,OG Anunoby,41,6.9,7.4275400000000005,5.97668,9.5,5,5,0,0,0,0,2,4,50.0,0,0,0.0,1,3,2,0,0,0,0,nba_boxscorematchupsv3
1,2025-26,Playoffs,Eastern Conference Finals,2026_cle_nyk_api_20261005,0042500304,4,2026-05-25,1610612739,CLE,1628378,Donovan Mitchell,1610612752,NYK,1628969,Mikal Bridges,84,10.5,13.90728,12.2449,17.599999999999998,0,6,0,0,1,0,0,0,0.0,0,0,0.0,0,0,0,0,0,0,0,nba_boxscorematchupsv3
1,2025-26,Playoffs,Eastern Conference Finals,2026_cle_nyk_api_20261005,0042500304,4,2026-05-25,1610612739,CLE,1628378,Donovan Mitchell,1610612752,NYK,1628973,Jalen Brunson,60,6.0,9.49367,8.746360000000001,11.4,0,5,1,0,0,0,0,1,0.0,0,1,0.0,0,0,0,0,0,0,0,nba_boxscorematchupsv3
1,2025-26,Playoffs,Eastern Conference Finals,2026_cle_nyk_api_20261005,0042500304,4,2026-05-25,1610612739,CLE,1628378,Donovan Mitchell,1610612752,NYK,1628404,Josh Hart,254,21.0,50.8,37.02624,51.5,14,24,0,0,0,0,3,7,42.9,3,5,60.0,5,5,2,0,0,0,0,nba_boxscorematchupsv3
1,2025-26,Playoffs,Eastern Conference Finals,2026_cle_nyk_api_20261005,0042500304,4,2026-05-25,1610612739,CLE,1628378,Donovan Mitchell,1610612752,NYK,1630540,Miles McBride,35,5.1,10.02865,5.10204,18.4,0,3,0,0,1,0,0,0,0.0,0,0,0.0,0,0,0,0,0,0,0,nba_boxscorematchupsv3
1,2025-26,Playoffs,Eastern Conference Finals,2026_cle_nyk_api_20261005,0042500304,4,2026-05-25,1610612739,CLE,1628378,Donovan Mitchell,1610612752,NYK,1629011,Mitchell Robinson,14,1.6,3.96601,2.04082,8.0,3,3,0,0,0,0,1,1,100.0,1,1,100.0,0,0,0,0,0,0,0,nba_boxscorematchupsv3
1,2025-26,Playoffs,Eastern Conference Finals,2026_cle_nyk_api_20261005,0042500304,4,2026-05-25,1610612739,CLE,1628378,Donovan Mitchell,1610612752,NYK,1629013,Landry Shamet,157,12.0,41.31579,22.886300000000002,54.300000000000004,6,13,0,0,2,0,2,4,50.0,0,1,0.0,2,2,0,0,0,0,0,nba_boxscorematchupsv3
1,2025-26,Playoffs,Eastern Conference Finals,2026_cle_nyk_api_20261005,0042500304,4,2026-05-25,1610612739,CLE,1628378,Donovan Mitchell,1610612752,NYK,1626157,Karl-Anthony Towns,18,2.3,3.31492,2.62391,4.3,3,3,0,0,0,0,1,1,100.0,1,1,100.0,0,0,0,0,0,0,0,nba_boxscorematchupsv3
1,2025-26,Playoffs,Eastern Conference Finals,2026_cle_nyk_api_20261005,0042500304,4,2026-05-25,1610612739,CLE,201935,James Harden,1610612752,NYK,1630631,Jose Alvarado,15,1.4,7.53769,2.2865900000000003,14.299999999999999,0,0,0,0,0,0,0,0,0.0,0,0,0.0,0,0,0,0,0,0,0,nba_boxscorematchupsv3
1,2025-26,Playoffs,Eastern Conference Finals,2026_cle_nyk_api_20261005,0042500304,4,2026-05-25,1610612739,CLE,201935,James Harden,1610612752,NYK,1628384,OG Anunoby,58,7.5,10.507249999999999,8.84146,15.1,1,14,1,0,1,0,0,0,0.0,0,0,0.0,1,2,1,0,0,0,0,nba_boxscorematchupsv3
1,2025-26,Playoffs,Eastern Conference Finals,2026_cle_nyk_api_20261005,0042500304,4,2026-05-25,1610612739,CLE,201935,James Harden,1610612752,NYK,1628969,Mikal Bridges,357,33.4,59.10596,54.42072999999999,56.2,0,33,1,0,2,0,0,2,0.0,0,2,0.0,0,0,0,0,0,0,0,nba_boxscorematchupsv3
1,2025-26,Playoffs,Eastern Conference Finals,2026_cle_nyk_api_20261005,0042500304,4,2026-05-25,1610612739,CLE,201935,James Harden,1610612752,NYK,1628973,Jalen Brunson,62,6.0,9.810130000000001,9.451220000000001,10.100000000000001,2,6,0,0,1,0,1,2,50.0,0,1,0.0,0,0,0,0,0,0,0,nba_boxscorematchupsv3
1,2025-26,Playoffs,Eastern Conference Finals,2026_cle_nyk_api_20261005,0042500304,4,2026-05-25,1610612739,CLE,201935,James Harden,1610612752,NYK,1628404,Josh Hart,49,5.3,9.8,7.46951,10.8,0,2,0,0,0,0,0,0,0.0,0,0,0.0,0,0,0,0,0,0,0,nba_boxscorematchupsv3
1,2025-26,Playoffs,Eastern Conference Finals,2026_cle_nyk_api_20261005,0042500304,4,2026-05-25,1610612739,CLE,201935,James Harden,1610612752,NYK,1630540,Miles McBride,53,3.2,15.186250000000001,8.07927,24.7,5,5,0,0,1,0,1,1,100.0,0,0,0.0,3,3,1,0,0,0,0,nba_boxscorematchupsv3
1,2025-26,Playoffs,Eastern Conference Finals,2026_cle_nyk_api_20261005,0042500304,4,2026-05-25,1610612739,CLE,201935,James Harden,1610612752,NYK,1629011,Mitchell Robinson,17,3.1,4.815860000000001,2.59146,10.5,0,0,0,0,0,0,0,1,0.0,0,1,0.0,0,0,0,0,0,0,0,nba_boxscorematchupsv3
1,2025-26,Playoffs,Eastern Conference Finals,2026_cle_nyk_api_20261005,0042500304,4,2026-05-25,1610612739,CLE,201935,James Harden,1610612752,NYK,1629013,Landry Shamet,18,3.9,4.73684,2.7439,9.700000000000001,0,0,0,0,0,0,0,1,0.0,0,1,0.0,0,0,0,0,0,0,0,nba_boxscorematchupsv3
1,2025-26,Playoffs,Eastern Conference Finals,2026_cle_nyk_api_20261005,0042500304,4,2026-05-25,1610612739,CLE,201935,James Harden,1610612752,NYK,1626157,Karl-Anthony Towns,27,2.8,4.97238,4.11585,6.2,4,6,0,0,0,0,0,1,0.0,0,1,0.0,4,4,2,0,0,0,0,nba_boxscorematchupsv3
1,2025-26,Playoffs,Eastern Conference Finals,2026_cle_nyk_api_20261005,0042500304,4,2026-05-25,1610612739,CLE,1629731,Dean Wade,1610612752,NYK,1628384,OG Anunoby,23,1.6,4.16667,8.98438,28.4,0,0,0,0,0,0,0,1,0.0,0,1,0.0,0,0,0,0,0,0,0,nba_boxscorematchupsv3
1,2025-26,Playoffs,Eastern Conference Finals,2026_cle_nyk_api_20261005,0042500304,4,2026-05-25,1610612739,CLE,1629731,Dean Wade,1610612752,NYK,1628969,Mikal Bridges,16,2.3,2.64901,6.25,8.3,0,2,0,0,0,0,0,0,0.0,0,0,0.0,0,0,0,0,0,0,0,nba_boxscorematchupsv3
1,2025-26,Playoffs,Eastern Conference Finals,2026_cle_nyk_api_20261005,0042500304,4,2026-05-25,1610612739,CLE,1629731,Dean Wade,1610612752,NYK,1628973,Jalen Brunson,131,11.7,20.72785,51.17188,50.5,0,14,0,0,0,0,0,0,0.0,0,0,0.0,0,0,0,0,0,0,0,nba_boxscorematchupsv3
1,2025-26,Playoffs,Eastern Conference Finals,2026_cle_nyk_api_20261005,0042500304,4,2026-05-25,1610612739,CLE,1629731,Dean Wade,1610612752,NYK,1628404,Josh Hart,8,1.2,1.6,3.125,7.6,0,0,0,0,0,0,0,0,0.0,0,0,0.0,0,0,0,0,0,0,0,nba_boxscorematchupsv3
1,2025-26,Playoffs,Eastern Conference Finals,2026_cle_nyk_api_20261005,0042500304,4,2026-05-25,1610612739,CLE,1629731,Dean Wade,1610612752,NYK,1630540,Miles McBride,30,3.8,8.59599,11.71875,17.9,0,2,0,0,0,0,0,0,0.0,0,0,0.0,0,0,0,0,0,0,0,nba_boxscorematchupsv3
1,2025-26,Playoffs,Eastern Conference Finals,2026_cle_nyk_api_20261005,0042500304,4,2026-05-25,1610612739,CLE,1629731,Dean Wade,1610612752,NYK,1629011,Mitchell Robinson,27,1.5,7.64873,10.54688,11.3,0,2,0,0,0,0,0,0,0.0,0,0,0.0,0,0,0,0,0,0,0,nba_boxscorematchupsv3
1,2025-26,Playoffs,Eastern Conference Finals,2026_cle_nyk_api_20261005,0042500304,4,2026-05-25,1610612739,CLE,1629731,Dean Wade,1610612752,NYK,1629013,Landry Shamet,8,1.3,2.10526,3.125,8.0,0,0,0,0,0,0,0,0,0.0,0,0,0.0,0,0,0,0,0,0,0,nba_boxscorematchupsv3
1,2025-26,Playoffs,Eastern Conference Finals,2026_cle_nyk_api_20261005,0042500304,4,2026-05-25,1610612739,CLE,1629731,Dean Wade,1610612752,NYK,1626157,Karl-Anthony Towns,13,1.3,2.39411,5.07813,15.299999999999999,0,0,0,0,0,0,0,0,0.0,0,0,0.0,0,0,0,0,0,0,0,nba_boxscorematchupsv3
1,2025-26,Playoffs,Eastern Conference Finals,2026_cle_nyk_api_20261005,0042500304,4,2026-05-25,1610612739,CLE,1630241,Sam Merrill,1610612752,NYK,1628384,OG Anunoby,8,1.1,1.44928,2.25352,6.9,0,2,1,0,0,0,0,0,0.0,0,0,0.0,0,0,0,0,0,0,0,nba_boxscorematchupsv3
1,2025-26,Playoffs,Eastern Conference Finals,2026_cle_nyk_api_20261005,0042500304,4,2026-05-25,1610612739,CLE,1630241,Sam Merrill,1610612752,NYK,1628969,Mikal Bridges,67,6.6,11.09272,18.87324,21.7,0,4,0,0,0,0,0,1,0.0,0,0,0.0,0,0,0,0,0,0,0,nba_boxscorematchupsv3
1,2025-26,Playoffs,Eastern Conference Finals,2026_cle_nyk_api_20261005,0042500304,4,2026-05-25,1610612739,CLE,1630241,Sam Merrill,1610612752,NYK,1628973,Jalen Brunson,93,8.7,14.71519,26.197179999999996,24.4,0,2,0,0,0,0,0,1,0.0,0,1,0.0,0,0,0,0,0,0,0,nba_boxscorematchupsv3
1,2025-26,Playoffs,Eastern Conference Finals,2026_cle_nyk_api_20261005,0042500304,4,2026-05-25,1610612739,CLE,1630241,Sam Merrill,1610612752,NYK,1628404,Josh Hart,51,4.1,10.2,14.366200000000001,23.0,0,0,0,0,0,0,0,0,0.0,0,0,0.0,0,0,0,0,0,0,0,nba_boxscorematchupsv3
1,2025-26,Playoffs,Eastern Conference Finals,2026_cle_nyk_api_20261005,0042500304,4,2026-05-25,1610612739,CLE,1630241,Sam Merrill,1610612752,NYK,1630540,Miles McBride,49,6.9,14.04011,13.802819999999999,25.8,2,12,0,0,0,0,1,1,100.0,0,0,0.0,0,0,0,0,0,0,0,nba_boxscorematchupsv3
1,2025-26,Playoffs,Eastern Conference Finals,2026_cle_nyk_api_20261005,0042500304,4,2026-05-25,1610612739,CLE,1630241,Sam Merrill,1610612752,NYK,1629011,Mitchell Robinson,5,0.8,1.4164299999999999,1.40845,4.2,0,3,0,0,1,0,0,0,0.0,0,0,0.0,0,0,0,0,0,0,0,nba_boxscorematchupsv3
1,2025-26,Playoffs,Eastern Conference Finals,2026_cle_nyk_api_20261005,0042500304,4,2026-05-25,1610612739,CLE,1630241,Sam Merrill,1610612752,NYK,1629013,Landry Shamet,82,7.5,21.57895,23.098589999999998,45.9,3,6,0,0,0,0,1,1,100.0,1,1,100.0,0,0,0,0,0,0,0,nba_boxscorematchupsv3
1,2025-26,Playoffs,Eastern Conference Finals,2026_cle_nyk_api_20261005,0042500304,4,2026-05-25,1610612739,CLE,1642281,Jaylon Tyson,1610612752,NYK,1630631,Jose Alvarado,12,1.3,6.03015,3.76176,8.6,0,2,0,0,0,0,0,0,0.0,0,0,0.0,0,0,0,0,0,0,0,nba_boxscorematchupsv3
1,2025-26,Playoffs,Eastern Conference Finals,2026_cle_nyk_api_20261005,0042500304,4,2026-05-25,1610612739,CLE,1642281,Jaylon Tyson,1610612752,NYK,1628969,Mikal Bridges,3,1.4,0.49668999999999996,0.94044,5.3,0,0,0,0,1,0,0,0,0.0,0,0,0.0,0,0,0,0,0,0,0,nba_boxscorematchupsv3
1,2025-26,Playoffs,Eastern Conference Finals,2026_cle_nyk_api_20261005,0042500304,4,2026-05-25,1610612739,CLE,1642281,Jaylon Tyson,1610612752,NYK,1628973,Jalen Brunson,32,3.5,5.06329,10.03135,21.6,0,2,1,0,1,0,0,0,0.0,0,0,0.0,0,0,0,0,0,0,0,nba_boxscorematchupsv3
1,2025-26,Playoffs,Eastern Conference Finals,2026_cle_nyk_api_20261005,0042500304,4,2026-05-25,1610612739,CLE,1642281,Jaylon Tyson,1610612752,NYK,203903,Jordan Clarkson,25,0.9,15.923570000000002,7.836990000000001,61.4,0,0,0,0,0,0,0,0,0.0,0,0,0.0,0,0,0,0,0,0,0,nba_boxscorematchupsv3
1,2025-26,Playoffs,Eastern Conference Finals,2026_cle_nyk_api_20261005,0042500304,4,2026-05-25,1610612739,CLE,1642281,Jaylon Tyson,1610612752,NYK,1628404,Josh Hart,47,5.5,9.4,14.733540000000001,49.7,0,7,0,0,0,0,0,1,0.0,0,1,0.0,0,0,0,0,0,0,0,nba_boxscorematchupsv3
1,2025-26,Playoffs,Eastern Conference Finals,2026_cle_nyk_api_20261005,0042500304,4,2026-05-25,1610612739,CLE,1642281,Jaylon Tyson,1610612752,NYK,1630574,Ariel Hukporti,2,0.2,1.4705899999999998,0.62696,9.700000000000001,0,0,0,0,0,0,0,1,0.0,0,1,0.0,0,0,0,0,0,0,0,nba_boxscorematchupsv3
1,2025-26,Playoffs,Eastern Conference Finals,2026_cle_nyk_api_20261005,0042500304,4,2026-05-25,1610612739,CLE,1642281,Jaylon Tyson,1610612752,NYK,1642278,Tyler Kolek,1,0.3,0.73529,0.31348,27.200000000000003,0,0,0,0,0,0,0,0,0.0,0,0,0.0,0,0,0,0,0,0,0,nba_boxscorematchupsv3
1,2025-26,Playoffs,Eastern Conference Finals,2026_cle_nyk_api_20261005,0042500304,4,2026-05-25,1610612739,CLE,1642281,Jaylon Tyson,1610612752,NYK,1630540,Miles McBride,112,8.3,32.09169,35.10972,33.2,0,2,0,0,0,0,0,2,0.0,0,2,0.0,0,0,0,0,0,0,0,nba_boxscorematchupsv3
1,2025-26,Playoffs,Eastern Conference Finals,2026_cle_nyk_api_20261005,0042500304,4,2026-05-25,1610612739,CLE,1642281,Jaylon Tyson,1610612752,NYK,1629011,Mitchell Robinson,9,1.7,2.5495799999999997,2.82132,6.6000000000000005,0,0,0,0,0,0,0,1,0.0,0,0,0.0,0,0,0,0,0,0,0,nba_boxscorematchupsv3
1,2025-26,Playoffs,Eastern Conference Finals,2026_cle_nyk_api_20261005,0042500304,4,2026-05-25,1610612739,CLE,1642281,Jaylon Tyson,1610612752,NYK,1629013,Landry Shamet,45,6.6,11.84211,14.10658,18.2,2,9,1,0,0,0,1,1,100.0,0,0,0.0,0,0,0,0,0,0,0,nba_boxscorematchupsv3
1,2025-26,Playoffs,Eastern Conference Finals,2026_cle_nyk_api_20261005,0042500304,4,2026-05-25,1610612739,CLE,1642281,Jaylon Tyson,1610612752,NYK,1626157,Karl-Anthony Towns,31,1.4,5.70902,9.717870000000001,17.0,0,2,0,0,0,0,0,0,0.0,0,0,0.0,0,0,0,0,0,0,0,nba_boxscorematchupsv3
1,2025-26,Playoffs,Eastern Conference Finals,2026_cle_nyk_api_20261005,0042500304,4,2026-05-25,1610612739,CLE,1631165,Keon Ellis,1610612752,NYK,1630631,Jose Alvarado,84,8.1,42.21106,28.47458,59.099999999999994,0,8,0,0,0,0,0,1,0.0,0,1,0.0,0,0,0,0,0,0,0,nba_boxscorematchupsv3
1,2025-26,Playoffs,Eastern Conference Finals,2026_cle_nyk_api_20261005,0042500304,4,2026-05-25,1610612739,CLE,1631165,Keon Ellis,1610612752,NYK,1628384,OG Anunoby,17,1.2,3.07971,5.76271,18.2,0,3,0,0,0,0,0,0,0.0,0,0,0.0,0,0,0,0,0,0,0,nba_boxscorematchupsv3
1,2025-26,Playoffs,Eastern Conference Finals,2026_cle_nyk_api_20261005,0042500304,4,2026-05-25,1610612739,CLE,1631165,Keon Ellis,1610612752,NYK,1628973,Jalen Brunson,27,1.7,4.27215,9.15254,70.89999999999999,0,0,1,0,0,0,0,0,0.0,0,0,0.0,0,0,0,0,0,0,0,nba_boxscorematchupsv3
1,2025-26,Playoffs,Eastern Conference Finals,2026_cle_nyk_api_20261005,0042500304,4,2026-05-25,1610612739,CLE,1631165,Keon Ellis,1610612752,NYK,203903,Jordan Clarkson,21,2.3,13.375799999999998,7.11864,13.900000000000002,0,3,0,0,0,0,0,0,0.0,0,0,0.0,0,0,0,0,0,0,0,nba_boxscorematchupsv3
1,2025-26,Playoffs,Eastern Conference Finals,2026_cle_nyk_api_20261005,0042500304,4,2026-05-25,1610612739,CLE,1631165,Keon Ellis,1610612752,NYK,1642359,Pacôme Dadiet,28,2.7,23.1405,9.49153,22.2,0,2,0,0,0,0,0,0,0.0,0,0,0.0,0,0,0,0,0,0,0,nba_boxscorematchupsv3
1,2025-26,Playoffs,Eastern Conference Finals,2026_cle_nyk_api_20261005,0042500304,4,2026-05-25,1610612739,CLE,1631165,Keon Ellis,1610612752,NYK,1642885,Mohamed Diawara,40,5.3,29.629630000000002,13.55932,31.8,0,2,0,0,0,0,0,0,0.0,0,0,0.0,0,0,0,0,0,0,0,nba_boxscorematchupsv3
1,2025-26,Playoffs,Eastern Conference Finals,2026_cle_nyk_api_20261005,0042500304,4,2026-05-25,1610612739,CLE,1631165,Keon Ellis,1610612752,NYK,1628404,Josh Hart,1,0.2,0.2,0.33898,2.5,0,0,0,0,0,0,0,0,0.0,0,0,0.0,0,0,0,0,0,0,0,nba_boxscorematchupsv3
1,2025-26,Playoffs,Eastern Conference Finals,2026_cle_nyk_api_20261005,0042500304,4,2026-05-25,1610612739,CLE,1631165,Keon Ellis,1610612752,NYK,1630574,Ariel Hukporti,7,1.9,5.14706,2.3728800000000003,7.6,2,2,0,0,0,0,0,0,0.0,0,0,0.0,2,2,0,0,0,0,0,nba_boxscorematchupsv3
1,2025-26,Playoffs,Eastern Conference Finals,2026_cle_nyk_api_20261005,0042500304,4,2026-05-25,1610612739,CLE,1631165,Keon Ellis,1610612752,NYK,1642278,Tyler Kolek,39,3.6,28.67647,13.22034,21.6,3,8,0,0,0,0,1,2,50.0,1,2,50.0,0,0,0,0,0,0,0,nba_boxscorematchupsv3
1,2025-26,Playoffs,Eastern Conference Finals,2026_cle_nyk_api_20261005,0042500304,4,2026-05-25,1610612739,CLE,1631165,Keon Ellis,1610612752,NYK,1630540,Miles McBride,19,1.5,5.4441299999999995,6.44068,17.4,0,0,0,0,0,0,0,0,0.0,0,0,0.0,0,0,0,0,0,0,0,nba_boxscorematchupsv3
1,2025-26,Playoffs,Eastern Conference Finals,2026_cle_nyk_api_20261005,0042500304,4,2026-05-25,1610612739,CLE,1631165,Keon Ellis,1610612752,NYK,1629011,Mitchell Robinson,1,0.1,0.28329000000000004,0.33898,3.0,0,0,0,0,0,0,0,0,0.0,0,0,0.0,0,0,0,0,0,0,0,nba_boxscorematchupsv3
1,2025-26,Playoffs,Eastern Conference Finals,2026_cle_nyk_api_20261005,0042500304,4,2026-05-25,1610612739,CLE,1631165,Keon Ellis,1610612752,NYK,1629013,Landry Shamet,10,0.5,2.63158,3.38983,7.199999999999999,0,0,0,0,0,0,0,0,0.0,0,0,0.0,0,0,0,0,0,0,0,nba_boxscorematchupsv3
1,2025-26,Playoffs,Eastern Conference Finals,2026_cle_nyk_api_20261005,0042500304,4,2026-05-25,1610612739,CLE,1631165,Keon Ellis,1610612752,NYK,1626157,Karl-Anthony Towns,1,0.1,0.18416000000000002,0.33898,1.4000000000000001,0,0,0,0,0,0,0,0,0.0,0,0,0.0,0,0,0,0,0,0,0,nba_boxscorematchupsv3
1,2025-26,Playoffs,Eastern Conference Finals,2026_cle_nyk_api_20261005,0042500304,4,2026-05-25,1610612739,CLE,1628418,Thomas Bryant,1610612752,NYK,1630631,Jose Alvarado,4,0.7,2.01005,2.46914,10.5,0,0,0,0,0,0,0,0,0.0,0,0,0.0,0,0,0,0,0,0,0,nba_boxscorematchupsv3
1,2025-26,Playoffs,Eastern Conference Finals,2026_cle_nyk_api_20261005,0042500304,4,2026-05-25,1610612739,CLE,1628418,Thomas Bryant,1610612752,NYK,203903,Jordan Clarkson,21,2.0,13.375799999999998,12.96296,11.3,0,0,0,0,0,0,0,0,0.0,0,0,0.0,0,0,0,0,0,0,0,nba_boxscorematchupsv3
1,2025-26,Playoffs,Eastern Conference Finals,2026_cle_nyk_api_20261005,0042500304,4,2026-05-25,1610612739,CLE,1628418,Thomas Bryant,1610612752,NYK,1642359,Pacôme Dadiet,16,2.6,13.22314,9.87654,14.6,3,5,0,0,0,0,1,3,33.300000000000004,1,3,33.300000000000004,0,0,0,0,0,0,0,nba_boxscorematchupsv3
1,2025-26,Playoffs,Eastern Conference Finals,2026_cle_nyk_api_20261005,0042500304,4,2026-05-25,1610612739,CLE,1628418,Thomas Bryant,1610612752,NYK,1642885,Mohamed Diawara,19,1.8,14.074069999999999,11.7284,9.5,0,3,0,0,0,0,0,0,0.0,0,0,0.0,0,0,0,0,0,0,0,nba_boxscorematchupsv3
1,2025-26,Playoffs,Eastern Conference Finals,2026_cle_nyk_api_20261005,0042500304,4,2026-05-25,1610612739,CLE,1628418,Thomas Bryant,1610612752,NYK,1630574,Ariel Hukporti,79,8.3,58.08824,48.765429999999995,61.9,7,9,0,0,0,0,3,4,75.0,1,2,50.0,0,0,0,0,0,0,0,nba_boxscorematchupsv3
1,2025-26,Playoffs,Eastern Conference Finals,2026_cle_nyk_api_20261005,0042500304,4,2026-05-25,1610612739,CLE,1628418,Thomas Bryant,1610612752,NYK,1642278,Tyler Kolek,6,1.4,4.41176,3.7037,7.5,0,0,0,0,0,0,0,0,0.0,0,0,0.0,0,0,0,0,0,0,0,nba_boxscorematchupsv3
1,2025-26,Playoffs,Eastern Conference Finals,2026_cle_nyk_api_20261005,0042500304,4,2026-05-25,1610612739,CLE,1628418,Thomas Bryant,1610612752,NYK,1630540,Miles McBride,2,0.0,0.57307,1.23457,6.7,0,0,0,0,0,0,0,0,0.0,0,0,0.0,0,0,0,0,0,0,0,nba_boxscorematchupsv3
1,2025-26,Playoffs,Eastern Conference Finals,2026_cle_nyk_api_20261005,0042500304,4,2026-05-25,1610612739,CLE,1628418,Thomas Bryant,1610612752,NYK,1629011,Mitchell Robinson,15,0.0,4.24929,9.25926,72.3,0,0,0,0,0,0,0,0,0.0,0,0,0.0,0,0,0,0,0,0,0,nba_boxscorematchupsv3
1,2025-26,Playoffs,Eastern Conference Finals,2026_cle_nyk_api_20261005,0042500304,4,2026-05-25,1610612739,CLE,1641854,Craig Porter Jr.,1610612752,NYK,1630631,Jose Alvarado,27,0.8,13.56784,17.30769,65.0,0,0,0,0,1,0,0,0,0.0,0,0,0.0,0,0,0,0,0,0,0,nba_boxscorematchupsv3
1,2025-26,Playoffs,Eastern Conference Finals,2026_cle_nyk_api_20261005,0042500304,4,2026-05-25,1610612739,CLE,1641854,Craig Porter Jr.,1610612752,NYK,203903,Jordan Clarkson,4,0.7,2.54777,2.5641000000000003,5.1,0,0,0,0,0,0,0,0,0.0,0,0,0.0,0,0,0,0,0,0,0,nba_boxscorematchupsv3
1,2025-26,Playoffs,Eastern Conference Finals,2026_cle_nyk_api_20261005,0042500304,4,2026-05-25,1610612739,CLE,1641854,Craig Porter Jr.,1610612752,NYK,1642359,Pacôme Dadiet,25,1.9,20.661160000000002,16.02564,14.399999999999999,0,2,0,0,0,0,0,0,0.0,0,0,0.0,0,0,0,0,0,0,0,nba_boxscorematchupsv3
1,2025-26,Playoffs,Eastern Conference Finals,2026_cle_nyk_api_20261005,0042500304,4,2026-05-25,1610612739,CLE,1641854,Craig Porter Jr.,1610612752,NYK,1642885,Mohamed Diawara,14,1.3,10.37037,8.97436,10.100000000000001,0,0,0,0,0,0,0,0,0.0,0,0,0.0,0,0,0,0,0,0,0,nba_boxscorematchupsv3
1,2025-26,Playoffs,Eastern Conference Finals,2026_cle_nyk_api_20261005,0042500304,4,2026-05-25,1610612739,CLE,1641854,Craig Porter Jr.,1610612752,NYK,1630574,Ariel Hukporti,16,3.1,11.764710000000001,10.25641,12.9,0,6,2,0,0,0,0,0,0.0,0,0,0.0,0,0,0,0,0,0,0,nba_boxscorematchupsv3
1,2025-26,Playoffs,Eastern Conference Finals,2026_cle_nyk_api_20261005,0042500304,4,2026-05-25,1610612739,CLE,1641854,Craig Porter Jr.,1610612752,NYK,1642278,Tyler Kolek,70,9.2,51.47059,44.87179,53.6,0,9,1,0,1,0,0,0,0.0,0,0,0.0,0,0,0,0,0,0,0,nba_boxscorematchupsv3
1,2025-26,Playoffs,Eastern Conference Finals,2026_cle_nyk_api_20261005,0042500304,4,2026-05-25,1610612739,CLE,1642878,Tyrese Proctor,1610612752,NYK,203903,Jordan Clarkson,79,10.5,50.318470000000005,51.97368,51.800000000000004,0,10,1,0,1,0,0,0,0.0,0,0,0.0,0,0,0,0,0,0,0,nba_boxscorematchupsv3
1,2025-26,Playoffs,Eastern Conference Finals,2026_cle_nyk_api_20261005,0042500304,4,2026-05-25,1610612739,CLE,1642878,Tyrese Proctor,1610612752,NYK,1642359,Pacôme Dadiet,8,0.7,6.61157,5.26316,4.9,0,0,0,0,0,0,0,0,0.0,0,0,0.0,0,0,0,0,0,0,0,nba_boxscorematchupsv3
1,2025-26,Playoffs,Eastern Conference Finals,2026_cle_nyk_api_20261005,0042500304,4,2026-05-25,1610612739,CLE,1642878,Tyrese Proctor,1610612752,NYK,1642885,Mohamed Diawara,17,1.3,12.592590000000001,11.18421,11.3,0,5,1,0,0,0,0,1,0.0,0,1,0.0,0,0,0,0,0,0,0,nba_boxscorematchupsv3
1,2025-26,Playoffs,Eastern Conference Finals,2026_cle_nyk_api_20261005,0042500304,4,2026-05-25,1610612739,CLE,1642878,Tyrese Proctor,1610612752,NYK,1630574,Ariel Hukporti,17,2.0,12.5,11.18421,12.1,0,0,0,0,0,0,0,0,0.0,0,0,0.0,0,0,0,0,0,0,0,nba_boxscorematchupsv3
1,2025-26,Playoffs,Eastern Conference Finals,2026_cle_nyk_api_20261005,0042500304,4,2026-05-25,1610612739,CLE,1642878,Tyrese Proctor,1610612752,NYK,1642278,Tyler Kolek,9,0.8,6.61765,5.92105,8.4,0,0,0,0,0,0,0,0,0.0,0,0,0.0,0,0,0,0,0,0,0,nba_boxscorematchupsv3
1,2025-26,Playoffs,Eastern Conference Finals,2026_cle_nyk_api_20261005,0042500304,4,2026-05-25,1610612739,CLE,1642878,Tyrese Proctor,1610612752,NYK,1630540,Miles McBride,5,0.0,1.43266,3.2894699999999997,31.1,0,0,0,0,0,0,0,0,0.0,0,0,0.0,0,0,0,0,0,0,0,nba_boxscorematchupsv3
1,2025-26,Playoffs,Eastern Conference Finals,2026_cle_nyk_api_20261005,0042500304,4,2026-05-25,1610612739,CLE,1642878,Tyrese Proctor,1610612752,NYK,1629011,Mitchell Robinson,3,0.0,0.8498600000000001,1.9736799999999999,11.0,0,0,0,0,0,0,0,0,0.0,0,0,0.0,0,0,0,0,0,0,0,nba_boxscorematchupsv3
1,2025-26,Playoffs,Eastern Conference Finals,2026_cle_nyk_api_20261005,0042500304,4,2026-05-25,1610612739,CLE,1642878,Tyrese Proctor,1610612752,NYK,1629013,Landry Shamet,14,0.0,3.68421,9.21053,62.2,0,0,0,0,0,0,0,1,0.0,0,1,0.0,0,0,0,0,0,0,0,nba_boxscorematchupsv3
1,2025-26,Playoffs,Eastern Conference Finals,2026_cle_nyk_api_20261005,0042500304,4,2026-05-25,1610612739,CLE,1641772,Nae'Qwan Tomlin,1610612752,NYK,203903,Jordan Clarkson,7,0.6,4.4586,5.737699999999999,4.5,2,4,0,0,0,0,1,1,100.0,0,0,0.0,0,0,0,0,0,0,0,nba_boxscorematchupsv3
1,2025-26,Playoffs,Eastern Conference Finals,2026_cle_nyk_api_20261005,0042500304,4,2026-05-25,1610612739,CLE,1641772,Nae'Qwan Tomlin,1610612752,NYK,1642359,Pacôme Dadiet,44,6.1,36.363640000000004,36.06557,43.5,0,8,1,0,0,0,0,0,0.0,0,0,0.0,0,0,0,0,0,0,0,nba_boxscorematchupsv3
1,2025-26,Playoffs,Eastern Conference Finals,2026_cle_nyk_api_20261005,0042500304,4,2026-05-25,1610612739,CLE,1641772,Nae'Qwan Tomlin,1610612752,NYK,1642885,Mohamed Diawara,45,6.2,33.33333,36.88525,40.400000000000006,0,5,0,0,0,0,0,0,0.0,0,0,0.0,0,0,0,0,0,0,0,nba_boxscorematchupsv3
1,2025-26,Playoffs,Eastern Conference Finals,2026_cle_nyk_api_20261005,0042500304,4,2026-05-25,1610612739,CLE,1641772,Nae'Qwan Tomlin,1610612752,NYK,1630574,Ariel Hukporti,15,0.5,11.02941,12.29508,5.0,0,0,0,0,0,0,0,1,0.0,0,0,0.0,0,0,0,0,0,0,0,nba_boxscorematchupsv3
1,2025-26,Playoffs,Eastern Conference Finals,2026_cle_nyk_api_20261005,0042500304,4,2026-05-25,1610612739,CLE,1641772,Nae'Qwan Tomlin,1610612752,NYK,1642278,Tyler Kolek,11,0.5,8.088239999999999,9.016390000000001,6.5,0,0,0,0,0,0,0,0,0.0,0,0,0.0,0,0,0,0,0,0,0,nba_boxscorematchupsv3
1,2025-26,Playoffs,Eastern Conference Finals,2026_cle_nyk_api_20261005,0042500304,4,2026-05-25,1610612752,NYK,1628404,Josh Hart,1610612739,CLE,1628386,Jarrett Allen,47,3.0,7.49601,8.13149,10.100000000000001,0,4,0,0,0,0,0,0,0.0,0,0,0.0,0,0,0,0,0,0,0,nba_boxscorematchupsv3
1,2025-26,Playoffs,Eastern Conference Finals,2026_cle_nyk_api_20261005,0042500304,4,2026-05-25,1610612752,NYK,1628404,Josh Hart,1610612739,CLE,1631165,Keon Ellis,2,0.0,0.45351,0.34602,3.2,0,0,0,0,0,0,0,0,0.0,0,0,0.0,0,0,0,0,0,0,0,nba_boxscorematchupsv3
1,2025-26,Playoffs,Eastern Conference Finals,2026_cle_nyk_api_20261005,0042500304,4,2026-05-25,1610612752,NYK,1628404,Josh Hart,1610612739,CLE,201935,James Harden,87,9.0,10.0578,15.051899999999998,20.3,0,10,0,0,0,0,0,0,0.0,0,0,0.0,0,0,0,0,0,0,0,nba_boxscorematchupsv3
1,2025-26,Playoffs,Eastern Conference Finals,2026_cle_nyk_api_20261005,0042500304,4,2026-05-25,1610612752,NYK,1628404,Josh Hart,1610612739,CLE,1630241,Sam Merrill,70,3.9,14.893619999999999,12.11073,28.299999999999997,0,5,0,0,0,0,0,0,0.0,0,0,0.0,0,0,0,0,0,0,0,nba_boxscorematchupsv3
1,2025-26,Playoffs,Eastern Conference Finals,2026_cle_nyk_api_20261005,0042500304,4,2026-05-25,1610612752,NYK,1628404,Josh Hart,1610612739,CLE,1628378,Donovan Mitchell,152,13.2,20.079259999999998,26.297579999999996,28.499999999999996,3,21,1,0,0,0,1,3,33.300000000000004,0,1,0.0,1,2,1,0,0,0,0,nba_boxscorematchupsv3
1,2025-26,Playoffs,Eastern Conference Finals,2026_cle_nyk_api_20261005,0042500304,4,2026-05-25,1610612752,NYK,1628404,Josh Hart,1610612739,CLE,1630596,Evan Mobley,82,6.6,9.87952,14.186850000000002,16.400000000000002,0,9,3,0,0,0,0,1,0.0,0,1,0.0,0,0,0,0,0,0,0,nba_boxscorematchupsv3
1,2025-26,Playoffs,Eastern Conference Finals,2026_cle_nyk_api_20261005,0042500304,4,2026-05-25,1610612752,NYK,1628404,Josh Hart,1610612739,CLE,1629622,Max Strus,95,6.4,17.27273,16.43599,24.4,3,9,1,0,1,0,1,1,100.0,1,1,100.0,0,0,0,0,0,0,0,nba_boxscorematchupsv3
1,2025-26,Playoffs,Eastern Conference Finals,2026_cle_nyk_api_20261005,0042500304,4,2026-05-25,1610612752,NYK,1628404,Josh Hart,1610612739,CLE,1642281,Jaylon Tyson,34,3.2,8.21256,5.88235,34.300000000000004,0,11,0,0,0,0,0,0,0.0,0,0,0.0,0,0,0,0,0,0,0,nba_boxscorematchupsv3
1,2025-26,Playoffs,Eastern Conference Finals,2026_cle_nyk_api_20261005,0042500304,4,2026-05-25,1610612752,NYK,1628404,Josh Hart,1610612739,CLE,1629731,Dean Wade,9,0.4,2.76923,1.55709,6.6000000000000005,0,0,0,0,0,0,0,0,0.0,0,0,0.0,0,0,0,0,0,0,0,nba_boxscorematchupsv3
1,2025-26,Playoffs,Eastern Conference Finals,2026_cle_nyk_api_20261005,0042500304,4,2026-05-25,1610612752,NYK,1628384,OG Anunoby,1610612739,CLE,1628386,Jarrett Allen,114,12.7,18.181820000000002,16.98957,21.2,2,12,2,0,0,1,1,2,50.0,0,0,0.0,0,0,0,0,0,0,0,nba_boxscorematchupsv3
1,2025-26,Playoffs,Eastern Conference Finals,2026_cle_nyk_api_20261005,0042500304,4,2026-05-25,1610612752,NYK,1628384,OG Anunoby,1610612739,CLE,1631165,Keon Ellis,31,1.2,7.02948,4.61997,17.0,2,4,0,0,0,0,1,1,100.0,0,0,0.0,0,0,0,0,0,0,0,nba_boxscorematchupsv3
1,2025-26,Playoffs,Eastern Conference Finals,2026_cle_nyk_api_20261005,0042500304,4,2026-05-25,1610612752,NYK,1628384,OG Anunoby,1610612739,CLE,201935,James Harden,134,7.8,15.49133,19.97019,20.8,3,6,0,0,0,1,1,2,50.0,1,1,100.0,0,0,0,0,0,0,0,nba_boxscorematchupsv3
1,2025-26,Playoffs,Eastern Conference Finals,2026_cle_nyk_api_20261005,0042500304,4,2026-05-25,1610612752,NYK,1628384,OG Anunoby,1610612739,CLE,1630241,Sam Merrill,35,2.0,7.446809999999999,5.2161,12.4,2,4,0,0,0,0,1,1,100.0,0,0,0.0,0,0,0,0,0,0,0,nba_boxscorematchupsv3
1,2025-26,Playoffs,Eastern Conference Finals,2026_cle_nyk_api_20261005,0042500304,4,2026-05-25,1610612752,NYK,1628384,OG Anunoby,1610612739,CLE,1628378,Donovan Mitchell,95,8.1,12.54954,14.15797,17.599999999999998,0,5,0,0,0,0,0,0,0.0,0,0,0.0,0,0,0,0,0,0,0,nba_boxscorematchupsv3
1,2025-26,Playoffs,Eastern Conference Finals,2026_cle_nyk_api_20261005,0042500304,4,2026-05-25,1610612752,NYK,1628384,OG Anunoby,1610612739,CLE,1630596,Evan Mobley,109,9.8,13.132530000000001,16.244410000000002,19.900000000000002,0,13,0,0,0,0,0,0,0.0,0,0,0.0,0,0,0,0,0,0,0,nba_boxscorematchupsv3
1,2025-26,Playoffs,Eastern Conference Finals,2026_cle_nyk_api_20261005,0042500304,4,2026-05-25,1610612752,NYK,1628384,OG Anunoby,1610612739,CLE,1629622,Max Strus,141,10.5,25.636360000000003,21.01341,24.6,6,19,2,0,0,0,1,6,16.7,0,4,0.0,4,4,2,0,0,0,0,nba_boxscorematchupsv3
1,2025-26,Playoffs,Eastern Conference Finals,2026_cle_nyk_api_20261005,0042500304,4,2026-05-25,1610612752,NYK,1628384,OG Anunoby,1610612739,CLE,1642281,Jaylon Tyson,2,0.1,0.48309,0.29806,2.6,0,2,0,0,0,0,0,0,0.0,0,0,0.0,0,0,0,0,0,0,0,nba_boxscorematchupsv3
1,2025-26,Playoffs,Eastern Conference Finals,2026_cle_nyk_api_20261005,0042500304,4,2026-05-25,1610612752,NYK,1628384,OG Anunoby,1610612739,CLE,1629731,Dean Wade,10,2.7,3.07692,1.49031,20.8,2,2,0,0,1,0,1,1,100.0,0,0,0.0,0,0,0,0,0,0,0,nba_boxscorematchupsv3
1,2025-26,Playoffs,Eastern Conference Finals,2026_cle_nyk_api_20261005,0042500304,4,2026-05-25,1610612752,NYK,1626157,Karl-Anthony Towns,1610612739,CLE,1628386,Jarrett Allen,213,16.7,33.971289999999996,33.28125,43.2,12,32,0,0,0,0,5,6,83.3,2,2,100.0,0,0,0,0,0,0,0,nba_boxscorematchupsv3
1,2025-26,Playoffs,Eastern Conference Finals,2026_cle_nyk_api_20261005,0042500304,4,2026-05-25,1610612752,NYK,1626157,Karl-Anthony Towns,1610612739,CLE,1631165,Keon Ellis,5,0.6,1.13379,0.78125,5.5,0,0,0,0,0,0,0,0,0.0,0,0,0.0,0,0,0,0,0,0,0,nba_boxscorematchupsv3
1,2025-26,Playoffs,Eastern Conference Finals,2026_cle_nyk_api_20261005,0042500304,4,2026-05-25,1610612752,NYK,1626157,Karl-Anthony Towns,1610612739,CLE,201935,James Harden,84,7.5,9.71098,13.125,14.899999999999999,2,10,0,0,1,0,1,1,100.0,0,0,0.0,0,0,0,0,0,0,0,nba_boxscorematchupsv3
1,2025-26,Playoffs,Eastern Conference Finals,2026_cle_nyk_api_20261005,0042500304,4,2026-05-25,1610612752,NYK,1626157,Karl-Anthony Towns,1610612739,CLE,1630241,Sam Merrill,17,1.3,3.61702,2.65625,10.0,0,2,0,0,0,0,0,0,0.0,0,0,0.0,0,0,0,0,0,0,0,nba_boxscorematchupsv3
1,2025-26,Playoffs,Eastern Conference Finals,2026_cle_nyk_api_20261005,0042500304,4,2026-05-25,1610612752,NYK,1626157,Karl-Anthony Towns,1610612739,CLE,1628378,Donovan Mitchell,58,4.3,7.66182,9.0625,8.9,0,5,1,0,0,0,0,0,0.0,0,0,0.0,0,0,0,0,0,0,0,nba_boxscorematchupsv3
1,2025-26,Playoffs,Eastern Conference Finals,2026_cle_nyk_api_20261005,0042500304,4,2026-05-25,1610612752,NYK,1626157,Karl-Anthony Towns,1610612739,CLE,1630596,Evan Mobley,161,13.5,19.39759,25.156250000000004,31.2,5,21,1,0,0,0,2,4,50.0,1,1,100.0,0,0,0,0,0,0,0,nba_boxscorematchupsv3
1,2025-26,Playoffs,Eastern Conference Finals,2026_cle_nyk_api_20261005,0042500304,4,2026-05-25,1610612752,NYK,1626157,Karl-Anthony Towns,1610612739,CLE,1629622,Max Strus,49,4.9,8.90909,7.656250000000001,11.799999999999999,0,7,0,0,1,0,0,0,0.0,0,0,0.0,0,0,0,0,0,0,0,nba_boxscorematchupsv3
1,2025-26,Playoffs,Eastern Conference Finals,2026_cle_nyk_api_20261005,0042500304,4,2026-05-25,1610612752,NYK,1626157,Karl-Anthony Towns,1610612739,CLE,1642281,Jaylon Tyson,44,2.4,10.628020000000001,6.875000000000001,25.4,0,0,0,0,0,0,0,0,0.0,0,0,0.0,0,0,0,0,0,0,0,nba_boxscorematchupsv3
1,2025-26,Playoffs,Eastern Conference Finals,2026_cle_nyk_api_20261005,0042500304,4,2026-05-25,1610612752,NYK,1626157,Karl-Anthony Towns,1610612739,CLE,1629731,Dean Wade,9,0.1,2.76923,1.40625,11.0,0,0,0,0,0,0,0,0,0.0,0,0,0.0,0,0,0,0,0,0,0,nba_boxscorematchupsv3
1,2025-26,Playoffs,Eastern Conference Finals,2026_cle_nyk_api_20261005,0042500304,4,2026-05-25,1610612752,NYK,1628969,Mikal Bridges,1610612739,CLE,1628386,Jarrett Allen,63,3.9,10.04785,8.01527,9.4,0,8,0,0,0,1,0,1,0.0,0,0,0.0,0,0,0,0,0,0,0,nba_boxscorematchupsv3
1,2025-26,Playoffs,Eastern Conference Finals,2026_cle_nyk_api_20261005,0042500304,4,2026-05-25,1610612752,NYK,1628969,Mikal Bridges,1610612739,CLE,1631165,Keon Ellis,8,0.8,1.81406,1.01781,6.2,0,0,0,0,0,0,0,0,0.0,0,0,0.0,0,0,0,0,0,0,0,nba_boxscorematchupsv3
1,2025-26,Playoffs,Eastern Conference Finals,2026_cle_nyk_api_20261005,0042500304,4,2026-05-25,1610612752,NYK,1628969,Mikal Bridges,1610612739,CLE,201935,James Harden,276,21.5,31.90751,35.1145,34.5,4,26,1,0,1,0,1,2,50.0,0,0,0.0,2,2,0,0,0,0,0,nba_boxscorematchupsv3
1,2025-26,Playoffs,Eastern Conference Finals,2026_cle_nyk_api_20261005,0042500304,4,2026-05-25,1610612752,NYK,1628969,Mikal Bridges,1610612739,CLE,1630241,Sam Merrill,87,5.7,18.510640000000002,11.0687,22.400000000000002,0,8,1,0,0,0,0,3,0.0,0,3,0.0,0,0,0,0,0,0,0,nba_boxscorematchupsv3
1,2025-26,Playoffs,Eastern Conference Finals,2026_cle_nyk_api_20261005,0042500304,4,2026-05-25,1610612752,NYK,1628969,Mikal Bridges,1610612739,CLE,1628378,Donovan Mitchell,113,11.1,14.927340000000001,14.37659,21.6,4,14,1,0,0,0,0,1,0.0,0,1,0.0,4,4,2,0,0,0,0,nba_boxscorematchupsv3
1,2025-26,Playoffs,Eastern Conference Finals,2026_cle_nyk_api_20261005,0042500304,4,2026-05-25,1610612752,NYK,1628969,Mikal Bridges,1610612739,CLE,1630596,Evan Mobley,84,6.3,10.12048,10.68702,14.6,0,6,2,0,0,0,0,2,0.0,0,0,0.0,0,0,0,0,0,0,0,nba_boxscorematchupsv3
1,2025-26,Playoffs,Eastern Conference Finals,2026_cle_nyk_api_20261005,0042500304,4,2026-05-25,1610612752,NYK,1628969,Mikal Bridges,1610612739,CLE,1629622,Max Strus,85,5.5,15.454550000000001,10.81425,17.1,7,7,0,0,0,0,3,5,60.0,1,2,50.0,0,0,0,0,0,0,0,nba_boxscorematchupsv3
1,2025-26,Playoffs,Eastern Conference Finals,2026_cle_nyk_api_20261005,0042500304,4,2026-05-25,1610612752,NYK,1628969,Mikal Bridges,1610612739,CLE,1642281,Jaylon Tyson,53,4.0,12.80193,6.743,25.7,0,4,0,0,1,0,0,1,0.0,0,1,0.0,0,0,0,0,0,0,0,nba_boxscorematchupsv3
1,2025-26,Playoffs,Eastern Conference Finals,2026_cle_nyk_api_20261005,0042500304,4,2026-05-25,1610612752,NYK,1628969,Mikal Bridges,1610612739,CLE,1629731,Dean Wade,17,1.4,5.23077,2.1628499999999997,8.200000000000001,0,5,0,0,0,0,0,1,0.0,0,1,0.0,0,0,0,0,0,0,0,nba_boxscorematchupsv3
1,2025-26,Playoffs,Eastern Conference Finals,2026_cle_nyk_api_20261005,0042500304,4,2026-05-25,1610612752,NYK,1628973,Jalen Brunson,1610612739,CLE,1628386,Jarrett Allen,17,2.3,2.71132,2.14918,5.7,0,2,0,0,0,0,0,0,0.0,0,0,0.0,0,0,0,0,0,0,0,nba_boxscorematchupsv3
1,2025-26,Playoffs,Eastern Conference Finals,2026_cle_nyk_api_20261005,0042500304,4,2026-05-25,1610612752,NYK,1628973,Jalen Brunson,1610612739,CLE,1631165,Keon Ellis,32,0.9,7.25624,4.04551,46.300000000000004,0,3,0,0,0,0,0,0,0.0,0,0,0.0,0,0,0,0,0,0,0,nba_boxscorematchupsv3
1,2025-26,Playoffs,Eastern Conference Finals,2026_cle_nyk_api_20261005,0042500304,4,2026-05-25,1610612752,NYK,1628973,Jalen Brunson,1610612739,CLE,201935,James Harden,130,9.5,15.0289,16.43489,16.1,1,14,1,0,0,0,0,2,0.0,0,1,0.0,1,2,1,0,0,0,0,nba_boxscorematchupsv3
1,2025-26,Playoffs,Eastern Conference Finals,2026_cle_nyk_api_20261005,0042500304,4,2026-05-25,1610612752,NYK,1628973,Jalen Brunson,1610612739,CLE,1630241,Sam Merrill,78,7.0,16.59574,9.86094,18.5,0,8,2,0,0,0,0,1,0.0,0,0,0.0,0,0,0,0,0,0,0,nba_boxscorematchupsv3
1,2025-26,Playoffs,Eastern Conference Finals,2026_cle_nyk_api_20261005,0042500304,4,2026-05-25,1610612752,NYK,1628973,Jalen Brunson,1610612739,CLE,1628378,Donovan Mitchell,128,8.8,16.90885,16.18205,19.1,0,11,1,0,0,0,0,1,0.0,0,0,0.0,0,0,0,0,0,0,0,nba_boxscorematchupsv3
1,2025-26,Playoffs,Eastern Conference Finals,2026_cle_nyk_api_20261005,0042500304,4,2026-05-25,1610612752,NYK,1628973,Jalen Brunson,1610612739,CLE,1630596,Evan Mobley,106,9.2,12.771080000000001,13.40076,16.6,2,5,0,0,0,0,1,3,33.300000000000004,0,1,0.0,0,0,0,0,0,0,0,nba_boxscorematchupsv3
1,2025-26,Playoffs,Eastern Conference Finals,2026_cle_nyk_api_20261005,0042500304,4,2026-05-25,1610612752,NYK,1628973,Jalen Brunson,1610612739,CLE,1629622,Max Strus,112,9.7,20.36364,14.159289999999999,27.6,2,4,0,0,0,0,1,2,50.0,0,1,0.0,0,0,0,0,0,0,0,nba_boxscorematchupsv3
1,2025-26,Playoffs,Eastern Conference Finals,2026_cle_nyk_api_20261005,0042500304,4,2026-05-25,1610612752,NYK,1628973,Jalen Brunson,1610612739,CLE,1642281,Jaylon Tyson,19,0.5,4.589370000000001,2.40202,6.800000000000001,3,5,0,0,0,0,1,1,100.0,1,1,100.0,0,0,0,0,0,0,0,nba_boxscorematchupsv3
1,2025-26,Playoffs,Eastern Conference Finals,2026_cle_nyk_api_20261005,0042500304,4,2026-05-25,1610612752,NYK,1628973,Jalen Brunson,1610612739,CLE,1629731,Dean Wade,169,11.6,52.0,21.36536,51.4,7,19,1,0,0,1,3,3,100.0,1,1,100.0,0,0,0,0,0,0,0,nba_boxscorematchupsv3
1,2025-26,Playoffs,Eastern Conference Finals,2026_cle_nyk_api_20261005,0042500304,4,2026-05-25,1610612752,NYK,1629011,Mitchell Robinson,1610612739,CLE,1628386,Jarrett Allen,137,10.2,21.85008,26.968500000000002,65.3,0,14,0,0,0,0,0,0,0.0,0,0,0.0,0,0,0,0,0,0,0,nba_boxscorematchupsv3
1,2025-26,Playoffs,Eastern Conference Finals,2026_cle_nyk_api_20261005,0042500304,4,2026-05-25,1610612752,NYK,1629011,Mitchell Robinson,1610612739,CLE,1628418,Thomas Bryant,16,0.9,7.20721,3.14961,90.60000000000001,0,2,0,0,0,0,0,0,0.0,0,0,0.0,0,0,0,0,0,0,0,nba_boxscorematchupsv3
1,2025-26,Playoffs,Eastern Conference Finals,2026_cle_nyk_api_20261005,0042500304,4,2026-05-25,1610612752,NYK,1629011,Mitchell Robinson,1610612739,CLE,1631165,Keon Ellis,16,1.7,3.62812,3.14961,11.899999999999999,0,0,0,0,0,0,0,0,0.0,0,0,0.0,0,0,0,0,0,0,0,nba_boxscorematchupsv3
1,2025-26,Playoffs,Eastern Conference Finals,2026_cle_nyk_api_20261005,0042500304,4,2026-05-25,1610612752,NYK,1629011,Mitchell Robinson,1610612739,CLE,201935,James Harden,70,3.7,8.09249,13.779530000000001,16.900000000000002,0,8,0,0,0,0,0,0,0.0,0,0,0.0,0,0,0,0,0,0,0,nba_boxscorematchupsv3
1,2025-26,Playoffs,Eastern Conference Finals,2026_cle_nyk_api_20261005,0042500304,4,2026-05-25,1610612752,NYK,1629011,Mitchell Robinson,1610612739,CLE,1630241,Sam Merrill,14,1.5,2.97872,2.75591,5.7,0,0,0,0,0,0,0,0,0.0,0,0,0.0,0,0,0,0,0,0,0,nba_boxscorematchupsv3
1,2025-26,Playoffs,Eastern Conference Finals,2026_cle_nyk_api_20261005,0042500304,4,2026-05-25,1610612752,NYK,1629011,Mitchell Robinson,1610612739,CLE,1628378,Donovan Mitchell,17,1.1,2.24571,3.3464599999999995,8.6,0,0,0,0,0,0,0,1,0.0,0,0,0.0,0,0,0,0,0,0,0,nba_boxscorematchupsv3
1,2025-26,Playoffs,Eastern Conference Finals,2026_cle_nyk_api_20261005,0042500304,4,2026-05-25,1610612752,NYK,1629011,Mitchell Robinson,1610612739,CLE,1630596,Evan Mobley,186,12.9,22.40964,36.61417,52.400000000000006,4,15,0,0,0,0,2,3,66.7,0,0,0.0,0,2,0,0,0,0,0,nba_boxscorematchupsv3
1,2025-26,Playoffs,Eastern Conference Finals,2026_cle_nyk_api_20261005,0042500304,4,2026-05-25,1610612752,NYK,1629011,Mitchell Robinson,1610612739,CLE,1629622,Max Strus,9,0.7,1.6363599999999998,1.77165,6.4,0,0,0,0,1,0,0,0,0.0,0,0,0.0,0,0,0,0,0,0,0,nba_boxscorematchupsv3
1,2025-26,Playoffs,Eastern Conference Finals,2026_cle_nyk_api_20261005,0042500304,4,2026-05-25,1610612752,NYK,1629011,Mitchell Robinson,1610612739,CLE,1642281,Jaylon Tyson,19,1.3,4.589370000000001,3.74016,8.5,2,5,0,0,0,0,1,1,100.0,0,0,0.0,0,0,0,0,0,0,0,nba_boxscorematchupsv3
1,2025-26,Playoffs,Eastern Conference Finals,2026_cle_nyk_api_20261005,0042500304,4,2026-05-25,1610612752,NYK,1629011,Mitchell Robinson,1610612739,CLE,1629731,Dean Wade,24,3.1,7.38462,4.72441,9.2,0,2,0,0,0,0,0,0,0.0,0,0,0.0,0,0,0,0,0,0,0,nba_boxscorematchupsv3
1,2025-26,Playoffs,Eastern Conference Finals,2026_cle_nyk_api_20261005,0042500304,4,2026-05-25,1610612752,NYK,1630540,Miles McBride,1610612739,CLE,1628386,Jarrett Allen,8,1.7,1.27592,1.97531,12.9,0,0,0,0,0,0,0,0,0.0,0,0,0.0,0,0,0,0,0,0,0,nba_boxscorematchupsv3
1,2025-26,Playoffs,Eastern Conference Finals,2026_cle_nyk_api_20261005,0042500304,4,2026-05-25,1610612752,NYK,1630540,Miles McBride,1610612739,CLE,1631165,Keon Ellis,45,1.1,10.20408,11.11111,38.1,3,5,0,0,0,0,1,1,100.0,1,1,100.0,0,0,0,0,0,0,0,nba_boxscorematchupsv3
1,2025-26,Playoffs,Eastern Conference Finals,2026_cle_nyk_api_20261005,0042500304,4,2026-05-25,1610612752,NYK,1630540,Miles McBride,1610612739,CLE,201935,James Harden,44,2.4,5.08671,10.8642,16.6,0,5,0,0,0,0,0,0,0.0,0,0,0.0,0,0,0,0,0,0,0,nba_boxscorematchupsv3
1,2025-26,Playoffs,Eastern Conference Finals,2026_cle_nyk_api_20261005,0042500304,4,2026-05-25,1610612752,NYK,1630540,Miles McBride,1610612739,CLE,1630241,Sam Merrill,51,2.9,10.85106,12.592590000000001,19.900000000000002,0,2,0,0,0,0,0,0,0.0,0,0,0.0,0,0,0,0,0,0,0,nba_boxscorematchupsv3
1,2025-26,Playoffs,Eastern Conference Finals,2026_cle_nyk_api_20261005,0042500304,4,2026-05-25,1610612752,NYK,1630540,Miles McBride,1610612739,CLE,1628378,Donovan Mitchell,69,6.0,9.114930000000001,17.03704,29.799999999999997,0,14,0,0,0,0,0,1,0.0,0,1,0.0,0,0,0,0,0,0,0,nba_boxscorematchupsv3
1,2025-26,Playoffs,Eastern Conference Finals,2026_cle_nyk_api_20261005,0042500304,4,2026-05-25,1610612752,NYK,1630540,Miles McBride,1610612739,CLE,1630596,Evan Mobley,31,4.6,3.73494,7.65432,8.9,3,7,0,0,0,0,1,2,50.0,1,2,50.0,0,0,0,0,0,0,0,nba_boxscorematchupsv3
1,2025-26,Playoffs,Eastern Conference Finals,2026_cle_nyk_api_20261005,0042500304,4,2026-05-25,1610612752,NYK,1630540,Miles McBride,1610612739,CLE,1642878,Tyrese Proctor,6,0.2,2.69058,1.48148,26.400000000000002,2,2,0,0,0,0,1,1,100.0,0,0,0.0,0,0,0,0,0,0,0,nba_boxscorematchupsv3
1,2025-26,Playoffs,Eastern Conference Finals,2026_cle_nyk_api_20261005,0042500304,4,2026-05-25,1610612752,NYK,1630540,Miles McBride,1610612739,CLE,1629622,Max Strus,13,1.4,2.3636399999999997,3.2098799999999996,16.400000000000002,0,4,0,0,0,0,0,0,0.0,0,0,0.0,0,0,0,0,0,0,0,nba_boxscorematchupsv3
1,2025-26,Playoffs,Eastern Conference Finals,2026_cle_nyk_api_20261005,0042500304,4,2026-05-25,1610612752,NYK,1630540,Miles McBride,1610612739,CLE,1642281,Jaylon Tyson,79,7.1,19.08213,19.50617,22.5,3,9,1,0,0,0,1,1,100.0,1,1,100.0,0,0,0,0,0,0,0,nba_boxscorematchupsv3
1,2025-26,Playoffs,Eastern Conference Finals,2026_cle_nyk_api_20261005,0042500304,4,2026-05-25,1610612752,NYK,1630540,Miles McBride,1610612739,CLE,1629731,Dean Wade,59,3.2,18.15385,14.5679,21.4,0,3,0,0,0,0,0,0,0.0,0,0,0.0,0,0,0,0,0,0,0,nba_boxscorematchupsv3
1,2025-26,Playoffs,Eastern Conference Finals,2026_cle_nyk_api_20261005,0042500304,4,2026-05-25,1610612752,NYK,1629013,Landry Shamet,1610612739,CLE,1628386,Jarrett Allen,23,1.2,3.66826,4.81172,12.5,0,0,0,0,0,0,0,0,0.0,0,0,0.0,0,0,0,0,0,0,0,nba_boxscorematchupsv3
1,2025-26,Playoffs,Eastern Conference Finals,2026_cle_nyk_api_20261005,0042500304,4,2026-05-25,1610612752,NYK,1629013,Landry Shamet,1610612739,CLE,1631165,Keon Ellis,31,1.7,7.02948,6.48536,16.5,0,3,0,0,0,0,0,0,0.0,0,0,0.0,0,0,0,0,0,0,0,nba_boxscorematchupsv3
1,2025-26,Playoffs,Eastern Conference Finals,2026_cle_nyk_api_20261005,0042500304,4,2026-05-25,1610612752,NYK,1629013,Landry Shamet,1610612739,CLE,201935,James Harden,35,3.8,4.04624,7.32218,12.6,0,2,0,0,0,0,0,0,0.0,0,0,0.0,0,0,0,0,0,0,0,nba_boxscorematchupsv3
1,2025-26,Playoffs,Eastern Conference Finals,2026_cle_nyk_api_20261005,0042500304,4,2026-05-25,1610612752,NYK,1629013,Landry Shamet,1610612739,CLE,1630241,Sam Merrill,118,7.0,25.10638,24.68619,41.5,6,19,0,0,0,0,2,2,100.0,2,2,100.0,0,0,0,0,0,0,0,nba_boxscorematchupsv3
1,2025-26,Playoffs,Eastern Conference Finals,2026_cle_nyk_api_20261005,0042500304,4,2026-05-25,1610612752,NYK,1629013,Landry Shamet,1610612739,CLE,1628378,Donovan Mitchell,73,6.8,9.64333,15.271970000000001,32.4,0,9,1,0,0,0,0,0,0.0,0,0,0.0,0,0,0,0,0,0,0,nba_boxscorematchupsv3
1,2025-26,Playoffs,Eastern Conference Finals,2026_cle_nyk_api_20261005,0042500304,4,2026-05-25,1610612752,NYK,1629013,Landry Shamet,1610612739,CLE,1630596,Evan Mobley,19,2.0,2.2891600000000003,3.9749,5.0,5,5,0,0,0,0,2,2,100.0,1,1,100.0,0,0,0,0,0,0,0,nba_boxscorematchupsv3
1,2025-26,Playoffs,Eastern Conference Finals,2026_cle_nyk_api_20261005,0042500304,4,2026-05-25,1610612752,NYK,1629013,Landry Shamet,1610612739,CLE,1642878,Tyrese Proctor,11,0.8,4.93274,2.30126,73.6,0,0,0,0,0,0,0,0,0.0,0,0,0.0,0,0,0,0,0,0,0,nba_boxscorematchupsv3
1,2025-26,Playoffs,Eastern Conference Finals,2026_cle_nyk_api_20261005,0042500304,4,2026-05-25,1610612752,NYK,1629013,Landry Shamet,1610612739,CLE,1629622,Max Strus,42,3.5,7.636360000000001,8.78661,19.900000000000002,2,4,0,0,0,0,0,0,0.0,0,0,0.0,2,2,0,0,0,0,0,nba_boxscorematchupsv3
1,2025-26,Playoffs,Eastern Conference Finals,2026_cle_nyk_api_20261005,0042500304,4,2026-05-25,1610612752,NYK,1629013,Landry Shamet,1610612739,CLE,1642281,Jaylon Tyson,98,5.6,23.6715,20.50209,25.7,0,7,0,0,0,0,0,1,0.0,0,0,0.0,0,0,0,0,0,0,0,nba_boxscorematchupsv3
1,2025-26,Playoffs,Eastern Conference Finals,2026_cle_nyk_api_20261005,0042500304,4,2026-05-25,1610612752,NYK,1629013,Landry Shamet,1610612739,CLE,1629731,Dean Wade,28,1.1,8.61538,5.85774,11.200000000000001,3,5,1,0,0,0,1,1,100.0,1,1,100.0,0,0,0,0,0,0,0,nba_boxscorematchupsv3
1,2025-26,Playoffs,Eastern Conference Finals,2026_cle_nyk_api_20261005,0042500304,4,2026-05-25,1610612752,NYK,1630631,Jose Alvarado,1610612739,CLE,1628386,Jarrett Allen,5,0.5,0.7974500000000001,2.0491800000000002,2.4,0,0,0,0,0,0,0,0,0.0,0,0,0.0,0,0,0,0,0,0,0,nba_boxscorematchupsv3
1,2025-26,Playoffs,Eastern Conference Finals,2026_cle_nyk_api_20261005,0042500304,4,2026-05-25,1610612752,NYK,1630631,Jose Alvarado,1610612739,CLE,1631165,Keon Ellis,51,8.2,11.56463,20.90164,32.1,0,12,0,0,1,0,0,1,0.0,0,1,0.0,0,0,0,0,0,0,0,nba_boxscorematchupsv3
1,2025-26,Playoffs,Eastern Conference Finals,2026_cle_nyk_api_20261005,0042500304,4,2026-05-25,1610612752,NYK,1630631,Jose Alvarado,1610612739,CLE,201935,James Harden,5,0.8,0.57803,2.0491800000000002,4.7,2,2,0,0,0,0,1,1,100.0,0,0,0.0,0,0,0,0,0,0,0,nba_boxscorematchupsv3
1,2025-26,Playoffs,Eastern Conference Finals,2026_cle_nyk_api_20261005,0042500304,4,2026-05-25,1610612752,NYK,1630631,Jose Alvarado,1610612739,CLE,1628378,Donovan Mitchell,52,3.5,6.869219999999999,21.31148,21.3,0,2,0,0,0,0,0,0,0.0,0,0,0.0,0,0,0,0,0,0,0,nba_boxscorematchupsv3
1,2025-26,Playoffs,Eastern Conference Finals,2026_cle_nyk_api_20261005,0042500304,4,2026-05-25,1610612752,NYK,1630631,Jose Alvarado,1610612739,CLE,1630596,Evan Mobley,52,3.2,6.26506,21.31148,21.2,0,7,1,0,1,0,0,0,0.0,0,0,0.0,0,0,0,0,0,0,0,nba_boxscorematchupsv3
1,2025-26,Playoffs,Eastern Conference Finals,2026_cle_nyk_api_20261005,0042500304,4,2026-05-25,1610612752,NYK,1630631,Jose Alvarado,1610612739,CLE,1641854,Craig Porter Jr.,17,1.1,7.65766,6.96721,34.599999999999994,0,2,0,0,0,0,0,0,0.0,0,0,0.0,0,0,0,0,0,0,0,nba_boxscorematchupsv3
1,2025-26,Playoffs,Eastern Conference Finals,2026_cle_nyk_api_20261005,0042500304,4,2026-05-25,1610612752,NYK,1630631,Jose Alvarado,1610612739,CLE,1642878,Tyrese Proctor,19,0.9,8.52018,7.7868900000000005,38.6,0,0,0,0,0,0,0,0,0.0,0,0,0.0,0,0,0,0,0,0,0,nba_boxscorematchupsv3
1,2025-26,Playoffs,Eastern Conference Finals,2026_cle_nyk_api_20261005,0042500304,4,2026-05-25,1610612752,NYK,1630631,Jose Alvarado,1610612739,CLE,1629622,Max Strus,4,0.6,0.72727,1.6393399999999998,9.8,0,0,0,0,0,0,0,0,0.0,0,0,0.0,0,0,0,0,0,0,0,nba_boxscorematchupsv3
1,2025-26,Playoffs,Eastern Conference Finals,2026_cle_nyk_api_20261005,0042500304,4,2026-05-25,1610612752,NYK,1630631,Jose Alvarado,1610612739,CLE,1642281,Jaylon Tyson,39,3.0,9.420290000000001,15.98361,26.700000000000003,2,4,0,0,0,0,1,1,100.0,0,0,0.0,0,0,0,0,0,0,0,nba_boxscorematchupsv3
1,2025-26,Playoffs,Eastern Conference Finals,2026_cle_nyk_api_20261005,0042500304,4,2026-05-25,1610612752,NYK,203903,Jordan Clarkson,1610612739,CLE,1628418,Thomas Bryant,17,1.6,7.65766,7.58929,7.5,0,0,0,0,0,0,0,1,0.0,0,0,0.0,0,0,0,0,0,0,0,nba_boxscorematchupsv3
1,2025-26,Playoffs,Eastern Conference Finals,2026_cle_nyk_api_20261005,0042500304,4,2026-05-25,1610612752,NYK,203903,Jordan Clarkson,1610612739,CLE,1631165,Keon Ellis,29,1.9,6.57596,12.946430000000001,15.2,0,5,0,0,0,0,0,0,0.0,0,0,0.0,0,0,0,0,0,0,0,nba_boxscorematchupsv3
1,2025-26,Playoffs,Eastern Conference Finals,2026_cle_nyk_api_20261005,0042500304,4,2026-05-25,1610612752,NYK,203903,Jordan Clarkson,1610612739,CLE,1641854,Craig Porter Jr.,34,0.9,15.31532,15.178569999999999,9.3,0,4,0,0,0,0,0,0,0.0,0,0,0.0,0,0,0,0,0,0,0,nba_boxscorematchupsv3
1,2025-26,Playoffs,Eastern Conference Finals,2026_cle_nyk_api_20261005,0042500304,4,2026-05-25,1610612752,NYK,203903,Jordan Clarkson,1610612739,CLE,1642878,Tyrese Proctor,123,10.3,55.15695,54.910709999999995,55.1,3,12,0,0,1,0,1,3,33.300000000000004,1,3,33.300000000000004,0,0,0,0,0,0,0,nba_boxscorematchupsv3
1,2025-26,Playoffs,Eastern Conference Finals,2026_cle_nyk_api_20261005,0042500304,4,2026-05-25,1610612752,NYK,203903,Jordan Clarkson,1610612739,CLE,1641772,Nae'Qwan Tomlin,13,1.7,7.26257,5.803570000000001,11.4,0,0,0,0,0,0,0,1,0.0,0,1,0.0,0,0,0,0,0,0,0,nba_boxscorematchupsv3
1,2025-26,Playoffs,Eastern Conference Finals,2026_cle_nyk_api_20261005,0042500304,4,2026-05-25,1610612752,NYK,203903,Jordan Clarkson,1610612739,CLE,1642281,Jaylon Tyson,8,0.7,1.93237,3.57143,27.1,0,0,0,0,0,0,0,1,0.0,0,0,0.0,0,0,0,0,0,0,0,nba_boxscorematchupsv3
1,2025-26,Playoffs,Eastern Conference Finals,2026_cle_nyk_api_20261005,0042500304,4,2026-05-25,1610612752,NYK,1642278,Tyler Kolek,1610612739,CLE,1628418,Thomas Bryant,18,1.6,8.10811,8.65385,9.2,2,4,0,0,0,0,1,2,50.0,0,1,0.0,0,0,0,0,0,0,0,nba_boxscorematchupsv3
1,2025-26,Playoffs,Eastern Conference Finals,2026_cle_nyk_api_20261005,0042500304,4,2026-05-25,1610612752,NYK,1642278,Tyler Kolek,1610612739,CLE,1631165,Keon Ellis,46,3.3,10.43084,22.115380000000002,16.0,0,3,1,0,0,0,0,1,0.0,0,0,0.0,0,0,0,0,0,0,0,nba_boxscorematchupsv3
1,2025-26,Playoffs,Eastern Conference Finals,2026_cle_nyk_api_20261005,0042500304,4,2026-05-25,1610612752,NYK,1642278,Tyler Kolek,1610612739,CLE,1641854,Craig Porter Jr.,104,9.1,46.84685,50.0,56.3,0,6,0,0,0,0,0,1,0.0,0,0,0.0,0,0,0,0,0,0,0,nba_boxscorematchupsv3
1,2025-26,Playoffs,Eastern Conference Finals,2026_cle_nyk_api_20261005,0042500304,4,2026-05-25,1610612752,NYK,1642278,Tyler Kolek,1610612739,CLE,1642878,Tyrese Proctor,13,1.1,5.8296,6.25,7.5,3,3,0,0,0,0,1,1,100.0,1,1,100.0,0,0,0,0,0,0,0,nba_boxscorematchupsv3
1,2025-26,Playoffs,Eastern Conference Finals,2026_cle_nyk_api_20261005,0042500304,4,2026-05-25,1610612752,NYK,1642278,Tyler Kolek,1610612739,CLE,1641772,Nae'Qwan Tomlin,11,0.3,6.14525,5.28846,5.6000000000000005,3,3,0,0,0,0,1,1,100.0,1,1,100.0,0,0,0,0,0,0,0,nba_boxscorematchupsv3
1,2025-26,Playoffs,Eastern Conference Finals,2026_cle_nyk_api_20261005,0042500304,4,2026-05-25,1610612752,NYK,1642278,Tyler Kolek,1610612739,CLE,1642281,Jaylon Tyson,16,0.6,3.86473,7.692309999999999,49.5,0,0,0,0,0,0,0,1,0.0,0,0,0.0,0,0,0,0,0,0,0,nba_boxscorematchupsv3
1,2025-26,Playoffs,Eastern Conference Finals,2026_cle_nyk_api_20261005,0042500304,4,2026-05-25,1610612752,NYK,1630574,Ariel Hukporti,1610612739,CLE,1628418,Thomas Bryant,134,10.6,60.36036,64.11483,65.4,0,10,1,0,0,0,0,0,0.0,0,0,0.0,0,0,0,0,0,0,0,nba_boxscorematchupsv3
1,2025-26,Playoffs,Eastern Conference Finals,2026_cle_nyk_api_20261005,0042500304,4,2026-05-25,1610612752,NYK,1630574,Ariel Hukporti,1610612739,CLE,1631165,Keon Ellis,11,1.6,2.49433,5.26316,6.3,0,2,0,0,0,0,0,0,0.0,0,0,0.0,0,0,0,0,0,0,0,nba_boxscorematchupsv3
1,2025-26,Playoffs,Eastern Conference Finals,2026_cle_nyk_api_20261005,0042500304,4,2026-05-25,1610612752,NYK,1630574,Ariel Hukporti,1610612739,CLE,1641854,Craig Porter Jr.,17,0.7,7.65766,8.13397,6.7,0,8,0,0,0,0,0,0,0.0,0,0,0.0,0,0,0,0,0,0,0,nba_boxscorematchupsv3
1,2025-26,Playoffs,Eastern Conference Finals,2026_cle_nyk_api_20261005,0042500304,4,2026-05-25,1610612752,NYK,1630574,Ariel Hukporti,1610612739,CLE,1642878,Tyrese Proctor,34,2.2,15.24664,16.26794,14.7,2,2,0,0,0,0,1,1,100.0,0,0,0.0,0,0,0,0,0,0,0,nba_boxscorematchupsv3
1,2025-26,Playoffs,Eastern Conference Finals,2026_cle_nyk_api_20261005,0042500304,4,2026-05-25,1610612752,NYK,1630574,Ariel Hukporti,1610612739,CLE,1641772,Nae'Qwan Tomlin,11,1.4,6.14525,5.26316,10.4,0,0,0,0,0,0,0,0,0.0,0,0,0.0,0,0,0,0,0,0,0,nba_boxscorematchupsv3
1,2025-26,Playoffs,Eastern Conference Finals,2026_cle_nyk_api_20261005,0042500304,4,2026-05-25,1610612752,NYK,1630574,Ariel Hukporti,1610612739,CLE,1642281,Jaylon Tyson,2,0.3,0.48309,0.95694,5.0,0,0,0,0,0,0,0,0,0.0,0,0,0.0,0,0,0,0,0,0,0,nba_boxscorematchupsv3
1,2025-26,Playoffs,Eastern Conference Finals,2026_cle_nyk_api_20261005,0042500304,4,2026-05-25,1610612752,NYK,1642885,Mohamed Diawara,1610612739,CLE,1628418,Thomas Bryant,8,0.2,3.6035999999999997,3.90244,1.5,0,0,0,0,0,0,0,0,0.0,0,0,0.0,0,0,0,0,0,0,0,nba_boxscorematchupsv3
1,2025-26,Playoffs,Eastern Conference Finals,2026_cle_nyk_api_20261005,0042500304,4,2026-05-25,1610612752,NYK,1642885,Mohamed Diawara,1610612739,CLE,1631165,Keon Ellis,80,6.1,18.14059,39.02439,39.800000000000004,0,6,1,0,0,0,0,0,0.0,0,0,0.0,0,0,0,0,0,0,0,nba_boxscorematchupsv3
1,2025-26,Playoffs,Eastern Conference Finals,2026_cle_nyk_api_20261005,0042500304,4,2026-05-25,1610612752,NYK,1642885,Mohamed Diawara,1610612739,CLE,1641854,Craig Porter Jr.,38,3.4,17.11712,18.53659,19.2,0,1,0,0,0,0,0,0,0.0,0,0,0.0,0,0,0,0,0,0,0,nba_boxscorematchupsv3
1,2025-26,Playoffs,Eastern Conference Finals,2026_cle_nyk_api_20261005,0042500304,4,2026-05-25,1610612752,NYK,1642885,Mohamed Diawara,1610612739,CLE,1642878,Tyrese Proctor,6,0.4,2.69058,2.9268300000000003,2.5,0,0,0,0,0,0,0,0,0.0,0,0,0.0,0,0,0,0,0,0,0,nba_boxscorematchupsv3
1,2025-26,Playoffs,Eastern Conference Finals,2026_cle_nyk_api_20261005,0042500304,4,2026-05-25,1610612752,NYK,1642885,Mohamed Diawara,1610612739,CLE,1641772,Nae'Qwan Tomlin,72,5.2,40.22346,35.12195,40.5,0,12,1,0,1,0,0,0,0.0,0,0,0.0,0,0,0,0,0,0,0,nba_boxscorematchupsv3
1,2025-26,Playoffs,Eastern Conference Finals,2026_cle_nyk_api_20261005,0042500304,4,2026-05-25,1610612752,NYK,1642885,Mohamed Diawara,1610612739,CLE,1642281,Jaylon Tyson,1,0.1,0.24155000000000001,0.4878,2.1999999999999997,0,0,0,0,0,0,0,0,0.0,0,0,0.0,0,0,0,0,0,0,0,nba_boxscorematchupsv3
1,2025-26,Playoffs,Eastern Conference Finals,2026_cle_nyk_api_20261005,0042500304,4,2026-05-25,1610612752,NYK,1642359,Pacôme Dadiet,1610612739,CLE,1628418,Thomas Bryant,29,1.9,13.063060000000002,16.29213,18.099999999999998,2,5,0,0,0,0,1,2,50.0,0,0,0.0,0,0,0,0,0,0,0,nba_boxscorematchupsv3
1,2025-26,Playoffs,Eastern Conference Finals,2026_cle_nyk_api_20261005,0042500304,4,2026-05-25,1610612752,NYK,1642359,Pacôme Dadiet,1610612739,CLE,1631165,Keon Ellis,54,4.0,12.2449,30.33708,31.7,0,5,0,0,0,0,0,0,0.0,0,0,0.0,0,0,0,0,0,0,0,nba_boxscorematchupsv3
1,2025-26,Playoffs,Eastern Conference Finals,2026_cle_nyk_api_20261005,0042500304,4,2026-05-25,1610612752,NYK,1642359,Pacôme Dadiet,1610612739,CLE,1641854,Craig Porter Jr.,12,1.5,5.40541,6.741569999999999,7.9,0,0,0,0,0,0,0,0,0.0,0,0,0.0,0,0,0,0,0,0,0,nba_boxscorematchupsv3
1,2025-26,Playoffs,Eastern Conference Finals,2026_cle_nyk_api_20261005,0042500304,4,2026-05-25,1610612752,NYK,1642359,Pacôme Dadiet,1610612739,CLE,1642878,Tyrese Proctor,11,1.2,4.93274,6.17978,8.5,0,2,0,0,0,0,0,0,0.0,0,0,0.0,0,0,0,0,0,0,0,nba_boxscorematchupsv3
1,2025-26,Playoffs,Eastern Conference Finals,2026_cle_nyk_api_20261005,0042500304,4,2026-05-25,1610612752,NYK,1642359,Pacôme Dadiet,1610612739,CLE,1641772,Nae'Qwan Tomlin,72,5.4,40.22346,40.449439999999996,32.1,4,4,0,0,0,0,1,2,50.0,1,2,50.0,1,2,1,0,0,0,0,nba_boxscorematchupsv3
