schema_version,season,season_type,playoff_round,series_id,game_id,game_number,game_date,off_team_id,off_team,off_player_id,off_player,def_team_id,def_team,def_player_id,def_player,matchup_seconds,partial_possessions,def_time_percent,off_time_percent,both_on_percent,player_points,team_points,ast,potential_ast,tov,blk,fgm,fga,fg_pct,three_pm,three_pa,three_pct,ftm,fta,shooting_fouls,switches_on,help_blk,help_fgm,help_fga,data_source
1,2025-26,Playoffs,Western Conference Semifinals,2026_lal_okc_api_20261005,0042500221,1,2026-05-05,1610612760,OKC,1629652,Luguentz Dort,1610612747,LAL,1629028,Deandre Ayton,113,8.3,17.99363,19.51641,24.9,3,14,2,0,0,0,1,3,33.300000000000004,1,3,33.300000000000004,0,0,0,0,0,0,0,nba_boxscorematchupsv3
1,2025-26,Playoffs,Western Conference Semifinals,2026_lal_okc_api_20261005,0042500221,1,2026-05-05,1610612760,OKC,1629652,Luguentz Dort,1610612747,LAL,1629060,Rui Hachimura,48,4.3,5.91133,8.29016,8.799999999999999,0,6,0,0,0,0,0,0,0.0,0,0,0.0,0,0,0,0,0,0,0,nba_boxscorematchupsv3
1,2025-26,Playoffs,Western Conference Semifinals,2026_lal_okc_api_20261005,0042500221,1,2026-05-05,1610612760,OKC,1629652,Luguentz Dort,1610612747,LAL,1629637,Jaxson Hayes,80,8.4,27.027030000000003,13.81693,52.0,0,6,0,0,0,0,0,1,0.0,0,1,0.0,0,0,0,0,0,0,0,nba_boxscorematchupsv3
1,2025-26,Playoffs,Western Conference Semifinals,2026_lal_okc_api_20261005,0042500221,1,2026-05-05,1610612760,OKC,1629652,Luguentz Dort,1610612747,LAL,2544,LeBron James,155,16.2,19.57071,26.770290000000003,37.3,0,8,1,0,0,0,0,0,0.0,0,0,0.0,0,0,0,0,0,0,0,nba_boxscorematchupsv3
1,2025-26,Playoffs,Western Conference Semifinals,2026_lal_okc_api_20261005,0042500221,1,2026-05-05,1610612760,OKC,1629652,Luguentz Dort,1610612747,LAL,1628379,Luke Kennard,80,5.8,12.5,13.81693,20.8,3,3,1,0,0,0,1,1,100.0,1,1,100.0,0,0,0,0,0,0,0,nba_boxscorematchupsv3
1,2025-26,Playoffs,Western Conference Semifinals,2026_lal_okc_api_20261005,0042500221,1,2026-05-05,1610612760,OKC,1629652,Luguentz Dort,1610612747,LAL,1631222,Jake LaRavia,3,0.2,1.1582999999999999,0.51813,2.1,0,0,0,0,0,0,0,0,0.0,0,0,0.0,0,0,0,0,0,0,0,nba_boxscorematchupsv3
1,2025-26,Playoffs,Western Conference Semifinals,2026_lal_okc_api_20261005,0042500221,1,2026-05-05,1610612760,OKC,1629652,Luguentz Dort,1610612747,LAL,1630559,Austin Reaves,75,6.4,9.44584,12.95337,12.8,0,7,0,0,0,0,0,0,0.0,0,0,0.0,0,0,0,0,0,0,0,nba_boxscorematchupsv3
1,2025-26,Playoffs,Western Conference Semifinals,2026_lal_okc_api_20261005,0042500221,1,2026-05-05,1610612760,OKC,1629652,Luguentz Dort,1610612747,LAL,203935,Marcus Smart,24,1.5,3.70943,4.14508,4.3,0,2,0,0,1,0,0,0,0.0,0,0,0.0,0,0,0,0,0,0,0,nba_boxscorematchupsv3
1,2025-26,Playoffs,Western Conference Semifinals,2026_lal_okc_api_20261005,0042500221,1,2026-05-05,1610612760,OKC,1629652,Luguentz Dort,1610612747,LAL,1629020,Jarred Vanderbilt,1,0.0,0.7194200000000001,0.17271,4.7,0,0,0,0,0,0,0,0,0.0,0,0,0.0,0,0,0,0,0,0,0,nba_boxscorematchupsv3
1,2025-26,Playoffs,Western Conference Semifinals,2026_lal_okc_api_20261005,0042500221,1,2026-05-05,1610612760,OKC,1631096,Chet Holmgren,1610612747,LAL,1629028,Deandre Ayton,114,6.5,18.15287,16.521739999999998,18.3,9,14,0,0,0,0,3,6,50.0,1,1,100.0,2,2,1,0,0,0,0,nba_boxscorematchupsv3
1,2025-26,Playoffs,Western Conference Semifinals,2026_lal_okc_api_20261005,0042500221,1,2026-05-05,1610612760,OKC,1631096,Chet Holmgren,1610612747,LAL,1629060,Rui Hachimura,140,16.4,17.24138,20.28986,28.599999999999998,7,16,0,0,0,0,3,3,100.0,1,1,100.0,0,0,0,0,0,0,0,nba_boxscorematchupsv3
1,2025-26,Playoffs,Western Conference Semifinals,2026_lal_okc_api_20261005,0042500221,1,2026-05-05,1610612760,OKC,1631096,Chet Holmgren,1610612747,LAL,1629637,Jaxson Hayes,27,2.7,9.12162,3.91304,17.0,0,0,0,0,0,0,0,0,0.0,0,0,0.0,0,0,0,0,0,0,0,nba_boxscorematchupsv3
1,2025-26,Playoffs,Western Conference Semifinals,2026_lal_okc_api_20261005,0042500221,1,2026-05-05,1610612760,OKC,1631096,Chet Holmgren,1610612747,LAL,2544,LeBron James,197,17.0,24.873739999999998,28.550720000000002,31.1,0,21,1,0,0,0,0,0,0.0,0,0,0.0,0,0,0,0,0,0,0,nba_boxscorematchupsv3
1,2025-26,Playoffs,Western Conference Semifinals,2026_lal_okc_api_20261005,0042500221,1,2026-05-05,1610612760,OKC,1631096,Chet Holmgren,1610612747,LAL,1628379,Luke Kennard,30,4.0,4.6875,4.34783,11.0,2,4,0,0,0,0,1,3,33.300000000000004,0,0,0.0,0,0,0,0,0,0,0,nba_boxscorematchupsv3
1,2025-26,Playoffs,Western Conference Semifinals,2026_lal_okc_api_20261005,0042500221,1,2026-05-05,1610612760,OKC,1631096,Chet Holmgren,1610612747,LAL,1631222,Jake LaRavia,4,0.1,1.5444,0.5797100000000001,11.4,0,3,0,0,0,0,0,0,0.0,0,0,0.0,0,0,0,0,0,0,0,nba_boxscorematchupsv3
1,2025-26,Playoffs,Western Conference Semifinals,2026_lal_okc_api_20261005,0042500221,1,2026-05-05,1610612760,OKC,1631096,Chet Holmgren,1610612747,LAL,1630559,Austin Reaves,139,10.6,17.5063,20.14493,19.3,2,13,0,0,0,0,0,3,0.0,0,0,0.0,2,2,1,0,0,0,0,nba_boxscorematchupsv3
1,2025-26,Playoffs,Western Conference Semifinals,2026_lal_okc_api_20261005,0042500221,1,2026-05-05,1610612760,OKC,1631096,Chet Holmgren,1610612747,LAL,203935,Marcus Smart,25,2.4,3.86399,3.6231899999999997,7.000000000000001,2,4,0,0,0,0,1,1,100.0,0,0,0.0,0,0,0,0,0,0,0,nba_boxscorematchupsv3
1,2025-26,Playoffs,Western Conference Semifinals,2026_lal_okc_api_20261005,0042500221,1,2026-05-05,1610612760,OKC,1631096,Chet Holmgren,1610612747,LAL,1629020,Jarred Vanderbilt,14,0.5,10.07194,2.02899,34.300000000000004,2,4,0,0,0,0,1,1,100.0,0,0,0.0,0,0,0,0,0,0,0,nba_boxscorematchupsv3
1,2025-26,Playoffs,Western Conference Semifinals,2026_lal_okc_api_20261005,0042500221,1,2026-05-05,1610612760,OKC,1628392,Isaiah Hartenstein,1610612747,LAL,1629028,Deandre Ayton,163,16.8,25.95541,29.05526,44.1,2,7,2,0,0,0,0,0,0.0,0,0,0.0,2,2,1,0,0,0,0,nba_boxscorematchupsv3
1,2025-26,Playoffs,Western Conference Semifinals,2026_lal_okc_api_20261005,0042500221,1,2026-05-05,1610612760,OKC,1628392,Isaiah Hartenstein,1610612747,LAL,1629060,Rui Hachimura,187,12.1,23.02956,33.33333,36.7,6,20,0,0,0,0,3,3,100.0,0,0,0.0,0,0,0,0,0,0,0,nba_boxscorematchupsv3
1,2025-26,Playoffs,Western Conference Semifinals,2026_lal_okc_api_20261005,0042500221,1,2026-05-05,1610612760,OKC,1628392,Isaiah Hartenstein,1610612747,LAL,1629637,Jaxson Hayes,15,0.7,5.06757,2.6738,22.5,0,0,0,0,0,0,0,0,0.0,0,0,0.0,0,0,0,0,0,0,0,nba_boxscorematchupsv3
1,2025-26,Playoffs,Western Conference Semifinals,2026_lal_okc_api_20261005,0042500221,1,2026-05-05,1610612760,OKC,1628392,Isaiah Hartenstein,1610612747,LAL,2544,LeBron James,40,3.5,5.05051,7.13012,9.1,0,6,0,0,0,0,0,0,0.0,0,0,0.0,0,0,0,0,0,0,0,nba_boxscorematchupsv3
1,2025-26,Playoffs,Western Conference Semifinals,2026_lal_okc_api_20261005,0042500221,1,2026-05-05,1610612760,OKC,1628392,Isaiah Hartenstein,1610612747,LAL,1628379,Luke Kennard,12,1.2,1.875,2.13904,6.1,0,0,0,0,0,0,0,0,0.0,0,0,0.0,0,0,0,0,0,0,0,nba_boxscorematchupsv3
1,2025-26,Playoffs,Western Conference Semifinals,2026_lal_okc_api_20261005,0042500221,1,2026-05-05,1610612760,OKC,1628392,Isaiah Hartenstein,1610612747,LAL,1631222,Jake LaRavia,13,1.1,5.01931,2.31729,14.2,0,4,0,0,0,0,0,0,0.0,0,0,0.0,0,0,0,0,0,0,0,nba_boxscorematchupsv3
1,2025-26,Playoffs,Western Conference Semifinals,2026_lal_okc_api_20261005,0042500221,1,2026-05-05,1610612760,OKC,1628392,Isaiah Hartenstein,1610612747,LAL,1630559,Austin Reaves,35,3.2,4.40806,6.23886,8.4,0,2,1,0,0,0,0,0,0.0,0,0,0.0,0,0,0,0,0,0,0,nba_boxscorematchupsv3
1,2025-26,Playoffs,Western Conference Semifinals,2026_lal_okc_api_20261005,0042500221,1,2026-05-05,1610612760,OKC,1628392,Isaiah Hartenstein,1610612747,LAL,203935,Marcus Smart,66,4.1,10.20093,11.764710000000001,12.0,0,6,1,0,0,0,0,0,0.0,0,0,0.0,0,0,0,0,0,0,0,nba_boxscorematchupsv3
1,2025-26,Playoffs,Western Conference Semifinals,2026_lal_okc_api_20261005,0042500221,1,2026-05-05,1610612760,OKC,1628392,Isaiah Hartenstein,1610612747,LAL,1629020,Jarred Vanderbilt,30,1.5,21.58273,5.34759,16.3,0,8,0,0,0,0,0,0,0.0,0,0,0.0,0,0,0,0,0,0,0,nba_boxscorematchupsv3
1,2025-26,Playoffs,Western Conference Semifinals,2026_lal_okc_api_20261005,0042500221,1,2026-05-05,1610612760,OKC,1642349,Ajay Mitchell,1610612747,LAL,1629028,Deandre Ayton,44,4.7,7.00637,7.26073,12.4,4,6,1,0,0,0,2,7,28.599999999999998,0,2,0.0,0,0,0,0,0,0,0,nba_boxscorematchupsv3
1,2025-26,Playoffs,Western Conference Semifinals,2026_lal_okc_api_20261005,0042500221,1,2026-05-05,1610612760,OKC,1642349,Ajay Mitchell,1610612747,LAL,1629060,Rui Hachimura,70,5.2,8.62069,11.551160000000001,15.0,0,2,0,0,1,0,0,0,0.0,0,0,0.0,0,0,0,0,0,0,0,nba_boxscorematchupsv3
1,2025-26,Playoffs,Western Conference Semifinals,2026_lal_okc_api_20261005,0042500221,1,2026-05-05,1610612760,OKC,1642349,Ajay Mitchell,1610612747,LAL,1629637,Jaxson Hayes,13,1.0,4.39189,2.14521,13.0,0,2,0,0,0,0,0,0,0.0,0,0,0.0,0,0,0,0,0,0,0,nba_boxscorematchupsv3
1,2025-26,Playoffs,Western Conference Semifinals,2026_lal_okc_api_20261005,0042500221,1,2026-05-05,1610612760,OKC,1642349,Ajay Mitchell,1610612747,LAL,2544,LeBron James,85,5.2,10.73232,14.0264,12.6,0,12,0,0,0,0,0,0,0.0,0,0,0.0,0,0,0,0,0,0,0,nba_boxscorematchupsv3
1,2025-26,Playoffs,Western Conference Semifinals,2026_lal_okc_api_20261005,0042500221,1,2026-05-05,1610612760,OKC,1642349,Ajay Mitchell,1610612747,LAL,1628379,Luke Kennard,68,4.2,10.625,11.221119999999999,19.3,6,9,1,0,0,0,3,4,75.0,0,0,0.0,0,0,0,0,0,0,0,nba_boxscorematchupsv3
1,2025-26,Playoffs,Western Conference Semifinals,2026_lal_okc_api_20261005,0042500221,1,2026-05-05,1610612760,OKC,1642349,Ajay Mitchell,1610612747,LAL,1631222,Jake LaRavia,6,0.6,2.3165999999999998,0.9901,8.7,0,0,0,0,0,0,0,0,0.0,0,0,0.0,0,0,0,0,0,0,0,nba_boxscorematchupsv3
1,2025-26,Playoffs,Western Conference Semifinals,2026_lal_okc_api_20261005,0042500221,1,2026-05-05,1610612760,OKC,1642349,Ajay Mitchell,1610612747,LAL,1630559,Austin Reaves,213,14.8,26.8262,35.14851,44.5,2,16,1,0,0,0,1,4,25.0,0,2,0.0,0,0,0,0,0,0,0,nba_boxscorematchupsv3
1,2025-26,Playoffs,Western Conference Semifinals,2026_lal_okc_api_20261005,0042500221,1,2026-05-05,1610612760,OKC,1642349,Ajay Mitchell,1610612747,LAL,203935,Marcus Smart,81,8.3,12.51932,13.36634,17.1,6,14,1,0,0,0,1,1,100.0,1,1,100.0,3,3,2,0,0,0,0,nba_boxscorematchupsv3
1,2025-26,Playoffs,Western Conference Semifinals,2026_lal_okc_api_20261005,0042500221,1,2026-05-05,1610612760,OKC,1642349,Ajay Mitchell,1610612747,LAL,1629020,Jarred Vanderbilt,26,2.6,18.70504,4.29043,20.3,0,0,0,0,0,0,0,0,0.0,0,0,0.0,0,0,0,0,0,0,0,nba_boxscorematchupsv3
1,2025-26,Playoffs,Western Conference Semifinals,2026_lal_okc_api_20261005,0042500221,1,2026-05-05,1610612760,OKC,1628983,Shai Gilgeous-Alexander,1610612747,LAL,1629028,Deandre Ayton,40,4.9,6.3694299999999995,4.76758,11.3,2,5,2,0,1,0,1,1,100.0,0,0,0.0,0,0,0,0,0,0,0,nba_boxscorematchupsv3
1,2025-26,Playoffs,Western Conference Semifinals,2026_lal_okc_api_20261005,0042500221,1,2026-05-05,1610612760,OKC,1628983,Shai Gilgeous-Alexander,1610612747,LAL,1629060,Rui Hachimura,113,8.8,13.91626,13.46841,16.0,2,7,0,0,0,0,1,2,50.0,0,1,0.0,0,0,0,0,0,0,0,nba_boxscorematchupsv3
1,2025-26,Playoffs,Western Conference Semifinals,2026_lal_okc_api_20261005,0042500221,1,2026-05-05,1610612760,OKC,1628983,Shai Gilgeous-Alexander,1610612747,LAL,1629637,Jaxson Hayes,54,4.7,18.24324,6.43623,14.7,7,10,1,0,2,0,3,3,100.0,0,0,0.0,1,1,1,0,0,0,0,nba_boxscorematchupsv3
1,2025-26,Playoffs,Western Conference Semifinals,2026_lal_okc_api_20261005,0042500221,1,2026-05-05,1610612760,OKC,1628983,Shai Gilgeous-Alexander,1610612747,LAL,2544,LeBron James,51,4.5,6.43939,6.07867,7.000000000000001,0,9,1,0,0,0,0,2,0.0,0,0,0.0,0,0,0,0,0,0,0,nba_boxscorematchupsv3
1,2025-26,Playoffs,Western Conference Semifinals,2026_lal_okc_api_20261005,0042500221,1,2026-05-05,1610612760,OKC,1628983,Shai Gilgeous-Alexander,1610612747,LAL,1628379,Luke Kennard,58,5.0,9.0625,6.91299,12.4,3,8,0,0,0,0,1,3,33.300000000000004,0,0,0.0,1,2,1,0,0,0,0,nba_boxscorematchupsv3
1,2025-26,Playoffs,Western Conference Semifinals,2026_lal_okc_api_20261005,0042500221,1,2026-05-05,1610612760,OKC,1628983,Shai Gilgeous-Alexander,1610612747,LAL,1631222,Jake LaRavia,99,10.6,38.22394,11.79976,47.599999999999994,0,5,0,0,0,0,0,1,0.0,0,0,0.0,0,0,0,0,0,0,0,nba_boxscorematchupsv3
1,2025-26,Playoffs,Western Conference Semifinals,2026_lal_okc_api_20261005,0042500221,1,2026-05-05,1610612760,OKC,1628983,Shai Gilgeous-Alexander,1610612747,LAL,1630559,Austin Reaves,83,6.9,10.4534,9.89273,11.4,0,7,2,0,1,0,0,1,0.0,0,0,0.0,0,0,0,0,0,0,0,nba_boxscorematchupsv3
1,2025-26,Playoffs,Western Conference Semifinals,2026_lal_okc_api_20261005,0042500221,1,2026-05-05,1610612760,OKC,1628983,Shai Gilgeous-Alexander,1610612747,LAL,203935,Marcus Smart,341,28.8,52.70479,40.643620000000006,67.9,2,24,0,0,1,0,1,1,100.0,0,0,0.0,0,0,0,0,0,0,0,nba_boxscorematchupsv3
1,2025-26,Playoffs,Western Conference Semifinals,2026_lal_okc_api_20261005,0042500221,1,2026-05-05,1610612760,OKC,1631119,Jaylin Williams,1610612747,LAL,1629028,Deandre Ayton,27,3.2,4.29936,6.61765,20.3,0,0,0,0,0,0,0,0,0.0,0,0,0.0,0,0,0,0,0,0,0,nba_boxscorematchupsv3
1,2025-26,Playoffs,Western Conference Semifinals,2026_lal_okc_api_20261005,0042500221,1,2026-05-05,1610612760,OKC,1631119,Jaylin Williams,1610612747,LAL,1629060,Rui Hachimura,38,4.2,4.6798,9.313730000000001,12.4,0,6,0,0,0,0,0,0,0.0,0,0,0.0,0,0,0,0,0,0,0,nba_boxscorematchupsv3
1,2025-26,Playoffs,Western Conference Semifinals,2026_lal_okc_api_20261005,0042500221,1,2026-05-05,1610612760,OKC,1631119,Jaylin Williams,1610612747,LAL,1629637,Jaxson Hayes,27,5.3,9.12162,6.61765,20.0,0,5,1,0,1,0,0,0,0.0,0,0,0.0,0,0,0,0,0,0,0,nba_boxscorematchupsv3
1,2025-26,Playoffs,Western Conference Semifinals,2026_lal_okc_api_20261005,0042500221,1,2026-05-05,1610612760,OKC,1631119,Jaylin Williams,1610612747,LAL,1642355,Bronny James,2,0.0,6.8965499999999995,0.4902,0.0,0,0,0,0,0,0,0,0,0.0,0,0,0.0,0,0,0,0,0,0,0,nba_boxscorematchupsv3
1,2025-26,Playoffs,Western Conference Semifinals,2026_lal_okc_api_20261005,0042500221,1,2026-05-05,1610612760,OKC,1631119,Jaylin Williams,1610612747,LAL,2544,LeBron James,91,7.1,11.4899,22.303919999999998,35.5,0,7,0,0,0,0,0,0,0.0,0,0,0.0,0,0,0,0,0,0,0,nba_boxscorematchupsv3
1,2025-26,Playoffs,Western Conference Semifinals,2026_lal_okc_api_20261005,0042500221,1,2026-05-05,1610612760,OKC,1631119,Jaylin Williams,1610612747,LAL,1628379,Luke Kennard,77,5.8,12.03125,18.87255,19.900000000000002,0,8,1,0,0,0,0,1,0.0,0,0,0.0,0,0,0,0,0,0,0,nba_boxscorematchupsv3
1,2025-26,Playoffs,Western Conference Semifinals,2026_lal_okc_api_20261005,0042500221,1,2026-05-05,1610612760,OKC,1631119,Jaylin Williams,1610612747,LAL,1642261,Dalton Knecht,5,0.7,17.24138,1.2254900000000002,38.1,0,0,0,0,0,0,0,0,0.0,0,0,0.0,0,0,0,0,0,0,0,nba_boxscorematchupsv3
1,2025-26,Playoffs,Western Conference Semifinals,2026_lal_okc_api_20261005,0042500221,1,2026-05-05,1610612760,OKC,1631119,Jaylin Williams,1610612747,LAL,1631222,Jake LaRavia,44,3.0,16.98842,10.78431,19.7,0,2,0,0,1,1,0,1,0.0,0,1,0.0,0,0,0,0,0,0,0,nba_boxscorematchupsv3
1,2025-26,Playoffs,Western Conference Semifinals,2026_lal_okc_api_20261005,0042500221,1,2026-05-05,1610612760,OKC,1631119,Jaylin Williams,1610612747,LAL,1630559,Austin Reaves,65,3.9,8.1864,15.931370000000001,17.2,0,8,0,0,0,0,0,0,0.0,0,0,0.0,0,0,0,0,0,0,0,nba_boxscorematchupsv3
1,2025-26,Playoffs,Western Conference Semifinals,2026_lal_okc_api_20261005,0042500221,1,2026-05-05,1610612760,OKC,1631119,Jaylin Williams,1610612747,LAL,203935,Marcus Smart,19,2.9,2.93663,4.65686,12.0,3,7,0,0,0,0,1,1,100.0,1,1,100.0,0,0,0,0,0,0,0,nba_boxscorematchupsv3
1,2025-26,Playoffs,Western Conference Semifinals,2026_lal_okc_api_20261005,0042500221,1,2026-05-05,1610612760,OKC,1631119,Jaylin Williams,1610612747,LAL,1641733,Nick Smith Jr.,1,0.0,3.44828,0.2451,3.5999999999999996,0,0,0,0,0,0,0,0,0.0,0,0,0.0,0,0,0,0,0,0,0,nba_boxscorematchupsv3
1,2025-26,Playoffs,Western Conference Semifinals,2026_lal_okc_api_20261005,0042500221,1,2026-05-05,1610612760,OKC,1631119,Jaylin Williams,1610612747,LAL,1642876,Adou Thiero,12,0.0,41.379310000000004,2.9411799999999997,42.199999999999996,0,0,0,0,0,0,0,0,0.0,0,0,0.0,0,0,0,0,0,0,0,nba_boxscorematchupsv3
1,2025-26,Playoffs,Western Conference Semifinals,2026_lal_okc_api_20261005,0042500221,1,2026-05-05,1610612760,OKC,1641717,Cason Wallace,1610612747,LAL,1629028,Deandre Ayton,22,1.3,3.5031800000000004,5.15222,10.7,0,0,0,0,0,1,0,1,0.0,0,0,0.0,0,0,0,0,0,0,0,nba_boxscorematchupsv3
1,2025-26,Playoffs,Western Conference Semifinals,2026_lal_okc_api_20261005,0042500221,1,2026-05-05,1610612760,OKC,1641717,Cason Wallace,1610612747,LAL,1629060,Rui Hachimura,116,12.8,14.285709999999998,27.166279999999997,30.5,0,13,1,0,0,0,0,0,0.0,0,0,0.0,0,0,0,0,0,0,0,nba_boxscorematchupsv3
1,2025-26,Playoffs,Western Conference Semifinals,2026_lal_okc_api_20261005,0042500221,1,2026-05-05,1610612760,OKC,1641717,Cason Wallace,1610612747,LAL,1629637,Jaxson Hayes,25,2.0,8.44595,5.8548,10.6,0,2,0,0,0,0,0,1,0.0,0,1,0.0,0,0,0,0,0,0,0,nba_boxscorematchupsv3
1,2025-26,Playoffs,Western Conference Semifinals,2026_lal_okc_api_20261005,0042500221,1,2026-05-05,1610612760,OKC,1641717,Cason Wallace,1610612747,LAL,2544,LeBron James,31,2.9,3.91414,7.25995,9.8,0,2,0,0,0,0,0,1,0.0,0,1,0.0,0,0,0,0,0,0,0,nba_boxscorematchupsv3
1,2025-26,Playoffs,Western Conference Semifinals,2026_lal_okc_api_20261005,0042500221,1,2026-05-05,1610612760,OKC,1641717,Cason Wallace,1610612747,LAL,1628379,Luke Kennard,102,6.1,15.937499999999998,23.88759,28.9,3,9,0,0,0,0,1,1,100.0,1,1,100.0,0,0,0,0,0,0,0,nba_boxscorematchupsv3
1,2025-26,Playoffs,Western Conference Semifinals,2026_lal_okc_api_20261005,0042500221,1,2026-05-05,1610612760,OKC,1641717,Cason Wallace,1610612747,LAL,1631222,Jake LaRavia,5,1.2,1.9304999999999999,1.17096,6.7,0,0,0,0,0,0,0,0,0.0,0,0,0.0,0,0,0,0,0,0,0,nba_boxscorematchupsv3
1,2025-26,Playoffs,Western Conference Semifinals,2026_lal_okc_api_20261005,0042500221,1,2026-05-05,1610612760,OKC,1641717,Cason Wallace,1610612747,LAL,1630559,Austin Reaves,95,11.3,11.96474,22.24824,28.499999999999996,2,7,0,0,1,1,1,1,100.0,0,0,0.0,0,0,0,0,0,0,0,nba_boxscorematchupsv3
1,2025-26,Playoffs,Western Conference Semifinals,2026_lal_okc_api_20261005,0042500221,1,2026-05-05,1610612760,OKC,1641717,Cason Wallace,1610612747,LAL,203935,Marcus Smart,16,2.0,2.47295,3.7470700000000003,8.799999999999999,0,2,0,0,0,0,0,0,0.0,0,0,0.0,0,0,0,0,0,0,0,nba_boxscorematchupsv3
1,2025-26,Playoffs,Western Conference Semifinals,2026_lal_okc_api_20261005,0042500221,1,2026-05-05,1610612760,OKC,1641717,Cason Wallace,1610612747,LAL,1629020,Jarred Vanderbilt,15,1.3,10.79137,3.51288,19.3,0,3,0,0,0,0,0,0,0.0,0,0,0.0,0,0,0,0,0,0,0,nba_boxscorematchupsv3
1,2025-26,Playoffs,Western Conference Semifinals,2026_lal_okc_api_20261005,0042500221,1,2026-05-05,1610612760,OKC,1627936,Alex Caruso,1610612747,LAL,1629028,Deandre Ayton,66,4.2,10.509549999999999,17.01031,21.7,0,5,0,0,0,0,0,1,0.0,0,1,0.0,0,0,0,0,0,0,0,nba_boxscorematchupsv3
1,2025-26,Playoffs,Western Conference Semifinals,2026_lal_okc_api_20261005,0042500221,1,2026-05-05,1610612760,OKC,1627936,Alex Caruso,1610612747,LAL,1629060,Rui Hachimura,45,5.1,5.54187,11.59794,16.2,3,6,1,0,0,0,1,1,100.0,1,1,100.0,0,0,0,0,0,0,0,nba_boxscorematchupsv3
1,2025-26,Playoffs,Western Conference Semifinals,2026_lal_okc_api_20261005,0042500221,1,2026-05-05,1610612760,OKC,1627936,Alex Caruso,1610612747,LAL,1629637,Jaxson Hayes,29,3.7,9.7973,7.4742299999999995,20.599999999999998,0,2,0,0,0,0,0,0,0.0,0,0,0.0,0,0,0,0,0,0,0,nba_boxscorematchupsv3
1,2025-26,Playoffs,Western Conference Semifinals,2026_lal_okc_api_20261005,0042500221,1,2026-05-05,1610612760,OKC,1627936,Alex Caruso,1610612747,LAL,2544,LeBron James,96,9.1,12.12121,24.742269999999998,30.9,0,9,0,0,0,0,0,0,0.0,0,0,0.0,0,0,0,0,0,0,0,nba_boxscorematchupsv3
1,2025-26,Playoffs,Western Conference Semifinals,2026_lal_okc_api_20261005,0042500221,1,2026-05-05,1610612760,OKC,1627936,Alex Caruso,1610612747,LAL,1628379,Luke Kennard,53,6.5,8.28125,13.65979,18.7,0,6,0,0,0,0,0,1,0.0,0,1,0.0,0,0,0,0,0,0,0,nba_boxscorematchupsv3
1,2025-26,Playoffs,Western Conference Semifinals,2026_lal_okc_api_20261005,0042500221,1,2026-05-05,1610612760,OKC,1627936,Alex Caruso,1610612747,LAL,1631222,Jake LaRavia,40,2.4,15.44402,10.30928,24.3,0,7,1,0,0,0,0,1,0.0,0,1,0.0,0,0,0,0,0,0,0,nba_boxscorematchupsv3
1,2025-26,Playoffs,Western Conference Semifinals,2026_lal_okc_api_20261005,0042500221,1,2026-05-05,1610612760,OKC,1627936,Alex Caruso,1610612747,LAL,1630559,Austin Reaves,24,2.4,3.0226699999999997,6.18557,20.4,0,3,0,0,0,0,0,0,0.0,0,0,0.0,0,0,0,0,0,0,0,nba_boxscorematchupsv3
1,2025-26,Playoffs,Western Conference Semifinals,2026_lal_okc_api_20261005,0042500221,1,2026-05-05,1610612760,OKC,1627936,Alex Caruso,1610612747,LAL,203935,Marcus Smart,20,2.0,3.09119,5.15464,6.5,2,4,0,0,0,0,1,1,100.0,0,0,0.0,0,0,0,0,0,0,0,nba_boxscorematchupsv3
1,2025-26,Playoffs,Western Conference Semifinals,2026_lal_okc_api_20261005,0042500221,1,2026-05-05,1610612760,OKC,1627936,Alex Caruso,1610612747,LAL,1629020,Jarred Vanderbilt,15,1.4,10.79137,3.86598,14.6,0,0,0,0,0,0,0,0,0.0,0,0,0.0,0,0,0,0,0,0,0,nba_boxscorematchupsv3
1,2025-26,Playoffs,Western Conference Semifinals,2026_lal_okc_api_20261005,0042500221,1,2026-05-05,1610612760,OKC,1630198,Isaiah Joe,1610612747,LAL,1629060,Rui Hachimura,9,1.1,1.10837,4.8913,6.800000000000001,0,2,0,0,0,1,0,1,0.0,0,1,0.0,0,0,0,0,0,0,0,nba_boxscorematchupsv3
1,2025-26,Playoffs,Western Conference Semifinals,2026_lal_okc_api_20261005,0042500221,1,2026-05-05,1610612760,OKC,1630198,Isaiah Joe,1610612747,LAL,1629637,Jaxson Hayes,26,2.9,8.78378,14.130429999999999,15.0,2,6,0,0,0,0,1,2,50.0,0,1,0.0,0,0,0,0,0,0,0,nba_boxscorematchupsv3
1,2025-26,Playoffs,Western Conference Semifinals,2026_lal_okc_api_20261005,0042500221,1,2026-05-05,1610612760,OKC,1630198,Isaiah Joe,1610612747,LAL,1642355,Bronny James,5,0.1,17.24138,2.71739,5.800000000000001,0,0,0,0,0,0,0,0,0.0,0,0,0.0,0,0,0,0,0,0,0,nba_boxscorematchupsv3
1,2025-26,Playoffs,Western Conference Semifinals,2026_lal_okc_api_20261005,0042500221,1,2026-05-05,1610612760,OKC,1630198,Isaiah Joe,1610612747,LAL,2544,LeBron James,11,0.7,1.38889,5.97826,14.399999999999999,2,2,0,0,0,0,1,1,100.0,0,0,0.0,0,0,0,0,0,0,0,nba_boxscorematchupsv3
1,2025-26,Playoffs,Western Conference Semifinals,2026_lal_okc_api_20261005,0042500221,1,2026-05-05,1610612760,OKC,1630198,Isaiah Joe,1610612747,LAL,1628379,Luke Kennard,74,9.2,11.5625,40.217389999999995,50.0,2,5,0,0,0,0,1,1,100.0,0,0,0.0,0,0,0,0,0,0,0,nba_boxscorematchupsv3
1,2025-26,Playoffs,Western Conference Semifinals,2026_lal_okc_api_20261005,0042500221,1,2026-05-05,1610612760,OKC,1630198,Isaiah Joe,1610612747,LAL,1631222,Jake LaRavia,10,1.8,3.8609999999999998,5.43478,9.9,0,0,0,0,0,0,0,0,0.0,0,0,0.0,0,0,0,0,0,0,0,nba_boxscorematchupsv3
1,2025-26,Playoffs,Western Conference Semifinals,2026_lal_okc_api_20261005,0042500221,1,2026-05-05,1610612760,OKC,1630198,Isaiah Joe,1610612747,LAL,1630559,Austin Reaves,10,1.6,1.25945,5.43478,17.8,0,2,0,0,0,0,0,0,0.0,0,0,0.0,0,0,0,0,0,0,0,nba_boxscorematchupsv3
1,2025-26,Playoffs,Western Conference Semifinals,2026_lal_okc_api_20261005,0042500221,1,2026-05-05,1610612760,OKC,1630198,Isaiah Joe,1610612747,LAL,203935,Marcus Smart,17,2.4,2.62751,9.23913,9.8,0,5,0,0,0,0,0,0,0.0,0,0,0.0,0,0,0,0,0,0,0,nba_boxscorematchupsv3
1,2025-26,Playoffs,Western Conference Semifinals,2026_lal_okc_api_20261005,0042500221,1,2026-05-05,1610612760,OKC,1630198,Isaiah Joe,1610612747,LAL,1641733,Nick Smith Jr.,8,0.0,27.58621,4.34783,40.2,0,0,0,0,0,0,0,0,0.0,0,0,0.0,0,0,0,0,0,0,0,nba_boxscorematchupsv3
1,2025-26,Playoffs,Western Conference Semifinals,2026_lal_okc_api_20261005,0042500221,1,2026-05-05,1610612760,OKC,1630198,Isaiah Joe,1610612747,LAL,1642876,Adou Thiero,14,0.9,48.27586,7.6087,51.5,3,3,0,0,0,0,1,1,100.0,1,1,100.0,0,0,0,0,0,0,0,nba_boxscorematchupsv3
1,2025-26,Playoffs,Western Conference Semifinals,2026_lal_okc_api_20261005,0042500221,1,2026-05-05,1610612760,OKC,1642272,Jared McCain,1610612747,LAL,1629028,Deandre Ayton,33,2.8,5.25478,10.3125,9.5,3,8,0,0,0,0,1,2,50.0,1,2,50.0,0,0,0,0,0,0,0,nba_boxscorematchupsv3
1,2025-26,Playoffs,Western Conference Semifinals,2026_lal_okc_api_20261005,0042500221,1,2026-05-05,1610612760,OKC,1642272,Jared McCain,1610612747,LAL,1629060,Rui Hachimura,46,2.1,5.66502,14.374999999999998,17.1,3,5,0,0,0,0,1,1,100.0,1,1,100.0,0,0,0,0,0,0,0,nba_boxscorematchupsv3
1,2025-26,Playoffs,Western Conference Semifinals,2026_lal_okc_api_20261005,0042500221,1,2026-05-05,1610612760,OKC,1642272,Jared McCain,1610612747,LAL,1642355,Bronny James,14,0.9,48.27586,4.375,67.30000000000001,0,0,0,0,0,0,0,0,0.0,0,0,0.0,0,0,0,0,0,0,0,nba_boxscorematchupsv3
1,2025-26,Playoffs,Western Conference Semifinals,2026_lal_okc_api_20261005,0042500221,1,2026-05-05,1610612760,OKC,1642272,Jared McCain,1610612747,LAL,2544,LeBron James,3,0.7,0.37878999999999996,0.9375,6.6000000000000005,0,0,0,0,0,0,0,0,0.0,0,0,0.0,0,0,0,0,0,0,0,nba_boxscorematchupsv3
1,2025-26,Playoffs,Western Conference Semifinals,2026_lal_okc_api_20261005,0042500221,1,2026-05-05,1610612760,OKC,1642272,Jared McCain,1610612747,LAL,1628379,Luke Kennard,69,7.3,10.78125,21.5625,32.6,0,2,1,0,0,0,0,0,0.0,0,0,0.0,0,0,0,0,0,0,0,nba_boxscorematchupsv3
1,2025-26,Playoffs,Western Conference Semifinals,2026_lal_okc_api_20261005,0042500221,1,2026-05-05,1610612760,OKC,1642272,Jared McCain,1610612747,LAL,1642261,Dalton Knecht,8,0.0,27.58621,2.5,23.799999999999997,0,3,1,0,0,0,0,0,0.0,0,0,0.0,0,0,0,0,0,0,0,nba_boxscorematchupsv3
1,2025-26,Playoffs,Western Conference Semifinals,2026_lal_okc_api_20261005,0042500221,1,2026-05-05,1610612760,OKC,1642272,Jared McCain,1610612747,LAL,1631222,Jake LaRavia,18,0.5,6.949809999999999,5.625,9.1,0,0,0,0,0,0,0,0,0.0,0,0,0.0,0,0,0,0,0,0,0,nba_boxscorematchupsv3
1,2025-26,Playoffs,Western Conference Semifinals,2026_lal_okc_api_20261005,0042500221,1,2026-05-05,1610612760,OKC,1642272,Jared McCain,1610612747,LAL,1630559,Austin Reaves,55,4.2,6.92695,17.1875,29.4,3,7,0,0,0,0,1,2,50.0,1,1,100.0,0,0,0,0,0,0,0,nba_boxscorematchupsv3
1,2025-26,Playoffs,Western Conference Semifinals,2026_lal_okc_api_20261005,0042500221,1,2026-05-05,1610612760,OKC,1642272,Jared McCain,1610612747,LAL,203935,Marcus Smart,32,4.3,4.9459,10.0,34.5,3,3,0,0,0,0,1,2,50.0,1,1,100.0,0,0,0,0,0,0,0,nba_boxscorematchupsv3
1,2025-26,Playoffs,Western Conference Semifinals,2026_lal_okc_api_20261005,0042500221,1,2026-05-05,1610612760,OKC,1642272,Jared McCain,1610612747,LAL,1641733,Nick Smith Jr.,2,0.0,6.8965499999999995,0.625,6.6000000000000005,0,3,0,0,0,0,0,0,0.0,0,0,0.0,0,0,0,0,0,0,0,nba_boxscorematchupsv3
1,2025-26,Playoffs,Western Conference Semifinals,2026_lal_okc_api_20261005,0042500221,1,2026-05-05,1610612760,OKC,1642272,Jared McCain,1610612747,LAL,1642876,Adou Thiero,3,0.1,10.34483,0.9375,6.3,0,0,0,0,0,0,0,0,0.0,0,0,0.0,0,0,0,0,0,0,0,nba_boxscorematchupsv3
1,2025-26,Playoffs,Western Conference Semifinals,2026_lal_okc_api_20261005,0042500221,1,2026-05-05,1610612760,OKC,1642272,Jared McCain,1610612747,LAL,1629020,Jarred Vanderbilt,37,2.6,26.61871,11.5625,35.699999999999996,0,2,0,0,0,0,0,0,0.0,0,0,0.0,0,0,0,0,0,0,0,nba_boxscorematchupsv3
1,2025-26,Playoffs,Western Conference Semifinals,2026_lal_okc_api_20261005,0042500221,1,2026-05-05,1610612760,OKC,1630598,Aaron Wiggins,1610612747,LAL,1629028,Deandre Ayton,6,0.5,0.95541,6.5934099999999995,9.2,0,0,0,0,0,0,0,1,0.0,0,0,0.0,0,0,0,0,0,0,0,nba_boxscorematchupsv3
1,2025-26,Playoffs,Western Conference Semifinals,2026_lal_okc_api_20261005,0042500221,1,2026-05-05,1610612760,OKC,1630598,Aaron Wiggins,1610612747,LAL,2544,LeBron James,32,1.7,4.0404,35.164840000000005,45.300000000000004,0,0,0,0,0,0,0,0,0.0,0,0,0.0,0,0,0,0,0,0,0,nba_boxscorematchupsv3
1,2025-26,Playoffs,Western Conference Semifinals,2026_lal_okc_api_20261005,0042500221,1,2026-05-05,1610612760,OKC,1630598,Aaron Wiggins,1610612747,LAL,1628379,Luke Kennard,17,1.0,2.65625,18.68132,22.2,0,2,0,0,0,0,0,0,0.0,0,0,0.0,0,0,0,0,0,0,0,nba_boxscorematchupsv3
1,2025-26,Playoffs,Western Conference Semifinals,2026_lal_okc_api_20261005,0042500221,1,2026-05-05,1610612760,OKC,1630598,Aaron Wiggins,1610612747,LAL,1642261,Dalton Knecht,4,0.3,13.793099999999999,4.3956,14.499999999999998,0,0,0,0,0,0,0,1,0.0,0,0,0.0,0,0,0,0,0,0,0,nba_boxscorematchupsv3
1,2025-26,Playoffs,Western Conference Semifinals,2026_lal_okc_api_20261005,0042500221,1,2026-05-05,1610612760,OKC,1630598,Aaron Wiggins,1610612747,LAL,1631222,Jake LaRavia,15,0.7,5.79151,16.48352,85.5,0,3,0,0,0,0,0,0,0.0,0,0,0.0,0,0,0,0,0,0,0,nba_boxscorematchupsv3
1,2025-26,Playoffs,Western Conference Semifinals,2026_lal_okc_api_20261005,0042500221,1,2026-05-05,1610612760,OKC,1630598,Aaron Wiggins,1610612747,LAL,203935,Marcus Smart,6,1.5,0.92736,6.5934099999999995,15.5,0,3,0,0,0,0,0,0,0.0,0,0,0.0,0,0,0,0,0,0,0,nba_boxscorematchupsv3
1,2025-26,Playoffs,Western Conference Semifinals,2026_lal_okc_api_20261005,0042500221,1,2026-05-05,1610612760,OKC,1630598,Aaron Wiggins,1610612747,LAL,1641733,Nick Smith Jr.,10,0.0,34.48276,10.98901,0.0,0,0,0,0,0,0,0,0,0.0,0,0,0.0,0,0,0,0,0,0,0,nba_boxscorematchupsv3
1,2025-26,Playoffs,Western Conference Semifinals,2026_lal_okc_api_20261005,0042500221,1,2026-05-05,1610612760,OKC,1630598,Aaron Wiggins,1610612747,LAL,1629020,Jarred Vanderbilt,1,0.5,0.7194200000000001,1.0989,8.1,0,0,0,0,0,0,0,0,0.0,0,0,0.0,0,0,0,0,0,0,0,nba_boxscorematchupsv3
1,2025-26,Playoffs,Western Conference Semifinals,2026_lal_okc_api_20261005,0042500221,1,2026-05-05,1610612760,OKC,1629026,Kenrich Williams,1610612747,LAL,1642355,Bronny James,8,0.0,27.58621,26.666669999999996,26.900000000000002,0,3,0,0,0,0,0,0,0.0,0,0,0.0,0,0,0,0,0,0,0,nba_boxscorematchupsv3
1,2025-26,Playoffs,Western Conference Semifinals,2026_lal_okc_api_20261005,0042500221,1,2026-05-05,1610612760,OKC,1629026,Kenrich Williams,1610612747,LAL,1642261,Dalton Knecht,12,0.0,41.379310000000004,40.0,23.5,0,0,0,0,0,0,0,0,0.0,0,0,0.0,0,0,0,0,0,0,0,nba_boxscorematchupsv3
1,2025-26,Playoffs,Western Conference Semifinals,2026_lal_okc_api_20261005,0042500221,1,2026-05-05,1610612760,OKC,1629026,Kenrich Williams,1610612747,LAL,1631222,Jake LaRavia,2,0.0,0.7722,6.66667,0.0,0,0,0,0,0,0,0,0,0.0,0,0,0.0,0,0,0,0,0,0,0,nba_boxscorematchupsv3
1,2025-26,Playoffs,Western Conference Semifinals,2026_lal_okc_api_20261005,0042500221,1,2026-05-05,1610612760,OKC,1629026,Kenrich Williams,1610612747,LAL,1641733,Nick Smith Jr.,8,1.0,27.58621,26.666669999999996,49.6,0,0,0,0,0,0,0,0,0.0,0,0,0.0,0,0,0,0,0,0,0,nba_boxscorematchupsv3
1,2025-26,Playoffs,Western Conference Semifinals,2026_lal_okc_api_20261005,0042500221,1,2026-05-05,1610612747,LAL,2544,LeBron James,1610612760,OKC,1627936,Alex Caruso,260,15.3,49.33586,29.14798,64.0,6,15,1,0,0,0,3,4,75.0,0,1,0.0,0,0,0,0,0,0,0,nba_boxscorematchupsv3
1,2025-26,Playoffs,Western Conference Semifinals,2026_lal_okc_api_20261005,0042500221,1,2026-05-05,1610612747,LAL,2544,LeBron James,1610612760,OKC,1629652,Luguentz Dort,427,26.1,66.51089999999999,47.86996,73.1,3,19,3,0,1,0,1,1,100.0,1,1,100.0,0,0,0,0,0,0,0,nba_boxscorematchupsv3
1,2025-26,Playoffs,Western Conference Semifinals,2026_lal_okc_api_20261005,0042500221,1,2026-05-05,1610612747,LAL,2544,LeBron James,1610612760,OKC,1628983,Shai Gilgeous-Alexander,26,2.1,3.03384,2.9148,4.3999999999999995,5,8,1,0,0,0,2,2,100.0,1,1,100.0,0,0,0,0,0,0,0,nba_boxscorematchupsv3
1,2025-26,Playoffs,Western Conference Semifinals,2026_lal_okc_api_20261005,0042500221,1,2026-05-05,1610612747,LAL,2544,LeBron James,1610612760,OKC,1628392,Isaiah Hartenstein,40,4.7,7.434939999999999,4.4843,7.000000000000001,4,9,1,0,1,0,2,2,100.0,0,0,0.0,0,1,1,0,0,0,0,nba_boxscorematchupsv3
1,2025-26,Playoffs,Western Conference Semifinals,2026_lal_okc_api_20261005,0042500221,1,2026-05-05,1610612747,LAL,2544,LeBron James,1610612760,OKC,1631096,Chet Holmgren,29,4.0,4.03338,3.25112,8.3,0,3,0,0,0,0,0,1,0.0,0,1,0.0,0,0,0,0,0,0,0,nba_boxscorematchupsv3
1,2025-26,Playoffs,Western Conference Semifinals,2026_lal_okc_api_20261005,0042500221,1,2026-05-05,1610612747,LAL,2544,LeBron James,1610612760,OKC,1630198,Isaiah Joe,5,0.1,1.60256,0.56054,5.6000000000000005,2,2,0,0,0,0,1,1,100.0,0,0,0.0,0,0,0,0,0,0,0,nba_boxscorematchupsv3
1,2025-26,Playoffs,Western Conference Semifinals,2026_lal_okc_api_20261005,0042500221,1,2026-05-05,1610612747,LAL,2544,LeBron James,1610612760,OKC,1642272,Jared McCain,1,0.1,0.3096,0.11211000000000002,0.4,0,0,0,0,0,0,0,0,0.0,0,0,0.0,0,0,0,0,0,0,0,nba_boxscorematchupsv3
1,2025-26,Playoffs,Western Conference Semifinals,2026_lal_okc_api_20261005,0042500221,1,2026-05-05,1610612747,LAL,2544,LeBron James,1610612760,OKC,1642349,Ajay Mitchell,32,3.1,4.98442,3.58744,5.3,0,11,0,0,0,0,0,1,0.0,0,0,0.0,0,0,0,0,0,0,0,nba_boxscorematchupsv3
1,2025-26,Playoffs,Western Conference Semifinals,2026_lal_okc_api_20261005,0042500221,1,2026-05-05,1610612747,LAL,2544,LeBron James,1610612760,OKC,1641717,Cason Wallace,45,4.2,9.35551,5.04484,12.8,2,2,0,0,0,0,1,1,100.0,0,0,0.0,0,0,0,0,0,0,0,nba_boxscorematchupsv3
1,2025-26,Playoffs,Western Conference Semifinals,2026_lal_okc_api_20261005,0042500221,1,2026-05-05,1610612747,LAL,2544,LeBron James,1610612760,OKC,1630598,Aaron Wiggins,8,1.4,6.722690000000001,0.89686,14.099999999999998,0,3,0,0,0,0,0,0,0.0,0,0,0.0,0,0,0,0,0,0,0,nba_boxscorematchupsv3
1,2025-26,Playoffs,Western Conference Semifinals,2026_lal_okc_api_20261005,0042500221,1,2026-05-05,1610612747,LAL,2544,LeBron James,1610612760,OKC,1631119,Jaylin Williams,19,2.3,3.5381799999999997,2.13004,9.700000000000001,5,5,0,0,0,0,2,3,66.7,1,2,50.0,0,0,0,0,0,0,0,nba_boxscorematchupsv3
1,2025-26,Playoffs,Western Conference Semifinals,2026_lal_okc_api_20261005,0042500221,1,2026-05-05,1610612747,LAL,1629060,Rui Hachimura,1610612760,OKC,1627936,Alex Caruso,72,5.9,13.66224,8.64346,22.1,0,2,0,0,0,0,0,0,0.0,0,0,0.0,0,0,0,0,0,0,0,nba_boxscorematchupsv3
1,2025-26,Playoffs,Western Conference Semifinals,2026_lal_okc_api_20261005,0042500221,1,2026-05-05,1610612747,LAL,1629060,Rui Hachimura,1610612760,OKC,1629652,Luguentz Dort,80,7.7,12.46106,9.60384,14.399999999999999,3,10,0,0,0,0,1,2,50.0,1,2,50.0,0,0,0,0,0,0,0,nba_boxscorematchupsv3
1,2025-26,Playoffs,Western Conference Semifinals,2026_lal_okc_api_20261005,0042500221,1,2026-05-05,1610612747,LAL,1629060,Rui Hachimura,1610612760,OKC,1628983,Shai Gilgeous-Alexander,86,5.8,10.03501,10.32413,10.2,5,9,0,0,0,0,2,2,100.0,1,1,100.0,0,0,0,0,0,0,0,nba_boxscorematchupsv3
1,2025-26,Playoffs,Western Conference Semifinals,2026_lal_okc_api_20261005,0042500221,1,2026-05-05,1610612747,LAL,1629060,Rui Hachimura,1610612760,OKC,1628392,Isaiah Hartenstein,53,5.9,9.8513,6.362550000000001,16.900000000000002,2,7,1,0,1,0,1,1,100.0,0,0,0.0,0,0,0,0,0,0,0,nba_boxscorematchupsv3
1,2025-26,Playoffs,Western Conference Semifinals,2026_lal_okc_api_20261005,0042500221,1,2026-05-05,1610612747,LAL,1629060,Rui Hachimura,1610612760,OKC,1631096,Chet Holmgren,389,25.1,54.10292,46.698679999999996,52.5,5,28,1,0,0,0,2,6,33.300000000000004,1,3,33.300000000000004,0,0,0,0,0,0,0,nba_boxscorematchupsv3
1,2025-26,Playoffs,Western Conference Semifinals,2026_lal_okc_api_20261005,0042500221,1,2026-05-05,1610612747,LAL,1629060,Rui Hachimura,1610612760,OKC,1630198,Isaiah Joe,21,1.5,6.73077,2.52101,11.1,2,2,0,0,0,0,1,1,100.0,0,0,0.0,0,0,0,0,0,0,0,nba_boxscorematchupsv3
1,2025-26,Playoffs,Western Conference Semifinals,2026_lal_okc_api_20261005,0042500221,1,2026-05-05,1610612747,LAL,1629060,Rui Hachimura,1610612760,OKC,1642272,Jared McCain,9,1.6,2.7863800000000003,1.08043,11.600000000000001,0,0,0,0,0,0,0,0,0.0,0,0,0.0,0,0,0,0,0,0,0,nba_boxscorematchupsv3
1,2025-26,Playoffs,Western Conference Semifinals,2026_lal_okc_api_20261005,0042500221,1,2026-05-05,1610612747,LAL,1629060,Rui Hachimura,1610612760,OKC,1642349,Ajay Mitchell,92,6.3,14.330219999999999,11.04442,19.6,1,5,0,0,0,0,0,0,0.0,0,0,0.0,1,2,1,0,0,0,0,nba_boxscorematchupsv3
1,2025-26,Playoffs,Western Conference Semifinals,2026_lal_okc_api_20261005,0042500221,1,2026-05-05,1610612747,LAL,1629060,Rui Hachimura,1610612760,OKC,1641717,Cason Wallace,7,1.7,1.4553,0.84034,4.3,0,1,0,0,0,0,0,0,0.0,0,0,0.0,0,0,0,0,0,0,0,nba_boxscorematchupsv3
1,2025-26,Playoffs,Western Conference Semifinals,2026_lal_okc_api_20261005,0042500221,1,2026-05-05,1610612747,LAL,1629060,Rui Hachimura,1610612760,OKC,1631119,Jaylin Williams,24,2.0,4.46927,2.88115,10.2,0,0,0,0,0,0,0,1,0.0,0,0,0.0,0,0,0,0,0,0,0,nba_boxscorematchupsv3
1,2025-26,Playoffs,Western Conference Semifinals,2026_lal_okc_api_20261005,0042500221,1,2026-05-05,1610612747,LAL,1629028,Deandre Ayton,1610612760,OKC,1627936,Alex Caruso,7,0.6,1.32827,1.14007,4.8,0,0,0,0,0,0,0,0,0.0,0,0,0.0,0,0,0,0,0,0,0,nba_boxscorematchupsv3
1,2025-26,Playoffs,Western Conference Semifinals,2026_lal_okc_api_20261005,0042500221,1,2026-05-05,1610612747,LAL,1629028,Deandre Ayton,1610612760,OKC,1629652,Luguentz Dort,28,3.3,4.36137,4.56026,9.0,0,8,0,0,0,0,0,0,0.0,0,0,0.0,0,0,0,0,0,0,0,nba_boxscorematchupsv3
1,2025-26,Playoffs,Western Conference Semifinals,2026_lal_okc_api_20261005,0042500221,1,2026-05-05,1610612747,LAL,1629028,Deandre Ayton,1610612760,OKC,1628983,Shai Gilgeous-Alexander,24,1.5,2.8004700000000002,3.90879,7.3999999999999995,2,2,0,0,0,1,1,2,50.0,0,0,0.0,0,0,0,0,0,0,0,nba_boxscorematchupsv3
1,2025-26,Playoffs,Western Conference Semifinals,2026_lal_okc_api_20261005,0042500221,1,2026-05-05,1610612747,LAL,1629028,Deandre Ayton,1610612760,OKC,1628392,Isaiah Hartenstein,328,21.8,60.96654,53.420199999999994,66.4,6,17,1,0,0,0,3,6,50.0,0,0,0.0,0,0,0,0,0,0,0,nba_boxscorematchupsv3
1,2025-26,Playoffs,Western Conference Semifinals,2026_lal_okc_api_20261005,0042500221,1,2026-05-05,1610612747,LAL,1629028,Deandre Ayton,1610612760,OKC,1631096,Chet Holmgren,73,7.4,10.15299,11.88925,16.400000000000002,0,7,0,0,1,2,0,2,0.0,0,0,0.0,0,0,0,0,0,0,0,nba_boxscorematchupsv3
1,2025-26,Playoffs,Western Conference Semifinals,2026_lal_okc_api_20261005,0042500221,1,2026-05-05,1610612747,LAL,1629028,Deandre Ayton,1610612760,OKC,1642272,Jared McCain,11,0.7,3.40557,1.7915299999999998,4.8,0,0,0,0,0,0,0,0,0.0,0,0,0.0,0,0,0,0,0,0,0,nba_boxscorematchupsv3
1,2025-26,Playoffs,Western Conference Semifinals,2026_lal_okc_api_20261005,0042500221,1,2026-05-05,1610612747,LAL,1629028,Deandre Ayton,1610612760,OKC,1642349,Ajay Mitchell,28,5.2,4.36137,4.56026,12.2,2,8,0,0,0,0,1,1,100.0,0,0,0.0,0,0,0,0,0,0,0,nba_boxscorematchupsv3
1,2025-26,Playoffs,Western Conference Semifinals,2026_lal_okc_api_20261005,0042500221,1,2026-05-05,1610612747,LAL,1629028,Deandre Ayton,1610612760,OKC,1641717,Cason Wallace,13,0.9,2.7027,2.11726,11.600000000000001,0,0,0,0,0,0,0,0,0.0,0,0,0.0,0,0,0,0,0,0,0,nba_boxscorematchupsv3
1,2025-26,Playoffs,Western Conference Semifinals,2026_lal_okc_api_20261005,0042500221,1,2026-05-05,1610612747,LAL,1629028,Deandre Ayton,1610612760,OKC,1630598,Aaron Wiggins,8,0.7,6.722690000000001,1.3029300000000001,11.200000000000001,0,0,0,0,0,0,0,0,0.0,0,0,0.0,0,0,0,0,0,0,0,nba_boxscorematchupsv3
1,2025-26,Playoffs,Western Conference Semifinals,2026_lal_okc_api_20261005,0042500221,1,2026-05-05,1610612747,LAL,1629028,Deandre Ayton,1610612760,OKC,1631119,Jaylin Williams,94,6.2,17.50466,15.30945,53.6,0,11,0,0,0,0,0,0,0.0,0,0,0.0,0,0,0,0,0,0,0,nba_boxscorematchupsv3
1,2025-26,Playoffs,Western Conference Semifinals,2026_lal_okc_api_20261005,0042500221,1,2026-05-05,1610612747,LAL,1630559,Austin Reaves,1610612760,OKC,1627936,Alex Caruso,52,2.7,9.86717,6.1248499999999995,16.5,0,0,0,0,0,0,0,1,0.0,0,0,0.0,0,0,0,0,0,0,0,nba_boxscorematchupsv3
1,2025-26,Playoffs,Western Conference Semifinals,2026_lal_okc_api_20261005,0042500221,1,2026-05-05,1610612747,LAL,1630559,Austin Reaves,1610612760,OKC,1629652,Luguentz Dort,55,5.3,8.566980000000001,6.47821,8.4,0,4,0,0,1,0,0,2,0.0,0,1,0.0,0,0,0,0,0,0,0,nba_boxscorematchupsv3
1,2025-26,Playoffs,Western Conference Semifinals,2026_lal_okc_api_20261005,0042500221,1,2026-05-05,1610612747,LAL,1630559,Austin Reaves,1610612760,OKC,1628983,Shai Gilgeous-Alexander,65,6.1,7.5846,7.65607,9.3,0,12,0,0,0,0,0,0,0.0,0,0,0.0,0,0,0,0,0,0,0,nba_boxscorematchupsv3
1,2025-26,Playoffs,Western Conference Semifinals,2026_lal_okc_api_20261005,0042500221,1,2026-05-05,1610612747,LAL,1630559,Austin Reaves,1610612760,OKC,1628392,Isaiah Hartenstein,33,2.2,6.13383,3.8869300000000004,7.8,4,6,2,0,0,1,1,4,25.0,0,1,0.0,2,2,1,0,0,0,0,nba_boxscorematchupsv3
1,2025-26,Playoffs,Western Conference Semifinals,2026_lal_okc_api_20261005,0042500221,1,2026-05-05,1610612747,LAL,1630559,Austin Reaves,1610612760,OKC,1631096,Chet Holmgren,79,5.8,10.98748,9.30506,10.9,2,9,1,0,0,1,1,3,33.300000000000004,0,1,0.0,0,0,0,0,0,0,0,nba_boxscorematchupsv3
1,2025-26,Playoffs,Western Conference Semifinals,2026_lal_okc_api_20261005,0042500221,1,2026-05-05,1610612747,LAL,1630559,Austin Reaves,1610612760,OKC,1630198,Isaiah Joe,1,0.2,0.32050999999999996,0.11778999999999999,3.1,0,0,0,0,0,0,0,0,0.0,0,0,0.0,0,0,0,0,0,0,0,nba_boxscorematchupsv3
1,2025-26,Playoffs,Western Conference Semifinals,2026_lal_okc_api_20261005,0042500221,1,2026-05-05,1610612747,LAL,1630559,Austin Reaves,1610612760,OKC,1642272,Jared McCain,28,2.3,8.66873,3.298,17.299999999999997,2,7,2,0,0,0,1,2,50.0,0,0,0.0,0,0,0,0,0,0,0,nba_boxscorematchupsv3
1,2025-26,Playoffs,Western Conference Semifinals,2026_lal_okc_api_20261005,0042500221,1,2026-05-05,1610612747,LAL,1630559,Austin Reaves,1610612760,OKC,1642349,Ajay Mitchell,244,17.5,38.00623,28.73969,51.6,0,10,0,0,0,0,0,1,0.0,0,0,0.0,0,0,0,0,0,0,0,nba_boxscorematchupsv3
1,2025-26,Playoffs,Western Conference Semifinals,2026_lal_okc_api_20261005,0042500221,1,2026-05-05,1610612747,LAL,1630559,Austin Reaves,1610612760,OKC,1641717,Cason Wallace,276,17.7,57.38046,32.50883,65.5,0,12,1,0,0,1,0,2,0.0,0,2,0.0,0,0,0,0,0,0,0,nba_boxscorematchupsv3
1,2025-26,Playoffs,Western Conference Semifinals,2026_lal_okc_api_20261005,0042500221,1,2026-05-05,1610612747,LAL,1630559,Austin Reaves,1610612760,OKC,1631119,Jaylin Williams,16,1.2,2.97952,1.88457,7.199999999999999,0,0,0,0,2,0,0,0,0.0,0,0,0.0,0,0,0,0,0,0,0,nba_boxscorematchupsv3
1,2025-26,Playoffs,Western Conference Semifinals,2026_lal_okc_api_20261005,0042500221,1,2026-05-05,1610612747,LAL,203935,Marcus Smart,1610612760,OKC,1627936,Alex Caruso,31,2.6,5.88235,4.08971,9.8,0,2,0,0,0,0,0,1,0.0,0,1,0.0,0,0,0,0,0,0,0,nba_boxscorematchupsv3
1,2025-26,Playoffs,Western Conference Semifinals,2026_lal_okc_api_20261005,0042500221,1,2026-05-05,1610612747,LAL,203935,Marcus Smart,1610612760,OKC,1629652,Luguentz Dort,33,2.4,5.1401900000000005,4.35356,6.6000000000000005,2,9,0,0,0,0,1,1,100.0,0,0,0.0,0,0,0,0,0,0,0,nba_boxscorematchupsv3
1,2025-26,Playoffs,Western Conference Semifinals,2026_lal_okc_api_20261005,0042500221,1,2026-05-05,1610612747,LAL,203935,Marcus Smart,1610612760,OKC,1628983,Shai Gilgeous-Alexander,312,23.7,36.40607,41.16095,54.1,0,15,0,0,1,0,0,3,0.0,0,1,0.0,0,0,0,0,0,0,0,nba_boxscorematchupsv3
1,2025-26,Playoffs,Western Conference Semifinals,2026_lal_okc_api_20261005,0042500221,1,2026-05-05,1610612747,LAL,203935,Marcus Smart,1610612760,OKC,1628392,Isaiah Hartenstein,19,2.4,3.5316,2.5066,7.3999999999999995,2,2,1,0,0,0,1,2,50.0,0,1,0.0,0,0,0,0,0,0,0,nba_boxscorematchupsv3
1,2025-26,Playoffs,Western Conference Semifinals,2026_lal_okc_api_20261005,0042500221,1,2026-05-05,1610612747,LAL,203935,Marcus Smart,1610612760,OKC,1631096,Chet Holmgren,28,1.7,3.8943,3.69393,5.3,0,3,0,0,0,0,0,0,0.0,0,0,0.0,0,0,0,0,0,0,0,nba_boxscorematchupsv3
1,2025-26,Playoffs,Western Conference Semifinals,2026_lal_okc_api_20261005,0042500221,1,2026-05-05,1610612747,LAL,203935,Marcus Smart,1610612760,OKC,1630198,Isaiah Joe,10,0.8,3.2051299999999996,1.31926,5.0,0,2,0,0,0,0,0,0,0.0,0,0,0.0,0,0,0,0,0,0,0,nba_boxscorematchupsv3
1,2025-26,Playoffs,Western Conference Semifinals,2026_lal_okc_api_20261005,0042500221,1,2026-05-05,1610612747,LAL,203935,Marcus Smart,1610612760,OKC,1642272,Jared McCain,57,3.8,17.64706,7.5197899999999995,39.6,0,5,2,0,1,0,0,0,0.0,0,0,0.0,0,0,0,0,0,0,0,nba_boxscorematchupsv3
1,2025-26,Playoffs,Western Conference Semifinals,2026_lal_okc_api_20261005,0042500221,1,2026-05-05,1610612747,LAL,203935,Marcus Smart,1610612760,OKC,1642349,Ajay Mitchell,167,9.0,26.012459999999997,22.03166,26.1,0,10,2,0,1,0,0,3,0.0,0,1,0.0,0,0,0,0,0,0,0,nba_boxscorematchupsv3
1,2025-26,Playoffs,Western Conference Semifinals,2026_lal_okc_api_20261005,0042500221,1,2026-05-05,1610612747,LAL,203935,Marcus Smart,1610612760,OKC,1641717,Cason Wallace,73,6.7,15.17672,9.63061,23.200000000000003,8,10,0,0,0,0,2,3,66.7,2,3,66.7,2,2,1,0,0,0,0,nba_boxscorematchupsv3
1,2025-26,Playoffs,Western Conference Semifinals,2026_lal_okc_api_20261005,0042500221,1,2026-05-05,1610612747,LAL,203935,Marcus Smart,1610612760,OKC,1631119,Jaylin Williams,28,3.0,5.21415,3.69393,9.9,0,4,1,0,0,0,0,2,0.0,0,1,0.0,0,0,0,0,0,0,0,nba_boxscorematchupsv3
1,2025-26,Playoffs,Western Conference Semifinals,2026_lal_okc_api_20261005,0042500221,1,2026-05-05,1610612747,LAL,1628379,Luke Kennard,1610612760,OKC,1627936,Alex Caruso,63,4.1,11.954460000000001,9.44528,14.399999999999999,0,0,0,0,0,0,0,0,0.0,0,0,0.0,0,0,0,0,0,0,0,nba_boxscorematchupsv3
1,2025-26,Playoffs,Western Conference Semifinals,2026_lal_okc_api_20261005,0042500221,1,2026-05-05,1610612747,LAL,1628379,Luke Kennard,1610612760,OKC,1629652,Luguentz Dort,14,1.9,2.1806900000000002,2.0989500000000003,6.1,0,3,0,0,0,0,0,0,0.0,0,0,0.0,0,0,0,0,0,0,0,nba_boxscorematchupsv3
1,2025-26,Playoffs,Western Conference Semifinals,2026_lal_okc_api_20261005,0042500221,1,2026-05-05,1610612747,LAL,1628379,Luke Kennard,1610612760,OKC,1628983,Shai Gilgeous-Alexander,77,4.9,8.98483,11.544229999999999,14.000000000000002,3,9,0,0,0,0,1,1,100.0,1,1,100.0,0,0,0,0,0,0,0,nba_boxscorematchupsv3
1,2025-26,Playoffs,Western Conference Semifinals,2026_lal_okc_api_20261005,0042500221,1,2026-05-05,1610612747,LAL,1628379,Luke Kennard,1610612760,OKC,1628392,Isaiah Hartenstein,1,1.0,0.18587,0.14993,3.6999999999999997,0,0,0,0,0,0,0,0,0.0,0,0,0.0,0,0,0,0,0,0,0,nba_boxscorematchupsv3
1,2025-26,Playoffs,Western Conference Semifinals,2026_lal_okc_api_20261005,0042500221,1,2026-05-05,1610612747,LAL,1628379,Luke Kennard,1610612760,OKC,1631096,Chet Holmgren,18,1.8,2.50348,2.69865,7.3999999999999995,0,4,0,0,0,0,0,1,0.0,0,1,0.0,0,0,0,0,0,0,0,nba_boxscorematchupsv3
1,2025-26,Playoffs,Western Conference Semifinals,2026_lal_okc_api_20261005,0042500221,1,2026-05-05,1610612747,LAL,1628379,Luke Kennard,1610612760,OKC,1630198,Isaiah Joe,202,16.3,64.74359,30.284860000000002,74.2,0,5,1,0,1,0,0,1,0.0,0,1,0.0,0,0,0,0,0,0,0,nba_boxscorematchupsv3
1,2025-26,Playoffs,Western Conference Semifinals,2026_lal_okc_api_20261005,0042500221,1,2026-05-05,1610612747,LAL,1628379,Luke Kennard,1610612760,OKC,1642272,Jared McCain,165,10.1,51.08359,24.73763,68.10000000000001,3,11,0,0,1,0,0,0,0.0,0,0,0.0,3,3,1,0,0,0,0,nba_boxscorematchupsv3
1,2025-26,Playoffs,Western Conference Semifinals,2026_lal_okc_api_20261005,0042500221,1,2026-05-05,1610612747,LAL,1628379,Luke Kennard,1610612760,OKC,1642349,Ajay Mitchell,57,2.8,8.8785,8.54573,19.400000000000002,0,7,0,0,0,0,0,0,0.0,0,0,0.0,0,0,0,0,0,0,0,nba_boxscorematchupsv3
1,2025-26,Playoffs,Western Conference Semifinals,2026_lal_okc_api_20261005,0042500221,1,2026-05-05,1610612747,LAL,1628379,Luke Kennard,1610612760,OKC,1641717,Cason Wallace,22,1.6,4.5738,3.29835,7.199999999999999,0,2,0,0,0,0,0,0,0.0,0,0,0.0,0,0,0,0,0,0,0,nba_boxscorematchupsv3
1,2025-26,Playoffs,Western Conference Semifinals,2026_lal_okc_api_20261005,0042500221,1,2026-05-05,1610612747,LAL,1628379,Luke Kennard,1610612760,OKC,1630598,Aaron Wiggins,2,0.4,1.68067,0.29985,4.0,0,0,0,0,0,0,0,0,0.0,0,0,0.0,0,0,0,0,0,0,0,nba_boxscorematchupsv3
1,2025-26,Playoffs,Western Conference Semifinals,2026_lal_okc_api_20261005,0042500221,1,2026-05-05,1610612747,LAL,1628379,Luke Kennard,1610612760,OKC,1631119,Jaylin Williams,46,4.5,8.56611,6.8965499999999995,13.600000000000001,0,2,0,0,0,0,0,1,0.0,0,0,0.0,0,0,0,0,0,0,0,nba_boxscorematchupsv3
1,2025-26,Playoffs,Western Conference Semifinals,2026_lal_okc_api_20261005,0042500221,1,2026-05-05,1610612747,LAL,1629637,Jaxson Hayes,1610612760,OKC,1627936,Alex Caruso,13,1.4,2.46679,2.89532,6.9,0,2,0,0,0,0,0,0,0.0,0,0,0.0,0,0,0,0,0,0,0,nba_boxscorematchupsv3
1,2025-26,Playoffs,Western Conference Semifinals,2026_lal_okc_api_20261005,0042500221,1,2026-05-05,1610612747,LAL,1629637,Jaxson Hayes,1610612760,OKC,1629652,Luguentz Dort,5,1.7,0.7788200000000001,1.11359,8.9,1,1,0,0,0,0,0,0,0.0,0,0,0.0,1,2,1,0,0,0,0,nba_boxscorematchupsv3
1,2025-26,Playoffs,Western Conference Semifinals,2026_lal_okc_api_20261005,0042500221,1,2026-05-05,1610612747,LAL,1629637,Jaxson Hayes,1610612760,OKC,1628983,Shai Gilgeous-Alexander,35,4.2,4.08401,7.795100000000001,10.4,0,1,0,0,0,1,0,1,0.0,0,0,0.0,0,0,0,0,0,0,0,nba_boxscorematchupsv3
1,2025-26,Playoffs,Western Conference Semifinals,2026_lal_okc_api_20261005,0042500221,1,2026-05-05,1610612747,LAL,1629637,Jaxson Hayes,1610612760,OKC,1628392,Isaiah Hartenstein,50,3.9,9.29368,11.135860000000001,66.7,2,7,0,0,0,0,1,1,100.0,0,0,0.0,0,0,0,0,0,0,0,nba_boxscorematchupsv3
1,2025-26,Playoffs,Western Conference Semifinals,2026_lal_okc_api_20261005,0042500221,1,2026-05-05,1610612747,LAL,1629637,Jaxson Hayes,1610612760,OKC,1631096,Chet Holmgren,67,5.4,9.3185,14.92205,32.2,0,0,0,0,0,0,0,0,0.0,0,0,0.0,0,0,0,0,0,0,0,nba_boxscorematchupsv3
1,2025-26,Playoffs,Western Conference Semifinals,2026_lal_okc_api_20261005,0042500221,1,2026-05-05,1610612747,LAL,1629637,Jaxson Hayes,1610612760,OKC,1630198,Isaiah Joe,8,0.8,2.5641000000000003,1.78174,4.7,0,3,0,0,0,0,0,1,0.0,0,0,0.0,0,0,0,0,0,0,0,nba_boxscorematchupsv3
1,2025-26,Playoffs,Western Conference Semifinals,2026_lal_okc_api_20261005,0042500221,1,2026-05-05,1610612747,LAL,1629637,Jaxson Hayes,1610612760,OKC,1642349,Ajay Mitchell,1,0.5,0.15575999999999998,0.22272,5.5,0,0,0,0,0,0,0,0,0.0,0,0,0.0,0,0,0,0,0,0,0,nba_boxscorematchupsv3
1,2025-26,Playoffs,Western Conference Semifinals,2026_lal_okc_api_20261005,0042500221,1,2026-05-05,1610612747,LAL,1629637,Jaxson Hayes,1610612760,OKC,1641717,Cason Wallace,26,1.3,5.40541,5.79065,8.1,0,2,0,0,0,0,0,0,0.0,0,0,0.0,0,0,0,0,0,0,0,nba_boxscorematchupsv3
1,2025-26,Playoffs,Western Conference Semifinals,2026_lal_okc_api_20261005,0042500221,1,2026-05-05,1610612747,LAL,1629637,Jaxson Hayes,1610612760,OKC,1631119,Jaylin Williams,244,14.8,45.43762,54.34298,69.19999999999999,0,9,1,0,2,0,0,0,0.0,0,0,0.0,0,0,0,0,0,0,0,nba_boxscorematchupsv3
1,2025-26,Playoffs,Western Conference Semifinals,2026_lal_okc_api_20261005,0042500221,1,2026-05-05,1610612747,LAL,1631222,Jake LaRavia,1610612760,OKC,1627936,Alex Caruso,10,2.4,1.8975300000000002,2.7397299999999998,7.9,0,2,0,0,1,0,0,0,0.0,0,0,0.0,0,0,0,0,0,0,0,nba_boxscorematchupsv3
1,2025-26,Playoffs,Western Conference Semifinals,2026_lal_okc_api_20261005,0042500221,1,2026-05-05,1610612747,LAL,1631222,Jake LaRavia,1610612760,OKC,1628983,Shai Gilgeous-Alexander,232,17.5,27.071180000000002,63.56164,68.7,0,8,0,0,0,0,0,1,0.0,0,0,0.0,0,0,0,0,0,0,0,nba_boxscorematchupsv3
1,2025-26,Playoffs,Western Conference Semifinals,2026_lal_okc_api_20261005,0042500221,1,2026-05-05,1610612747,LAL,1631222,Jake LaRavia,1610612760,OKC,1628392,Isaiah Hartenstein,6,0.3,1.11524,1.64384,6.1,0,3,0,0,0,0,0,0,0.0,0,0,0.0,0,0,0,0,0,0,0,nba_boxscorematchupsv3
1,2025-26,Playoffs,Western Conference Semifinals,2026_lal_okc_api_20261005,0042500221,1,2026-05-05,1610612747,LAL,1631222,Jake LaRavia,1610612760,OKC,1631096,Chet Holmgren,5,0.1,0.6954100000000001,1.36986,8.200000000000001,0,0,0,0,0,0,0,0,0.0,0,0,0.0,0,0,0,0,0,0,0,nba_boxscorematchupsv3
1,2025-26,Playoffs,Western Conference Semifinals,2026_lal_okc_api_20261005,0042500221,1,2026-05-05,1610612747,LAL,1631222,Jake LaRavia,1610612760,OKC,1630198,Isaiah Joe,15,1.1,4.80769,4.10959,6.800000000000001,0,0,0,0,1,0,0,0,0.0,0,0,0.0,0,0,0,0,0,0,0,nba_boxscorematchupsv3
1,2025-26,Playoffs,Western Conference Semifinals,2026_lal_okc_api_20261005,0042500221,1,2026-05-05,1610612747,LAL,1631222,Jake LaRavia,1610612760,OKC,1642272,Jared McCain,16,0.8,4.9535599999999995,4.38356,9.4,3,3,0,0,0,0,1,1,100.0,1,1,100.0,0,0,0,0,0,0,0,nba_boxscorematchupsv3
1,2025-26,Playoffs,Western Conference Semifinals,2026_lal_okc_api_20261005,0042500221,1,2026-05-05,1610612747,LAL,1631222,Jake LaRavia,1610612760,OKC,1642349,Ajay Mitchell,16,1.9,2.49221,4.38356,13.200000000000001,0,2,0,0,0,0,0,0,0.0,0,0,0.0,0,0,0,0,0,0,0,nba_boxscorematchupsv3
1,2025-26,Playoffs,Western Conference Semifinals,2026_lal_okc_api_20261005,0042500221,1,2026-05-05,1610612747,LAL,1631222,Jake LaRavia,1610612760,OKC,1641717,Cason Wallace,15,1.2,3.1185,4.10959,12.1,0,0,0,0,0,0,0,0,0.0,0,0,0.0,0,0,0,0,0,0,0,nba_boxscorematchupsv3
1,2025-26,Playoffs,Western Conference Semifinals,2026_lal_okc_api_20261005,0042500221,1,2026-05-05,1610612747,LAL,1631222,Jake LaRavia,1610612760,OKC,1630598,Aaron Wiggins,13,1.1,10.92437,3.56164,31.8,0,0,0,0,0,0,0,0,0.0,0,0,0.0,0,0,0,0,0,0,0,nba_boxscorematchupsv3
1,2025-26,Playoffs,Western Conference Semifinals,2026_lal_okc_api_20261005,0042500221,1,2026-05-05,1610612747,LAL,1631222,Jake LaRavia,1610612760,OKC,1631119,Jaylin Williams,37,1.9,6.89013,10.136989999999999,11.600000000000001,0,0,0,0,0,0,0,0,0.0,0,0,0.0,0,0,0,0,0,0,0,nba_boxscorematchupsv3
1,2025-26,Playoffs,Western Conference Semifinals,2026_lal_okc_api_20261005,0042500221,1,2026-05-05,1610612747,LAL,1629020,Jarred Vanderbilt,1610612760,OKC,1627936,Alex Caruso,19,2.0,3.60531,15.96639,14.000000000000002,2,7,0,0,0,0,1,1,100.0,0,0,0.0,0,0,0,0,0,0,0,nba_boxscorematchupsv3
1,2025-26,Playoffs,Western Conference Semifinals,2026_lal_okc_api_20261005,0042500221,1,2026-05-05,1610612747,LAL,1629020,Jarred Vanderbilt,1610612760,OKC,1628392,Isaiah Hartenstein,8,1.0,1.48699,6.722690000000001,13.3,0,0,0,0,0,0,0,0,0.0,0,0,0.0,0,0,0,0,0,0,0,nba_boxscorematchupsv3
1,2025-26,Playoffs,Western Conference Semifinals,2026_lal_okc_api_20261005,0042500221,1,2026-05-05,1610612747,LAL,1629020,Jarred Vanderbilt,1610612760,OKC,1631096,Chet Holmgren,31,2.4,4.31154,26.050420000000003,68.2,0,2,0,0,0,0,0,0,0.0,0,0,0.0,0,0,0,0,0,0,0,nba_boxscorematchupsv3
1,2025-26,Playoffs,Western Conference Semifinals,2026_lal_okc_api_20261005,0042500221,1,2026-05-05,1610612747,LAL,1629020,Jarred Vanderbilt,1610612760,OKC,1642272,Jared McCain,1,0.6,0.3096,0.84034,6.1,0,0,0,0,0,0,0,0,0.0,0,0,0.0,0,0,0,0,0,0,0,nba_boxscorematchupsv3
1,2025-26,Playoffs,Western Conference Semifinals,2026_lal_okc_api_20261005,0042500221,1,2026-05-05,1610612747,LAL,1629020,Jarred Vanderbilt,1610612760,OKC,1642349,Ajay Mitchell,5,0.4,0.7788200000000001,4.20168,4.1000000000000005,0,0,0,0,0,0,0,0,0.0,0,0,0.0,0,0,0,0,0,0,0,nba_boxscorematchupsv3
1,2025-26,Playoffs,Western Conference Semifinals,2026_lal_okc_api_20261005,0042500221,1,2026-05-05,1610612747,LAL,1629020,Jarred Vanderbilt,1610612760,OKC,1641717,Cason Wallace,4,1.0,0.8316,3.36134,13.0,0,0,0,0,0,0,0,0,0.0,0,0,0.0,0,0,0,0,0,0,0,nba_boxscorematchupsv3
1,2025-26,Playoffs,Western Conference Semifinals,2026_lal_okc_api_20261005,0042500221,1,2026-05-05,1610612747,LAL,1629020,Jarred Vanderbilt,1610612760,OKC,1630598,Aaron Wiggins,51,3.5,42.85714,42.85714,68.4,0,4,0,0,0,0,0,1,0.0,0,1,0.0,0,0,0,0,0,0,0,nba_boxscorematchupsv3
1,2025-26,Playoffs,Western Conference Semifinals,2026_lal_okc_api_20261005,0042500221,1,2026-05-05,1610612747,LAL,1642355,Bronny James,1610612760,OKC,1630198,Isaiah Joe,12,1.1,3.84615,23.529410000000002,31.3,0,3,0,0,0,0,0,0,0.0,0,0,0.0,0,0,0,0,0,0,0,nba_boxscorematchupsv3
1,2025-26,Playoffs,Western Conference Semifinals,2026_lal_okc_api_20261005,0042500221,1,2026-05-05,1610612747,LAL,1642355,Bronny James,1610612760,OKC,1642272,Jared McCain,25,1.1,7.739939999999999,49.01961,45.6,0,0,0,0,0,0,0,0,0.0,0,0,0.0,0,0,0,0,0,0,0,nba_boxscorematchupsv3
1,2025-26,Playoffs,Western Conference Semifinals,2026_lal_okc_api_20261005,0042500221,1,2026-05-05,1610612747,LAL,1642355,Bronny James,1610612760,OKC,1630598,Aaron Wiggins,13,0.7,10.92437,25.4902,22.2,0,0,0,0,0,0,0,0,0.0,0,0,0.0,0,0,0,0,0,0,0,nba_boxscorematchupsv3
1,2025-26,Playoffs,Western Conference Semifinals,2026_lal_okc_api_20261005,0042500221,1,2026-05-05,1610612747,LAL,1642355,Bronny James,1610612760,OKC,1631119,Jaylin Williams,1,0.1,0.18622,1.9607800000000002,2.1999999999999997,0,0,1,0,0,0,0,0,0.0,0,0,0.0,0,0,0,0,0,0,0,nba_boxscorematchupsv3
1,2025-26,Playoffs,Western Conference Semifinals,2026_lal_okc_api_20261005,0042500221,1,2026-05-05,1610612747,LAL,1641733,Nick Smith Jr.,1610612760,OKC,1630198,Isaiah Joe,12,0.6,3.84615,24.4898,21.0,0,0,0,0,0,0,0,0,0.0,0,0,0.0,0,0,0,0,0,0,0,nba_boxscorematchupsv3
1,2025-26,Playoffs,Western Conference Semifinals,2026_lal_okc_api_20261005,0042500221,1,2026-05-05,1610612747,LAL,1641733,Nick Smith Jr.,1610612760,OKC,1642272,Jared McCain,10,1.0,3.09598,20.40816,26.400000000000002,0,0,0,0,0,0,0,0,0.0,0,0,0.0,0,0,0,0,0,0,0,nba_boxscorematchupsv3
1,2025-26,Playoffs,Western Conference Semifinals,2026_lal_okc_api_20261005,0042500221,1,2026-05-05,1610612747,LAL,1641733,Nick Smith Jr.,1610612760,OKC,1630598,Aaron Wiggins,15,0.6,12.60504,30.61224,23.1,0,3,0,0,0,0,0,0,0.0,0,0,0.0,0,0,0,0,0,0,0,nba_boxscorematchupsv3
1,2025-26,Playoffs,Western Conference Semifinals,2026_lal_okc_api_20261005,0042500221,1,2026-05-05,1610612747,LAL,1641733,Nick Smith Jr.,1610612760,OKC,1631119,Jaylin Williams,6,0.3,1.1173199999999999,12.2449,9.8,0,0,0,0,0,0,0,0,0.0,0,0,0.0,0,0,0,0,0,0,0,nba_boxscorematchupsv3
1,2025-26,Playoffs,Western Conference Semifinals,2026_lal_okc_api_20261005,0042500221,1,2026-05-05,1610612747,LAL,1641733,Nick Smith Jr.,1610612760,OKC,1629026,Kenrich Williams,6,0.3,11.764710000000001,12.2449,13.900000000000002,0,0,0,0,0,0,0,0,0.0,0,0,0.0,0,0,0,0,0,0,0,nba_boxscorematchupsv3
1,2025-26,Playoffs,Western Conference Semifinals,2026_lal_okc_api_20261005,0042500221,1,2026-05-05,1610612747,LAL,1642876,Adou Thiero,1610612760,OKC,1630198,Isaiah Joe,26,1.2,8.33333,53.06122,47.599999999999994,0,0,0,0,0,0,0,0,0.0,0,0,0.0,0,0,0,0,0,0,0,nba_boxscorematchupsv3
1,2025-26,Playoffs,Western Conference Semifinals,2026_lal_okc_api_20261005,0042500221,1,2026-05-05,1610612747,LAL,1642876,Adou Thiero,1610612760,OKC,1630598,Aaron Wiggins,2,0.2,1.68067,4.08163,6.5,0,0,0,0,0,0,0,0,0.0,0,0,0.0,0,0,0,0,0,0,0,nba_boxscorematchupsv3
1,2025-26,Playoffs,Western Conference Semifinals,2026_lal_okc_api_20261005,0042500221,1,2026-05-05,1610612747,LAL,1642876,Adou Thiero,1610612760,OKC,1631119,Jaylin Williams,21,1.6,3.9106099999999997,42.85714,45.300000000000004,0,3,0,0,0,0,0,0,0.0,0,0,0.0,0,0,0,0,0,0,0,nba_boxscorematchupsv3
1,2025-26,Playoffs,Western Conference Semifinals,2026_lal_okc_api_20261005,0042500221,1,2026-05-05,1610612747,LAL,1642261,Dalton Knecht,1610612760,OKC,1630598,Aaron Wiggins,7,0.4,5.88235,13.207550000000001,16.3,0,0,0,0,0,0,0,0,0.0,0,0,0.0,0,0,0,0,0,0,0,nba_boxscorematchupsv3
1,2025-26,Playoffs,Western Conference Semifinals,2026_lal_okc_api_20261005,0042500221,1,2026-05-05,1610612747,LAL,1642261,Dalton Knecht,1610612760,OKC,1631119,Jaylin Williams,1,0.2,0.18622,1.88679,5.5,0,0,0,0,0,0,0,0,0.0,0,0,0.0,0,0,0,0,0,0,0,nba_boxscorematchupsv3
1,2025-26,Playoffs,Western Conference Semifinals,2026_lal_okc_api_20261005,0042500221,1,2026-05-05,1610612747,LAL,1642261,Dalton Knecht,1610612760,OKC,1629026,Kenrich Williams,45,2.6,88.23529,84.90566000000001,83.8,0,3,0,0,0,0,0,1,0.0,0,0,0.0,0,0,0,0,0,0,0,nba_boxscorematchupsv3
1,2025-26,Playoffs,Western Conference Semifinals,2026_lal_okc_api_20261005,0042500222,2,2026-05-07,1610612760,OKC,1629652,Luguentz Dort,1610612747,LAL,1629028,Deandre Ayton,45,6.3,7.38916,9.3361,11.200000000000001,0,0,0,0,0,0,0,2,0.0,0,2,0.0,0,0,0,0,0,0,0,nba_boxscorematchupsv3
1,2025-26,Playoffs,Western Conference Semifinals,2026_lal_okc_api_20261005,0042500222,2,2026-05-07,1610612760,OKC,1629652,Luguentz Dort,1610612747,LAL,1629060,Rui Hachimura,95,5.7,12.97814,19.70954,15.2,0,4,0,0,0,0,0,2,0.0,0,2,0.0,0,0,0,0,0,0,0,nba_boxscorematchupsv3
1,2025-26,Playoffs,Western Conference Semifinals,2026_lal_okc_api_20261005,0042500222,2,2026-05-07,1610612760,OKC,1629652,Luguentz Dort,1610612747,LAL,1629637,Jaxson Hayes,6,0.0,2.01342,1.24481,100.0,0,0,0,0,0,0,0,0,0.0,0,0,0.0,0,0,0,0,0,0,0,nba_boxscorematchupsv3
1,2025-26,Playoffs,Western Conference Semifinals,2026_lal_okc_api_20261005,0042500222,2,2026-05-07,1610612760,OKC,1629652,Luguentz Dort,1610612747,LAL,2544,LeBron James,261,22.4,31.86813,54.14938,55.1,0,21,1,0,0,0,0,1,0.0,0,1,0.0,0,0,0,0,0,0,0,nba_boxscorematchupsv3
1,2025-26,Playoffs,Western Conference Semifinals,2026_lal_okc_api_20261005,0042500222,2,2026-05-07,1610612760,OKC,1629652,Luguentz Dort,1610612747,LAL,1628379,Luke Kennard,13,0.4,2.32558,2.6971,8.1,0,2,0,0,0,0,0,0,0.0,0,0,0.0,0,0,0,0,0,0,0,nba_boxscorematchupsv3
1,2025-26,Playoffs,Western Conference Semifinals,2026_lal_okc_api_20261005,0042500222,2,2026-05-07,1610612760,OKC,1629652,Luguentz Dort,1610612747,LAL,1630559,Austin Reaves,43,4.5,5.40201,8.92116,10.9,3,14,1,0,0,0,1,1,100.0,1,1,100.0,0,0,0,0,0,0,0,nba_boxscorematchupsv3
1,2025-26,Playoffs,Western Conference Semifinals,2026_lal_okc_api_20261005,0042500222,2,2026-05-07,1610612760,OKC,1629652,Luguentz Dort,1610612747,LAL,203935,Marcus Smart,15,1.5,2.04638,3.11203,4.6,0,0,0,0,1,0,0,0,0.0,0,0,0.0,0,0,0,0,0,0,0,nba_boxscorematchupsv3
1,2025-26,Playoffs,Western Conference Semifinals,2026_lal_okc_api_20261005,0042500222,2,2026-05-07,1610612760,OKC,1629652,Luguentz Dort,1610612747,LAL,1642876,Adou Thiero,4,0.2,2.42424,0.8298800000000001,6.5,0,0,0,0,1,0,0,0,0.0,0,0,0.0,0,0,0,0,0,0,0,nba_boxscorematchupsv3
1,2025-26,Playoffs,Western Conference Semifinals,2026_lal_okc_api_20261005,0042500222,2,2026-05-07,1610612760,OKC,1631096,Chet Holmgren,1610612747,LAL,1629028,Deandre Ayton,88,7.1,14.449919999999999,12.307690000000001,15.4,12,19,0,0,0,0,3,4,75.0,3,3,100.0,3,3,2,0,0,0,0,nba_boxscorematchupsv3
1,2025-26,Playoffs,Western Conference Semifinals,2026_lal_okc_api_20261005,0042500222,2,2026-05-07,1610612760,OKC,1631096,Chet Holmgren,1610612747,LAL,1629060,Rui Hachimura,294,27.1,40.16393,41.118880000000004,52.5,0,15,0,0,0,0,0,2,0.0,0,1,0.0,0,0,0,0,0,0,0,nba_boxscorematchupsv3
1,2025-26,Playoffs,Western Conference Semifinals,2026_lal_okc_api_20261005,0042500222,2,2026-05-07,1610612760,OKC,1631096,Chet Holmgren,1610612747,LAL,1629637,Jaxson Hayes,26,3.0,8.72483,3.6363600000000003,32.1,0,12,0,0,0,0,0,0,0.0,0,0,0.0,0,0,0,0,0,0,0,nba_boxscorematchupsv3
1,2025-26,Playoffs,Western Conference Semifinals,2026_lal_okc_api_20261005,0042500222,2,2026-05-07,1610612760,OKC,1631096,Chet Holmgren,1610612747,LAL,2544,LeBron James,58,5.8,7.081809999999999,8.111889999999999,8.1,4,11,0,0,0,0,2,3,66.7,0,1,0.0,0,0,0,0,0,0,0,nba_boxscorematchupsv3
1,2025-26,Playoffs,Western Conference Semifinals,2026_lal_okc_api_20261005,0042500222,2,2026-05-07,1610612760,OKC,1631096,Chet Holmgren,1610612747,LAL,1628379,Luke Kennard,46,4.1,8.22898,6.43357,11.1,2,5,0,0,0,0,1,1,100.0,0,0,0.0,0,0,0,0,0,0,0,nba_boxscorematchupsv3
1,2025-26,Playoffs,Western Conference Semifinals,2026_lal_okc_api_20261005,0042500222,2,2026-05-07,1610612760,OKC,1631096,Chet Holmgren,1610612747,LAL,1631222,Jake LaRavia,48,2.5,19.67213,6.71329,65.5,1,1,1,0,0,0,0,0,0.0,0,0,0.0,1,2,0,0,0,0,0,nba_boxscorematchupsv3
1,2025-26,Playoffs,Western Conference Semifinals,2026_lal_okc_api_20261005,0042500222,2,2026-05-07,1610612760,OKC,1631096,Chet Holmgren,1610612747,LAL,1630559,Austin Reaves,84,5.8,10.55276,11.74825,12.6,3,7,1,0,0,0,1,1,100.0,0,0,0.0,1,2,1,0,0,0,0,nba_boxscorematchupsv3
1,2025-26,Playoffs,Western Conference Semifinals,2026_lal_okc_api_20261005,0042500222,2,2026-05-07,1610612760,OKC,1631096,Chet Holmgren,1610612747,LAL,203935,Marcus Smart,20,1.7,2.72851,2.7972,3.6999999999999997,0,5,0,0,0,0,0,0,0.0,0,0,0.0,0,0,0,0,0,0,0,nba_boxscorematchupsv3
1,2025-26,Playoffs,Western Conference Semifinals,2026_lal_okc_api_20261005,0042500222,2,2026-05-07,1610612760,OKC,1631096,Chet Holmgren,1610612747,LAL,1642876,Adou Thiero,51,3.6,30.90909,7.13287,86.2,0,6,0,0,0,0,0,0,0.0,0,0,0.0,0,0,0,0,0,0,0,nba_boxscorematchupsv3
1,2025-26,Playoffs,Western Conference Semifinals,2026_lal_okc_api_20261005,0042500222,2,2026-05-07,1610612760,OKC,1628392,Isaiah Hartenstein,1610612747,LAL,1629028,Deandre Ayton,272,18.3,44.663380000000004,43.10618,55.400000000000006,0,19,0,0,1,0,0,1,0.0,0,0,0.0,0,0,0,0,0,0,0,nba_boxscorematchupsv3
1,2025-26,Playoffs,Western Conference Semifinals,2026_lal_okc_api_20261005,0042500222,2,2026-05-07,1610612760,OKC,1628392,Isaiah Hartenstein,1610612747,LAL,1629060,Rui Hachimura,38,2.9,5.191260000000001,6.02219,6.6000000000000005,2,7,0,0,0,0,1,1,100.0,0,0,0.0,0,0,0,0,0,0,0,nba_boxscorematchupsv3
1,2025-26,Playoffs,Western Conference Semifinals,2026_lal_okc_api_20261005,0042500222,2,2026-05-07,1610612760,OKC,1628392,Isaiah Hartenstein,1610612747,LAL,1629637,Jaxson Hayes,80,9.0,26.84564,12.67829,61.7,2,7,0,0,0,0,1,1,100.0,0,0,0.0,0,0,0,0,0,0,0,nba_boxscorematchupsv3
1,2025-26,Playoffs,Western Conference Semifinals,2026_lal_okc_api_20261005,0042500222,2,2026-05-07,1610612760,OKC,1628392,Isaiah Hartenstein,1610612747,LAL,2544,LeBron James,61,6.0,7.44811,9.66719,14.099999999999998,0,9,0,0,0,0,0,0,0.0,0,0,0.0,0,0,0,0,0,0,0,nba_boxscorematchupsv3
1,2025-26,Playoffs,Western Conference Semifinals,2026_lal_okc_api_20261005,0042500222,2,2026-05-07,1610612760,OKC,1628392,Isaiah Hartenstein,1610612747,LAL,1628379,Luke Kennard,41,2.4,7.33453,6.4976199999999995,10.9,0,5,0,0,0,0,0,0,0.0,0,0,0.0,0,0,0,0,0,0,0,nba_boxscorematchupsv3
1,2025-26,Playoffs,Western Conference Semifinals,2026_lal_okc_api_20261005,0042500222,2,2026-05-07,1610612760,OKC,1628392,Isaiah Hartenstein,1610612747,LAL,1630559,Austin Reaves,69,6.0,8.668339999999999,10.93502,13.700000000000001,2,13,0,0,0,0,1,1,100.0,0,0,0.0,0,0,0,0,0,0,0,nba_boxscorematchupsv3
1,2025-26,Playoffs,Western Conference Semifinals,2026_lal_okc_api_20261005,0042500222,2,2026-05-07,1610612760,OKC,1628392,Isaiah Hartenstein,1610612747,LAL,203935,Marcus Smart,59,3.5,8.049109999999999,9.35024,12.8,4,9,0,0,0,0,2,2,100.0,0,0,0.0,0,0,0,0,0,0,0,nba_boxscorematchupsv3
1,2025-26,Playoffs,Western Conference Semifinals,2026_lal_okc_api_20261005,0042500222,2,2026-05-07,1610612760,OKC,1628392,Isaiah Hartenstein,1610612747,LAL,1642876,Adou Thiero,11,1.0,6.66667,1.74326,12.2,0,0,0,0,0,0,0,0,0.0,0,0,0.0,0,0,0,0,0,0,0,nba_boxscorematchupsv3
1,2025-26,Playoffs,Western Conference Semifinals,2026_lal_okc_api_20261005,0042500222,2,2026-05-07,1610612760,OKC,1642349,Ajay Mitchell,1610612747,LAL,1629028,Deandre Ayton,103,5.8,16.912969999999998,15.72519,17.7,6,13,0,0,1,0,2,4,50.0,0,2,0.0,2,2,1,0,0,0,0,nba_boxscorematchupsv3
1,2025-26,Playoffs,Western Conference Semifinals,2026_lal_okc_api_20261005,0042500222,2,2026-05-07,1610612760,OKC,1642349,Ajay Mitchell,1610612747,LAL,1629060,Rui Hachimura,86,7.5,11.74863,13.129769999999999,16.7,2,9,1,0,0,0,1,1,100.0,0,0,0.0,0,0,0,0,0,0,0,nba_boxscorematchupsv3
1,2025-26,Playoffs,Western Conference Semifinals,2026_lal_okc_api_20261005,0042500222,2,2026-05-07,1610612760,OKC,1642349,Ajay Mitchell,1610612747,LAL,1629637,Jaxson Hayes,7,0.5,2.34899,1.0687,7.7,2,4,0,0,0,0,0,1,0.0,0,0,0.0,2,2,1,0,0,0,0,nba_boxscorematchupsv3
1,2025-26,Playoffs,Western Conference Semifinals,2026_lal_okc_api_20261005,0042500222,2,2026-05-07,1610612760,OKC,1642349,Ajay Mitchell,1610612747,LAL,1642355,Bronny James,11,0.6,15.06849,1.6793900000000002,31.8,0,0,0,0,0,0,0,0,0.0,0,0,0.0,0,0,0,0,0,0,0,nba_boxscorematchupsv3
1,2025-26,Playoffs,Western Conference Semifinals,2026_lal_okc_api_20261005,0042500222,2,2026-05-07,1610612760,OKC,1642349,Ajay Mitchell,1610612747,LAL,2544,LeBron James,65,4.8,7.936509999999999,9.92366,9.4,0,8,0,0,0,0,0,0,0.0,0,0,0.0,0,0,0,0,0,0,0,nba_boxscorematchupsv3
1,2025-26,Playoffs,Western Conference Semifinals,2026_lal_okc_api_20261005,0042500222,2,2026-05-07,1610612760,OKC,1642349,Ajay Mitchell,1610612747,LAL,1628379,Luke Kennard,46,3.9,8.22898,7.0229,13.100000000000001,2,7,1,0,0,0,1,1,100.0,0,0,0.0,0,0,0,0,0,0,0,nba_boxscorematchupsv3
1,2025-26,Playoffs,Western Conference Semifinals,2026_lal_okc_api_20261005,0042500222,2,2026-05-07,1610612760,OKC,1642349,Ajay Mitchell,1610612747,LAL,1631222,Jake LaRavia,5,0.4,2.0491800000000002,0.76336,7.1,2,2,0,0,0,0,1,1,100.0,0,0,0.0,0,0,0,0,0,0,0,nba_boxscorematchupsv3
1,2025-26,Playoffs,Western Conference Semifinals,2026_lal_okc_api_20261005,0042500222,2,2026-05-07,1610612760,OKC,1642349,Ajay Mitchell,1610612747,LAL,1630559,Austin Reaves,152,14.3,19.095480000000002,23.20611,29.799999999999997,2,13,1,0,1,0,1,3,33.300000000000004,0,1,0.0,0,0,0,0,0,0,0,nba_boxscorematchupsv3
1,2025-26,Playoffs,Western Conference Semifinals,2026_lal_okc_api_20261005,0042500222,2,2026-05-07,1610612760,OKC,1642349,Ajay Mitchell,1610612747,LAL,203935,Marcus Smart,158,12.4,21.55525,24.12214,30.5,3,10,1,0,0,0,1,1,100.0,0,0,0.0,1,2,0,0,0,0,0,nba_boxscorematchupsv3
1,2025-26,Playoffs,Western Conference Semifinals,2026_lal_okc_api_20261005,0042500222,2,2026-05-07,1610612760,OKC,1642349,Ajay Mitchell,1610612747,LAL,1641733,Nick Smith Jr.,6,0.2,8.10811,0.91603,16.400000000000002,0,3,1,0,0,0,0,0,0.0,0,0,0.0,0,0,0,0,0,0,0,nba_boxscorematchupsv3
1,2025-26,Playoffs,Western Conference Semifinals,2026_lal_okc_api_20261005,0042500222,2,2026-05-07,1610612760,OKC,1642349,Ajay Mitchell,1610612747,LAL,1642876,Adou Thiero,16,1.3,9.69697,2.44275,19.7,1,6,0,0,0,0,0,0,0.0,0,0,0.0,1,1,1,0,0,0,0,nba_boxscorematchupsv3
1,2025-26,Playoffs,Western Conference Semifinals,2026_lal_okc_api_20261005,0042500222,2,2026-05-07,1610612760,OKC,1628983,Shai Gilgeous-Alexander,1610612747,LAL,1629028,Deandre Ayton,30,3.3,4.92611,4.73934,10.8,0,4,1,0,0,0,0,1,0.0,0,0,0.0,0,0,0,0,0,0,0,nba_boxscorematchupsv3
1,2025-26,Playoffs,Western Conference Semifinals,2026_lal_okc_api_20261005,0042500222,2,2026-05-07,1610612760,OKC,1628983,Shai Gilgeous-Alexander,1610612747,LAL,1629060,Rui Hachimura,35,3.6,4.78142,5.52923,6.9,0,0,0,0,0,0,0,0,0.0,0,0,0.0,0,0,0,0,0,0,0,nba_boxscorematchupsv3
1,2025-26,Playoffs,Western Conference Semifinals,2026_lal_okc_api_20261005,0042500222,2,2026-05-07,1610612760,OKC,1628983,Shai Gilgeous-Alexander,1610612747,LAL,1629637,Jaxson Hayes,12,1.7,4.02685,1.89573,6.3,3,3,0,0,0,0,1,2,50.0,0,0,0.0,1,2,1,0,0,0,0,nba_boxscorematchupsv3
1,2025-26,Playoffs,Western Conference Semifinals,2026_lal_okc_api_20261005,0042500222,2,2026-05-07,1610612760,OKC,1628983,Shai Gilgeous-Alexander,1610612747,LAL,2544,LeBron James,75,4.9,9.15751,11.84834,14.2,4,13,1,0,0,0,2,2,100.0,0,0,0.0,0,0,0,0,0,0,0,nba_boxscorematchupsv3
1,2025-26,Playoffs,Western Conference Semifinals,2026_lal_okc_api_20261005,0042500222,2,2026-05-07,1610612760,OKC,1628983,Shai Gilgeous-Alexander,1610612747,LAL,1628379,Luke Kennard,30,2.3,5.3667300000000004,4.73934,9.0,6,6,0,0,0,0,2,3,66.7,1,2,50.0,1,2,1,0,0,0,0,nba_boxscorematchupsv3
1,2025-26,Playoffs,Western Conference Semifinals,2026_lal_okc_api_20261005,0042500222,2,2026-05-07,1610612760,OKC,1628983,Shai Gilgeous-Alexander,1610612747,LAL,1631222,Jake LaRavia,71,5.5,29.09836,11.216429999999999,73.5,0,3,0,0,0,0,0,1,0.0,0,0,0.0,0,0,0,0,0,0,0,nba_boxscorematchupsv3
1,2025-26,Playoffs,Western Conference Semifinals,2026_lal_okc_api_20261005,0042500222,2,2026-05-07,1610612760,OKC,1628983,Shai Gilgeous-Alexander,1610612747,LAL,1630559,Austin Reaves,94,6.6,11.809050000000001,14.84992,14.000000000000002,8,10,0,0,1,0,2,2,100.0,0,0,0.0,4,4,2,0,0,0,0,nba_boxscorematchupsv3
1,2025-26,Playoffs,Western Conference Semifinals,2026_lal_okc_api_20261005,0042500222,2,2026-05-07,1610612760,OKC,1628983,Shai Gilgeous-Alexander,1610612747,LAL,203935,Marcus Smart,282,27.2,38.472030000000004,44.54976,58.9,0,34,0,0,1,0,0,2,0.0,0,1,0.0,0,0,0,0,0,0,0,nba_boxscorematchupsv3
1,2025-26,Playoffs,Western Conference Semifinals,2026_lal_okc_api_20261005,0042500222,2,2026-05-07,1610612760,OKC,1628983,Shai Gilgeous-Alexander,1610612747,LAL,1642876,Adou Thiero,4,0.5,2.42424,0.63191,13.200000000000001,0,0,0,0,0,0,0,0,0.0,0,0,0.0,0,0,0,0,0,0,0,nba_boxscorematchupsv3
1,2025-26,Playoffs,Western Conference Semifinals,2026_lal_okc_api_20261005,0042500222,2,2026-05-07,1610612760,OKC,1641717,Cason Wallace,1610612747,LAL,1629028,Deandre Ayton,6,1.5,0.98522,1.01695,7.8,0,0,0,0,0,0,0,0,0.0,0,0,0.0,0,0,0,0,0,0,0,nba_boxscorematchupsv3
1,2025-26,Playoffs,Western Conference Semifinals,2026_lal_okc_api_20261005,0042500222,2,2026-05-07,1610612760,OKC,1641717,Cason Wallace,1610612747,LAL,1629060,Rui Hachimura,37,3.9,5.05464,6.27119,7.6,2,12,0,0,0,0,1,2,50.0,0,0,0.0,0,0,0,0,0,0,0,nba_boxscorematchupsv3
1,2025-26,Playoffs,Western Conference Semifinals,2026_lal_okc_api_20261005,0042500222,2,2026-05-07,1610612760,OKC,1641717,Cason Wallace,1610612747,LAL,1629637,Jaxson Hayes,39,3.5,13.087250000000001,6.61017,13.3,0,2,0,0,0,0,0,0,0.0,0,0,0.0,0,0,0,0,0,0,0,nba_boxscorematchupsv3
1,2025-26,Playoffs,Western Conference Semifinals,2026_lal_okc_api_20261005,0042500222,2,2026-05-07,1610612760,OKC,1641717,Cason Wallace,1610612747,LAL,2544,LeBron James,81,4.6,9.89011,13.72881,14.299999999999999,0,10,1,0,0,0,0,0,0.0,0,0,0.0,0,0,0,0,0,0,0,nba_boxscorematchupsv3
1,2025-26,Playoffs,Western Conference Semifinals,2026_lal_okc_api_20261005,0042500222,2,2026-05-07,1610612760,OKC,1641717,Cason Wallace,1610612747,LAL,1628379,Luke Kennard,142,11.9,25.4025,24.067800000000002,35.5,2,19,2,0,0,0,1,2,50.0,0,1,0.0,0,0,0,0,0,0,0,nba_boxscorematchupsv3
1,2025-26,Playoffs,Western Conference Semifinals,2026_lal_okc_api_20261005,0042500222,2,2026-05-07,1610612760,OKC,1641717,Cason Wallace,1610612747,LAL,1642261,Dalton Knecht,3,0.4,4.05405,0.50847,20.5,0,0,0,0,0,0,0,0,0.0,0,0,0.0,0,0,0,0,0,0,0,nba_boxscorematchupsv3
1,2025-26,Playoffs,Western Conference Semifinals,2026_lal_okc_api_20261005,0042500222,2,2026-05-07,1610612760,OKC,1641717,Cason Wallace,1610612747,LAL,1631222,Jake LaRavia,16,1.7,6.55738,2.71186,8.799999999999999,0,0,0,0,0,0,0,0,0.0,0,0,0.0,0,0,0,0,0,0,0,nba_boxscorematchupsv3
1,2025-26,Playoffs,Western Conference Semifinals,2026_lal_okc_api_20261005,0042500222,2,2026-05-07,1610612760,OKC,1641717,Cason Wallace,1610612747,LAL,1630559,Austin Reaves,162,18.0,20.35176,27.457629999999998,35.3,8,22,1,0,0,0,2,2,100.0,2,2,100.0,2,2,1,0,0,0,0,nba_boxscorematchupsv3
1,2025-26,Playoffs,Western Conference Semifinals,2026_lal_okc_api_20261005,0042500222,2,2026-05-07,1610612760,OKC,1641717,Cason Wallace,1610612747,LAL,203935,Marcus Smart,86,7.1,11.732610000000001,14.57627,18.6,0,5,0,0,0,0,0,1,0.0,0,0,0.0,0,0,0,0,0,0,0,nba_boxscorematchupsv3
1,2025-26,Playoffs,Western Conference Semifinals,2026_lal_okc_api_20261005,0042500222,2,2026-05-07,1610612760,OKC,1641717,Cason Wallace,1610612747,LAL,1641733,Nick Smith Jr.,11,1.0,14.864859999999998,1.8644100000000001,43.4,0,0,0,0,0,0,0,0,0.0,0,0,0.0,0,0,0,0,0,0,0,nba_boxscorematchupsv3
1,2025-26,Playoffs,Western Conference Semifinals,2026_lal_okc_api_20261005,0042500222,2,2026-05-07,1610612760,OKC,1641717,Cason Wallace,1610612747,LAL,1642876,Adou Thiero,7,0.7,4.24242,1.1864400000000002,15.9,0,0,0,0,0,0,0,0,0.0,0,0,0.0,0,0,0,0,0,0,0,nba_boxscorematchupsv3
1,2025-26,Playoffs,Western Conference Semifinals,2026_lal_okc_api_20261005,0042500222,2,2026-05-07,1610612760,OKC,1631119,Jaylin Williams,1610612747,LAL,1629028,Deandre Ayton,30,4.1,4.92611,11.07011,27.0,0,0,0,0,0,0,0,0,0.0,0,0,0.0,0,0,0,0,0,0,0,nba_boxscorematchupsv3
1,2025-26,Playoffs,Western Conference Semifinals,2026_lal_okc_api_20261005,0042500222,2,2026-05-07,1610612760,OKC,1631119,Jaylin Williams,1610612747,LAL,1629060,Rui Hachimura,47,2.3,6.420770000000001,17.34317,20.3,0,9,0,0,0,0,0,0,0.0,0,0,0.0,0,0,0,0,0,0,0,nba_boxscorematchupsv3
1,2025-26,Playoffs,Western Conference Semifinals,2026_lal_okc_api_20261005,0042500222,2,2026-05-07,1610612760,OKC,1631119,Jaylin Williams,1610612747,LAL,1629637,Jaxson Hayes,63,6.0,21.14094,23.24723,46.9,3,5,1,0,0,0,1,1,100.0,1,1,100.0,0,0,0,0,0,0,0,nba_boxscorematchupsv3
1,2025-26,Playoffs,Western Conference Semifinals,2026_lal_okc_api_20261005,0042500222,2,2026-05-07,1610612760,OKC,1631119,Jaylin Williams,1610612747,LAL,2544,LeBron James,52,3.2,6.349209999999999,19.18819,25.8,0,5,0,0,0,0,0,0,0.0,0,0,0.0,0,0,0,0,0,0,0,nba_boxscorematchupsv3
1,2025-26,Playoffs,Western Conference Semifinals,2026_lal_okc_api_20261005,0042500222,2,2026-05-07,1610612760,OKC,1631119,Jaylin Williams,1610612747,LAL,1628379,Luke Kennard,12,1.3,2.14669,4.428039999999999,5.2,0,4,0,0,0,0,0,0,0.0,0,0,0.0,0,0,0,0,0,0,0,nba_boxscorematchupsv3
1,2025-26,Playoffs,Western Conference Semifinals,2026_lal_okc_api_20261005,0042500222,2,2026-05-07,1610612760,OKC,1631119,Jaylin Williams,1610612747,LAL,1631222,Jake LaRavia,8,2.1,3.27869,2.9520299999999997,9.0,4,6,0,0,0,0,1,1,100.0,1,1,100.0,1,1,1,0,0,0,0,nba_boxscorematchupsv3
1,2025-26,Playoffs,Western Conference Semifinals,2026_lal_okc_api_20261005,0042500222,2,2026-05-07,1610612760,OKC,1631119,Jaylin Williams,1610612747,LAL,1630559,Austin Reaves,34,3.7,4.27136,12.54613,14.7,0,2,0,0,0,0,0,1,0.0,0,1,0.0,0,0,0,0,0,0,0,nba_boxscorematchupsv3
1,2025-26,Playoffs,Western Conference Semifinals,2026_lal_okc_api_20261005,0042500222,2,2026-05-07,1610612760,OKC,1631119,Jaylin Williams,1610612747,LAL,203935,Marcus Smart,25,1.9,3.4106400000000003,9.22509,14.799999999999999,0,4,0,0,0,0,0,1,0.0,0,1,0.0,0,0,0,0,0,0,0,nba_boxscorematchupsv3
1,2025-26,Playoffs,Western Conference Semifinals,2026_lal_okc_api_20261005,0042500222,2,2026-05-07,1610612760,OKC,1630198,Isaiah Joe,1610612747,LAL,1629060,Rui Hachimura,20,2.4,2.73224,10.81081,41.0,0,0,0,0,0,0,0,0,0.0,0,0,0.0,0,0,0,0,0,0,0,nba_boxscorematchupsv3
1,2025-26,Playoffs,Western Conference Semifinals,2026_lal_okc_api_20261005,0042500222,2,2026-05-07,1610612760,OKC,1630198,Isaiah Joe,1610612747,LAL,1629637,Jaxson Hayes,22,1.0,7.38255,11.89189,9.4,4,8,1,0,0,0,2,2,100.0,0,0,0.0,0,0,0,0,0,0,0,nba_boxscorematchupsv3
1,2025-26,Playoffs,Western Conference Semifinals,2026_lal_okc_api_20261005,0042500222,2,2026-05-07,1610612760,OKC,1630198,Isaiah Joe,1610612747,LAL,1642355,Bronny James,23,1.0,31.506849999999996,12.43243,44.5,0,2,1,0,0,0,0,0,0.0,0,0,0.0,0,0,0,0,0,0,0,nba_boxscorematchupsv3
1,2025-26,Playoffs,Western Conference Semifinals,2026_lal_okc_api_20261005,0042500222,2,2026-05-07,1610612760,OKC,1630198,Isaiah Joe,1610612747,LAL,1628379,Luke Kennard,87,8.1,15.563509999999999,47.027029999999996,69.3,0,4,1,0,0,0,0,1,0.0,0,1,0.0,0,0,0,0,0,0,0,nba_boxscorematchupsv3
1,2025-26,Playoffs,Western Conference Semifinals,2026_lal_okc_api_20261005,0042500222,2,2026-05-07,1610612760,OKC,1630198,Isaiah Joe,1610612747,LAL,1631222,Jake LaRavia,14,0.9,5.737699999999999,7.56757,10.9,0,2,0,0,0,0,0,0,0.0,0,0,0.0,0,0,0,0,0,0,0,nba_boxscorematchupsv3
1,2025-26,Playoffs,Western Conference Semifinals,2026_lal_okc_api_20261005,0042500222,2,2026-05-07,1610612760,OKC,1630198,Isaiah Joe,1610612747,LAL,1630559,Austin Reaves,3,0.9,0.37688,1.62162,5.7,0,0,0,0,0,0,0,0,0.0,0,0,0.0,0,0,0,0,0,0,0,nba_boxscorematchupsv3
1,2025-26,Playoffs,Western Conference Semifinals,2026_lal_okc_api_20261005,0042500222,2,2026-05-07,1610612760,OKC,1630198,Isaiah Joe,1610612747,LAL,203935,Marcus Smart,5,0.4,0.68213,2.7027,4.5,0,0,0,0,0,0,0,0,0.0,0,0,0.0,0,0,0,0,0,0,0,nba_boxscorematchupsv3
1,2025-26,Playoffs,Western Conference Semifinals,2026_lal_okc_api_20261005,0042500222,2,2026-05-07,1610612760,OKC,1630198,Isaiah Joe,1610612747,LAL,1641733,Nick Smith Jr.,11,0.4,14.864859999999998,5.94595,23.5,0,0,0,0,0,0,0,0,0.0,0,0,0.0,0,0,0,0,0,0,0,nba_boxscorematchupsv3
1,2025-26,Playoffs,Western Conference Semifinals,2026_lal_okc_api_20261005,0042500222,2,2026-05-07,1610612760,OKC,1627936,Alex Caruso,1610612747,LAL,1629028,Deandre Ayton,13,0.7,2.13465,3.1477,11.3,0,0,0,0,0,0,0,0,0.0,0,0,0.0,0,0,0,0,0,0,0,nba_boxscorematchupsv3
1,2025-26,Playoffs,Western Conference Semifinals,2026_lal_okc_api_20261005,0042500222,2,2026-05-07,1610612760,OKC,1627936,Alex Caruso,1610612747,LAL,1629060,Rui Hachimura,42,4.9,5.737699999999999,10.16949,21.099999999999998,3,13,1,0,0,0,1,2,50.0,1,2,50.0,0,0,0,0,0,0,0,nba_boxscorematchupsv3
1,2025-26,Playoffs,Western Conference Semifinals,2026_lal_okc_api_20261005,0042500222,2,2026-05-07,1610612760,OKC,1627936,Alex Caruso,1610612747,LAL,1629637,Jaxson Hayes,19,2.7,6.375840000000001,4.60048,8.5,0,0,1,0,1,0,0,0,0.0,0,0,0.0,0,0,0,0,0,0,0,nba_boxscorematchupsv3
1,2025-26,Playoffs,Western Conference Semifinals,2026_lal_okc_api_20261005,0042500222,2,2026-05-07,1610612760,OKC,1627936,Alex Caruso,1610612747,LAL,2544,LeBron James,146,11.4,17.826620000000002,35.35109,45.4,0,11,0,0,0,0,0,1,0.0,0,1,0.0,0,0,0,0,0,0,0,nba_boxscorematchupsv3
1,2025-26,Playoffs,Western Conference Semifinals,2026_lal_okc_api_20261005,0042500222,2,2026-05-07,1610612760,OKC,1627936,Alex Caruso,1610612747,LAL,1628379,Luke Kennard,41,4.3,7.33453,9.92736,12.0,2,7,0,0,0,0,1,1,100.0,0,0,0.0,0,0,0,0,0,0,0,nba_boxscorematchupsv3
1,2025-26,Playoffs,Western Conference Semifinals,2026_lal_okc_api_20261005,0042500222,2,2026-05-07,1610612760,OKC,1627936,Alex Caruso,1610612747,LAL,1631222,Jake LaRavia,13,0.7,5.32787,3.1477,6.6000000000000005,0,0,0,0,0,0,0,0,0.0,0,0,0.0,0,0,0,0,0,0,0,nba_boxscorematchupsv3
1,2025-26,Playoffs,Western Conference Semifinals,2026_lal_okc_api_20261005,0042500222,2,2026-05-07,1610612760,OKC,1627936,Alex Caruso,1610612747,LAL,1630559,Austin Reaves,106,8.2,13.31658,25.665860000000002,28.1,0,10,1,0,0,0,0,1,0.0,0,1,0.0,0,0,0,0,0,0,0,nba_boxscorematchupsv3
1,2025-26,Playoffs,Western Conference Semifinals,2026_lal_okc_api_20261005,0042500222,2,2026-05-07,1610612760,OKC,1627936,Alex Caruso,1610612747,LAL,203935,Marcus Smart,33,2.8,4.50205,7.990310000000001,9.3,0,5,0,0,0,0,0,1,0.0,0,1,0.0,0,0,0,0,0,0,0,nba_boxscorematchupsv3
1,2025-26,Playoffs,Western Conference Semifinals,2026_lal_okc_api_20261005,0042500222,2,2026-05-07,1610612760,OKC,1642272,Jared McCain,1610612747,LAL,1629028,Deandre Ayton,22,1.6,3.6124799999999997,5.39216,10.7,2,2,0,0,0,0,1,1,100.0,0,0,0.0,0,0,0,0,0,0,0,nba_boxscorematchupsv3
1,2025-26,Playoffs,Western Conference Semifinals,2026_lal_okc_api_20261005,0042500222,2,2026-05-07,1610612760,OKC,1642272,Jared McCain,1610612747,LAL,1629060,Rui Hachimura,38,5.1,5.191260000000001,9.313730000000001,20.7,3,4,0,0,1,0,1,2,50.0,1,1,100.0,0,0,0,0,0,0,0,nba_boxscorematchupsv3
1,2025-26,Playoffs,Western Conference Semifinals,2026_lal_okc_api_20261005,0042500222,2,2026-05-07,1610612760,OKC,1642272,Jared McCain,1610612747,LAL,1629637,Jaxson Hayes,24,1.6,8.05369,5.88235,15.1,3,4,0,0,0,0,1,3,33.300000000000004,1,2,50.0,0,0,0,0,0,0,0,nba_boxscorematchupsv3
1,2025-26,Playoffs,Western Conference Semifinals,2026_lal_okc_api_20261005,0042500222,2,2026-05-07,1610612760,OKC,1642272,Jared McCain,1610612747,LAL,2544,LeBron James,20,3.5,2.442,4.901960000000001,9.4,0,2,0,0,0,0,0,1,0.0,0,0,0.0,0,0,0,0,0,0,0,nba_boxscorematchupsv3
1,2025-26,Playoffs,Western Conference Semifinals,2026_lal_okc_api_20261005,0042500222,2,2026-05-07,1610612760,OKC,1642272,Jared McCain,1610612747,LAL,1628379,Luke Kennard,101,8.9,18.06798,24.7549,44.6,0,5,0,0,0,0,0,0,0.0,0,0,0.0,0,0,0,0,0,0,0,nba_boxscorematchupsv3
1,2025-26,Playoffs,Western Conference Semifinals,2026_lal_okc_api_20261005,0042500222,2,2026-05-07,1610612760,OKC,1642272,Jared McCain,1610612747,LAL,1642261,Dalton Knecht,1,0.1,1.35135,0.2451,2.9000000000000004,0,0,0,0,0,0,0,0,0.0,0,0,0.0,0,0,0,0,0,0,0,nba_boxscorematchupsv3
1,2025-26,Playoffs,Western Conference Semifinals,2026_lal_okc_api_20261005,0042500222,2,2026-05-07,1610612760,OKC,1642272,Jared McCain,1610612747,LAL,1631222,Jake LaRavia,37,2.5,15.16393,9.068629999999999,23.3,7,7,0,0,0,0,3,3,100.0,1,1,100.0,0,0,0,0,0,0,0,nba_boxscorematchupsv3
1,2025-26,Playoffs,Western Conference Semifinals,2026_lal_okc_api_20261005,0042500222,2,2026-05-07,1610612760,OKC,1642272,Jared McCain,1610612747,LAL,1630559,Austin Reaves,49,4.3,6.15578,12.0098,23.9,0,7,0,0,0,0,0,0,0.0,0,0,0.0,0,0,0,0,0,0,0,nba_boxscorematchupsv3
1,2025-26,Playoffs,Western Conference Semifinals,2026_lal_okc_api_20261005,0042500222,2,2026-05-07,1610612760,OKC,1642272,Jared McCain,1610612747,LAL,203935,Marcus Smart,50,3.1,6.821280000000001,12.254900000000001,15.9,3,7,0,0,0,0,1,1,100.0,1,1,100.0,0,0,0,0,0,0,0,nba_boxscorematchupsv3
1,2025-26,Playoffs,Western Conference Semifinals,2026_lal_okc_api_20261005,0042500222,2,2026-05-07,1610612760,OKC,1642272,Jared McCain,1610612747,LAL,1641733,Nick Smith Jr.,8,0.4,10.81081,1.9607800000000002,9.6,0,0,0,0,0,0,0,0,0.0,0,0,0.0,0,0,0,0,0,0,0,nba_boxscorematchupsv3
1,2025-26,Playoffs,Western Conference Semifinals,2026_lal_okc_api_20261005,0042500222,2,2026-05-07,1610612760,OKC,1642272,Jared McCain,1610612747,LAL,1642876,Adou Thiero,58,3.0,35.151520000000005,14.21569,34.0,0,2,0,0,0,0,0,0,0.0,0,0,0.0,0,0,0,0,0,0,0,nba_boxscorematchupsv3
1,2025-26,Playoffs,Western Conference Semifinals,2026_lal_okc_api_20261005,0042500222,2,2026-05-07,1610612760,OKC,1630598,Aaron Wiggins,1610612747,LAL,1642355,Bronny James,21,0.8,28.767120000000002,29.16667,23.5,0,3,0,0,0,0,0,0,0.0,0,0,0.0,0,0,0,0,0,0,0,nba_boxscorematchupsv3
1,2025-26,Playoffs,Western Conference Semifinals,2026_lal_okc_api_20261005,0042500222,2,2026-05-07,1610612760,OKC,1630598,Aaron Wiggins,1610612747,LAL,1642261,Dalton Knecht,16,1.3,21.62162,22.22222,27.1,0,0,0,0,0,0,0,0,0.0,0,0,0.0,0,0,0,0,0,0,0,nba_boxscorematchupsv3
1,2025-26,Playoffs,Western Conference Semifinals,2026_lal_okc_api_20261005,0042500222,2,2026-05-07,1610612760,OKC,1630598,Aaron Wiggins,1610612747,LAL,1631222,Jake LaRavia,11,0.7,4.5081999999999995,15.27778,15.8,0,0,0,0,0,0,0,0,0.0,0,0,0.0,0,0,0,0,0,0,0,nba_boxscorematchupsv3
1,2025-26,Playoffs,Western Conference Semifinals,2026_lal_okc_api_20261005,0042500222,2,2026-05-07,1610612760,OKC,1630598,Aaron Wiggins,1610612747,LAL,1641733,Nick Smith Jr.,24,1.3,32.432430000000004,33.33333,31.0,0,2,0,0,0,0,0,0,0.0,0,0,0.0,0,0,0,0,0,0,0,nba_boxscorematchupsv3
1,2025-26,Playoffs,Western Conference Semifinals,2026_lal_okc_api_20261005,0042500222,2,2026-05-07,1610612760,OKC,1629026,Kenrich Williams,1610612747,LAL,1642355,Bronny James,18,1.4,24.65753,23.68421,32.6,0,0,0,0,0,0,0,1,0.0,0,1,0.0,0,0,0,0,0,0,0,nba_boxscorematchupsv3
1,2025-26,Playoffs,Western Conference Semifinals,2026_lal_okc_api_20261005,0042500222,2,2026-05-07,1610612760,OKC,1629026,Kenrich Williams,1610612747,LAL,1642261,Dalton Knecht,35,1.3,47.2973,46.05263,38.5,0,5,0,0,0,0,0,0,0.0,0,0,0.0,0,0,0,0,0,0,0,nba_boxscorematchupsv3
1,2025-26,Playoffs,Western Conference Semifinals,2026_lal_okc_api_20261005,0042500222,2,2026-05-07,1610612760,OKC,1629026,Kenrich Williams,1610612747,LAL,1631222,Jake LaRavia,6,0.4,2.4590199999999998,7.8947400000000005,8.0,0,0,0,0,0,0,0,0,0.0,0,0,0.0,0,0,0,0,0,0,0,nba_boxscorematchupsv3
1,2025-26,Playoffs,Western Conference Semifinals,2026_lal_okc_api_20261005,0042500222,2,2026-05-07,1610612760,OKC,1629026,Kenrich Williams,1610612747,LAL,1641733,Nick Smith Jr.,3,0.2,4.05405,3.9473700000000003,4.3999999999999995,0,0,0,0,0,0,0,0,0.0,0,0,0.0,0,0,0,0,0,0,0,nba_boxscorematchupsv3
1,2025-26,Playoffs,Western Conference Semifinals,2026_lal_okc_api_20261005,0042500222,2,2026-05-07,1610612760,OKC,1629026,Kenrich Williams,1610612747,LAL,1642876,Adou Thiero,14,0.7,8.48485,18.42105,16.2,0,0,0,0,0,0,0,0,0.0,0,0,0.0,0,0,0,0,0,0,0,nba_boxscorematchupsv3
1,2025-26,Playoffs,Western Conference Semifinals,2026_lal_okc_api_20261005,0042500222,2,2026-05-07,1610612760,OKC,1642260,Nikola Topić,1610612747,LAL,1642261,Dalton Knecht,19,0.9,25.67568,42.22222,37.1,0,0,0,0,0,0,0,0,0.0,0,0,0.0,0,0,0,0,0,0,0,nba_boxscorematchupsv3
1,2025-26,Playoffs,Western Conference Semifinals,2026_lal_okc_api_20261005,0042500222,2,2026-05-07,1610612760,OKC,1642260,Nikola Topić,1610612747,LAL,1631222,Jake LaRavia,15,0.5,6.14754,33.33333,28.9,2,2,0,0,0,0,1,1,100.0,0,0,0.0,0,0,0,0,0,0,0,nba_boxscorematchupsv3
1,2025-26,Playoffs,Western Conference Semifinals,2026_lal_okc_api_20261005,0042500222,2,2026-05-07,1610612760,OKC,1642260,Nikola Topić,1610612747,LAL,1641733,Nick Smith Jr.,11,0.5,14.864859999999998,24.44444,27.500000000000004,0,0,0,0,0,0,0,0,0.0,0,0,0.0,0,0,0,0,0,0,0,nba_boxscorematchupsv3
1,2025-26,Playoffs,Western Conference Semifinals,2026_lal_okc_api_20261005,0042500222,2,2026-05-07,1610612747,LAL,2544,LeBron James,1610612760,OKC,1627936,Alex Caruso,244,21.3,50.41322,27.08102,62.9,4,18,0,0,1,0,2,5,40.0,0,1,0.0,0,0,0,0,0,0,0,nba_boxscorematchupsv3
1,2025-26,Playoffs,Western Conference Semifinals,2026_lal_okc_api_20261005,0042500222,2,2026-05-07,1610612747,LAL,2544,LeBron James,1610612760,OKC,1629652,Luguentz Dort,443,30.5,79.81981999999999,49.16759,76.8,6,34,1,0,2,0,3,5,60.0,0,2,0.0,0,0,0,0,0,0,0,nba_boxscorematchupsv3
1,2025-26,Playoffs,Western Conference Semifinals,2026_lal_okc_api_20261005,0042500222,2,2026-05-07,1610612747,LAL,2544,LeBron James,1610612760,OKC,1628983,Shai Gilgeous-Alexander,39,5.5,6.33117,4.32852,11.4,0,3,1,0,0,0,0,2,0.0,0,0,0.0,0,0,0,0,0,0,0,nba_boxscorematchupsv3
1,2025-26,Playoffs,Western Conference Semifinals,2026_lal_okc_api_20261005,0042500222,2,2026-05-07,1610612747,LAL,2544,LeBron James,1610612760,OKC,1628392,Isaiah Hartenstein,44,4.7,6.875000000000001,4.8834599999999995,8.6,7,9,1,0,0,1,3,4,75.0,1,1,100.0,0,0,0,0,0,0,0,nba_boxscorematchupsv3
1,2025-26,Playoffs,Western Conference Semifinals,2026_lal_okc_api_20261005,0042500222,2,2026-05-07,1610612747,LAL,2544,LeBron James,1610612760,OKC,1631096,Chet Holmgren,19,2.5,2.46433,2.1087700000000003,5.5,2,2,0,0,0,0,0,1,0.0,0,0,0.0,2,2,1,0,0,0,0,nba_boxscorematchupsv3
1,2025-26,Playoffs,Western Conference Semifinals,2026_lal_okc_api_20261005,0042500222,2,2026-05-07,1610612747,LAL,2544,LeBron James,1610612760,OKC,1630198,Isaiah Joe,2,0.2,1.05263,0.22198,5.5,0,0,1,0,0,0,0,0,0.0,0,0,0.0,0,0,0,0,0,0,0,nba_boxscorematchupsv3
1,2025-26,Playoffs,Western Conference Semifinals,2026_lal_okc_api_20261005,0042500222,2,2026-05-07,1610612747,LAL,2544,LeBron James,1610612760,OKC,1642272,Jared McCain,4,1.2,0.9456300000000001,0.44395,4.3999999999999995,0,0,0,0,0,0,0,0,0.0,0,0,0.0,0,0,0,0,0,0,0,nba_boxscorematchupsv3
1,2025-26,Playoffs,Western Conference Semifinals,2026_lal_okc_api_20261005,0042500222,2,2026-05-07,1610612747,LAL,2544,LeBron James,1610612760,OKC,1642349,Ajay Mitchell,51,2.2,6.9958800000000005,5.66038,6.6000000000000005,2,5,1,0,0,0,0,0,0.0,0,0,0.0,2,2,1,0,0,0,0,nba_boxscorematchupsv3
1,2025-26,Playoffs,Western Conference Semifinals,2026_lal_okc_api_20261005,0042500222,2,2026-05-07,1610612747,LAL,2544,LeBron James,1610612760,OKC,1641717,Cason Wallace,39,2.8,5.29172,4.32852,8.200000000000001,0,4,0,0,0,0,0,0,0.0,0,0,0.0,0,0,0,0,0,0,0,nba_boxscorematchupsv3
1,2025-26,Playoffs,Western Conference Semifinals,2026_lal_okc_api_20261005,0042500222,2,2026-05-07,1610612747,LAL,2544,LeBron James,1610612760,OKC,1631119,Jaylin Williams,16,1.0,4.6783600000000005,1.7758,8.1,2,9,1,0,0,0,1,1,100.0,0,0,0.0,0,0,0,0,0,0,0,nba_boxscorematchupsv3
1,2025-26,Playoffs,Western Conference Semifinals,2026_lal_okc_api_20261005,0042500222,2,2026-05-07,1610612747,LAL,1629060,Rui Hachimura,1610612760,OKC,1627936,Alex Caruso,81,4.3,16.73554,9.60854,22.3,6,10,0,0,0,0,2,2,100.0,2,2,100.0,0,0,0,0,0,0,0,nba_boxscorematchupsv3
1,2025-26,Playoffs,Western Conference Semifinals,2026_lal_okc_api_20261005,0042500222,2,2026-05-07,1610612747,LAL,1629060,Rui Hachimura,1610612760,OKC,1629652,Luguentz Dort,34,3.0,6.12613,4.03321,7.1,0,3,0,0,0,0,0,1,0.0,0,1,0.0,0,0,0,0,0,0,0,nba_boxscorematchupsv3
1,2025-26,Playoffs,Western Conference Semifinals,2026_lal_okc_api_20261005,0042500222,2,2026-05-07,1610612747,LAL,1629060,Rui Hachimura,1610612760,OKC,1628983,Shai Gilgeous-Alexander,95,5.6,15.42208,11.26928,17.0,2,13,0,0,0,0,1,1,100.0,0,0,0.0,0,0,0,0,0,0,0,nba_boxscorematchupsv3
1,2025-26,Playoffs,Western Conference Semifinals,2026_lal_okc_api_20261005,0042500222,2,2026-05-07,1610612747,LAL,1629060,Rui Hachimura,1610612760,OKC,1628392,Isaiah Hartenstein,17,1.9,2.65625,2.01661,4.7,0,0,0,0,0,0,0,0,0.0,0,0,0.0,0,0,0,0,0,0,0,nba_boxscorematchupsv3
1,2025-26,Playoffs,Western Conference Semifinals,2026_lal_okc_api_20261005,0042500222,2,2026-05-07,1610612747,LAL,1629060,Rui Hachimura,1610612760,OKC,1631096,Chet Holmgren,484,33.3,62.775619999999996,57.414,66.9,8,39,2,0,0,0,3,5,60.0,2,4,50.0,0,0,0,0,0,0,0,nba_boxscorematchupsv3
1,2025-26,Playoffs,Western Conference Semifinals,2026_lal_okc_api_20261005,0042500222,2,2026-05-07,1610612747,LAL,1629060,Rui Hachimura,1610612760,OKC,1630198,Isaiah Joe,20,0.8,10.52632,2.37248,21.099999999999998,0,4,0,0,0,0,0,0,0.0,0,0,0.0,0,0,0,0,0,0,0,nba_boxscorematchupsv3
1,2025-26,Playoffs,Western Conference Semifinals,2026_lal_okc_api_20261005,0042500222,2,2026-05-07,1610612747,LAL,1629060,Rui Hachimura,1610612760,OKC,1642272,Jared McCain,7,0.8,1.6548500000000002,0.83037,3.6999999999999997,0,0,0,0,0,0,0,0,0.0,0,0,0.0,0,0,0,0,0,0,0,nba_boxscorematchupsv3
1,2025-26,Playoffs,Western Conference Semifinals,2026_lal_okc_api_20261005,0042500222,2,2026-05-07,1610612747,LAL,1629060,Rui Hachimura,1610612760,OKC,1642349,Ajay Mitchell,42,4.5,5.76132,4.98221,9.9,0,3,0,0,0,0,0,0,0.0,0,0,0.0,0,0,0,0,0,0,0,nba_boxscorematchupsv3
1,2025-26,Playoffs,Western Conference Semifinals,2026_lal_okc_api_20261005,0042500222,2,2026-05-07,1610612747,LAL,1629060,Rui Hachimura,1610612760,OKC,1641717,Cason Wallace,39,4.2,5.29172,4.62633,9.4,0,4,0,0,1,0,0,0,0.0,0,0,0.0,0,0,0,0,0,0,0,nba_boxscorematchupsv3
1,2025-26,Playoffs,Western Conference Semifinals,2026_lal_okc_api_20261005,0042500222,2,2026-05-07,1610612747,LAL,1629060,Rui Hachimura,1610612760,OKC,1631119,Jaylin Williams,24,2.5,7.01754,2.84698,13.8,0,0,0,0,1,0,0,1,0.0,0,0,0.0,0,0,0,0,0,0,0,nba_boxscorematchupsv3
1,2025-26,Playoffs,Western Conference Semifinals,2026_lal_okc_api_20261005,0042500222,2,2026-05-07,1610612747,LAL,1629028,Deandre Ayton,1610612760,OKC,1627936,Alex Caruso,2,1.0,0.41322,0.31495999999999996,11.4,0,2,0,0,0,0,0,0,0.0,0,0,0.0,0,0,0,0,0,0,0,nba_boxscorematchupsv3
1,2025-26,Playoffs,Western Conference Semifinals,2026_lal_okc_api_20261005,0042500222,2,2026-05-07,1610612747,LAL,1629028,Deandre Ayton,1610612760,OKC,1629652,Luguentz Dort,31,2.5,5.58559,4.88189,6.800000000000001,3,5,0,0,0,0,1,2,50.0,0,0,0.0,1,2,1,0,0,0,0,nba_boxscorematchupsv3
1,2025-26,Playoffs,Western Conference Semifinals,2026_lal_okc_api_20261005,0042500222,2,2026-05-07,1610612747,LAL,1629028,Deandre Ayton,1610612760,OKC,1628983,Shai Gilgeous-Alexander,32,2.2,5.1948099999999995,5.03937,9.4,0,4,0,0,0,0,0,1,0.0,0,0,0.0,0,0,0,0,0,0,0,nba_boxscorematchupsv3
1,2025-26,Playoffs,Western Conference Semifinals,2026_lal_okc_api_20261005,0042500222,2,2026-05-07,1610612747,LAL,1629028,Deandre Ayton,1610612760,OKC,1628392,Isaiah Hartenstein,361,24.9,56.40625,56.85039,70.1,0,26,0,0,0,0,0,2,0.0,0,0,0.0,0,0,0,0,0,0,0,nba_boxscorematchupsv3
1,2025-26,Playoffs,Western Conference Semifinals,2026_lal_okc_api_20261005,0042500222,2,2026-05-07,1610612747,LAL,1629028,Deandre Ayton,1610612760,OKC,1631096,Chet Holmgren,48,4.9,6.2256800000000005,7.55906,10.7,0,0,0,0,0,1,0,1,0.0,0,0,0.0,0,0,0,0,0,0,0,nba_boxscorematchupsv3
1,2025-26,Playoffs,Western Conference Semifinals,2026_lal_okc_api_20261005,0042500222,2,2026-05-07,1610612747,LAL,1629028,Deandre Ayton,1610612760,OKC,1642272,Jared McCain,10,1.4,2.36407,1.5748000000000002,5.8999999999999995,0,3,0,0,0,0,0,1,0.0,0,0,0.0,0,0,0,0,0,0,0,nba_boxscorematchupsv3
1,2025-26,Playoffs,Western Conference Semifinals,2026_lal_okc_api_20261005,0042500222,2,2026-05-07,1610612747,LAL,1629028,Deandre Ayton,1610612760,OKC,1642349,Ajay Mitchell,26,3.1,3.5665299999999998,4.0944899999999995,7.6,0,3,0,0,0,0,0,0,0.0,0,0,0.0,0,0,0,0,0,0,0,nba_boxscorematchupsv3
1,2025-26,Playoffs,Western Conference Semifinals,2026_lal_okc_api_20261005,0042500222,2,2026-05-07,1610612747,LAL,1629028,Deandre Ayton,1610612760,OKC,1641717,Cason Wallace,17,0.9,2.30665,2.67717,10.0,0,5,0,0,0,1,0,0,0.0,0,0,0.0,0,0,0,0,0,0,0,nba_boxscorematchupsv3
1,2025-26,Playoffs,Western Conference Semifinals,2026_lal_okc_api_20261005,0042500222,2,2026-05-07,1610612747,LAL,1629028,Deandre Ayton,1610612760,OKC,1631119,Jaylin Williams,108,7.5,31.57895,17.00787,55.1,0,5,0,0,1,0,0,0,0.0,0,0,0.0,0,0,0,0,0,0,0,nba_boxscorematchupsv3
1,2025-26,Playoffs,Western Conference Semifinals,2026_lal_okc_api_20261005,0042500222,2,2026-05-07,1610612747,LAL,1630559,Austin Reaves,1610612760,OKC,1627936,Alex Caruso,42,2.3,8.67769,4.5553099999999995,9.0,0,7,1,0,0,0,0,0,0.0,0,0,0.0,0,0,0,0,0,0,0,nba_boxscorematchupsv3
1,2025-26,Playoffs,Western Conference Semifinals,2026_lal_okc_api_20261005,0042500222,2,2026-05-07,1610612747,LAL,1630559,Austin Reaves,1610612760,OKC,1629652,Luguentz Dort,21,2.6,3.7837799999999997,2.27766,5.4,0,3,0,0,0,0,0,0,0.0,0,0,0.0,0,0,0,0,0,0,0,nba_boxscorematchupsv3
1,2025-26,Playoffs,Western Conference Semifinals,2026_lal_okc_api_20261005,0042500222,2,2026-05-07,1610612747,LAL,1630559,Austin Reaves,1610612760,OKC,1628983,Shai Gilgeous-Alexander,21,2.4,3.40909,2.27766,4.3999999999999995,2,6,1,0,0,0,0,0,0.0,0,0,0.0,2,2,0,0,0,0,0,nba_boxscorematchupsv3
1,2025-26,Playoffs,Western Conference Semifinals,2026_lal_okc_api_20261005,0042500222,2,2026-05-07,1610612747,LAL,1630559,Austin Reaves,1610612760,OKC,1628392,Isaiah Hartenstein,51,3.5,7.968749999999999,5.53145,10.7,5,7,0,0,1,1,2,3,66.7,1,2,50.0,0,0,0,0,0,0,0,nba_boxscorematchupsv3
1,2025-26,Playoffs,Western Conference Semifinals,2026_lal_okc_api_20261005,0042500222,2,2026-05-07,1610612747,LAL,1630559,Austin Reaves,1610612760,OKC,1631096,Chet Holmgren,40,4.7,5.18807,4.33839,8.200000000000001,4,5,0,0,1,1,1,2,50.0,0,0,0.0,2,2,1,0,0,0,0,nba_boxscorematchupsv3
1,2025-26,Playoffs,Western Conference Semifinals,2026_lal_okc_api_20261005,0042500222,2,2026-05-07,1610612747,LAL,1630559,Austin Reaves,1610612760,OKC,1630198,Isaiah Joe,5,0.6,2.63158,0.5423,5.3,0,0,0,0,0,0,0,0,0.0,0,0,0.0,0,0,0,0,0,0,0,nba_boxscorematchupsv3
1,2025-26,Playoffs,Western Conference Semifinals,2026_lal_okc_api_20261005,0042500222,2,2026-05-07,1610612747,LAL,1630559,Austin Reaves,1610612760,OKC,1642272,Jared McCain,14,1.2,3.30969,1.51844,7.3,0,0,0,0,0,0,0,0,0.0,0,0,0.0,0,0,0,0,0,0,0,nba_boxscorematchupsv3
1,2025-26,Playoffs,Western Conference Semifinals,2026_lal_okc_api_20261005,0042500222,2,2026-05-07,1610612747,LAL,1630559,Austin Reaves,1610612760,OKC,1642349,Ajay Mitchell,210,15.5,28.806579999999997,22.77657,32.300000000000004,5,22,2,0,1,0,2,4,50.0,1,1,100.0,0,0,0,0,0,0,0,nba_boxscorematchupsv3
1,2025-26,Playoffs,Western Conference Semifinals,2026_lal_okc_api_20261005,0042500222,2,2026-05-07,1610612747,LAL,1630559,Austin Reaves,1610612760,OKC,1641717,Cason Wallace,495,31.7,67.16418,53.68764,70.0,11,34,1,0,1,0,4,6,66.7,1,3,33.300000000000004,2,4,2,0,0,0,0,nba_boxscorematchupsv3
1,2025-26,Playoffs,Western Conference Semifinals,2026_lal_okc_api_20261005,0042500222,2,2026-05-07,1610612747,LAL,1630559,Austin Reaves,1610612760,OKC,1631119,Jaylin Williams,23,3.1,6.72515,2.49458,9.4,3,5,0,0,1,0,1,1,100.0,0,0,0.0,1,1,1,0,0,0,0,nba_boxscorematchupsv3
1,2025-26,Playoffs,Western Conference Semifinals,2026_lal_okc_api_20261005,0042500222,2,2026-05-07,1610612747,LAL,203935,Marcus Smart,1610612760,OKC,1627936,Alex Caruso,68,4.7,14.04959,9.05459,16.7,3,8,2,0,0,0,1,1,100.0,1,1,100.0,0,0,0,0,0,0,0,nba_boxscorematchupsv3
1,2025-26,Playoffs,Western Conference Semifinals,2026_lal_okc_api_20261005,0042500222,2,2026-05-07,1610612747,LAL,203935,Marcus Smart,1610612760,OKC,1629652,Luguentz Dort,19,0.9,3.42342,2.52996,5.2,0,3,0,0,0,0,0,0,0.0,0,0,0.0,0,0,0,0,0,0,0,nba_boxscorematchupsv3
1,2025-26,Playoffs,Western Conference Semifinals,2026_lal_okc_api_20261005,0042500222,2,2026-05-07,1610612747,LAL,203935,Marcus Smart,1610612760,OKC,1628983,Shai Gilgeous-Alexander,249,19.0,40.42208,33.15579,43.1,0,23,1,0,2,0,0,2,0.0,0,2,0.0,0,0,0,0,0,0,0,nba_boxscorematchupsv3
1,2025-26,Playoffs,Western Conference Semifinals,2026_lal_okc_api_20261005,0042500222,2,2026-05-07,1610612747,LAL,203935,Marcus Smart,1610612760,OKC,1628392,Isaiah Hartenstein,19,3.6,2.96875,2.52996,5.7,0,4,0,0,0,0,0,0,0.0,0,0,0.0,0,0,0,0,0,0,0,nba_boxscorematchupsv3
1,2025-26,Playoffs,Western Conference Semifinals,2026_lal_okc_api_20261005,0042500222,2,2026-05-07,1610612747,LAL,203935,Marcus Smart,1610612760,OKC,1631096,Chet Holmgren,19,1.7,2.46433,2.52996,5.1,0,0,0,0,0,0,0,0,0.0,0,0,0.0,0,0,0,0,0,0,0,nba_boxscorematchupsv3
1,2025-26,Playoffs,Western Conference Semifinals,2026_lal_okc_api_20261005,0042500222,2,2026-05-07,1610612747,LAL,203935,Marcus Smart,1610612760,OKC,1630198,Isaiah Joe,9,0.3,4.73684,1.1984,5.4,2,4,0,0,0,0,1,2,50.0,0,0,0.0,0,0,0,0,0,0,0,nba_boxscorematchupsv3
1,2025-26,Playoffs,Western Conference Semifinals,2026_lal_okc_api_20261005,0042500222,2,2026-05-07,1610612747,LAL,203935,Marcus Smart,1610612760,OKC,1642272,Jared McCain,99,7.4,23.40426,13.18242,36.6,4,11,1,0,0,0,0,0,0.0,0,0,0.0,4,4,1,0,0,0,0,nba_boxscorematchupsv3
1,2025-26,Playoffs,Western Conference Semifinals,2026_lal_okc_api_20261005,0042500222,2,2026-05-07,1610612747,LAL,203935,Marcus Smart,1610612760,OKC,1642349,Ajay Mitchell,212,17.6,29.08093,28.229029999999998,42.6,5,12,0,0,1,0,2,5,40.0,0,1,0.0,1,1,1,0,0,0,0,nba_boxscorematchupsv3
1,2025-26,Playoffs,Western Conference Semifinals,2026_lal_okc_api_20261005,0042500222,2,2026-05-07,1610612747,LAL,203935,Marcus Smart,1610612760,OKC,1641717,Cason Wallace,42,4.2,5.69878,5.59254,10.0,0,4,0,0,0,0,0,3,0.0,0,3,0.0,0,0,0,0,0,0,0,nba_boxscorematchupsv3
1,2025-26,Playoffs,Western Conference Semifinals,2026_lal_okc_api_20261005,0042500222,2,2026-05-07,1610612747,LAL,203935,Marcus Smart,1610612760,OKC,1631119,Jaylin Williams,15,2.6,4.38596,1.99734,15.5,0,0,0,0,0,0,0,0,0.0,0,0,0.0,0,0,0,0,0,0,0,nba_boxscorematchupsv3
1,2025-26,Playoffs,Western Conference Semifinals,2026_lal_okc_api_20261005,0042500222,2,2026-05-07,1610612747,LAL,1631222,Jake LaRavia,1610612760,OKC,1627936,Alex Caruso,18,1.5,3.7190099999999995,7.860259999999999,10.9,0,0,0,0,0,0,0,0,0.0,0,0,0.0,0,0,0,0,0,0,0,nba_boxscorematchupsv3
1,2025-26,Playoffs,Western Conference Semifinals,2026_lal_okc_api_20261005,0042500222,2,2026-05-07,1610612747,LAL,1631222,Jake LaRavia,1610612760,OKC,1628983,Shai Gilgeous-Alexander,67,5.2,10.876619999999999,29.257640000000002,71.89999999999999,0,4,0,0,0,0,0,0,0.0,0,0,0.0,0,0,0,0,0,0,0,nba_boxscorematchupsv3
1,2025-26,Playoffs,Western Conference Semifinals,2026_lal_okc_api_20261005,0042500222,2,2026-05-07,1610612747,LAL,1631222,Jake LaRavia,1610612760,OKC,1631096,Chet Holmgren,68,3.7,8.81971,29.69432,64.5,0,0,0,0,1,0,0,1,0.0,0,0,0.0,0,0,0,0,0,0,0,nba_boxscorematchupsv3
1,2025-26,Playoffs,Western Conference Semifinals,2026_lal_okc_api_20261005,0042500222,2,2026-05-07,1610612747,LAL,1631222,Jake LaRavia,1610612760,OKC,1630198,Isaiah Joe,20,1.0,10.52632,8.73362,18.099999999999998,0,3,0,0,0,0,0,0,0.0,0,0,0.0,0,0,0,0,0,0,0,nba_boxscorematchupsv3
1,2025-26,Playoffs,Western Conference Semifinals,2026_lal_okc_api_20261005,0042500222,2,2026-05-07,1610612747,LAL,1631222,Jake LaRavia,1610612760,OKC,1642272,Jared McCain,17,1.7,4.01891,7.42358,13.5,0,2,0,0,0,0,0,0,0.0,0,0,0.0,0,0,0,0,0,0,0,nba_boxscorematchupsv3
1,2025-26,Playoffs,Western Conference Semifinals,2026_lal_okc_api_20261005,0042500222,2,2026-05-07,1610612747,LAL,1631222,Jake LaRavia,1610612760,OKC,1642349,Ajay Mitchell,8,0.5,1.09739,3.49345,10.299999999999999,0,0,0,0,0,0,0,0,0.0,0,0,0.0,0,0,0,0,0,0,0,nba_boxscorematchupsv3
1,2025-26,Playoffs,Western Conference Semifinals,2026_lal_okc_api_20261005,0042500222,2,2026-05-07,1610612747,LAL,1631222,Jake LaRavia,1610612760,OKC,1642260,Nikola Topić,3,0.0,13.63636,1.31004,13.200000000000001,0,0,0,0,0,0,0,0,0.0,0,0,0.0,0,0,0,0,0,0,0,nba_boxscorematchupsv3
1,2025-26,Playoffs,Western Conference Semifinals,2026_lal_okc_api_20261005,0042500222,2,2026-05-07,1610612747,LAL,1631222,Jake LaRavia,1610612760,OKC,1641717,Cason Wallace,8,2.3,1.08548,3.49345,7.3999999999999995,0,0,1,0,0,0,0,0,0.0,0,0,0.0,0,0,0,0,0,0,0,nba_boxscorematchupsv3
1,2025-26,Playoffs,Western Conference Semifinals,2026_lal_okc_api_20261005,0042500222,2,2026-05-07,1610612747,LAL,1631222,Jake LaRavia,1610612760,OKC,1630598,Aaron Wiggins,15,1.0,31.91489,6.5502199999999995,27.500000000000004,0,2,0,0,0,0,0,0,0.0,0,0,0.0,0,0,0,0,0,0,0,nba_boxscorematchupsv3
1,2025-26,Playoffs,Western Conference Semifinals,2026_lal_okc_api_20261005,0042500222,2,2026-05-07,1610612747,LAL,1631222,Jake LaRavia,1610612760,OKC,1631119,Jaylin Williams,5,0.6,1.46199,2.18341,5.8999999999999995,0,0,0,0,0,0,0,1,0.0,0,1,0.0,0,0,0,0,0,0,0,nba_boxscorematchupsv3
1,2025-26,Playoffs,Western Conference Semifinals,2026_lal_okc_api_20261005,0042500222,2,2026-05-07,1610612747,LAL,1629637,Jaxson Hayes,1610612760,OKC,1627936,Alex Caruso,15,1.8,3.09917,3.90625,5.4,0,5,0,0,0,0,0,0,0.0,0,0,0.0,0,0,0,0,0,0,0,nba_boxscorematchupsv3
1,2025-26,Playoffs,Western Conference Semifinals,2026_lal_okc_api_20261005,0042500222,2,2026-05-07,1610612747,LAL,1629637,Jaxson Hayes,1610612760,OKC,1628983,Shai Gilgeous-Alexander,13,1.1,2.1103899999999998,3.38542,5.8999999999999995,0,0,0,0,0,0,0,0,0.0,0,0,0.0,0,0,0,0,0,0,0,nba_boxscorematchupsv3
1,2025-26,Playoffs,Western Conference Semifinals,2026_lal_okc_api_20261005,0042500222,2,2026-05-07,1610612747,LAL,1629637,Jaxson Hayes,1610612760,OKC,1628392,Isaiah Hartenstein,129,8.6,20.15625,33.59375,69.3,2,12,1,0,0,0,1,1,100.0,0,0,0.0,0,0,0,0,0,0,0,nba_boxscorematchupsv3
1,2025-26,Playoffs,Western Conference Semifinals,2026_lal_okc_api_20261005,0042500222,2,2026-05-07,1610612747,LAL,1629637,Jaxson Hayes,1610612760,OKC,1631096,Chet Holmgren,26,0.9,3.37224,6.77083,20.8,0,3,0,0,0,0,0,0,0.0,0,0,0.0,0,0,0,0,0,0,0,nba_boxscorematchupsv3
1,2025-26,Playoffs,Western Conference Semifinals,2026_lal_okc_api_20261005,0042500222,2,2026-05-07,1610612747,LAL,1629637,Jaxson Hayes,1610612760,OKC,1630198,Isaiah Joe,7,2.2,3.68421,1.82292,8.3,2,2,0,0,0,0,1,1,100.0,0,0,0.0,0,0,0,0,0,0,0,nba_boxscorematchupsv3
1,2025-26,Playoffs,Western Conference Semifinals,2026_lal_okc_api_20261005,0042500222,2,2026-05-07,1610612747,LAL,1629637,Jaxson Hayes,1610612760,OKC,1642272,Jared McCain,6,1.1,1.41844,1.5625,8.6,0,0,0,0,0,0,0,0,0.0,0,0,0.0,0,0,0,0,0,0,0,nba_boxscorematchupsv3
1,2025-26,Playoffs,Western Conference Semifinals,2026_lal_okc_api_20261005,0042500222,2,2026-05-07,1610612747,LAL,1629637,Jaxson Hayes,1610612760,OKC,1642349,Ajay Mitchell,14,1.5,1.92044,3.64583,15.9,2,2,0,0,1,0,1,1,100.0,0,0,0.0,0,0,0,0,0,0,0,nba_boxscorematchupsv3
1,2025-26,Playoffs,Western Conference Semifinals,2026_lal_okc_api_20261005,0042500222,2,2026-05-07,1610612747,LAL,1629637,Jaxson Hayes,1610612760,OKC,1641717,Cason Wallace,24,1.8,3.2564500000000005,6.25,6.1,0,6,1,0,0,0,0,0,0.0,0,0,0.0,0,0,0,0,0,0,0,nba_boxscorematchupsv3
1,2025-26,Playoffs,Western Conference Semifinals,2026_lal_okc_api_20261005,0042500222,2,2026-05-07,1610612747,LAL,1629637,Jaxson Hayes,1610612760,OKC,1631119,Jaylin Williams,150,10.0,43.85965,39.0625,70.0,0,7,0,0,1,0,0,0,0.0,0,0,0.0,0,0,0,0,0,0,0,nba_boxscorematchupsv3
1,2025-26,Playoffs,Western Conference Semifinals,2026_lal_okc_api_20261005,0042500222,2,2026-05-07,1610612747,LAL,1628379,Luke Kennard,1610612760,OKC,1627936,Alex Caruso,13,2.1,2.68595,1.99387,4.8,0,2,0,0,0,0,0,0,0.0,0,0,0.0,0,0,0,0,0,0,0,nba_boxscorematchupsv3
1,2025-26,Playoffs,Western Conference Semifinals,2026_lal_okc_api_20261005,0042500222,2,2026-05-07,1610612747,LAL,1628379,Luke Kennard,1610612760,OKC,1629652,Luguentz Dort,1,0.3,0.18018,0.15337,1.7999999999999998,0,0,0,0,0,0,0,0,0.0,0,0,0.0,0,0,0,0,0,0,0,nba_boxscorematchupsv3
1,2025-26,Playoffs,Western Conference Semifinals,2026_lal_okc_api_20261005,0042500222,2,2026-05-07,1610612747,LAL,1628379,Luke Kennard,1610612760,OKC,1628983,Shai Gilgeous-Alexander,66,5.6,10.71429,10.1227,28.299999999999997,0,6,0,0,0,0,0,0,0.0,0,0,0.0,0,0,0,0,0,0,0,nba_boxscorematchupsv3
1,2025-26,Playoffs,Western Conference Semifinals,2026_lal_okc_api_20261005,0042500222,2,2026-05-07,1610612747,LAL,1628379,Luke Kennard,1610612760,OKC,1628392,Isaiah Hartenstein,10,0.7,1.5625,1.5337399999999999,4.6,0,0,0,0,0,0,0,0,0.0,0,0,0.0,0,0,0,0,0,0,0,nba_boxscorematchupsv3
1,2025-26,Playoffs,Western Conference Semifinals,2026_lal_okc_api_20261005,0042500222,2,2026-05-07,1610612747,LAL,1628379,Luke Kennard,1610612760,OKC,1631096,Chet Holmgren,33,3.5,4.28016,5.06135,9.4,2,8,0,0,0,0,1,1,100.0,0,0,0.0,0,0,0,0,0,0,0,nba_boxscorematchupsv3
1,2025-26,Playoffs,Western Conference Semifinals,2026_lal_okc_api_20261005,0042500222,2,2026-05-07,1610612747,LAL,1628379,Luke Kennard,1610612760,OKC,1630198,Isaiah Joe,125,9.5,65.78947000000001,19.17178,79.80000000000001,3,9,0,0,0,0,1,2,50.0,1,2,50.0,0,0,0,0,0,0,0,nba_boxscorematchupsv3
1,2025-26,Playoffs,Western Conference Semifinals,2026_lal_okc_api_20261005,0042500222,2,2026-05-07,1610612747,LAL,1628379,Luke Kennard,1610612760,OKC,1642272,Jared McCain,217,17.3,51.300239999999995,33.28221,69.8,5,20,0,0,0,0,2,2,100.0,1,1,100.0,0,0,0,0,0,0,0,nba_boxscorematchupsv3
1,2025-26,Playoffs,Western Conference Semifinals,2026_lal_okc_api_20261005,0042500222,2,2026-05-07,1610612747,LAL,1628379,Luke Kennard,1610612760,OKC,1642349,Ajay Mitchell,142,8.3,19.47874,21.779139999999998,31.6,0,8,0,0,0,0,0,0,0.0,0,0,0.0,0,0,0,0,0,0,0,nba_boxscorematchupsv3
1,2025-26,Playoffs,Western Conference Semifinals,2026_lal_okc_api_20261005,0042500222,2,2026-05-07,1610612747,LAL,1628379,Luke Kennard,1610612760,OKC,1641717,Cason Wallace,44,3.7,5.970149999999999,6.748469999999999,9.1,0,5,0,0,0,0,0,0,0.0,0,0,0.0,0,0,0,0,0,0,0,nba_boxscorematchupsv3
1,2025-26,Playoffs,Western Conference Semifinals,2026_lal_okc_api_20261005,0042500222,2,2026-05-07,1610612747,LAL,1628379,Luke Kennard,1610612760,OKC,1631119,Jaylin Williams,1,0.4,0.2924,0.15337,2.0,0,0,0,0,0,0,0,0,0.0,0,0,0.0,0,0,0,0,0,0,0,nba_boxscorematchupsv3
1,2025-26,Playoffs,Western Conference Semifinals,2026_lal_okc_api_20261005,0042500222,2,2026-05-07,1610612747,LAL,1642876,Adou Thiero,1610612760,OKC,1627936,Alex Caruso,1,0.4,0.20661,0.6993,11.700000000000001,0,0,0,0,0,0,0,0,0.0,0,0,0.0,0,0,0,0,0,0,0,nba_boxscorematchupsv3
1,2025-26,Playoffs,Western Conference Semifinals,2026_lal_okc_api_20261005,0042500222,2,2026-05-07,1610612747,LAL,1642876,Adou Thiero,1610612760,OKC,1629652,Luguentz Dort,6,0.2,1.08108,4.1958,7.5,0,0,0,0,0,0,0,0,0.0,0,0,0.0,0,0,0,0,0,0,0,nba_boxscorematchupsv3
1,2025-26,Playoffs,Western Conference Semifinals,2026_lal_okc_api_20261005,0042500222,2,2026-05-07,1610612747,LAL,1642876,Adou Thiero,1610612760,OKC,1628983,Shai Gilgeous-Alexander,34,3.1,5.519480000000001,23.776220000000002,65.5,0,2,0,0,0,0,0,0,0.0,0,0,0.0,0,0,0,0,0,0,0,nba_boxscorematchupsv3
1,2025-26,Playoffs,Western Conference Semifinals,2026_lal_okc_api_20261005,0042500222,2,2026-05-07,1610612747,LAL,1642876,Adou Thiero,1610612760,OKC,1628392,Isaiah Hartenstein,9,1.9,1.40625,6.29371,19.2,0,0,0,0,0,0,0,0,0.0,0,0,0.0,0,0,0,0,0,0,0,nba_boxscorematchupsv3
1,2025-26,Playoffs,Western Conference Semifinals,2026_lal_okc_api_20261005,0042500222,2,2026-05-07,1610612747,LAL,1642876,Adou Thiero,1610612760,OKC,1631096,Chet Holmgren,34,3.0,4.40986,23.776220000000002,46.0,0,6,0,0,0,0,0,0,0.0,0,0,0.0,0,0,0,0,0,0,0,nba_boxscorematchupsv3
1,2025-26,Playoffs,Western Conference Semifinals,2026_lal_okc_api_20261005,0042500222,2,2026-05-07,1610612747,LAL,1642876,Adou Thiero,1610612760,OKC,1642272,Jared McCain,20,1.5,4.72813,13.986009999999998,14.299999999999999,0,4,0,0,0,0,0,0,0.0,0,0,0.0,0,0,0,0,0,0,0,nba_boxscorematchupsv3
1,2025-26,Playoffs,Western Conference Semifinals,2026_lal_okc_api_20261005,0042500222,2,2026-05-07,1610612747,LAL,1642876,Adou Thiero,1610612760,OKC,1642349,Ajay Mitchell,6,1.7,0.82305,4.1958,9.3,0,2,0,0,0,0,0,0,0.0,0,0,0.0,0,0,0,0,0,0,0,nba_boxscorematchupsv3
1,2025-26,Playoffs,Western Conference Semifinals,2026_lal_okc_api_20261005,0042500222,2,2026-05-07,1610612747,LAL,1642876,Adou Thiero,1610612760,OKC,1641717,Cason Wallace,5,0.6,0.67843,3.4965,9.700000000000001,0,0,0,0,0,0,0,0,0.0,0,0,0.0,0,0,0,0,0,0,0,nba_boxscorematchupsv3
1,2025-26,Playoffs,Western Conference Semifinals,2026_lal_okc_api_20261005,0042500222,2,2026-05-07,1610612747,LAL,1642876,Adou Thiero,1610612760,OKC,1630598,Aaron Wiggins,6,0.2,12.765960000000002,4.1958,14.7,0,0,0,0,0,0,0,0,0.0,0,0,0.0,0,0,0,0,0,0,0,nba_boxscorematchupsv3
1,2025-26,Playoffs,Western Conference Semifinals,2026_lal_okc_api_20261005,0042500222,2,2026-05-07,1610612747,LAL,1642876,Adou Thiero,1610612760,OKC,1629026,Kenrich Williams,22,0.5,46.80851,15.384619999999998,40.400000000000006,0,2,0,0,1,0,0,0,0.0,0,0,0.0,0,0,0,0,0,0,0,nba_boxscorematchupsv3
1,2025-26,Playoffs,Western Conference Semifinals,2026_lal_okc_api_20261005,0042500222,2,2026-05-07,1610612747,LAL,1642355,Bronny James,1610612760,OKC,1642272,Jared McCain,5,0.4,1.1820300000000001,10.0,16.7,0,0,0,0,0,0,0,0,0.0,0,0,0.0,0,0,0,0,0,0,0,nba_boxscorematchupsv3
1,2025-26,Playoffs,Western Conference Semifinals,2026_lal_okc_api_20261005,0042500222,2,2026-05-07,1610612747,LAL,1642355,Bronny James,1610612760,OKC,1641717,Cason Wallace,21,1.0,2.84939,42.0,56.99999999999999,0,2,1,0,0,0,0,0,0.0,0,0,0.0,0,0,0,0,0,0,0,nba_boxscorematchupsv3
1,2025-26,Playoffs,Western Conference Semifinals,2026_lal_okc_api_20261005,0042500222,2,2026-05-07,1610612747,LAL,1642355,Bronny James,1610612760,OKC,1630598,Aaron Wiggins,6,0.9,12.765960000000002,12.0,14.000000000000002,0,0,0,0,0,0,0,0,0.0,0,0,0.0,0,0,0,0,0,0,0,nba_boxscorematchupsv3
1,2025-26,Playoffs,Western Conference Semifinals,2026_lal_okc_api_20261005,0042500222,2,2026-05-07,1610612747,LAL,1642355,Bronny James,1610612760,OKC,1629026,Kenrich Williams,18,1.3,38.29787,36.0,30.3,0,2,0,0,0,0,0,0,0.0,0,0,0.0,0,0,0,0,0,0,0,nba_boxscorematchupsv3
1,2025-26,Playoffs,Western Conference Semifinals,2026_lal_okc_api_20261005,0042500222,2,2026-05-07,1610612747,LAL,1642261,Dalton Knecht,1610612760,OKC,1642272,Jared McCain,4,0.7,0.9456300000000001,9.30233,7.6,0,2,0,0,0,0,0,0,0.0,0,0,0.0,0,0,0,0,0,0,0,nba_boxscorematchupsv3
1,2025-26,Playoffs,Western Conference Semifinals,2026_lal_okc_api_20261005,0042500222,2,2026-05-07,1610612747,LAL,1642261,Dalton Knecht,1610612760,OKC,1642349,Ajay Mitchell,12,0.5,1.64609,27.906979999999997,32.300000000000004,0,0,0,0,0,0,0,0,0.0,0,0,0.0,0,0,0,0,0,0,0,nba_boxscorematchupsv3
1,2025-26,Playoffs,Western Conference Semifinals,2026_lal_okc_api_20261005,0042500222,2,2026-05-07,1610612747,LAL,1642261,Dalton Knecht,1610612760,OKC,1630598,Aaron Wiggins,20,0.9,42.55319,46.51163,39.0,2,2,0,0,0,0,1,1,100.0,0,0,0.0,0,0,0,0,0,0,0,nba_boxscorematchupsv3
1,2025-26,Playoffs,Western Conference Semifinals,2026_lal_okc_api_20261005,0042500222,2,2026-05-07,1610612747,LAL,1642261,Dalton Knecht,1610612760,OKC,1629026,Kenrich Williams,7,1.0,14.893619999999999,16.27907,20.4,0,0,0,0,0,0,0,0,0.0,0,0,0.0,0,0,0,0,0,0,0,nba_boxscorematchupsv3
1,2025-26,Playoffs,Western Conference Semifinals,2026_lal_okc_api_20261005,0042500222,2,2026-05-07,1610612747,LAL,1641733,Nick Smith Jr.,1610612760,OKC,1630198,Isaiah Joe,2,0.0,1.05263,4.0,12.1,0,0,0,0,0,0,0,0,0.0,0,0,0.0,0,0,0,0,0,0,0,nba_boxscorematchupsv3
1,2025-26,Playoffs,Western Conference Semifinals,2026_lal_okc_api_20261005,0042500222,2,2026-05-07,1610612747,LAL,1641733,Nick Smith Jr.,1610612760,OKC,1642272,Jared McCain,20,1.3,4.72813,40.0,29.4,0,0,0,0,0,0,0,0,0.0,0,0,0.0,0,0,0,0,0,0,0,nba_boxscorematchupsv3
1,2025-26,Playoffs,Western Conference Semifinals,2026_lal_okc_api_20261005,0042500222,2,2026-05-07,1610612747,LAL,1641733,Nick Smith Jr.,1610612760,OKC,1642349,Ajay Mitchell,6,0.7,0.82305,12.0,25.0,2,2,0,0,0,0,1,1,100.0,0,0,0.0,0,0,0,0,0,0,0,nba_boxscorematchupsv3
1,2025-26,Playoffs,Western Conference Semifinals,2026_lal_okc_api_20261005,0042500222,2,2026-05-07,1610612747,LAL,1641733,Nick Smith Jr.,1610612760,OKC,1642260,Nikola Topić,19,1.0,86.36364,38.0,72.89999999999999,0,2,1,0,0,0,0,0,0.0,0,0,0.0,0,0,0,0,0,0,0,nba_boxscorematchupsv3
1,2025-26,Playoffs,Western Conference Semifinals,2026_lal_okc_api_20261005,0042500222,2,2026-05-07,1610612747,LAL,1641733,Nick Smith Jr.,1610612760,OKC,1641717,Cason Wallace,3,1.0,0.40706,6.0,18.0,0,0,0,0,0,0,0,1,0.0,0,1,0.0,0,0,0,0,0,0,0,nba_boxscorematchupsv3
1,2025-26,Playoffs,Western Conference Semifinals,2026_lal_okc_api_20261005,0042500223,3,2026-05-09,1610612747,LAL,2544,LeBron James,1610612760,OKC,1627936,Alex Caruso,199,14.5,41.03093,21.86813,56.3,3,15,2,0,0,0,1,3,33.300000000000004,1,2,50.0,0,0,0,0,0,0,0,nba_boxscorematchupsv3
1,2025-26,Playoffs,Western Conference Semifinals,2026_lal_okc_api_20261005,0042500223,3,2026-05-09,1610612747,LAL,2544,LeBron James,1610612760,OKC,1629652,Luguentz Dort,337,22.3,74.06593000000001,37.03297,72.5,2,24,2,0,1,0,1,4,25.0,0,0,0.0,0,0,0,0,0,0,0,nba_boxscorematchupsv3
1,2025-26,Playoffs,Western Conference Semifinals,2026_lal_okc_api_20261005,0042500223,3,2026-05-09,1610612747,LAL,2544,LeBron James,1610612760,OKC,1628983,Shai Gilgeous-Alexander,30,1.6,3.5756900000000003,3.2967000000000004,4.5,2,2,0,0,0,0,1,1,100.0,0,0,0.0,0,0,0,0,0,0,0,nba_boxscorematchupsv3
1,2025-26,Playoffs,Western Conference Semifinals,2026_lal_okc_api_20261005,0042500223,3,2026-05-09,1610612747,LAL,2544,LeBron James,1610612760,OKC,1628392,Isaiah Hartenstein,52,6.4,7.68095,5.71429,11.3,2,5,0,0,1,0,1,4,25.0,0,1,0.0,0,0,0,0,0,0,0,nba_boxscorematchupsv3
1,2025-26,Playoffs,Western Conference Semifinals,2026_lal_okc_api_20261005,0042500223,3,2026-05-09,1610612747,LAL,2544,LeBron James,1610612760,OKC,1631096,Chet Holmgren,47,4.3,6.11183,5.16484,7.1,6,6,0,0,0,0,2,3,66.7,0,0,0.0,2,2,1,0,0,0,0,nba_boxscorematchupsv3
1,2025-26,Playoffs,Western Conference Semifinals,2026_lal_okc_api_20261005,0042500223,3,2026-05-09,1610612747,LAL,2544,LeBron James,1610612760,OKC,1630198,Isaiah Joe,12,1.1,2.7397299999999998,1.31868,8.9,0,2,1,0,0,0,0,0,0.0,0,0,0.0,0,0,0,0,0,0,0,nba_boxscorematchupsv3
1,2025-26,Playoffs,Western Conference Semifinals,2026_lal_okc_api_20261005,0042500223,3,2026-05-09,1610612747,LAL,2544,LeBron James,1610612760,OKC,1642272,Jared McCain,14,0.7,5.9322,1.53846,8.0,0,5,1,0,0,0,0,0,0.0,0,0,0.0,0,0,0,0,0,0,0,nba_boxscorematchupsv3
1,2025-26,Playoffs,Western Conference Semifinals,2026_lal_okc_api_20261005,0042500223,3,2026-05-09,1610612747,LAL,2544,LeBron James,1610612760,OKC,1642349,Ajay Mitchell,67,4.3,9.42335,7.36264,9.9,1,11,0,0,0,0,0,0,0.0,0,0,0.0,1,2,1,0,0,0,0,nba_boxscorematchupsv3
1,2025-26,Playoffs,Western Conference Semifinals,2026_lal_okc_api_20261005,0042500223,3,2026-05-09,1610612747,LAL,2544,LeBron James,1610612760,OKC,1641717,Cason Wallace,130,10.1,20.44025,14.285709999999998,31.7,0,9,2,0,0,0,0,1,0.0,0,0,0.0,0,0,0,0,0,0,0,nba_boxscorematchupsv3
1,2025-26,Playoffs,Western Conference Semifinals,2026_lal_okc_api_20261005,0042500223,3,2026-05-09,1610612747,LAL,2544,LeBron James,1610612760,OKC,1631119,Jaylin Williams,22,2.5,6.25,2.41758,13.600000000000001,3,3,0,0,0,0,1,2,50.0,1,2,50.0,0,0,0,0,0,0,0,nba_boxscorematchupsv3
1,2025-26,Playoffs,Western Conference Semifinals,2026_lal_okc_api_20261005,0042500223,3,2026-05-09,1610612747,LAL,1629060,Rui Hachimura,1610612760,OKC,1627936,Alex Caruso,58,4.0,11.95876,6.3736299999999995,16.2,0,4,0,0,0,0,0,0,0.0,0,0,0.0,0,0,0,0,0,0,0,nba_boxscorematchupsv3
1,2025-26,Playoffs,Western Conference Semifinals,2026_lal_okc_api_20261005,0042500223,3,2026-05-09,1610612747,LAL,1629060,Rui Hachimura,1610612760,OKC,1629652,Luguentz Dort,14,2.1,3.07692,1.53846,5.7,0,4,0,0,0,0,0,0,0.0,0,0,0.0,0,0,0,0,0,0,0,nba_boxscorematchupsv3
1,2025-26,Playoffs,Western Conference Semifinals,2026_lal_okc_api_20261005,0042500223,3,2026-05-09,1610612747,LAL,1629060,Rui Hachimura,1610612760,OKC,1628983,Shai Gilgeous-Alexander,170,13.9,20.26222,18.68132,20.7,0,10,2,0,0,0,0,2,0.0,0,2,0.0,0,0,0,0,0,0,0,nba_boxscorematchupsv3
1,2025-26,Playoffs,Western Conference Semifinals,2026_lal_okc_api_20261005,0042500223,3,2026-05-09,1610612747,LAL,1629060,Rui Hachimura,1610612760,OKC,1628392,Isaiah Hartenstein,56,4.9,8.27179,6.15385,11.200000000000001,2,5,0,0,0,0,1,1,100.0,0,0,0.0,0,0,0,0,0,0,0,nba_boxscorematchupsv3
1,2025-26,Playoffs,Western Conference Semifinals,2026_lal_okc_api_20261005,0042500223,3,2026-05-09,1610612747,LAL,1629060,Rui Hachimura,1610612760,OKC,1631096,Chet Holmgren,444,29.1,57.737320000000004,48.79121,61.7,11,30,0,0,0,0,4,4,100.0,3,3,100.0,0,0,0,0,0,0,0,nba_boxscorematchupsv3
1,2025-26,Playoffs,Western Conference Semifinals,2026_lal_okc_api_20261005,0042500223,3,2026-05-09,1610612747,LAL,1629060,Rui Hachimura,1610612760,OKC,1630198,Isaiah Joe,34,2.9,7.762560000000001,3.73626,13.0,2,4,0,0,0,0,0,0,0.0,0,0,0.0,2,2,1,0,0,0,0,nba_boxscorematchupsv3
1,2025-26,Playoffs,Western Conference Semifinals,2026_lal_okc_api_20261005,0042500223,3,2026-05-09,1610612747,LAL,1629060,Rui Hachimura,1610612760,OKC,1642349,Ajay Mitchell,53,3.6,7.454289999999999,5.82418,9.700000000000001,0,2,0,0,0,0,0,3,0.0,0,0,0.0,0,0,0,0,0,0,0,nba_boxscorematchupsv3
1,2025-26,Playoffs,Western Conference Semifinals,2026_lal_okc_api_20261005,0042500223,3,2026-05-09,1610612747,LAL,1629060,Rui Hachimura,1610612760,OKC,1641717,Cason Wallace,40,4.1,6.2893099999999995,4.3956,7.000000000000001,3,9,1,0,0,0,1,2,50.0,1,1,100.0,0,0,0,0,0,0,0,nba_boxscorematchupsv3
1,2025-26,Playoffs,Western Conference Semifinals,2026_lal_okc_api_20261005,0042500223,3,2026-05-09,1610612747,LAL,1629060,Rui Hachimura,1610612760,OKC,1631119,Jaylin Williams,41,2.6,11.647730000000001,4.50549,14.299999999999999,3,3,0,0,0,0,1,2,50.0,1,2,50.0,0,0,0,0,0,0,0,nba_boxscorematchupsv3
1,2025-26,Playoffs,Western Conference Semifinals,2026_lal_okc_api_20261005,0042500223,3,2026-05-09,1610612747,LAL,1629028,Deandre Ayton,1610612760,OKC,1627936,Alex Caruso,2,0.3,0.41237,0.32626,2.5,0,0,0,0,0,0,0,0,0.0,0,0,0.0,0,0,0,0,0,0,0,nba_boxscorematchupsv3
1,2025-26,Playoffs,Western Conference Semifinals,2026_lal_okc_api_20261005,0042500223,3,2026-05-09,1610612747,LAL,1629028,Deandre Ayton,1610612760,OKC,1629652,Luguentz Dort,21,1.8,4.61538,3.42577,6.1,0,3,0,0,0,0,0,0,0.0,0,0,0.0,0,0,0,0,0,0,0,nba_boxscorematchupsv3
1,2025-26,Playoffs,Western Conference Semifinals,2026_lal_okc_api_20261005,0042500223,3,2026-05-09,1610612747,LAL,1629028,Deandre Ayton,1610612760,OKC,1628983,Shai Gilgeous-Alexander,38,2.9,4.5291999999999994,6.19902,8.4,2,4,0,0,0,0,1,1,100.0,0,0,0.0,0,0,0,0,0,0,0,nba_boxscorematchupsv3
1,2025-26,Playoffs,Western Conference Semifinals,2026_lal_okc_api_20261005,0042500223,3,2026-05-09,1610612747,LAL,1629028,Deandre Ayton,1610612760,OKC,1628392,Isaiah Hartenstein,286,16.8,42.2452,46.65579,69.6,2,19,0,0,1,0,1,3,33.300000000000004,0,0,0.0,0,0,0,0,0,0,0,nba_boxscorematchupsv3
1,2025-26,Playoffs,Western Conference Semifinals,2026_lal_okc_api_20261005,0042500223,3,2026-05-09,1610612747,LAL,1629028,Deandre Ayton,1610612760,OKC,1631096,Chet Holmgren,121,7.5,15.73472,19.73899,20.8,6,16,0,0,0,0,3,4,75.0,0,0,0.0,0,0,0,0,0,0,0,nba_boxscorematchupsv3
1,2025-26,Playoffs,Western Conference Semifinals,2026_lal_okc_api_20261005,0042500223,3,2026-05-09,1610612747,LAL,1629028,Deandre Ayton,1610612760,OKC,1630198,Isaiah Joe,7,1.2,1.59817,1.1419199999999998,7.8,0,4,0,0,0,0,0,0,0.0,0,0,0.0,0,0,0,0,0,0,0,nba_boxscorematchupsv3
1,2025-26,Playoffs,Western Conference Semifinals,2026_lal_okc_api_20261005,0042500223,3,2026-05-09,1610612747,LAL,1629028,Deandre Ayton,1610612760,OKC,1642349,Ajay Mitchell,29,5.0,4.07876,4.73083,10.2,0,3,0,0,0,0,0,1,0.0,0,0,0.0,0,0,0,0,0,0,0,nba_boxscorematchupsv3
1,2025-26,Playoffs,Western Conference Semifinals,2026_lal_okc_api_20261005,0042500223,3,2026-05-09,1610612747,LAL,1629028,Deandre Ayton,1610612760,OKC,1641717,Cason Wallace,14,1.9,2.20126,2.28385,8.6,0,0,0,0,0,0,0,0,0.0,0,0,0.0,0,0,0,0,0,0,0,nba_boxscorematchupsv3
1,2025-26,Playoffs,Western Conference Semifinals,2026_lal_okc_api_20261005,0042500223,3,2026-05-09,1610612747,LAL,1629028,Deandre Ayton,1610612760,OKC,1631119,Jaylin Williams,95,3.9,26.988640000000004,15.497549999999999,46.9,0,4,0,0,0,0,0,0,0.0,0,0,0.0,0,0,0,0,0,0,0,nba_boxscorematchupsv3
1,2025-26,Playoffs,Western Conference Semifinals,2026_lal_okc_api_20261005,0042500223,3,2026-05-09,1610612747,LAL,1630559,Austin Reaves,1610612760,OKC,1627936,Alex Caruso,54,3.0,11.13402,5.67823,14.299999999999999,0,4,0,0,0,0,0,0,0.0,0,0,0.0,0,0,0,0,0,0,0,nba_boxscorematchupsv3
1,2025-26,Playoffs,Western Conference Semifinals,2026_lal_okc_api_20261005,0042500223,3,2026-05-09,1610612747,LAL,1630559,Austin Reaves,1610612760,OKC,1629652,Luguentz Dort,33,2.1,7.25275,3.4700300000000004,7.5,0,2,1,0,0,0,0,0,0.0,0,0,0.0,0,0,0,0,0,0,0,nba_boxscorematchupsv3
1,2025-26,Playoffs,Western Conference Semifinals,2026_lal_okc_api_20261005,0042500223,3,2026-05-09,1610612747,LAL,1630559,Austin Reaves,1610612760,OKC,1628983,Shai Gilgeous-Alexander,49,3.4,5.84029,5.15247,7.3,2,6,1,0,0,2,0,1,0.0,0,0,0.0,2,2,1,0,0,0,0,nba_boxscorematchupsv3
1,2025-26,Playoffs,Western Conference Semifinals,2026_lal_okc_api_20261005,0042500223,3,2026-05-09,1610612747,LAL,1630559,Austin Reaves,1610612760,OKC,1628392,Isaiah Hartenstein,20,2.7,2.9542100000000002,2.10305,5.7,2,4,1,0,2,0,1,2,50.0,0,0,0.0,0,0,0,0,0,0,0,nba_boxscorematchupsv3
1,2025-26,Playoffs,Western Conference Semifinals,2026_lal_okc_api_20261005,0042500223,3,2026-05-09,1610612747,LAL,1630559,Austin Reaves,1610612760,OKC,1631096,Chet Holmgren,14,2.2,1.82055,1.47213,4.0,0,2,0,0,0,0,0,0,0.0,0,0,0.0,0,0,0,0,0,0,0,nba_boxscorematchupsv3
1,2025-26,Playoffs,Western Conference Semifinals,2026_lal_okc_api_20261005,0042500223,3,2026-05-09,1610612747,LAL,1630559,Austin Reaves,1610612760,OKC,1630198,Isaiah Joe,12,2.3,2.7397299999999998,1.26183,6.7,2,4,0,0,0,0,1,1,100.0,0,0,0.0,0,0,0,0,0,0,0,nba_boxscorematchupsv3
1,2025-26,Playoffs,Western Conference Semifinals,2026_lal_okc_api_20261005,0042500223,3,2026-05-09,1610612747,LAL,1630559,Austin Reaves,1610612760,OKC,1642272,Jared McCain,7,0.5,2.9661,0.73607,5.6000000000000005,0,3,0,0,0,0,0,0,0.0,0,0,0.0,0,0,0,0,0,0,0,nba_boxscorematchupsv3
1,2025-26,Playoffs,Western Conference Semifinals,2026_lal_okc_api_20261005,0042500223,3,2026-05-09,1610612747,LAL,1630559,Austin Reaves,1610612760,OKC,1642349,Ajay Mitchell,460,31.6,64.69761000000001,48.37014,60.8,6,38,2,0,1,0,2,6,33.300000000000004,1,4,25.0,1,1,1,0,0,0,0,nba_boxscorematchupsv3
1,2025-26,Playoffs,Western Conference Semifinals,2026_lal_okc_api_20261005,0042500223,3,2026-05-09,1610612747,LAL,1630559,Austin Reaves,1610612760,OKC,1641717,Cason Wallace,273,17.3,42.92453,28.70662,48.4,2,12,1,0,1,0,0,1,0.0,0,1,0.0,2,4,2,0,0,0,0,nba_boxscorematchupsv3
1,2025-26,Playoffs,Western Conference Semifinals,2026_lal_okc_api_20261005,0042500223,3,2026-05-09,1610612747,LAL,1630559,Austin Reaves,1610612760,OKC,1631119,Jaylin Williams,29,3.3,8.23864,3.04942,12.7,3,9,2,0,1,0,1,2,50.0,0,0,0.0,1,1,1,0,0,0,0,nba_boxscorematchupsv3
1,2025-26,Playoffs,Western Conference Semifinals,2026_lal_okc_api_20261005,0042500223,3,2026-05-09,1610612747,LAL,203935,Marcus Smart,1610612760,OKC,1627936,Alex Caruso,90,5.8,18.5567,12.19512,30.599999999999998,2,5,0,0,0,0,0,1,0.0,0,1,0.0,2,2,0,0,0,0,0,nba_boxscorematchupsv3
1,2025-26,Playoffs,Western Conference Semifinals,2026_lal_okc_api_20261005,0042500223,3,2026-05-09,1610612747,LAL,203935,Marcus Smart,1610612760,OKC,1629652,Luguentz Dort,32,1.9,7.03297,4.33604,9.2,0,4,0,0,0,0,0,0,0.0,0,0,0.0,0,0,0,0,0,0,0,nba_boxscorematchupsv3
1,2025-26,Playoffs,Western Conference Semifinals,2026_lal_okc_api_20261005,0042500223,3,2026-05-09,1610612747,LAL,203935,Marcus Smart,1610612760,OKC,1628983,Shai Gilgeous-Alexander,342,24.0,40.76281,46.34146,49.8,0,18,1,0,1,0,0,0,0.0,0,0,0.0,0,0,0,0,0,0,0,nba_boxscorematchupsv3
1,2025-26,Playoffs,Western Conference Semifinals,2026_lal_okc_api_20261005,0042500223,3,2026-05-09,1610612747,LAL,203935,Marcus Smart,1610612760,OKC,1628392,Isaiah Hartenstein,39,4.8,5.76071,5.284549999999999,10.2,3,11,0,0,0,0,1,1,100.0,1,1,100.0,0,0,0,0,0,0,0,nba_boxscorematchupsv3
1,2025-26,Playoffs,Western Conference Semifinals,2026_lal_okc_api_20261005,0042500223,3,2026-05-09,1610612747,LAL,203935,Marcus Smart,1610612760,OKC,1631096,Chet Holmgren,41,4.7,5.3316,5.55556,11.1,0,5,0,0,0,1,0,1,0.0,0,0,0.0,0,0,0,0,0,0,0,nba_boxscorematchupsv3
1,2025-26,Playoffs,Western Conference Semifinals,2026_lal_okc_api_20261005,0042500223,3,2026-05-09,1610612747,LAL,203935,Marcus Smart,1610612760,OKC,1630198,Isaiah Joe,59,6.1,13.47032,7.99458,18.7,1,7,1,0,1,0,0,0,0.0,0,0,0.0,1,2,1,0,0,0,0,nba_boxscorematchupsv3
1,2025-26,Playoffs,Western Conference Semifinals,2026_lal_okc_api_20261005,0042500223,3,2026-05-09,1610612747,LAL,203935,Marcus Smart,1610612760,OKC,1642349,Ajay Mitchell,42,3.2,5.90717,5.69106,8.5,0,6,1,0,1,0,0,1,0.0,0,0,0.0,0,0,0,0,0,0,0,nba_boxscorematchupsv3
1,2025-26,Playoffs,Western Conference Semifinals,2026_lal_okc_api_20261005,0042500223,3,2026-05-09,1610612747,LAL,203935,Marcus Smart,1610612760,OKC,1641717,Cason Wallace,82,5.7,12.893080000000001,11.11111,15.299999999999999,2,2,0,0,0,0,1,2,50.0,0,0,0.0,0,0,0,0,0,0,0,nba_boxscorematchupsv3
1,2025-26,Playoffs,Western Conference Semifinals,2026_lal_okc_api_20261005,0042500223,3,2026-05-09,1610612747,LAL,203935,Marcus Smart,1610612760,OKC,1631119,Jaylin Williams,11,1.4,3.125,1.49051,9.9,2,2,0,0,0,0,1,1,100.0,0,0,0.0,0,0,0,0,0,0,0,nba_boxscorematchupsv3
1,2025-26,Playoffs,Western Conference Semifinals,2026_lal_okc_api_20261005,0042500223,3,2026-05-09,1610612747,LAL,1628379,Luke Kennard,1610612760,OKC,1627936,Alex Caruso,50,2.6,10.30928,7.002800000000001,9.9,0,2,1,0,0,0,0,0,0.0,0,0,0.0,0,0,0,0,0,0,0,nba_boxscorematchupsv3
1,2025-26,Playoffs,Western Conference Semifinals,2026_lal_okc_api_20261005,0042500223,3,2026-05-09,1610612747,LAL,1628379,Luke Kennard,1610612760,OKC,1629652,Luguentz Dort,11,1.6,2.41758,1.54062,7.3999999999999995,0,0,0,0,0,0,0,0,0.0,0,0,0.0,0,0,0,0,0,0,0,nba_boxscorematchupsv3
1,2025-26,Playoffs,Western Conference Semifinals,2026_lal_okc_api_20261005,0042500223,3,2026-05-09,1610612747,LAL,1628379,Luke Kennard,1610612760,OKC,1628983,Shai Gilgeous-Alexander,183,13.3,21.81168,25.63025,32.800000000000004,5,20,0,0,0,0,2,2,100.0,1,1,100.0,0,0,0,0,0,0,0,nba_boxscorematchupsv3
1,2025-26,Playoffs,Western Conference Semifinals,2026_lal_okc_api_20261005,0042500223,3,2026-05-09,1610612747,LAL,1628379,Luke Kennard,1610612760,OKC,1628392,Isaiah Hartenstein,29,3.2,4.2836,4.06162,9.700000000000001,5,8,0,0,0,0,2,3,66.7,1,1,100.0,0,0,0,0,0,0,0,nba_boxscorematchupsv3
1,2025-26,Playoffs,Western Conference Semifinals,2026_lal_okc_api_20261005,0042500223,3,2026-05-09,1610612747,LAL,1628379,Luke Kennard,1610612760,OKC,1631096,Chet Holmgren,35,3.6,4.5513699999999995,4.901960000000001,8.7,2,3,0,0,0,0,1,1,100.0,0,0,0.0,0,0,0,0,0,0,0,nba_boxscorematchupsv3
1,2025-26,Playoffs,Western Conference Semifinals,2026_lal_okc_api_20261005,0042500223,3,2026-05-09,1610612747,LAL,1628379,Luke Kennard,1610612760,OKC,1630198,Isaiah Joe,168,10.4,38.35616,23.529410000000002,56.599999999999994,3,12,0,0,0,0,1,1,100.0,1,1,100.0,0,0,0,0,0,0,0,nba_boxscorematchupsv3
1,2025-26,Playoffs,Western Conference Semifinals,2026_lal_okc_api_20261005,0042500223,3,2026-05-09,1610612747,LAL,1628379,Luke Kennard,1610612760,OKC,1642272,Jared McCain,108,7.2,45.76271,15.12605,75.0,0,8,1,0,0,0,0,0,0.0,0,0,0.0,0,0,0,0,0,0,0,nba_boxscorematchupsv3
1,2025-26,Playoffs,Western Conference Semifinals,2026_lal_okc_api_20261005,0042500223,3,2026-05-09,1610612747,LAL,1628379,Luke Kennard,1610612760,OKC,1642349,Ajay Mitchell,49,5.0,6.8917,6.862749999999999,13.900000000000002,0,3,0,0,0,0,0,0,0.0,0,0,0.0,0,0,0,0,0,0,0,nba_boxscorematchupsv3
1,2025-26,Playoffs,Western Conference Semifinals,2026_lal_okc_api_20261005,0042500223,3,2026-05-09,1610612747,LAL,1628379,Luke Kennard,1610612760,OKC,1641717,Cason Wallace,54,4.4,8.49057,7.5630299999999995,12.3,3,11,0,0,0,0,1,2,50.0,1,2,50.0,0,0,0,0,0,0,0,nba_boxscorematchupsv3
1,2025-26,Playoffs,Western Conference Semifinals,2026_lal_okc_api_20261005,0042500223,3,2026-05-09,1610612747,LAL,1628379,Luke Kennard,1610612760,OKC,1631119,Jaylin Williams,27,2.7,7.67045,3.78151,10.7,0,0,0,0,0,0,0,1,0.0,0,1,0.0,0,0,0,0,0,0,0,nba_boxscorematchupsv3
1,2025-26,Playoffs,Western Conference Semifinals,2026_lal_okc_api_20261005,0042500223,3,2026-05-09,1610612747,LAL,1629637,Jaxson Hayes,1610612760,OKC,1627936,Alex Caruso,8,0.7,1.64948,3.8835,9.700000000000001,0,3,0,0,0,0,0,0,0.0,0,0,0.0,0,0,0,0,0,0,0,nba_boxscorematchupsv3
1,2025-26,Playoffs,Western Conference Semifinals,2026_lal_okc_api_20261005,0042500223,3,2026-05-09,1610612747,LAL,1629637,Jaxson Hayes,1610612760,OKC,1628983,Shai Gilgeous-Alexander,19,2.0,2.2645999999999997,9.2233,9.8,0,4,0,0,0,0,0,0,0.0,0,0,0.0,0,0,0,0,0,0,0,nba_boxscorematchupsv3
1,2025-26,Playoffs,Western Conference Semifinals,2026_lal_okc_api_20261005,0042500223,3,2026-05-09,1610612747,LAL,1629637,Jaxson Hayes,1610612760,OKC,1628392,Isaiah Hartenstein,51,4.2,7.5332300000000005,24.75728,67.30000000000001,1,3,0,0,0,0,0,0,0.0,0,0,0.0,1,2,1,0,0,0,0,nba_boxscorematchupsv3
1,2025-26,Playoffs,Western Conference Semifinals,2026_lal_okc_api_20261005,0042500223,3,2026-05-09,1610612747,LAL,1629637,Jaxson Hayes,1610612760,OKC,1631096,Chet Holmgren,2,0.4,0.26008,0.9708700000000001,8.4,0,0,0,0,0,0,0,0,0.0,0,0,0.0,0,0,0,0,0,0,0,nba_boxscorematchupsv3
1,2025-26,Playoffs,Western Conference Semifinals,2026_lal_okc_api_20261005,0042500223,3,2026-05-09,1610612747,LAL,1629637,Jaxson Hayes,1610612760,OKC,1630198,Isaiah Joe,10,0.5,2.28311,4.85437,11.5,0,1,0,0,0,0,0,0,0.0,0,0,0.0,0,0,0,0,0,0,0,nba_boxscorematchupsv3
1,2025-26,Playoffs,Western Conference Semifinals,2026_lal_okc_api_20261005,0042500223,3,2026-05-09,1610612747,LAL,1629637,Jaxson Hayes,1610612760,OKC,1642349,Ajay Mitchell,4,0.3,0.5625899999999999,1.94175,8.799999999999999,0,0,0,0,0,0,0,0,0.0,0,0,0.0,0,0,0,0,0,0,0,nba_boxscorematchupsv3
1,2025-26,Playoffs,Western Conference Semifinals,2026_lal_okc_api_20261005,0042500223,3,2026-05-09,1610612747,LAL,1629637,Jaxson Hayes,1610612760,OKC,1641717,Cason Wallace,17,1.3,2.67296,8.25243,9.700000000000001,0,3,0,0,0,0,0,0,0.0,0,0,0.0,0,0,0,0,0,0,0,nba_boxscorematchupsv3
1,2025-26,Playoffs,Western Conference Semifinals,2026_lal_okc_api_20261005,0042500223,3,2026-05-09,1610612747,LAL,1629637,Jaxson Hayes,1610612760,OKC,1631119,Jaylin Williams,95,5.1,26.988640000000004,46.1165,59.099999999999994,0,5,0,0,0,0,0,0,0.0,0,0,0.0,0,0,0,0,0,0,0,nba_boxscorematchupsv3
1,2025-26,Playoffs,Western Conference Semifinals,2026_lal_okc_api_20261005,0042500223,3,2026-05-09,1610612747,LAL,1642876,Adou Thiero,1610612760,OKC,1627936,Alex Caruso,13,1.3,2.68041,4.0,8.0,1,4,0,0,0,0,0,0,0.0,0,0,0.0,1,2,1,0,0,0,0,nba_boxscorematchupsv3
1,2025-26,Playoffs,Western Conference Semifinals,2026_lal_okc_api_20261005,0042500223,3,2026-05-09,1610612747,LAL,1642876,Adou Thiero,1610612760,OKC,1628983,Shai Gilgeous-Alexander,8,0.9,0.95352,2.46154,11.600000000000001,0,0,0,0,1,0,0,0,0.0,0,0,0.0,0,0,0,0,0,0,0,nba_boxscorematchupsv3
1,2025-26,Playoffs,Western Conference Semifinals,2026_lal_okc_api_20261005,0042500223,3,2026-05-09,1610612747,LAL,1642876,Adou Thiero,1610612760,OKC,1628392,Isaiah Hartenstein,81,5.2,11.964550000000001,24.92308,35.5,0,6,1,0,0,0,0,1,0.0,0,1,0.0,0,0,0,0,0,0,0,nba_boxscorematchupsv3
1,2025-26,Playoffs,Western Conference Semifinals,2026_lal_okc_api_20261005,0042500223,3,2026-05-09,1610612747,LAL,1642876,Adou Thiero,1610612760,OKC,1631096,Chet Holmgren,61,3.4,7.93238,18.76923,51.4,0,6,0,0,0,0,0,0,0.0,0,0,0.0,0,0,0,0,0,0,0,nba_boxscorematchupsv3
1,2025-26,Playoffs,Western Conference Semifinals,2026_lal_okc_api_20261005,0042500223,3,2026-05-09,1610612747,LAL,1642876,Adou Thiero,1610612760,OKC,1630198,Isaiah Joe,65,4.2,14.84018,20.0,24.2,0,6,0,0,1,0,0,0,0.0,0,0,0.0,0,0,0,0,0,0,0,nba_boxscorematchupsv3
1,2025-26,Playoffs,Western Conference Semifinals,2026_lal_okc_api_20261005,0042500223,3,2026-05-09,1610612747,LAL,1642876,Adou Thiero,1610612760,OKC,1642272,Jared McCain,45,2.6,19.0678,13.846149999999998,25.7,0,3,0,0,0,0,0,0,0.0,0,0,0.0,0,0,0,0,0,0,0,nba_boxscorematchupsv3
1,2025-26,Playoffs,Western Conference Semifinals,2026_lal_okc_api_20261005,0042500223,3,2026-05-09,1610612747,LAL,1642876,Adou Thiero,1610612760,OKC,1642349,Ajay Mitchell,2,0.1,0.28129000000000004,0.61538,1.9,0,2,0,0,0,0,0,0,0.0,0,0,0.0,0,0,0,0,0,0,0,nba_boxscorematchupsv3
1,2025-26,Playoffs,Western Conference Semifinals,2026_lal_okc_api_20261005,0042500223,3,2026-05-09,1610612747,LAL,1642876,Adou Thiero,1610612760,OKC,1642260,Nikola Topić,6,0.6,7.5,1.84615,7.3,0,0,0,0,0,0,0,0,0.0,0,0,0.0,0,0,0,0,0,0,0,nba_boxscorematchupsv3
1,2025-26,Playoffs,Western Conference Semifinals,2026_lal_okc_api_20261005,0042500223,3,2026-05-09,1610612747,LAL,1642876,Adou Thiero,1610612760,OKC,1641717,Cason Wallace,19,1.8,2.98742,5.84615,16.400000000000002,0,3,0,0,0,0,0,1,0.0,0,0,0.0,0,0,0,0,0,0,0,nba_boxscorematchupsv3
1,2025-26,Playoffs,Western Conference Semifinals,2026_lal_okc_api_20261005,0042500223,3,2026-05-09,1610612747,LAL,1642876,Adou Thiero,1610612760,OKC,1630598,Aaron Wiggins,10,1.0,10.30928,3.07692,8.200000000000001,0,2,0,0,0,0,0,0,0.0,0,0,0.0,0,0,0,0,0,0,0,nba_boxscorematchupsv3
1,2025-26,Playoffs,Western Conference Semifinals,2026_lal_okc_api_20261005,0042500223,3,2026-05-09,1610612747,LAL,1642876,Adou Thiero,1610612760,OKC,1631119,Jaylin Williams,13,0.5,3.69318,4.0,30.9,0,0,0,0,0,0,0,0,0.0,0,0,0.0,0,0,0,0,0,0,0,nba_boxscorematchupsv3
1,2025-26,Playoffs,Western Conference Semifinals,2026_lal_okc_api_20261005,0042500223,3,2026-05-09,1610612747,LAL,1642876,Adou Thiero,1610612760,OKC,1629026,Kenrich Williams,2,1.3,2.08333,0.61538,3.1,3,3,0,0,0,0,1,1,100.0,0,0,0.0,1,1,1,0,0,0,0,nba_boxscorematchupsv3
1,2025-26,Playoffs,Western Conference Semifinals,2026_lal_okc_api_20261005,0042500223,3,2026-05-09,1610612747,LAL,1628467,Maxi Kleber,1610612760,OKC,1627936,Alex Caruso,11,1.0,2.26804,5.85106,11.5,0,3,0,0,0,0,0,0,0.0,0,0,0.0,0,0,0,0,0,0,0,nba_boxscorematchupsv3
1,2025-26,Playoffs,Western Conference Semifinals,2026_lal_okc_api_20261005,0042500223,3,2026-05-09,1610612747,LAL,1628467,Maxi Kleber,1610612760,OKC,1629652,Luguentz Dort,3,0.4,0.65934,1.59574,40.2,0,0,0,0,0,0,0,0,0.0,0,0,0.0,0,0,0,0,0,0,0,nba_boxscorematchupsv3
1,2025-26,Playoffs,Western Conference Semifinals,2026_lal_okc_api_20261005,0042500223,3,2026-05-09,1610612747,LAL,1628467,Maxi Kleber,1610612760,OKC,1628392,Isaiah Hartenstein,63,3.6,9.305760000000001,33.51064,60.099999999999994,0,0,0,0,1,0,0,0,0.0,0,0,0.0,0,0,0,0,0,0,0,nba_boxscorematchupsv3
1,2025-26,Playoffs,Western Conference Semifinals,2026_lal_okc_api_20261005,0042500223,3,2026-05-09,1610612747,LAL,1628467,Maxi Kleber,1610612760,OKC,1631096,Chet Holmgren,4,0.5,0.52016,2.12766,9.700000000000001,0,0,0,0,0,0,0,0,0.0,0,0,0.0,0,0,0,0,0,0,0,nba_boxscorematchupsv3
1,2025-26,Playoffs,Western Conference Semifinals,2026_lal_okc_api_20261005,0042500223,3,2026-05-09,1610612747,LAL,1628467,Maxi Kleber,1610612760,OKC,1630198,Isaiah Joe,8,0.4,1.82648,4.25532,5.2,0,2,0,0,0,0,0,0,0.0,0,0,0.0,0,0,0,0,0,0,0,nba_boxscorematchupsv3
1,2025-26,Playoffs,Western Conference Semifinals,2026_lal_okc_api_20261005,0042500223,3,2026-05-09,1610612747,LAL,1628467,Maxi Kleber,1610612760,OKC,1642272,Jared McCain,10,1.0,4.23729,5.3191500000000005,8.799999999999999,0,3,0,0,0,0,0,0,0.0,0,0,0.0,0,0,0,0,0,0,0,nba_boxscorematchupsv3
1,2025-26,Playoffs,Western Conference Semifinals,2026_lal_okc_api_20261005,0042500223,3,2026-05-09,1610612747,LAL,1628467,Maxi Kleber,1610612760,OKC,1642349,Ajay Mitchell,5,0.6,0.70323,2.65957,8.7,0,2,0,0,1,0,0,0,0.0,0,0,0.0,0,0,0,0,0,0,0,nba_boxscorematchupsv3
1,2025-26,Playoffs,Western Conference Semifinals,2026_lal_okc_api_20261005,0042500223,3,2026-05-09,1610612747,LAL,1628467,Maxi Kleber,1610612760,OKC,1642260,Nikola Topić,6,1.1,7.5,3.1914900000000004,11.1,0,0,0,0,0,0,0,1,0.0,0,0,0.0,0,0,0,0,0,0,0,nba_boxscorematchupsv3
1,2025-26,Playoffs,Western Conference Semifinals,2026_lal_okc_api_20261005,0042500223,3,2026-05-09,1610612747,LAL,1628467,Maxi Kleber,1610612760,OKC,1630598,Aaron Wiggins,48,3.0,49.484539999999996,25.531910000000003,44.800000000000004,0,3,1,0,0,0,0,0,0.0,0,0,0.0,0,0,0,0,0,0,0,nba_boxscorematchupsv3
1,2025-26,Playoffs,Western Conference Semifinals,2026_lal_okc_api_20261005,0042500223,3,2026-05-09,1610612747,LAL,1628467,Maxi Kleber,1610612760,OKC,1631119,Jaylin Williams,15,1.2,4.26136,7.97872,56.2,0,2,0,0,0,0,0,0,0.0,0,0,0.0,0,0,0,0,0,0,0,nba_boxscorematchupsv3
1,2025-26,Playoffs,Western Conference Semifinals,2026_lal_okc_api_20261005,0042500223,3,2026-05-09,1610612747,LAL,1628467,Maxi Kleber,1610612760,OKC,1629026,Kenrich Williams,15,2.3,15.625,7.97872,19.3,0,0,0,0,0,0,0,0,0.0,0,0,0.0,0,0,0,0,0,0,0,nba_boxscorematchupsv3
1,2025-26,Playoffs,Western Conference Semifinals,2026_lal_okc_api_20261005,0042500223,3,2026-05-09,1610612747,LAL,1642261,Dalton Knecht,1610612760,OKC,1629652,Luguentz Dort,4,0.5,0.8791200000000001,3.77358,48.0,0,0,0,0,0,0,0,0,0.0,0,0,0.0,0,0,0,0,0,0,0,nba_boxscorematchupsv3
1,2025-26,Playoffs,Western Conference Semifinals,2026_lal_okc_api_20261005,0042500223,3,2026-05-09,1610612747,LAL,1642261,Dalton Knecht,1610612760,OKC,1630198,Isaiah Joe,20,0.9,4.56621,18.867919999999998,14.6,0,2,0,0,0,0,0,0,0.0,0,0,0.0,0,0,0,0,0,0,0,nba_boxscorematchupsv3
1,2025-26,Playoffs,Western Conference Semifinals,2026_lal_okc_api_20261005,0042500223,3,2026-05-09,1610612747,LAL,1642261,Dalton Knecht,1610612760,OKC,1642272,Jared McCain,15,2.7,6.35593,14.15094,17.1,0,3,0,0,0,0,0,1,0.0,0,1,0.0,0,0,0,0,0,0,0,nba_boxscorematchupsv3
1,2025-26,Playoffs,Western Conference Semifinals,2026_lal_okc_api_20261005,0042500223,3,2026-05-09,1610612747,LAL,1642261,Dalton Knecht,1610612760,OKC,1642260,Nikola Topić,3,0.4,3.75,2.83019,5.0,0,3,0,0,0,0,0,0,0.0,0,0,0.0,0,0,0,0,0,0,0,nba_boxscorematchupsv3
1,2025-26,Playoffs,Western Conference Semifinals,2026_lal_okc_api_20261005,0042500223,3,2026-05-09,1610612747,LAL,1642261,Dalton Knecht,1610612760,OKC,1630598,Aaron Wiggins,18,1.5,18.5567,16.98113,23.400000000000002,0,0,2,0,0,0,0,0,0.0,0,0,0.0,0,0,0,0,0,0,0,nba_boxscorematchupsv3
1,2025-26,Playoffs,Western Conference Semifinals,2026_lal_okc_api_20261005,0042500223,3,2026-05-09,1610612747,LAL,1642261,Dalton Knecht,1610612760,OKC,1631119,Jaylin Williams,3,0.2,0.85227,2.83019,9.4,0,0,0,0,0,0,0,1,0.0,0,0,0.0,0,0,0,0,0,0,0,nba_boxscorematchupsv3
1,2025-26,Playoffs,Western Conference Semifinals,2026_lal_okc_api_20261005,0042500223,3,2026-05-09,1610612747,LAL,1642261,Dalton Knecht,1610612760,OKC,1629026,Kenrich Williams,43,2.3,44.79167,40.56604,39.300000000000004,0,3,1,0,0,0,0,0,0.0,0,0,0.0,0,0,0,0,0,0,0,nba_boxscorematchupsv3
1,2025-26,Playoffs,Western Conference Semifinals,2026_lal_okc_api_20261005,0042500223,3,2026-05-09,1610612747,LAL,1642355,Bronny James,1610612760,OKC,1630198,Isaiah Joe,37,4.5,8.44749,34.90566,37.6,0,3,0,0,0,0,0,0,0.0,0,0,0.0,0,0,0,0,0,0,0,nba_boxscorematchupsv3
1,2025-26,Playoffs,Western Conference Semifinals,2026_lal_okc_api_20261005,0042500223,3,2026-05-09,1610612747,LAL,1642355,Bronny James,1610612760,OKC,1642272,Jared McCain,12,0.7,5.08475,11.32075,8.7,0,2,0,0,0,0,0,0,0.0,0,0,0.0,0,0,0,0,0,0,0,nba_boxscorematchupsv3
1,2025-26,Playoffs,Western Conference Semifinals,2026_lal_okc_api_20261005,0042500223,3,2026-05-09,1610612747,LAL,1642355,Bronny James,1610612760,OKC,1642260,Nikola Topić,25,1.2,31.25,23.58491,31.5,0,1,0,0,0,0,0,0,0.0,0,0,0.0,0,0,0,0,0,0,0,nba_boxscorematchupsv3
1,2025-26,Playoffs,Western Conference Semifinals,2026_lal_okc_api_20261005,0042500223,3,2026-05-09,1610612747,LAL,1642355,Bronny James,1610612760,OKC,1630598,Aaron Wiggins,13,1.8,13.402059999999999,12.26415,16.7,2,5,0,0,1,0,1,1,100.0,0,0,0.0,0,0,0,0,0,0,0,nba_boxscorematchupsv3
1,2025-26,Playoffs,Western Conference Semifinals,2026_lal_okc_api_20261005,0042500223,3,2026-05-09,1610612747,LAL,1642355,Bronny James,1610612760,OKC,1631119,Jaylin Williams,1,0.1,0.28409,0.9434,9.4,0,0,0,0,0,0,0,0,0.0,0,0,0.0,0,0,0,0,0,0,0,nba_boxscorematchupsv3
1,2025-26,Playoffs,Western Conference Semifinals,2026_lal_okc_api_20261005,0042500223,3,2026-05-09,1610612747,LAL,1642355,Bronny James,1610612760,OKC,1629026,Kenrich Williams,18,1.1,18.75,16.98113,19.7,0,0,0,0,0,0,0,0,0.0,0,0,0.0,0,0,0,0,0,0,0,nba_boxscorematchupsv3
1,2025-26,Playoffs,Western Conference Semifinals,2026_lal_okc_api_20261005,0042500223,3,2026-05-09,1610612747,LAL,1641733,Nick Smith Jr.,1610612760,OKC,1630198,Isaiah Joe,6,0.6,1.36986,5.76923,8.9,1,1,0,0,0,0,0,0,0.0,0,0,0.0,1,2,1,0,0,0,0,nba_boxscorematchupsv3
1,2025-26,Playoffs,Western Conference Semifinals,2026_lal_okc_api_20261005,0042500223,3,2026-05-09,1610612747,LAL,1641733,Nick Smith Jr.,1610612760,OKC,1642272,Jared McCain,25,1.7,10.59322,24.03846,26.5,0,0,0,0,0,0,0,0,0.0,0,0,0.0,0,0,0,0,0,0,0,nba_boxscorematchupsv3
1,2025-26,Playoffs,Western Conference Semifinals,2026_lal_okc_api_20261005,0042500223,3,2026-05-09,1610612747,LAL,1641733,Nick Smith Jr.,1610612760,OKC,1642260,Nikola Topić,40,3.6,50.0,38.46154,45.1,2,5,0,0,0,0,1,1,100.0,0,0,0.0,0,0,0,0,0,0,0,nba_boxscorematchupsv3
1,2025-26,Playoffs,Western Conference Semifinals,2026_lal_okc_api_20261005,0042500223,3,2026-05-09,1610612747,LAL,1641733,Nick Smith Jr.,1610612760,OKC,1641717,Cason Wallace,7,1.0,1.10063,6.73077,100.0,0,0,0,0,0,0,0,0,0.0,0,0,0.0,0,0,0,0,0,0,0,nba_boxscorematchupsv3
1,2025-26,Playoffs,Western Conference Semifinals,2026_lal_okc_api_20261005,0042500223,3,2026-05-09,1610612747,LAL,1641733,Nick Smith Jr.,1610612760,OKC,1630598,Aaron Wiggins,8,0.7,8.24742,7.692309999999999,6.9,0,1,0,0,0,0,0,0,0.0,0,0,0.0,0,0,0,0,0,0,0,nba_boxscorematchupsv3
1,2025-26,Playoffs,Western Conference Semifinals,2026_lal_okc_api_20261005,0042500223,3,2026-05-09,1610612747,LAL,1641733,Nick Smith Jr.,1610612760,OKC,1629026,Kenrich Williams,18,1.1,18.75,17.30769,18.5,3,5,0,0,0,0,1,1,100.0,1,1,100.0,0,0,0,0,0,0,0,nba_boxscorematchupsv3
1,2025-26,Playoffs,Western Conference Semifinals,2026_lal_okc_api_20261005,0042500223,3,2026-05-09,1610612760,OKC,1629652,Luguentz Dort,1610612747,LAL,1629028,Deandre Ayton,61,4.9,13.09013,14.12037,20.200000000000003,0,6,0,0,0,0,0,0,0.0,0,0,0.0,0,0,0,0,0,0,0,nba_boxscorematchupsv3
1,2025-26,Playoffs,Western Conference Semifinals,2026_lal_okc_api_20261005,0042500223,3,2026-05-09,1610612760,OKC,1629652,Luguentz Dort,1610612747,LAL,1629060,Rui Hachimura,63,5.0,7.884860000000001,14.58333,15.8,2,7,0,0,0,0,1,2,50.0,0,0,0.0,0,0,0,0,0,0,0,nba_boxscorematchupsv3
1,2025-26,Playoffs,Western Conference Semifinals,2026_lal_okc_api_20261005,0042500223,3,2026-05-09,1610612760,OKC,1629652,Luguentz Dort,1610612747,LAL,2544,LeBron James,154,15.2,19.61783,35.64815,37.7,3,20,0,0,0,0,1,1,100.0,1,1,100.0,0,0,0,0,0,0,0,nba_boxscorematchupsv3
1,2025-26,Playoffs,Western Conference Semifinals,2026_lal_okc_api_20261005,0042500223,3,2026-05-09,1610612760,OKC,1629652,Luguentz Dort,1610612747,LAL,1628379,Luke Kennard,25,4.0,4.0387699999999995,5.78704,13.4,0,5,0,0,0,0,0,0,0.0,0,0,0.0,0,0,0,0,0,0,0,nba_boxscorematchupsv3
1,2025-26,Playoffs,Western Conference Semifinals,2026_lal_okc_api_20261005,0042500223,3,2026-05-09,1610612760,OKC,1629652,Luguentz Dort,1610612747,LAL,1628467,Maxi Kleber,3,0.0,1.6666699999999999,0.69444,100.0,0,0,0,0,0,0,0,0,0.0,0,0,0.0,0,0,0,0,0,0,0,nba_boxscorematchupsv3
1,2025-26,Playoffs,Western Conference Semifinals,2026_lal_okc_api_20261005,0042500223,3,2026-05-09,1610612760,OKC,1629652,Luguentz Dort,1610612747,LAL,1630559,Austin Reaves,93,5.9,11.81703,21.52778,21.6,2,15,0,0,0,0,1,1,100.0,0,0,0.0,0,0,0,0,0,0,0,nba_boxscorematchupsv3
1,2025-26,Playoffs,Western Conference Semifinals,2026_lal_okc_api_20261005,0042500223,3,2026-05-09,1610612760,OKC,1629652,Luguentz Dort,1610612747,LAL,203935,Marcus Smart,32,2.1,4.41989,7.4074100000000005,7.9,3,6,0,0,0,0,1,1,100.0,1,1,100.0,0,0,0,0,0,0,0,nba_boxscorematchupsv3
1,2025-26,Playoffs,Western Conference Semifinals,2026_lal_okc_api_20261005,0042500223,3,2026-05-09,1610612760,OKC,1629652,Luguentz Dort,1610612747,LAL,1642876,Adou Thiero,1,0.2,0.32361999999999996,0.23148000000000002,6.6000000000000005,0,0,0,0,0,0,0,0,0.0,0,0,0.0,0,0,0,0,0,0,0,nba_boxscorematchupsv3
1,2025-26,Playoffs,Western Conference Semifinals,2026_lal_okc_api_20261005,0042500223,3,2026-05-09,1610612760,OKC,1631096,Chet Holmgren,1610612747,LAL,1629028,Deandre Ayton,52,4.4,11.158800000000001,8.42788,14.499999999999998,4,7,0,0,1,0,2,3,66.7,0,1,0.0,0,0,0,0,0,0,0,nba_boxscorematchupsv3
1,2025-26,Playoffs,Western Conference Semifinals,2026_lal_okc_api_20261005,0042500223,3,2026-05-09,1610612760,OKC,1631096,Chet Holmgren,1610612747,LAL,1629060,Rui Hachimura,205,21.5,25.657069999999997,33.22528,38.2,6,31,0,0,0,0,3,4,75.0,0,1,0.0,0,0,0,0,0,0,0,nba_boxscorematchupsv3
1,2025-26,Playoffs,Western Conference Semifinals,2026_lal_okc_api_20261005,0042500223,3,2026-05-09,1610612760,OKC,1631096,Chet Holmgren,1610612747,LAL,1629637,Jaxson Hayes,10,0.8,5.52486,1.62075,11.4,0,3,0,0,0,0,0,0,0.0,0,0,0.0,0,0,0,0,0,0,0,nba_boxscorematchupsv3
1,2025-26,Playoffs,Western Conference Semifinals,2026_lal_okc_api_20261005,0042500223,3,2026-05-09,1610612760,OKC,1631096,Chet Holmgren,1610612747,LAL,2544,LeBron James,192,13.2,24.4586,31.118309999999997,30.0,2,19,0,0,0,0,1,1,100.0,0,0,0.0,0,0,0,0,0,0,0,nba_boxscorematchupsv3
1,2025-26,Playoffs,Western Conference Semifinals,2026_lal_okc_api_20261005,0042500223,3,2026-05-09,1610612760,OKC,1631096,Chet Holmgren,1610612747,LAL,1628379,Luke Kennard,24,3.4,3.87722,3.88979,10.6,0,0,0,0,0,0,0,0,0.0,0,0,0.0,0,0,0,0,0,0,0,nba_boxscorematchupsv3
1,2025-26,Playoffs,Western Conference Semifinals,2026_lal_okc_api_20261005,0042500223,3,2026-05-09,1610612760,OKC,1631096,Chet Holmgren,1610612747,LAL,1628467,Maxi Kleber,5,0.5,2.77778,0.81037,7.1,0,0,0,0,0,0,0,1,0.0,0,1,0.0,0,0,0,0,0,0,0,nba_boxscorematchupsv3
1,2025-26,Playoffs,Western Conference Semifinals,2026_lal_okc_api_20261005,0042500223,3,2026-05-09,1610612760,OKC,1631096,Chet Holmgren,1610612747,LAL,1630559,Austin Reaves,62,5.9,7.878019999999999,10.04862,11.4,4,12,1,0,0,0,2,2,100.0,0,0,0.0,0,0,0,0,0,0,0,nba_boxscorematchupsv3
1,2025-26,Playoffs,Western Conference Semifinals,2026_lal_okc_api_20261005,0042500223,3,2026-05-09,1610612760,OKC,1631096,Chet Holmgren,1610612747,LAL,203935,Marcus Smart,57,3.8,7.87293,9.23825,13.5,2,6,0,0,0,0,1,3,33.300000000000004,0,1,0.0,0,0,0,0,0,0,0,nba_boxscorematchupsv3
1,2025-26,Playoffs,Western Conference Semifinals,2026_lal_okc_api_20261005,0042500223,3,2026-05-09,1610612760,OKC,1631096,Chet Holmgren,1610612747,LAL,1642876,Adou Thiero,10,0.9,3.23625,1.62075,12.7,0,6,0,0,0,0,0,0,0.0,0,0,0.0,0,0,0,0,0,0,0,nba_boxscorematchupsv3
1,2025-26,Playoffs,Western Conference Semifinals,2026_lal_okc_api_20261005,0042500223,3,2026-05-09,1610612760,OKC,1628392,Isaiah Hartenstein,1610612747,LAL,1629028,Deandre Ayton,183,15.4,39.27039,25.957449999999998,52.0,2,11,0,0,0,0,1,1,100.0,0,0,0.0,0,0,0,0,0,0,0,nba_boxscorematchupsv3
1,2025-26,Playoffs,Western Conference Semifinals,2026_lal_okc_api_20261005,0042500223,3,2026-05-09,1610612760,OKC,1628392,Isaiah Hartenstein,1610612747,LAL,1629060,Rui Hachimura,118,8.4,14.76846,16.73759,21.6,0,11,0,0,1,0,0,0,0.0,0,0,0.0,0,0,0,0,0,0,0,nba_boxscorematchupsv3
1,2025-26,Playoffs,Western Conference Semifinals,2026_lal_okc_api_20261005,0042500223,3,2026-05-09,1610612760,OKC,1628392,Isaiah Hartenstein,1610612747,LAL,1629637,Jaxson Hayes,36,4.2,19.889499999999998,5.10638,41.6,0,2,0,0,0,0,0,0,0.0,0,0,0.0,0,0,0,0,0,0,0,nba_boxscorematchupsv3
1,2025-26,Playoffs,Western Conference Semifinals,2026_lal_okc_api_20261005,0042500223,3,2026-05-09,1610612760,OKC,1628392,Isaiah Hartenstein,1610612747,LAL,2544,LeBron James,102,9.4,12.99363,14.46809,16.0,0,24,0,0,1,0,0,0,0.0,0,0,0.0,0,0,0,0,0,0,0,nba_boxscorematchupsv3
1,2025-26,Playoffs,Western Conference Semifinals,2026_lal_okc_api_20261005,0042500223,3,2026-05-09,1610612760,OKC,1628392,Isaiah Hartenstein,1610612747,LAL,1628379,Luke Kennard,50,4.7,8.077539999999999,7.0922,11.899999999999999,4,8,0,0,1,0,2,2,100.0,0,0,0.0,0,0,0,0,0,0,0,nba_boxscorematchupsv3
1,2025-26,Playoffs,Western Conference Semifinals,2026_lal_okc_api_20261005,0042500223,3,2026-05-09,1610612760,OKC,1628392,Isaiah Hartenstein,1610612747,LAL,1628467,Maxi Kleber,44,3.4,24.44444,6.24113,56.89999999999999,0,5,0,0,0,0,0,0,0.0,0,0,0.0,0,0,0,0,0,0,0,nba_boxscorematchupsv3
1,2025-26,Playoffs,Western Conference Semifinals,2026_lal_okc_api_20261005,0042500223,3,2026-05-09,1610612760,OKC,1628392,Isaiah Hartenstein,1610612747,LAL,1630559,Austin Reaves,89,5.5,11.308769999999999,12.62411,12.7,4,13,0,0,0,0,2,2,100.0,0,0,0.0,0,0,0,0,0,0,0,nba_boxscorematchupsv3
1,2025-26,Playoffs,Western Conference Semifinals,2026_lal_okc_api_20261005,0042500223,3,2026-05-09,1610612760,OKC,1628392,Isaiah Hartenstein,1610612747,LAL,203935,Marcus Smart,53,5.2,7.3204400000000005,7.51773,10.7,2,8,1,0,1,0,1,1,100.0,0,0,0.0,0,0,0,0,0,0,0,nba_boxscorematchupsv3
1,2025-26,Playoffs,Western Conference Semifinals,2026_lal_okc_api_20261005,0042500223,3,2026-05-09,1610612760,OKC,1628392,Isaiah Hartenstein,1610612747,LAL,1642876,Adou Thiero,30,1.6,9.70874,4.25532,15.1,0,3,0,0,0,0,0,1,0.0,0,0,0.0,0,0,0,0,0,0,0,nba_boxscorematchupsv3
1,2025-26,Playoffs,Western Conference Semifinals,2026_lal_okc_api_20261005,0042500223,3,2026-05-09,1610612760,OKC,1642349,Ajay Mitchell,1610612747,LAL,1629028,Deandre Ayton,63,5.8,13.51931,10.26059,14.899999999999999,7,17,3,0,0,1,3,6,50.0,1,2,50.0,0,1,1,0,0,0,0,nba_boxscorematchupsv3
1,2025-26,Playoffs,Western Conference Semifinals,2026_lal_okc_api_20261005,0042500223,3,2026-05-09,1610612760,OKC,1642349,Ajay Mitchell,1610612747,LAL,1629060,Rui Hachimura,73,7.4,9.136420000000001,11.88925,13.8,0,5,1,0,0,0,0,0,0.0,0,0,0.0,0,0,0,0,0,0,0,nba_boxscorematchupsv3
1,2025-26,Playoffs,Western Conference Semifinals,2026_lal_okc_api_20261005,0042500223,3,2026-05-09,1610612760,OKC,1642349,Ajay Mitchell,1610612747,LAL,1629637,Jaxson Hayes,22,1.2,12.1547,3.5830599999999997,28.000000000000004,2,6,0,0,0,0,0,0,0.0,0,0,0.0,2,2,1,0,0,0,0,nba_boxscorematchupsv3
1,2025-26,Playoffs,Western Conference Semifinals,2026_lal_okc_api_20261005,0042500223,3,2026-05-09,1610612760,OKC,1642349,Ajay Mitchell,1610612747,LAL,2544,LeBron James,57,4.5,7.26115,9.283389999999999,10.5,3,10,1,0,0,0,1,2,50.0,1,2,50.0,0,0,0,0,0,0,0,nba_boxscorematchupsv3
1,2025-26,Playoffs,Western Conference Semifinals,2026_lal_okc_api_20261005,0042500223,3,2026-05-09,1610612760,OKC,1642349,Ajay Mitchell,1610612747,LAL,1628379,Luke Kennard,35,4.4,5.65428,5.70033,13.600000000000001,0,8,1,0,0,0,0,0,0.0,0,0,0.0,0,0,0,0,0,0,0,nba_boxscorematchupsv3
1,2025-26,Playoffs,Western Conference Semifinals,2026_lal_okc_api_20261005,0042500223,3,2026-05-09,1610612760,OKC,1642349,Ajay Mitchell,1610612747,LAL,1628467,Maxi Kleber,11,0.8,6.11111,1.7915299999999998,15.2,2,2,0,0,0,0,1,1,100.0,0,0,0.0,0,0,0,0,0,0,0,nba_boxscorematchupsv3
1,2025-26,Playoffs,Western Conference Semifinals,2026_lal_okc_api_20261005,0042500223,3,2026-05-09,1610612760,OKC,1642349,Ajay Mitchell,1610612747,LAL,1630559,Austin Reaves,228,21.0,28.97078,37.13355,39.1,8,21,0,0,0,0,4,4,100.0,0,0,0.0,0,0,0,0,0,0,0,nba_boxscorematchupsv3
1,2025-26,Playoffs,Western Conference Semifinals,2026_lal_okc_api_20261005,0042500223,3,2026-05-09,1610612760,OKC,1642349,Ajay Mitchell,1610612747,LAL,203935,Marcus Smart,83,6.3,11.46409,13.51792,19.5,0,10,1,0,0,0,0,1,0.0,0,0,0.0,0,0,0,0,0,0,0,nba_boxscorematchupsv3
1,2025-26,Playoffs,Western Conference Semifinals,2026_lal_okc_api_20261005,0042500223,3,2026-05-09,1610612760,OKC,1642349,Ajay Mitchell,1610612747,LAL,1642876,Adou Thiero,42,1.2,13.592229999999999,6.84039,36.7,2,7,2,0,0,0,1,3,33.300000000000004,0,0,0.0,0,0,0,0,0,0,0,nba_boxscorematchupsv3
1,2025-26,Playoffs,Western Conference Semifinals,2026_lal_okc_api_20261005,0042500223,3,2026-05-09,1610612760,OKC,1628983,Shai Gilgeous-Alexander,1610612747,LAL,1629028,Deandre Ayton,61,5.1,13.09013,8.390649999999999,13.700000000000001,5,14,1,0,0,0,2,3,66.7,1,2,50.0,0,0,0,0,0,0,0,nba_boxscorematchupsv3
1,2025-26,Playoffs,Western Conference Semifinals,2026_lal_okc_api_20261005,0042500223,3,2026-05-09,1610612760,OKC,1628983,Shai Gilgeous-Alexander,1610612747,LAL,1629060,Rui Hachimura,115,10.8,14.39299,15.81843,17.7,2,18,3,0,0,0,1,5,20.0,0,1,0.0,0,0,0,0,0,0,0,nba_boxscorematchupsv3
1,2025-26,Playoffs,Western Conference Semifinals,2026_lal_okc_api_20261005,0042500223,3,2026-05-09,1610612760,OKC,1628983,Shai Gilgeous-Alexander,1610612747,LAL,1629637,Jaxson Hayes,17,2.8,9.39227,2.33838,8.6,1,4,1,0,0,0,0,1,0.0,0,0,0.0,1,2,1,0,0,0,0,nba_boxscorematchupsv3
1,2025-26,Playoffs,Western Conference Semifinals,2026_lal_okc_api_20261005,0042500223,3,2026-05-09,1610612760,OKC,1628983,Shai Gilgeous-Alexander,1610612747,LAL,2544,LeBron James,38,2.3,4.84076,5.22696,6.9,0,5,0,0,0,0,0,1,0.0,0,0,0.0,0,0,0,0,0,0,0,nba_boxscorematchupsv3
1,2025-26,Playoffs,Western Conference Semifinals,2026_lal_okc_api_20261005,0042500223,3,2026-05-09,1610612760,OKC,1628983,Shai Gilgeous-Alexander,1610612747,LAL,1628379,Luke Kennard,47,4.5,7.59289,6.46492,9.5,0,3,0,0,0,0,0,2,0.0,0,0,0.0,0,0,0,0,0,0,0,nba_boxscorematchupsv3
1,2025-26,Playoffs,Western Conference Semifinals,2026_lal_okc_api_20261005,0042500223,3,2026-05-09,1610612760,OKC,1628983,Shai Gilgeous-Alexander,1610612747,LAL,1630559,Austin Reaves,77,8.4,9.78399,10.59147,13.600000000000001,9,11,0,0,1,0,3,4,75.0,1,1,100.0,2,2,1,0,0,0,0,nba_boxscorematchupsv3
1,2025-26,Playoffs,Western Conference Semifinals,2026_lal_okc_api_20261005,0042500223,3,2026-05-09,1610612760,OKC,1628983,Shai Gilgeous-Alexander,1610612747,LAL,203935,Marcus Smart,353,34.8,48.75691,48.555710000000005,62.6,5,40,3,0,1,0,1,3,33.300000000000004,1,3,33.300000000000004,2,2,1,0,0,0,0,nba_boxscorematchupsv3
1,2025-26,Playoffs,Western Conference Semifinals,2026_lal_okc_api_20261005,0042500223,3,2026-05-09,1610612760,OKC,1628983,Shai Gilgeous-Alexander,1610612747,LAL,1642876,Adou Thiero,19,1.6,6.14887,2.61348,12.9,0,0,0,0,0,0,0,1,0.0,0,0,0.0,0,0,0,0,0,0,0,nba_boxscorematchupsv3
1,2025-26,Playoffs,Western Conference Semifinals,2026_lal_okc_api_20261005,0042500223,3,2026-05-09,1610612760,OKC,1631119,Jaylin Williams,1610612747,LAL,1629028,Deandre Ayton,13,3.3,2.7897000000000003,5.77778,19.5,0,0,0,0,0,0,0,0,0.0,0,0,0.0,0,0,0,0,0,0,0,nba_boxscorematchupsv3
1,2025-26,Playoffs,Western Conference Semifinals,2026_lal_okc_api_20261005,0042500223,3,2026-05-09,1610612760,OKC,1631119,Jaylin Williams,1610612747,LAL,1629060,Rui Hachimura,41,5.3,5.13141,18.22222,23.7,3,12,1,0,0,0,1,1,100.0,1,1,100.0,0,0,0,0,0,0,0,nba_boxscorematchupsv3
1,2025-26,Playoffs,Western Conference Semifinals,2026_lal_okc_api_20261005,0042500223,3,2026-05-09,1610612760,OKC,1631119,Jaylin Williams,1610612747,LAL,1629637,Jaxson Hayes,36,3.3,19.889499999999998,16.0,35.6,0,4,0,0,0,0,0,0,0.0,0,0,0.0,0,0,0,0,0,0,0,nba_boxscorematchupsv3
1,2025-26,Playoffs,Western Conference Semifinals,2026_lal_okc_api_20261005,0042500223,3,2026-05-09,1610612760,OKC,1631119,Jaylin Williams,1610612747,LAL,1642355,Bronny James,7,0.0,7.070709999999999,3.11111,29.5,0,0,0,0,0,0,0,0,0.0,0,0,0.0,0,0,0,0,0,0,0,nba_boxscorematchupsv3
1,2025-26,Playoffs,Western Conference Semifinals,2026_lal_okc_api_20261005,0042500223,3,2026-05-09,1610612760,OKC,1631119,Jaylin Williams,1610612747,LAL,2544,LeBron James,49,2.8,6.24204,21.77778,45.9,0,3,0,0,0,0,0,0,0.0,0,0,0.0,0,0,0,0,0,0,0,nba_boxscorematchupsv3
1,2025-26,Playoffs,Western Conference Semifinals,2026_lal_okc_api_20261005,0042500223,3,2026-05-09,1610612760,OKC,1631119,Jaylin Williams,1610612747,LAL,1628379,Luke Kennard,21,3.1,3.39257,9.33333,13.4,0,3,0,0,0,0,0,1,0.0,0,1,0.0,0,0,0,0,0,0,0,nba_boxscorematchupsv3
1,2025-26,Playoffs,Western Conference Semifinals,2026_lal_okc_api_20261005,0042500223,3,2026-05-09,1610612760,OKC,1631119,Jaylin Williams,1610612747,LAL,1628467,Maxi Kleber,14,0.5,7.777779999999999,6.22222,47.3,0,3,1,0,0,0,0,0,0.0,0,0,0.0,0,0,0,0,0,0,0,nba_boxscorematchupsv3
1,2025-26,Playoffs,Western Conference Semifinals,2026_lal_okc_api_20261005,0042500223,3,2026-05-09,1610612760,OKC,1631119,Jaylin Williams,1610612747,LAL,1642261,Dalton Knecht,3,0.5,3.0303,1.33333,16.3,0,0,0,0,0,0,0,0,0.0,0,0,0.0,0,0,0,0,0,0,0,nba_boxscorematchupsv3
1,2025-26,Playoffs,Western Conference Semifinals,2026_lal_okc_api_20261005,0042500223,3,2026-05-09,1610612760,OKC,1631119,Jaylin Williams,1610612747,LAL,1630559,Austin Reaves,22,0.7,2.79543,9.77778,11.5,0,0,0,0,0,0,0,0,0.0,0,0,0.0,0,0,0,0,0,0,0,nba_boxscorematchupsv3
1,2025-26,Playoffs,Western Conference Semifinals,2026_lal_okc_api_20261005,0042500223,3,2026-05-09,1610612760,OKC,1631119,Jaylin Williams,1610612747,LAL,203935,Marcus Smart,19,1.3,2.62431,8.44444,8.4,0,0,0,0,0,0,0,0,0.0,0,0,0.0,0,0,0,0,0,0,0,nba_boxscorematchupsv3
1,2025-26,Playoffs,Western Conference Semifinals,2026_lal_okc_api_20261005,0042500223,3,2026-05-09,1610612760,OKC,1641717,Cason Wallace,1610612747,LAL,1629028,Deandre Ayton,2,1.8,0.42918,0.41929000000000005,8.200000000000001,0,2,0,0,0,0,0,0,0.0,0,0,0.0,0,0,0,0,0,0,0,nba_boxscorematchupsv3
1,2025-26,Playoffs,Western Conference Semifinals,2026_lal_okc_api_20261005,0042500223,3,2026-05-09,1610612760,OKC,1641717,Cason Wallace,1610612747,LAL,1629060,Rui Hachimura,43,3.4,5.38173,9.01468,9.700000000000001,3,8,0,0,0,0,1,1,100.0,1,1,100.0,0,0,0,0,0,0,0,nba_boxscorematchupsv3
1,2025-26,Playoffs,Western Conference Semifinals,2026_lal_okc_api_20261005,0042500223,3,2026-05-09,1610612760,OKC,1641717,Cason Wallace,1610612747,LAL,1629637,Jaxson Hayes,14,1.8,7.73481,2.93501,12.1,0,0,0,0,0,0,0,1,0.0,0,0,0.0,0,0,0,0,0,0,0,nba_boxscorematchupsv3
1,2025-26,Playoffs,Western Conference Semifinals,2026_lal_okc_api_20261005,0042500223,3,2026-05-09,1610612760,OKC,1641717,Cason Wallace,1610612747,LAL,1642355,Bronny James,3,0.0,3.0303,0.62893,61.199999999999996,0,0,0,0,0,0,0,0,0.0,0,0,0.0,0,0,0,0,0,0,0,nba_boxscorematchupsv3
1,2025-26,Playoffs,Western Conference Semifinals,2026_lal_okc_api_20261005,0042500223,3,2026-05-09,1610612760,OKC,1641717,Cason Wallace,1610612747,LAL,2544,LeBron James,64,6.8,8.15287,13.417190000000002,18.6,0,11,0,0,0,0,0,1,0.0,0,1,0.0,0,0,0,0,0,0,0,nba_boxscorematchupsv3
1,2025-26,Playoffs,Western Conference Semifinals,2026_lal_okc_api_20261005,0042500223,3,2026-05-09,1610612760,OKC,1641717,Cason Wallace,1610612747,LAL,1628379,Luke Kennard,168,14.4,27.14055,35.22013,34.599999999999994,10,27,0,0,0,0,4,4,100.0,2,2,100.0,0,0,0,0,0,0,0,nba_boxscorematchupsv3
1,2025-26,Playoffs,Western Conference Semifinals,2026_lal_okc_api_20261005,0042500223,3,2026-05-09,1610612760,OKC,1641717,Cason Wallace,1610612747,LAL,1630559,Austin Reaves,86,12.5,10.927570000000001,18.02935,28.4,3,10,0,0,0,0,1,2,50.0,1,1,100.0,0,0,0,0,0,0,0,nba_boxscorematchupsv3
1,2025-26,Playoffs,Western Conference Semifinals,2026_lal_okc_api_20261005,0042500223,3,2026-05-09,1610612760,OKC,1641717,Cason Wallace,1610612747,LAL,203935,Marcus Smart,29,3.1,4.00552,6.07966,5.800000000000001,0,3,0,0,1,0,0,1,0.0,0,1,0.0,0,0,0,0,0,0,0,nba_boxscorematchupsv3
1,2025-26,Playoffs,Western Conference Semifinals,2026_lal_okc_api_20261005,0042500223,3,2026-05-09,1610612760,OKC,1641717,Cason Wallace,1610612747,LAL,1642876,Adou Thiero,68,4.4,22.00647,14.255770000000002,48.8,0,0,1,0,0,0,0,0,0.0,0,0,0.0,0,0,0,0,0,0,0,nba_boxscorematchupsv3
1,2025-26,Playoffs,Western Conference Semifinals,2026_lal_okc_api_20261005,0042500223,3,2026-05-09,1610612760,OKC,1630198,Isaiah Joe,1610612747,LAL,1629028,Deandre Ayton,5,0.6,1.0729600000000001,1.14679,6.2,0,0,0,0,0,0,0,0,0.0,0,0,0.0,0,0,0,0,0,0,0,nba_boxscorematchupsv3
1,2025-26,Playoffs,Western Conference Semifinals,2026_lal_okc_api_20261005,0042500223,3,2026-05-09,1610612760,OKC,1630198,Isaiah Joe,1610612747,LAL,1629060,Rui Hachimura,47,3.5,5.88235,10.779819999999999,16.3,0,1,1,0,0,0,0,0,0.0,0,0,0.0,0,0,0,0,0,0,0,nba_boxscorematchupsv3
1,2025-26,Playoffs,Western Conference Semifinals,2026_lal_okc_api_20261005,0042500223,3,2026-05-09,1610612760,OKC,1630198,Isaiah Joe,1610612747,LAL,1629637,Jaxson Hayes,14,1.8,7.73481,3.2110100000000004,13.100000000000001,0,0,0,0,0,0,0,0,0.0,0,0,0.0,0,0,0,0,0,0,0,nba_boxscorematchupsv3
1,2025-26,Playoffs,Western Conference Semifinals,2026_lal_okc_api_20261005,0042500223,3,2026-05-09,1610612760,OKC,1630198,Isaiah Joe,1610612747,LAL,1642355,Bronny James,20,1.4,20.20202,4.58716,27.800000000000004,3,3,0,0,0,0,1,1,100.0,1,1,100.0,0,0,0,0,0,0,0,nba_boxscorematchupsv3
1,2025-26,Playoffs,Western Conference Semifinals,2026_lal_okc_api_20261005,0042500223,3,2026-05-09,1610612760,OKC,1630198,Isaiah Joe,1610612747,LAL,2544,LeBron James,18,1.4,2.29299,4.128439999999999,9.1,0,2,0,0,0,0,0,1,0.0,0,0,0.0,0,0,0,0,0,0,0,nba_boxscorematchupsv3
1,2025-26,Playoffs,Western Conference Semifinals,2026_lal_okc_api_20261005,0042500223,3,2026-05-09,1610612760,OKC,1630198,Isaiah Joe,1610612747,LAL,1628379,Luke Kennard,101,9.7,16.31664,23.16514,43.0,3,3,0,0,0,0,1,1,100.0,1,1,100.0,0,0,0,0,0,0,0,nba_boxscorematchupsv3
1,2025-26,Playoffs,Western Conference Semifinals,2026_lal_okc_api_20261005,0042500223,3,2026-05-09,1610612760,OKC,1630198,Isaiah Joe,1610612747,LAL,1628467,Maxi Kleber,24,1.2,13.333329999999998,5.50459,20.8,0,2,0,0,0,0,0,0,0.0,0,0,0.0,0,0,0,0,0,0,0,nba_boxscorematchupsv3
1,2025-26,Playoffs,Western Conference Semifinals,2026_lal_okc_api_20261005,0042500223,3,2026-05-09,1610612760,OKC,1630198,Isaiah Joe,1610612747,LAL,1642261,Dalton Knecht,6,0.5,6.0606100000000005,1.37615,10.2,0,0,0,0,0,0,0,0,0.0,0,0,0.0,0,0,0,0,0,0,0,nba_boxscorematchupsv3
1,2025-26,Playoffs,Western Conference Semifinals,2026_lal_okc_api_20261005,0042500223,3,2026-05-09,1610612760,OKC,1630198,Isaiah Joe,1610612747,LAL,1630559,Austin Reaves,40,4.8,5.08259,9.17431,17.2,0,11,0,0,0,0,0,0,0.0,0,0,0.0,0,0,0,0,0,0,0,nba_boxscorematchupsv3
1,2025-26,Playoffs,Western Conference Semifinals,2026_lal_okc_api_20261005,0042500223,3,2026-05-09,1610612760,OKC,1630198,Isaiah Joe,1610612747,LAL,203935,Marcus Smart,90,5.7,12.43094,20.6422,20.5,0,20,1,0,0,0,0,2,0.0,0,2,0.0,0,0,0,0,0,0,0,nba_boxscorematchupsv3
1,2025-26,Playoffs,Western Conference Semifinals,2026_lal_okc_api_20261005,0042500223,3,2026-05-09,1610612760,OKC,1630198,Isaiah Joe,1610612747,LAL,1641733,Nick Smith Jr.,26,1.2,26.53061,5.9633,16.0,0,2,0,0,0,0,0,0,0.0,0,0,0.0,0,0,0,0,0,0,0,nba_boxscorematchupsv3
1,2025-26,Playoffs,Western Conference Semifinals,2026_lal_okc_api_20261005,0042500223,3,2026-05-09,1610612760,OKC,1630198,Isaiah Joe,1610612747,LAL,1642876,Adou Thiero,45,7.0,14.563110000000002,10.3211,21.5,6,9,0,0,0,0,2,2,100.0,2,2,100.0,0,0,0,0,0,0,0,nba_boxscorematchupsv3
1,2025-26,Playoffs,Western Conference Semifinals,2026_lal_okc_api_20261005,0042500223,3,2026-05-09,1610612760,OKC,1627936,Alex Caruso,1610612747,LAL,1629028,Deandre Ayton,21,2.4,4.50644,4.9645399999999995,20.599999999999998,0,0,0,0,0,0,0,1,0.0,0,1,0.0,0,0,0,0,0,0,0,nba_boxscorematchupsv3
1,2025-26,Playoffs,Western Conference Semifinals,2026_lal_okc_api_20261005,0042500223,3,2026-05-09,1610612760,OKC,1627936,Alex Caruso,1610612747,LAL,1629060,Rui Hachimura,66,6.8,8.26033,15.60284,20.8,0,7,0,0,0,0,0,0,0.0,0,0,0.0,0,0,0,0,0,0,0,nba_boxscorematchupsv3
1,2025-26,Playoffs,Western Conference Semifinals,2026_lal_okc_api_20261005,0042500223,3,2026-05-09,1610612760,OKC,1627936,Alex Caruso,1610612747,LAL,1629637,Jaxson Hayes,32,2.9,17.67956,7.56501,32.1,0,3,0,0,0,0,0,0,0.0,0,0,0.0,0,0,0,0,0,0,0,nba_boxscorematchupsv3
1,2025-26,Playoffs,Western Conference Semifinals,2026_lal_okc_api_20261005,0042500223,3,2026-05-09,1610612760,OKC,1627936,Alex Caruso,1610612747,LAL,2544,LeBron James,101,10.5,12.866240000000001,23.87707,31.3,2,10,0,0,0,0,1,2,50.0,0,1,0.0,0,0,0,0,0,0,0,nba_boxscorematchupsv3
1,2025-26,Playoffs,Western Conference Semifinals,2026_lal_okc_api_20261005,0042500223,3,2026-05-09,1610612760,OKC,1627936,Alex Caruso,1610612747,LAL,1628379,Luke Kennard,106,5.0,17.124390000000002,25.0591,23.7,0,16,1,0,0,0,0,0,0.0,0,0,0.0,0,0,0,0,0,0,0,nba_boxscorematchupsv3
1,2025-26,Playoffs,Western Conference Semifinals,2026_lal_okc_api_20261005,0042500223,3,2026-05-09,1610612760,OKC,1627936,Alex Caruso,1610612747,LAL,1628467,Maxi Kleber,2,0.1,1.11111,0.47281,1.2,0,0,0,0,0,0,0,0,0.0,0,0,0.0,0,0,0,0,0,0,0,nba_boxscorematchupsv3
1,2025-26,Playoffs,Western Conference Semifinals,2026_lal_okc_api_20261005,0042500223,3,2026-05-09,1610612760,OKC,1627936,Alex Caruso,1610612747,LAL,1630559,Austin Reaves,70,4.4,8.89454,16.548460000000002,17.599999999999998,2,7,0,0,0,0,1,2,50.0,0,1,0.0,0,0,0,0,0,0,0,nba_boxscorematchupsv3
1,2025-26,Playoffs,Western Conference Semifinals,2026_lal_okc_api_20261005,0042500223,3,2026-05-09,1610612760,OKC,1627936,Alex Caruso,1610612747,LAL,203935,Marcus Smart,8,2.9,1.10497,1.8912499999999999,5.800000000000001,2,2,0,0,0,0,1,1,100.0,0,0,0.0,0,0,0,0,0,0,0,nba_boxscorematchupsv3
1,2025-26,Playoffs,Western Conference Semifinals,2026_lal_okc_api_20261005,0042500223,3,2026-05-09,1610612760,OKC,1627936,Alex Caruso,1610612747,LAL,1642876,Adou Thiero,17,1.5,5.50162,4.01891,13.0,0,0,1,0,0,0,0,0,0.0,0,0,0.0,0,0,0,0,0,0,0,nba_boxscorematchupsv3
1,2025-26,Playoffs,Western Conference Semifinals,2026_lal_okc_api_20261005,0042500223,3,2026-05-09,1610612760,OKC,1642272,Jared McCain,1610612747,LAL,1629028,Deandre Ayton,5,0.3,1.0729600000000001,2.2123899999999996,10.2,0,2,0,0,0,0,0,0,0.0,0,0,0.0,0,0,0,0,0,0,0,nba_boxscorematchupsv3
1,2025-26,Playoffs,Western Conference Semifinals,2026_lal_okc_api_20261005,0042500223,3,2026-05-09,1610612760,OKC,1642272,Jared McCain,1610612747,LAL,1629060,Rui Hachimura,28,0.9,3.50438,12.38938,24.099999999999998,0,2,0,0,0,0,0,0,0.0,0,0,0.0,0,0,0,0,0,0,0,nba_boxscorematchupsv3
1,2025-26,Playoffs,Western Conference Semifinals,2026_lal_okc_api_20261005,0042500223,3,2026-05-09,1610612760,OKC,1642272,Jared McCain,1610612747,LAL,1642355,Bronny James,4,0.0,4.0404,1.7699099999999999,4.3,0,0,0,0,0,0,0,0,0.0,0,0,0.0,0,0,0,0,0,0,0,nba_boxscorematchupsv3
1,2025-26,Playoffs,Western Conference Semifinals,2026_lal_okc_api_20261005,0042500223,3,2026-05-09,1610612760,OKC,1642272,Jared McCain,1610612747,LAL,2544,LeBron James,10,0.9,1.27389,4.424779999999999,9.1,0,0,0,0,0,0,0,0,0.0,0,0,0.0,0,0,0,0,0,0,0,nba_boxscorematchupsv3
1,2025-26,Playoffs,Western Conference Semifinals,2026_lal_okc_api_20261005,0042500223,3,2026-05-09,1610612760,OKC,1642272,Jared McCain,1610612747,LAL,1628379,Luke Kennard,42,3.4,6.78514,18.58407,33.7,0,2,0,0,0,0,0,0,0.0,0,0,0.0,0,0,0,0,0,0,0,nba_boxscorematchupsv3
1,2025-26,Playoffs,Western Conference Semifinals,2026_lal_okc_api_20261005,0042500223,3,2026-05-09,1610612760,OKC,1642272,Jared McCain,1610612747,LAL,1628467,Maxi Kleber,22,0.4,12.22222,9.73451,10.9,0,2,0,0,0,0,0,0,0.0,0,0,0.0,0,0,0,0,0,0,0,nba_boxscorematchupsv3
1,2025-26,Playoffs,Western Conference Semifinals,2026_lal_okc_api_20261005,0042500223,3,2026-05-09,1610612760,OKC,1642272,Jared McCain,1610612747,LAL,1642261,Dalton Knecht,51,2.4,51.51515,22.56637,39.4,0,5,1,0,0,0,0,0,0.0,0,0,0.0,0,0,0,0,0,0,0,nba_boxscorematchupsv3
1,2025-26,Playoffs,Western Conference Semifinals,2026_lal_okc_api_20261005,0042500223,3,2026-05-09,1610612760,OKC,1642272,Jared McCain,1610612747,LAL,1630559,Austin Reaves,20,1.5,2.5413,8.849559999999999,23.3,0,2,0,0,0,0,0,0,0.0,0,0,0.0,0,0,0,0,0,0,0,nba_boxscorematchupsv3
1,2025-26,Playoffs,Western Conference Semifinals,2026_lal_okc_api_20261005,0042500223,3,2026-05-09,1610612760,OKC,1642272,Jared McCain,1610612747,LAL,1641733,Nick Smith Jr.,30,2.7,30.61224,13.27434,36.9,0,5,0,0,0,0,0,0,0.0,0,0,0.0,0,0,0,0,0,0,0,nba_boxscorematchupsv3
1,2025-26,Playoffs,Western Conference Semifinals,2026_lal_okc_api_20261005,0042500223,3,2026-05-09,1610612760,OKC,1642272,Jared McCain,1610612747,LAL,1642876,Adou Thiero,14,1.0,4.53074,6.19469,16.0,3,3,0,0,0,0,1,1,100.0,1,1,100.0,0,0,0,0,0,0,0,nba_boxscorematchupsv3
1,2025-26,Playoffs,Western Conference Semifinals,2026_lal_okc_api_20261005,0042500223,3,2026-05-09,1610612760,OKC,1629026,Kenrich Williams,1610612747,LAL,1642355,Bronny James,16,0.6,16.16162,17.02128,6.9,0,0,0,0,0,0,0,1,0.0,0,1,0.0,0,0,0,0,0,0,0,nba_boxscorematchupsv3
1,2025-26,Playoffs,Western Conference Semifinals,2026_lal_okc_api_20261005,0042500223,3,2026-05-09,1610612760,OKC,1629026,Kenrich Williams,1610612747,LAL,1628467,Maxi Kleber,9,1.2,5.0,9.57447,9.3,0,0,0,0,0,0,0,0,0.0,0,0,0.0,0,0,0,0,0,0,0,nba_boxscorematchupsv3
1,2025-26,Playoffs,Western Conference Semifinals,2026_lal_okc_api_20261005,0042500223,3,2026-05-09,1610612760,OKC,1629026,Kenrich Williams,1610612747,LAL,1642261,Dalton Knecht,20,2.4,20.20202,21.276600000000002,32.2,0,0,0,0,0,0,0,0,0.0,0,0,0.0,0,0,0,0,0,0,0,nba_boxscorematchupsv3
1,2025-26,Playoffs,Western Conference Semifinals,2026_lal_okc_api_20261005,0042500223,3,2026-05-09,1610612760,OKC,1629026,Kenrich Williams,1610612747,LAL,1641733,Nick Smith Jr.,13,1.0,13.26531,13.829790000000001,18.7,0,3,0,0,0,0,0,1,0.0,0,1,0.0,0,0,0,0,0,0,0,nba_boxscorematchupsv3
1,2025-26,Playoffs,Western Conference Semifinals,2026_lal_okc_api_20261005,0042500223,3,2026-05-09,1610612760,OKC,1629026,Kenrich Williams,1610612747,LAL,1642876,Adou Thiero,36,0.9,11.65049,38.29787,33.6,0,7,0,0,0,0,0,0,0.0,0,0,0.0,0,0,0,0,0,0,0,nba_boxscorematchupsv3
1,2025-26,Playoffs,Western Conference Semifinals,2026_lal_okc_api_20261005,0042500223,3,2026-05-09,1610612760,OKC,1630598,Aaron Wiggins,1610612747,LAL,1642355,Bronny James,22,1.6,22.22222,23.157890000000002,24.7,0,3,0,0,0,0,0,0,0.0,0,0,0.0,0,0,0,0,0,0,0,nba_boxscorematchupsv3
1,2025-26,Playoffs,Western Conference Semifinals,2026_lal_okc_api_20261005,0042500223,3,2026-05-09,1610612760,OKC,1630598,Aaron Wiggins,1610612747,LAL,1628467,Maxi Kleber,9,1.1,5.0,9.47368,17.4,2,2,0,0,0,0,1,1,100.0,0,0,0.0,0,0,0,0,0,0,0,nba_boxscorematchupsv3
1,2025-26,Playoffs,Western Conference Semifinals,2026_lal_okc_api_20261005,0042500223,3,2026-05-09,1610612760,OKC,1630598,Aaron Wiggins,1610612747,LAL,1642261,Dalton Knecht,13,0.3,13.13131,13.68421,11.5,2,5,0,0,0,0,1,1,100.0,0,0,0.0,0,0,0,0,0,0,0,nba_boxscorematchupsv3
1,2025-26,Playoffs,Western Conference Semifinals,2026_lal_okc_api_20261005,0042500223,3,2026-05-09,1610612760,OKC,1630598,Aaron Wiggins,1610612747,LAL,1641733,Nick Smith Jr.,27,1.5,27.551019999999998,28.421049999999997,28.199999999999996,0,0,0,0,0,0,0,0,0.0,0,0,0.0,0,0,0,0,0,0,0,nba_boxscorematchupsv3
1,2025-26,Playoffs,Western Conference Semifinals,2026_lal_okc_api_20261005,0042500223,3,2026-05-09,1610612760,OKC,1630598,Aaron Wiggins,1610612747,LAL,1642876,Adou Thiero,24,1.3,7.76699,25.263160000000003,17.5,0,0,0,0,0,0,0,0,0.0,0,0,0.0,0,0,0,0,0,0,0,nba_boxscorematchupsv3
1,2025-26,Playoffs,Western Conference Semifinals,2026_lal_okc_api_20261005,0042500223,3,2026-05-09,1610612760,OKC,1642260,Nikola Topić,1610612747,LAL,1642355,Bronny James,27,2.1,27.27273,36.0,36.8,0,4,0,0,1,0,0,0,0.0,0,0,0.0,0,0,0,0,0,0,0,nba_boxscorematchupsv3
1,2025-26,Playoffs,Western Conference Semifinals,2026_lal_okc_api_20261005,0042500223,3,2026-05-09,1610612760,OKC,1642260,Nikola Topić,1610612747,LAL,1628467,Maxi Kleber,37,1.9,20.55556,49.33333,44.800000000000004,0,3,0,0,0,0,0,0,0.0,0,0,0.0,0,0,0,0,0,0,0,nba_boxscorematchupsv3
1,2025-26,Playoffs,Western Conference Semifinals,2026_lal_okc_api_20261005,0042500223,3,2026-05-09,1610612760,OKC,1642260,Nikola Topić,1610612747,LAL,1642261,Dalton Knecht,6,0.5,6.0606100000000005,8.0,8.6,0,0,0,0,0,0,0,1,0.0,0,1,0.0,0,0,0,0,0,0,0,nba_boxscorematchupsv3
1,2025-26,Playoffs,Western Conference Semifinals,2026_lal_okc_api_20261005,0042500223,3,2026-05-09,1610612760,OKC,1642260,Nikola Topić,1610612747,LAL,1641733,Nick Smith Jr.,2,0.4,2.04082,2.6666700000000003,3.8,0,0,0,0,0,0,0,0,0.0,0,0,0.0,0,0,0,0,0,0,0,nba_boxscorematchupsv3
1,2025-26,Playoffs,Western Conference Semifinals,2026_lal_okc_api_20261005,0042500223,3,2026-05-09,1610612760,OKC,1642260,Nikola Topić,1610612747,LAL,1642876,Adou Thiero,3,0.3,0.9708700000000001,4.0,5.6000000000000005,0,0,0,0,0,0,0,0,0.0,0,0,0.0,0,0,0,0,0,0,0,nba_boxscorematchupsv3
1,2025-26,Playoffs,Western Conference Semifinals,2026_lal_okc_api_20261005,0042500224,4,2026-05-11,1610612747,LAL,2544,LeBron James,1610612760,OKC,1627936,Alex Caruso,204,13.4,37.77778,22.7933,54.50000000000001,8,9,0,0,1,0,3,4,75.0,1,1,100.0,1,2,1,0,0,0,0,nba_boxscorematchupsv3
1,2025-26,Playoffs,Western Conference Semifinals,2026_lal_okc_api_20261005,0042500224,4,2026-05-11,1610612747,LAL,2544,LeBron James,1610612760,OKC,1629652,Luguentz Dort,485,44.5,71.32353,54.18994,70.7,7,38,0,0,2,0,2,5,40.0,1,2,50.0,2,2,1,0,0,0,0,nba_boxscorematchupsv3
1,2025-26,Playoffs,Western Conference Semifinals,2026_lal_okc_api_20261005,0042500224,4,2026-05-11,1610612747,LAL,2544,LeBron James,1610612760,OKC,1628983,Shai Gilgeous-Alexander,26,3.0,3.08057,2.90503,4.2,0,5,0,0,0,0,0,1,0.0,0,1,0.0,0,0,0,0,0,0,0,nba_boxscorematchupsv3
1,2025-26,Playoffs,Western Conference Semifinals,2026_lal_okc_api_20261005,0042500224,4,2026-05-11,1610612747,LAL,2544,LeBron James,1610612760,OKC,1628392,Isaiah Hartenstein,39,4.6,6.45695,4.35754,7.5,3,9,1,0,0,0,1,4,25.0,0,1,0.0,1,2,1,0,0,0,0,nba_boxscorematchupsv3
1,2025-26,Playoffs,Western Conference Semifinals,2026_lal_okc_api_20261005,0042500224,4,2026-05-11,1610612747,LAL,2544,LeBron James,1610612760,OKC,1631096,Chet Holmgren,24,3.6,3.36134,2.6815599999999997,7.000000000000001,2,12,0,0,0,0,1,1,100.0,0,0,0.0,0,0,0,0,0,0,0,nba_boxscorematchupsv3
1,2025-26,Playoffs,Western Conference Semifinals,2026_lal_okc_api_20261005,0042500224,4,2026-05-11,1610612747,LAL,2544,LeBron James,1610612760,OKC,1630198,Isaiah Joe,13,0.3,6.87831,1.4525100000000002,20.9,0,0,0,0,0,0,0,1,0.0,0,1,0.0,0,0,0,0,0,0,0,nba_boxscorematchupsv3
1,2025-26,Playoffs,Western Conference Semifinals,2026_lal_okc_api_20261005,0042500224,4,2026-05-11,1610612747,LAL,2544,LeBron James,1610612760,OKC,1642272,Jared McCain,8,0.7,2.25989,0.89385,2.3,0,0,0,0,0,0,0,0,0.0,0,0,0.0,0,0,0,0,0,0,0,nba_boxscorematchupsv3
1,2025-26,Playoffs,Western Conference Semifinals,2026_lal_okc_api_20261005,0042500224,4,2026-05-11,1610612747,LAL,2544,LeBron James,1610612760,OKC,1642349,Ajay Mitchell,72,5.1,10.97561,8.044690000000001,8.9,4,10,1,0,1,0,1,2,50.0,0,0,0.0,2,2,1,0,0,0,0,nba_boxscorematchupsv3
1,2025-26,Playoffs,Western Conference Semifinals,2026_lal_okc_api_20261005,0042500224,4,2026-05-11,1610612747,LAL,2544,LeBron James,1610612760,OKC,1641717,Cason Wallace,21,1.6,4.40252,2.34637,7.5,0,2,0,0,0,0,0,0,0.0,0,0,0.0,0,0,0,0,0,0,0,nba_boxscorematchupsv3
1,2025-26,Playoffs,Western Conference Semifinals,2026_lal_okc_api_20261005,0042500224,4,2026-05-11,1610612747,LAL,2544,LeBron James,1610612760,OKC,1631119,Jaylin Williams,3,0.4,1.59574,0.3352,3.1,0,0,0,0,0,0,0,0,0.0,0,0,0.0,0,0,0,0,0,0,0,nba_boxscorematchupsv3
1,2025-26,Playoffs,Western Conference Semifinals,2026_lal_okc_api_20261005,0042500224,4,2026-05-11,1610612747,LAL,1629060,Rui Hachimura,1610612760,OKC,1627936,Alex Caruso,126,8.6,23.33333,13.90728,27.3,2,10,0,0,0,0,0,1,0.0,0,1,0.0,2,2,1,0,0,0,0,nba_boxscorematchupsv3
1,2025-26,Playoffs,Western Conference Semifinals,2026_lal_okc_api_20261005,0042500224,4,2026-05-11,1610612747,LAL,1629060,Rui Hachimura,1610612760,OKC,1629652,Luguentz Dort,28,3.7,4.117649999999999,3.09051,6.4,7,7,0,0,0,0,3,3,100.0,1,1,100.0,0,0,0,0,0,0,0,nba_boxscorematchupsv3
1,2025-26,Playoffs,Western Conference Semifinals,2026_lal_okc_api_20261005,0042500224,4,2026-05-11,1610612747,LAL,1629060,Rui Hachimura,1610612760,OKC,1628983,Shai Gilgeous-Alexander,180,14.7,21.327009999999998,19.86755,20.7,0,19,1,0,0,0,0,0,0.0,0,0,0.0,0,0,0,0,0,0,0,nba_boxscorematchupsv3
1,2025-26,Playoffs,Western Conference Semifinals,2026_lal_okc_api_20261005,0042500224,4,2026-05-11,1610612747,LAL,1629060,Rui Hachimura,1610612760,OKC,1628392,Isaiah Hartenstein,21,2.0,3.47682,2.3178799999999997,4.8,5,6,0,0,0,0,2,2,100.0,1,1,100.0,0,0,0,0,0,0,0,nba_boxscorematchupsv3
1,2025-26,Playoffs,Western Conference Semifinals,2026_lal_okc_api_20261005,0042500224,4,2026-05-11,1610612747,LAL,1629060,Rui Hachimura,1610612760,OKC,1631096,Chet Holmgren,318,29.3,44.53782,35.09934,50.5,4,27,1,0,0,0,1,4,25.0,1,3,33.300000000000004,1,1,1,0,0,0,0,nba_boxscorematchupsv3
1,2025-26,Playoffs,Western Conference Semifinals,2026_lal_okc_api_20261005,0042500224,4,2026-05-11,1610612747,LAL,1629060,Rui Hachimura,1610612760,OKC,1630198,Isaiah Joe,11,1.4,5.82011,1.2141300000000002,7.9,0,2,0,0,0,0,0,0,0.0,0,0,0.0,0,0,0,0,0,0,0,nba_boxscorematchupsv3
1,2025-26,Playoffs,Western Conference Semifinals,2026_lal_okc_api_20261005,0042500224,4,2026-05-11,1610612747,LAL,1629060,Rui Hachimura,1610612760,OKC,1642272,Jared McCain,30,1.6,8.47458,3.31126,12.7,0,0,0,0,0,0,0,1,0.0,0,1,0.0,0,0,0,0,0,0,0,nba_boxscorematchupsv3
1,2025-26,Playoffs,Western Conference Semifinals,2026_lal_okc_api_20261005,0042500224,4,2026-05-11,1610612747,LAL,1629060,Rui Hachimura,1610612760,OKC,1642349,Ajay Mitchell,70,8.6,10.67073,7.72627,15.0,7,7,0,0,0,0,3,3,100.0,1,1,100.0,0,0,0,0,0,0,0,nba_boxscorematchupsv3
1,2025-26,Playoffs,Western Conference Semifinals,2026_lal_okc_api_20261005,0042500224,4,2026-05-11,1610612747,LAL,1629060,Rui Hachimura,1610612760,OKC,1641717,Cason Wallace,114,7.0,23.89937,12.58278,23.799999999999997,0,13,0,0,0,0,0,0,0.0,0,0,0.0,0,0,0,0,0,0,0,nba_boxscorematchupsv3
1,2025-26,Playoffs,Western Conference Semifinals,2026_lal_okc_api_20261005,0042500224,4,2026-05-11,1610612747,LAL,1629060,Rui Hachimura,1610612760,OKC,1631119,Jaylin Williams,8,1.9,4.25532,0.8829999999999999,10.0,0,0,0,0,0,0,0,1,0.0,0,0,0.0,0,0,0,0,0,0,0,nba_boxscorematchupsv3
1,2025-26,Playoffs,Western Conference Semifinals,2026_lal_okc_api_20261005,0042500224,4,2026-05-11,1610612747,LAL,1629028,Deandre Ayton,1610612760,OKC,1627936,Alex Caruso,4,0.4,0.74074,0.89485,3.6999999999999997,0,2,0,0,0,0,0,0,0.0,0,0,0.0,0,0,0,0,0,0,0,nba_boxscorematchupsv3
1,2025-26,Playoffs,Western Conference Semifinals,2026_lal_okc_api_20261005,0042500224,4,2026-05-11,1610612747,LAL,1629028,Deandre Ayton,1610612760,OKC,1629652,Luguentz Dort,7,1.3,1.02941,1.566,4.6,0,1,0,0,0,0,0,0,0.0,0,0,0.0,0,0,0,0,0,0,0,nba_boxscorematchupsv3
1,2025-26,Playoffs,Western Conference Semifinals,2026_lal_okc_api_20261005,0042500224,4,2026-05-11,1610612747,LAL,1629028,Deandre Ayton,1610612760,OKC,1628983,Shai Gilgeous-Alexander,22,3.2,2.60664,4.9216999999999995,6.9,0,0,0,0,0,0,0,0,0.0,0,0,0.0,0,0,0,0,0,0,0,nba_boxscorematchupsv3
1,2025-26,Playoffs,Western Conference Semifinals,2026_lal_okc_api_20261005,0042500224,4,2026-05-11,1610612747,LAL,1629028,Deandre Ayton,1610612760,OKC,1628392,Isaiah Hartenstein,270,20.5,44.70199,60.40268,78.2,4,12,0,0,0,0,2,2,100.0,0,0,0.0,0,0,0,0,0,0,0,nba_boxscorematchupsv3
1,2025-26,Playoffs,Western Conference Semifinals,2026_lal_okc_api_20261005,0042500224,4,2026-05-11,1610612747,LAL,1629028,Deandre Ayton,1610612760,OKC,1631096,Chet Holmgren,75,5.3,10.504199999999999,16.77852,19.8,0,13,1,0,0,0,0,0,0.0,0,0,0.0,0,0,0,0,0,0,0,nba_boxscorematchupsv3
1,2025-26,Playoffs,Western Conference Semifinals,2026_lal_okc_api_20261005,0042500224,4,2026-05-11,1610612747,LAL,1629028,Deandre Ayton,1610612760,OKC,1642272,Jared McCain,1,0.0,0.28249,0.22371000000000002,0.4,0,0,0,0,0,0,0,0,0.0,0,0,0.0,0,0,0,0,0,0,0,nba_boxscorematchupsv3
1,2025-26,Playoffs,Western Conference Semifinals,2026_lal_okc_api_20261005,0042500224,4,2026-05-11,1610612747,LAL,1629028,Deandre Ayton,1610612760,OKC,1642349,Ajay Mitchell,7,1.9,1.06707,1.566,5.0,0,1,0,0,0,0,0,0,0.0,0,0,0.0,0,0,0,0,0,0,0,nba_boxscorematchupsv3
1,2025-26,Playoffs,Western Conference Semifinals,2026_lal_okc_api_20261005,0042500224,4,2026-05-11,1610612747,LAL,1629028,Deandre Ayton,1610612760,OKC,1641717,Cason Wallace,8,0.7,1.6771500000000001,1.78971,6.7,0,0,0,0,0,0,0,0,0.0,0,0,0.0,0,0,0,0,0,0,0,nba_boxscorematchupsv3
1,2025-26,Playoffs,Western Conference Semifinals,2026_lal_okc_api_20261005,0042500224,4,2026-05-11,1610612747,LAL,1629028,Deandre Ayton,1610612760,OKC,1631119,Jaylin Williams,53,3.4,28.19149,11.856819999999999,61.9,2,10,0,0,0,0,1,1,100.0,0,0,0.0,0,0,0,0,0,0,0,nba_boxscorematchupsv3
1,2025-26,Playoffs,Western Conference Semifinals,2026_lal_okc_api_20261005,0042500224,4,2026-05-11,1610612747,LAL,1630559,Austin Reaves,1610612760,OKC,1627936,Alex Caruso,118,7.7,21.85185,12.75676,24.0,5,11,0,0,0,0,1,3,33.300000000000004,1,2,50.0,2,2,1,0,0,0,0,nba_boxscorematchupsv3
1,2025-26,Playoffs,Western Conference Semifinals,2026_lal_okc_api_20261005,0042500224,4,2026-05-11,1610612747,LAL,1630559,Austin Reaves,1610612760,OKC,1629652,Luguentz Dort,90,5.9,13.235289999999999,9.72973,13.200000000000001,2,6,2,0,2,0,1,1,100.0,0,0,0.0,0,0,0,0,0,0,0,nba_boxscorematchupsv3
1,2025-26,Playoffs,Western Conference Semifinals,2026_lal_okc_api_20261005,0042500224,4,2026-05-11,1610612747,LAL,1630559,Austin Reaves,1610612760,OKC,1628983,Shai Gilgeous-Alexander,45,6.0,5.3317499999999995,4.86486,6.7,3,5,0,0,3,0,0,0,0.0,0,0,0.0,3,3,1,0,0,0,0,nba_boxscorematchupsv3
1,2025-26,Playoffs,Western Conference Semifinals,2026_lal_okc_api_20261005,0042500224,4,2026-05-11,1610612747,LAL,1630559,Austin Reaves,1610612760,OKC,1628392,Isaiah Hartenstein,15,3.4,2.48344,1.62162,6.1,0,1,0,0,0,0,0,0,0.0,0,0,0.0,0,0,0,0,0,0,0,nba_boxscorematchupsv3
1,2025-26,Playoffs,Western Conference Semifinals,2026_lal_okc_api_20261005,0042500224,4,2026-05-11,1610612747,LAL,1630559,Austin Reaves,1610612760,OKC,1631096,Chet Holmgren,33,5.1,4.62185,3.56757,6.3,2,6,1,0,0,0,1,2,50.0,0,0,0.0,0,0,0,0,0,0,0,nba_boxscorematchupsv3
1,2025-26,Playoffs,Western Conference Semifinals,2026_lal_okc_api_20261005,0042500224,4,2026-05-11,1610612747,LAL,1630559,Austin Reaves,1610612760,OKC,1630198,Isaiah Joe,8,1.5,4.2328,0.86486,6.9,2,2,0,0,0,0,0,0,0.0,0,0,0.0,2,2,1,0,0,0,0,nba_boxscorematchupsv3
1,2025-26,Playoffs,Western Conference Semifinals,2026_lal_okc_api_20261005,0042500224,4,2026-05-11,1610612747,LAL,1630559,Austin Reaves,1610612760,OKC,1642272,Jared McCain,10,0.7,2.8248599999999997,1.08108,3.2,0,0,0,0,0,0,0,0,0.0,0,0,0.0,0,0,0,0,0,0,0,nba_boxscorematchupsv3
1,2025-26,Playoffs,Western Conference Semifinals,2026_lal_okc_api_20261005,0042500224,4,2026-05-11,1610612747,LAL,1630559,Austin Reaves,1610612760,OKC,1642349,Ajay Mitchell,351,31.9,53.5061,37.94595,56.2,6,31,1,0,0,0,2,3,66.7,1,2,50.0,1,2,0,0,0,0,0,nba_boxscorematchupsv3
1,2025-26,Playoffs,Western Conference Semifinals,2026_lal_okc_api_20261005,0042500224,4,2026-05-11,1610612747,LAL,1630559,Austin Reaves,1610612760,OKC,1641717,Cason Wallace,241,23.0,50.52411,26.05405,61.4,5,27,0,0,1,0,2,5,40.0,1,3,33.300000000000004,0,0,0,0,0,0,0,nba_boxscorematchupsv3
1,2025-26,Playoffs,Western Conference Semifinals,2026_lal_okc_api_20261005,0042500224,4,2026-05-11,1610612747,LAL,1630559,Austin Reaves,1610612760,OKC,1631119,Jaylin Williams,14,1.0,7.446809999999999,1.5135100000000001,5.8999999999999995,2,4,0,0,0,0,1,1,100.0,0,0,0.0,0,0,0,0,0,0,0,nba_boxscorematchupsv3
1,2025-26,Playoffs,Western Conference Semifinals,2026_lal_okc_api_20261005,0042500224,4,2026-05-11,1610612747,LAL,203935,Marcus Smart,1610612760,OKC,1627936,Alex Caruso,46,3.5,8.51852,6.21622,14.000000000000002,0,5,0,0,0,0,0,0,0.0,0,0,0.0,0,0,0,0,0,0,0,nba_boxscorematchupsv3
1,2025-26,Playoffs,Western Conference Semifinals,2026_lal_okc_api_20261005,0042500224,4,2026-05-11,1610612747,LAL,203935,Marcus Smart,1610612760,OKC,1629652,Luguentz Dort,19,2.5,2.79412,2.56757,3.1,0,6,0,0,1,0,0,0,0.0,0,0,0.0,0,0,0,0,0,0,0,nba_boxscorematchupsv3
1,2025-26,Playoffs,Western Conference Semifinals,2026_lal_okc_api_20261005,0042500224,4,2026-05-11,1610612747,LAL,203935,Marcus Smart,1610612760,OKC,1628983,Shai Gilgeous-Alexander,349,33.1,41.35071,47.16216,53.0,0,40,2,0,1,0,0,3,0.0,0,2,0.0,0,0,0,0,0,0,0,nba_boxscorematchupsv3
1,2025-26,Playoffs,Western Conference Semifinals,2026_lal_okc_api_20261005,0042500224,4,2026-05-11,1610612747,LAL,203935,Marcus Smart,1610612760,OKC,1628392,Isaiah Hartenstein,33,5.1,5.463579999999999,4.45946,8.4,0,0,0,0,1,0,0,0,0.0,0,0,0.0,0,0,0,0,0,0,0,nba_boxscorematchupsv3
1,2025-26,Playoffs,Western Conference Semifinals,2026_lal_okc_api_20261005,0042500224,4,2026-05-11,1610612747,LAL,203935,Marcus Smart,1610612760,OKC,1631096,Chet Holmgren,23,3.6,3.22129,3.10811,5.1,3,3,0,0,0,0,1,2,50.0,0,0,0.0,1,1,1,0,0,0,0,nba_boxscorematchupsv3
1,2025-26,Playoffs,Western Conference Semifinals,2026_lal_okc_api_20261005,0042500224,4,2026-05-11,1610612747,LAL,203935,Marcus Smart,1610612760,OKC,1630198,Isaiah Joe,23,2.5,12.16931,3.10811,16.900000000000002,2,2,0,0,0,0,1,1,100.0,0,0,0.0,0,0,0,0,0,0,0,nba_boxscorematchupsv3
1,2025-26,Playoffs,Western Conference Semifinals,2026_lal_okc_api_20261005,0042500224,4,2026-05-11,1610612747,LAL,203935,Marcus Smart,1610612760,OKC,1642272,Jared McCain,109,8.2,30.790960000000002,14.72973,49.5,0,8,0,0,1,0,0,0,0.0,0,0,0.0,0,0,0,0,0,0,0,nba_boxscorematchupsv3
1,2025-26,Playoffs,Western Conference Semifinals,2026_lal_okc_api_20261005,0042500224,4,2026-05-11,1610612747,LAL,203935,Marcus Smart,1610612760,OKC,1642349,Ajay Mitchell,108,9.0,16.46341,14.594589999999998,20.200000000000003,0,8,0,0,0,0,0,1,0.0,0,1,0.0,0,0,0,0,0,0,0,nba_boxscorematchupsv3
1,2025-26,Playoffs,Western Conference Semifinals,2026_lal_okc_api_20261005,0042500224,4,2026-05-11,1610612747,LAL,203935,Marcus Smart,1610612760,OKC,1641717,Cason Wallace,28,1.2,5.87002,3.7837799999999997,7.199999999999999,0,0,0,0,0,0,0,0,0.0,0,0,0.0,0,0,0,0,0,0,0,nba_boxscorematchupsv3
1,2025-26,Playoffs,Western Conference Semifinals,2026_lal_okc_api_20261005,0042500224,4,2026-05-11,1610612747,LAL,203935,Marcus Smart,1610612760,OKC,1631119,Jaylin Williams,2,0.0,1.06383,0.27027,1.7000000000000002,0,0,0,0,0,0,0,0,0.0,0,0,0.0,0,0,0,0,0,0,0,nba_boxscorematchupsv3
1,2025-26,Playoffs,Western Conference Semifinals,2026_lal_okc_api_20261005,0042500224,4,2026-05-11,1610612747,LAL,1628379,Luke Kennard,1610612760,OKC,1627936,Alex Caruso,26,4.9,4.81481,4.55342,8.4,0,0,0,0,0,0,0,0,0.0,0,0,0.0,0,0,0,0,0,0,0,nba_boxscorematchupsv3
1,2025-26,Playoffs,Western Conference Semifinals,2026_lal_okc_api_20261005,0042500224,4,2026-05-11,1610612747,LAL,1628379,Luke Kennard,1610612760,OKC,1629652,Luguentz Dort,21,2.5,3.08824,3.67776,9.0,0,5,1,0,0,0,0,1,0.0,0,1,0.0,0,0,0,0,0,0,0,nba_boxscorematchupsv3
1,2025-26,Playoffs,Western Conference Semifinals,2026_lal_okc_api_20261005,0042500224,4,2026-05-11,1610612747,LAL,1628379,Luke Kennard,1610612760,OKC,1628983,Shai Gilgeous-Alexander,133,12.0,15.75829,23.29247,33.1,0,16,1,0,0,0,0,0,0.0,0,0,0.0,0,0,0,0,0,0,0,nba_boxscorematchupsv3
1,2025-26,Playoffs,Western Conference Semifinals,2026_lal_okc_api_20261005,0042500224,4,2026-05-11,1610612747,LAL,1628379,Luke Kennard,1610612760,OKC,1628392,Isaiah Hartenstein,7,0.3,1.1589399999999999,1.22592,2.5,0,2,0,0,0,0,0,0,0.0,0,0,0.0,0,0,0,0,0,0,0,nba_boxscorematchupsv3
1,2025-26,Playoffs,Western Conference Semifinals,2026_lal_okc_api_20261005,0042500224,4,2026-05-11,1610612747,LAL,1628379,Luke Kennard,1610612760,OKC,1631096,Chet Holmgren,4,1.1,0.5602199999999999,0.70053,2.8000000000000003,0,0,0,0,0,0,0,0,0.0,0,0,0.0,0,0,0,0,0,0,0,nba_boxscorematchupsv3
1,2025-26,Playoffs,Western Conference Semifinals,2026_lal_okc_api_20261005,0042500224,4,2026-05-11,1610612747,LAL,1628379,Luke Kennard,1610612760,OKC,1630198,Isaiah Joe,131,8.8,69.31217,22.94221,61.6,3,15,0,0,0,0,1,1,100.0,1,1,100.0,0,0,0,0,0,0,0,nba_boxscorematchupsv3
1,2025-26,Playoffs,Western Conference Semifinals,2026_lal_okc_api_20261005,0042500224,4,2026-05-11,1610612747,LAL,1628379,Luke Kennard,1610612760,OKC,1642272,Jared McCain,170,9.6,48.0226,29.772330000000004,87.2,0,7,0,0,0,0,0,1,0.0,0,0,0.0,0,0,0,0,0,0,0,nba_boxscorematchupsv3
1,2025-26,Playoffs,Western Conference Semifinals,2026_lal_okc_api_20261005,0042500224,4,2026-05-11,1610612747,LAL,1628379,Luke Kennard,1610612760,OKC,1642349,Ajay Mitchell,26,4.4,3.9634099999999997,4.55342,13.0,0,2,0,0,0,0,0,0,0.0,0,0,0.0,0,0,0,0,0,0,0,nba_boxscorematchupsv3
1,2025-26,Playoffs,Western Conference Semifinals,2026_lal_okc_api_20261005,0042500224,4,2026-05-11,1610612747,LAL,1628379,Luke Kennard,1610612760,OKC,1641717,Cason Wallace,49,4.3,10.27254,8.58144,13.8,2,8,0,0,0,0,1,2,50.0,0,0,0.0,0,0,0,0,0,0,0,nba_boxscorematchupsv3
1,2025-26,Playoffs,Western Conference Semifinals,2026_lal_okc_api_20261005,0042500224,4,2026-05-11,1610612747,LAL,1628379,Luke Kennard,1610612760,OKC,1631119,Jaylin Williams,4,0.7,2.12766,0.70053,5.0,0,0,0,0,0,0,0,0,0.0,0,0,0.0,0,0,0,0,0,0,0,nba_boxscorematchupsv3
1,2025-26,Playoffs,Western Conference Semifinals,2026_lal_okc_api_20261005,0042500224,4,2026-05-11,1610612747,LAL,1629637,Jaxson Hayes,1610612760,OKC,1627936,Alex Caruso,10,1.2,1.85185,1.5873000000000002,3.1,2,4,0,0,0,0,1,2,50.0,0,0,0.0,0,0,0,0,0,0,0,nba_boxscorematchupsv3
1,2025-26,Playoffs,Western Conference Semifinals,2026_lal_okc_api_20261005,0042500224,4,2026-05-11,1610612747,LAL,1629637,Jaxson Hayes,1610612760,OKC,1629652,Luguentz Dort,30,3.3,4.41176,4.7619,7.3999999999999995,2,8,0,0,0,0,1,1,100.0,0,0,0.0,0,0,0,0,0,0,0,nba_boxscorematchupsv3
1,2025-26,Playoffs,Western Conference Semifinals,2026_lal_okc_api_20261005,0042500224,4,2026-05-11,1610612747,LAL,1629637,Jaxson Hayes,1610612760,OKC,1628983,Shai Gilgeous-Alexander,52,5.4,6.16114,8.253969999999999,11.4,0,10,0,0,0,0,0,0,0.0,0,0,0.0,0,0,0,0,0,0,0,nba_boxscorematchupsv3
1,2025-26,Playoffs,Western Conference Semifinals,2026_lal_okc_api_20261005,0042500224,4,2026-05-11,1610612747,LAL,1629637,Jaxson Hayes,1610612760,OKC,1628392,Isaiah Hartenstein,209,11.2,34.602650000000004,33.1746,69.5,4,13,0,0,1,0,1,1,100.0,0,0,0.0,2,2,0,0,0,0,0,nba_boxscorematchupsv3
1,2025-26,Playoffs,Western Conference Semifinals,2026_lal_okc_api_20261005,0042500224,4,2026-05-11,1610612747,LAL,1629637,Jaxson Hayes,1610612760,OKC,1631096,Chet Holmgren,181,18.9,25.35014,28.730159999999998,46.400000000000006,4,14,0,0,0,0,2,3,66.7,0,0,0.0,0,0,0,0,0,0,0,nba_boxscorematchupsv3
1,2025-26,Playoffs,Western Conference Semifinals,2026_lal_okc_api_20261005,0042500224,4,2026-05-11,1610612747,LAL,1629637,Jaxson Hayes,1610612760,OKC,1630198,Isaiah Joe,3,0.5,1.5873000000000002,0.47619000000000006,3.9,2,2,0,0,0,0,0,0,0.0,0,0,0.0,2,2,0,0,0,0,0,nba_boxscorematchupsv3
1,2025-26,Playoffs,Western Conference Semifinals,2026_lal_okc_api_20261005,0042500224,4,2026-05-11,1610612747,LAL,1629637,Jaxson Hayes,1610612760,OKC,1642272,Jared McCain,10,0.6,2.8248599999999997,1.5873000000000002,5.3,0,0,0,0,0,0,0,0,0.0,0,0,0.0,0,0,0,0,0,0,0,nba_boxscorematchupsv3
1,2025-26,Playoffs,Western Conference Semifinals,2026_lal_okc_api_20261005,0042500224,4,2026-05-11,1610612747,LAL,1629637,Jaxson Hayes,1610612760,OKC,1642349,Ajay Mitchell,16,1.9,2.43902,2.53968,6.3,0,2,0,0,0,0,0,0,0.0,0,0,0.0,0,0,0,0,0,0,0,nba_boxscorematchupsv3
1,2025-26,Playoffs,Western Conference Semifinals,2026_lal_okc_api_20261005,0042500224,4,2026-05-11,1610612747,LAL,1629637,Jaxson Hayes,1610612760,OKC,1641717,Cason Wallace,15,1.2,3.1446500000000004,2.38095,5.1,2,6,0,0,0,0,1,1,100.0,0,0,0.0,0,0,0,0,0,0,0,nba_boxscorematchupsv3
1,2025-26,Playoffs,Western Conference Semifinals,2026_lal_okc_api_20261005,0042500224,4,2026-05-11,1610612747,LAL,1629637,Jaxson Hayes,1610612760,OKC,1631119,Jaylin Williams,104,8.7,55.31914999999999,16.507939999999998,85.3,2,11,1,0,0,0,0,0,0.0,0,0,0.0,2,2,1,0,0,0,0,nba_boxscorematchupsv3
1,2025-26,Playoffs,Western Conference Semifinals,2026_lal_okc_api_20261005,0042500224,4,2026-05-11,1610612747,LAL,1629020,Jarred Vanderbilt,1610612760,OKC,1627936,Alex Caruso,1,0.1,0.18519000000000002,1.9607800000000002,2.5,0,0,0,0,0,0,0,0,0.0,0,0,0.0,0,0,0,0,0,0,0,nba_boxscorematchupsv3
1,2025-26,Playoffs,Western Conference Semifinals,2026_lal_okc_api_20261005,0042500224,4,2026-05-11,1610612747,LAL,1629020,Jarred Vanderbilt,1610612760,OKC,1628392,Isaiah Hartenstein,8,0.8,1.3245,15.686269999999999,15.7,0,0,0,0,0,0,0,1,0.0,0,0,0.0,0,0,0,0,0,0,0,nba_boxscorematchupsv3
1,2025-26,Playoffs,Western Conference Semifinals,2026_lal_okc_api_20261005,0042500224,4,2026-05-11,1610612747,LAL,1629020,Jarred Vanderbilt,1610612760,OKC,1631096,Chet Holmgren,36,2.8,5.04202,70.58824,67.5,0,0,0,0,0,0,0,0,0.0,0,0,0.0,0,0,0,0,0,0,0,nba_boxscorematchupsv3
1,2025-26,Playoffs,Western Conference Semifinals,2026_lal_okc_api_20261005,0042500224,4,2026-05-11,1610612747,LAL,1629020,Jarred Vanderbilt,1610612760,OKC,1642349,Ajay Mitchell,6,0.3,0.9146299999999999,11.764710000000001,8.3,0,0,0,0,0,0,0,0,0.0,0,0,0.0,0,0,0,0,0,0,0,nba_boxscorematchupsv3
1,2025-26,Playoffs,Western Conference Semifinals,2026_lal_okc_api_20261005,0042500224,4,2026-05-11,1610612747,LAL,1642876,Adou Thiero,1610612760,OKC,1627936,Alex Caruso,3,0.0,0.5555599999999999,3.9473700000000003,4.3,0,0,0,0,0,0,0,0,0.0,0,0,0.0,0,0,0,0,0,0,0,nba_boxscorematchupsv3
1,2025-26,Playoffs,Western Conference Semifinals,2026_lal_okc_api_20261005,0042500224,4,2026-05-11,1610612747,LAL,1642876,Adou Thiero,1610612760,OKC,1628983,Shai Gilgeous-Alexander,34,1.7,4.02844,44.73684,82.89999999999999,0,2,0,0,0,0,0,1,0.0,0,1,0.0,0,0,0,0,0,0,0,nba_boxscorematchupsv3
1,2025-26,Playoffs,Western Conference Semifinals,2026_lal_okc_api_20261005,0042500224,4,2026-05-11,1610612747,LAL,1642876,Adou Thiero,1610612760,OKC,1628392,Isaiah Hartenstein,2,0.2,0.33113000000000004,2.63158,3.5999999999999996,0,0,0,0,0,0,0,0,0.0,0,0,0.0,0,0,0,0,0,0,0,nba_boxscorematchupsv3
1,2025-26,Playoffs,Western Conference Semifinals,2026_lal_okc_api_20261005,0042500224,4,2026-05-11,1610612747,LAL,1642876,Adou Thiero,1610612760,OKC,1631096,Chet Holmgren,20,0.5,2.80112,26.31579,58.199999999999996,0,0,0,0,0,0,0,0,0.0,0,0,0.0,0,0,0,0,0,0,0,nba_boxscorematchupsv3
1,2025-26,Playoffs,Western Conference Semifinals,2026_lal_okc_api_20261005,0042500224,4,2026-05-11,1610612747,LAL,1642876,Adou Thiero,1610612760,OKC,1642272,Jared McCain,16,1.3,4.51977,21.05263,30.2,0,0,0,0,0,0,0,0,0.0,0,0,0.0,0,0,0,0,0,0,0,nba_boxscorematchupsv3
1,2025-26,Playoffs,Western Conference Semifinals,2026_lal_okc_api_20261005,0042500224,4,2026-05-11,1610612747,LAL,1642876,Adou Thiero,1610612760,OKC,1641717,Cason Wallace,1,0.0,0.20964,1.31579,0.8,0,0,0,0,0,0,0,0,0.0,0,0,0.0,0,0,0,0,0,0,0,nba_boxscorematchupsv3
1,2025-26,Playoffs,Western Conference Semifinals,2026_lal_okc_api_20261005,0042500224,4,2026-05-11,1610612747,LAL,1628467,Maxi Kleber,1610612760,OKC,1627936,Alex Caruso,2,0.0,0.37037,40.0,35.5,0,0,0,0,0,0,0,0,0.0,0,0,0.0,0,0,0,0,0,0,0,nba_boxscorematchupsv3
1,2025-26,Playoffs,Western Conference Semifinals,2026_lal_okc_api_20261005,0042500224,4,2026-05-11,1610612747,LAL,1628467,Maxi Kleber,1610612760,OKC,1628983,Shai Gilgeous-Alexander,3,1.0,0.35545,60.0,64.5,0,0,0,0,0,0,0,0,0.0,0,0,0.0,0,0,0,0,0,0,0,nba_boxscorematchupsv3
1,2025-26,Playoffs,Western Conference Semifinals,2026_lal_okc_api_20261005,0042500224,4,2026-05-11,1610612760,OKC,1629652,Luguentz Dort,1610612747,LAL,1629028,Deandre Ayton,29,1.7,6.27706,4.48916,8.0,0,4,0,0,0,0,0,1,0.0,0,1,0.0,0,0,0,0,0,0,0,nba_boxscorematchupsv3
1,2025-26,Playoffs,Western Conference Semifinals,2026_lal_okc_api_20261005,0042500224,4,2026-05-11,1610612760,OKC,1629652,Luguentz Dort,1610612747,LAL,1629060,Rui Hachimura,48,5.1,4.9740899999999995,7.43034,8.7,0,6,0,0,0,0,0,0,0.0,0,0,0.0,0,0,0,0,0,0,0,nba_boxscorematchupsv3
1,2025-26,Playoffs,Western Conference Semifinals,2026_lal_okc_api_20261005,0042500224,4,2026-05-11,1610612760,OKC,1629652,Luguentz Dort,1610612747,LAL,1629637,Jaxson Hayes,20,3.4,3.39559,3.09598,9.2,0,2,0,0,0,0,0,0,0.0,0,0,0.0,0,0,0,0,0,0,0,nba_boxscorematchupsv3
1,2025-26,Playoffs,Western Conference Semifinals,2026_lal_okc_api_20261005,0042500224,4,2026-05-11,1610612760,OKC,1629652,Luguentz Dort,1610612747,LAL,2544,LeBron James,408,33.0,45.73991,63.15789000000001,59.099999999999994,6,38,0,0,0,0,2,2,100.0,2,2,100.0,0,0,0,0,0,0,0,nba_boxscorematchupsv3
1,2025-26,Playoffs,Western Conference Semifinals,2026_lal_okc_api_20261005,0042500224,4,2026-05-11,1610612760,OKC,1629652,Luguentz Dort,1610612747,LAL,1628379,Luke Kennard,65,4.9,12.7451,10.06192,30.4,0,4,0,0,0,0,0,2,0.0,0,1,0.0,0,0,0,0,0,0,0,nba_boxscorematchupsv3
1,2025-26,Playoffs,Western Conference Semifinals,2026_lal_okc_api_20261005,0042500224,4,2026-05-11,1610612760,OKC,1629652,Luguentz Dort,1610612747,LAL,1630559,Austin Reaves,51,7.0,5.38543,7.8947400000000005,11.700000000000001,0,11,0,0,0,0,0,1,0.0,0,1,0.0,0,0,0,0,0,0,0,nba_boxscorematchupsv3
1,2025-26,Playoffs,Western Conference Semifinals,2026_lal_okc_api_20261005,0042500224,4,2026-05-11,1610612760,OKC,1629652,Luguentz Dort,1610612747,LAL,203935,Marcus Smart,25,2.5,3.2175000000000002,3.8699699999999995,4.3999999999999995,0,4,0,0,0,0,0,0,0.0,0,0,0.0,0,0,0,0,0,0,0,nba_boxscorematchupsv3
1,2025-26,Playoffs,Western Conference Semifinals,2026_lal_okc_api_20261005,0042500224,4,2026-05-11,1610612760,OKC,1631096,Chet Holmgren,1610612747,LAL,1629028,Deandre Ayton,52,5.2,11.255410000000001,6.50814,15.9,0,11,0,0,1,0,0,1,0.0,0,0,0.0,0,0,0,0,0,0,0,nba_boxscorematchupsv3
1,2025-26,Playoffs,Western Conference Semifinals,2026_lal_okc_api_20261005,0042500224,4,2026-05-11,1610612760,OKC,1631096,Chet Holmgren,1610612747,LAL,1629060,Rui Hachimura,237,19.7,24.55959,29.662080000000003,33.1,4,24,0,0,0,0,1,2,50.0,0,1,0.0,2,2,1,0,0,0,0,nba_boxscorematchupsv3
1,2025-26,Playoffs,Western Conference Semifinals,2026_lal_okc_api_20261005,0042500224,4,2026-05-11,1610612760,OKC,1631096,Chet Holmgren,1610612747,LAL,1629637,Jaxson Hayes,194,15.9,32.93718,24.280350000000002,39.6,2,15,0,0,0,0,1,2,50.0,0,1,0.0,0,0,0,0,0,0,0,nba_boxscorematchupsv3
1,2025-26,Playoffs,Western Conference Semifinals,2026_lal_okc_api_20261005,0042500224,4,2026-05-11,1610612760,OKC,1631096,Chet Holmgren,1610612747,LAL,2544,LeBron James,157,10.4,17.6009,19.64956,22.6,4,16,0,0,0,0,2,2,100.0,0,0,0.0,0,0,0,0,0,0,0,nba_boxscorematchupsv3
1,2025-26,Playoffs,Western Conference Semifinals,2026_lal_okc_api_20261005,0042500224,4,2026-05-11,1610612760,OKC,1631096,Chet Holmgren,1610612747,LAL,1628379,Luke Kennard,25,3.4,4.901960000000001,3.12891,7.1,0,6,0,0,0,0,0,0,0.0,0,0,0.0,0,0,0,0,0,0,0,nba_boxscorematchupsv3
1,2025-26,Playoffs,Western Conference Semifinals,2026_lal_okc_api_20261005,0042500224,4,2026-05-11,1610612760,OKC,1631096,Chet Holmgren,1610612747,LAL,1630559,Austin Reaves,83,7.6,8.764520000000001,10.387979999999999,12.0,6,9,0,0,0,0,2,2,100.0,0,0,0.0,2,2,1,0,0,0,0,nba_boxscorematchupsv3
1,2025-26,Playoffs,Western Conference Semifinals,2026_lal_okc_api_20261005,0042500224,4,2026-05-11,1610612760,OKC,1631096,Chet Holmgren,1610612747,LAL,203935,Marcus Smart,29,2.9,3.7323000000000004,3.62954,6.1,0,4,0,0,0,0,0,0,0.0,0,0,0.0,0,0,0,0,0,0,0,nba_boxscorematchupsv3
1,2025-26,Playoffs,Western Conference Semifinals,2026_lal_okc_api_20261005,0042500224,4,2026-05-11,1610612760,OKC,1631096,Chet Holmgren,1610612747,LAL,1642876,Adou Thiero,8,0.3,15.686269999999999,1.00125,34.1,0,0,0,0,0,0,0,0,0.0,0,0,0.0,0,0,0,0,0,0,0,nba_boxscorematchupsv3
1,2025-26,Playoffs,Western Conference Semifinals,2026_lal_okc_api_20261005,0042500224,4,2026-05-11,1610612760,OKC,1631096,Chet Holmgren,1610612747,LAL,1629020,Jarred Vanderbilt,14,1.2,21.212120000000002,1.75219,19.3,0,2,0,0,0,0,0,0,0.0,0,0,0.0,0,0,0,0,0,0,0,nba_boxscorematchupsv3
1,2025-26,Playoffs,Western Conference Semifinals,2026_lal_okc_api_20261005,0042500224,4,2026-05-11,1610612760,OKC,1628392,Isaiah Hartenstein,1610612747,LAL,1629028,Deandre Ayton,199,16.5,43.07359,31.53724,59.3,4,20,0,0,0,0,2,2,100.0,0,0,0.0,0,0,0,0,0,0,0,nba_boxscorematchupsv3
1,2025-26,Playoffs,Western Conference Semifinals,2026_lal_okc_api_20261005,0042500224,4,2026-05-11,1610612760,OKC,1628392,Isaiah Hartenstein,1610612747,LAL,1629060,Rui Hachimura,88,7.2,9.11917,13.94612,14.299999999999999,1,8,1,0,0,1,0,1,0.0,0,0,0.0,1,2,0,0,0,0,0,nba_boxscorematchupsv3
1,2025-26,Playoffs,Western Conference Semifinals,2026_lal_okc_api_20261005,0042500224,4,2026-05-11,1610612760,OKC,1628392,Isaiah Hartenstein,1610612747,LAL,1629637,Jaxson Hayes,147,11.2,24.95756,23.29635,50.0,0,17,2,0,0,0,0,1,0.0,0,0,0.0,0,0,0,0,0,0,0,nba_boxscorematchupsv3
1,2025-26,Playoffs,Western Conference Semifinals,2026_lal_okc_api_20261005,0042500224,4,2026-05-11,1610612760,OKC,1628392,Isaiah Hartenstein,1610612747,LAL,2544,LeBron James,60,5.1,6.726459999999999,9.50872,10.7,0,13,1,0,0,1,0,0,0.0,0,0,0.0,0,0,0,0,0,0,0,nba_boxscorematchupsv3
1,2025-26,Playoffs,Western Conference Semifinals,2026_lal_okc_api_20261005,0042500224,4,2026-05-11,1610612760,OKC,1628392,Isaiah Hartenstein,1610612747,LAL,1628379,Luke Kennard,2,0.4,0.39216,0.31695999999999996,3.0,0,0,0,0,0,0,0,0,0.0,0,0,0.0,0,0,0,0,0,0,0,nba_boxscorematchupsv3
1,2025-26,Playoffs,Western Conference Semifinals,2026_lal_okc_api_20261005,0042500224,4,2026-05-11,1610612760,OKC,1628392,Isaiah Hartenstein,1610612747,LAL,1630559,Austin Reaves,106,9.6,11.19324,16.79873,19.7,0,12,1,0,1,0,0,0,0.0,0,0,0.0,0,0,0,0,0,0,0,nba_boxscorematchupsv3
1,2025-26,Playoffs,Western Conference Semifinals,2026_lal_okc_api_20261005,0042500224,4,2026-05-11,1610612760,OKC,1628392,Isaiah Hartenstein,1610612747,LAL,203935,Marcus Smart,20,2.0,2.574,3.16957,4.3999999999999995,0,2,0,0,2,0,0,0,0.0,0,0,0.0,0,0,0,0,0,0,0,nba_boxscorematchupsv3
1,2025-26,Playoffs,Western Conference Semifinals,2026_lal_okc_api_20261005,0042500224,4,2026-05-11,1610612760,OKC,1628392,Isaiah Hartenstein,1610612747,LAL,1642876,Adou Thiero,4,0.0,7.84314,0.63391,8.799999999999999,0,3,0,0,0,0,0,0,0.0,0,0,0.0,0,0,0,0,0,0,0,nba_boxscorematchupsv3
1,2025-26,Playoffs,Western Conference Semifinals,2026_lal_okc_api_20261005,0042500224,4,2026-05-11,1610612760,OKC,1628392,Isaiah Hartenstein,1610612747,LAL,1629020,Jarred Vanderbilt,5,1.1,7.57576,0.7923899999999999,13.4,0,3,0,0,0,0,0,0,0.0,0,0,0.0,0,0,0,0,0,0,0,nba_boxscorematchupsv3
1,2025-26,Playoffs,Western Conference Semifinals,2026_lal_okc_api_20261005,0042500224,4,2026-05-11,1610612760,OKC,1642349,Ajay Mitchell,1610612747,LAL,1629028,Deandre Ayton,73,5.2,15.80087,9.6817,17.7,4,8,0,0,0,0,2,2,100.0,0,0,0.0,0,0,0,0,0,0,0,nba_boxscorematchupsv3
1,2025-26,Playoffs,Western Conference Semifinals,2026_lal_okc_api_20261005,0042500224,4,2026-05-11,1610612760,OKC,1642349,Ajay Mitchell,1610612747,LAL,1629060,Rui Hachimura,154,12.9,15.958549999999999,20.424400000000002,21.3,4,17,0,0,0,0,1,3,33.300000000000004,0,1,0.0,2,2,0,0,0,0,0,nba_boxscorematchupsv3
1,2025-26,Playoffs,Western Conference Semifinals,2026_lal_okc_api_20261005,0042500224,4,2026-05-11,1610612760,OKC,1642349,Ajay Mitchell,1610612747,LAL,1629637,Jaxson Hayes,45,4.6,7.640070000000001,5.96817,14.7,2,6,0,0,0,1,1,3,33.300000000000004,0,2,0.0,0,0,0,0,0,0,0,nba_boxscorematchupsv3
1,2025-26,Playoffs,Western Conference Semifinals,2026_lal_okc_api_20261005,0042500224,4,2026-05-11,1610612760,OKC,1642349,Ajay Mitchell,1610612747,LAL,2544,LeBron James,70,7.1,7.84753,9.28382,11.700000000000001,2,6,0,0,0,0,1,1,100.0,0,0,0.0,0,0,0,0,0,0,0,nba_boxscorematchupsv3
1,2025-26,Playoffs,Western Conference Semifinals,2026_lal_okc_api_20261005,0042500224,4,2026-05-11,1610612760,OKC,1642349,Ajay Mitchell,1610612747,LAL,1628379,Luke Kennard,33,2.5,6.47059,4.37666,13.8,0,6,1,0,0,0,0,1,0.0,0,0,0.0,0,0,0,0,0,0,0,nba_boxscorematchupsv3
1,2025-26,Playoffs,Western Conference Semifinals,2026_lal_okc_api_20261005,0042500224,4,2026-05-11,1610612760,OKC,1642349,Ajay Mitchell,1610612747,LAL,1630559,Austin Reaves,189,16.4,19.95776,25.06631,28.199999999999996,8,22,3,0,0,1,4,6,66.7,0,0,0.0,0,0,0,0,0,0,0,nba_boxscorematchupsv3
1,2025-26,Playoffs,Western Conference Semifinals,2026_lal_okc_api_20261005,0042500224,4,2026-05-11,1610612760,OKC,1642349,Ajay Mitchell,1610612747,LAL,203935,Marcus Smart,165,12.0,21.23552,21.88329,22.6,8,17,0,0,0,0,3,3,100.0,1,1,100.0,1,1,1,0,0,0,0,nba_boxscorematchupsv3
1,2025-26,Playoffs,Western Conference Semifinals,2026_lal_okc_api_20261005,0042500224,4,2026-05-11,1610612760,OKC,1642349,Ajay Mitchell,1610612747,LAL,1642876,Adou Thiero,11,0.2,21.56863,1.45889,32.1,0,0,0,0,0,0,0,0,0.0,0,0,0.0,0,0,0,0,0,0,0,nba_boxscorematchupsv3
1,2025-26,Playoffs,Western Conference Semifinals,2026_lal_okc_api_20261005,0042500224,4,2026-05-11,1610612760,OKC,1642349,Ajay Mitchell,1610612747,LAL,1629020,Jarred Vanderbilt,14,0.7,21.212120000000002,1.85676,25.5,0,0,0,0,0,0,0,0,0.0,0,0,0.0,0,0,0,0,0,0,0,nba_boxscorematchupsv3
1,2025-26,Playoffs,Western Conference Semifinals,2026_lal_okc_api_20261005,0042500224,4,2026-05-11,1610612760,OKC,1628983,Shai Gilgeous-Alexander,1610612747,LAL,1629028,Deandre Ayton,38,3.0,8.225109999999999,4.08163,8.7,0,0,1,0,0,0,0,2,0.0,0,1,0.0,0,0,0,0,0,0,0,nba_boxscorematchupsv3
1,2025-26,Playoffs,Western Conference Semifinals,2026_lal_okc_api_20261005,0042500224,4,2026-05-11,1610612760,OKC,1628983,Shai Gilgeous-Alexander,1610612747,LAL,1629060,Rui Hachimura,137,12.2,14.196890000000002,14.71536,17.7,9,18,2,0,0,0,2,3,66.7,1,2,50.0,4,4,1,0,0,0,0,nba_boxscorematchupsv3
1,2025-26,Playoffs,Western Conference Semifinals,2026_lal_okc_api_20261005,0042500224,4,2026-05-11,1610612760,OKC,1628983,Shai Gilgeous-Alexander,1610612747,LAL,1629637,Jaxson Hayes,46,5.6,7.80985,4.94092,11.1,4,4,0,0,0,0,1,4,25.0,0,0,0.0,2,2,1,0,0,0,0,nba_boxscorematchupsv3
1,2025-26,Playoffs,Western Conference Semifinals,2026_lal_okc_api_20261005,0042500224,4,2026-05-11,1610612760,OKC,1628983,Shai Gilgeous-Alexander,1610612747,LAL,2544,LeBron James,60,3.8,6.726459999999999,6.44468,8.3,0,8,0,0,0,0,0,0,0.0,0,0,0.0,0,0,0,0,0,0,0,nba_boxscorematchupsv3
1,2025-26,Playoffs,Western Conference Semifinals,2026_lal_okc_api_20261005,0042500224,4,2026-05-11,1610612760,OKC,1628983,Shai Gilgeous-Alexander,1610612747,LAL,1628379,Luke Kennard,93,6.4,18.235290000000003,9.98926,20.0,11,13,0,0,0,0,5,6,83.3,0,0,0.0,1,2,1,0,0,0,0,nba_boxscorematchupsv3
1,2025-26,Playoffs,Western Conference Semifinals,2026_lal_okc_api_20261005,0042500224,4,2026-05-11,1610612760,OKC,1628983,Shai Gilgeous-Alexander,1610612747,LAL,1630559,Austin Reaves,124,9.7,13.09398,13.31901,12.1,6,21,1,0,1,1,1,3,33.300000000000004,0,0,0.0,4,4,1,0,0,0,0,nba_boxscorematchupsv3
1,2025-26,Playoffs,Western Conference Semifinals,2026_lal_okc_api_20261005,0042500224,4,2026-05-11,1610612760,OKC,1628983,Shai Gilgeous-Alexander,1610612747,LAL,203935,Marcus Smart,423,40.8,54.440149999999996,45.43502,65.7,5,32,1,0,1,0,2,3,66.7,0,1,0.0,1,3,1,0,0,0,0,nba_boxscorematchupsv3
1,2025-26,Playoffs,Western Conference Semifinals,2026_lal_okc_api_20261005,0042500224,4,2026-05-11,1610612760,OKC,1628983,Shai Gilgeous-Alexander,1610612747,LAL,1642876,Adou Thiero,1,0.1,1.9607800000000002,0.10740999999999999,11.899999999999999,0,2,0,0,0,0,0,0,0.0,0,0,0.0,0,0,0,0,0,0,0,nba_boxscorematchupsv3
1,2025-26,Playoffs,Western Conference Semifinals,2026_lal_okc_api_20261005,0042500224,4,2026-05-11,1610612760,OKC,1628983,Shai Gilgeous-Alexander,1610612747,LAL,1629020,Jarred Vanderbilt,9,0.5,13.63636,0.9667,24.8,0,0,0,0,0,0,0,0,0.0,0,0,0.0,0,0,0,0,0,0,0,nba_boxscorematchupsv3
1,2025-26,Playoffs,Western Conference Semifinals,2026_lal_okc_api_20261005,0042500224,4,2026-05-11,1610612760,OKC,1631119,Jaylin Williams,1610612747,LAL,1629028,Deandre Ayton,41,3.2,8.874460000000001,20.91837,44.2,0,0,0,0,0,0,0,0,0.0,0,0,0.0,0,0,0,0,0,0,0,nba_boxscorematchupsv3
1,2025-26,Playoffs,Western Conference Semifinals,2026_lal_okc_api_20261005,0042500224,4,2026-05-11,1610612760,OKC,1631119,Jaylin Williams,1610612747,LAL,1629060,Rui Hachimura,54,3.1,5.59585,27.551019999999998,19.6,0,3,0,0,0,0,0,0,0.0,0,0,0.0,0,0,0,0,0,0,0,nba_boxscorematchupsv3
1,2025-26,Playoffs,Western Conference Semifinals,2026_lal_okc_api_20261005,0042500224,4,2026-05-11,1610612760,OKC,1631119,Jaylin Williams,1610612747,LAL,1629637,Jaxson Hayes,67,6.0,11.37521,34.18367,57.8,0,7,0,0,0,0,0,0,0.0,0,0,0.0,0,0,0,0,0,0,0,nba_boxscorematchupsv3
1,2025-26,Playoffs,Western Conference Semifinals,2026_lal_okc_api_20261005,0042500224,4,2026-05-11,1610612760,OKC,1631119,Jaylin Williams,1610612747,LAL,1628379,Luke Kennard,15,1.7,2.9411799999999997,7.65306,12.0,0,0,0,0,0,0,0,0,0.0,0,0,0.0,0,0,0,0,0,0,0,nba_boxscorematchupsv3
1,2025-26,Playoffs,Western Conference Semifinals,2026_lal_okc_api_20261005,0042500224,4,2026-05-11,1610612760,OKC,1631119,Jaylin Williams,1610612747,LAL,1630559,Austin Reaves,19,1.1,2.00634,9.69388,8.5,0,0,0,0,0,0,0,0,0.0,0,0,0.0,0,0,0,0,0,0,0,nba_boxscorematchupsv3
1,2025-26,Playoffs,Western Conference Semifinals,2026_lal_okc_api_20261005,0042500224,4,2026-05-11,1610612760,OKC,1641717,Cason Wallace,1610612747,LAL,1629028,Deandre Ayton,18,2.2,3.8961,4.44444,12.0,3,3,0,0,0,0,1,2,50.0,1,1,100.0,0,0,0,0,0,0,0,nba_boxscorematchupsv3
1,2025-26,Playoffs,Western Conference Semifinals,2026_lal_okc_api_20261005,0042500224,4,2026-05-11,1610612760,OKC,1641717,Cason Wallace,1610612747,LAL,1629060,Rui Hachimura,59,5.0,6.113989999999999,14.5679,17.9,0,6,0,0,0,0,0,0,0.0,0,0,0.0,0,0,0,0,0,0,0,nba_boxscorematchupsv3
1,2025-26,Playoffs,Western Conference Semifinals,2026_lal_okc_api_20261005,0042500224,4,2026-05-11,1610612760,OKC,1641717,Cason Wallace,1610612747,LAL,1629637,Jaxson Hayes,27,1.7,4.58404,6.66667,13.8,0,3,0,0,0,0,0,0,0.0,0,0,0.0,0,0,0,0,0,0,0,nba_boxscorematchupsv3
1,2025-26,Playoffs,Western Conference Semifinals,2026_lal_okc_api_20261005,0042500224,4,2026-05-11,1610612760,OKC,1641717,Cason Wallace,1610612747,LAL,2544,LeBron James,31,2.9,3.4753399999999997,7.65432,12.4,0,2,0,0,0,0,0,0,0.0,0,0,0.0,0,0,0,0,0,0,0,nba_boxscorematchupsv3
1,2025-26,Playoffs,Western Conference Semifinals,2026_lal_okc_api_20261005,0042500224,4,2026-05-11,1610612760,OKC,1641717,Cason Wallace,1610612747,LAL,1628379,Luke Kennard,42,4.7,8.23529,10.37037,17.2,0,0,0,0,0,0,0,0,0.0,0,0,0.0,0,0,0,0,0,0,0,nba_boxscorematchupsv3
1,2025-26,Playoffs,Western Conference Semifinals,2026_lal_okc_api_20261005,0042500224,4,2026-05-11,1610612760,OKC,1641717,Cason Wallace,1610612747,LAL,1630559,Austin Reaves,195,14.6,20.59134,48.14815,47.099999999999994,0,16,0,0,0,0,0,0,0.0,0,0,0.0,0,0,0,0,0,0,0,nba_boxscorematchupsv3
1,2025-26,Playoffs,Western Conference Semifinals,2026_lal_okc_api_20261005,0042500224,4,2026-05-11,1610612760,OKC,1641717,Cason Wallace,1610612747,LAL,203935,Marcus Smart,19,1.4,2.4453,4.6913599999999995,6.4,0,2,0,0,1,0,0,0,0.0,0,0,0.0,0,0,0,0,0,0,0,nba_boxscorematchupsv3
1,2025-26,Playoffs,Western Conference Semifinals,2026_lal_okc_api_20261005,0042500224,4,2026-05-11,1610612760,OKC,1641717,Cason Wallace,1610612747,LAL,1642876,Adou Thiero,14,1.3,27.45098,3.45679,44.9,0,0,0,0,0,0,0,0,0.0,0,0,0.0,0,0,0,0,0,0,0,nba_boxscorematchupsv3
1,2025-26,Playoffs,Western Conference Semifinals,2026_lal_okc_api_20261005,0042500224,4,2026-05-11,1610612760,OKC,1627936,Alex Caruso,1610612747,LAL,1629028,Deandre Ayton,6,0.6,1.2987,1.41176,6.0,0,0,0,0,0,0,0,1,0.0,0,0,0.0,0,0,0,0,0,0,0,nba_boxscorematchupsv3
1,2025-26,Playoffs,Western Conference Semifinals,2026_lal_okc_api_20261005,0042500224,4,2026-05-11,1610612760,OKC,1627936,Alex Caruso,1610612747,LAL,1629060,Rui Hachimura,75,6.7,7.77202,17.64706,19.900000000000002,0,9,1,0,0,0,0,0,0.0,0,0,0.0,0,0,0,0,0,0,0,nba_boxscorematchupsv3
1,2025-26,Playoffs,Western Conference Semifinals,2026_lal_okc_api_20261005,0042500224,4,2026-05-11,1610612760,OKC,1627936,Alex Caruso,1610612747,LAL,1629637,Jaxson Hayes,23,3.0,3.9049199999999997,5.41176,8.7,3,6,0,0,1,0,1,1,100.0,1,1,100.0,0,0,0,0,0,0,0,nba_boxscorematchupsv3
1,2025-26,Playoffs,Western Conference Semifinals,2026_lal_okc_api_20261005,0042500224,4,2026-05-11,1610612760,OKC,1627936,Alex Caruso,1610612747,LAL,2544,LeBron James,44,5.9,4.93274,10.35294,17.299999999999997,0,5,0,0,0,0,0,1,0.0,0,1,0.0,0,0,0,0,0,0,0,nba_boxscorematchupsv3
1,2025-26,Playoffs,Western Conference Semifinals,2026_lal_okc_api_20261005,0042500224,4,2026-05-11,1610612760,OKC,1627936,Alex Caruso,1610612747,LAL,1628379,Luke Kennard,143,8.2,28.039219999999997,33.64706,31.6,3,8,0,0,0,0,1,1,100.0,1,1,100.0,0,0,0,0,0,0,0,nba_boxscorematchupsv3
1,2025-26,Playoffs,Western Conference Semifinals,2026_lal_okc_api_20261005,0042500224,4,2026-05-11,1610612760,OKC,1627936,Alex Caruso,1610612747,LAL,1630559,Austin Reaves,69,8.4,7.28617,16.23529,22.400000000000002,0,7,0,0,0,0,0,1,0.0,0,0,0.0,0,0,0,0,0,0,0,nba_boxscorematchupsv3
1,2025-26,Playoffs,Western Conference Semifinals,2026_lal_okc_api_20261005,0042500224,4,2026-05-11,1610612760,OKC,1627936,Alex Caruso,1610612747,LAL,203935,Marcus Smart,50,3.2,6.435009999999999,11.764710000000001,16.2,3,9,0,0,0,0,1,1,100.0,1,1,100.0,0,0,0,0,0,0,0,nba_boxscorematchupsv3
1,2025-26,Playoffs,Western Conference Semifinals,2026_lal_okc_api_20261005,0042500224,4,2026-05-11,1610612760,OKC,1627936,Alex Caruso,1610612747,LAL,1642876,Adou Thiero,7,0.4,13.72549,1.6470599999999997,18.0,0,0,0,0,0,0,0,0,0.0,0,0,0.0,0,0,0,0,0,0,0,nba_boxscorematchupsv3
1,2025-26,Playoffs,Western Conference Semifinals,2026_lal_okc_api_20261005,0042500224,4,2026-05-11,1610612760,OKC,1627936,Alex Caruso,1610612747,LAL,1629020,Jarred Vanderbilt,8,1.0,12.12121,1.88235,18.2,0,0,0,0,0,0,0,1,0.0,0,1,0.0,0,0,0,0,0,0,0,nba_boxscorematchupsv3
1,2025-26,Playoffs,Western Conference Semifinals,2026_lal_okc_api_20261005,0042500224,4,2026-05-11,1610612760,OKC,1630198,Isaiah Joe,1610612747,LAL,1629060,Rui Hachimura,20,2.9,2.07254,15.037590000000002,16.900000000000002,0,0,0,0,0,0,0,1,0.0,0,1,0.0,0,0,0,0,0,0,0,nba_boxscorematchupsv3
1,2025-26,Playoffs,Western Conference Semifinals,2026_lal_okc_api_20261005,0042500224,4,2026-05-11,1610612760,OKC,1630198,Isaiah Joe,1610612747,LAL,1629637,Jaxson Hayes,8,1.0,1.35823,6.01504,5.3,0,2,0,0,1,0,0,1,0.0,0,1,0.0,0,0,0,0,0,0,0,nba_boxscorematchupsv3
1,2025-26,Playoffs,Western Conference Semifinals,2026_lal_okc_api_20261005,0042500224,4,2026-05-11,1610612760,OKC,1630198,Isaiah Joe,1610612747,LAL,2544,LeBron James,5,0.5,0.56054,3.7594000000000003,11.899999999999999,0,0,0,0,0,0,0,0,0.0,0,0,0.0,0,0,0,0,0,0,0,nba_boxscorematchupsv3
1,2025-26,Playoffs,Western Conference Semifinals,2026_lal_okc_api_20261005,0042500224,4,2026-05-11,1610612760,OKC,1630198,Isaiah Joe,1610612747,LAL,1628379,Luke Kennard,53,6.0,10.39216,39.84962,45.1,0,5,1,0,0,0,0,0,0.0,0,0,0.0,0,0,0,0,0,0,0,nba_boxscorematchupsv3
1,2025-26,Playoffs,Western Conference Semifinals,2026_lal_okc_api_20261005,0042500224,4,2026-05-11,1610612760,OKC,1630198,Isaiah Joe,1610612747,LAL,1630559,Austin Reaves,24,2.5,2.53432,18.04511,21.099999999999998,0,0,0,0,0,0,0,0,0.0,0,0,0.0,0,0,0,0,0,0,0,nba_boxscorematchupsv3
1,2025-26,Playoffs,Western Conference Semifinals,2026_lal_okc_api_20261005,0042500224,4,2026-05-11,1610612760,OKC,1630198,Isaiah Joe,1610612747,LAL,203935,Marcus Smart,17,1.0,2.1879,12.78195,7.3999999999999995,0,4,0,0,0,0,0,0,0.0,0,0,0.0,0,0,0,0,0,0,0,nba_boxscorematchupsv3
1,2025-26,Playoffs,Western Conference Semifinals,2026_lal_okc_api_20261005,0042500224,4,2026-05-11,1610612760,OKC,1630198,Isaiah Joe,1610612747,LAL,1629020,Jarred Vanderbilt,6,1.0,9.090910000000001,4.51128,94.19999999999999,0,0,0,0,0,0,0,0,0.0,0,0,0.0,0,0,0,0,0,0,0,nba_boxscorematchupsv3
1,2025-26,Playoffs,Western Conference Semifinals,2026_lal_okc_api_20261005,0042500224,4,2026-05-11,1610612760,OKC,1642272,Jared McCain,1610612747,LAL,1629028,Deandre Ayton,6,0.3,1.2987,1.80723,5.5,0,0,0,0,0,0,0,0,0.0,0,0,0.0,0,0,0,0,0,0,0,nba_boxscorematchupsv3
1,2025-26,Playoffs,Western Conference Semifinals,2026_lal_okc_api_20261005,0042500224,4,2026-05-11,1610612760,OKC,1642272,Jared McCain,1610612747,LAL,1629060,Rui Hachimura,93,6.9,9.637310000000001,28.01205,33.1,10,10,0,0,0,0,4,5,80.0,2,3,66.7,0,0,0,0,0,0,0,nba_boxscorematchupsv3
1,2025-26,Playoffs,Western Conference Semifinals,2026_lal_okc_api_20261005,0042500224,4,2026-05-11,1610612760,OKC,1642272,Jared McCain,1610612747,LAL,1629637,Jaxson Hayes,12,1.5,2.03735,3.61446,5.2,0,2,0,0,0,0,0,0,0.0,0,0,0.0,0,0,0,0,0,0,0,nba_boxscorematchupsv3
1,2025-26,Playoffs,Western Conference Semifinals,2026_lal_okc_api_20261005,0042500224,4,2026-05-11,1610612760,OKC,1642272,Jared McCain,1610612747,LAL,2544,LeBron James,51,3.8,5.71749,15.361449999999998,13.600000000000001,0,3,0,0,0,0,0,1,0.0,0,1,0.0,0,0,0,0,0,0,0,nba_boxscorematchupsv3
1,2025-26,Playoffs,Western Conference Semifinals,2026_lal_okc_api_20261005,0042500224,4,2026-05-11,1610612760,OKC,1642272,Jared McCain,1610612747,LAL,1628379,Luke Kennard,39,6.0,7.64706,11.74699,32.1,0,7,0,0,0,0,0,1,0.0,0,1,0.0,0,0,0,0,0,0,0,nba_boxscorematchupsv3
1,2025-26,Playoffs,Western Conference Semifinals,2026_lal_okc_api_20261005,0042500224,4,2026-05-11,1610612760,OKC,1642272,Jared McCain,1610612747,LAL,1630559,Austin Reaves,87,4.8,9.18691,26.20482,31.5,0,7,0,0,0,0,0,1,0.0,0,1,0.0,0,0,0,0,0,0,0,nba_boxscorematchupsv3
1,2025-26,Playoffs,Western Conference Semifinals,2026_lal_okc_api_20261005,0042500224,4,2026-05-11,1610612760,OKC,1642272,Jared McCain,1610612747,LAL,203935,Marcus Smart,29,2.9,3.7323000000000004,8.73494,11.600000000000001,3,7,0,0,0,0,1,1,100.0,1,1,100.0,0,0,0,0,0,0,0,nba_boxscorematchupsv3
1,2025-26,Playoffs,Western Conference Semifinals,2026_lal_okc_api_20261005,0042500224,4,2026-05-11,1610612760,OKC,1642272,Jared McCain,1610612747,LAL,1642876,Adou Thiero,6,0.4,11.764710000000001,1.80723,12.6,0,0,0,0,0,0,0,1,0.0,0,1,0.0,0,0,0,0,0,0,0,nba_boxscorematchupsv3
1,2025-26,Playoffs,Western Conference Semifinals,2026_lal_okc_api_20261005,0042500224,4,2026-05-11,1610612760,OKC,1642272,Jared McCain,1610612747,LAL,1629020,Jarred Vanderbilt,9,0.8,13.63636,2.71084,12.4,0,5,0,0,0,0,0,0,0.0,0,0,0.0,0,0,0,0,0,0,0,nba_boxscorematchupsv3
1,2025-26,Playoffs,Western Conference Semifinals,2026_lal_okc_api_20261005,0042500224,4,2026-05-11,1610612760,OKC,1630598,Aaron Wiggins,1610612747,LAL,2544,LeBron James,6,0.8,0.67265,85.71429,77.3,0,0,0,0,0,0,0,0,0.0,0,0,0.0,0,0,0,0,0,0,0,nba_boxscorematchupsv3
1,2025-26,Playoffs,Western Conference Semifinals,2026_lal_okc_api_20261005,0042500224,4,2026-05-11,1610612760,OKC,1630598,Aaron Wiggins,1610612747,LAL,1629020,Jarred Vanderbilt,1,0.0,1.51515,14.285709999999998,5.800000000000001,0,0,0,0,0,0,0,0,0.0,0,0,0.0,0,0,0,0,0,0,0,nba_boxscorematchupsv3
