schema_version,season,season_type,playoff_round,series_id,game_id,game_number,game_date,off_team_id,off_team,off_player_id,off_player,def_team_id,def_team,def_player_id,def_player,matchup_seconds,partial_possessions,def_time_percent,off_time_percent,both_on_percent,player_points,team_points,ast,potential_ast,tov,blk,fgm,fga,fg_pct,three_pm,three_pa,three_pct,ftm,fta,shooting_fouls,switches_on,help_blk,help_fgm,help_fga,data_source
1,2025-26,Playoffs,First Round,2026_den_min_api_20261005,0042500161,1,2026-04-18,1610612743,DEN,1629661,Cameron Johnson,1610612750,MIN,203937,Kyle Anderson,4,0.4,2.3391800000000003,0.5174599999999999,4.2,0,0,0,0,0,0,0,0,0.0,0,0,0.0,0,0,0,0,0,0,0,nba_boxscorematchupsv3
1,2025-26,Playoffs,First Round,2026_den_min_api_20261005,0042500161,1,2026-04-18,1610612743,DEN,1629661,Cameron Johnson,1610612750,MIN,201144,Mike Conley,23,3.4,9.78723,2.97542,12.0,0,3,0,0,0,0,0,0,0.0,0,0,0.0,0,0,0,0,0,0,0,nba_boxscorematchupsv3
1,2025-26,Playoffs,First Round,2026_den_min_api_20261005,0042500161,1,2026-04-18,1610612743,DEN,1629661,Cameron Johnson,1610612750,MIN,1628978,Donte DiVincenzo,74,8.0,10.97923,9.573089999999999,14.899999999999999,0,7,0,0,0,0,0,1,0.0,0,1,0.0,0,0,0,0,0,0,0,nba_boxscorematchupsv3
1,2025-26,Playoffs,First Round,2026_den_min_api_20261005,0042500161,1,2026-04-18,1610612743,DEN,1629661,Cameron Johnson,1610612750,MIN,1630245,Ayo Dosunmu,145,8.2,21.51335,18.75809,30.8,0,7,0,0,0,0,0,1,0.0,0,0,0.0,0,0,0,0,0,0,0,nba_boxscorematchupsv3
1,2025-26,Playoffs,First Round,2026_den_min_api_20261005,0042500161,1,2026-04-18,1610612743,DEN,1629661,Cameron Johnson,1610612750,MIN,1630162,Anthony Edwards,228,19.1,25.99772,29.49547,32.2,7,23,0,0,0,0,3,5,60.0,1,3,33.300000000000004,0,0,0,0,0,0,0,nba_boxscorematchupsv3
1,2025-26,Playoffs,First Round,2026_den_min_api_20261005,0042500161,1,2026-04-18,1610612743,DEN,1629661,Cameron Johnson,1610612750,MIN,203497,Rudy Gobert,37,3.9,4.32749,4.78655,6.9,0,3,0,0,0,0,0,0,0.0,0,0,0.0,0,0,0,0,0,0,0,nba_boxscorematchupsv3
1,2025-26,Playoffs,First Round,2026_den_min_api_20261005,0042500161,1,2026-04-18,1610612743,DEN,1629661,Cameron Johnson,1610612750,MIN,1630538,Bones Hyland,3,0.2,2.7027,0.3881,4.1000000000000005,0,3,0,0,0,0,0,0,0.0,0,0,0.0,0,0,0,0,0,0,0,nba_boxscorematchupsv3
1,2025-26,Playoffs,First Round,2026_den_min_api_20261005,0042500161,1,2026-04-18,1610612743,DEN,1629661,Cameron Johnson,1610612750,MIN,1630183,Jaden McDaniels,89,9.0,11.2801,11.51358,20.1,0,11,1,0,0,0,0,1,0.0,0,1,0.0,0,0,0,0,0,0,0,nba_boxscorematchupsv3
1,2025-26,Playoffs,First Round,2026_den_min_api_20261005,0042500161,1,2026-04-18,1610612743,DEN,1629661,Cameron Johnson,1610612750,MIN,203944,Julius Randle,103,11.6,13.770050000000001,13.324710000000001,20.0,3,13,0,0,0,0,1,3,33.300000000000004,1,2,50.0,0,0,0,0,0,0,0,nba_boxscorematchupsv3
1,2025-26,Playoffs,First Round,2026_den_min_api_20261005,0042500161,1,2026-04-18,1610612743,DEN,1629661,Cameron Johnson,1610612750,MIN,1629675,Naz Reid,67,6.3,18.662950000000002,8.66753,44.7,2,7,0,0,0,0,1,1,100.0,0,0,0.0,0,0,0,0,0,0,0,nba_boxscorematchupsv3
1,2025-26,Playoffs,First Round,2026_den_min_api_20261005,0042500161,1,2026-04-18,1610612743,DEN,203932,Aaron Gordon,1610612750,MIN,203937,Kyle Anderson,57,4.1,33.33333,8.260869999999999,55.7,0,2,0,0,0,0,0,1,0.0,0,1,0.0,0,0,0,0,0,0,0,nba_boxscorematchupsv3
1,2025-26,Playoffs,First Round,2026_den_min_api_20261005,0042500161,1,2026-04-18,1610612743,DEN,203932,Aaron Gordon,1610612750,MIN,201144,Mike Conley,8,1.0,3.40426,1.1594200000000001,11.3,0,0,0,0,0,0,0,0,0.0,0,0,0.0,0,0,0,0,0,0,0,nba_boxscorematchupsv3
1,2025-26,Playoffs,First Round,2026_den_min_api_20261005,0042500161,1,2026-04-18,1610612743,DEN,203932,Aaron Gordon,1610612750,MIN,1628978,Donte DiVincenzo,17,4.6,2.52226,2.46377,7.3,2,9,0,0,0,0,0,0,0.0,0,0,0.0,2,2,1,0,0,0,0,nba_boxscorematchupsv3
1,2025-26,Playoffs,First Round,2026_den_min_api_20261005,0042500161,1,2026-04-18,1610612743,DEN,203932,Aaron Gordon,1610612750,MIN,1630245,Ayo Dosunmu,34,2.7,5.04451,4.92754,7.9,0,0,0,0,0,0,0,0,0.0,0,0,0.0,0,0,0,0,0,0,0,nba_boxscorematchupsv3
1,2025-26,Playoffs,First Round,2026_den_min_api_20261005,0042500161,1,2026-04-18,1610612743,DEN,203932,Aaron Gordon,1610612750,MIN,1630162,Anthony Edwards,55,7.2,6.27138,7.971010000000001,11.4,2,6,0,0,0,1,1,2,50.0,0,0,0.0,0,0,0,0,0,0,0,nba_boxscorematchupsv3
1,2025-26,Playoffs,First Round,2026_den_min_api_20261005,0042500161,1,2026-04-18,1610612743,DEN,203932,Aaron Gordon,1610612750,MIN,203497,Rudy Gobert,50,6.7,5.84795,7.246379999999999,11.899999999999999,0,8,1,0,0,0,0,0,0.0,0,0,0.0,0,0,0,0,0,0,0,nba_boxscorematchupsv3
1,2025-26,Playoffs,First Round,2026_den_min_api_20261005,0042500161,1,2026-04-18,1610612743,DEN,203932,Aaron Gordon,1610612750,MIN,1630538,Bones Hyland,1,0.9,0.9008999999999999,0.14493,11.1,0,0,0,0,0,0,0,0,0.0,0,0,0.0,0,0,0,0,0,0,0,nba_boxscorematchupsv3
1,2025-26,Playoffs,First Round,2026_den_min_api_20261005,0042500161,1,2026-04-18,1610612743,DEN,203932,Aaron Gordon,1610612750,MIN,1630183,Jaden McDaniels,26,3.2,3.2953099999999997,3.7681199999999997,4.8,3,5,0,0,0,0,1,1,100.0,1,1,100.0,0,0,0,0,0,0,0,nba_boxscorematchupsv3
1,2025-26,Playoffs,First Round,2026_den_min_api_20261005,0042500161,1,2026-04-18,1610612743,DEN,203932,Aaron Gordon,1610612750,MIN,203944,Julius Randle,316,22.9,42.24599,45.7971,59.3,8,24,1,0,0,0,2,5,40.0,0,3,0.0,4,5,1,0,0,0,0,nba_boxscorematchupsv3
1,2025-26,Playoffs,First Round,2026_den_min_api_20261005,0042500161,1,2026-04-18,1610612743,DEN,203932,Aaron Gordon,1610612750,MIN,1629675,Naz Reid,126,13.9,35.09749,18.26087,56.39999999999999,3,13,0,0,0,0,1,1,100.0,0,0,0.0,1,2,1,0,0,0,0,nba_boxscorematchupsv3
1,2025-26,Playoffs,First Round,2026_den_min_api_20261005,0042500161,1,2026-04-18,1610612743,DEN,203999,Nikola Jokić,1610612750,MIN,203937,Kyle Anderson,46,5.2,26.90058,4.9622399999999995,31.7,0,2,0,0,1,0,0,0,0.0,0,0,0.0,0,0,0,0,0,0,0,nba_boxscorematchupsv3
1,2025-26,Playoffs,First Round,2026_den_min_api_20261005,0042500161,1,2026-04-18,1610612743,DEN,203999,Nikola Jokić,1610612750,MIN,201144,Mike Conley,5,1.4,2.12766,0.53937,5.5,0,2,0,0,0,0,0,0,0.0,0,0,0.0,0,0,0,0,0,0,0,nba_boxscorematchupsv3
1,2025-26,Playoffs,First Round,2026_den_min_api_20261005,0042500161,1,2026-04-18,1610612743,DEN,203999,Nikola Jokić,1610612750,MIN,1628978,Donte DiVincenzo,23,1.7,3.41246,2.4811199999999998,4.2,0,0,0,0,0,0,0,0,0.0,0,0,0.0,0,0,0,0,0,0,0,nba_boxscorematchupsv3
1,2025-26,Playoffs,First Round,2026_den_min_api_20261005,0042500161,1,2026-04-18,1610612743,DEN,203999,Nikola Jokić,1610612750,MIN,1630245,Ayo Dosunmu,10,2.1,1.48368,1.07875,4.0,2,5,0,0,0,0,1,1,100.0,0,0,0.0,0,0,0,0,0,0,0,nba_boxscorematchupsv3
1,2025-26,Playoffs,First Round,2026_den_min_api_20261005,0042500161,1,2026-04-18,1610612743,DEN,203999,Nikola Jokić,1610612750,MIN,1630162,Anthony Edwards,81,8.8,9.236030000000001,8.73786,11.200000000000001,2,12,1,0,0,0,1,3,33.300000000000004,0,1,0.0,0,0,0,0,0,0,0,nba_boxscorematchupsv3
1,2025-26,Playoffs,First Round,2026_den_min_api_20261005,0042500161,1,2026-04-18,1610612743,DEN,203999,Nikola Jokić,1610612750,MIN,203497,Rudy Gobert,489,43.2,57.192980000000006,52.75081,65.10000000000001,13,53,8,0,3,0,5,10,50.0,2,6,33.300000000000004,1,1,1,0,0,0,0,nba_boxscorematchupsv3
1,2025-26,Playoffs,First Round,2026_den_min_api_20261005,0042500161,1,2026-04-18,1610612743,DEN,203999,Nikola Jokić,1610612750,MIN,1630183,Jaden McDaniels,70,7.2,8.87199,7.551239999999999,9.0,0,5,0,0,1,0,0,0,0.0,0,0,0.0,0,0,0,0,0,0,0,nba_boxscorematchupsv3
1,2025-26,Playoffs,First Round,2026_den_min_api_20261005,0042500161,1,2026-04-18,1610612743,DEN,203999,Nikola Jokić,1610612750,MIN,203944,Julius Randle,118,9.4,15.775400000000001,12.72923,18.6,8,12,1,0,0,0,4,5,80.0,0,0,0.0,0,0,0,0,0,0,0,nba_boxscorematchupsv3
1,2025-26,Playoffs,First Round,2026_den_min_api_20261005,0042500161,1,2026-04-18,1610612743,DEN,203999,Nikola Jokić,1610612750,MIN,1629675,Naz Reid,85,9.6,23.67688,9.16936,29.7,0,5,0,0,0,0,0,0,0.0,0,0,0.0,0,0,0,0,0,0,0,nba_boxscorematchupsv3
1,2025-26,Playoffs,First Round,2026_den_min_api_20261005,0042500161,1,2026-04-18,1610612743,DEN,1631128,Christian Braun,1610612750,MIN,203937,Kyle Anderson,46,3.6,26.90058,5.56901,75.7,0,6,0,0,0,0,0,0,0.0,0,0,0.0,0,0,0,0,0,0,0,nba_boxscorematchupsv3
1,2025-26,Playoffs,First Round,2026_den_min_api_20261005,0042500161,1,2026-04-18,1610612743,DEN,1631128,Christian Braun,1610612750,MIN,201144,Mike Conley,6,0.4,2.55319,0.72639,11.700000000000001,0,0,0,0,0,0,0,0,0.0,0,0,0.0,0,0,0,0,0,0,0,nba_boxscorematchupsv3
1,2025-26,Playoffs,First Round,2026_den_min_api_20261005,0042500161,1,2026-04-18,1610612743,DEN,1631128,Christian Braun,1610612750,MIN,1628978,Donte DiVincenzo,324,26.6,48.07122,39.22518,50.6,5,24,0,0,0,0,2,2,100.0,1,1,100.0,0,0,0,0,0,0,0,nba_boxscorematchupsv3
1,2025-26,Playoffs,First Round,2026_den_min_api_20261005,0042500161,1,2026-04-18,1610612743,DEN,1631128,Christian Braun,1610612750,MIN,1630245,Ayo Dosunmu,65,3.0,9.64392,7.86925,10.299999999999999,3,5,0,0,0,0,1,1,100.0,1,1,100.0,0,0,0,0,0,0,0,nba_boxscorematchupsv3
1,2025-26,Playoffs,First Round,2026_den_min_api_20261005,0042500161,1,2026-04-18,1610612743,DEN,1631128,Christian Braun,1610612750,MIN,1630162,Anthony Edwards,188,23.4,21.43672,22.76029,26.3,2,24,0,0,0,1,0,3,0.0,0,1,0.0,2,2,1,0,0,0,0,nba_boxscorematchupsv3
1,2025-26,Playoffs,First Round,2026_den_min_api_20261005,0042500161,1,2026-04-18,1610612743,DEN,1631128,Christian Braun,1610612750,MIN,203497,Rudy Gobert,48,5.8,5.61404,5.81114,9.0,0,4,0,0,0,0,0,0,0.0,0,0,0.0,0,0,0,0,0,0,0,nba_boxscorematchupsv3
1,2025-26,Playoffs,First Round,2026_den_min_api_20261005,0042500161,1,2026-04-18,1610612743,DEN,1631128,Christian Braun,1610612750,MIN,1630183,Jaden McDaniels,73,8.0,9.25222,8.83777,12.2,0,7,0,0,0,0,0,1,0.0,0,0,0.0,0,0,0,0,0,0,0,nba_boxscorematchupsv3
1,2025-26,Playoffs,First Round,2026_den_min_api_20261005,0042500161,1,2026-04-18,1610612743,DEN,1631128,Christian Braun,1610612750,MIN,203944,Julius Randle,63,7.2,8.42246,7.62712,10.6,0,9,0,0,0,0,0,1,0.0,0,0,0.0,0,0,0,0,0,0,0,nba_boxscorematchupsv3
1,2025-26,Playoffs,First Round,2026_den_min_api_20261005,0042500161,1,2026-04-18,1610612743,DEN,1631128,Christian Braun,1610612750,MIN,1629675,Naz Reid,13,1.6,3.6211699999999998,1.57385,8.200000000000001,2,2,0,0,0,0,1,1,100.0,0,0,0.0,0,0,0,0,0,0,0,nba_boxscorematchupsv3
1,2025-26,Playoffs,First Round,2026_den_min_api_20261005,0042500161,1,2026-04-18,1610612743,DEN,1627750,Jamal Murray,1610612750,MIN,203937,Kyle Anderson,1,2.2,0.5848,0.10989000000000002,7.5,0,0,0,0,0,0,0,0,0.0,0,0,0.0,0,0,0,0,0,0,0,nba_boxscorematchupsv3
1,2025-26,Playoffs,First Round,2026_den_min_api_20261005,0042500161,1,2026-04-18,1610612743,DEN,1627750,Jamal Murray,1610612750,MIN,201144,Mike Conley,28,2.1,11.91489,3.07692,20.3,4,6,0,0,0,0,1,2,50.0,0,0,0.0,2,2,1,0,0,0,0,nba_boxscorematchupsv3
1,2025-26,Playoffs,First Round,2026_den_min_api_20261005,0042500161,1,2026-04-18,1610612743,DEN,1627750,Jamal Murray,1610612750,MIN,1628978,Donte DiVincenzo,42,7.1,6.231450000000001,4.61538,10.8,2,11,0,0,1,0,0,1,0.0,0,1,0.0,2,2,1,0,0,0,0,nba_boxscorematchupsv3
1,2025-26,Playoffs,First Round,2026_den_min_api_20261005,0042500161,1,2026-04-18,1610612743,DEN,1627750,Jamal Murray,1610612750,MIN,1630245,Ayo Dosunmu,216,19.9,32.04748,23.73626,39.4,6,27,1,0,0,0,2,3,66.7,0,0,0.0,2,2,0,0,0,0,0,nba_boxscorematchupsv3
1,2025-26,Playoffs,First Round,2026_den_min_api_20261005,0042500161,1,2026-04-18,1610612743,DEN,1627750,Jamal Murray,1610612750,MIN,1630162,Anthony Edwards,124,9.9,14.139109999999999,13.626369999999998,15.0,0,10,1,0,0,0,0,1,0.0,0,1,0.0,0,0,0,0,0,0,0,nba_boxscorematchupsv3
1,2025-26,Playoffs,First Round,2026_den_min_api_20261005,0042500161,1,2026-04-18,1610612743,DEN,1627750,Jamal Murray,1610612750,MIN,203497,Rudy Gobert,42,6.5,4.91228,4.61538,6.7,2,2,1,0,0,0,1,5,20.0,0,1,0.0,0,0,0,0,0,0,0,nba_boxscorematchupsv3
1,2025-26,Playoffs,First Round,2026_den_min_api_20261005,0042500161,1,2026-04-18,1610612743,DEN,1627750,Jamal Murray,1610612750,MIN,1630538,Bones Hyland,9,1.1,8.10811,0.9890100000000001,12.2,0,0,0,0,0,0,0,0,0.0,0,0,0.0,0,0,0,0,0,0,0,nba_boxscorematchupsv3
1,2025-26,Playoffs,First Round,2026_den_min_api_20261005,0042500161,1,2026-04-18,1610612743,DEN,1627750,Jamal Murray,1610612750,MIN,1630183,Jaden McDaniels,386,31.4,48.92269,42.41758,53.900000000000006,9,34,4,0,1,0,1,4,25.0,0,2,0.0,7,7,1,0,0,0,0,nba_boxscorematchupsv3
1,2025-26,Playoffs,First Round,2026_den_min_api_20261005,0042500161,1,2026-04-18,1610612743,DEN,1627750,Jamal Murray,1610612750,MIN,203944,Julius Randle,43,2.9,5.74866,4.72527,6.7,2,2,0,0,0,0,1,4,25.0,0,2,0.0,0,0,0,0,0,0,0,nba_boxscorematchupsv3
1,2025-26,Playoffs,First Round,2026_den_min_api_20261005,0042500161,1,2026-04-18,1610612743,DEN,1627750,Jamal Murray,1610612750,MIN,1629675,Naz Reid,19,1.5,5.29248,2.08791,5.8999999999999995,3,6,0,0,0,0,1,2,50.0,0,1,0.0,1,1,1,0,0,0,0,nba_boxscorematchupsv3
1,2025-26,Playoffs,First Round,2026_den_min_api_20261005,0042500161,1,2026-04-18,1610612743,DEN,203501,Tim Hardaway Jr.,1610612750,MIN,203937,Kyle Anderson,6,0.3,3.50877,1.1070099999999998,3.4000000000000004,0,2,0,0,0,0,0,0,0.0,0,0,0.0,0,0,0,0,0,0,0,nba_boxscorematchupsv3
1,2025-26,Playoffs,First Round,2026_den_min_api_20261005,0042500161,1,2026-04-18,1610612743,DEN,203501,Tim Hardaway Jr.,1610612750,MIN,201144,Mike Conley,127,10.4,54.04255,23.43173,54.0,0,9,1,0,1,0,0,0,0.0,0,0,0.0,0,0,0,0,0,0,0,nba_boxscorematchupsv3
1,2025-26,Playoffs,First Round,2026_den_min_api_20261005,0042500161,1,2026-04-18,1610612743,DEN,203501,Tim Hardaway Jr.,1610612750,MIN,1628978,Donte DiVincenzo,126,9.8,18.69436,23.24723,52.7,2,6,0,0,0,0,0,0,0.0,0,0,0.0,2,2,0,0,0,0,0,nba_boxscorematchupsv3
1,2025-26,Playoffs,First Round,2026_den_min_api_20261005,0042500161,1,2026-04-18,1610612743,DEN,203501,Tim Hardaway Jr.,1610612750,MIN,1630245,Ayo Dosunmu,123,15.4,18.24926,22.693730000000002,29.599999999999998,2,16,0,0,1,0,1,3,33.300000000000004,0,1,0.0,0,0,0,0,0,0,0,nba_boxscorematchupsv3
1,2025-26,Playoffs,First Round,2026_den_min_api_20261005,0042500161,1,2026-04-18,1610612743,DEN,203501,Tim Hardaway Jr.,1610612750,MIN,1630162,Anthony Edwards,65,4.4,7.41163,11.99262,18.2,0,5,0,0,0,1,0,1,0.0,0,0,0.0,0,0,0,0,0,0,0,nba_boxscorematchupsv3
1,2025-26,Playoffs,First Round,2026_den_min_api_20261005,0042500161,1,2026-04-18,1610612743,DEN,203501,Tim Hardaway Jr.,1610612750,MIN,1630538,Bones Hyland,16,2.1,14.41441,2.9520299999999997,14.299999999999999,0,0,0,0,0,0,0,0,0.0,0,0,0.0,0,0,0,0,0,0,0,nba_boxscorematchupsv3
1,2025-26,Playoffs,First Round,2026_den_min_api_20261005,0042500161,1,2026-04-18,1610612743,DEN,203501,Tim Hardaway Jr.,1610612750,MIN,1630183,Jaden McDaniels,62,5.0,7.8580499999999995,11.43911,17.5,0,11,0,0,0,0,0,0,0.0,0,0,0.0,0,0,0,0,0,0,0,nba_boxscorematchupsv3
1,2025-26,Playoffs,First Round,2026_den_min_api_20261005,0042500161,1,2026-04-18,1610612743,DEN,203501,Tim Hardaway Jr.,1610612750,MIN,203944,Julius Randle,2,0.4,0.26738,0.369,2.1,0,0,0,0,0,0,0,0,0.0,0,0,0.0,0,0,0,0,0,0,0,nba_boxscorematchupsv3
1,2025-26,Playoffs,First Round,2026_den_min_api_20261005,0042500161,1,2026-04-18,1610612743,DEN,203501,Tim Hardaway Jr.,1610612750,MIN,1629675,Naz Reid,15,1.8,4.1782699999999995,2.76753,4.5,3,3,0,0,0,0,1,2,50.0,1,2,50.0,0,0,0,0,0,0,0,nba_boxscorematchupsv3
1,2025-26,Playoffs,First Round,2026_den_min_api_20261005,0042500161,1,2026-04-18,1610612743,DEN,1628971,Bruce Brown,1610612750,MIN,203937,Kyle Anderson,11,1.1,6.4327499999999995,2.33051,6.800000000000001,0,1,0,0,0,0,0,0,0.0,0,0,0.0,0,0,0,0,0,0,0,nba_boxscorematchupsv3
1,2025-26,Playoffs,First Round,2026_den_min_api_20261005,0042500161,1,2026-04-18,1610612743,DEN,1628971,Bruce Brown,1610612750,MIN,201144,Mike Conley,37,3.1,15.744679999999999,7.838979999999999,15.0,0,5,0,0,0,0,0,1,0.0,0,0,0.0,0,0,0,0,0,0,0,nba_boxscorematchupsv3
1,2025-26,Playoffs,First Round,2026_den_min_api_20261005,0042500161,1,2026-04-18,1610612743,DEN,1628971,Bruce Brown,1610612750,MIN,1628978,Donte DiVincenzo,60,5.4,8.90208,12.71186,28.000000000000004,2,7,1,0,0,0,1,1,100.0,0,0,0.0,0,0,0,0,0,0,0,nba_boxscorematchupsv3
1,2025-26,Playoffs,First Round,2026_den_min_api_20261005,0042500161,1,2026-04-18,1610612743,DEN,1628971,Bruce Brown,1610612750,MIN,1630245,Ayo Dosunmu,55,4.5,8.16024,11.65254,13.3,0,2,0,0,0,0,0,0,0.0,0,0,0.0,0,0,0,0,0,0,0,nba_boxscorematchupsv3
1,2025-26,Playoffs,First Round,2026_den_min_api_20261005,0042500161,1,2026-04-18,1610612743,DEN,1628971,Bruce Brown,1610612750,MIN,1630162,Anthony Edwards,131,7.8,14.93729,27.754240000000003,48.6,0,6,1,0,0,0,0,1,0.0,0,1,0.0,0,0,0,0,0,0,0,nba_boxscorematchupsv3
1,2025-26,Playoffs,First Round,2026_den_min_api_20261005,0042500161,1,2026-04-18,1610612743,DEN,1628971,Bruce Brown,1610612750,MIN,203497,Rudy Gobert,35,2.9,4.09357,7.4152499999999995,12.1,0,5,0,0,0,0,0,1,0.0,0,0,0.0,0,0,0,0,0,0,0,nba_boxscorematchupsv3
1,2025-26,Playoffs,First Round,2026_den_min_api_20261005,0042500161,1,2026-04-18,1610612743,DEN,1628971,Bruce Brown,1610612750,MIN,1630538,Bones Hyland,65,5.7,58.55856000000001,13.77119,59.0,6,8,1,0,0,0,2,2,100.0,1,1,100.0,1,1,1,0,0,0,0,nba_boxscorematchupsv3
1,2025-26,Playoffs,First Round,2026_den_min_api_20261005,0042500161,1,2026-04-18,1610612743,DEN,1628971,Bruce Brown,1610612750,MIN,1630183,Jaden McDaniels,72,6.3,9.12548,15.25424,27.400000000000002,0,7,0,0,0,0,0,0,0.0,0,0,0.0,0,0,0,0,0,0,0,nba_boxscorematchupsv3
1,2025-26,Playoffs,First Round,2026_den_min_api_20261005,0042500161,1,2026-04-18,1610612743,DEN,1628971,Bruce Brown,1610612750,MIN,203944,Julius Randle,5,1.5,0.66845,1.05932,5.5,0,4,0,0,0,0,0,1,0.0,0,0,0.0,0,0,0,0,0,0,0,nba_boxscorematchupsv3
1,2025-26,Playoffs,First Round,2026_den_min_api_20261005,0042500161,1,2026-04-18,1610612743,DEN,1628971,Bruce Brown,1610612750,MIN,1629675,Naz Reid,1,0.3,0.27855,0.21186,2.1,0,0,0,0,0,0,0,0,0.0,0,0,0.0,0,0,0,0,0,0,0,nba_boxscorematchupsv3
1,2025-26,Playoffs,First Round,2026_den_min_api_20261005,0042500161,1,2026-04-18,1610612743,DEN,1642461,Spencer Jones,1610612750,MIN,1628978,Donte DiVincenzo,5,0.5,0.74184,2.76243,4.2,0,5,0,0,0,0,0,0,0.0,0,0,0.0,0,0,0,0,0,0,0,nba_boxscorematchupsv3
1,2025-26,Playoffs,First Round,2026_den_min_api_20261005,0042500161,1,2026-04-18,1610612743,DEN,1642461,Spencer Jones,1610612750,MIN,1630245,Ayo Dosunmu,24,2.5,3.56083,13.259670000000002,33.800000000000004,0,2,0,0,0,0,0,0,0.0,0,0,0.0,0,0,0,0,0,0,0,nba_boxscorematchupsv3
1,2025-26,Playoffs,First Round,2026_den_min_api_20261005,0042500161,1,2026-04-18,1610612743,DEN,1642461,Spencer Jones,1610612750,MIN,1630162,Anthony Edwards,3,0.3,0.34208,1.65746,2.1,0,0,0,0,0,0,0,0,0.0,0,0,0.0,0,0,0,0,0,0,0,nba_boxscorematchupsv3
1,2025-26,Playoffs,First Round,2026_den_min_api_20261005,0042500161,1,2026-04-18,1610612743,DEN,1642461,Spencer Jones,1610612750,MIN,203497,Rudy Gobert,8,0.4,0.9356700000000001,4.41989,10.2,0,3,0,0,0,0,0,0,0.0,0,0,0.0,0,0,0,0,0,0,0,nba_boxscorematchupsv3
1,2025-26,Playoffs,First Round,2026_den_min_api_20261005,0042500161,1,2026-04-18,1610612743,DEN,1642461,Spencer Jones,1610612750,MIN,1630538,Bones Hyland,14,1.0,12.612609999999998,7.73481,43.8,0,0,0,0,0,0,0,0,0.0,0,0,0.0,0,0,0,0,0,0,0,nba_boxscorematchupsv3
1,2025-26,Playoffs,First Round,2026_den_min_api_20261005,0042500161,1,2026-04-18,1610612743,DEN,1642461,Spencer Jones,1610612750,MIN,1630183,Jaden McDaniels,11,1.4,1.39417,6.07735,8.4,0,0,0,0,0,0,0,0,0.0,0,0,0.0,0,0,0,0,0,0,0,nba_boxscorematchupsv3
1,2025-26,Playoffs,First Round,2026_den_min_api_20261005,0042500161,1,2026-04-18,1610612743,DEN,1642461,Spencer Jones,1610612750,MIN,203944,Julius Randle,94,7.0,12.566840000000001,51.9337,73.5,3,12,0,0,0,0,1,1,100.0,1,1,100.0,0,0,0,0,0,0,0,nba_boxscorematchupsv3
1,2025-26,Playoffs,First Round,2026_den_min_api_20261005,0042500161,1,2026-04-18,1610612743,DEN,1642461,Spencer Jones,1610612750,MIN,1629675,Naz Reid,22,2.9,6.12813,12.1547,33.5,2,2,0,0,0,0,0,0,0.0,0,0,0.0,2,3,1,0,0,0,0,nba_boxscorematchupsv3
1,2025-26,Playoffs,First Round,2026_den_min_api_20261005,0042500161,1,2026-04-18,1610612743,DEN,202685,Jonas Valanciunas,1610612750,MIN,201144,Mike Conley,1,0.2,0.42553,0.5813999999999999,2.1,0,0,0,0,0,0,0,0,0.0,0,0,0.0,0,0,0,0,0,0,0,nba_boxscorematchupsv3
1,2025-26,Playoffs,First Round,2026_den_min_api_20261005,0042500161,1,2026-04-18,1610612743,DEN,202685,Jonas Valanciunas,1610612750,MIN,1628978,Donte DiVincenzo,3,0.4,0.4451,1.74419,5.0,0,2,0,0,1,0,0,0,0.0,0,0,0.0,0,0,0,0,0,0,0,nba_boxscorematchupsv3
1,2025-26,Playoffs,First Round,2026_den_min_api_20261005,0042500161,1,2026-04-18,1610612743,DEN,202685,Jonas Valanciunas,1610612750,MIN,1630245,Ayo Dosunmu,2,0.7,0.29674,1.16279,5.1,0,0,0,0,0,0,0,0,0.0,0,0,0.0,0,0,0,0,0,0,0,nba_boxscorematchupsv3
1,2025-26,Playoffs,First Round,2026_den_min_api_20261005,0042500161,1,2026-04-18,1610612743,DEN,202685,Jonas Valanciunas,1610612750,MIN,1630162,Anthony Edwards,2,0.4,0.22805,1.16279,6.4,0,0,0,0,0,0,0,0,0.0,0,0,0.0,0,0,0,0,0,0,0,nba_boxscorematchupsv3
1,2025-26,Playoffs,First Round,2026_den_min_api_20261005,0042500161,1,2026-04-18,1610612743,DEN,202685,Jonas Valanciunas,1610612750,MIN,203497,Rudy Gobert,146,12.0,17.07602,84.88372,77.5,0,14,0,0,0,0,0,0,0.0,0,0,0.0,0,0,0,0,0,0,0,nba_boxscorematchupsv3
1,2025-26,Playoffs,First Round,2026_den_min_api_20261005,0042500161,1,2026-04-18,1610612743,DEN,202685,Jonas Valanciunas,1610612750,MIN,1630538,Bones Hyland,3,0.0,2.7027,1.74419,3.1,0,0,0,0,0,0,0,0,0.0,0,0,0.0,0,0,0,0,0,0,0,nba_boxscorematchupsv3
1,2025-26,Playoffs,First Round,2026_den_min_api_20261005,0042500161,1,2026-04-18,1610612743,DEN,202685,Jonas Valanciunas,1610612750,MIN,203944,Julius Randle,4,1.0,0.53476,2.32558,5.2,0,0,0,0,0,0,0,0,0.0,0,0,0.0,0,0,0,0,0,0,0,nba_boxscorematchupsv3
1,2025-26,Playoffs,First Round,2026_den_min_api_20261005,0042500161,1,2026-04-18,1610612743,DEN,202685,Jonas Valanciunas,1610612750,MIN,1629675,Naz Reid,11,1.2,3.06407,6.39535,13.600000000000001,0,0,0,0,0,0,0,0,0.0,0,0,0.0,0,0,0,0,0,0,0,nba_boxscorematchupsv3
1,2025-26,Playoffs,First Round,2026_den_min_api_20261005,0042500161,1,2026-04-18,1610612750,MIN,1630183,Jaden McDaniels,1610612743,DEN,1631128,Christian Braun,54,4.7,6.66667,7.08661,8.4,0,2,0,0,0,0,0,1,0.0,0,0,0.0,0,0,0,0,0,0,0,nba_boxscorematchupsv3
1,2025-26,Playoffs,First Round,2026_den_min_api_20261005,0042500161,1,2026-04-18,1610612750,MIN,1630183,Jaden McDaniels,1610612743,DEN,1628971,Bruce Brown,63,3.7,12.83096,8.26772,20.3,2,10,0,0,0,0,1,2,50.0,0,1,0.0,0,0,0,0,0,0,0,nba_boxscorematchupsv3
1,2025-26,Playoffs,First Round,2026_den_min_api_20261005,0042500161,1,2026-04-18,1610612750,MIN,1630183,Jaden McDaniels,1610612743,DEN,203932,Aaron Gordon,54,5.2,8.09595,7.08661,9.1,4,4,0,0,0,0,1,3,33.300000000000004,0,1,0.0,2,2,1,0,0,0,0,nba_boxscorematchupsv3
1,2025-26,Playoffs,First Round,2026_den_min_api_20261005,0042500161,1,2026-04-18,1610612750,MIN,1630183,Jaden McDaniels,1610612743,DEN,203501,Tim Hardaway Jr.,108,7.5,19.60073,14.17323,36.4,0,4,0,0,0,1,0,1,0.0,0,0,0.0,0,0,0,0,0,0,0,nba_boxscorematchupsv3
1,2025-26,Playoffs,First Round,2026_den_min_api_20261005,0042500161,1,2026-04-18,1610612750,MIN,1630183,Jaden McDaniels,1610612743,DEN,1629661,Cameron Johnson,237,19.3,30.19108,31.10236,52.1,2,20,1,0,0,0,1,2,50.0,0,1,0.0,0,0,0,0,0,0,0,nba_boxscorematchupsv3
1,2025-26,Playoffs,First Round,2026_den_min_api_20261005,0042500161,1,2026-04-18,1610612750,MIN,1630183,Jaden McDaniels,1610612743,DEN,203999,Nikola Jokić,66,5.1,7.08155,8.66142,8.4,6,8,0,0,1,0,2,2,100.0,0,0,0.0,2,2,1,0,0,0,0,nba_boxscorematchupsv3
1,2025-26,Playoffs,First Round,2026_den_min_api_20261005,0042500161,1,2026-04-18,1610612750,MIN,1630183,Jaden McDaniels,1610612743,DEN,1642461,Spencer Jones,40,3.5,16.7364,5.24934,21.9,0,4,2,0,0,0,0,0,0.0,0,0,0.0,0,0,0,0,0,0,0,nba_boxscorematchupsv3
1,2025-26,Playoffs,First Round,2026_den_min_api_20261005,0042500161,1,2026-04-18,1610612750,MIN,1630183,Jaden McDaniels,1610612743,DEN,1627750,Jamal Murray,140,17.1,15.607579999999999,18.372700000000002,24.6,0,7,0,0,0,0,0,2,0.0,0,1,0.0,0,0,0,0,0,0,0,nba_boxscorematchupsv3
1,2025-26,Playoffs,First Round,2026_den_min_api_20261005,0042500161,1,2026-04-18,1610612750,MIN,203944,Julius Randle,1610612743,DEN,1631128,Christian Braun,110,9.1,13.58025,15.58074,17.599999999999998,4,8,0,0,0,0,2,2,100.0,0,0,0.0,0,0,0,0,0,0,0,nba_boxscorematchupsv3
1,2025-26,Playoffs,First Round,2026_den_min_api_20261005,0042500161,1,2026-04-18,1610612750,MIN,203944,Julius Randle,1610612743,DEN,1628971,Bruce Brown,20,3.5,4.07332,2.8328599999999997,10.8,0,3,0,0,0,0,0,0,0.0,0,0,0.0,0,0,0,0,0,0,0,nba_boxscorematchupsv3
1,2025-26,Playoffs,First Round,2026_den_min_api_20261005,0042500161,1,2026-04-18,1610612750,MIN,203944,Julius Randle,1610612743,DEN,203932,Aaron Gordon,227,19.0,34.03298,32.152969999999996,54.0,2,13,0,0,1,0,1,2,50.0,0,0,0.0,0,0,0,0,0,0,0,nba_boxscorematchupsv3
1,2025-26,Playoffs,First Round,2026_den_min_api_20261005,0042500161,1,2026-04-18,1610612750,MIN,203944,Julius Randle,1610612743,DEN,203501,Tim Hardaway Jr.,6,0.9,1.08893,0.8498600000000001,3.0,2,2,0,0,0,0,0,0,0.0,0,0,0.0,2,2,1,0,0,0,0,nba_boxscorematchupsv3
1,2025-26,Playoffs,First Round,2026_den_min_api_20261005,0042500161,1,2026-04-18,1610612750,MIN,203944,Julius Randle,1610612743,DEN,1629661,Cameron Johnson,122,12.3,15.5414,17.28045,22.1,0,13,1,0,0,0,0,2,0.0,0,1,0.0,0,0,0,0,0,0,0,nba_boxscorematchupsv3
1,2025-26,Playoffs,First Round,2026_den_min_api_20261005,0042500161,1,2026-04-18,1610612750,MIN,203944,Julius Randle,1610612743,DEN,203999,Nikola Jokić,101,7.6,10.83691,14.305950000000001,14.799999999999999,2,4,0,0,0,0,1,5,20.0,0,2,0.0,0,0,0,0,0,0,0,nba_boxscorematchupsv3
1,2025-26,Playoffs,First Round,2026_den_min_api_20261005,0042500161,1,2026-04-18,1610612750,MIN,203944,Julius Randle,1610612743,DEN,1642461,Spencer Jones,74,5.4,30.962339999999998,10.48159,50.2,2,6,0,0,0,0,1,1,100.0,0,0,0.0,0,0,0,0,0,0,0,nba_boxscorematchupsv3
1,2025-26,Playoffs,First Round,2026_den_min_api_20261005,0042500161,1,2026-04-18,1610612750,MIN,203944,Julius Randle,1610612743,DEN,1627750,Jamal Murray,32,2.9,3.56745,4.53258,6.5,2,5,0,0,0,0,1,1,100.0,0,0,0.0,0,0,0,0,0,0,0,nba_boxscorematchupsv3
1,2025-26,Playoffs,First Round,2026_den_min_api_20261005,0042500161,1,2026-04-18,1610612750,MIN,203944,Julius Randle,1610612743,DEN,202685,Jonas Valanciunas,14,1.9,7.865170000000001,1.983,15.1,2,4,1,0,0,0,1,3,33.300000000000004,0,0,0.0,0,0,0,0,0,0,0,nba_boxscorematchupsv3
1,2025-26,Playoffs,First Round,2026_den_min_api_20261005,0042500161,1,2026-04-18,1610612750,MIN,203497,Rudy Gobert,1610612743,DEN,1631128,Christian Braun,43,5.4,5.30864,4.9653599999999996,8.5,0,2,0,0,1,0,0,0,0.0,0,0,0.0,0,0,0,0,0,0,0,nba_boxscorematchupsv3
1,2025-26,Playoffs,First Round,2026_den_min_api_20261005,0042500161,1,2026-04-18,1610612750,MIN,203497,Rudy Gobert,1610612743,DEN,1628971,Bruce Brown,12,1.1,2.44399,1.38568,7.3,0,0,0,0,0,0,0,0,0.0,0,0,0.0,0,0,0,0,0,0,0,nba_boxscorematchupsv3
1,2025-26,Playoffs,First Round,2026_den_min_api_20261005,0042500161,1,2026-04-18,1610612750,MIN,203497,Rudy Gobert,1610612743,DEN,203932,Aaron Gordon,26,3.4,3.89805,3.00231,5.4,2,11,0,0,0,0,1,1,100.0,0,0,0.0,0,0,0,0,0,0,0,nba_boxscorematchupsv3
1,2025-26,Playoffs,First Round,2026_den_min_api_20261005,0042500161,1,2026-04-18,1610612750,MIN,203497,Rudy Gobert,1610612743,DEN,203501,Tim Hardaway Jr.,6,0.9,1.08893,0.69284,3.5999999999999996,0,0,0,0,0,0,0,0,0.0,0,0,0.0,0,0,0,0,0,0,0,nba_boxscorematchupsv3
1,2025-26,Playoffs,First Round,2026_den_min_api_20261005,0042500161,1,2026-04-18,1610612750,MIN,203497,Rudy Gobert,1610612743,DEN,1629661,Cameron Johnson,28,3.1,3.5668800000000003,3.2332600000000005,5.800000000000001,0,5,0,0,0,0,0,0,0.0,0,0,0.0,0,0,0,0,0,0,0,nba_boxscorematchupsv3
1,2025-26,Playoffs,First Round,2026_den_min_api_20261005,0042500161,1,2026-04-18,1610612750,MIN,203497,Rudy Gobert,1610612743,DEN,203999,Nikola Jokić,530,44.3,56.86695,61.20092,70.8,7,33,2,0,1,0,3,3,100.0,0,0,0.0,1,2,1,0,0,0,0,nba_boxscorematchupsv3
1,2025-26,Playoffs,First Round,2026_den_min_api_20261005,0042500161,1,2026-04-18,1610612750,MIN,203497,Rudy Gobert,1610612743,DEN,1642461,Spencer Jones,12,0.9,5.02092,1.38568,8.9,0,0,0,0,0,0,0,0,0.0,0,0,0.0,0,0,0,0,0,0,0,nba_boxscorematchupsv3
1,2025-26,Playoffs,First Round,2026_den_min_api_20261005,0042500161,1,2026-04-18,1610612750,MIN,203497,Rudy Gobert,1610612743,DEN,1627750,Jamal Murray,66,6.9,7.35786,7.62125,9.4,4,18,0,0,0,0,2,2,100.0,0,0,0.0,0,2,1,0,0,0,0,nba_boxscorematchupsv3
1,2025-26,Playoffs,First Round,2026_den_min_api_20261005,0042500161,1,2026-04-18,1610612750,MIN,203497,Rudy Gobert,1610612743,DEN,202685,Jonas Valanciunas,143,12.1,80.33708,16.5127,75.2,4,7,0,0,0,0,2,3,66.7,0,0,0.0,0,1,1,0,0,0,0,nba_boxscorematchupsv3
1,2025-26,Playoffs,First Round,2026_den_min_api_20261005,0042500161,1,2026-04-18,1610612750,MIN,1630162,Anthony Edwards,1610612743,DEN,1631128,Christian Braun,427,35.0,52.71605,47.44444,48.4,2,39,4,0,0,0,0,1,0.0,0,0,0.0,2,2,1,0,0,0,0,nba_boxscorematchupsv3
1,2025-26,Playoffs,First Round,2026_den_min_api_20261005,0042500161,1,2026-04-18,1610612750,MIN,1630162,Anthony Edwards,1610612743,DEN,1628971,Bruce Brown,60,5.4,12.21996,6.66667,23.0,2,2,0,0,0,0,0,0,0.0,0,0,0.0,2,2,1,0,0,0,0,nba_boxscorematchupsv3
1,2025-26,Playoffs,First Round,2026_den_min_api_20261005,0042500161,1,2026-04-18,1610612750,MIN,1630162,Anthony Edwards,1610612743,DEN,203932,Aaron Gordon,115,9.9,17.24138,12.77778,19.400000000000002,2,12,0,0,1,0,1,4,25.0,0,1,0.0,0,1,1,0,0,0,0,nba_boxscorematchupsv3
1,2025-26,Playoffs,First Round,2026_den_min_api_20261005,0042500161,1,2026-04-18,1610612750,MIN,1630162,Anthony Edwards,1610612743,DEN,203501,Tim Hardaway Jr.,47,3.0,8.52995,5.22222,14.499999999999998,2,5,1,0,1,0,1,1,100.0,0,0,0.0,0,0,0,0,0,0,0,nba_boxscorematchupsv3
1,2025-26,Playoffs,First Round,2026_den_min_api_20261005,0042500161,1,2026-04-18,1610612750,MIN,1630162,Anthony Edwards,1610612743,DEN,1629661,Cameron Johnson,76,8.0,9.68153,8.44444,13.3,2,9,0,0,0,0,1,4,25.0,0,1,0.0,0,0,0,0,0,0,0,nba_boxscorematchupsv3
1,2025-26,Playoffs,First Round,2026_den_min_api_20261005,0042500161,1,2026-04-18,1610612750,MIN,1630162,Anthony Edwards,1610612743,DEN,203999,Nikola Jokić,60,7.4,6.4377699999999995,6.66667,9.8,7,11,1,0,0,0,3,5,60.0,1,3,33.300000000000004,0,0,0,0,0,0,0,nba_boxscorematchupsv3
1,2025-26,Playoffs,First Round,2026_den_min_api_20261005,0042500161,1,2026-04-18,1610612750,MIN,1630162,Anthony Edwards,1610612743,DEN,1642461,Spencer Jones,10,1.2,4.1841,1.11111,7.3999999999999995,0,0,0,0,0,0,0,1,0.0,0,1,0.0,0,0,0,0,0,0,0,nba_boxscorematchupsv3
1,2025-26,Playoffs,First Round,2026_den_min_api_20261005,0042500161,1,2026-04-18,1610612750,MIN,1630162,Anthony Edwards,1610612743,DEN,1627750,Jamal Murray,99,8.8,11.03679,11.0,13.8,5,8,1,0,1,0,1,2,50.0,1,2,50.0,2,2,1,0,0,0,0,nba_boxscorematchupsv3
1,2025-26,Playoffs,First Round,2026_den_min_api_20261005,0042500161,1,2026-04-18,1610612750,MIN,1630162,Anthony Edwards,1610612743,DEN,202685,Jonas Valanciunas,6,0.2,3.37079,0.66667,8.9,0,0,0,0,0,0,0,1,0.0,0,1,0.0,0,0,0,0,0,0,0,nba_boxscorematchupsv3
1,2025-26,Playoffs,First Round,2026_den_min_api_20261005,0042500161,1,2026-04-18,1610612750,MIN,1628978,Donte DiVincenzo,1610612743,DEN,1631128,Christian Braun,78,9.5,9.62963,10.75862,17.0,3,9,1,0,0,0,1,1,100.0,1,1,100.0,0,0,0,0,0,0,0,nba_boxscorematchupsv3
1,2025-26,Playoffs,First Round,2026_den_min_api_20261005,0042500161,1,2026-04-18,1610612750,MIN,1628978,Donte DiVincenzo,1610612743,DEN,1628971,Bruce Brown,74,5.4,15.071280000000002,10.2069,32.6,0,7,0,0,0,0,0,0,0.0,0,0,0.0,0,0,0,0,0,0,0,nba_boxscorematchupsv3
1,2025-26,Playoffs,First Round,2026_den_min_api_20261005,0042500161,1,2026-04-18,1610612750,MIN,1628978,Donte DiVincenzo,1610612743,DEN,203932,Aaron Gordon,59,4.4,8.84558,8.13793,11.200000000000001,3,8,0,0,0,0,1,2,50.0,1,1,100.0,0,0,0,0,0,0,0,nba_boxscorematchupsv3
1,2025-26,Playoffs,First Round,2026_den_min_api_20261005,0042500161,1,2026-04-18,1610612750,MIN,1628978,Donte DiVincenzo,1610612743,DEN,203501,Tim Hardaway Jr.,50,8.8,9.07441,6.8965499999999995,25.0,0,7,0,0,0,0,0,1,0.0,0,1,0.0,0,0,0,0,0,0,0,nba_boxscorematchupsv3
1,2025-26,Playoffs,First Round,2026_den_min_api_20261005,0042500161,1,2026-04-18,1610612750,MIN,1628978,Donte DiVincenzo,1610612743,DEN,1629661,Cameron Johnson,96,7.3,12.2293,13.24138,16.400000000000002,0,6,1,0,0,0,0,0,0.0,0,0,0.0,0,0,0,0,0,0,0,nba_boxscorematchupsv3
1,2025-26,Playoffs,First Round,2026_den_min_api_20261005,0042500161,1,2026-04-18,1610612750,MIN,1628978,Donte DiVincenzo,1610612743,DEN,203999,Nikola Jokić,28,3.8,3.00429,3.86207,7.3999999999999995,6,6,0,0,0,0,2,2,100.0,2,2,100.0,0,0,0,0,0,0,0,nba_boxscorematchupsv3
1,2025-26,Playoffs,First Round,2026_den_min_api_20261005,0042500161,1,2026-04-18,1610612750,MIN,1628978,Donte DiVincenzo,1610612743,DEN,1642461,Spencer Jones,16,1.5,6.694559999999999,2.2068999999999996,7.3999999999999995,0,4,0,0,0,0,0,0,0.0,0,0,0.0,0,0,0,0,0,0,0,nba_boxscorematchupsv3
1,2025-26,Playoffs,First Round,2026_den_min_api_20261005,0042500161,1,2026-04-18,1610612750,MIN,1628978,Donte DiVincenzo,1610612743,DEN,1627750,Jamal Murray,321,23.0,35.78595,44.27586,44.5,0,22,0,0,1,0,0,3,0.0,0,2,0.0,0,0,0,0,0,0,0,nba_boxscorematchupsv3
1,2025-26,Playoffs,First Round,2026_den_min_api_20261005,0042500161,1,2026-04-18,1610612750,MIN,1628978,Donte DiVincenzo,1610612743,DEN,202685,Jonas Valanciunas,3,0.2,1.6853900000000002,0.41379,3.2,0,0,0,0,0,0,0,0,0.0,0,0,0.0,0,0,0,0,0,0,0,nba_boxscorematchupsv3
1,2025-26,Playoffs,First Round,2026_den_min_api_20261005,0042500161,1,2026-04-18,1610612750,MIN,1629675,Naz Reid,1610612743,DEN,1631128,Christian Braun,39,2.4,4.81481,9.30788,19.6,0,7,0,0,1,0,0,0,0.0,0,0,0.0,0,0,0,0,0,0,0,nba_boxscorematchupsv3
1,2025-26,Playoffs,First Round,2026_den_min_api_20261005,0042500161,1,2026-04-18,1610612750,MIN,1629675,Naz Reid,1610612743,DEN,1628971,Bruce Brown,34,2.3,6.92464,8.114559999999999,11.3,0,2,0,0,1,0,0,0,0.0,0,0,0.0,0,0,0,0,0,0,0,nba_boxscorematchupsv3
1,2025-26,Playoffs,First Round,2026_den_min_api_20261005,0042500161,1,2026-04-18,1610612750,MIN,1629675,Naz Reid,1610612743,DEN,203932,Aaron Gordon,132,13.1,19.7901,31.50358,56.10000000000001,2,7,1,0,0,0,1,2,50.0,0,1,0.0,0,0,0,0,0,0,0,nba_boxscorematchupsv3
1,2025-26,Playoffs,First Round,2026_den_min_api_20261005,0042500161,1,2026-04-18,1610612750,MIN,1629675,Naz Reid,1610612743,DEN,203501,Tim Hardaway Jr.,37,3.3,6.71506,8.830549999999999,9.8,0,4,0,0,0,0,0,0,0.0,0,0,0.0,0,0,0,0,0,0,0,nba_boxscorematchupsv3
1,2025-26,Playoffs,First Round,2026_den_min_api_20261005,0042500161,1,2026-04-18,1610612750,MIN,1629675,Naz Reid,1610612743,DEN,1629661,Cameron Johnson,60,3.6,7.6433100000000005,14.31981,27.400000000000002,0,0,0,0,0,0,0,1,0.0,0,0,0.0,0,0,0,0,0,0,0,nba_boxscorematchupsv3
1,2025-26,Playoffs,First Round,2026_den_min_api_20261005,0042500161,1,2026-04-18,1610612750,MIN,1629675,Naz Reid,1610612743,DEN,203999,Nikola Jokić,26,2.9,2.7897000000000003,6.2052499999999995,10.299999999999999,0,2,0,0,0,0,0,2,0.0,0,0,0.0,0,0,0,0,0,0,0,nba_boxscorematchupsv3
1,2025-26,Playoffs,First Round,2026_den_min_api_20261005,0042500161,1,2026-04-18,1610612750,MIN,1629675,Naz Reid,1610612743,DEN,1642461,Spencer Jones,70,4.4,29.288700000000002,16.70644,60.3,0,2,0,0,0,0,0,0,0.0,0,0,0.0,0,0,0,0,0,0,0,nba_boxscorematchupsv3
1,2025-26,Playoffs,First Round,2026_den_min_api_20261005,0042500161,1,2026-04-18,1610612750,MIN,1629675,Naz Reid,1610612743,DEN,1627750,Jamal Murray,18,2.0,2.00669,4.29594,6.2,0,0,0,0,0,0,0,0,0.0,0,0,0.0,0,0,0,0,0,0,0,nba_boxscorematchupsv3
1,2025-26,Playoffs,First Round,2026_den_min_api_20261005,0042500161,1,2026-04-18,1610612750,MIN,1629675,Naz Reid,1610612743,DEN,202685,Jonas Valanciunas,3,0.3,1.6853900000000002,0.71599,5.6000000000000005,3,3,0,0,0,0,1,1,100.0,1,1,100.0,0,0,0,0,0,0,0,nba_boxscorematchupsv3
1,2025-26,Playoffs,First Round,2026_den_min_api_20261005,0042500161,1,2026-04-18,1610612750,MIN,1630245,Ayo Dosunmu,1610612743,DEN,1631128,Christian Braun,47,5.6,5.80247,7.6422799999999995,12.6,3,6,0,0,0,0,1,1,100.0,1,1,100.0,0,0,0,0,0,0,0,nba_boxscorematchupsv3
1,2025-26,Playoffs,First Round,2026_den_min_api_20261005,0042500161,1,2026-04-18,1610612750,MIN,1630245,Ayo Dosunmu,1610612743,DEN,1628971,Bruce Brown,92,8.1,18.73727,14.959349999999999,28.299999999999997,0,4,0,0,0,0,0,0,0.0,0,0,0.0,0,0,0,0,0,0,0,nba_boxscorematchupsv3
1,2025-26,Playoffs,First Round,2026_den_min_api_20261005,0042500161,1,2026-04-18,1610612750,MIN,1630245,Ayo Dosunmu,1610612743,DEN,203932,Aaron Gordon,22,1.8,3.29835,3.57724,6.4,0,0,0,0,0,0,0,1,0.0,0,0,0.0,0,0,0,0,0,0,0,nba_boxscorematchupsv3
1,2025-26,Playoffs,First Round,2026_den_min_api_20261005,0042500161,1,2026-04-18,1610612750,MIN,1630245,Ayo Dosunmu,1610612743,DEN,203501,Tim Hardaway Jr.,179,13.7,32.48639,29.10569,38.4,5,14,0,0,0,0,2,2,100.0,1,1,100.0,0,0,0,0,0,0,0,nba_boxscorematchupsv3
1,2025-26,Playoffs,First Round,2026_den_min_api_20261005,0042500161,1,2026-04-18,1610612750,MIN,1630245,Ayo Dosunmu,1610612743,DEN,1629661,Cameron Johnson,93,6.9,11.84713,15.12195,20.5,0,7,0,0,0,0,0,2,0.0,0,2,0.0,0,0,0,0,0,0,0,nba_boxscorematchupsv3
1,2025-26,Playoffs,First Round,2026_den_min_api_20261005,0042500161,1,2026-04-18,1610612750,MIN,1630245,Ayo Dosunmu,1610612743,DEN,203999,Nikola Jokić,19,1.8,2.03863,3.08943,6.0,2,8,0,0,0,0,1,1,100.0,0,0,0.0,0,0,0,0,0,0,0,nba_boxscorematchupsv3
1,2025-26,Playoffs,First Round,2026_den_min_api_20261005,0042500161,1,2026-04-18,1610612750,MIN,1630245,Ayo Dosunmu,1610612743,DEN,1642461,Spencer Jones,11,0.8,4.60251,1.78862,11.4,0,5,0,0,0,0,0,0,0.0,0,0,0.0,0,0,0,0,0,0,0,nba_boxscorematchupsv3
1,2025-26,Playoffs,First Round,2026_den_min_api_20261005,0042500161,1,2026-04-18,1610612750,MIN,1630245,Ayo Dosunmu,1610612743,DEN,1627750,Jamal Murray,148,12.5,16.49944,24.06504,29.799999999999997,0,8,1,0,1,0,0,1,0.0,0,1,0.0,0,0,0,0,0,0,0,nba_boxscorematchupsv3
1,2025-26,Playoffs,First Round,2026_den_min_api_20261005,0042500161,1,2026-04-18,1610612750,MIN,1630245,Ayo Dosunmu,1610612743,DEN,202685,Jonas Valanciunas,4,0.5,2.24719,0.6504099999999999,3.3000000000000003,3,3,0,0,0,0,1,2,50.0,1,2,50.0,0,0,0,0,0,0,0,nba_boxscorematchupsv3
1,2025-26,Playoffs,First Round,2026_den_min_api_20261005,0042500161,1,2026-04-18,1610612750,MIN,201144,Mike Conley,1610612743,DEN,1631128,Christian Braun,3,0.0,0.37037,1.19522,4.8,0,0,0,0,0,0,0,0,0.0,0,0,0.0,0,0,0,0,0,0,0,nba_boxscorematchupsv3
1,2025-26,Playoffs,First Round,2026_den_min_api_20261005,0042500161,1,2026-04-18,1610612750,MIN,201144,Mike Conley,1610612743,DEN,1628971,Bruce Brown,19,2.5,3.86965,7.56972,8.6,0,0,0,0,0,0,0,0,0.0,0,0,0.0,0,0,0,0,0,0,0,nba_boxscorematchupsv3
1,2025-26,Playoffs,First Round,2026_den_min_api_20261005,0042500161,1,2026-04-18,1610612750,MIN,201144,Mike Conley,1610612743,DEN,203932,Aaron Gordon,21,1.1,3.14843,8.36653,21.4,0,0,0,0,0,0,0,0,0.0,0,0,0.0,0,0,0,0,0,0,0,nba_boxscorematchupsv3
1,2025-26,Playoffs,First Round,2026_den_min_api_20261005,0042500161,1,2026-04-18,1610612750,MIN,201144,Mike Conley,1610612743,DEN,203501,Tim Hardaway Jr.,79,7.2,14.33757,31.4741,32.9,0,5,0,0,0,0,0,0,0.0,0,0,0.0,0,0,0,0,0,0,0,nba_boxscorematchupsv3
1,2025-26,Playoffs,First Round,2026_den_min_api_20261005,0042500161,1,2026-04-18,1610612750,MIN,201144,Mike Conley,1610612743,DEN,1629661,Cameron Johnson,52,3.7,6.624199999999999,20.71713,21.5,0,3,0,0,0,0,0,0,0.0,0,0,0.0,0,0,0,0,0,0,0,nba_boxscorematchupsv3
1,2025-26,Playoffs,First Round,2026_den_min_api_20261005,0042500161,1,2026-04-18,1610612750,MIN,201144,Mike Conley,1610612743,DEN,203999,Nikola Jokić,9,0.6,0.96567,3.5856600000000003,6.3,3,7,0,0,0,0,1,1,100.0,1,1,100.0,0,0,0,0,0,0,0,nba_boxscorematchupsv3
1,2025-26,Playoffs,First Round,2026_den_min_api_20261005,0042500161,1,2026-04-18,1610612750,MIN,201144,Mike Conley,1610612743,DEN,1642461,Spencer Jones,6,0.3,2.51046,2.39044,13.8,0,0,0,0,0,0,0,0,0.0,0,0,0.0,0,0,0,0,0,0,0,nba_boxscorematchupsv3
1,2025-26,Playoffs,First Round,2026_den_min_api_20261005,0042500161,1,2026-04-18,1610612750,MIN,201144,Mike Conley,1610612743,DEN,1627750,Jamal Murray,61,5.2,6.80045,24.302789999999998,42.6,0,4,1,0,0,0,0,0,0.0,0,0,0.0,0,0,0,0,0,0,0,nba_boxscorematchupsv3
1,2025-26,Playoffs,First Round,2026_den_min_api_20261005,0042500161,1,2026-04-18,1610612750,MIN,201144,Mike Conley,1610612743,DEN,202685,Jonas Valanciunas,1,0.5,0.5618,0.39841,5.5,0,0,0,0,0,0,0,0,0.0,0,0,0.0,0,0,0,0,0,0,0,nba_boxscorematchupsv3
1,2025-26,Playoffs,First Round,2026_den_min_api_20261005,0042500161,1,2026-04-18,1610612750,MIN,1630538,Bones Hyland,1610612743,DEN,1628971,Bruce Brown,93,5.6,18.94094,64.58333,65.0,0,3,0,0,0,0,0,2,0.0,0,1,0.0,0,0,0,0,0,0,0,nba_boxscorematchupsv3
1,2025-26,Playoffs,First Round,2026_den_min_api_20261005,0042500161,1,2026-04-18,1610612750,MIN,1630538,Bones Hyland,1610612743,DEN,203932,Aaron Gordon,2,0.1,0.29985,1.38889,9.4,0,0,0,0,0,0,0,0,0.0,0,0,0.0,0,0,0,0,0,0,0,nba_boxscorematchupsv3
1,2025-26,Playoffs,First Round,2026_den_min_api_20261005,0042500161,1,2026-04-18,1610612750,MIN,1630538,Bones Hyland,1610612743,DEN,203501,Tim Hardaway Jr.,29,1.9,5.26316,20.13889,18.2,0,0,0,0,0,0,0,0,0.0,0,0,0.0,0,0,0,0,0,0,0,nba_boxscorematchupsv3
1,2025-26,Playoffs,First Round,2026_den_min_api_20261005,0042500161,1,2026-04-18,1610612750,MIN,1630538,Bones Hyland,1610612743,DEN,1629661,Cameron Johnson,12,1.3,1.52866,8.33333,11.5,0,4,0,0,0,0,0,0,0.0,0,0,0.0,0,0,0,0,0,0,0,nba_boxscorematchupsv3
1,2025-26,Playoffs,First Round,2026_den_min_api_20261005,0042500161,1,2026-04-18,1610612750,MIN,1630538,Bones Hyland,1610612743,DEN,203999,Nikola Jokić,4,0.2,0.42918,2.77778,6.4,0,0,0,0,0,0,0,0,0.0,0,0,0.0,0,0,0,0,0,0,0,nba_boxscorematchupsv3
1,2025-26,Playoffs,First Round,2026_den_min_api_20261005,0042500161,1,2026-04-18,1610612750,MIN,1630538,Bones Hyland,1610612743,DEN,202685,Jonas Valanciunas,4,0.2,2.24719,2.77778,3.5999999999999996,0,0,0,0,0,0,0,1,0.0,0,0,0.0,0,0,0,0,0,0,0,nba_boxscorematchupsv3
1,2025-26,Playoffs,First Round,2026_den_min_api_20261005,0042500161,1,2026-04-18,1610612750,MIN,203937,Kyle Anderson,1610612743,DEN,1631128,Christian Braun,9,1.0,1.11111,5.55556,29.7,0,3,0,0,0,0,0,0,0.0,0,0,0.0,0,0,0,0,0,0,0,nba_boxscorematchupsv3
1,2025-26,Playoffs,First Round,2026_den_min_api_20261005,0042500161,1,2026-04-18,1610612750,MIN,203937,Kyle Anderson,1610612743,DEN,1628971,Bruce Brown,24,1.8,4.88798,14.814810000000001,13.100000000000001,0,4,0,0,0,0,0,0,0.0,0,0,0.0,0,0,0,0,0,0,0,nba_boxscorematchupsv3
1,2025-26,Playoffs,First Round,2026_den_min_api_20261005,0042500161,1,2026-04-18,1610612750,MIN,203937,Kyle Anderson,1610612743,DEN,203932,Aaron Gordon,9,1.6,1.34933,5.55556,23.1,0,0,0,0,1,0,0,0,0.0,0,0,0.0,0,0,0,0,0,0,0,nba_boxscorematchupsv3
1,2025-26,Playoffs,First Round,2026_den_min_api_20261005,0042500161,1,2026-04-18,1610612750,MIN,203937,Kyle Anderson,1610612743,DEN,203501,Tim Hardaway Jr.,10,0.8,1.81488,6.17284,7.1,0,0,0,0,0,0,0,0,0.0,0,0,0.0,0,0,0,0,0,0,0,nba_boxscorematchupsv3
1,2025-26,Playoffs,First Round,2026_den_min_api_20261005,0042500161,1,2026-04-18,1610612750,MIN,203937,Kyle Anderson,1610612743,DEN,1629661,Cameron Johnson,9,0.5,1.1464999999999999,5.55556,7.5,0,0,0,0,0,0,0,0,0.0,0,0,0.0,0,0,0,0,0,0,0,nba_boxscorematchupsv3
1,2025-26,Playoffs,First Round,2026_den_min_api_20261005,0042500161,1,2026-04-18,1610612750,MIN,203937,Kyle Anderson,1610612743,DEN,203999,Nikola Jokić,89,6.0,9.54936,54.93827,49.5,0,0,0,0,0,0,0,0,0.0,0,0,0.0,0,0,0,0,0,0,0,nba_boxscorematchupsv3
1,2025-26,Playoffs,First Round,2026_den_min_api_20261005,0042500161,1,2026-04-18,1610612750,MIN,203937,Kyle Anderson,1610612743,DEN,1627750,Jamal Murray,12,0.6,1.33779,7.4074100000000005,17.8,0,2,0,0,0,0,0,0,0.0,0,0,0.0,0,0,0,0,0,0,0,nba_boxscorematchupsv3
1,2025-26,Playoffs,First Round,2026_den_min_api_20261005,0042500162,2,2026-04-20,1610612743,DEN,1629661,Cameron Johnson,1610612750,MIN,203937,Kyle Anderson,21,2.4,21.42857,3.54132,18.9,0,0,0,0,0,0,0,0,0.0,0,0,0.0,0,0,0,0,0,0,0,nba_boxscorematchupsv3
1,2025-26,Playoffs,First Round,2026_den_min_api_20261005,0042500162,2,2026-04-20,1610612743,DEN,1629661,Cameron Johnson,1610612750,MIN,201144,Mike Conley,8,0.9,11.26761,1.34907,30.0,0,0,0,0,0,0,0,0,0.0,0,0,0.0,0,0,0,0,0,0,0,nba_boxscorematchupsv3
1,2025-26,Playoffs,First Round,2026_den_min_api_20261005,0042500162,2,2026-04-20,1610612743,DEN,1629661,Cameron Johnson,1610612750,MIN,1628978,Donte DiVincenzo,90,8.7,13.493250000000002,15.17707,19.2,7,16,0,0,0,0,2,2,100.0,1,1,100.0,2,2,1,0,0,0,0,nba_boxscorematchupsv3
1,2025-26,Playoffs,First Round,2026_den_min_api_20261005,0042500162,2,2026-04-20,1610612743,DEN,1629661,Cameron Johnson,1610612750,MIN,1630245,Ayo Dosunmu,35,3.9,6.98603,5.90219,15.8,0,4,0,0,0,0,0,0,0.0,0,0,0.0,0,0,0,0,0,0,0,nba_boxscorematchupsv3
1,2025-26,Playoffs,First Round,2026_den_min_api_20261005,0042500162,2,2026-04-20,1610612743,DEN,1629661,Cameron Johnson,1610612750,MIN,1630162,Anthony Edwards,170,13.6,18.9099,28.66779,34.8,2,4,0,0,0,0,1,2,50.0,0,1,0.0,0,0,0,0,0,0,0,nba_boxscorematchupsv3
1,2025-26,Playoffs,First Round,2026_den_min_api_20261005,0042500162,2,2026-04-20,1610612743,DEN,1629661,Cameron Johnson,1610612750,MIN,203497,Rudy Gobert,32,3.3,5.06329,5.3962900000000005,8.6,0,4,0,0,0,0,0,1,0.0,0,1,0.0,0,0,0,0,0,0,0,nba_boxscorematchupsv3
1,2025-26,Playoffs,First Round,2026_den_min_api_20261005,0042500162,2,2026-04-20,1610612743,DEN,1629661,Cameron Johnson,1610612750,MIN,1630538,Bones Hyland,18,1.1,8.57143,3.0354099999999997,12.5,0,6,0,0,0,0,0,0,0.0,0,0,0.0,0,0,0,0,0,0,0,nba_boxscorematchupsv3
1,2025-26,Playoffs,First Round,2026_den_min_api_20261005,0042500162,2,2026-04-20,1610612743,DEN,1629661,Cameron Johnson,1610612750,MIN,1630183,Jaden McDaniels,63,8.3,7.308580000000001,10.62395,14.2,0,4,0,0,0,0,0,1,0.0,0,1,0.0,0,0,0,0,0,0,0,nba_boxscorematchupsv3
1,2025-26,Playoffs,First Round,2026_den_min_api_20261005,0042500162,2,2026-04-20,1610612743,DEN,1629661,Cameron Johnson,1610612750,MIN,203944,Julius Randle,39,4.9,4.90566,6.57673,12.2,2,10,1,0,0,0,1,1,100.0,0,0,0.0,0,0,0,0,0,0,0,nba_boxscorematchupsv3
1,2025-26,Playoffs,First Round,2026_den_min_api_20261005,0042500162,2,2026-04-20,1610612743,DEN,1629661,Cameron Johnson,1610612750,MIN,1629675,Naz Reid,117,7.8,18.96272,19.73019,37.2,2,12,0,0,0,0,1,3,33.300000000000004,0,2,0.0,0,0,0,0,0,0,0,nba_boxscorematchupsv3
1,2025-26,Playoffs,First Round,2026_den_min_api_20261005,0042500162,2,2026-04-20,1610612743,DEN,203932,Aaron Gordon,1610612750,MIN,201144,Mike Conley,1,0.3,1.40845,0.11946999999999999,7.199999999999999,0,0,0,0,0,0,0,0,0.0,0,0,0.0,0,0,0,0,0,0,0,nba_boxscorematchupsv3
1,2025-26,Playoffs,First Round,2026_den_min_api_20261005,0042500162,2,2026-04-20,1610612743,DEN,203932,Aaron Gordon,1610612750,MIN,1628978,Donte DiVincenzo,28,3.5,4.197900000000001,3.34528,6.3,0,2,0,0,0,0,0,0,0.0,0,0,0.0,0,0,0,0,0,0,0,nba_boxscorematchupsv3
1,2025-26,Playoffs,First Round,2026_den_min_api_20261005,0042500162,2,2026-04-20,1610612743,DEN,203932,Aaron Gordon,1610612750,MIN,1630245,Ayo Dosunmu,36,3.3,7.18563,4.30108,9.8,0,5,1,0,0,0,0,0,0.0,0,0,0.0,0,0,0,0,0,0,0,nba_boxscorematchupsv3
1,2025-26,Playoffs,First Round,2026_den_min_api_20261005,0042500162,2,2026-04-20,1610612743,DEN,203932,Aaron Gordon,1610612750,MIN,1630162,Anthony Edwards,24,4.5,2.6696299999999997,2.86738,6.1,5,8,0,0,0,0,2,2,100.0,1,1,100.0,0,0,0,0,0,0,0,nba_boxscorematchupsv3
1,2025-26,Playoffs,First Round,2026_den_min_api_20261005,0042500162,2,2026-04-20,1610612743,DEN,203932,Aaron Gordon,1610612750,MIN,203497,Rudy Gobert,95,7.8,15.031649999999999,11.35006,16.0,0,21,0,0,0,0,0,0,0.0,0,0,0.0,0,0,0,0,0,0,0,nba_boxscorematchupsv3
1,2025-26,Playoffs,First Round,2026_den_min_api_20261005,0042500162,2,2026-04-20,1610612743,DEN,203932,Aaron Gordon,1610612750,MIN,1630538,Bones Hyland,3,0.2,1.4285700000000001,0.35842,4.7,0,0,0,0,0,0,0,0,0.0,0,0,0.0,0,0,0,0,0,0,0,nba_boxscorematchupsv3
1,2025-26,Playoffs,First Round,2026_den_min_api_20261005,0042500162,2,2026-04-20,1610612743,DEN,203932,Aaron Gordon,1610612750,MIN,1630183,Jaden McDaniels,135,13.7,15.661249999999999,16.12903,19.3,0,13,0,0,0,0,0,3,0.0,0,3,0.0,0,0,0,0,0,0,0,nba_boxscorematchupsv3
1,2025-26,Playoffs,First Round,2026_den_min_api_20261005,0042500162,2,2026-04-20,1610612743,DEN,203932,Aaron Gordon,1610612750,MIN,203944,Julius Randle,375,34.0,47.16981,44.80287,50.9,2,23,1,0,0,0,1,3,33.300000000000004,0,0,0.0,0,0,0,0,0,0,0,nba_boxscorematchupsv3
1,2025-26,Playoffs,First Round,2026_den_min_api_20261005,0042500162,2,2026-04-20,1610612743,DEN,203932,Aaron Gordon,1610612750,MIN,1629675,Naz Reid,140,10.4,22.690440000000002,16.726399999999998,30.8,1,7,0,0,0,0,0,1,0.0,0,0,0.0,1,2,1,0,0,0,0,nba_boxscorematchupsv3
1,2025-26,Playoffs,First Round,2026_den_min_api_20261005,0042500162,2,2026-04-20,1610612743,DEN,203999,Nikola Jokić,1610612750,MIN,203937,Kyle Anderson,38,3.4,38.775510000000004,4.20354,35.6,2,5,0,0,0,0,0,0,0.0,0,0,0.0,2,2,0,0,0,0,0,nba_boxscorematchupsv3
1,2025-26,Playoffs,First Round,2026_den_min_api_20261005,0042500162,2,2026-04-20,1610612743,DEN,203999,Nikola Jokić,1610612750,MIN,201144,Mike Conley,5,0.5,7.04225,0.5531,6.0,0,0,0,0,0,0,0,0,0.0,0,0,0.0,0,0,0,0,0,0,0,nba_boxscorematchupsv3
1,2025-26,Playoffs,First Round,2026_den_min_api_20261005,0042500162,2,2026-04-20,1610612743,DEN,203999,Nikola Jokić,1610612750,MIN,1628978,Donte DiVincenzo,16,2.8,2.3988,1.7699099999999999,3.4000000000000004,0,2,0,0,1,0,0,0,0.0,0,0,0.0,0,0,0,0,0,0,0,nba_boxscorematchupsv3
1,2025-26,Playoffs,First Round,2026_den_min_api_20261005,0042500162,2,2026-04-20,1610612743,DEN,203999,Nikola Jokić,1610612750,MIN,1630245,Ayo Dosunmu,12,2.2,2.39521,1.3274299999999999,6.2,0,3,1,0,0,0,0,0,0.0,0,0,0.0,0,0,0,0,0,0,0,nba_boxscorematchupsv3
1,2025-26,Playoffs,First Round,2026_den_min_api_20261005,0042500162,2,2026-04-20,1610612743,DEN,203999,Nikola Jokić,1610612750,MIN,1630162,Anthony Edwards,57,7.3,6.34038,6.30531,7.3999999999999995,2,15,1,0,0,0,1,1,100.0,0,0,0.0,0,0,0,0,0,0,0,nba_boxscorematchupsv3
1,2025-26,Playoffs,First Round,2026_den_min_api_20261005,0042500162,2,2026-04-20,1610612743,DEN,203999,Nikola Jokić,1610612750,MIN,203497,Rudy Gobert,342,30.0,54.11392000000001,37.83186,69.69999999999999,2,7,0,0,1,0,1,8,12.5,0,2,0.0,0,0,0,0,0,0,0,nba_boxscorematchupsv3
1,2025-26,Playoffs,First Round,2026_den_min_api_20261005,0042500162,2,2026-04-20,1610612743,DEN,203999,Nikola Jokić,1610612750,MIN,1630538,Bones Hyland,16,2.7,7.61905,1.7699099999999999,20.200000000000003,0,1,0,0,0,0,0,0,0.0,0,0,0.0,0,0,0,0,0,0,0,nba_boxscorematchupsv3
1,2025-26,Playoffs,First Round,2026_den_min_api_20261005,0042500162,2,2026-04-20,1610612743,DEN,203999,Nikola Jokić,1610612750,MIN,1630183,Jaden McDaniels,100,9.4,11.60093,11.06195,14.2,3,11,1,0,0,0,1,1,100.0,0,0,0.0,1,1,1,0,0,0,0,nba_boxscorematchupsv3
1,2025-26,Playoffs,First Round,2026_den_min_api_20261005,0042500162,2,2026-04-20,1610612743,DEN,203999,Nikola Jokić,1610612750,MIN,203944,Julius Randle,217,20.4,27.295599999999997,24.00442,27.400000000000002,4,24,2,0,0,0,1,4,25.0,0,2,0.0,2,2,1,0,0,0,0,nba_boxscorematchupsv3
1,2025-26,Playoffs,First Round,2026_den_min_api_20261005,0042500162,2,2026-04-20,1610612743,DEN,203999,Nikola Jokić,1610612750,MIN,1629675,Naz Reid,101,9.8,16.369529999999997,11.17257,23.0,11,18,0,0,1,0,4,6,66.7,1,3,33.300000000000004,2,2,1,0,0,0,0,nba_boxscorematchupsv3
1,2025-26,Playoffs,First Round,2026_den_min_api_20261005,0042500162,2,2026-04-20,1610612743,DEN,1631128,Christian Braun,1610612750,MIN,201144,Mike Conley,28,2.1,39.43662,3.5759899999999996,36.3,0,6,1,0,0,0,0,0,0.0,0,0,0.0,0,0,0,0,0,0,0,nba_boxscorematchupsv3
1,2025-26,Playoffs,First Round,2026_den_min_api_20261005,0042500162,2,2026-04-20,1610612743,DEN,1631128,Christian Braun,1610612750,MIN,1628978,Donte DiVincenzo,183,17.8,27.436280000000004,23.37165,34.8,2,8,0,0,0,0,1,1,100.0,0,0,0.0,0,0,0,0,0,0,0,nba_boxscorematchupsv3
1,2025-26,Playoffs,First Round,2026_den_min_api_20261005,0042500162,2,2026-04-20,1610612743,DEN,1631128,Christian Braun,1610612750,MIN,1630245,Ayo Dosunmu,38,3.0,7.584829999999999,4.85313,10.7,0,4,0,0,0,0,0,0,0.0,0,0,0.0,0,0,0,0,0,0,0,nba_boxscorematchupsv3
1,2025-26,Playoffs,First Round,2026_den_min_api_20261005,0042500162,2,2026-04-20,1610612743,DEN,1631128,Christian Braun,1610612750,MIN,1630162,Anthony Edwards,327,30.5,36.37375,41.76245,40.2,2,20,1,0,0,0,0,4,0.0,0,2,0.0,2,2,1,0,0,0,0,nba_boxscorematchupsv3
1,2025-26,Playoffs,First Round,2026_den_min_api_20261005,0042500162,2,2026-04-20,1610612743,DEN,1631128,Christian Braun,1610612750,MIN,203497,Rudy Gobert,29,3.4,4.58861,3.7037,8.6,2,7,0,0,0,0,1,1,100.0,0,0,0.0,0,0,0,0,0,0,0,nba_boxscorematchupsv3
1,2025-26,Playoffs,First Round,2026_den_min_api_20261005,0042500162,2,2026-04-20,1610612743,DEN,1631128,Christian Braun,1610612750,MIN,1630183,Jaden McDaniels,98,6.9,11.36891,12.515960000000002,11.899999999999999,4,14,0,0,0,0,1,1,100.0,1,1,100.0,1,2,1,0,0,0,0,nba_boxscorematchupsv3
1,2025-26,Playoffs,First Round,2026_den_min_api_20261005,0042500162,2,2026-04-20,1610612743,DEN,1631128,Christian Braun,1610612750,MIN,203944,Julius Randle,36,6.8,4.5283,4.5977,7.7,4,4,1,0,0,0,1,1,100.0,0,0,0.0,2,3,2,0,0,0,0,nba_boxscorematchupsv3
1,2025-26,Playoffs,First Round,2026_den_min_api_20261005,0042500162,2,2026-04-20,1610612743,DEN,1631128,Christian Braun,1610612750,MIN,1629675,Naz Reid,44,4.5,7.131279999999999,5.619409999999999,13.100000000000001,2,10,0,0,0,0,1,1,100.0,0,0,0.0,0,0,0,0,0,0,0,nba_boxscorematchupsv3
1,2025-26,Playoffs,First Round,2026_den_min_api_20261005,0042500162,2,2026-04-20,1610612743,DEN,1627750,Jamal Murray,1610612750,MIN,203937,Kyle Anderson,1,0.1,1.02041,0.10288000000000001,9.5,0,0,0,0,1,0,0,0,0.0,0,0,0.0,0,0,0,0,0,0,0,nba_boxscorematchupsv3
1,2025-26,Playoffs,First Round,2026_den_min_api_20261005,0042500162,2,2026-04-20,1610612743,DEN,1627750,Jamal Murray,1610612750,MIN,201144,Mike Conley,1,0.4,1.40845,0.10288000000000001,7.5,0,0,0,0,0,0,0,0,0.0,0,0,0.0,0,0,0,0,0,0,0,nba_boxscorematchupsv3
1,2025-26,Playoffs,First Round,2026_den_min_api_20261005,0042500162,2,2026-04-20,1610612743,DEN,1627750,Jamal Murray,1610612750,MIN,1628978,Donte DiVincenzo,51,7.2,7.646179999999999,5.24691,10.4,0,6,0,0,1,0,0,2,0.0,0,2,0.0,0,0,0,0,0,0,0,nba_boxscorematchupsv3
1,2025-26,Playoffs,First Round,2026_den_min_api_20261005,0042500162,2,2026-04-20,1610612743,DEN,1627750,Jamal Murray,1610612750,MIN,1630245,Ayo Dosunmu,198,15.5,39.52096,20.370369999999998,47.4,8,18,2,0,0,0,2,2,100.0,2,2,100.0,2,2,2,0,0,0,0,nba_boxscorematchupsv3
1,2025-26,Playoffs,First Round,2026_den_min_api_20261005,0042500162,2,2026-04-20,1610612743,DEN,1627750,Jamal Murray,1610612750,MIN,1630162,Anthony Edwards,148,15.6,16.46274,15.226339999999999,17.1,12,22,1,0,0,0,5,6,83.3,2,2,100.0,0,0,0,0,0,0,0,nba_boxscorematchupsv3
1,2025-26,Playoffs,First Round,2026_den_min_api_20261005,0042500162,2,2026-04-20,1610612743,DEN,1627750,Jamal Murray,1610612750,MIN,203497,Rudy Gobert,68,6.8,10.75949,6.9958800000000005,10.8,2,8,0,0,0,0,1,5,20.0,0,2,0.0,0,0,0,0,0,0,0,nba_boxscorematchupsv3
1,2025-26,Playoffs,First Round,2026_den_min_api_20261005,0042500162,2,2026-04-20,1610612743,DEN,1627750,Jamal Murray,1610612750,MIN,1630538,Bones Hyland,5,0.5,2.38095,0.5144,4.1000000000000005,0,0,0,0,0,0,0,0,0.0,0,0,0.0,0,0,0,0,0,0,0,nba_boxscorematchupsv3
1,2025-26,Playoffs,First Round,2026_den_min_api_20261005,0042500162,2,2026-04-20,1610612743,DEN,1627750,Jamal Murray,1610612750,MIN,1630183,Jaden McDaniels,402,33.7,46.635729999999995,41.35802,45.300000000000004,5,25,3,0,1,0,2,6,33.300000000000004,1,4,25.0,0,0,0,0,0,0,0,nba_boxscorematchupsv3
1,2025-26,Playoffs,First Round,2026_den_min_api_20261005,0042500162,2,2026-04-20,1610612743,DEN,1627750,Jamal Murray,1610612750,MIN,203944,Julius Randle,56,4.8,7.044029999999999,5.76132,7.3,0,3,0,0,0,0,0,3,0.0,0,1,0.0,0,0,0,0,0,0,0,nba_boxscorematchupsv3
1,2025-26,Playoffs,First Round,2026_den_min_api_20261005,0042500162,2,2026-04-20,1610612743,DEN,1627750,Jamal Murray,1610612750,MIN,1629675,Naz Reid,42,3.5,6.80713,4.32099,7.8,0,0,0,0,0,0,0,0,0.0,0,0,0.0,0,0,0,0,0,0,0,nba_boxscorematchupsv3
1,2025-26,Playoffs,First Round,2026_den_min_api_20261005,0042500162,2,2026-04-20,1610612743,DEN,203501,Tim Hardaway Jr.,1610612750,MIN,203937,Kyle Anderson,16,1.0,16.32653,2.52366,12.9,0,2,0,0,0,0,0,0,0.0,0,0,0.0,0,0,0,0,0,0,0,nba_boxscorematchupsv3
1,2025-26,Playoffs,First Round,2026_den_min_api_20261005,0042500162,2,2026-04-20,1610612743,DEN,203501,Tim Hardaway Jr.,1610612750,MIN,201144,Mike Conley,28,1.7,39.43662,4.4164,55.2,2,2,0,0,0,0,0,1,0.0,0,0,0.0,2,2,1,0,0,0,0,nba_boxscorematchupsv3
1,2025-26,Playoffs,First Round,2026_den_min_api_20261005,0042500162,2,2026-04-20,1610612743,DEN,203501,Tim Hardaway Jr.,1610612750,MIN,1628978,Donte DiVincenzo,259,16.9,38.83058,40.85174,67.5,5,17,0,0,0,0,1,2,50.0,1,1,100.0,2,5,1,0,0,0,0,nba_boxscorematchupsv3
1,2025-26,Playoffs,First Round,2026_den_min_api_20261005,0042500162,2,2026-04-20,1610612743,DEN,203501,Tim Hardaway Jr.,1610612750,MIN,1630245,Ayo Dosunmu,153,11.3,30.538920000000005,24.13249,45.2,0,15,0,0,0,0,0,2,0.0,0,0,0.0,0,0,0,0,0,0,0,nba_boxscorematchupsv3
1,2025-26,Playoffs,First Round,2026_den_min_api_20261005,0042500162,2,2026-04-20,1610612743,DEN,203501,Tim Hardaway Jr.,1610612750,MIN,1630162,Anthony Edwards,49,5.8,5.4505,7.7287099999999995,10.2,3,3,0,0,0,2,1,2,50.0,1,1,100.0,0,0,0,0,0,0,0,nba_boxscorematchupsv3
1,2025-26,Playoffs,First Round,2026_den_min_api_20261005,0042500162,2,2026-04-20,1610612743,DEN,203501,Tim Hardaway Jr.,1610612750,MIN,1630538,Bones Hyland,54,5.4,25.714290000000002,8.51735,36.1,5,12,0,0,0,0,1,1,100.0,1,1,100.0,2,3,1,0,0,0,0,nba_boxscorematchupsv3
1,2025-26,Playoffs,First Round,2026_den_min_api_20261005,0042500162,2,2026-04-20,1610612743,DEN,203501,Tim Hardaway Jr.,1610612750,MIN,1630183,Jaden McDaniels,41,3.7,4.75638,6.46688,11.200000000000001,2,2,0,0,0,0,1,1,100.0,0,0,0.0,0,0,0,0,0,0,0,nba_boxscorematchupsv3
1,2025-26,Playoffs,First Round,2026_den_min_api_20261005,0042500162,2,2026-04-20,1610612743,DEN,203501,Tim Hardaway Jr.,1610612750,MIN,203944,Julius Randle,30,4.6,3.77358,4.73186,8.799999999999999,0,8,0,0,0,0,0,0,0.0,0,0,0.0,0,0,0,0,0,0,0,nba_boxscorematchupsv3
1,2025-26,Playoffs,First Round,2026_den_min_api_20261005,0042500162,2,2026-04-20,1610612743,DEN,203501,Tim Hardaway Jr.,1610612750,MIN,1629675,Naz Reid,4,1.2,0.6483,0.63091,2.9000000000000004,0,0,0,0,0,0,0,0,0.0,0,0,0.0,0,0,0,0,0,0,0,nba_boxscorematchupsv3
1,2025-26,Playoffs,First Round,2026_den_min_api_20261005,0042500162,2,2026-04-20,1610612743,DEN,1642461,Spencer Jones,1610612750,MIN,203937,Kyle Anderson,18,1.1,18.36735,8.4507,33.6,0,1,0,0,0,0,0,0,0.0,0,0,0.0,0,0,0,0,0,0,0,nba_boxscorematchupsv3
1,2025-26,Playoffs,First Round,2026_den_min_api_20261005,0042500162,2,2026-04-20,1610612743,DEN,1642461,Spencer Jones,1610612750,MIN,1628978,Donte DiVincenzo,21,2.7,3.14843,9.85915,43.0,0,2,0,0,0,0,0,0,0.0,0,0,0.0,0,0,0,0,0,0,0,nba_boxscorematchupsv3
1,2025-26,Playoffs,First Round,2026_den_min_api_20261005,0042500162,2,2026-04-20,1610612743,DEN,1642461,Spencer Jones,1610612750,MIN,1630162,Anthony Edwards,10,0.5,1.11235,4.69484,14.7,0,0,0,0,0,0,0,0,0.0,0,0,0.0,0,0,0,0,0,0,0,nba_boxscorematchupsv3
1,2025-26,Playoffs,First Round,2026_den_min_api_20261005,0042500162,2,2026-04-20,1610612743,DEN,1642461,Spencer Jones,1610612750,MIN,1630538,Bones Hyland,11,0.8,5.238099999999999,5.16432,4.9,0,4,0,0,0,0,0,0,0.0,0,0,0.0,0,0,0,0,0,0,0,nba_boxscorematchupsv3
1,2025-26,Playoffs,First Round,2026_den_min_api_20261005,0042500162,2,2026-04-20,1610612743,DEN,1642461,Spencer Jones,1610612750,MIN,1630183,Jaden McDaniels,3,0.0,0.34803,1.40845,2.1,0,0,0,0,1,0,0,0,0.0,0,0,0.0,0,0,0,0,0,0,0,nba_boxscorematchupsv3
1,2025-26,Playoffs,First Round,2026_den_min_api_20261005,0042500162,2,2026-04-20,1610612743,DEN,1642461,Spencer Jones,1610612750,MIN,203944,Julius Randle,10,0.8,1.25786,4.69484,8.7,0,0,0,0,0,0,0,0,0.0,0,0,0.0,0,0,0,0,0,0,0,nba_boxscorematchupsv3
1,2025-26,Playoffs,First Round,2026_den_min_api_20261005,0042500162,2,2026-04-20,1610612743,DEN,1642461,Spencer Jones,1610612750,MIN,1629675,Naz Reid,140,10.9,22.690440000000002,65.7277,61.0,0,16,0,0,0,0,0,0,0.0,0,0,0.0,0,0,0,0,0,0,0,nba_boxscorematchupsv3
1,2025-26,Playoffs,First Round,2026_den_min_api_20261005,0042500162,2,2026-04-20,1610612743,DEN,1628971,Bruce Brown,1610612750,MIN,203937,Kyle Anderson,4,0.0,4.08163,1.15274,5.6000000000000005,0,0,0,0,0,0,0,0,0.0,0,0,0.0,0,0,0,0,0,0,0,nba_boxscorematchupsv3
1,2025-26,Playoffs,First Round,2026_den_min_api_20261005,0042500162,2,2026-04-20,1610612743,DEN,1628971,Bruce Brown,1610612750,MIN,1628978,Donte DiVincenzo,16,1.2,2.3988,4.61095,12.2,0,1,0,0,0,0,0,0,0.0,0,0,0.0,0,0,0,0,0,0,0,nba_boxscorematchupsv3
1,2025-26,Playoffs,First Round,2026_den_min_api_20261005,0042500162,2,2026-04-20,1610612743,DEN,1628971,Bruce Brown,1610612750,MIN,1630245,Ayo Dosunmu,29,4.0,5.7884199999999995,8.35735,13.4,0,8,0,0,0,0,0,0,0.0,0,0,0.0,0,0,0,0,0,0,0,nba_boxscorematchupsv3
1,2025-26,Playoffs,First Round,2026_den_min_api_20261005,0042500162,2,2026-04-20,1610612743,DEN,1628971,Bruce Brown,1610612750,MIN,1630162,Anthony Edwards,114,7.0,12.68076,32.85303,52.400000000000006,0,10,0,0,0,0,0,1,0.0,0,1,0.0,0,0,0,0,0,0,0,nba_boxscorematchupsv3
1,2025-26,Playoffs,First Round,2026_den_min_api_20261005,0042500162,2,2026-04-20,1610612743,DEN,1628971,Bruce Brown,1610612750,MIN,203497,Rudy Gobert,6,0.7,0.94937,1.72911,5.5,0,0,0,0,0,0,0,0,0.0,0,0,0.0,0,0,0,0,0,0,0,nba_boxscorematchupsv3
1,2025-26,Playoffs,First Round,2026_den_min_api_20261005,0042500162,2,2026-04-20,1610612743,DEN,1628971,Bruce Brown,1610612750,MIN,1630538,Bones Hyland,103,7.5,49.047619999999995,29.683,51.300000000000004,1,2,0,0,0,0,0,0,0.0,0,0,0.0,1,2,1,0,0,0,0,nba_boxscorematchupsv3
1,2025-26,Playoffs,First Round,2026_den_min_api_20261005,0042500162,2,2026-04-20,1610612743,DEN,1628971,Bruce Brown,1610612750,MIN,1630183,Jaden McDaniels,14,1.2,1.62413,4.03458,8.3,6,6,0,0,0,0,2,2,100.0,2,2,100.0,0,0,0,0,0,0,0,nba_boxscorematchupsv3
1,2025-26,Playoffs,First Round,2026_den_min_api_20261005,0042500162,2,2026-04-20,1610612743,DEN,1628971,Bruce Brown,1610612750,MIN,203944,Julius Randle,32,2.9,4.02516,9.2219,27.0,0,1,0,0,1,0,0,1,0.0,0,1,0.0,0,0,0,0,0,0,0,nba_boxscorematchupsv3
1,2025-26,Playoffs,First Round,2026_den_min_api_20261005,0042500162,2,2026-04-20,1610612743,DEN,1628971,Bruce Brown,1610612750,MIN,1629675,Naz Reid,29,4.0,4.7001599999999994,8.35735,9.5,0,0,1,0,0,0,0,0,0.0,0,0,0.0,0,0,0,0,0,0,0,nba_boxscorematchupsv3
1,2025-26,Playoffs,First Round,2026_den_min_api_20261005,0042500162,2,2026-04-20,1610612743,DEN,202685,Jonas Valanciunas,1610612750,MIN,1628978,Donte DiVincenzo,3,0.1,0.44977999999999996,4.34783,3.5000000000000004,0,0,0,0,0,0,0,0,0.0,0,0,0.0,0,0,0,0,0,0,0,nba_boxscorematchupsv3
1,2025-26,Playoffs,First Round,2026_den_min_api_20261005,0042500162,2,2026-04-20,1610612743,DEN,202685,Jonas Valanciunas,1610612750,MIN,203497,Rudy Gobert,60,3.4,9.49367,86.95652,82.5,0,5,0,0,0,0,0,0,0.0,0,0,0.0,0,0,0,0,0,0,0,nba_boxscorematchupsv3
1,2025-26,Playoffs,First Round,2026_den_min_api_20261005,0042500162,2,2026-04-20,1610612743,DEN,202685,Jonas Valanciunas,1610612750,MIN,1630183,Jaden McDaniels,6,0.5,0.69606,8.69565,14.2,0,0,0,0,0,0,0,0,0.0,0,0,0.0,0,0,0,0,0,0,0,nba_boxscorematchupsv3
1,2025-26,Playoffs,First Round,2026_den_min_api_20261005,0042500162,2,2026-04-20,1610612750,MIN,1630183,Jaden McDaniels,1610612743,DEN,1631128,Christian Braun,73,6.8,9.31122,9.19395,12.4,4,7,1,0,0,0,2,2,100.0,0,0,0.0,0,0,0,0,0,0,0,nba_boxscorematchupsv3
1,2025-26,Playoffs,First Round,2026_den_min_api_20261005,0042500162,2,2026-04-20,1610612750,MIN,1630183,Jaden McDaniels,1610612743,DEN,1628971,Bruce Brown,14,1.0,3.4653499999999995,1.76322,6.6000000000000005,0,6,0,0,0,0,0,0,0.0,0,0,0.0,0,0,0,0,0,0,0,nba_boxscorematchupsv3
1,2025-26,Playoffs,First Round,2026_den_min_api_20261005,0042500162,2,2026-04-20,1610612750,MIN,1630183,Jaden McDaniels,1610612743,DEN,203932,Aaron Gordon,115,15.2,13.888890000000002,14.48363,18.099999999999998,2,24,0,0,1,0,1,4,25.0,0,2,0.0,0,1,1,0,0,0,0,nba_boxscorematchupsv3
1,2025-26,Playoffs,First Round,2026_den_min_api_20261005,0042500162,2,2026-04-20,1610612750,MIN,1630183,Jaden McDaniels,1610612743,DEN,203501,Tim Hardaway Jr.,153,14.3,24.878049999999998,19.26952,36.9,2,16,1,0,0,0,1,2,50.0,0,0,0.0,0,0,0,0,0,0,0,nba_boxscorematchupsv3
1,2025-26,Playoffs,First Round,2026_den_min_api_20261005,0042500162,2,2026-04-20,1610612750,MIN,1630183,Jaden McDaniels,1610612743,DEN,1629661,Cameron Johnson,167,12.8,25.692310000000003,21.03275,31.1,4,9,0,0,1,0,2,3,66.7,0,0,0.0,0,0,0,0,0,0,0,nba_boxscorematchupsv3
1,2025-26,Playoffs,First Round,2026_den_min_api_20261005,0042500162,2,2026-04-20,1610612750,MIN,1630183,Jaden McDaniels,1610612743,DEN,203999,Nikola Jokić,82,6.6,8.903369999999999,10.327459999999999,11.200000000000001,2,11,0,0,0,0,1,3,33.300000000000004,0,1,0.0,0,0,0,0,0,0,0,nba_boxscorematchupsv3
1,2025-26,Playoffs,First Round,2026_den_min_api_20261005,0042500162,2,2026-04-20,1610612750,MIN,1630183,Jaden McDaniels,1610612743,DEN,1627750,Jamal Murray,189,21.0,20.278969999999997,23.803530000000002,25.7,0,16,1,0,1,0,0,1,0.0,0,0,0.0,0,0,0,0,0,0,0,nba_boxscorematchupsv3
1,2025-26,Playoffs,First Round,2026_den_min_api_20261005,0042500162,2,2026-04-20,1610612750,MIN,1630183,Jaden McDaniels,1610612743,DEN,202685,Jonas Valanciunas,1,0.1,1.6949200000000002,0.12594,2.6,0,0,0,0,0,0,0,0,0.0,0,0,0.0,0,0,0,0,0,0,0,nba_boxscorematchupsv3
1,2025-26,Playoffs,First Round,2026_den_min_api_20261005,0042500162,2,2026-04-20,1610612750,MIN,203944,Julius Randle,1610612743,DEN,1631128,Christian Braun,89,11.4,11.352039999999999,10.62053,11.899999999999999,2,14,2,0,0,0,1,2,50.0,0,0,0.0,0,2,1,0,0,0,0,nba_boxscorematchupsv3
1,2025-26,Playoffs,First Round,2026_den_min_api_20261005,0042500162,2,2026-04-20,1610612750,MIN,203944,Julius Randle,1610612743,DEN,1628971,Bruce Brown,53,3.6,13.11881,6.32458,27.3,4,6,0,0,0,0,1,1,100.0,0,0,0.0,2,2,1,0,0,0,0,nba_boxscorematchupsv3
1,2025-26,Playoffs,First Round,2026_den_min_api_20261005,0042500162,2,2026-04-20,1610612750,MIN,203944,Julius Randle,1610612743,DEN,203932,Aaron Gordon,357,32.4,43.11594,42.60143,50.5,7,21,0,0,1,0,2,4,50.0,1,1,100.0,2,2,0,0,0,0,0,nba_boxscorematchupsv3
1,2025-26,Playoffs,First Round,2026_den_min_api_20261005,0042500162,2,2026-04-20,1610612750,MIN,203944,Julius Randle,1610612743,DEN,203501,Tim Hardaway Jr.,50,4.3,8.130080000000001,5.96659,12.2,0,5,0,0,0,0,0,1,0.0,0,1,0.0,0,0,0,0,0,0,0,nba_boxscorematchupsv3
1,2025-26,Playoffs,First Round,2026_den_min_api_20261005,0042500162,2,2026-04-20,1610612750,MIN,203944,Julius Randle,1610612743,DEN,1629661,Cameron Johnson,47,5.9,7.230770000000001,5.60859,11.799999999999999,4,12,1,0,0,0,0,0,0.0,0,0,0.0,4,4,2,0,0,0,0,nba_boxscorematchupsv3
1,2025-26,Playoffs,First Round,2026_den_min_api_20261005,0042500162,2,2026-04-20,1610612750,MIN,203944,Julius Randle,1610612743,DEN,203999,Nikola Jokić,172,14.7,18.675349999999998,20.52506,22.6,4,28,2,0,0,0,2,4,50.0,0,1,0.0,0,0,0,0,0,0,0,nba_boxscorematchupsv3
1,2025-26,Playoffs,First Round,2026_den_min_api_20261005,0042500162,2,2026-04-20,1610612750,MIN,203944,Julius Randle,1610612743,DEN,1642461,Spencer Jones,16,1.3,6.20155,1.9093099999999998,13.8,0,0,0,0,0,0,0,1,0.0,0,0,0.0,0,0,0,0,0,0,0,nba_boxscorematchupsv3
1,2025-26,Playoffs,First Round,2026_den_min_api_20261005,0042500162,2,2026-04-20,1610612750,MIN,203944,Julius Randle,1610612743,DEN,1627750,Jamal Murray,54,5.6,5.79399,6.44391,7.6,3,9,1,0,0,0,1,1,100.0,1,1,100.0,0,0,0,0,0,0,0,nba_boxscorematchupsv3
1,2025-26,Playoffs,First Round,2026_den_min_api_20261005,0042500162,2,2026-04-20,1610612750,MIN,203497,Rudy Gobert,1610612743,DEN,1631128,Christian Braun,24,4.9,3.06122,4.27046,9.3,0,3,0,0,0,0,0,0,0.0,0,0,0.0,0,0,0,0,0,0,0,nba_boxscorematchupsv3
1,2025-26,Playoffs,First Round,2026_den_min_api_20261005,0042500162,2,2026-04-20,1610612750,MIN,203497,Rudy Gobert,1610612743,DEN,1628971,Bruce Brown,8,1.1,1.9802,1.42349,7.6,0,0,0,0,0,0,0,0,0.0,0,0,0.0,0,0,0,0,0,0,0,nba_boxscorematchupsv3
1,2025-26,Playoffs,First Round,2026_den_min_api_20261005,0042500162,2,2026-04-20,1610612750,MIN,203497,Rudy Gobert,1610612743,DEN,203932,Aaron Gordon,65,4.9,7.85024,11.56584,12.6,0,7,0,0,0,0,0,0,0.0,0,0,0.0,0,0,0,0,0,0,0,nba_boxscorematchupsv3
1,2025-26,Playoffs,First Round,2026_den_min_api_20261005,0042500162,2,2026-04-20,1610612750,MIN,203497,Rudy Gobert,1610612743,DEN,203501,Tim Hardaway Jr.,15,1.7,2.43902,2.66904,6.2,0,6,0,0,0,0,0,0,0.0,0,0,0.0,0,0,0,0,0,0,0,nba_boxscorematchupsv3
1,2025-26,Playoffs,First Round,2026_den_min_api_20261005,0042500162,2,2026-04-20,1610612750,MIN,203497,Rudy Gobert,1610612743,DEN,1629661,Cameron Johnson,39,4.1,6.0,6.9395,10.6,0,5,0,0,1,0,0,1,0.0,0,0,0.0,0,0,0,0,0,0,0,nba_boxscorematchupsv3
1,2025-26,Playoffs,First Round,2026_den_min_api_20261005,0042500162,2,2026-04-20,1610612750,MIN,203497,Rudy Gobert,1610612743,DEN,203999,Nikola Jokić,319,30.3,34.63626,56.76156999999999,68.8,2,16,1,0,1,1,1,3,33.300000000000004,0,0,0.0,0,2,1,0,0,0,0,nba_boxscorematchupsv3
1,2025-26,Playoffs,First Round,2026_den_min_api_20261005,0042500162,2,2026-04-20,1610612750,MIN,203497,Rudy Gobert,1610612743,DEN,1642461,Spencer Jones,20,2.0,7.75194,3.55872,34.2,0,6,0,0,0,0,0,0,0.0,0,0,0.0,0,0,0,0,0,0,0,nba_boxscorematchupsv3
1,2025-26,Playoffs,First Round,2026_den_min_api_20261005,0042500162,2,2026-04-20,1610612750,MIN,203497,Rudy Gobert,1610612743,DEN,1627750,Jamal Murray,33,4.7,3.54077,5.87189,8.6,0,5,0,0,0,0,0,0,0.0,0,0,0.0,0,0,0,0,0,0,0,nba_boxscorematchupsv3
1,2025-26,Playoffs,First Round,2026_den_min_api_20261005,0042500162,2,2026-04-20,1610612750,MIN,203497,Rudy Gobert,1610612743,DEN,202685,Jonas Valanciunas,39,3.1,66.10169,6.9395,61.5,0,3,0,0,0,0,0,0,0.0,0,0,0.0,0,0,0,0,0,0,0,nba_boxscorematchupsv3
1,2025-26,Playoffs,First Round,2026_den_min_api_20261005,0042500162,2,2026-04-20,1610612750,MIN,1630162,Anthony Edwards,1610612743,DEN,1631128,Christian Braun,445,38.6,56.760200000000005,47.74678,52.300000000000004,3,37,1,0,1,0,1,5,20.0,1,4,25.0,0,0,0,0,0,0,0,nba_boxscorematchupsv3
1,2025-26,Playoffs,First Round,2026_den_min_api_20261005,0042500162,2,2026-04-20,1610612750,MIN,1630162,Anthony Edwards,1610612743,DEN,1628971,Bruce Brown,62,3.3,15.34653,6.65236,31.1,0,3,0,0,0,0,0,0,0.0,0,0,0.0,0,0,0,0,0,0,0,nba_boxscorematchupsv3
1,2025-26,Playoffs,First Round,2026_den_min_api_20261005,0042500162,2,2026-04-20,1610612750,MIN,1630162,Anthony Edwards,1610612743,DEN,203932,Aaron Gordon,83,8.2,10.02415,8.90558,10.5,7,19,0,0,0,0,3,6,50.0,1,2,50.0,0,0,0,0,0,0,0,nba_boxscorematchupsv3
1,2025-26,Playoffs,First Round,2026_den_min_api_20261005,0042500162,2,2026-04-20,1610612750,MIN,1630162,Anthony Edwards,1610612743,DEN,203501,Tim Hardaway Jr.,60,5.2,9.7561,6.4377699999999995,12.2,8,11,0,0,0,0,2,3,66.7,1,2,50.0,3,3,2,0,0,0,0,nba_boxscorematchupsv3
1,2025-26,Playoffs,First Round,2026_den_min_api_20261005,0042500162,2,2026-04-20,1610612750,MIN,1630162,Anthony Edwards,1610612743,DEN,1629661,Cameron Johnson,70,7.8,10.76923,7.510730000000001,15.8,3,7,0,0,0,0,1,1,100.0,0,0,0.0,1,1,1,0,0,0,0,nba_boxscorematchupsv3
1,2025-26,Playoffs,First Round,2026_den_min_api_20261005,0042500162,2,2026-04-20,1610612750,MIN,1630162,Anthony Edwards,1610612743,DEN,203999,Nikola Jokić,89,9.6,9.66341,9.54936,11.799999999999999,5,9,0,0,0,0,2,7,28.599999999999998,0,2,0.0,1,2,1,0,0,0,0,nba_boxscorematchupsv3
1,2025-26,Playoffs,First Round,2026_den_min_api_20261005,0042500162,2,2026-04-20,1610612750,MIN,1630162,Anthony Edwards,1610612743,DEN,1642461,Spencer Jones,5,0.1,1.9379799999999998,0.5364800000000001,8.5,0,0,0,0,0,0,0,1,0.0,0,1,0.0,0,0,0,0,0,0,0,nba_boxscorematchupsv3
1,2025-26,Playoffs,First Round,2026_den_min_api_20261005,0042500162,2,2026-04-20,1610612750,MIN,1630162,Anthony Edwards,1610612743,DEN,1627750,Jamal Murray,108,12.2,11.58798,11.58798,13.5,2,14,1,0,1,0,1,1,100.0,0,0,0.0,0,0,0,0,0,0,0,nba_boxscorematchupsv3
1,2025-26,Playoffs,First Round,2026_den_min_api_20261005,0042500162,2,2026-04-20,1610612750,MIN,1630162,Anthony Edwards,1610612743,DEN,202685,Jonas Valanciunas,10,0.8,16.94915,1.0729600000000001,12.8,1,1,0,0,0,0,0,1,0.0,0,0,0.0,1,2,1,0,0,0,0,nba_boxscorematchupsv3
1,2025-26,Playoffs,First Round,2026_den_min_api_20261005,0042500162,2,2026-04-20,1610612750,MIN,1628978,Donte DiVincenzo,1610612743,DEN,1631128,Christian Braun,67,9.4,8.54592,10.0,14.799999999999999,11,13,0,0,0,0,4,4,100.0,3,3,100.0,0,0,0,0,0,0,0,nba_boxscorematchupsv3
1,2025-26,Playoffs,First Round,2026_den_min_api_20261005,0042500162,2,2026-04-20,1610612750,MIN,1628978,Donte DiVincenzo,1610612743,DEN,1628971,Bruce Brown,27,3.2,6.68317,4.02985,15.1,0,3,0,0,0,0,0,0,0.0,0,0,0.0,0,0,0,0,0,0,0,nba_boxscorematchupsv3
1,2025-26,Playoffs,First Round,2026_den_min_api_20261005,0042500162,2,2026-04-20,1610612750,MIN,1628978,Donte DiVincenzo,1610612743,DEN,203932,Aaron Gordon,43,6.8,5.193239999999999,6.41791,9.0,0,5,0,0,0,0,0,0,0.0,0,0,0.0,0,0,0,0,0,0,0,nba_boxscorematchupsv3
1,2025-26,Playoffs,First Round,2026_den_min_api_20261005,0042500162,2,2026-04-20,1610612750,MIN,1628978,Donte DiVincenzo,1610612743,DEN,203501,Tim Hardaway Jr.,73,8.7,11.86992,10.89552,27.400000000000002,0,4,1,0,0,0,0,0,0.0,0,0,0.0,0,0,0,0,0,0,0,nba_boxscorematchupsv3
1,2025-26,Playoffs,First Round,2026_den_min_api_20261005,0042500162,2,2026-04-20,1610612750,MIN,1628978,Donte DiVincenzo,1610612743,DEN,1629661,Cameron Johnson,143,10.8,22.0,21.34328,29.4,0,16,1,0,1,0,0,1,0.0,0,1,0.0,0,0,0,0,0,0,0,nba_boxscorematchupsv3
1,2025-26,Playoffs,First Round,2026_den_min_api_20261005,0042500162,2,2026-04-20,1610612750,MIN,1628978,Donte DiVincenzo,1610612743,DEN,203999,Nikola Jokić,28,3.3,3.04017,4.1791,5.2,0,6,1,0,1,0,0,0,0.0,0,0,0.0,0,0,0,0,0,0,0,nba_boxscorematchupsv3
1,2025-26,Playoffs,First Round,2026_den_min_api_20261005,0042500162,2,2026-04-20,1610612750,MIN,1628978,Donte DiVincenzo,1610612743,DEN,1642461,Spencer Jones,16,0.2,6.20155,2.38806,16.400000000000002,0,2,0,0,0,0,0,0,0.0,0,0,0.0,0,2,1,0,0,0,0,nba_boxscorematchupsv3
1,2025-26,Playoffs,First Round,2026_den_min_api_20261005,0042500162,2,2026-04-20,1610612750,MIN,1628978,Donte DiVincenzo,1610612743,DEN,1627750,Jamal Murray,271,21.3,29.07725,40.44776,38.2,5,27,2,0,0,0,2,4,50.0,1,3,33.300000000000004,0,0,0,0,0,0,0,nba_boxscorematchupsv3
1,2025-26,Playoffs,First Round,2026_den_min_api_20261005,0042500162,2,2026-04-20,1610612750,MIN,1628978,Donte DiVincenzo,1610612743,DEN,202685,Jonas Valanciunas,2,0.4,3.38983,0.29851,8.4,0,2,0,0,0,0,0,0,0.0,0,0,0.0,0,0,0,0,0,0,0,nba_boxscorematchupsv3
1,2025-26,Playoffs,First Round,2026_den_min_api_20261005,0042500162,2,2026-04-20,1610612750,MIN,1629675,Naz Reid,1610612743,DEN,1631128,Christian Braun,34,2.4,4.336729999999999,5.519480000000001,9.8,3,5,0,0,0,0,1,1,100.0,1,1,100.0,0,0,0,0,0,0,0,nba_boxscorematchupsv3
1,2025-26,Playoffs,First Round,2026_den_min_api_20261005,0042500162,2,2026-04-20,1610612750,MIN,1629675,Naz Reid,1610612743,DEN,1628971,Bruce Brown,66,5.5,16.33663,10.71429,17.1,2,7,0,0,0,0,1,3,33.300000000000004,0,0,0.0,0,1,1,0,0,0,0,nba_boxscorematchupsv3
1,2025-26,Playoffs,First Round,2026_den_min_api_20261005,0042500162,2,2026-04-20,1610612750,MIN,1629675,Naz Reid,1610612743,DEN,203932,Aaron Gordon,107,8.9,12.92271,17.37013,26.400000000000002,0,8,0,0,0,0,0,0,0.0,0,0,0.0,0,0,0,0,0,0,0,nba_boxscorematchupsv3
1,2025-26,Playoffs,First Round,2026_den_min_api_20261005,0042500162,2,2026-04-20,1610612750,MIN,1629675,Naz Reid,1610612743,DEN,203501,Tim Hardaway Jr.,59,4.7,9.5935,9.577919999999999,10.6,0,4,0,0,0,0,0,0,0.0,0,0,0.0,0,0,0,0,0,0,0,nba_boxscorematchupsv3
1,2025-26,Playoffs,First Round,2026_den_min_api_20261005,0042500162,2,2026-04-20,1610612750,MIN,1629675,Naz Reid,1610612743,DEN,1629661,Cameron Johnson,84,7.4,12.92308,13.63636,27.800000000000004,4,15,0,0,0,0,1,2,50.0,0,0,0.0,2,2,1,0,0,0,0,nba_boxscorematchupsv3
1,2025-26,Playoffs,First Round,2026_den_min_api_20261005,0042500162,2,2026-04-20,1610612750,MIN,1629675,Naz Reid,1610612743,DEN,203999,Nikola Jokić,47,6.9,5.10315,7.6298699999999995,15.2,0,7,0,0,0,0,0,2,0.0,0,2,0.0,0,0,0,0,0,0,0,nba_boxscorematchupsv3
1,2025-26,Playoffs,First Round,2026_den_min_api_20261005,0042500162,2,2026-04-20,1610612750,MIN,1629675,Naz Reid,1610612743,DEN,1642461,Spencer Jones,146,7.6,56.58915,23.7013,55.00000000000001,0,16,0,0,0,0,0,0,0.0,0,0,0.0,0,0,0,0,0,0,0,nba_boxscorematchupsv3
1,2025-26,Playoffs,First Round,2026_den_min_api_20261005,0042500162,2,2026-04-20,1610612750,MIN,1629675,Naz Reid,1610612743,DEN,1627750,Jamal Murray,66,6.6,7.08155,10.71429,13.900000000000002,0,7,0,0,0,0,0,0,0.0,0,0,0.0,0,0,0,0,0,0,0,nba_boxscorematchupsv3
1,2025-26,Playoffs,First Round,2026_den_min_api_20261005,0042500162,2,2026-04-20,1610612750,MIN,1629675,Naz Reid,1610612743,DEN,202685,Jonas Valanciunas,7,0.5,11.86441,1.13636,14.7,2,3,0,0,0,0,1,1,100.0,0,0,0.0,0,1,1,0,0,0,0,nba_boxscorematchupsv3
1,2025-26,Playoffs,First Round,2026_den_min_api_20261005,0042500162,2,2026-04-20,1610612750,MIN,1630245,Ayo Dosunmu,1610612743,DEN,1631128,Christian Braun,47,2.9,5.9949,8.4991,13.900000000000002,0,1,0,0,0,0,0,0,0.0,0,0,0.0,0,0,0,0,0,0,0,nba_boxscorematchupsv3
1,2025-26,Playoffs,First Round,2026_den_min_api_20261005,0042500162,2,2026-04-20,1610612750,MIN,1630245,Ayo Dosunmu,1610612743,DEN,1628971,Bruce Brown,26,2.7,6.435639999999999,4.70163,10.0,0,2,0,0,0,0,0,0,0.0,0,0,0.0,0,0,0,0,0,0,0,nba_boxscorematchupsv3
1,2025-26,Playoffs,First Round,2026_den_min_api_20261005,0042500162,2,2026-04-20,1610612750,MIN,1630245,Ayo Dosunmu,1610612743,DEN,203932,Aaron Gordon,36,2.2,4.34783,6.509950000000001,9.1,0,3,0,0,0,0,0,0,0.0,0,0,0.0,0,0,0,0,0,0,0,nba_boxscorematchupsv3
1,2025-26,Playoffs,First Round,2026_den_min_api_20261005,0042500162,2,2026-04-20,1610612750,MIN,1630245,Ayo Dosunmu,1610612743,DEN,203501,Tim Hardaway Jr.,115,8.4,18.699189999999998,20.795659999999998,33.5,0,9,0,0,0,0,0,1,0.0,0,1,0.0,0,0,0,0,0,0,0,nba_boxscorematchupsv3
1,2025-26,Playoffs,First Round,2026_den_min_api_20261005,0042500162,2,2026-04-20,1610612750,MIN,1630245,Ayo Dosunmu,1610612743,DEN,1629661,Cameron Johnson,64,6.1,9.84615,11.57324,21.8,5,11,0,0,0,0,2,3,66.7,1,1,100.0,0,0,0,0,0,0,0,nba_boxscorematchupsv3
1,2025-26,Playoffs,First Round,2026_den_min_api_20261005,0042500162,2,2026-04-20,1610612750,MIN,1630245,Ayo Dosunmu,1610612743,DEN,203999,Nikola Jokić,112,9.0,12.16069,20.25316,21.6,2,12,1,0,0,0,1,2,50.0,0,0,0.0,0,0,0,0,0,0,0,nba_boxscorematchupsv3
1,2025-26,Playoffs,First Round,2026_den_min_api_20261005,0042500162,2,2026-04-20,1610612750,MIN,1630245,Ayo Dosunmu,1610612743,DEN,1642461,Spencer Jones,9,1.5,3.4883699999999997,1.6274899999999999,4.1000000000000005,0,4,1,0,0,0,0,0,0.0,0,0,0.0,0,0,0,0,0,0,0,nba_boxscorematchupsv3
1,2025-26,Playoffs,First Round,2026_den_min_api_20261005,0042500162,2,2026-04-20,1610612750,MIN,1630245,Ayo Dosunmu,1610612743,DEN,1627750,Jamal Murray,144,10.5,15.450639999999998,26.03978,36.0,2,17,3,0,0,0,1,2,50.0,0,0,0.0,0,0,0,0,0,0,0,nba_boxscorematchupsv3
1,2025-26,Playoffs,First Round,2026_den_min_api_20261005,0042500162,2,2026-04-20,1610612750,MIN,1630538,Bones Hyland,1610612743,DEN,1631128,Christian Braun,1,0.1,0.12755,0.42017,4.7,0,0,0,0,0,0,0,0,0.0,0,0,0.0,0,0,0,0,0,0,0,nba_boxscorematchupsv3
1,2025-26,Playoffs,First Round,2026_den_min_api_20261005,0042500162,2,2026-04-20,1610612750,MIN,1630538,Bones Hyland,1610612743,DEN,1628971,Bruce Brown,124,7.5,30.69307,52.100840000000005,58.3,6,14,1,0,0,0,2,2,100.0,2,2,100.0,0,0,0,0,0,0,0,nba_boxscorematchupsv3
1,2025-26,Playoffs,First Round,2026_den_min_api_20261005,0042500162,2,2026-04-20,1610612750,MIN,1630538,Bones Hyland,1610612743,DEN,203932,Aaron Gordon,1,0.1,0.12076999999999999,0.42017,2.9000000000000004,0,0,0,0,0,0,0,0,0.0,0,0,0.0,0,0,0,0,0,0,0,nba_boxscorematchupsv3
1,2025-26,Playoffs,First Round,2026_den_min_api_20261005,0042500162,2,2026-04-20,1610612750,MIN,1630538,Bones Hyland,1610612743,DEN,203501,Tim Hardaway Jr.,54,3.9,8.78049,22.68908,32.7,5,7,1,0,1,0,1,1,100.0,1,1,100.0,2,2,0,0,0,0,0,nba_boxscorematchupsv3
1,2025-26,Playoffs,First Round,2026_den_min_api_20261005,0042500162,2,2026-04-20,1610612750,MIN,1630538,Bones Hyland,1610612743,DEN,1629661,Cameron Johnson,16,0.9,2.46154,6.722690000000001,7.8,0,0,0,0,0,0,0,0,0.0,0,0,0.0,0,0,0,0,0,0,0,nba_boxscorematchupsv3
1,2025-26,Playoffs,First Round,2026_den_min_api_20261005,0042500162,2,2026-04-20,1610612750,MIN,1630538,Bones Hyland,1610612743,DEN,203999,Nikola Jokić,16,1.8,1.73724,6.722690000000001,11.5,0,2,0,0,0,0,0,0,0.0,0,0,0.0,0,0,0,0,0,0,0,nba_boxscorematchupsv3
1,2025-26,Playoffs,First Round,2026_den_min_api_20261005,0042500162,2,2026-04-20,1610612750,MIN,1630538,Bones Hyland,1610612743,DEN,1642461,Spencer Jones,2,0.4,0.77519,0.84034,1.3,0,0,0,0,0,0,0,0,0.0,0,0,0.0,0,0,0,0,0,0,0,nba_boxscorematchupsv3
1,2025-26,Playoffs,First Round,2026_den_min_api_20261005,0042500162,2,2026-04-20,1610612750,MIN,1630538,Bones Hyland,1610612743,DEN,1627750,Jamal Murray,24,2.1,2.57511,10.084029999999998,15.0,2,6,0,0,0,0,1,2,50.0,0,1,0.0,0,0,0,0,0,0,0,nba_boxscorematchupsv3
1,2025-26,Playoffs,First Round,2026_den_min_api_20261005,0042500162,2,2026-04-20,1610612750,MIN,203937,Kyle Anderson,1610612743,DEN,1628971,Bruce Brown,8,0.5,1.9802,5.7971,4.8,0,4,0,0,0,0,0,0,0.0,0,0,0.0,0,0,0,0,0,0,0,nba_boxscorematchupsv3
1,2025-26,Playoffs,First Round,2026_den_min_api_20261005,0042500162,2,2026-04-20,1610612750,MIN,203937,Kyle Anderson,1610612743,DEN,203501,Tim Hardaway Jr.,11,1.4,1.78862,7.971010000000001,12.3,0,0,0,0,0,0,0,0,0.0,0,0,0.0,0,0,0,0,0,0,0,nba_boxscorematchupsv3
1,2025-26,Playoffs,First Round,2026_den_min_api_20261005,0042500162,2,2026-04-20,1610612750,MIN,203937,Kyle Anderson,1610612743,DEN,1629661,Cameron Johnson,20,1.2,3.07692,14.49275,13.100000000000001,0,2,0,0,0,0,0,0,0.0,0,0,0.0,0,0,0,0,0,0,0,nba_boxscorematchupsv3
1,2025-26,Playoffs,First Round,2026_den_min_api_20261005,0042500162,2,2026-04-20,1610612750,MIN,203937,Kyle Anderson,1610612743,DEN,203999,Nikola Jokić,50,2.7,5.4288799999999995,36.23188,36.199999999999996,0,4,1,0,0,0,0,1,0.0,0,0,0.0,0,0,0,0,0,0,0,nba_boxscorematchupsv3
1,2025-26,Playoffs,First Round,2026_den_min_api_20261005,0042500162,2,2026-04-20,1610612750,MIN,203937,Kyle Anderson,1610612743,DEN,1642461,Spencer Jones,44,3.0,17.05426,31.884059999999998,35.4,0,5,1,0,0,0,0,0,0.0,0,0,0.0,0,0,0,0,0,0,0,nba_boxscorematchupsv3
1,2025-26,Playoffs,First Round,2026_den_min_api_20261005,0042500162,2,2026-04-20,1610612750,MIN,203937,Kyle Anderson,1610612743,DEN,1627750,Jamal Murray,5,1.2,0.5364800000000001,3.6231899999999997,40.699999999999996,0,2,0,0,0,0,0,0,0.0,0,0,0.0,0,0,0,0,0,0,0,nba_boxscorematchupsv3
1,2025-26,Playoffs,First Round,2026_den_min_api_20261005,0042500162,2,2026-04-20,1610612750,MIN,201144,Mike Conley,1610612743,DEN,1631128,Christian Braun,4,0.3,0.5102,3.6363600000000003,5.7,0,0,0,0,0,0,0,0,0.0,0,0,0.0,0,0,0,0,0,0,0,nba_boxscorematchupsv3
1,2025-26,Playoffs,First Round,2026_den_min_api_20261005,0042500162,2,2026-04-20,1610612750,MIN,201144,Mike Conley,1610612743,DEN,1628971,Bruce Brown,16,1.5,3.9604,14.545449999999999,30.8,0,2,0,0,0,0,0,0,0.0,0,0,0.0,0,0,0,0,0,0,0,nba_boxscorematchupsv3
1,2025-26,Playoffs,First Round,2026_den_min_api_20261005,0042500162,2,2026-04-20,1610612750,MIN,201144,Mike Conley,1610612743,DEN,203932,Aaron Gordon,21,1.3,2.53623,19.09091,18.0,0,5,0,0,0,0,0,0,0.0,0,0,0.0,0,0,0,0,0,0,0,nba_boxscorematchupsv3
1,2025-26,Playoffs,First Round,2026_den_min_api_20261005,0042500162,2,2026-04-20,1610612750,MIN,201144,Mike Conley,1610612743,DEN,203501,Tim Hardaway Jr.,25,1.9,4.065040000000001,22.72727,29.599999999999998,0,2,1,0,0,0,0,0,0.0,0,0,0.0,0,0,0,0,0,0,0,nba_boxscorematchupsv3
1,2025-26,Playoffs,First Round,2026_den_min_api_20261005,0042500162,2,2026-04-20,1610612750,MIN,201144,Mike Conley,1610612743,DEN,203999,Nikola Jokić,6,0.3,0.65147,5.454549999999999,4.1000000000000005,0,0,1,0,0,0,0,0,0.0,0,0,0.0,0,0,0,0,0,0,0,nba_boxscorematchupsv3
1,2025-26,Playoffs,First Round,2026_den_min_api_20261005,0042500162,2,2026-04-20,1610612750,MIN,201144,Mike Conley,1610612743,DEN,1627750,Jamal Murray,38,2.4,4.07725,34.54545,56.599999999999994,0,0,0,0,0,0,0,0,0.0,0,0,0.0,0,0,0,0,0,0,0,nba_boxscorematchupsv3
1,2025-26,Playoffs,First Round,2026_den_min_api_20261005,0042500163,3,2026-04-23,1610612750,MIN,1630183,Jaden McDaniels,1610612743,DEN,1631128,Christian Braun,35,2.2,6.18375,3.6534400000000002,6.800000000000001,0,4,1,0,0,0,0,0,0.0,0,0,0.0,0,0,0,0,0,0,0,nba_boxscorematchupsv3
1,2025-26,Playoffs,First Round,2026_den_min_api_20261005,0042500163,3,2026-04-23,1610612750,MIN,1630183,Jaden McDaniels,1610612743,DEN,1628971,Bruce Brown,43,2.9,7.948239999999999,4.48852,9.9,0,0,0,0,0,0,0,0,0.0,0,0,0.0,0,0,0,0,0,0,0,nba_boxscorematchupsv3
1,2025-26,Playoffs,First Round,2026_den_min_api_20261005,0042500163,3,2026-04-23,1610612750,MIN,1630183,Jaden McDaniels,1610612743,DEN,203501,Tim Hardaway Jr.,127,11.8,18.78698,13.256780000000001,24.3,4,8,0,0,0,0,2,2,100.0,0,0,0.0,0,0,0,0,0,0,0,nba_boxscorematchupsv3
1,2025-26,Playoffs,First Round,2026_den_min_api_20261005,0042500163,3,2026-04-23,1610612750,MIN,1630183,Jaden McDaniels,1610612743,DEN,1641747,DaRon Holmes II,8,0.9,7.4074100000000005,0.8350700000000001,11.200000000000001,0,0,0,0,0,0,0,0,0.0,0,0,0.0,0,0,0,0,0,0,0,nba_boxscorematchupsv3
1,2025-26,Playoffs,First Round,2026_den_min_api_20261005,0042500163,3,2026-04-23,1610612750,MIN,1630183,Jaden McDaniels,1610612743,DEN,1629661,Cameron Johnson,177,15.1,30.72917,18.47599,34.699999999999996,3,13,0,0,0,0,1,2,50.0,0,1,0.0,1,1,1,0,0,0,0,nba_boxscorematchupsv3
1,2025-26,Playoffs,First Round,2026_den_min_api_20261005,0042500163,3,2026-04-23,1610612750,MIN,1630183,Jaden McDaniels,1610612743,DEN,203999,Nikola Jokić,50,4.0,5.8072,5.2192099999999995,6.5,6,9,0,0,0,0,3,5,60.0,0,0,0.0,0,0,0,0,0,0,0,nba_boxscorematchupsv3
1,2025-26,Playoffs,First Round,2026_den_min_api_20261005,0042500163,3,2026-04-23,1610612750,MIN,1630183,Jaden McDaniels,1610612743,DEN,1642461,Spencer Jones,130,10.3,19.23077,13.569939999999999,20.8,2,15,1,0,0,1,1,1,100.0,0,0,0.0,0,0,0,0,0,0,0,nba_boxscorematchupsv3
1,2025-26,Playoffs,First Round,2026_den_min_api_20261005,0042500163,3,2026-04-23,1610612750,MIN,1630183,Jaden McDaniels,1610612743,DEN,1626145,Tyus Jones,15,1.0,13.761470000000001,1.56576,16.3,0,4,0,0,0,0,0,0,0.0,0,0,0.0,0,0,0,0,0,0,0,nba_boxscorematchupsv3
1,2025-26,Playoffs,First Round,2026_den_min_api_20261005,0042500163,3,2026-04-23,1610612750,MIN,1630183,Jaden McDaniels,1610612743,DEN,1627750,Jamal Murray,292,26.7,35.30834,30.48017,36.3,5,31,1,0,0,0,2,3,66.7,1,2,50.0,0,0,0,0,0,0,0,nba_boxscorematchupsv3
1,2025-26,Playoffs,First Round,2026_den_min_api_20261005,0042500163,3,2026-04-23,1610612750,MIN,1630183,Jaden McDaniels,1610612743,DEN,1630192,Zeke Nnaji,46,4.1,12.33244,4.8016700000000005,14.7,0,3,0,0,0,0,0,0,0.0,0,0,0.0,0,0,0,0,0,0,0,nba_boxscorematchupsv3
1,2025-26,Playoffs,First Round,2026_den_min_api_20261005,0042500163,3,2026-04-23,1610612750,MIN,1630183,Jaden McDaniels,1610612743,DEN,1629618,Jalen Pickett,5,1.0,4.62963,0.52192,20.7,0,1,0,0,0,0,0,0,0.0,0,0,0.0,0,0,0,0,0,0,0,nba_boxscorematchupsv3
1,2025-26,Playoffs,First Round,2026_den_min_api_20261005,0042500163,3,2026-04-23,1610612750,MIN,1630183,Jaden McDaniels,1610612743,DEN,1631124,Julian Strawther,30,2.3,8.69565,3.13152,15.5,0,1,0,0,0,0,0,0,0.0,0,0,0.0,0,0,0,0,0,0,0,nba_boxscorematchupsv3
1,2025-26,Playoffs,First Round,2026_den_min_api_20261005,0042500163,3,2026-04-23,1610612750,MIN,203944,Julius Randle,1610612743,DEN,1631128,Christian Braun,58,4.0,10.247349999999999,8.03324,12.8,2,14,1,0,0,0,1,2,50.0,0,0,0.0,0,0,0,0,0,0,0,nba_boxscorematchupsv3
1,2025-26,Playoffs,First Round,2026_den_min_api_20261005,0042500163,3,2026-04-23,1610612750,MIN,203944,Julius Randle,1610612743,DEN,1628971,Bruce Brown,46,6.0,8.50277,6.37119,19.1,0,7,0,0,1,0,0,0,0.0,0,0,0.0,0,0,0,0,0,0,0,nba_boxscorematchupsv3
1,2025-26,Playoffs,First Round,2026_den_min_api_20261005,0042500163,3,2026-04-23,1610612750,MIN,203944,Julius Randle,1610612743,DEN,203501,Tim Hardaway Jr.,31,3.4,4.5858,4.293629999999999,11.200000000000001,0,4,0,0,0,0,0,0,0.0,0,0,0.0,0,0,0,0,0,0,0,nba_boxscorematchupsv3
1,2025-26,Playoffs,First Round,2026_den_min_api_20261005,0042500163,3,2026-04-23,1610612750,MIN,203944,Julius Randle,1610612743,DEN,1641747,DaRon Holmes II,12,2.1,11.11111,1.66205,34.1,0,1,0,0,0,0,0,0,0.0,0,0,0.0,0,0,0,0,0,0,0,nba_boxscorematchupsv3
1,2025-26,Playoffs,First Round,2026_den_min_api_20261005,0042500163,3,2026-04-23,1610612750,MIN,203944,Julius Randle,1610612743,DEN,1629661,Cameron Johnson,78,6.4,13.54167,10.80332,22.1,0,7,0,0,0,0,0,0,0.0,0,0,0.0,0,0,0,0,0,0,0,nba_boxscorematchupsv3
1,2025-26,Playoffs,First Round,2026_den_min_api_20261005,0042500163,3,2026-04-23,1610612750,MIN,203944,Julius Randle,1610612743,DEN,203999,Nikola Jokić,28,2.6,3.2520300000000004,3.87812,7.3,4,4,0,0,0,0,2,3,66.7,0,0,0.0,0,0,0,0,0,0,0,nba_boxscorematchupsv3
1,2025-26,Playoffs,First Round,2026_den_min_api_20261005,0042500163,3,2026-04-23,1610612750,MIN,203944,Julius Randle,1610612743,DEN,1642461,Spencer Jones,260,24.5,38.46154,36.01108,48.3,5,17,0,0,0,0,2,8,25.0,0,3,0.0,1,2,1,0,0,0,0,nba_boxscorematchupsv3
1,2025-26,Playoffs,First Round,2026_den_min_api_20261005,0042500163,3,2026-04-23,1610612750,MIN,203944,Julius Randle,1610612743,DEN,1626145,Tyus Jones,14,0.9,12.844040000000001,1.93906,11.899999999999999,0,3,0,0,0,0,0,0,0.0,0,0,0.0,0,0,0,0,0,0,0,nba_boxscorematchupsv3
1,2025-26,Playoffs,First Round,2026_den_min_api_20261005,0042500163,3,2026-04-23,1610612750,MIN,203944,Julius Randle,1610612743,DEN,1627750,Jamal Murray,91,6.7,11.003630000000001,12.60388,14.399999999999999,0,6,1,0,0,0,0,0,0.0,0,0,0.0,0,0,0,0,0,0,0,nba_boxscorematchupsv3
1,2025-26,Playoffs,First Round,2026_den_min_api_20261005,0042500163,3,2026-04-23,1610612750,MIN,203944,Julius Randle,1610612743,DEN,1630192,Zeke Nnaji,73,6.3,19.57105,10.110800000000001,25.900000000000002,4,9,0,0,0,0,1,2,50.0,0,0,0.0,2,4,2,0,0,0,0,nba_boxscorematchupsv3
1,2025-26,Playoffs,First Round,2026_den_min_api_20261005,0042500163,3,2026-04-23,1610612750,MIN,203944,Julius Randle,1610612743,DEN,1629618,Jalen Pickett,8,0.7,7.4074100000000005,1.1080299999999998,8.0,0,1,0,0,0,0,0,0,0.0,0,0,0.0,0,0,0,0,0,0,0,nba_boxscorematchupsv3
1,2025-26,Playoffs,First Round,2026_den_min_api_20261005,0042500163,3,2026-04-23,1610612750,MIN,203944,Julius Randle,1610612743,DEN,1631124,Julian Strawther,23,3.6,6.66667,3.1856000000000004,17.599999999999998,0,2,2,0,0,0,0,0,0.0,0,0,0.0,0,0,0,0,0,0,0,nba_boxscorematchupsv3
1,2025-26,Playoffs,First Round,2026_den_min_api_20261005,0042500163,3,2026-04-23,1610612750,MIN,203497,Rudy Gobert,1610612743,DEN,1631128,Christian Braun,29,4.6,5.123670000000001,3.2842599999999997,8.1,0,11,0,0,0,0,0,0,0.0,0,0,0.0,0,0,0,0,0,0,0,nba_boxscorematchupsv3
1,2025-26,Playoffs,First Round,2026_den_min_api_20261005,0042500163,3,2026-04-23,1610612750,MIN,203497,Rudy Gobert,1610612743,DEN,1628971,Bruce Brown,24,3.2,4.43623,2.71801,9.700000000000001,2,2,0,0,0,0,1,1,100.0,0,0,0.0,0,0,0,0,0,0,0,nba_boxscorematchupsv3
1,2025-26,Playoffs,First Round,2026_den_min_api_20261005,0042500163,3,2026-04-23,1610612750,MIN,203497,Rudy Gobert,1610612743,DEN,203501,Tim Hardaway Jr.,28,1.7,4.14201,3.17101,3.8,0,8,0,0,0,0,0,0,0.0,0,0,0.0,0,0,0,0,0,0,0,nba_boxscorematchupsv3
1,2025-26,Playoffs,First Round,2026_den_min_api_20261005,0042500163,3,2026-04-23,1610612750,MIN,203497,Rudy Gobert,1610612743,DEN,1641747,DaRon Holmes II,1,0.1,0.92593,0.11325,5.5,0,0,0,0,0,0,0,0,0.0,0,0,0.0,0,0,0,0,0,0,0,nba_boxscorematchupsv3
1,2025-26,Playoffs,First Round,2026_den_min_api_20261005,0042500163,3,2026-04-23,1610612750,MIN,203497,Rudy Gobert,1610612743,DEN,1629661,Cameron Johnson,38,3.2,6.597219999999999,4.30351,7.6,0,6,0,0,0,0,0,0,0.0,0,0,0.0,0,0,0,0,0,0,0,nba_boxscorematchupsv3
1,2025-26,Playoffs,First Round,2026_den_min_api_20261005,0042500163,3,2026-04-23,1610612750,MIN,203497,Rudy Gobert,1610612743,DEN,203999,Nikola Jokić,647,51.6,75.14518,73.27293,70.8,7,38,3,0,0,0,2,5,40.0,0,0,0.0,3,3,2,0,0,0,0,nba_boxscorematchupsv3
1,2025-26,Playoffs,First Round,2026_den_min_api_20261005,0042500163,3,2026-04-23,1610612750,MIN,203497,Rudy Gobert,1610612743,DEN,1642461,Spencer Jones,40,2.9,5.91716,4.53001,7.3999999999999995,0,13,0,0,0,0,0,1,0.0,0,0,0.0,0,0,0,0,0,0,0,nba_boxscorematchupsv3
1,2025-26,Playoffs,First Round,2026_den_min_api_20261005,0042500163,3,2026-04-23,1610612750,MIN,203497,Rudy Gobert,1610612743,DEN,1627750,Jamal Murray,42,2.8,5.0786,4.75651,6.9,0,10,0,0,0,0,0,0,0.0,0,0,0.0,0,0,0,0,0,0,0,nba_boxscorematchupsv3
1,2025-26,Playoffs,First Round,2026_den_min_api_20261005,0042500163,3,2026-04-23,1610612750,MIN,203497,Rudy Gobert,1610612743,DEN,1630192,Zeke Nnaji,22,2.2,5.89812,2.49151,28.000000000000004,0,4,0,0,0,0,0,0,0.0,0,0,0.0,0,0,0,0,0,0,0,nba_boxscorematchupsv3
1,2025-26,Playoffs,First Round,2026_den_min_api_20261005,0042500163,3,2026-04-23,1610612750,MIN,203497,Rudy Gobert,1610612743,DEN,1631124,Julian Strawther,12,1.8,3.4782599999999997,1.359,8.4,1,3,0,0,0,0,0,0,0.0,0,0,0.0,1,2,0,0,0,0,0,nba_boxscorematchupsv3
1,2025-26,Playoffs,First Round,2026_den_min_api_20261005,0042500163,3,2026-04-23,1610612750,MIN,1630162,Anthony Edwards,1610612743,DEN,1631128,Christian Braun,205,16.9,36.21908,37.34062,57.599999999999994,0,9,2,0,2,0,0,1,0.0,0,0,0.0,0,0,0,0,0,0,0,nba_boxscorematchupsv3
1,2025-26,Playoffs,First Round,2026_den_min_api_20261005,0042500163,3,2026-04-23,1610612750,MIN,1630162,Anthony Edwards,1610612743,DEN,1628971,Bruce Brown,80,7.1,14.787429999999999,14.571950000000001,37.4,1,5,0,0,0,0,0,1,0.0,0,1,0.0,1,1,1,0,0,0,0,nba_boxscorematchupsv3
1,2025-26,Playoffs,First Round,2026_den_min_api_20261005,0042500163,3,2026-04-23,1610612750,MIN,1630162,Anthony Edwards,1610612743,DEN,203501,Tim Hardaway Jr.,42,4.2,6.213019999999999,7.650270000000001,20.1,3,5,0,0,0,0,1,1,100.0,1,1,100.0,0,0,0,0,0,0,0,nba_boxscorematchupsv3
1,2025-26,Playoffs,First Round,2026_den_min_api_20261005,0042500163,3,2026-04-23,1610612750,MIN,1630162,Anthony Edwards,1610612743,DEN,1629661,Cameron Johnson,50,3.1,8.68056,9.10747,15.5,0,2,0,0,0,0,0,1,0.0,0,1,0.0,0,0,0,0,0,0,0,nba_boxscorematchupsv3
1,2025-26,Playoffs,First Round,2026_den_min_api_20261005,0042500163,3,2026-04-23,1610612750,MIN,1630162,Anthony Edwards,1610612743,DEN,203999,Nikola Jokić,28,2.5,3.2520300000000004,5.10018,8.799999999999999,5,12,0,0,0,0,2,2,100.0,1,1,100.0,0,0,0,0,0,0,0,nba_boxscorematchupsv3
1,2025-26,Playoffs,First Round,2026_den_min_api_20261005,0042500163,3,2026-04-23,1610612750,MIN,1630162,Anthony Edwards,1610612743,DEN,1642461,Spencer Jones,47,4.8,6.95266,8.56102,11.700000000000001,2,4,0,0,0,0,0,0,0.0,0,0,0.0,2,2,1,0,0,0,0,nba_boxscorematchupsv3
1,2025-26,Playoffs,First Round,2026_den_min_api_20261005,0042500163,3,2026-04-23,1610612750,MIN,1630162,Anthony Edwards,1610612743,DEN,1627750,Jamal Murray,64,4.2,7.73881,11.65756,11.700000000000001,4,9,1,0,0,0,2,7,28.599999999999998,0,3,0.0,0,0,0,0,0,0,0,nba_boxscorematchupsv3
1,2025-26,Playoffs,First Round,2026_den_min_api_20261005,0042500163,3,2026-04-23,1610612750,MIN,1630162,Anthony Edwards,1610612743,DEN,1630192,Zeke Nnaji,24,3.5,6.4343200000000005,4.37158,12.2,0,2,0,0,0,0,0,0,0.0,0,0,0.0,0,0,0,0,0,0,0,nba_boxscorematchupsv3
1,2025-26,Playoffs,First Round,2026_den_min_api_20261005,0042500163,3,2026-04-23,1610612750,MIN,1630162,Anthony Edwards,1610612743,DEN,1631124,Julian Strawther,9,1.8,2.6087,1.6393399999999998,11.799999999999999,2,3,0,0,0,0,1,1,100.0,0,0,0.0,0,0,0,0,0,0,0,nba_boxscorematchupsv3
1,2025-26,Playoffs,First Round,2026_den_min_api_20261005,0042500163,3,2026-04-23,1610612750,MIN,1628978,Donte DiVincenzo,1610612743,DEN,1631128,Christian Braun,126,8.1,22.26148,16.622690000000002,23.200000000000003,0,10,1,0,0,1,0,1,0.0,0,1,0.0,0,0,0,0,0,0,0,nba_boxscorematchupsv3
1,2025-26,Playoffs,First Round,2026_den_min_api_20261005,0042500163,3,2026-04-23,1610612750,MIN,1628978,Donte DiVincenzo,1610612743,DEN,1628971,Bruce Brown,60,5.4,11.09057,7.91557,20.9,3,8,0,0,0,0,1,1,100.0,1,1,100.0,0,0,0,0,0,0,0,nba_boxscorematchupsv3
1,2025-26,Playoffs,First Round,2026_den_min_api_20261005,0042500163,3,2026-04-23,1610612750,MIN,1628978,Donte DiVincenzo,1610612743,DEN,203501,Tim Hardaway Jr.,106,9.3,15.68047,13.98417,26.6,0,17,1,0,1,0,0,1,0.0,0,1,0.0,0,0,0,0,0,0,0,nba_boxscorematchupsv3
1,2025-26,Playoffs,First Round,2026_den_min_api_20261005,0042500163,3,2026-04-23,1610612750,MIN,1628978,Donte DiVincenzo,1610612743,DEN,1641747,DaRon Holmes II,33,2.6,30.55556,4.35356,33.1,3,5,0,0,0,0,1,1,100.0,1,1,100.0,0,0,0,0,0,0,0,nba_boxscorematchupsv3
1,2025-26,Playoffs,First Round,2026_den_min_api_20261005,0042500163,3,2026-04-23,1610612750,MIN,1628978,Donte DiVincenzo,1610612743,DEN,1629661,Cameron Johnson,87,8.2,15.10417,11.47757,18.9,0,14,0,0,0,0,0,0,0.0,0,0,0.0,0,0,0,0,0,0,0,nba_boxscorematchupsv3
1,2025-26,Playoffs,First Round,2026_den_min_api_20261005,0042500163,3,2026-04-23,1610612750,MIN,1628978,Donte DiVincenzo,1610612743,DEN,203999,Nikola Jokić,27,3.4,3.1358900000000003,3.5620100000000003,5.7,3,3,0,0,0,0,1,2,50.0,1,1,100.0,0,0,0,0,0,0,0,nba_boxscorematchupsv3
1,2025-26,Playoffs,First Round,2026_den_min_api_20261005,0042500163,3,2026-04-23,1610612750,MIN,1628978,Donte DiVincenzo,1610612743,DEN,1642461,Spencer Jones,28,2.4,4.14201,3.69393,8.3,0,2,0,0,0,0,0,1,0.0,0,1,0.0,0,0,0,0,0,0,0,nba_boxscorematchupsv3
1,2025-26,Playoffs,First Round,2026_den_min_api_20261005,0042500163,3,2026-04-23,1610612750,MIN,1628978,Donte DiVincenzo,1610612743,DEN,1626145,Tyus Jones,6,1.2,5.50459,0.79156,7.9,2,2,0,0,0,0,1,1,100.0,0,0,0.0,0,0,0,0,0,0,0,nba_boxscorematchupsv3
1,2025-26,Playoffs,First Round,2026_den_min_api_20261005,0042500163,3,2026-04-23,1610612750,MIN,1628978,Donte DiVincenzo,1610612743,DEN,1627750,Jamal Murray,155,15.9,18.74244,20.448549999999997,31.2,2,9,1,0,0,0,1,1,100.0,0,0,0.0,0,0,0,0,0,0,0,nba_boxscorematchupsv3
1,2025-26,Playoffs,First Round,2026_den_min_api_20261005,0042500163,3,2026-04-23,1610612750,MIN,1628978,Donte DiVincenzo,1610612743,DEN,1629618,Jalen Pickett,12,1.5,11.11111,1.58311,19.1,0,2,0,0,0,0,0,1,0.0,0,1,0.0,0,0,0,0,0,0,0,nba_boxscorematchupsv3
1,2025-26,Playoffs,First Round,2026_den_min_api_20261005,0042500163,3,2026-04-23,1610612750,MIN,1628978,Donte DiVincenzo,1610612743,DEN,1631124,Julian Strawther,118,13.0,34.2029,15.56728,51.9,2,11,1,0,0,0,1,2,50.0,0,1,0.0,0,0,0,0,0,0,0,nba_boxscorematchupsv3
1,2025-26,Playoffs,First Round,2026_den_min_api_20261005,0042500163,3,2026-04-23,1610612750,MIN,1629675,Naz Reid,1610612743,DEN,1631128,Christian Braun,11,1.6,1.94346,2.37581,10.8,0,5,1,0,0,0,0,0,0.0,0,0,0.0,0,0,0,0,0,0,0,nba_boxscorematchupsv3
1,2025-26,Playoffs,First Round,2026_den_min_api_20261005,0042500163,3,2026-04-23,1610612750,MIN,1629675,Naz Reid,1610612743,DEN,1628971,Bruce Brown,59,4.3,10.90573,12.742980000000001,16.5,0,5,0,0,1,0,0,0,0.0,0,0,0.0,0,0,0,0,0,0,0,nba_boxscorematchupsv3
1,2025-26,Playoffs,First Round,2026_den_min_api_20261005,0042500163,3,2026-04-23,1610612750,MIN,1629675,Naz Reid,1610612743,DEN,203501,Tim Hardaway Jr.,47,3.4,6.95266,10.15119,10.299999999999999,0,4,0,0,1,0,0,2,0.0,0,2,0.0,0,0,0,0,0,0,0,nba_boxscorematchupsv3
1,2025-26,Playoffs,First Round,2026_den_min_api_20261005,0042500163,3,2026-04-23,1610612750,MIN,1629675,Naz Reid,1610612743,DEN,1629661,Cameron Johnson,89,5.4,15.451390000000002,19.222459999999998,42.6,0,6,0,0,0,0,0,0,0.0,0,0,0.0,0,0,0,0,0,0,0,nba_boxscorematchupsv3
1,2025-26,Playoffs,First Round,2026_den_min_api_20261005,0042500163,3,2026-04-23,1610612750,MIN,1629675,Naz Reid,1610612743,DEN,203999,Nikola Jokić,32,4.7,3.71661,6.911449999999999,13.4,2,4,1,0,0,0,1,2,50.0,0,0,0.0,0,0,0,0,0,0,0,nba_boxscorematchupsv3
1,2025-26,Playoffs,First Round,2026_den_min_api_20261005,0042500163,3,2026-04-23,1610612750,MIN,1629675,Naz Reid,1610612743,DEN,1642461,Spencer Jones,89,5.6,13.165679999999998,19.222459999999998,30.0,0,2,0,0,0,0,0,1,0.0,0,0,0.0,0,0,0,0,0,0,0,nba_boxscorematchupsv3
1,2025-26,Playoffs,First Round,2026_den_min_api_20261005,0042500163,3,2026-04-23,1610612750,MIN,1629675,Naz Reid,1610612743,DEN,1627750,Jamal Murray,47,3.2,5.68319,10.15119,15.299999999999999,0,1,0,0,0,0,0,1,0.0,0,1,0.0,0,0,0,0,0,0,0,nba_boxscorematchupsv3
1,2025-26,Playoffs,First Round,2026_den_min_api_20261005,0042500163,3,2026-04-23,1610612750,MIN,1629675,Naz Reid,1610612743,DEN,1630192,Zeke Nnaji,73,6.4,19.57105,15.766740000000002,42.4,0,0,0,0,0,0,0,0,0.0,0,0,0.0,0,0,0,0,0,0,0,nba_boxscorematchupsv3
1,2025-26,Playoffs,First Round,2026_den_min_api_20261005,0042500163,3,2026-04-23,1610612750,MIN,1629675,Naz Reid,1610612743,DEN,1631124,Julian Strawther,16,1.3,4.6376800000000005,3.4557200000000003,10.0,3,7,0,0,0,0,1,1,100.0,1,1,100.0,0,0,0,0,0,0,0,nba_boxscorematchupsv3
1,2025-26,Playoffs,First Round,2026_den_min_api_20261005,0042500163,3,2026-04-23,1610612750,MIN,1630245,Ayo Dosunmu,1610612743,DEN,1631128,Christian Braun,76,8.2,13.42756,9.7561,25.7,0,2,0,0,1,0,0,0,0.0,0,0,0.0,0,0,0,0,0,0,0,nba_boxscorematchupsv3
1,2025-26,Playoffs,First Round,2026_den_min_api_20261005,0042500163,3,2026-04-23,1610612750,MIN,1630245,Ayo Dosunmu,1610612743,DEN,1628971,Bruce Brown,98,9.5,18.1146,12.58023,21.3,8,17,2,0,0,0,4,4,100.0,0,0,0.0,0,0,0,0,0,0,0,nba_boxscorematchupsv3
1,2025-26,Playoffs,First Round,2026_den_min_api_20261005,0042500163,3,2026-04-23,1610612750,MIN,1630245,Ayo Dosunmu,1610612743,DEN,203501,Tim Hardaway Jr.,241,18.8,35.650890000000004,30.9371,39.2,2,19,2,0,1,0,0,3,0.0,0,3,0.0,2,2,1,0,0,0,0,nba_boxscorematchupsv3
1,2025-26,Playoffs,First Round,2026_den_min_api_20261005,0042500163,3,2026-04-23,1610612750,MIN,1630245,Ayo Dosunmu,1610612743,DEN,1641747,DaRon Holmes II,5,0.5,4.62963,0.6418499999999999,7.199999999999999,2,2,0,0,0,0,1,1,100.0,0,0,0.0,0,0,0,0,0,0,0,nba_boxscorematchupsv3
1,2025-26,Playoffs,First Round,2026_den_min_api_20261005,0042500163,3,2026-04-23,1610612750,MIN,1630245,Ayo Dosunmu,1610612743,DEN,1629661,Cameron Johnson,41,5.8,7.11806,5.26316,13.4,2,5,0,0,0,0,1,1,100.0,0,0,0.0,0,0,0,0,0,0,0,nba_boxscorematchupsv3
1,2025-26,Playoffs,First Round,2026_den_min_api_20261005,0042500163,3,2026-04-23,1610612750,MIN,1630245,Ayo Dosunmu,1610612743,DEN,203999,Nikola Jokić,35,2.6,4.065040000000001,4.49294,5.6000000000000005,6,9,0,0,0,0,2,3,66.7,0,0,0.0,2,2,1,0,0,0,0,nba_boxscorematchupsv3
1,2025-26,Playoffs,First Round,2026_den_min_api_20261005,0042500163,3,2026-04-23,1610612750,MIN,1630245,Ayo Dosunmu,1610612743,DEN,1642461,Spencer Jones,42,2.7,6.213019999999999,5.3915299999999995,11.700000000000001,2,5,0,0,0,0,1,1,100.0,0,0,0.0,0,0,0,0,0,0,0,nba_boxscorematchupsv3
1,2025-26,Playoffs,First Round,2026_den_min_api_20261005,0042500163,3,2026-04-23,1610612750,MIN,1630245,Ayo Dosunmu,1610612743,DEN,1626145,Tyus Jones,29,4.0,26.6055,3.7227200000000003,53.400000000000006,0,2,1,0,0,0,0,0,0.0,0,0,0.0,0,0,0,0,0,0,0,nba_boxscorematchupsv3
1,2025-26,Playoffs,First Round,2026_den_min_api_20261005,0042500163,3,2026-04-23,1610612750,MIN,1630245,Ayo Dosunmu,1610612743,DEN,1627750,Jamal Murray,111,8.5,13.42201,14.249039999999999,21.7,0,10,0,0,0,0,0,0,0.0,0,0,0.0,0,0,0,0,0,0,0,nba_boxscorematchupsv3
1,2025-26,Playoffs,First Round,2026_den_min_api_20261005,0042500163,3,2026-04-23,1610612750,MIN,1630245,Ayo Dosunmu,1610612743,DEN,1630192,Zeke Nnaji,37,3.4,9.91957,4.74968,14.6,3,11,1,0,0,0,1,2,50.0,0,0,0.0,1,2,1,0,0,0,0,nba_boxscorematchupsv3
1,2025-26,Playoffs,First Round,2026_den_min_api_20261005,0042500163,3,2026-04-23,1610612750,MIN,1630245,Ayo Dosunmu,1610612743,DEN,1629618,Jalen Pickett,29,2.4,26.85185,3.7227200000000003,25.900000000000002,0,4,2,0,0,0,0,0,0.0,0,0,0.0,0,0,0,0,0,0,0,nba_boxscorematchupsv3
1,2025-26,Playoffs,First Round,2026_den_min_api_20261005,0042500163,3,2026-04-23,1610612750,MIN,1630245,Ayo Dosunmu,1610612743,DEN,1631124,Julian Strawther,35,2.5,10.14493,4.49294,12.6,0,0,0,0,0,0,0,0,0.0,0,0,0.0,0,0,0,0,0,0,0,nba_boxscorematchupsv3
1,2025-26,Playoffs,First Round,2026_den_min_api_20261005,0042500163,3,2026-04-23,1610612750,MIN,1630538,Bones Hyland,1610612743,DEN,1631128,Christian Braun,26,1.3,4.593640000000001,6.73575,56.00000000000001,0,2,0,0,0,0,0,0,0.0,0,0,0.0,0,0,0,0,0,0,0,nba_boxscorematchupsv3
1,2025-26,Playoffs,First Round,2026_den_min_api_20261005,0042500163,3,2026-04-23,1610612750,MIN,1630538,Bones Hyland,1610612743,DEN,1628971,Bruce Brown,131,11.3,24.21442,33.93782,35.6,0,10,0,0,1,0,0,1,0.0,0,1,0.0,0,0,0,0,0,0,0,nba_boxscorematchupsv3
1,2025-26,Playoffs,First Round,2026_den_min_api_20261005,0042500163,3,2026-04-23,1610612750,MIN,1630538,Bones Hyland,1610612743,DEN,203501,Tim Hardaway Jr.,50,5.1,7.396450000000001,12.95337,18.4,0,3,0,0,0,0,0,1,0.0,0,1,0.0,0,0,0,0,0,0,0,nba_boxscorematchupsv3
1,2025-26,Playoffs,First Round,2026_den_min_api_20261005,0042500163,3,2026-04-23,1610612750,MIN,1630538,Bones Hyland,1610612743,DEN,1629661,Cameron Johnson,16,1.9,2.77778,4.14508,15.0,0,2,0,0,0,0,0,0,0.0,0,0,0.0,0,0,0,0,0,0,0,nba_boxscorematchupsv3
1,2025-26,Playoffs,First Round,2026_den_min_api_20261005,0042500163,3,2026-04-23,1610612750,MIN,1630538,Bones Hyland,1610612743,DEN,203999,Nikola Jokić,14,1.5,1.6260199999999998,3.62694,7.7,6,6,0,0,0,0,2,2,100.0,2,2,100.0,0,0,0,0,0,0,0,nba_boxscorematchupsv3
1,2025-26,Playoffs,First Round,2026_den_min_api_20261005,0042500163,3,2026-04-23,1610612750,MIN,1630538,Bones Hyland,1610612743,DEN,1642461,Spencer Jones,36,3.2,5.32544,9.32642,16.900000000000002,0,3,0,0,1,0,0,1,0.0,0,0,0.0,0,0,0,0,0,0,0,nba_boxscorematchupsv3
1,2025-26,Playoffs,First Round,2026_den_min_api_20261005,0042500163,3,2026-04-23,1610612750,MIN,1630538,Bones Hyland,1610612743,DEN,1627750,Jamal Murray,22,1.7,2.66022,5.699479999999999,9.8,0,0,0,0,0,0,0,0,0.0,0,0,0.0,0,0,0,0,0,0,0,nba_boxscorematchupsv3
1,2025-26,Playoffs,First Round,2026_den_min_api_20261005,0042500163,3,2026-04-23,1610612750,MIN,1630538,Bones Hyland,1610612743,DEN,1630192,Zeke Nnaji,39,3.3,10.45576,10.103629999999999,17.4,0,5,0,0,0,0,0,0,0.0,0,0,0.0,0,0,0,0,0,0,0,nba_boxscorematchupsv3
1,2025-26,Playoffs,First Round,2026_den_min_api_20261005,0042500163,3,2026-04-23,1610612750,MIN,1630538,Bones Hyland,1610612743,DEN,1631124,Julian Strawther,52,4.0,15.07246,13.4715,22.8,0,1,0,0,0,0,0,0,0.0,0,0,0.0,0,0,0,0,0,0,0,nba_boxscorematchupsv3
1,2025-26,Playoffs,First Round,2026_den_min_api_20261005,0042500163,3,2026-04-23,1610612750,MIN,203937,Kyle Anderson,1610612743,DEN,203501,Tim Hardaway Jr.,4,1.2,0.59172,3.07692,19.400000000000002,0,0,0,0,0,0,0,0,0.0,0,0,0.0,0,0,0,0,0,0,0,nba_boxscorematchupsv3
1,2025-26,Playoffs,First Round,2026_den_min_api_20261005,0042500163,3,2026-04-23,1610612750,MIN,203937,Kyle Anderson,1610612743,DEN,1641747,DaRon Holmes II,26,0.8,24.07407,20.0,14.7,0,1,0,0,0,0,0,1,0.0,0,0,0.0,0,0,0,0,0,0,0,nba_boxscorematchupsv3
1,2025-26,Playoffs,First Round,2026_den_min_api_20261005,0042500163,3,2026-04-23,1610612750,MIN,203937,Kyle Anderson,1610612743,DEN,1642461,Spencer Jones,4,0.3,0.59172,3.07692,15.1,0,0,0,0,0,0,0,0,0.0,0,0,0.0,0,0,0,0,0,0,0,nba_boxscorematchupsv3
1,2025-26,Playoffs,First Round,2026_den_min_api_20261005,0042500163,3,2026-04-23,1610612750,MIN,203937,Kyle Anderson,1610612743,DEN,1626145,Tyus Jones,16,0.9,14.6789,12.307690000000001,16.2,0,0,0,0,0,0,0,0,0.0,0,0,0.0,0,0,0,0,0,0,0,nba_boxscorematchupsv3
1,2025-26,Playoffs,First Round,2026_den_min_api_20261005,0042500163,3,2026-04-23,1610612750,MIN,203937,Kyle Anderson,1610612743,DEN,1627750,Jamal Murray,3,0.3,0.36275999999999997,2.30769,14.6,0,0,0,0,0,0,0,0,0.0,0,0,0.0,0,0,0,0,0,0,0,nba_boxscorematchupsv3
1,2025-26,Playoffs,First Round,2026_den_min_api_20261005,0042500163,3,2026-04-23,1610612750,MIN,203937,Kyle Anderson,1610612743,DEN,1630192,Zeke Nnaji,43,3.0,11.52815,33.07692,35.199999999999996,0,5,0,0,0,0,0,0,0.0,0,0,0.0,0,0,0,0,0,0,0,nba_boxscorematchupsv3
1,2025-26,Playoffs,First Round,2026_den_min_api_20261005,0042500163,3,2026-04-23,1610612750,MIN,203937,Kyle Anderson,1610612743,DEN,1629618,Jalen Pickett,16,1.2,14.814810000000001,12.307690000000001,21.3,0,0,0,0,0,0,0,0,0.0,0,0,0.0,0,0,0,0,0,0,0,nba_boxscorematchupsv3
1,2025-26,Playoffs,First Round,2026_den_min_api_20261005,0042500163,3,2026-04-23,1610612750,MIN,203937,Kyle Anderson,1610612743,DEN,1631124,Julian Strawther,18,1.5,5.21739,13.846149999999998,21.9,0,7,0,0,0,0,0,0,0.0,0,0,0.0,0,0,0,0,0,0,0,nba_boxscorematchupsv3
1,2025-26,Playoffs,First Round,2026_den_min_api_20261005,0042500163,3,2026-04-23,1610612750,MIN,1641763,Julian Phillips,1610612743,DEN,1641747,DaRon Holmes II,3,1.0,2.77778,7.31707,21.3,0,2,0,0,0,0,0,0,0.0,0,0,0.0,0,0,0,0,0,0,0,nba_boxscorematchupsv3
1,2025-26,Playoffs,First Round,2026_den_min_api_20261005,0042500163,3,2026-04-23,1610612750,MIN,1641763,Julian Phillips,1610612743,DEN,1626145,Tyus Jones,7,0.0,6.422020000000001,17.073169999999998,0.0,0,0,0,0,0,0,0,0,0.0,0,0,0.0,0,0,0,0,0,0,0,nba_boxscorematchupsv3
1,2025-26,Playoffs,First Round,2026_den_min_api_20261005,0042500163,3,2026-04-23,1610612750,MIN,1641763,Julian Phillips,1610612743,DEN,1629618,Jalen Pickett,25,1.0,23.14815,60.97561,78.7,0,3,0,0,0,0,0,0,0.0,0,0,0.0,0,0,0,0,0,0,0,nba_boxscorematchupsv3
1,2025-26,Playoffs,First Round,2026_den_min_api_20261005,0042500163,3,2026-04-23,1610612750,MIN,1641763,Julian Phillips,1610612743,DEN,1631124,Julian Strawther,6,0.0,1.7391299999999998,14.634150000000002,0.0,0,0,0,0,0,0,0,0,0.0,0,0,0.0,0,0,0,0,0,0,0,nba_boxscorematchupsv3
1,2025-26,Playoffs,First Round,2026_den_min_api_20261005,0042500163,3,2026-04-23,1610612743,DEN,1629661,Cameron Johnson,1610612750,MIN,1628978,Donte DiVincenzo,94,9.8,13.27684,19.06694,20.599999999999998,6,7,0,0,0,0,2,3,66.7,0,1,0.0,2,2,1,0,0,0,0,nba_boxscorematchupsv3
1,2025-26,Playoffs,First Round,2026_den_min_api_20261005,0042500163,3,2026-04-23,1610612743,DEN,1629661,Cameron Johnson,1610612750,MIN,1630245,Ayo Dosunmu,90,7.6,13.37296,18.25558,28.1,0,8,0,0,0,0,0,1,0.0,0,0,0.0,0,0,0,0,0,0,0,nba_boxscorematchupsv3
1,2025-26,Playoffs,First Round,2026_den_min_api_20261005,0042500163,3,2026-04-23,1610612743,DEN,1629661,Cameron Johnson,1610612750,MIN,1630162,Anthony Edwards,126,7.4,23.63977,25.557809999999996,43.9,0,2,1,0,0,0,0,1,0.0,0,1,0.0,0,0,0,0,0,0,0,nba_boxscorematchupsv3
1,2025-26,Playoffs,First Round,2026_den_min_api_20261005,0042500163,3,2026-04-23,1610612743,DEN,1629661,Cameron Johnson,1610612750,MIN,203497,Rudy Gobert,26,2.1,3.4031400000000005,5.27383,4.9,0,8,0,0,0,0,0,0,0.0,0,0,0.0,0,0,0,0,0,0,0,nba_boxscorematchupsv3
1,2025-26,Playoffs,First Round,2026_den_min_api_20261005,0042500163,3,2026-04-23,1610612743,DEN,1629661,Cameron Johnson,1610612750,MIN,1630538,Bones Hyland,20,2.5,6.55738,4.0568,19.0,0,0,0,0,0,0,0,0,0.0,0,0,0.0,0,0,0,0,0,0,0,nba_boxscorematchupsv3
1,2025-26,Playoffs,First Round,2026_den_min_api_20261005,0042500163,3,2026-04-23,1610612743,DEN,1629661,Cameron Johnson,1610612750,MIN,1630183,Jaden McDaniels,36,6.6,4.02235,7.30223,11.4,0,2,0,0,0,0,0,0,0.0,0,0,0.0,0,0,0,0,0,0,0,nba_boxscorematchupsv3
1,2025-26,Playoffs,First Round,2026_den_min_api_20261005,0042500163,3,2026-04-23,1610612743,DEN,1629661,Cameron Johnson,1610612750,MIN,203944,Julius Randle,65,6.0,8.54139,13.18458,18.5,0,7,0,0,0,0,0,0,0.0,0,0,0.0,0,0,0,0,0,0,0,nba_boxscorematchupsv3
1,2025-26,Playoffs,First Round,2026_den_min_api_20261005,0042500163,3,2026-04-23,1610612743,DEN,1629661,Cameron Johnson,1610612750,MIN,1629675,Naz Reid,36,3.8,10.87613,7.30223,30.0,0,2,0,0,0,0,0,1,0.0,0,1,0.0,0,0,0,0,0,0,0,nba_boxscorematchupsv3
1,2025-26,Playoffs,First Round,2026_den_min_api_20261005,0042500163,3,2026-04-23,1610612743,DEN,1642461,Spencer Jones,1610612750,MIN,203937,Kyle Anderson,4,0.4,3.38983,0.61538,7.6,0,0,0,0,0,0,0,0,0.0,0,0,0.0,0,0,0,0,0,0,0,nba_boxscorematchupsv3
1,2025-26,Playoffs,First Round,2026_den_min_api_20261005,0042500163,3,2026-04-23,1610612743,DEN,1642461,Spencer Jones,1610612750,MIN,1628978,Donte DiVincenzo,38,3.8,5.36723,5.84615,9.2,0,2,0,0,0,0,0,0,0.0,0,0,0.0,0,0,0,0,0,0,0,nba_boxscorematchupsv3
1,2025-26,Playoffs,First Round,2026_den_min_api_20261005,0042500163,3,2026-04-23,1610612743,DEN,1642461,Spencer Jones,1610612750,MIN,1630245,Ayo Dosunmu,32,3.6,4.75483,4.92308,13.200000000000001,0,2,0,0,0,0,0,0,0.0,0,0,0.0,0,0,0,0,0,0,0,nba_boxscorematchupsv3
1,2025-26,Playoffs,First Round,2026_den_min_api_20261005,0042500163,3,2026-04-23,1610612743,DEN,1642461,Spencer Jones,1610612750,MIN,1630162,Anthony Edwards,54,6.2,10.13133,8.30769,14.6,3,10,0,0,0,0,1,1,100.0,1,1,100.0,0,0,0,0,0,0,0,nba_boxscorematchupsv3
1,2025-26,Playoffs,First Round,2026_den_min_api_20261005,0042500163,3,2026-04-23,1610612743,DEN,1642461,Spencer Jones,1610612750,MIN,203497,Rudy Gobert,13,3.6,1.7015700000000002,2.0,6.3,0,2,0,0,0,0,0,0,0.0,0,0,0.0,0,0,0,0,0,0,0,nba_boxscorematchupsv3
1,2025-26,Playoffs,First Round,2026_den_min_api_20261005,0042500163,3,2026-04-23,1610612743,DEN,1642461,Spencer Jones,1610612750,MIN,1630538,Bones Hyland,12,1.1,3.93443,1.84615,7.3,0,1,0,0,0,0,0,0,0.0,0,0,0.0,0,0,0,0,0,0,0,nba_boxscorematchupsv3
1,2025-26,Playoffs,First Round,2026_den_min_api_20261005,0042500163,3,2026-04-23,1610612743,DEN,1642461,Spencer Jones,1610612750,MIN,1630183,Jaden McDaniels,75,5.2,8.37989,11.53846,10.6,3,9,0,0,1,0,1,2,50.0,1,1,100.0,0,0,0,0,0,0,0,nba_boxscorematchupsv3
1,2025-26,Playoffs,First Round,2026_den_min_api_20261005,0042500163,3,2026-04-23,1610612743,DEN,1642461,Spencer Jones,1610612750,MIN,203944,Julius Randle,313,21.7,41.13009,48.15385,52.2,0,16,0,0,0,0,0,0,0.0,0,0,0.0,0,0,0,0,0,0,0,nba_boxscorematchupsv3
1,2025-26,Playoffs,First Round,2026_den_min_api_20261005,0042500163,3,2026-04-23,1610612743,DEN,1642461,Spencer Jones,1610612750,MIN,1629675,Naz Reid,109,9.2,32.93051,16.76923,52.900000000000006,0,6,0,0,0,0,0,0,0.0,0,0,0.0,0,0,0,0,0,0,0,nba_boxscorematchupsv3
1,2025-26,Playoffs,First Round,2026_den_min_api_20261005,0042500163,3,2026-04-23,1610612743,DEN,203999,Nikola Jokić,1610612750,MIN,1628978,Donte DiVincenzo,18,1.8,2.54237,2.4064200000000002,2.9000000000000004,2,4,0,0,0,0,0,1,0.0,0,0,0.0,2,2,1,0,0,0,0,nba_boxscorematchupsv3
1,2025-26,Playoffs,First Round,2026_den_min_api_20261005,0042500163,3,2026-04-23,1610612743,DEN,203999,Nikola Jokić,1610612750,MIN,1630245,Ayo Dosunmu,22,3.3,3.2689500000000002,2.9411799999999997,6.2,0,8,1,0,0,0,0,1,0.0,0,1,0.0,0,0,0,0,0,0,0,nba_boxscorematchupsv3
1,2025-26,Playoffs,First Round,2026_den_min_api_20261005,0042500163,3,2026-04-23,1610612743,DEN,203999,Nikola Jokić,1610612750,MIN,1630162,Anthony Edwards,22,1.9,4.12758,2.9411799999999997,6.3,0,0,0,0,0,0,0,1,0.0,0,0,0.0,0,0,0,0,0,0,0,nba_boxscorematchupsv3
1,2025-26,Playoffs,First Round,2026_den_min_api_20261005,0042500163,3,2026-04-23,1610612743,DEN,203999,Nikola Jokić,1610612750,MIN,203497,Rudy Gobert,580,54.1,75.91623,77.54011,76.7,19,43,2,0,3,2,6,15,40.0,2,7,28.599999999999998,5,5,2,0,0,0,0,nba_boxscorematchupsv3
1,2025-26,Playoffs,First Round,2026_den_min_api_20261005,0042500163,3,2026-04-23,1610612743,DEN,203999,Nikola Jokić,1610612750,MIN,1630538,Bones Hyland,5,0.4,1.6393399999999998,0.66845,2.8000000000000003,2,2,0,0,0,0,0,0,0.0,0,0,0.0,2,2,0,0,0,0,0,nba_boxscorematchupsv3
1,2025-26,Playoffs,First Round,2026_den_min_api_20261005,0042500163,3,2026-04-23,1610612743,DEN,203999,Nikola Jokić,1610612750,MIN,1630183,Jaden McDaniels,38,4.7,4.24581,5.08021,7.7,0,5,0,0,0,0,0,1,0.0,0,1,0.0,0,0,0,0,0,0,0,nba_boxscorematchupsv3
1,2025-26,Playoffs,First Round,2026_den_min_api_20261005,0042500163,3,2026-04-23,1610612743,DEN,203999,Nikola Jokić,1610612750,MIN,203944,Julius Randle,34,4.0,4.46781,4.54545,8.5,0,1,0,0,0,1,0,3,0.0,0,1,0.0,0,0,0,0,0,0,0,nba_boxscorematchupsv3
1,2025-26,Playoffs,First Round,2026_den_min_api_20261005,0042500163,3,2026-04-23,1610612743,DEN,203999,Nikola Jokić,1610612750,MIN,1629675,Naz Reid,29,3.1,8.761330000000001,3.8770100000000003,11.0,4,7,0,0,0,0,1,3,33.300000000000004,0,0,0.0,2,2,1,0,0,0,0,nba_boxscorematchupsv3
1,2025-26,Playoffs,First Round,2026_den_min_api_20261005,0042500163,3,2026-04-23,1610612743,DEN,1631128,Christian Braun,1610612750,MIN,1628978,Donte DiVincenzo,191,12.9,26.977400000000003,36.73077,40.6,1,7,0,0,0,0,0,1,0.0,0,1,0.0,1,2,1,0,0,0,0,nba_boxscorematchupsv3
1,2025-26,Playoffs,First Round,2026_den_min_api_20261005,0042500163,3,2026-04-23,1610612743,DEN,1631128,Christian Braun,1610612750,MIN,1630245,Ayo Dosunmu,53,6.0,7.87519,10.19231,20.1,0,7,0,0,0,0,0,2,0.0,0,0,0.0,0,0,0,0,0,0,0,nba_boxscorematchupsv3
1,2025-26,Playoffs,First Round,2026_den_min_api_20261005,0042500163,3,2026-04-23,1610612743,DEN,1631128,Christian Braun,1610612750,MIN,1630162,Anthony Edwards,99,10.9,18.574109999999997,19.038459999999997,31.7,1,10,0,0,0,0,0,1,0.0,0,0,0.0,1,2,1,0,0,0,0,nba_boxscorematchupsv3
1,2025-26,Playoffs,First Round,2026_den_min_api_20261005,0042500163,3,2026-04-23,1610612743,DEN,1631128,Christian Braun,1610612750,MIN,203497,Rudy Gobert,42,3.6,5.497380000000001,8.07692,7.3,0,3,0,0,0,1,0,0,0.0,0,0,0.0,0,0,0,0,0,0,0,nba_boxscorematchupsv3
1,2025-26,Playoffs,First Round,2026_den_min_api_20261005,0042500163,3,2026-04-23,1610612743,DEN,1631128,Christian Braun,1610612750,MIN,1630538,Bones Hyland,19,2.0,6.22951,3.6538500000000003,60.9,0,2,0,0,0,0,0,0,0.0,0,0,0.0,0,0,0,0,0,0,0,nba_boxscorematchupsv3
1,2025-26,Playoffs,First Round,2026_den_min_api_20261005,0042500163,3,2026-04-23,1610612743,DEN,1631128,Christian Braun,1610612750,MIN,1630183,Jaden McDaniels,31,2.1,3.4636899999999997,5.96154,6.3,0,0,0,0,0,1,0,0,0.0,0,0,0.0,0,0,0,0,0,0,0,nba_boxscorematchupsv3
1,2025-26,Playoffs,First Round,2026_den_min_api_20261005,0042500163,3,2026-04-23,1610612743,DEN,1631128,Christian Braun,1610612750,MIN,203944,Julius Randle,65,8.2,8.54139,12.5,15.9,0,8,0,0,0,0,0,0,0.0,0,0,0.0,0,0,0,0,0,0,0,nba_boxscorematchupsv3
1,2025-26,Playoffs,First Round,2026_den_min_api_20261005,0042500163,3,2026-04-23,1610612743,DEN,1631128,Christian Braun,1610612750,MIN,1629675,Naz Reid,20,1.6,6.0423,3.84615,22.3,0,3,0,0,0,0,0,0,0.0,0,0,0.0,0,0,0,0,0,0,0,nba_boxscorematchupsv3
1,2025-26,Playoffs,First Round,2026_den_min_api_20261005,0042500163,3,2026-04-23,1610612743,DEN,1627750,Jamal Murray,1610612750,MIN,1628978,Donte DiVincenzo,76,8.4,10.73446,9.69388,16.1,0,3,0,0,0,0,0,1,0.0,0,1,0.0,0,0,0,0,0,0,0,nba_boxscorematchupsv3
1,2025-26,Playoffs,First Round,2026_den_min_api_20261005,0042500163,3,2026-04-23,1610612743,DEN,1627750,Jamal Murray,1610612750,MIN,1630245,Ayo Dosunmu,38,3.7,5.6463600000000005,4.84694,9.1,2,6,0,0,0,0,0,0,0.0,0,0,0.0,2,2,0,0,0,0,0,nba_boxscorematchupsv3
1,2025-26,Playoffs,First Round,2026_den_min_api_20261005,0042500163,3,2026-04-23,1610612743,DEN,1627750,Jamal Murray,1610612750,MIN,1630162,Anthony Edwards,73,5.3,13.69606,9.31122,13.4,8,8,0,0,1,0,3,5,60.0,0,0,0.0,2,2,1,0,0,0,0,nba_boxscorematchupsv3
1,2025-26,Playoffs,First Round,2026_den_min_api_20261005,0042500163,3,2026-04-23,1610612743,DEN,1627750,Jamal Murray,1610612750,MIN,203497,Rudy Gobert,41,3.0,5.36649,5.22959,6.9,1,1,0,0,0,0,0,2,0.0,0,0,0.0,1,2,1,0,0,0,0,nba_boxscorematchupsv3
1,2025-26,Playoffs,First Round,2026_den_min_api_20261005,0042500163,3,2026-04-23,1610612743,DEN,1627750,Jamal Murray,1610612750,MIN,1630538,Bones Hyland,10,0.3,3.27869,1.27551,5.2,0,3,1,0,0,0,0,0,0.0,0,0,0.0,0,0,0,0,0,0,0,nba_boxscorematchupsv3
1,2025-26,Playoffs,First Round,2026_den_min_api_20261005,0042500163,3,2026-04-23,1610612743,DEN,1627750,Jamal Murray,1610612750,MIN,1630183,Jaden McDaniels,481,39.7,53.743019999999994,61.352039999999995,59.9,4,35,2,0,0,0,2,8,25.0,0,4,0.0,0,0,0,0,0,0,0,nba_boxscorematchupsv3
1,2025-26,Playoffs,First Round,2026_den_min_api_20261005,0042500163,3,2026-04-23,1610612743,DEN,1627750,Jamal Murray,1610612750,MIN,203944,Julius Randle,57,6.0,7.49014,7.270409999999999,10.0,0,5,1,0,0,0,0,1,0.0,0,0,0.0,0,0,0,0,0,0,0,nba_boxscorematchupsv3
1,2025-26,Playoffs,First Round,2026_den_min_api_20261005,0042500163,3,2026-04-23,1610612743,DEN,1627750,Jamal Murray,1610612750,MIN,1629675,Naz Reid,8,1.0,2.4169199999999997,1.02041,6.3,0,2,0,0,0,0,0,0,0.0,0,0,0.0,0,0,0,0,0,0,0,nba_boxscorematchupsv3
1,2025-26,Playoffs,First Round,2026_den_min_api_20261005,0042500163,3,2026-04-23,1610612743,DEN,203501,Tim Hardaway Jr.,1610612750,MIN,203937,Kyle Anderson,10,1.2,8.47458,1.76367,22.3,0,0,0,0,0,0,0,0,0.0,0,0,0.0,0,0,0,0,0,0,0,nba_boxscorematchupsv3
1,2025-26,Playoffs,First Round,2026_den_min_api_20261005,0042500163,3,2026-04-23,1610612743,DEN,203501,Tim Hardaway Jr.,1610612750,MIN,1628978,Donte DiVincenzo,106,10.7,14.97175,18.69489,31.5,0,19,0,0,0,0,0,1,0.0,0,1,0.0,0,0,0,0,0,0,0,nba_boxscorematchupsv3
1,2025-26,Playoffs,First Round,2026_den_min_api_20261005,0042500163,3,2026-04-23,1610612743,DEN,203501,Tim Hardaway Jr.,1610612750,MIN,1630245,Ayo Dosunmu,235,20.5,34.91828,41.44621,44.5,0,15,0,0,0,0,0,2,0.0,0,1,0.0,0,0,0,0,0,0,0,nba_boxscorematchupsv3
1,2025-26,Playoffs,First Round,2026_den_min_api_20261005,0042500163,3,2026-04-23,1610612743,DEN,203501,Tim Hardaway Jr.,1610612750,MIN,1630162,Anthony Edwards,15,2.3,2.81426,2.6454999999999997,8.7,1,1,0,0,0,0,0,0,0.0,0,0,0.0,1,2,1,0,0,0,0,nba_boxscorematchupsv3
1,2025-26,Playoffs,First Round,2026_den_min_api_20261005,0042500163,3,2026-04-23,1610612743,DEN,203501,Tim Hardaway Jr.,1610612750,MIN,203497,Rudy Gobert,14,2.3,1.83246,2.46914,3.9,3,3,0,0,1,0,1,1,100.0,1,1,100.0,0,0,0,0,0,0,0,nba_boxscorematchupsv3
1,2025-26,Playoffs,First Round,2026_den_min_api_20261005,0042500163,3,2026-04-23,1610612743,DEN,203501,Tim Hardaway Jr.,1610612750,MIN,1630538,Bones Hyland,57,5.8,18.68852,10.052909999999999,24.3,0,4,0,0,0,0,0,2,0.0,0,2,0.0,0,0,0,0,0,0,0,nba_boxscorematchupsv3
1,2025-26,Playoffs,First Round,2026_den_min_api_20261005,0042500163,3,2026-04-23,1610612743,DEN,203501,Tim Hardaway Jr.,1610612750,MIN,1630183,Jaden McDaniels,89,7.8,9.94413,15.696650000000002,18.6,2,8,0,0,0,0,1,1,100.0,0,0,0.0,0,0,0,0,0,0,0,nba_boxscorematchupsv3
1,2025-26,Playoffs,First Round,2026_den_min_api_20261005,0042500163,3,2026-04-23,1610612743,DEN,203501,Tim Hardaway Jr.,1610612750,MIN,203944,Julius Randle,21,3.9,2.75953,3.7037,9.6,0,3,0,0,0,0,0,0,0.0,0,0,0.0,0,0,0,0,0,0,0,nba_boxscorematchupsv3
1,2025-26,Playoffs,First Round,2026_den_min_api_20261005,0042500163,3,2026-04-23,1610612743,DEN,203501,Tim Hardaway Jr.,1610612750,MIN,1629675,Naz Reid,20,1.9,6.0423,3.52734,7.3,5,5,0,0,0,0,1,1,100.0,1,1,100.0,2,2,1,0,0,0,0,nba_boxscorematchupsv3
1,2025-26,Playoffs,First Round,2026_den_min_api_20261005,0042500163,3,2026-04-23,1610612743,DEN,1631124,Julian Strawther,1610612750,MIN,203937,Kyle Anderson,19,2.7,16.101689999999998,6.76157,36.8,2,2,0,0,1,0,1,2,50.0,0,1,0.0,0,0,0,0,0,0,0,nba_boxscorematchupsv3
1,2025-26,Playoffs,First Round,2026_den_min_api_20261005,0042500163,3,2026-04-23,1610612743,DEN,1631124,Julian Strawther,1610612750,MIN,1628978,Donte DiVincenzo,95,9.0,13.41808,33.80783,47.0,1,5,0,0,0,0,0,0,0.0,0,0,0.0,1,2,0,0,0,0,0,nba_boxscorematchupsv3
1,2025-26,Playoffs,First Round,2026_den_min_api_20261005,0042500163,3,2026-04-23,1610612743,DEN,1631124,Julian Strawther,1610612750,MIN,1630245,Ayo Dosunmu,13,1.4,1.93165,4.62633,7.3,0,3,0,0,0,0,0,0,0.0,0,0,0.0,0,0,0,0,0,0,0,nba_boxscorematchupsv3
1,2025-26,Playoffs,First Round,2026_den_min_api_20261005,0042500163,3,2026-04-23,1610612743,DEN,1631124,Julian Strawther,1610612750,MIN,1630162,Anthony Edwards,1,0.0,0.18762,0.35587,0.5,0,0,0,0,0,0,0,0,0.0,0,0,0.0,0,0,0,0,0,0,0,nba_boxscorematchupsv3
1,2025-26,Playoffs,First Round,2026_den_min_api_20261005,0042500163,3,2026-04-23,1610612743,DEN,1631124,Julian Strawther,1610612750,MIN,203497,Rudy Gobert,12,1.6,1.57068,4.27046,9.9,0,4,0,0,0,0,0,2,0.0,0,0,0.0,0,0,0,0,0,0,0,nba_boxscorematchupsv3
1,2025-26,Playoffs,First Round,2026_den_min_api_20261005,0042500163,3,2026-04-23,1610612743,DEN,1631124,Julian Strawther,1610612750,MIN,1630538,Bones Hyland,101,8.0,33.11475,35.943059999999996,53.2,0,14,0,0,0,0,0,0,0.0,0,0,0.0,0,0,0,0,0,0,0,nba_boxscorematchupsv3
1,2025-26,Playoffs,First Round,2026_den_min_api_20261005,0042500163,3,2026-04-23,1610612743,DEN,1631124,Julian Strawther,1610612750,MIN,1630183,Jaden McDaniels,14,0.6,1.56425,4.98221,6.4,0,3,0,0,0,0,0,1,0.0,0,1,0.0,0,0,0,0,0,0,0,nba_boxscorematchupsv3
1,2025-26,Playoffs,First Round,2026_den_min_api_20261005,0042500163,3,2026-04-23,1610612743,DEN,1631124,Julian Strawther,1610612750,MIN,203944,Julius Randle,26,2.6,3.4165599999999996,9.25267,14.499999999999998,3,5,0,0,0,0,1,2,50.0,1,1,100.0,0,0,0,0,0,0,0,nba_boxscorematchupsv3
1,2025-26,Playoffs,First Round,2026_den_min_api_20261005,0042500163,3,2026-04-23,1610612743,DEN,1628971,Bruce Brown,1610612750,MIN,203937,Kyle Anderson,1,0.0,0.8474600000000001,0.20833000000000002,1.7999999999999998,0,0,0,0,0,0,0,0,0.0,0,0,0.0,0,0,0,0,0,0,0,nba_boxscorematchupsv3
1,2025-26,Playoffs,First Round,2026_den_min_api_20261005,0042500163,3,2026-04-23,1610612743,DEN,1628971,Bruce Brown,1610612750,MIN,1628978,Donte DiVincenzo,47,5.4,6.63842,9.79167,21.6,2,7,0,0,1,0,1,1,100.0,0,0,0.0,0,0,0,0,0,0,0,nba_boxscorematchupsv3
1,2025-26,Playoffs,First Round,2026_den_min_api_20261005,0042500163,3,2026-04-23,1610612743,DEN,1628971,Bruce Brown,1610612750,MIN,1630245,Ayo Dosunmu,91,8.7,13.52155,18.95833,23.599999999999998,0,12,0,0,0,0,0,0,0.0,0,0,0.0,0,0,0,0,0,0,0,nba_boxscorematchupsv3
1,2025-26,Playoffs,First Round,2026_den_min_api_20261005,0042500163,3,2026-04-23,1610612743,DEN,1628971,Bruce Brown,1610612750,MIN,1630162,Anthony Edwards,117,6.7,21.95122,24.375,41.3,2,6,0,0,0,0,1,1,100.0,0,0,0.0,0,0,0,0,0,0,0,nba_boxscorematchupsv3
1,2025-26,Playoffs,First Round,2026_den_min_api_20261005,0042500163,3,2026-04-23,1610612743,DEN,1628971,Bruce Brown,1610612750,MIN,203497,Rudy Gobert,15,2.1,1.9633500000000002,3.125,5.2,0,2,2,0,0,0,0,1,0.0,0,0,0.0,0,0,0,0,0,0,0,nba_boxscorematchupsv3
1,2025-26,Playoffs,First Round,2026_den_min_api_20261005,0042500163,3,2026-04-23,1610612743,DEN,1628971,Bruce Brown,1610612750,MIN,1630538,Bones Hyland,78,9.4,25.57377,16.25,29.7,2,9,0,0,0,0,1,1,100.0,0,0,0.0,0,0,0,0,0,0,0,nba_boxscorematchupsv3
1,2025-26,Playoffs,First Round,2026_den_min_api_20261005,0042500163,3,2026-04-23,1610612743,DEN,1628971,Bruce Brown,1610612750,MIN,1630183,Jaden McDaniels,41,4.1,4.58101,8.54167,12.0,2,5,0,0,0,0,1,3,33.300000000000004,0,0,0.0,0,0,0,0,0,0,0,nba_boxscorematchupsv3
1,2025-26,Playoffs,First Round,2026_den_min_api_20261005,0042500163,3,2026-04-23,1610612743,DEN,1628971,Bruce Brown,1610612750,MIN,203944,Julius Randle,48,3.1,6.3074900000000005,10.0,15.8,0,3,0,0,0,0,0,0,0.0,0,0,0.0,0,0,0,0,0,0,0,nba_boxscorematchupsv3
1,2025-26,Playoffs,First Round,2026_den_min_api_20261005,0042500163,3,2026-04-23,1610612743,DEN,1628971,Bruce Brown,1610612750,MIN,1629675,Naz Reid,42,3.7,12.68882,8.75,19.0,1,3,0,0,0,0,0,0,0.0,0,0,0.0,1,2,1,0,0,0,0,nba_boxscorematchupsv3
1,2025-26,Playoffs,First Round,2026_den_min_api_20261005,0042500163,3,2026-04-23,1610612743,DEN,1630192,Zeke Nnaji,1610612750,MIN,203937,Kyle Anderson,65,2.9,55.08475000000001,18.30986,46.2,0,6,0,0,0,0,0,0,0.0,0,0,0.0,0,0,0,0,0,0,0,nba_boxscorematchupsv3
1,2025-26,Playoffs,First Round,2026_den_min_api_20261005,0042500163,3,2026-04-23,1610612743,DEN,1630192,Zeke Nnaji,1610612750,MIN,1628978,Donte DiVincenzo,8,0.8,1.12994,2.25352,4.5,0,0,0,0,0,0,0,0,0.0,0,0,0.0,0,0,0,0,0,0,0,nba_boxscorematchupsv3
1,2025-26,Playoffs,First Round,2026_den_min_api_20261005,0042500163,3,2026-04-23,1610612743,DEN,1630192,Zeke Nnaji,1610612750,MIN,1630245,Ayo Dosunmu,42,3.4,6.24071,11.83099,15.2,0,10,0,0,0,0,0,0,0.0,0,0,0.0,0,0,0,0,0,0,0,nba_boxscorematchupsv3
1,2025-26,Playoffs,First Round,2026_den_min_api_20261005,0042500163,3,2026-04-23,1610612743,DEN,1630192,Zeke Nnaji,1610612750,MIN,1630162,Anthony Edwards,26,3.4,4.87805,7.3239399999999995,14.7,0,3,0,0,0,0,0,0,0.0,0,0,0.0,0,0,0,0,0,0,0,nba_boxscorematchupsv3
1,2025-26,Playoffs,First Round,2026_den_min_api_20261005,0042500163,3,2026-04-23,1610612743,DEN,1630192,Zeke Nnaji,1610612750,MIN,203497,Rudy Gobert,3,0.1,0.39267,0.84507,5.4,0,0,0,0,0,0,0,0,0.0,0,0,0.0,0,0,0,0,0,0,0,nba_boxscorematchupsv3
1,2025-26,Playoffs,First Round,2026_den_min_api_20261005,0042500163,3,2026-04-23,1610612743,DEN,1630192,Zeke Nnaji,1610612750,MIN,1630538,Bones Hyland,3,0.7,0.9836100000000001,0.84507,3.5000000000000004,0,0,0,0,0,0,0,0,0.0,0,0,0.0,0,0,0,0,0,0,0,nba_boxscorematchupsv3
1,2025-26,Playoffs,First Round,2026_den_min_api_20261005,0042500163,3,2026-04-23,1610612743,DEN,1630192,Zeke Nnaji,1610612750,MIN,1630183,Jaden McDaniels,45,4.5,5.02793,12.67606,15.6,0,5,0,0,0,0,0,0,0.0,0,0,0.0,0,0,0,0,0,0,0,nba_boxscorematchupsv3
1,2025-26,Playoffs,First Round,2026_den_min_api_20261005,0042500163,3,2026-04-23,1610612743,DEN,1630192,Zeke Nnaji,1610612750,MIN,203944,Julius Randle,96,8.2,12.614980000000001,27.042250000000003,36.4,9,11,0,0,0,0,2,2,100.0,1,1,100.0,4,4,2,0,0,0,0,nba_boxscorematchupsv3
1,2025-26,Playoffs,First Round,2026_den_min_api_20261005,0042500163,3,2026-04-23,1610612743,DEN,1630192,Zeke Nnaji,1610612750,MIN,1629675,Naz Reid,67,8.2,20.241690000000002,18.87324,45.800000000000004,1,8,1,0,0,0,0,0,0.0,0,0,0.0,1,2,1,0,0,0,0,nba_boxscorematchupsv3
1,2025-26,Playoffs,First Round,2026_den_min_api_20261005,0042500163,3,2026-04-23,1610612743,DEN,1626145,Tyus Jones,1610612750,MIN,203937,Kyle Anderson,2,0.3,1.6949200000000002,2.6666700000000003,2.7,0,0,0,0,0,0,0,1,0.0,0,1,0.0,0,0,0,0,0,0,0,nba_boxscorematchupsv3
1,2025-26,Playoffs,First Round,2026_den_min_api_20261005,0042500163,3,2026-04-23,1610612743,DEN,1626145,Tyus Jones,1610612750,MIN,1628978,Donte DiVincenzo,26,2.6,3.6723199999999996,34.666669999999996,31.900000000000002,0,5,0,0,0,0,0,0,0.0,0,0,0.0,0,0,0,0,0,0,0,nba_boxscorematchupsv3
1,2025-26,Playoffs,First Round,2026_den_min_api_20261005,0042500163,3,2026-04-23,1610612743,DEN,1626145,Tyus Jones,1610612750,MIN,1630245,Ayo Dosunmu,31,1.5,4.606240000000001,41.333330000000004,35.699999999999996,0,0,0,0,0,0,0,0,0.0,0,0,0.0,0,0,0,0,0,0,0,nba_boxscorematchupsv3
1,2025-26,Playoffs,First Round,2026_den_min_api_20261005,0042500163,3,2026-04-23,1610612743,DEN,1626145,Tyus Jones,1610612750,MIN,1630183,Jaden McDaniels,10,2.0,1.1173199999999999,13.333329999999998,26.6,0,0,0,0,0,0,0,0,0.0,0,0,0.0,0,0,0,0,0,0,0,nba_boxscorematchupsv3
1,2025-26,Playoffs,First Round,2026_den_min_api_20261005,0042500163,3,2026-04-23,1610612743,DEN,1626145,Tyus Jones,1610612750,MIN,203944,Julius Randle,6,0.5,0.78844,8.0,6.2,2,2,0,0,0,0,1,1,100.0,0,0,0.0,0,0,0,0,0,0,0,nba_boxscorematchupsv3
1,2025-26,Playoffs,First Round,2026_den_min_api_20261005,0042500163,3,2026-04-23,1610612743,DEN,1641747,DaRon Holmes II,1610612750,MIN,203937,Kyle Anderson,10,1.2,8.47458,13.888890000000002,20.4,0,2,0,0,0,0,0,0,0.0,0,0,0.0,0,0,0,0,0,0,0,nba_boxscorematchupsv3
1,2025-26,Playoffs,First Round,2026_den_min_api_20261005,0042500163,3,2026-04-23,1610612743,DEN,1641747,DaRon Holmes II,1610612750,MIN,1630245,Ayo Dosunmu,13,2.0,1.93165,18.05556,18.4,0,0,0,0,0,0,0,0,0.0,0,0,0.0,0,0,0,0,0,0,0,nba_boxscorematchupsv3
1,2025-26,Playoffs,First Round,2026_den_min_api_20261005,0042500163,3,2026-04-23,1610612743,DEN,1641747,DaRon Holmes II,1610612750,MIN,203497,Rudy Gobert,18,1.0,2.35602,25.0,84.89999999999999,0,3,0,0,0,0,0,0,0.0,0,0,0.0,0,0,0,0,0,0,0,nba_boxscorematchupsv3
1,2025-26,Playoffs,First Round,2026_den_min_api_20261005,0042500163,3,2026-04-23,1610612743,DEN,1641747,DaRon Holmes II,1610612750,MIN,1630183,Jaden McDaniels,1,0.2,0.11173000000000001,1.38889,4.0,0,2,0,0,0,0,0,0,0.0,0,0,0.0,0,0,0,0,0,0,0,nba_boxscorematchupsv3
1,2025-26,Playoffs,First Round,2026_den_min_api_20261005,0042500163,3,2026-04-23,1610612743,DEN,1641747,DaRon Holmes II,1610612750,MIN,203944,Julius Randle,30,2.1,3.94218,41.66667,33.0,0,2,0,0,0,0,0,0,0.0,0,0,0.0,0,0,0,0,0,0,0,nba_boxscorematchupsv3
1,2025-26,Playoffs,First Round,2026_den_min_api_20261005,0042500163,3,2026-04-23,1610612743,DEN,1629618,Jalen Pickett,1610612750,MIN,203937,Kyle Anderson,7,0.3,5.9322,8.64198,12.1,0,0,0,0,0,0,0,0,0.0,0,0,0.0,0,0,0,0,0,0,0,nba_boxscorematchupsv3
1,2025-26,Playoffs,First Round,2026_den_min_api_20261005,0042500163,3,2026-04-23,1610612743,DEN,1629618,Jalen Pickett,1610612750,MIN,1628978,Donte DiVincenzo,9,1.0,1.27119,11.11111,14.299999999999999,0,0,0,0,0,0,0,0,0.0,0,0,0.0,0,0,0,0,0,0,0,nba_boxscorematchupsv3
1,2025-26,Playoffs,First Round,2026_den_min_api_20261005,0042500163,3,2026-04-23,1610612743,DEN,1629618,Jalen Pickett,1610612750,MIN,1630245,Ayo Dosunmu,13,1.6,1.93165,16.04938,19.900000000000002,0,2,0,0,0,0,0,0,0.0,0,0,0.0,0,0,0,0,0,0,0,nba_boxscorematchupsv3
1,2025-26,Playoffs,First Round,2026_den_min_api_20261005,0042500163,3,2026-04-23,1610612743,DEN,1629618,Jalen Pickett,1610612750,MIN,1630183,Jaden McDaniels,34,1.4,3.7988800000000005,41.97531,46.0,1,6,1,0,0,0,0,0,0.0,0,0,0.0,1,2,1,0,0,0,0,nba_boxscorematchupsv3
1,2025-26,Playoffs,First Round,2026_den_min_api_20261005,0042500163,3,2026-04-23,1610612743,DEN,1629618,Jalen Pickett,1610612750,MIN,1641763,Julian Phillips,18,2.7,100.0,22.22222,90.3,0,2,0,0,0,0,0,0,0.0,0,0,0.0,0,0,0,0,0,0,0,nba_boxscorematchupsv3
1,2025-26,Playoffs,First Round,2026_den_min_api_20261005,0042500164,4,2026-04-25,1610612750,MIN,1630183,Jaden McDaniels,1610612743,DEN,1631128,Christian Braun,166,10.1,21.41935,20.69825,24.8,4,13,0,0,0,0,2,4,50.0,0,0,0.0,0,0,0,0,0,0,0,nba_boxscorematchupsv3
1,2025-26,Playoffs,First Round,2026_den_min_api_20261005,0042500164,4,2026-04-25,1610612750,MIN,1630183,Jaden McDaniels,1610612743,DEN,1628971,Bruce Brown,44,4.3,9.38166,5.486280000000001,15.9,2,9,1,0,1,0,0,0,0.0,0,0,0.0,2,2,0,0,0,0,0,nba_boxscorematchupsv3
1,2025-26,Playoffs,First Round,2026_den_min_api_20261005,0042500164,4,2026-04-25,1610612750,MIN,1630183,Jaden McDaniels,1610612743,DEN,203932,Aaron Gordon,20,1.4,4.31965,2.49377,6.5,0,2,0,0,0,0,0,0,0.0,0,0,0.0,0,0,0,0,0,0,0,nba_boxscorematchupsv3
1,2025-26,Playoffs,First Round,2026_den_min_api_20261005,0042500164,4,2026-04-25,1610612750,MIN,1630183,Jaden McDaniels,1610612743,DEN,203501,Tim Hardaway Jr.,230,12.6,34.2772,28.6783,40.5,4,13,0,0,0,0,1,4,25.0,0,1,0.0,2,2,1,0,0,0,0,nba_boxscorematchupsv3
1,2025-26,Playoffs,First Round,2026_den_min_api_20261005,0042500164,4,2026-04-25,1610612750,MIN,1630183,Jaden McDaniels,1610612743,DEN,1629661,Cameron Johnson,110,8.2,20.220589999999998,13.71571,28.7,0,9,1,0,0,0,0,0,0.0,0,0,0.0,0,0,0,0,0,0,0,nba_boxscorematchupsv3
1,2025-26,Playoffs,First Round,2026_den_min_api_20261005,0042500164,4,2026-04-25,1610612750,MIN,1630183,Jaden McDaniels,1610612743,DEN,203999,Nikola Jokić,36,2.9,3.97351,4.48878,6.4,0,0,1,0,0,0,0,2,0.0,0,0,0.0,0,0,0,0,0,0,0,nba_boxscorematchupsv3
1,2025-26,Playoffs,First Round,2026_den_min_api_20261005,0042500164,4,2026-04-25,1610612750,MIN,1630183,Jaden McDaniels,1610612743,DEN,1642461,Spencer Jones,35,2.5,5.6000000000000005,4.36409,10.0,0,0,0,0,0,0,0,0,0.0,0,0,0.0,0,0,0,0,0,0,0,nba_boxscorematchupsv3
1,2025-26,Playoffs,First Round,2026_den_min_api_20261005,0042500164,4,2026-04-25,1610612750,MIN,1630183,Jaden McDaniels,1610612743,DEN,1627750,Jamal Murray,161,17.2,16.39511,20.074810000000003,22.1,2,26,0,0,0,0,1,1,100.0,0,0,0.0,0,0,0,0,0,0,0,nba_boxscorematchupsv3
1,2025-26,Playoffs,First Round,2026_den_min_api_20261005,0042500164,4,2026-04-25,1610612750,MIN,203944,Julius Randle,1610612743,DEN,1631128,Christian Braun,23,2.8,2.96774,3.08311,6.2,1,7,0,0,0,0,0,0,0.0,0,0,0.0,1,2,1,0,0,0,0,nba_boxscorematchupsv3
1,2025-26,Playoffs,First Round,2026_den_min_api_20261005,0042500164,4,2026-04-25,1610612750,MIN,203944,Julius Randle,1610612743,DEN,1628971,Bruce Brown,22,2.7,4.69083,2.94906,7.8,0,0,0,0,0,0,0,1,0.0,0,0,0.0,0,0,0,0,0,0,0,nba_boxscorematchupsv3
1,2025-26,Playoffs,First Round,2026_den_min_api_20261005,0042500164,4,2026-04-25,1610612750,MIN,203944,Julius Randle,1610612743,DEN,203932,Aaron Gordon,245,16.8,52.915769999999995,32.84182,59.099999999999994,8,19,0,0,0,0,3,8,37.5,0,0,0.0,2,2,1,0,0,0,0,nba_boxscorematchupsv3
1,2025-26,Playoffs,First Round,2026_den_min_api_20261005,0042500164,4,2026-04-25,1610612750,MIN,203944,Julius Randle,1610612743,DEN,203501,Tim Hardaway Jr.,23,3.9,3.42772,3.08311,7.199999999999999,0,2,0,0,0,0,0,1,0.0,0,0,0.0,0,0,0,0,0,0,0,nba_boxscorematchupsv3
1,2025-26,Playoffs,First Round,2026_den_min_api_20261005,0042500164,4,2026-04-25,1610612750,MIN,203944,Julius Randle,1610612743,DEN,1629661,Cameron Johnson,112,7.2,20.58824,15.013399999999999,28.000000000000004,2,5,0,0,0,0,1,2,50.0,0,0,0.0,0,0,0,0,0,0,0,nba_boxscorematchupsv3
1,2025-26,Playoffs,First Round,2026_den_min_api_20261005,0042500164,4,2026-04-25,1610612750,MIN,203944,Julius Randle,1610612743,DEN,203999,Nikola Jokić,93,9.5,10.2649,12.46649,17.599999999999998,4,6,0,0,1,0,2,3,66.7,0,1,0.0,0,0,0,0,0,0,0,nba_boxscorematchupsv3
1,2025-26,Playoffs,First Round,2026_den_min_api_20261005,0042500164,4,2026-04-25,1610612750,MIN,203944,Julius Randle,1610612743,DEN,1642461,Spencer Jones,125,10.5,20.0,16.75603,32.2,0,8,0,0,1,0,0,0,0.0,0,0,0.0,0,0,0,0,0,0,0,nba_boxscorematchupsv3
1,2025-26,Playoffs,First Round,2026_den_min_api_20261005,0042500164,4,2026-04-25,1610612750,MIN,203944,Julius Randle,1610612743,DEN,1627750,Jamal Murray,103,7.8,10.4888,13.80697,14.099999999999998,0,14,2,0,1,0,0,1,0.0,0,0,0.0,0,0,0,0,0,0,0,nba_boxscorematchupsv3
1,2025-26,Playoffs,First Round,2026_den_min_api_20261005,0042500164,4,2026-04-25,1610612750,MIN,203497,Rudy Gobert,1610612743,DEN,1631128,Christian Braun,28,3.6,3.6129000000000002,3.4956300000000002,4.6,0,2,0,0,0,0,0,0,0.0,0,0,0.0,0,0,0,0,0,0,0,nba_boxscorematchupsv3
1,2025-26,Playoffs,First Round,2026_den_min_api_20261005,0042500164,4,2026-04-25,1610612750,MIN,203497,Rudy Gobert,1610612743,DEN,1628971,Bruce Brown,9,0.9,1.91898,1.1236,6.4,0,2,0,0,0,0,0,0,0.0,0,0,0.0,0,0,0,0,0,0,0,nba_boxscorematchupsv3
1,2025-26,Playoffs,First Round,2026_den_min_api_20261005,0042500164,4,2026-04-25,1610612750,MIN,203497,Rudy Gobert,1610612743,DEN,203932,Aaron Gordon,22,3.2,4.75162,2.7465699999999997,10.5,2,4,0,0,0,0,1,1,100.0,0,0,0.0,0,0,0,0,0,0,0,nba_boxscorematchupsv3
1,2025-26,Playoffs,First Round,2026_den_min_api_20261005,0042500164,4,2026-04-25,1610612750,MIN,203497,Rudy Gobert,1610612743,DEN,203501,Tim Hardaway Jr.,8,0.9,1.19225,0.99875,3.5999999999999996,0,3,0,0,0,0,0,0,0.0,0,0,0.0,0,0,0,0,0,0,0,nba_boxscorematchupsv3
1,2025-26,Playoffs,First Round,2026_den_min_api_20261005,0042500164,4,2026-04-25,1610612750,MIN,203497,Rudy Gobert,1610612743,DEN,1629661,Cameron Johnson,43,3.7,7.90441,5.36829,8.0,0,8,0,0,0,1,0,1,0.0,0,0,0.0,0,0,0,0,0,0,0,nba_boxscorematchupsv3
1,2025-26,Playoffs,First Round,2026_den_min_api_20261005,0042500164,4,2026-04-25,1610612750,MIN,203497,Rudy Gobert,1610612743,DEN,203999,Nikola Jokić,593,42.4,65.45254,74.03246,68.10000000000001,2,60,2,0,0,1,1,3,33.300000000000004,0,1,0.0,0,0,0,0,0,0,0,nba_boxscorematchupsv3
1,2025-26,Playoffs,First Round,2026_den_min_api_20261005,0042500164,4,2026-04-25,1610612750,MIN,203497,Rudy Gobert,1610612743,DEN,1642461,Spencer Jones,42,3.7,6.72,5.24345,15.1,0,2,0,0,2,0,0,1,0.0,0,0,0.0,0,0,0,0,0,0,0,nba_boxscorematchupsv3
1,2025-26,Playoffs,First Round,2026_den_min_api_20261005,0042500164,4,2026-04-25,1610612750,MIN,203497,Rudy Gobert,1610612743,DEN,1627750,Jamal Murray,56,5.6,5.70265,6.9912600000000005,10.100000000000001,0,0,0,0,0,1,0,1,0.0,0,0,0.0,0,0,0,0,0,0,0,nba_boxscorematchupsv3
1,2025-26,Playoffs,First Round,2026_den_min_api_20261005,0042500164,4,2026-04-25,1610612750,MIN,1630162,Anthony Edwards,1610612743,DEN,1631128,Christian Braun,161,10.7,20.77419,46.0,58.8,0,9,0,0,0,0,0,1,0.0,0,0,0.0,0,0,0,0,0,0,0,nba_boxscorematchupsv3
1,2025-26,Playoffs,First Round,2026_den_min_api_20261005,0042500164,4,2026-04-25,1610612750,MIN,1630162,Anthony Edwards,1610612743,DEN,1628971,Bruce Brown,53,5.3,11.300640000000001,15.142859999999999,32.5,0,2,0,0,0,0,0,2,0.0,0,0,0.0,0,0,0,0,0,0,0,nba_boxscorematchupsv3
1,2025-26,Playoffs,First Round,2026_den_min_api_20261005,0042500164,4,2026-04-25,1610612750,MIN,1630162,Anthony Edwards,1610612743,DEN,203932,Aaron Gordon,14,1.5,3.02376,4.0,7.3999999999999995,0,0,0,0,0,1,0,1,0.0,0,1,0.0,0,0,0,0,0,0,0,nba_boxscorematchupsv3
1,2025-26,Playoffs,First Round,2026_den_min_api_20261005,0042500164,4,2026-04-25,1610612750,MIN,1630162,Anthony Edwards,1610612743,DEN,203501,Tim Hardaway Jr.,37,4.2,5.5141599999999995,10.57143,27.700000000000003,0,4,0,0,0,0,0,0,0.0,0,0,0.0,0,0,0,0,0,0,0,nba_boxscorematchupsv3
1,2025-26,Playoffs,First Round,2026_den_min_api_20261005,0042500164,4,2026-04-25,1610612750,MIN,1630162,Anthony Edwards,1610612743,DEN,1629661,Cameron Johnson,26,2.5,4.7794099999999995,7.42857,14.000000000000002,0,4,0,0,0,0,0,1,0.0,0,1,0.0,0,0,0,0,0,0,0,nba_boxscorematchupsv3
1,2025-26,Playoffs,First Round,2026_den_min_api_20261005,0042500164,4,2026-04-25,1610612750,MIN,1630162,Anthony Edwards,1610612743,DEN,203999,Nikola Jokić,16,2.0,1.7659999999999998,4.57143,9.5,2,4,0,0,0,0,0,0,0.0,0,0,0.0,2,2,1,0,0,0,0,nba_boxscorematchupsv3
1,2025-26,Playoffs,First Round,2026_den_min_api_20261005,0042500164,4,2026-04-25,1610612750,MIN,1630162,Anthony Edwards,1610612743,DEN,1642461,Spencer Jones,24,2.8,3.84,6.85714,11.3,0,0,0,0,0,0,0,2,0.0,0,0,0.0,0,0,0,0,0,0,0,nba_boxscorematchupsv3
1,2025-26,Playoffs,First Round,2026_den_min_api_20261005,0042500164,4,2026-04-25,1610612750,MIN,1630162,Anthony Edwards,1610612743,DEN,1627750,Jamal Murray,19,2.6,1.9348299999999998,5.42857,11.1,3,7,0,0,0,0,1,1,100.0,1,1,100.0,0,0,0,0,0,0,0,nba_boxscorematchupsv3
1,2025-26,Playoffs,First Round,2026_den_min_api_20261005,0042500164,4,2026-04-25,1610612750,MIN,1628978,Donte DiVincenzo,1610612743,DEN,1631128,Christian Braun,6,0.9,0.77419,22.22222,32.7,0,3,1,0,0,0,0,0,0.0,0,0,0.0,0,0,0,0,0,0,0,nba_boxscorematchupsv3
1,2025-26,Playoffs,First Round,2026_den_min_api_20261005,0042500164,4,2026-04-25,1610612750,MIN,1628978,Donte DiVincenzo,1610612743,DEN,203932,Aaron Gordon,1,0.2,0.21598,3.7037,7.5,0,0,0,0,0,0,0,0,0.0,0,0,0.0,0,0,0,0,0,0,0,nba_boxscorematchupsv3
1,2025-26,Playoffs,First Round,2026_den_min_api_20261005,0042500164,4,2026-04-25,1610612750,MIN,1628978,Donte DiVincenzo,1610612743,DEN,1627750,Jamal Murray,20,0.9,2.03666,74.07407,56.2,0,2,0,0,0,0,0,1,0.0,0,1,0.0,0,0,0,0,0,0,0,nba_boxscorematchupsv3
1,2025-26,Playoffs,First Round,2026_den_min_api_20261005,0042500164,4,2026-04-25,1610612750,MIN,1630245,Ayo Dosunmu,1610612743,DEN,1631128,Christian Braun,195,15.6,25.161289999999997,19.85743,28.7,6,18,1,0,0,0,1,1,100.0,0,0,0.0,4,4,1,0,0,0,0,nba_boxscorematchupsv3
1,2025-26,Playoffs,First Round,2026_den_min_api_20261005,0042500164,4,2026-04-25,1610612750,MIN,1630245,Ayo Dosunmu,1610612743,DEN,1628971,Bruce Brown,117,8.4,24.9467,11.91446,32.5,4,10,0,0,0,0,2,2,100.0,0,0,0.0,0,0,0,0,0,0,0,nba_boxscorematchupsv3
1,2025-26,Playoffs,First Round,2026_den_min_api_20261005,0042500164,4,2026-04-25,1610612750,MIN,1630245,Ayo Dosunmu,1610612743,DEN,203932,Aaron Gordon,58,5.3,12.527,5.90631,11.799999999999999,5,16,0,0,0,0,2,2,100.0,1,1,100.0,0,0,0,0,0,0,0,nba_boxscorematchupsv3
1,2025-26,Playoffs,First Round,2026_den_min_api_20261005,0042500164,4,2026-04-25,1610612750,MIN,1630245,Ayo Dosunmu,1610612743,DEN,203501,Tim Hardaway Jr.,92,9.0,13.71088,9.368640000000001,16.3,5,9,0,0,0,0,2,2,100.0,1,1,100.0,0,0,0,0,0,0,0,nba_boxscorematchupsv3
1,2025-26,Playoffs,First Round,2026_den_min_api_20261005,0042500164,4,2026-04-25,1610612750,MIN,1630245,Ayo Dosunmu,1610612743,DEN,1629661,Cameron Johnson,38,5.3,6.985289999999999,3.86965,10.2,3,9,0,0,0,0,1,1,100.0,1,1,100.0,0,0,0,0,0,0,0,nba_boxscorematchupsv3
1,2025-26,Playoffs,First Round,2026_den_min_api_20261005,0042500164,4,2026-04-25,1610612750,MIN,1630245,Ayo Dosunmu,1610612743,DEN,203999,Nikola Jokić,56,6.6,6.18102,5.70265,8.4,5,9,0,0,0,0,2,3,66.7,1,1,100.0,0,0,0,0,0,0,0,nba_boxscorematchupsv3
1,2025-26,Playoffs,First Round,2026_den_min_api_20261005,0042500164,4,2026-04-25,1610612750,MIN,1630245,Ayo Dosunmu,1610612743,DEN,1642461,Spencer Jones,39,3.1,6.239999999999999,3.9714899999999997,7.199999999999999,4,6,0,0,0,1,0,0,0.0,0,0,0.0,4,4,0,0,0,0,0,nba_boxscorematchupsv3
1,2025-26,Playoffs,First Round,2026_den_min_api_20261005,0042500164,4,2026-04-25,1610612750,MIN,1630245,Ayo Dosunmu,1610612743,DEN,1627750,Jamal Murray,387,27.1,39.409369999999996,39.409369999999996,36.8,11,24,0,0,1,0,3,5,60.0,1,1,100.0,4,4,2,0,0,0,0,nba_boxscorematchupsv3
1,2025-26,Playoffs,First Round,2026_den_min_api_20261005,0042500164,4,2026-04-25,1610612750,MIN,1629675,Naz Reid,1610612743,DEN,1631128,Christian Braun,54,4.0,6.96774,8.59873,12.5,2,11,1,0,1,1,1,3,33.300000000000004,0,1,0.0,0,0,0,0,0,0,0,nba_boxscorematchupsv3
1,2025-26,Playoffs,First Round,2026_den_min_api_20261005,0042500164,4,2026-04-25,1610612750,MIN,1629675,Naz Reid,1610612743,DEN,1628971,Bruce Brown,43,2.8,9.16844,6.84713,11.200000000000001,2,2,0,0,0,0,1,2,50.0,0,1,0.0,0,0,0,0,0,0,0,nba_boxscorematchupsv3
1,2025-26,Playoffs,First Round,2026_den_min_api_20261005,0042500164,4,2026-04-25,1610612750,MIN,1629675,Naz Reid,1610612743,DEN,203932,Aaron Gordon,28,4.1,6.04752,4.4586,14.499999999999998,2,2,0,0,0,0,1,1,100.0,0,0,0.0,0,0,0,0,0,0,0,nba_boxscorematchupsv3
1,2025-26,Playoffs,First Round,2026_den_min_api_20261005,0042500164,4,2026-04-25,1610612750,MIN,1629675,Naz Reid,1610612743,DEN,203501,Tim Hardaway Jr.,49,3.2,7.30253,7.80255,9.4,0,4,0,0,0,0,0,1,0.0,0,1,0.0,0,0,0,0,0,0,0,nba_boxscorematchupsv3
1,2025-26,Playoffs,First Round,2026_den_min_api_20261005,0042500164,4,2026-04-25,1610612750,MIN,1629675,Naz Reid,1610612743,DEN,1629661,Cameron Johnson,82,6.9,15.073529999999998,13.05732,42.0,2,4,0,0,0,0,0,1,0.0,0,0,0.0,2,2,0,0,0,0,0,nba_boxscorematchupsv3
1,2025-26,Playoffs,First Round,2026_den_min_api_20261005,0042500164,4,2026-04-25,1610612750,MIN,1629675,Naz Reid,1610612743,DEN,203999,Nikola Jokić,40,3.4,4.41501,6.3694299999999995,9.9,0,0,0,0,0,0,0,0,0.0,0,0,0.0,0,0,0,0,0,0,0,nba_boxscorematchupsv3
1,2025-26,Playoffs,First Round,2026_den_min_api_20261005,0042500164,4,2026-04-25,1610612750,MIN,1629675,Naz Reid,1610612743,DEN,1642461,Spencer Jones,295,19.8,47.199999999999996,46.97452,53.2,5,34,1,0,1,0,2,3,66.7,1,2,50.0,0,0,0,0,0,0,0,nba_boxscorematchupsv3
1,2025-26,Playoffs,First Round,2026_den_min_api_20261005,0042500164,4,2026-04-25,1610612750,MIN,1629675,Naz Reid,1610612743,DEN,1627750,Jamal Murray,37,5.8,3.7678200000000004,5.89172,9.5,2,6,0,0,0,0,1,1,100.0,0,0,0.0,0,0,0,0,0,0,0,nba_boxscorematchupsv3
1,2025-26,Playoffs,First Round,2026_den_min_api_20261005,0042500164,4,2026-04-25,1610612750,MIN,1630538,Bones Hyland,1610612743,DEN,1631128,Christian Braun,30,3.2,3.87097,7.1598999999999995,16.8,4,6,0,0,0,0,2,2,100.0,0,0,0.0,0,0,0,0,0,0,0,nba_boxscorematchupsv3
1,2025-26,Playoffs,First Round,2026_den_min_api_20261005,0042500164,4,2026-04-25,1610612750,MIN,1630538,Bones Hyland,1610612743,DEN,1628971,Bruce Brown,128,10.1,27.29211,30.548930000000002,50.2,0,5,0,0,0,0,0,2,0.0,0,2,0.0,0,0,0,0,0,0,0,nba_boxscorematchupsv3
1,2025-26,Playoffs,First Round,2026_den_min_api_20261005,0042500164,4,2026-04-25,1610612750,MIN,1630538,Bones Hyland,1610612743,DEN,203932,Aaron Gordon,35,2.3,7.559399999999999,8.35322,19.5,4,8,1,0,0,0,1,1,100.0,0,0,0.0,2,2,0,0,0,0,0,nba_boxscorematchupsv3
1,2025-26,Playoffs,First Round,2026_den_min_api_20261005,0042500164,4,2026-04-25,1610612750,MIN,1630538,Bones Hyland,1610612743,DEN,203501,Tim Hardaway Jr.,100,7.5,14.90313,23.86635,26.700000000000003,0,7,0,0,0,0,0,2,0.0,0,2,0.0,0,0,0,0,0,0,0,nba_boxscorematchupsv3
1,2025-26,Playoffs,First Round,2026_den_min_api_20261005,0042500164,4,2026-04-25,1610612750,MIN,1630538,Bones Hyland,1610612743,DEN,1629661,Cameron Johnson,4,1.0,0.73529,0.95465,4.7,0,7,0,0,0,0,0,0,0.0,0,0,0.0,0,0,0,0,0,0,0,nba_boxscorematchupsv3
1,2025-26,Playoffs,First Round,2026_den_min_api_20261005,0042500164,4,2026-04-25,1610612750,MIN,1630538,Bones Hyland,1610612743,DEN,203999,Nikola Jokić,17,2.6,1.8763800000000002,4.0572799999999996,8.200000000000001,0,0,2,0,0,0,0,0,0.0,0,0,0.0,0,0,0,0,0,0,0,nba_boxscorematchupsv3
1,2025-26,Playoffs,First Round,2026_den_min_api_20261005,0042500164,4,2026-04-25,1610612750,MIN,1630538,Bones Hyland,1610612743,DEN,1642461,Spencer Jones,40,2.4,6.4,9.54654,12.9,0,2,0,0,0,1,0,1,0.0,0,0,0.0,0,0,0,0,0,0,0,nba_boxscorematchupsv3
1,2025-26,Playoffs,First Round,2026_den_min_api_20261005,0042500164,4,2026-04-25,1610612750,MIN,1630538,Bones Hyland,1610612743,DEN,1627750,Jamal Murray,65,4.5,6.61914,15.51313,17.8,0,4,1,0,0,0,0,1,0.0,0,1,0.0,0,0,0,0,0,0,0,nba_boxscorematchupsv3
1,2025-26,Playoffs,First Round,2026_den_min_api_20261005,0042500164,4,2026-04-25,1610612750,MIN,201144,Mike Conley,1610612743,DEN,1631128,Christian Braun,96,8.2,12.3871,19.591839999999998,24.5,3,12,1,0,0,0,1,1,100.0,1,1,100.0,0,0,0,0,0,0,0,nba_boxscorematchupsv3
1,2025-26,Playoffs,First Round,2026_den_min_api_20261005,0042500164,4,2026-04-25,1610612750,MIN,201144,Mike Conley,1610612743,DEN,1628971,Bruce Brown,41,2.7,8.741999999999999,8.36735,13.5,0,6,0,0,0,0,0,0,0.0,0,0,0.0,0,0,0,0,0,0,0,nba_boxscorematchupsv3
1,2025-26,Playoffs,First Round,2026_den_min_api_20261005,0042500164,4,2026-04-25,1610612750,MIN,201144,Mike Conley,1610612743,DEN,203932,Aaron Gordon,27,3.1,5.83153,5.5102,20.200000000000003,0,3,1,0,0,0,0,0,0.0,0,0,0.0,0,0,0,0,0,0,0,nba_boxscorematchupsv3
1,2025-26,Playoffs,First Round,2026_den_min_api_20261005,0042500164,4,2026-04-25,1610612750,MIN,201144,Mike Conley,1610612743,DEN,203501,Tim Hardaway Jr.,118,8.5,17.58569,24.08163,40.5,0,6,0,0,1,0,0,0,0.0,0,0,0.0,0,0,0,0,0,0,0,nba_boxscorematchupsv3
1,2025-26,Playoffs,First Round,2026_den_min_api_20261005,0042500164,4,2026-04-25,1610612750,MIN,201144,Mike Conley,1610612743,DEN,1629661,Cameron Johnson,54,6.1,9.92647,11.02041,23.200000000000003,0,2,0,0,0,0,0,0,0.0,0,0,0.0,0,0,0,0,0,0,0,nba_boxscorematchupsv3
1,2025-26,Playoffs,First Round,2026_den_min_api_20261005,0042500164,4,2026-04-25,1610612750,MIN,201144,Mike Conley,1610612743,DEN,203999,Nikola Jokić,14,1.3,1.54525,2.8571400000000002,4.6,2,4,0,0,0,0,1,3,33.300000000000004,0,1,0.0,0,0,0,0,0,0,0,nba_boxscorematchupsv3
1,2025-26,Playoffs,First Round,2026_den_min_api_20261005,0042500164,4,2026-04-25,1610612750,MIN,201144,Mike Conley,1610612743,DEN,1642461,Spencer Jones,11,2.0,1.76,2.2449,5.2,0,2,0,0,0,0,0,0,0.0,0,0,0.0,0,0,0,0,0,0,0,nba_boxscorematchupsv3
1,2025-26,Playoffs,First Round,2026_den_min_api_20261005,0042500164,4,2026-04-25,1610612750,MIN,201144,Mike Conley,1610612743,DEN,1627750,Jamal Murray,129,6.8,13.13646,26.326529999999998,25.5,0,10,1,0,0,0,0,0,0.0,0,0,0.0,0,0,0,0,0,0,0,nba_boxscorematchupsv3
1,2025-26,Playoffs,First Round,2026_den_min_api_20261005,0042500164,4,2026-04-25,1610612750,MIN,203937,Kyle Anderson,1610612743,DEN,1631128,Christian Braun,16,1.0,2.06452,23.18841,45.6,0,0,0,0,0,0,0,1,0.0,0,0,0.0,0,0,0,0,0,0,0,nba_boxscorematchupsv3
1,2025-26,Playoffs,First Round,2026_den_min_api_20261005,0042500164,4,2026-04-25,1610612750,MIN,203937,Kyle Anderson,1610612743,DEN,1628971,Bruce Brown,10,1.6,2.1322,14.49275,17.599999999999998,0,2,0,0,0,0,0,0,0.0,0,0,0.0,0,0,0,0,0,0,0,nba_boxscorematchupsv3
1,2025-26,Playoffs,First Round,2026_den_min_api_20261005,0042500164,4,2026-04-25,1610612750,MIN,203937,Kyle Anderson,1610612743,DEN,203501,Tim Hardaway Jr.,3,0.3,0.44709,4.34783,6.3,0,0,0,0,0,0,0,0,0.0,0,0,0.0,0,0,0,0,0,0,0,nba_boxscorematchupsv3
1,2025-26,Playoffs,First Round,2026_den_min_api_20261005,0042500164,4,2026-04-25,1610612750,MIN,203937,Kyle Anderson,1610612743,DEN,203999,Nikola Jokić,29,1.2,3.2008799999999997,42.02899,28.7,0,4,0,0,0,0,0,0,0.0,0,0,0.0,0,0,0,0,0,0,0,nba_boxscorematchupsv3
1,2025-26,Playoffs,First Round,2026_den_min_api_20261005,0042500164,4,2026-04-25,1610612750,MIN,203937,Kyle Anderson,1610612743,DEN,1642461,Spencer Jones,11,1.5,1.76,15.942029999999999,22.6,0,0,0,0,0,0,0,0,0.0,0,0,0.0,0,0,0,0,0,0,0,nba_boxscorematchupsv3
1,2025-26,Playoffs,First Round,2026_den_min_api_20261005,0042500164,4,2026-04-25,1610612750,MIN,1630545,Terrence Shannon Jr,1610612743,DEN,1628971,Bruce Brown,2,0.2,0.42644,1.65289,4.9,0,4,0,0,0,0,0,0,0.0,0,0,0.0,0,0,0,0,0,0,0,nba_boxscorematchupsv3
1,2025-26,Playoffs,First Round,2026_den_min_api_20261005,0042500164,4,2026-04-25,1610612750,MIN,1630545,Terrence Shannon Jr,1610612743,DEN,203932,Aaron Gordon,13,1.0,2.80778,10.7438,18.6,0,2,0,0,0,0,0,0,0.0,0,0,0.0,0,0,0,0,0,0,0,nba_boxscorematchupsv3
1,2025-26,Playoffs,First Round,2026_den_min_api_20261005,0042500164,4,2026-04-25,1610612750,MIN,1630545,Terrence Shannon Jr,1610612743,DEN,203501,Tim Hardaway Jr.,11,2.4,1.6393399999999998,9.090910000000001,32.800000000000004,0,0,0,0,0,0,0,0,0.0,0,0,0.0,0,0,0,0,0,0,0,nba_boxscorematchupsv3
1,2025-26,Playoffs,First Round,2026_den_min_api_20261005,0042500164,4,2026-04-25,1610612750,MIN,1630545,Terrence Shannon Jr,1610612743,DEN,1629661,Cameron Johnson,75,6.3,13.786760000000001,61.98347,49.8,0,8,0,0,0,0,0,0,0.0,0,0,0.0,0,0,0,0,0,0,0,nba_boxscorematchupsv3
1,2025-26,Playoffs,First Round,2026_den_min_api_20261005,0042500164,4,2026-04-25,1610612750,MIN,1630545,Terrence Shannon Jr,1610612743,DEN,203999,Nikola Jokić,12,2.1,1.3245,9.91736,14.299999999999999,0,2,0,0,0,0,0,0,0.0,0,0,0.0,0,0,0,0,0,0,0,nba_boxscorematchupsv3
1,2025-26,Playoffs,First Round,2026_den_min_api_20261005,0042500164,4,2026-04-25,1610612750,MIN,1630545,Terrence Shannon Jr,1610612743,DEN,1642461,Spencer Jones,3,0.7,0.48,2.47934,8.3,0,2,0,0,0,0,0,0,0.0,0,0,0.0,0,0,0,0,0,0,0,nba_boxscorematchupsv3
1,2025-26,Playoffs,First Round,2026_den_min_api_20261005,0042500164,4,2026-04-25,1610612750,MIN,1630545,Terrence Shannon Jr,1610612743,DEN,1627750,Jamal Murray,5,0.6,0.50916,4.13223,13.700000000000001,3,3,0,0,0,0,1,1,100.0,1,1,100.0,0,0,0,0,0,0,0,nba_boxscorematchupsv3
1,2025-26,Playoffs,First Round,2026_den_min_api_20261005,0042500164,4,2026-04-25,1610612743,DEN,1629661,Cameron Johnson,1610612750,MIN,203937,Kyle Anderson,27,1.7,27.27273,4.103339999999999,51.7,0,3,0,0,0,0,0,0,0.0,0,0,0.0,0,0,0,0,0,0,0,nba_boxscorematchupsv3
1,2025-26,Playoffs,First Round,2026_den_min_api_20261005,0042500164,4,2026-04-25,1610612743,DEN,1629661,Cameron Johnson,1610612750,MIN,201144,Mike Conley,53,4.3,11.856819999999999,8.05471,19.7,0,8,0,0,0,0,0,0,0.0,0,0,0.0,0,0,0,0,0,0,0,nba_boxscorematchupsv3
1,2025-26,Playoffs,First Round,2026_den_min_api_20261005,0042500164,4,2026-04-25,1610612743,DEN,1629661,Cameron Johnson,1610612750,MIN,1628978,Donte DiVincenzo,2,0.1,6.8965499999999995,0.30395,3.2,0,0,0,0,0,0,0,0,0.0,0,0,0.0,0,0,0,0,0,0,0,nba_boxscorematchupsv3
1,2025-26,Playoffs,First Round,2026_den_min_api_20261005,0042500164,4,2026-04-25,1610612743,DEN,1629661,Cameron Johnson,1610612750,MIN,1630245,Ayo Dosunmu,190,11.1,20.518359999999998,28.87538,30.3,0,10,0,0,0,0,0,2,0.0,0,1,0.0,0,0,0,0,0,0,0,nba_boxscorematchupsv3
1,2025-26,Playoffs,First Round,2026_den_min_api_20261005,0042500164,4,2026-04-25,1610612743,DEN,1629661,Cameron Johnson,1610612750,MIN,1630162,Anthony Edwards,156,8.8,35.77982,23.708209999999998,56.699999999999996,2,10,0,0,0,0,1,1,100.0,0,0,0.0,0,0,0,0,0,0,0,nba_boxscorematchupsv3
1,2025-26,Playoffs,First Round,2026_den_min_api_20261005,0042500164,4,2026-04-25,1610612743,DEN,1629661,Cameron Johnson,1610612750,MIN,203497,Rudy Gobert,26,3.4,3.125,3.95137,5.1,0,0,1,0,0,0,0,0,0.0,0,0,0.0,0,0,0,0,0,0,0,nba_boxscorematchupsv3
1,2025-26,Playoffs,First Round,2026_den_min_api_20261005,0042500164,4,2026-04-25,1610612743,DEN,1629661,Cameron Johnson,1610612750,MIN,1630538,Bones Hyland,17,1.3,3.77778,2.58359,8.4,0,2,0,0,0,0,0,0,0.0,0,0,0.0,0,0,0,0,0,0,0,nba_boxscorematchupsv3
1,2025-26,Playoffs,First Round,2026_den_min_api_20261005,0042500164,4,2026-04-25,1610612743,DEN,1629661,Cameron Johnson,1610612750,MIN,1630183,Jaden McDaniels,49,5.2,6.950349999999999,7.446809999999999,10.0,2,8,1,0,0,0,1,1,100.0,0,0,0.0,0,0,0,0,0,0,0,nba_boxscorematchupsv3
1,2025-26,Playoffs,First Round,2026_den_min_api_20261005,0042500164,4,2026-04-25,1610612743,DEN,1629661,Cameron Johnson,1610612750,MIN,203944,Julius Randle,60,8.0,8.26446,9.11854,17.2,0,4,0,0,1,0,0,0,0.0,0,0,0.0,0,0,0,0,0,0,0,nba_boxscorematchupsv3
1,2025-26,Playoffs,First Round,2026_den_min_api_20261005,0042500164,4,2026-04-25,1610612743,DEN,1629661,Cameron Johnson,1610612750,MIN,1629675,Naz Reid,22,1.4,3.54839,3.34347,13.600000000000001,0,0,0,0,0,0,0,0,0.0,0,0,0.0,0,2,1,0,0,0,0,nba_boxscorematchupsv3
1,2025-26,Playoffs,First Round,2026_den_min_api_20261005,0042500164,4,2026-04-25,1610612743,DEN,1629661,Cameron Johnson,1610612750,MIN,1630545,Terrence Shannon Jr,56,4.0,30.60109,8.51064,30.2,5,8,0,0,0,0,1,2,50.0,1,1,100.0,2,2,1,0,0,0,0,nba_boxscorematchupsv3
1,2025-26,Playoffs,First Round,2026_den_min_api_20261005,0042500164,4,2026-04-25,1610612743,DEN,203932,Aaron Gordon,1610612750,MIN,201144,Mike Conley,9,2.0,2.01342,1.59574,11.5,0,2,0,0,0,0,0,0,0.0,0,0,0.0,0,0,0,0,0,0,0,nba_boxscorematchupsv3
1,2025-26,Playoffs,First Round,2026_den_min_api_20261005,0042500164,4,2026-04-25,1610612743,DEN,203932,Aaron Gordon,1610612750,MIN,1628978,Donte DiVincenzo,4,0.1,13.793099999999999,0.70922,9.2,0,0,0,0,0,0,0,0,0.0,0,0,0.0,0,0,0,0,0,0,0,nba_boxscorematchupsv3
1,2025-26,Playoffs,First Round,2026_den_min_api_20261005,0042500164,4,2026-04-25,1610612743,DEN,203932,Aaron Gordon,1610612750,MIN,1630245,Ayo Dosunmu,8,1.1,0.8639300000000001,1.41844,2.3,3,3,0,0,0,0,1,1,100.0,1,1,100.0,0,0,0,0,0,0,0,nba_boxscorematchupsv3
1,2025-26,Playoffs,First Round,2026_den_min_api_20261005,0042500164,4,2026-04-25,1610612743,DEN,203932,Aaron Gordon,1610612750,MIN,1630162,Anthony Edwards,14,2.5,3.2110100000000004,2.4822699999999998,6.9,0,4,0,0,0,0,0,0,0.0,0,0,0.0,0,0,0,0,0,0,0,nba_boxscorematchupsv3
1,2025-26,Playoffs,First Round,2026_den_min_api_20261005,0042500164,4,2026-04-25,1610612743,DEN,203932,Aaron Gordon,1610612750,MIN,203497,Rudy Gobert,62,4.4,7.451919999999999,10.99291,14.299999999999999,2,7,0,0,0,0,1,3,33.300000000000004,0,1,0.0,0,0,0,0,0,0,0,nba_boxscorematchupsv3
1,2025-26,Playoffs,First Round,2026_den_min_api_20261005,0042500164,4,2026-04-25,1610612743,DEN,203932,Aaron Gordon,1610612750,MIN,1630538,Bones Hyland,10,0.9,2.22222,1.77305,6.7,0,2,0,0,0,0,0,0,0.0,0,0,0.0,0,0,0,0,0,0,0,nba_boxscorematchupsv3
1,2025-26,Playoffs,First Round,2026_den_min_api_20261005,0042500164,4,2026-04-25,1610612743,DEN,203932,Aaron Gordon,1610612750,MIN,1630183,Jaden McDaniels,29,3.2,4.11348,5.14184,8.1,2,7,0,0,0,0,1,2,50.0,0,0,0.0,0,0,0,0,0,0,0,nba_boxscorematchupsv3
1,2025-26,Playoffs,First Round,2026_den_min_api_20261005,0042500164,4,2026-04-25,1610612743,DEN,203932,Aaron Gordon,1610612750,MIN,203944,Julius Randle,356,25.0,49.035810000000005,63.12057,70.6,2,20,0,0,0,0,1,4,25.0,0,2,0.0,0,0,0,0,0,0,0,nba_boxscorematchupsv3
1,2025-26,Playoffs,First Round,2026_den_min_api_20261005,0042500164,4,2026-04-25,1610612743,DEN,203932,Aaron Gordon,1610612750,MIN,1629675,Naz Reid,71,5.2,11.451609999999999,12.588650000000001,27.0,0,6,0,0,0,0,0,1,0.0,0,1,0.0,0,0,0,0,0,0,0,nba_boxscorematchupsv3
1,2025-26,Playoffs,First Round,2026_den_min_api_20261005,0042500164,4,2026-04-25,1610612743,DEN,203932,Aaron Gordon,1610612750,MIN,1630545,Terrence Shannon Jr,1,0.2,0.54645,0.1773,2.4,0,0,0,0,0,0,0,0,0.0,0,0,0.0,0,0,0,0,0,0,0,nba_boxscorematchupsv3
1,2025-26,Playoffs,First Round,2026_den_min_api_20261005,0042500164,4,2026-04-25,1610612743,DEN,203999,Nikola Jokić,1610612750,MIN,203937,Kyle Anderson,3,0.7,3.0303,0.31348,4.6,0,0,0,0,0,0,0,0,0.0,0,0,0.0,0,0,0,0,0,0,0,nba_boxscorematchupsv3
1,2025-26,Playoffs,First Round,2026_den_min_api_20261005,0042500164,4,2026-04-25,1610612743,DEN,203999,Nikola Jokić,1610612750,MIN,201144,Mike Conley,5,1.5,1.11857,0.52247,3.5000000000000004,0,0,0,0,0,0,0,0,0.0,0,0,0.0,0,0,0,0,0,0,0,nba_boxscorematchupsv3
1,2025-26,Playoffs,First Round,2026_den_min_api_20261005,0042500164,4,2026-04-25,1610612743,DEN,203999,Nikola Jokić,1610612750,MIN,1630245,Ayo Dosunmu,30,4.2,3.23974,3.1348000000000003,4.5,2,2,0,0,1,0,0,0,0.0,0,0,0.0,2,2,0,0,0,0,0,nba_boxscorematchupsv3
1,2025-26,Playoffs,First Round,2026_den_min_api_20261005,0042500164,4,2026-04-25,1610612743,DEN,203999,Nikola Jokić,1610612750,MIN,1630162,Anthony Edwards,15,1.2,3.44037,1.5674000000000001,3.9,0,2,0,0,0,0,0,0,0.0,0,0,0.0,0,0,0,0,0,0,0,nba_boxscorematchupsv3
1,2025-26,Playoffs,First Round,2026_den_min_api_20261005,0042500164,4,2026-04-25,1610612743,DEN,203999,Nikola Jokić,1610612750,MIN,203497,Rudy Gobert,615,45.7,73.91826999999999,64.26332000000001,71.89999999999999,14,47,8,0,0,1,6,15,40.0,0,1,0.0,2,2,0,0,0,0,0,nba_boxscorematchupsv3
1,2025-26,Playoffs,First Round,2026_den_min_api_20261005,0042500164,4,2026-04-25,1610612743,DEN,203999,Nikola Jokić,1610612750,MIN,1630538,Bones Hyland,37,2.5,8.22222,3.8662500000000004,10.5,2,7,0,0,0,0,1,2,50.0,0,0,0.0,0,0,0,0,0,0,0,nba_boxscorematchupsv3
1,2025-26,Playoffs,First Round,2026_den_min_api_20261005,0042500164,4,2026-04-25,1610612743,DEN,203999,Nikola Jokić,1610612750,MIN,1630183,Jaden McDaniels,56,5.8,7.94326,5.85162,10.0,2,5,0,0,0,0,0,2,0.0,0,2,0.0,2,2,0,0,0,0,0,nba_boxscorematchupsv3
1,2025-26,Playoffs,First Round,2026_den_min_api_20261005,0042500164,4,2026-04-25,1610612743,DEN,203999,Nikola Jokić,1610612750,MIN,203944,Julius Randle,137,10.9,18.87052,14.31557,23.799999999999997,2,7,0,0,1,0,0,1,0.0,0,0,0.0,2,2,0,0,0,0,0,nba_boxscorematchupsv3
1,2025-26,Playoffs,First Round,2026_den_min_api_20261005,0042500164,4,2026-04-25,1610612743,DEN,203999,Nikola Jokić,1610612750,MIN,1629675,Naz Reid,41,2.4,6.6129,4.2842199999999995,8.3,2,4,0,0,0,0,1,2,50.0,0,0,0.0,0,0,0,0,0,0,0,nba_boxscorematchupsv3
1,2025-26,Playoffs,First Round,2026_den_min_api_20261005,0042500164,4,2026-04-25,1610612743,DEN,203999,Nikola Jokić,1610612750,MIN,1630545,Terrence Shannon Jr,18,2.0,9.83607,1.88088,9.5,0,6,1,0,0,0,0,0,0.0,0,0,0.0,0,0,0,0,0,0,0,nba_boxscorematchupsv3
1,2025-26,Playoffs,First Round,2026_den_min_api_20261005,0042500164,4,2026-04-25,1610612743,DEN,1631128,Christian Braun,1610612750,MIN,203937,Kyle Anderson,27,0.0,27.27273,3.4264,46.1,0,2,0,0,0,0,0,0,0.0,0,0,0.0,0,0,0,0,0,0,0,nba_boxscorematchupsv3
1,2025-26,Playoffs,First Round,2026_den_min_api_20261005,0042500164,4,2026-04-25,1610612743,DEN,1631128,Christian Braun,1610612750,MIN,201144,Mike Conley,181,13.0,40.49217,22.96954,48.699999999999996,0,8,0,0,0,0,0,0,0.0,0,0,0.0,0,0,0,0,0,0,0,nba_boxscorematchupsv3
1,2025-26,Playoffs,First Round,2026_den_min_api_20261005,0042500164,4,2026-04-25,1610612743,DEN,1631128,Christian Braun,1610612750,MIN,1628978,Donte DiVincenzo,21,1.5,72.41379,2.66497,78.60000000000001,0,0,0,0,0,0,0,0,0.0,0,0,0.0,0,0,0,0,0,0,0,nba_boxscorematchupsv3
1,2025-26,Playoffs,First Round,2026_den_min_api_20261005,0042500164,4,2026-04-25,1610612743,DEN,1631128,Christian Braun,1610612750,MIN,1630245,Ayo Dosunmu,180,16.7,19.43844,22.84264,27.700000000000003,5,23,0,0,0,0,1,1,100.0,1,1,100.0,2,2,1,0,0,0,0,nba_boxscorematchupsv3
1,2025-26,Playoffs,First Round,2026_den_min_api_20261005,0042500164,4,2026-04-25,1610612743,DEN,1631128,Christian Braun,1610612750,MIN,1630162,Anthony Edwards,87,5.2,19.95413,11.04061,24.5,0,4,0,0,0,0,0,0,0.0,0,0,0.0,0,0,0,0,0,0,0,nba_boxscorematchupsv3
1,2025-26,Playoffs,First Round,2026_den_min_api_20261005,0042500164,4,2026-04-25,1610612743,DEN,1631128,Christian Braun,1610612750,MIN,203497,Rudy Gobert,26,3.8,3.125,3.29949,4.8,0,2,0,0,0,0,0,0,0.0,0,0,0.0,0,0,0,0,0,0,0,nba_boxscorematchupsv3
1,2025-26,Playoffs,First Round,2026_den_min_api_20261005,0042500164,4,2026-04-25,1610612743,DEN,1631128,Christian Braun,1610612750,MIN,1630538,Bones Hyland,73,6.4,16.22222,9.26396,32.1,0,5,0,0,1,0,0,0,0.0,0,0,0.0,0,0,0,0,0,0,0,nba_boxscorematchupsv3
1,2025-26,Playoffs,First Round,2026_den_min_api_20261005,0042500164,4,2026-04-25,1610612743,DEN,1631128,Christian Braun,1610612750,MIN,1630183,Jaden McDaniels,50,3.9,7.0922,6.34518,9.5,0,4,0,0,0,0,0,0,0.0,0,0,0.0,0,0,0,0,0,0,0,nba_boxscorematchupsv3
1,2025-26,Playoffs,First Round,2026_den_min_api_20261005,0042500164,4,2026-04-25,1610612743,DEN,1631128,Christian Braun,1610612750,MIN,203944,Julius Randle,23,2.1,3.1680399999999995,2.91878,6.4,0,0,0,0,1,0,0,1,0.0,0,0,0.0,0,0,0,0,0,0,0,nba_boxscorematchupsv3
1,2025-26,Playoffs,First Round,2026_den_min_api_20261005,0042500164,4,2026-04-25,1610612743,DEN,1631128,Christian Braun,1610612750,MIN,1629675,Naz Reid,58,4.8,9.354840000000001,7.360410000000001,15.1,1,9,1,0,0,1,0,1,0.0,0,0,0.0,1,2,1,0,0,0,0,nba_boxscorematchupsv3
1,2025-26,Playoffs,First Round,2026_den_min_api_20261005,0042500164,4,2026-04-25,1610612743,DEN,1631128,Christian Braun,1610612750,MIN,1630545,Terrence Shannon Jr,62,3.1,33.87978,7.8680200000000005,41.099999999999994,2,4,0,0,0,0,1,1,100.0,0,0,0.0,0,0,0,0,0,0,0,nba_boxscorematchupsv3
1,2025-26,Playoffs,First Round,2026_den_min_api_20261005,0042500164,4,2026-04-25,1610612743,DEN,1627750,Jamal Murray,1610612750,MIN,201144,Mike Conley,24,3.7,5.36913,2.6002199999999998,9.0,3,5,0,0,0,0,1,1,100.0,1,1,100.0,0,0,0,0,0,0,0,nba_boxscorematchupsv3
1,2025-26,Playoffs,First Round,2026_den_min_api_20261005,0042500164,4,2026-04-25,1610612743,DEN,1627750,Jamal Murray,1610612750,MIN,1628978,Donte DiVincenzo,2,0.2,6.8965499999999995,0.21667999999999998,5.6000000000000005,0,0,0,0,0,0,0,0,0.0,0,0,0.0,0,0,0,0,0,0,0,nba_boxscorematchupsv3
1,2025-26,Playoffs,First Round,2026_den_min_api_20261005,0042500164,4,2026-04-25,1610612743,DEN,1627750,Jamal Murray,1610612750,MIN,1630245,Ayo Dosunmu,259,19.6,27.96976,28.06067,29.7,7,22,0,0,1,1,2,6,33.300000000000004,1,3,33.300000000000004,2,2,1,0,0,0,0,nba_boxscorematchupsv3
1,2025-26,Playoffs,First Round,2026_den_min_api_20261005,0042500164,4,2026-04-25,1610612743,DEN,1627750,Jamal Murray,1610612750,MIN,1630162,Anthony Edwards,43,3.9,9.86239,4.658720000000001,11.5,0,8,1,0,0,0,0,1,0.0,0,0,0.0,0,0,0,0,0,0,0,nba_boxscorematchupsv3
1,2025-26,Playoffs,First Round,2026_den_min_api_20261005,0042500164,4,2026-04-25,1610612743,DEN,1627750,Jamal Murray,1610612750,MIN,203497,Rudy Gobert,62,5.1,7.451919999999999,6.717230000000001,9.0,4,8,0,0,0,1,2,5,40.0,0,0,0.0,0,0,0,0,0,0,0,nba_boxscorematchupsv3
1,2025-26,Playoffs,First Round,2026_den_min_api_20261005,0042500164,4,2026-04-25,1610612743,DEN,1627750,Jamal Murray,1610612750,MIN,1630538,Bones Hyland,20,2.6,4.44444,2.16685,8.200000000000001,2,2,0,0,0,0,1,2,50.0,0,0,0.0,0,0,0,0,0,0,0,nba_boxscorematchupsv3
1,2025-26,Playoffs,First Round,2026_den_min_api_20261005,0042500164,4,2026-04-25,1610612743,DEN,1627750,Jamal Murray,1610612750,MIN,1630183,Jaden McDaniels,430,34.3,60.99291,46.58722,57.49999999999999,11,23,2,0,2,0,3,9,33.300000000000004,1,3,33.300000000000004,4,4,2,0,0,0,0,nba_boxscorematchupsv3
1,2025-26,Playoffs,First Round,2026_den_min_api_20261005,0042500164,4,2026-04-25,1610612743,DEN,1627750,Jamal Murray,1610612750,MIN,203944,Julius Randle,46,4.8,6.3360899999999996,4.98375,6.9,2,6,2,0,0,0,1,1,100.0,0,0,0.0,0,0,0,0,0,0,0,nba_boxscorematchupsv3
1,2025-26,Playoffs,First Round,2026_den_min_api_20261005,0042500164,4,2026-04-25,1610612743,DEN,1627750,Jamal Murray,1610612750,MIN,1629675,Naz Reid,31,3.1,5.0,3.35861,6.9,0,5,0,0,0,0,0,0,0.0,0,0,0.0,0,0,0,0,0,0,0,nba_boxscorematchupsv3
1,2025-26,Playoffs,First Round,2026_den_min_api_20261005,0042500164,4,2026-04-25,1610612743,DEN,1627750,Jamal Murray,1610612750,MIN,1630545,Terrence Shannon Jr,6,0.6,3.27869,0.65005,7.9,0,0,0,0,0,0,0,0,0.0,0,0,0.0,0,0,0,0,0,0,0,nba_boxscorematchupsv3
1,2025-26,Playoffs,First Round,2026_den_min_api_20261005,0042500164,4,2026-04-25,1610612743,DEN,203501,Tim Hardaway Jr.,1610612750,MIN,203937,Kyle Anderson,4,0.2,4.0404,0.70175,2.9000000000000004,0,0,0,0,0,0,0,0,0.0,0,0,0.0,0,0,0,0,0,0,0,nba_boxscorematchupsv3
1,2025-26,Playoffs,First Round,2026_den_min_api_20261005,0042500164,4,2026-04-25,1610612743,DEN,203501,Tim Hardaway Jr.,1610612750,MIN,201144,Mike Conley,164,12.3,36.68904,28.77193,53.900000000000006,9,17,1,0,0,0,3,5,60.0,0,2,0.0,3,3,2,0,0,0,0,nba_boxscorematchupsv3
1,2025-26,Playoffs,First Round,2026_den_min_api_20261005,0042500164,4,2026-04-25,1610612743,DEN,203501,Tim Hardaway Jr.,1610612750,MIN,1630245,Ayo Dosunmu,117,14.0,12.634989999999998,20.526320000000002,28.799999999999997,0,12,0,0,0,0,0,1,0.0,0,1,0.0,0,0,0,0,0,0,0,nba_boxscorematchupsv3
1,2025-26,Playoffs,First Round,2026_den_min_api_20261005,0042500164,4,2026-04-25,1610612743,DEN,203501,Tim Hardaway Jr.,1610612750,MIN,1630162,Anthony Edwards,59,3.1,13.53211,10.35088,35.699999999999996,0,7,0,0,0,0,0,1,0.0,0,1,0.0,0,0,0,0,0,0,0,nba_boxscorematchupsv3
1,2025-26,Playoffs,First Round,2026_den_min_api_20261005,0042500164,4,2026-04-25,1610612743,DEN,203501,Tim Hardaway Jr.,1610612750,MIN,203497,Rudy Gobert,4,0.8,0.48077,0.70175,1.2,0,0,0,0,0,0,0,0,0.0,0,0,0.0,0,0,0,0,0,0,0,nba_boxscorematchupsv3
1,2025-26,Playoffs,First Round,2026_den_min_api_20261005,0042500164,4,2026-04-25,1610612743,DEN,203501,Tim Hardaway Jr.,1610612750,MIN,1630538,Bones Hyland,90,7.3,20.0,15.78947,21.0,1,7,0,0,0,0,0,1,0.0,0,1,0.0,1,2,0,0,0,0,0,nba_boxscorematchupsv3
1,2025-26,Playoffs,First Round,2026_den_min_api_20261005,0042500164,4,2026-04-25,1610612743,DEN,203501,Tim Hardaway Jr.,1610612750,MIN,1630183,Jaden McDaniels,72,7.4,10.21277,12.631580000000001,24.4,0,3,0,0,0,0,0,0,0.0,0,0,0.0,0,0,0,0,0,0,0,nba_boxscorematchupsv3
1,2025-26,Playoffs,First Round,2026_den_min_api_20261005,0042500164,4,2026-04-25,1610612743,DEN,203501,Tim Hardaway Jr.,1610612750,MIN,203944,Julius Randle,15,1.3,2.06612,2.63158,3.6999999999999997,0,3,0,0,0,0,0,1,0.0,0,0,0.0,0,0,0,0,0,0,0,nba_boxscorematchupsv3
1,2025-26,Playoffs,First Round,2026_den_min_api_20261005,0042500164,4,2026-04-25,1610612743,DEN,203501,Tim Hardaway Jr.,1610612750,MIN,1629675,Naz Reid,15,2.6,2.41935,2.63158,5.0,0,0,0,0,0,0,0,1,0.0,0,1,0.0,0,0,0,0,0,0,0,nba_boxscorematchupsv3
1,2025-26,Playoffs,First Round,2026_den_min_api_20261005,0042500164,4,2026-04-25,1610612743,DEN,203501,Tim Hardaway Jr.,1610612750,MIN,1630545,Terrence Shannon Jr,30,2.4,16.393440000000002,5.26316,71.89999999999999,0,2,0,0,0,0,0,0,0.0,0,0,0.0,0,0,0,0,0,0,0,nba_boxscorematchupsv3
1,2025-26,Playoffs,First Round,2026_den_min_api_20261005,0042500164,4,2026-04-25,1610612743,DEN,1642461,Spencer Jones,1610612750,MIN,203937,Kyle Anderson,21,1.5,21.212120000000002,4.03071,27.900000000000002,0,0,0,0,0,0,0,0,0.0,0,0,0.0,0,0,0,0,0,0,0,nba_boxscorematchupsv3
1,2025-26,Playoffs,First Round,2026_den_min_api_20261005,0042500164,4,2026-04-25,1610612743,DEN,1642461,Spencer Jones,1610612750,MIN,201144,Mike Conley,4,1.0,0.89485,0.76775,5.1,0,0,0,0,0,0,0,1,0.0,0,1,0.0,0,0,0,0,0,0,0,nba_boxscorematchupsv3
1,2025-26,Playoffs,First Round,2026_den_min_api_20261005,0042500164,4,2026-04-25,1610612743,DEN,1642461,Spencer Jones,1610612750,MIN,1630245,Ayo Dosunmu,26,1.2,2.80778,4.990399999999999,5.4,0,4,0,0,0,0,0,0,0.0,0,0,0.0,0,0,0,0,0,0,0,nba_boxscorematchupsv3
1,2025-26,Playoffs,First Round,2026_den_min_api_20261005,0042500164,4,2026-04-25,1610612743,DEN,1642461,Spencer Jones,1610612750,MIN,1630162,Anthony Edwards,28,1.1,6.422020000000001,5.37428,11.3,0,2,0,0,0,0,0,0,0.0,0,0,0.0,0,0,0,0,0,0,0,nba_boxscorematchupsv3
1,2025-26,Playoffs,First Round,2026_den_min_api_20261005,0042500164,4,2026-04-25,1610612743,DEN,1642461,Spencer Jones,1610612750,MIN,203497,Rudy Gobert,16,2.9,1.92308,3.07102,6.4,0,3,0,0,0,0,0,0,0.0,0,0,0.0,0,0,0,0,0,0,0,nba_boxscorematchupsv3
1,2025-26,Playoffs,First Round,2026_den_min_api_20261005,0042500164,4,2026-04-25,1610612743,DEN,1642461,Spencer Jones,1610612750,MIN,1630538,Bones Hyland,20,1.2,4.44444,3.83877,6.1,0,0,0,0,0,0,0,0,0.0,0,0,0.0,0,0,0,0,0,0,0,nba_boxscorematchupsv3
1,2025-26,Playoffs,First Round,2026_den_min_api_20261005,0042500164,4,2026-04-25,1610612743,DEN,1642461,Spencer Jones,1610612750,MIN,1630183,Jaden McDaniels,2,0.6,0.28369,0.38388,2.1,0,0,0,0,0,0,0,0,0.0,0,0,0.0,0,0,0,0,0,0,0,nba_boxscorematchupsv3
1,2025-26,Playoffs,First Round,2026_den_min_api_20261005,0042500164,4,2026-04-25,1610612743,DEN,1642461,Spencer Jones,1610612750,MIN,203944,Julius Randle,65,6.9,8.95317,12.47601,21.2,0,10,0,0,0,0,0,0,0.0,0,0,0.0,0,0,0,0,0,0,0,nba_boxscorematchupsv3
1,2025-26,Playoffs,First Round,2026_den_min_api_20261005,0042500164,4,2026-04-25,1610612743,DEN,1642461,Spencer Jones,1610612750,MIN,1629675,Naz Reid,339,28.3,54.67742,65.06718000000001,69.3,0,19,0,0,0,0,0,1,0.0,0,1,0.0,0,0,0,0,0,0,0,nba_boxscorematchupsv3
1,2025-26,Playoffs,First Round,2026_den_min_api_20261005,0042500164,4,2026-04-25,1610612743,DEN,1628971,Bruce Brown,1610612750,MIN,203937,Kyle Anderson,17,0.9,17.171719999999997,3.6016899999999996,17.299999999999997,0,0,0,0,0,0,0,0,0.0,0,0,0.0,0,0,0,0,0,0,0,nba_boxscorematchupsv3
1,2025-26,Playoffs,First Round,2026_den_min_api_20261005,0042500164,4,2026-04-25,1610612743,DEN,1628971,Bruce Brown,1610612750,MIN,201144,Mike Conley,7,1.1,1.566,1.48305,5.4,0,0,0,0,0,0,0,0,0.0,0,0,0.0,0,0,0,0,0,0,0,nba_boxscorematchupsv3
1,2025-26,Playoffs,First Round,2026_den_min_api_20261005,0042500164,4,2026-04-25,1610612743,DEN,1628971,Bruce Brown,1610612750,MIN,1630245,Ayo Dosunmu,116,9.7,12.527,24.57627,31.7,0,4,1,0,0,0,0,2,0.0,0,0,0.0,0,0,0,0,0,0,0,nba_boxscorematchupsv3
1,2025-26,Playoffs,First Round,2026_den_min_api_20261005,0042500164,4,2026-04-25,1610612743,DEN,1628971,Bruce Brown,1610612750,MIN,1630162,Anthony Edwards,34,4.1,7.79817,7.20339,23.7,2,4,0,0,0,0,1,1,100.0,0,0,0.0,0,0,0,0,0,0,0,nba_boxscorematchupsv3
1,2025-26,Playoffs,First Round,2026_den_min_api_20261005,0042500164,4,2026-04-25,1610612743,DEN,1628971,Bruce Brown,1610612750,MIN,203497,Rudy Gobert,21,0.7,2.52404,4.44915,8.7,2,4,0,0,0,0,1,2,50.0,0,1,0.0,0,0,0,0,0,0,0,nba_boxscorematchupsv3
1,2025-26,Playoffs,First Round,2026_den_min_api_20261005,0042500164,4,2026-04-25,1610612743,DEN,1628971,Bruce Brown,1610612750,MIN,1630538,Bones Hyland,183,12.1,40.666669999999996,38.77119,63.5,0,11,0,0,0,0,0,1,0.0,0,1,0.0,0,0,0,0,0,0,0,nba_boxscorematchupsv3
1,2025-26,Playoffs,First Round,2026_den_min_api_20261005,0042500164,4,2026-04-25,1610612743,DEN,1628971,Bruce Brown,1610612750,MIN,1630183,Jaden McDaniels,17,1.4,2.41135,3.6016899999999996,9.9,0,3,0,0,0,1,0,0,0.0,0,0,0.0,0,0,0,0,0,0,0,nba_boxscorematchupsv3
1,2025-26,Playoffs,First Round,2026_den_min_api_20261005,0042500164,4,2026-04-25,1610612743,DEN,1628971,Bruce Brown,1610612750,MIN,203944,Julius Randle,24,1.6,3.30579,5.08475,6.7,2,6,1,0,0,0,1,1,100.0,0,0,0.0,0,0,0,0,0,0,0,nba_boxscorematchupsv3
1,2025-26,Playoffs,First Round,2026_den_min_api_20261005,0042500164,4,2026-04-25,1610612743,DEN,1628971,Bruce Brown,1610612750,MIN,1629675,Naz Reid,43,2.6,6.935479999999999,9.11017,10.4,0,6,0,0,0,0,0,0,0.0,0,0,0.0,0,0,0,0,0,0,0,nba_boxscorematchupsv3
1,2025-26,Playoffs,First Round,2026_den_min_api_20261005,0042500164,4,2026-04-25,1610612743,DEN,1628971,Bruce Brown,1610612750,MIN,1630545,Terrence Shannon Jr,10,0.6,5.46448,2.11864,8.9,0,0,0,0,0,0,0,0,0.0,0,0,0.0,0,0,0,0,0,0,0,nba_boxscorematchupsv3
1,2025-26,Playoffs,First Round,2026_den_min_api_20261005,0042500165,5,2026-04-27,1610612743,DEN,1629661,Cameron Johnson,1610612750,MIN,203937,Kyle Anderson,17,3.8,4.970759999999999,2.29111,13.8,0,2,0,0,0,0,0,0,0.0,0,0,0.0,0,0,0,0,0,0,0,nba_boxscorematchupsv3
1,2025-26,Playoffs,First Round,2026_den_min_api_20261005,0042500165,5,2026-04-27,1610612743,DEN,1629661,Cameron Johnson,1610612750,MIN,1642866,Joan Beringer,7,0.5,10.76923,0.9434,6.9,0,0,1,0,0,0,0,1,0.0,0,1,0.0,0,0,0,0,0,0,0,nba_boxscorematchupsv3
1,2025-26,Playoffs,First Round,2026_den_min_api_20261005,0042500165,5,2026-04-27,1610612743,DEN,1629661,Cameron Johnson,1610612750,MIN,1641740,Jaylen Clark,9,0.8,2.98013,1.2129400000000001,5.4,0,2,0,0,0,0,0,0,0.0,0,0,0.0,0,0,0,0,0,0,0,nba_boxscorematchupsv3
1,2025-26,Playoffs,First Round,2026_den_min_api_20261005,0042500165,5,2026-04-27,1610612743,DEN,1629661,Cameron Johnson,1610612750,MIN,201144,Mike Conley,38,4.4,11.44578,5.12129,10.7,0,10,0,0,0,0,0,0,0.0,0,0,0.0,0,0,0,0,0,0,0,nba_boxscorematchupsv3
1,2025-26,Playoffs,First Round,2026_den_min_api_20261005,0042500165,5,2026-04-27,1610612743,DEN,1629661,Cameron Johnson,1610612750,MIN,1630245,Ayo Dosunmu,232,18.8,25.95078,31.26685,39.300000000000004,2,26,1,0,0,0,1,2,50.0,0,1,0.0,0,0,0,0,0,0,0,nba_boxscorematchupsv3
1,2025-26,Playoffs,First Round,2026_den_min_api_20261005,0042500165,5,2026-04-27,1610612743,DEN,1629661,Cameron Johnson,1610612750,MIN,203497,Rudy Gobert,37,4.7,6.5026399999999995,4.98652,6.2,6,12,2,0,0,0,3,3,100.0,0,0,0.0,0,0,0,0,0,0,0,nba_boxscorematchupsv3
1,2025-26,Playoffs,First Round,2026_den_min_api_20261005,0042500165,5,2026-04-27,1610612743,DEN,1629661,Cameron Johnson,1610612750,MIN,1630538,Bones Hyland,114,7.7,25.0,15.36388,24.8,0,6,0,0,1,0,0,1,0.0,0,1,0.0,0,0,0,0,0,0,0,nba_boxscorematchupsv3
1,2025-26,Playoffs,First Round,2026_den_min_api_20261005,0042500165,5,2026-04-27,1610612743,DEN,1629661,Cameron Johnson,1610612750,MIN,204060,Joe Ingles,6,1.0,9.230770000000001,0.80863,12.5,2,2,0,0,0,0,1,1,100.0,0,0,0.0,0,0,0,0,0,0,0,nba_boxscorematchupsv3
1,2025-26,Playoffs,First Round,2026_den_min_api_20261005,0042500165,5,2026-04-27,1610612743,DEN,1629661,Cameron Johnson,1610612750,MIN,1630183,Jaden McDaniels,60,8.4,9.433959999999999,8.08625,18.2,2,11,0,0,0,0,1,1,100.0,0,0,0.0,0,0,0,0,0,0,0,nba_boxscorematchupsv3
1,2025-26,Playoffs,First Round,2026_den_min_api_20261005,0042500165,5,2026-04-27,1610612743,DEN,1629661,Cameron Johnson,1610612750,MIN,1641763,Julian Phillips,25,2.3,38.46154,3.3692699999999998,47.199999999999996,0,0,0,0,0,0,0,0,0.0,0,0,0.0,0,0,0,0,0,0,0,nba_boxscorematchupsv3
1,2025-26,Playoffs,First Round,2026_den_min_api_20261005,0042500165,5,2026-04-27,1610612743,DEN,1629661,Cameron Johnson,1610612750,MIN,203944,Julius Randle,30,3.6,3.91134,4.043130000000001,6.800000000000001,0,2,0,0,0,0,0,0,0.0,0,0,0.0,0,0,0,0,0,0,0,nba_boxscorematchupsv3
1,2025-26,Playoffs,First Round,2026_den_min_api_20261005,0042500165,5,2026-04-27,1610612743,DEN,1629661,Cameron Johnson,1610612750,MIN,1629675,Naz Reid,34,6.3,6.13718,4.58221,15.6,3,3,0,0,0,0,1,2,50.0,1,2,50.0,0,0,0,0,0,0,0,nba_boxscorematchupsv3
1,2025-26,Playoffs,First Round,2026_den_min_api_20261005,0042500165,5,2026-04-27,1610612743,DEN,1629661,Cameron Johnson,1610612750,MIN,1630545,Terrence Shannon Jr,133,13.9,50.76336,17.92453,49.0,3,10,0,0,0,0,1,2,50.0,1,2,50.0,0,0,0,0,0,0,0,nba_boxscorematchupsv3
1,2025-26,Playoffs,First Round,2026_den_min_api_20261005,0042500165,5,2026-04-27,1610612743,DEN,1642461,Spencer Jones,1610612750,MIN,203937,Kyle Anderson,34,2.8,9.941519999999999,4.19753,18.7,0,6,0,0,0,0,0,0,0.0,0,0,0.0,0,0,0,0,0,0,0,nba_boxscorematchupsv3
1,2025-26,Playoffs,First Round,2026_den_min_api_20261005,0042500165,5,2026-04-27,1610612743,DEN,1642461,Spencer Jones,1610612750,MIN,1641740,Jaylen Clark,24,1.3,7.94702,2.96296,6.3,0,0,0,0,0,0,0,0,0.0,0,0,0.0,0,0,0,0,0,0,0,nba_boxscorematchupsv3
1,2025-26,Playoffs,First Round,2026_den_min_api_20261005,0042500165,5,2026-04-27,1610612743,DEN,1642461,Spencer Jones,1610612750,MIN,201144,Mike Conley,9,1.4,2.71084,1.11111,3.9,0,0,0,0,0,0,0,0,0.0,0,0,0.0,0,0,0,0,0,0,0,nba_boxscorematchupsv3
1,2025-26,Playoffs,First Round,2026_den_min_api_20261005,0042500165,5,2026-04-27,1610612743,DEN,1642461,Spencer Jones,1610612750,MIN,1630245,Ayo Dosunmu,38,5.1,4.25056,4.6913599999999995,6.1,4,10,0,0,0,0,1,1,100.0,0,0,0.0,2,2,1,0,0,0,0,nba_boxscorematchupsv3
1,2025-26,Playoffs,First Round,2026_den_min_api_20261005,0042500165,5,2026-04-27,1610612743,DEN,1642461,Spencer Jones,1610612750,MIN,203497,Rudy Gobert,20,2.9,3.5149399999999997,2.46914,6.0,8,8,0,0,0,0,3,3,100.0,2,2,100.0,0,0,0,0,0,0,0,nba_boxscorematchupsv3
1,2025-26,Playoffs,First Round,2026_den_min_api_20261005,0042500165,5,2026-04-27,1610612743,DEN,1642461,Spencer Jones,1610612750,MIN,1630538,Bones Hyland,27,2.8,5.92105,3.33333,9.8,0,5,0,0,0,0,0,0,0.0,0,0,0.0,0,0,0,0,0,0,0,nba_boxscorematchupsv3
1,2025-26,Playoffs,First Round,2026_den_min_api_20261005,0042500165,5,2026-04-27,1610612743,DEN,1642461,Spencer Jones,1610612750,MIN,204060,Joe Ingles,41,2.9,63.07692,5.06173,60.4,0,2,0,0,0,0,0,0,0.0,0,0,0.0,0,0,0,0,0,0,0,nba_boxscorematchupsv3
1,2025-26,Playoffs,First Round,2026_den_min_api_20261005,0042500165,5,2026-04-27,1610612743,DEN,1642461,Spencer Jones,1610612750,MIN,1630183,Jaden McDaniels,33,2.5,5.18868,4.07407,6.6000000000000005,0,2,0,0,0,0,0,0,0.0,0,0,0.0,0,0,0,0,0,0,0,nba_boxscorematchupsv3
1,2025-26,Playoffs,First Round,2026_den_min_api_20261005,0042500165,5,2026-04-27,1610612743,DEN,1642461,Spencer Jones,1610612750,MIN,1641763,Julian Phillips,24,2.0,36.923080000000006,2.96296,37.7,0,2,0,0,0,0,0,0,0.0,0,0,0.0,0,0,0,0,0,0,0,nba_boxscorematchupsv3
1,2025-26,Playoffs,First Round,2026_den_min_api_20261005,0042500165,5,2026-04-27,1610612743,DEN,1642461,Spencer Jones,1610612750,MIN,203944,Julius Randle,448,41.7,58.40939,55.30864,62.5,6,33,0,0,0,0,2,3,66.7,2,2,100.0,0,0,0,0,0,0,0,nba_boxscorematchupsv3
1,2025-26,Playoffs,First Round,2026_den_min_api_20261005,0042500165,5,2026-04-27,1610612743,DEN,1642461,Spencer Jones,1610612750,MIN,1629675,Naz Reid,111,7.7,20.0361,13.7037,26.400000000000002,2,14,0,0,1,0,1,2,50.0,0,1,0.0,0,0,0,0,0,0,0,nba_boxscorematchupsv3
1,2025-26,Playoffs,First Round,2026_den_min_api_20261005,0042500165,5,2026-04-27,1610612743,DEN,1642461,Spencer Jones,1610612750,MIN,1630545,Terrence Shannon Jr,1,0.4,0.38168,0.12346,4.6,0,0,0,0,0,0,0,0,0.0,0,0,0.0,0,0,0,0,0,0,0,nba_boxscorematchupsv3
1,2025-26,Playoffs,First Round,2026_den_min_api_20261005,0042500165,5,2026-04-27,1610612743,DEN,203999,Nikola Jokić,1610612750,MIN,203937,Kyle Anderson,23,2.2,6.72515,2.96774,15.5,2,2,0,0,0,0,1,1,100.0,0,0,0.0,0,0,0,0,0,0,0,nba_boxscorematchupsv3
1,2025-26,Playoffs,First Round,2026_den_min_api_20261005,0042500165,5,2026-04-27,1610612743,DEN,203999,Nikola Jokić,1610612750,MIN,1642866,Joan Beringer,54,4.4,83.07692,6.96774,86.8,0,2,1,0,0,0,0,0,0.0,0,0,0.0,0,0,0,0,0,0,0,nba_boxscorematchupsv3
1,2025-26,Playoffs,First Round,2026_den_min_api_20261005,0042500165,5,2026-04-27,1610612743,DEN,203999,Nikola Jokić,1610612750,MIN,1641740,Jaylen Clark,4,1.1,1.3245,0.51613,3.4000000000000004,0,0,0,0,0,0,0,0,0.0,0,0,0.0,0,0,0,0,0,0,0,nba_boxscorematchupsv3
1,2025-26,Playoffs,First Round,2026_den_min_api_20261005,0042500165,5,2026-04-27,1610612743,DEN,203999,Nikola Jokić,1610612750,MIN,201144,Mike Conley,12,2.1,3.61446,1.54839,6.4,0,5,0,0,0,0,0,0,0.0,0,0,0.0,0,0,0,0,0,0,0,nba_boxscorematchupsv3
1,2025-26,Playoffs,First Round,2026_den_min_api_20261005,0042500165,5,2026-04-27,1610612743,DEN,203999,Nikola Jokić,1610612750,MIN,1630245,Ayo Dosunmu,31,3.2,3.46756,4.0,4.6,0,5,1,0,0,0,0,0,0.0,0,0,0.0,0,0,0,0,0,0,0,nba_boxscorematchupsv3
1,2025-26,Playoffs,First Round,2026_den_min_api_20261005,0042500165,5,2026-04-27,1610612743,DEN,203999,Nikola Jokić,1610612750,MIN,203497,Rudy Gobert,430,44.1,75.57118,55.48387,73.0,13,46,7,0,0,0,5,9,55.60000000000001,1,4,25.0,2,4,1,0,0,0,0,nba_boxscorematchupsv3
1,2025-26,Playoffs,First Round,2026_den_min_api_20261005,0042500165,5,2026-04-27,1610612743,DEN,203999,Nikola Jokić,1610612750,MIN,1630538,Bones Hyland,15,1.9,3.2894699999999997,1.9354799999999999,4.1000000000000005,0,2,3,0,0,0,0,0,0.0,0,0,0.0,0,0,0,0,0,0,0,nba_boxscorematchupsv3
1,2025-26,Playoffs,First Round,2026_den_min_api_20261005,0042500165,5,2026-04-27,1610612743,DEN,203999,Nikola Jokić,1610612750,MIN,1630183,Jaden McDaniels,30,3.7,4.7169799999999995,3.87097,9.1,0,7,1,0,0,0,0,0,0.0,0,0,0.0,0,0,0,0,0,0,0,nba_boxscorematchupsv3
1,2025-26,Playoffs,First Round,2026_den_min_api_20261005,0042500165,5,2026-04-27,1610612743,DEN,203999,Nikola Jokić,1610612750,MIN,1641763,Julian Phillips,9,0.5,13.846149999999998,1.1612900000000002,8.7,2,2,0,0,0,0,1,1,100.0,0,0,0.0,0,0,0,0,0,0,0,nba_boxscorematchupsv3
1,2025-26,Playoffs,First Round,2026_den_min_api_20261005,0042500165,5,2026-04-27,1610612743,DEN,203999,Nikola Jokić,1610612750,MIN,203944,Julius Randle,54,6.4,7.04042,6.96774,13.8,2,6,0,0,0,0,0,0,0.0,0,0,0.0,2,2,0,0,0,0,0,nba_boxscorematchupsv3
1,2025-26,Playoffs,First Round,2026_den_min_api_20261005,0042500165,5,2026-04-27,1610612743,DEN,203999,Nikola Jokić,1610612750,MIN,1629675,Naz Reid,102,10.3,18.41155,13.161290000000001,31.2,8,18,0,0,1,0,2,4,50.0,0,0,0.0,4,4,3,0,0,0,0,nba_boxscorematchupsv3
1,2025-26,Playoffs,First Round,2026_den_min_api_20261005,0042500165,5,2026-04-27,1610612743,DEN,203999,Nikola Jokić,1610612750,MIN,1630545,Terrence Shannon Jr,11,2.7,4.19847,1.41935,5.0,0,5,0,0,1,0,0,0,0.0,0,0,0.0,0,0,0,0,0,0,0,nba_boxscorematchupsv3
1,2025-26,Playoffs,First Round,2026_den_min_api_20261005,0042500165,5,2026-04-27,1610612743,DEN,1631128,Christian Braun,1610612750,MIN,203937,Kyle Anderson,5,1.6,1.46199,0.7974500000000001,6.800000000000001,0,3,0,0,0,0,0,0,0.0,0,0,0.0,0,0,0,0,0,0,0,nba_boxscorematchupsv3
1,2025-26,Playoffs,First Round,2026_den_min_api_20261005,0042500165,5,2026-04-27,1610612743,DEN,1631128,Christian Braun,1610612750,MIN,1642866,Joan Beringer,4,0.2,6.15385,0.63796,6.3,0,2,0,0,0,0,0,0,0.0,0,0,0.0,0,0,0,0,0,0,0,nba_boxscorematchupsv3
1,2025-26,Playoffs,First Round,2026_den_min_api_20261005,0042500165,5,2026-04-27,1610612743,DEN,1631128,Christian Braun,1610612750,MIN,1641740,Jaylen Clark,18,1.5,5.96026,2.87081,12.1,0,0,0,0,0,0,0,0,0.0,0,0,0.0,0,0,0,0,0,0,0,nba_boxscorematchupsv3
1,2025-26,Playoffs,First Round,2026_den_min_api_20261005,0042500165,5,2026-04-27,1610612743,DEN,1631128,Christian Braun,1610612750,MIN,201144,Mike Conley,159,14.0,47.89157,25.35885,52.1,0,17,2,0,0,0,0,1,0.0,0,1,0.0,0,0,0,0,0,0,0,nba_boxscorematchupsv3
1,2025-26,Playoffs,First Round,2026_den_min_api_20261005,0042500165,5,2026-04-27,1610612743,DEN,1631128,Christian Braun,1610612750,MIN,1630245,Ayo Dosunmu,99,11.3,11.07383,15.78947,19.8,0,16,0,0,0,0,0,0,0.0,0,0,0.0,0,0,0,0,0,0,0,nba_boxscorematchupsv3
1,2025-26,Playoffs,First Round,2026_den_min_api_20261005,0042500165,5,2026-04-27,1610612743,DEN,1631128,Christian Braun,1610612750,MIN,203497,Rudy Gobert,19,3.9,3.3391900000000003,3.0303,5.7,0,6,0,0,0,0,0,0,0.0,0,0,0.0,0,0,0,0,0,0,0,nba_boxscorematchupsv3
1,2025-26,Playoffs,First Round,2026_den_min_api_20261005,0042500165,5,2026-04-27,1610612743,DEN,1631128,Christian Braun,1610612750,MIN,1630538,Bones Hyland,115,13.8,25.2193,18.34131,40.300000000000004,3,8,0,0,0,0,1,1,100.0,1,1,100.0,0,0,0,0,0,0,0,nba_boxscorematchupsv3
1,2025-26,Playoffs,First Round,2026_den_min_api_20261005,0042500165,5,2026-04-27,1610612743,DEN,1631128,Christian Braun,1610612750,MIN,204060,Joe Ingles,16,0.8,24.615380000000002,2.5518300000000003,20.8,0,0,0,0,0,0,0,0,0.0,0,0,0.0,0,0,0,0,0,0,0,nba_boxscorematchupsv3
1,2025-26,Playoffs,First Round,2026_den_min_api_20261005,0042500165,5,2026-04-27,1610612743,DEN,1631128,Christian Braun,1610612750,MIN,1630183,Jaden McDaniels,51,5.3,8.01887,8.13397,15.6,6,12,0,0,1,0,2,2,100.0,0,0,0.0,2,2,1,0,0,0,0,nba_boxscorematchupsv3
1,2025-26,Playoffs,First Round,2026_den_min_api_20261005,0042500165,5,2026-04-27,1610612743,DEN,1631128,Christian Braun,1610612750,MIN,203944,Julius Randle,36,2.8,4.6936100000000005,5.741630000000001,7.7,0,5,1,0,0,0,0,1,0.0,0,0,0.0,0,0,0,0,0,0,0,nba_boxscorematchupsv3
1,2025-26,Playoffs,First Round,2026_den_min_api_20261005,0042500165,5,2026-04-27,1610612743,DEN,1631128,Christian Braun,1610612750,MIN,1629675,Naz Reid,61,3.9,11.01083,9.72887,25.7,0,5,0,0,0,0,0,0,0.0,0,0,0.0,0,0,0,0,0,0,0,nba_boxscorematchupsv3
1,2025-26,Playoffs,First Round,2026_den_min_api_20261005,0042500165,5,2026-04-27,1610612743,DEN,1631128,Christian Braun,1610612750,MIN,1630545,Terrence Shannon Jr,44,4.6,16.79389,7.01754,21.3,0,5,0,0,0,0,0,0,0.0,0,0,0.0,0,0,0,0,0,0,0,nba_boxscorematchupsv3
1,2025-26,Playoffs,First Round,2026_den_min_api_20261005,0042500165,5,2026-04-27,1610612743,DEN,1627750,Jamal Murray,1610612750,MIN,203937,Kyle Anderson,28,1.9,8.18713,3.04348,9.0,2,2,0,0,0,0,1,2,50.0,0,0,0.0,0,0,0,0,0,0,0,nba_boxscorematchupsv3
1,2025-26,Playoffs,First Round,2026_den_min_api_20261005,0042500165,5,2026-04-27,1610612743,DEN,1627750,Jamal Murray,1610612750,MIN,1641740,Jaylen Clark,208,15.6,68.87417,22.608700000000002,70.1,2,15,0,0,0,1,0,2,0.0,0,0,0.0,2,2,0,0,0,0,0,nba_boxscorematchupsv3
1,2025-26,Playoffs,First Round,2026_den_min_api_20261005,0042500165,5,2026-04-27,1610612743,DEN,1627750,Jamal Murray,1610612750,MIN,201144,Mike Conley,65,6.5,19.57831,7.06522,21.5,2,2,0,0,0,0,1,2,50.0,0,0,0.0,0,0,0,0,0,0,0,nba_boxscorematchupsv3
1,2025-26,Playoffs,First Round,2026_den_min_api_20261005,0042500165,5,2026-04-27,1610612743,DEN,1627750,Jamal Murray,1610612750,MIN,1630245,Ayo Dosunmu,144,16.5,16.10738,15.652170000000002,20.7,6,16,1,0,1,0,2,5,40.0,1,3,33.300000000000004,1,1,1,0,0,0,0,nba_boxscorematchupsv3
1,2025-26,Playoffs,First Round,2026_den_min_api_20261005,0042500165,5,2026-04-27,1610612743,DEN,1627750,Jamal Murray,1610612750,MIN,203497,Rudy Gobert,14,2.1,2.46046,1.52174,5.1,0,3,1,0,1,0,0,0,0.0,0,0,0.0,0,0,0,0,0,0,0,nba_boxscorematchupsv3
1,2025-26,Playoffs,First Round,2026_den_min_api_20261005,0042500165,5,2026-04-27,1610612743,DEN,1627750,Jamal Murray,1610612750,MIN,1630538,Bones Hyland,24,3.4,5.26316,2.6087,7.9,2,6,0,0,0,0,1,1,100.0,0,0,0.0,0,0,0,0,0,0,0,nba_boxscorematchupsv3
1,2025-26,Playoffs,First Round,2026_den_min_api_20261005,0042500165,5,2026-04-27,1610612743,DEN,1627750,Jamal Murray,1610612750,MIN,204060,Joe Ingles,2,0.0,3.07692,0.21739,4.3999999999999995,0,0,0,0,0,0,0,0,0.0,0,0,0.0,0,0,0,0,0,0,0,nba_boxscorematchupsv3
1,2025-26,Playoffs,First Round,2026_den_min_api_20261005,0042500165,5,2026-04-27,1610612743,DEN,1627750,Jamal Murray,1610612750,MIN,1630183,Jaden McDaniels,327,23.7,51.41509,35.54348,57.699999999999996,5,30,4,0,0,1,2,6,33.300000000000004,0,1,0.0,1,1,1,0,0,0,0,nba_boxscorematchupsv3
1,2025-26,Playoffs,First Round,2026_den_min_api_20261005,0042500165,5,2026-04-27,1610612743,DEN,1627750,Jamal Murray,1610612750,MIN,1641763,Julian Phillips,7,0.3,10.76923,0.76087,6.4,0,0,0,0,0,0,0,1,0.0,0,1,0.0,0,0,0,0,0,0,0,nba_boxscorematchupsv3
1,2025-26,Playoffs,First Round,2026_den_min_api_20261005,0042500165,5,2026-04-27,1610612743,DEN,1627750,Jamal Murray,1610612750,MIN,203944,Julius Randle,29,1.9,3.78096,3.15217,3.8,2,11,1,0,0,0,1,2,50.0,0,0,0.0,0,0,0,0,0,0,0,nba_boxscorematchupsv3
1,2025-26,Playoffs,First Round,2026_den_min_api_20261005,0042500165,5,2026-04-27,1610612743,DEN,1627750,Jamal Murray,1610612750,MIN,1629675,Naz Reid,40,2.8,7.220219999999999,4.34783,7.5,0,0,0,0,0,0,0,0,0.0,0,0,0.0,0,0,0,0,0,0,0,nba_boxscorematchupsv3
1,2025-26,Playoffs,First Round,2026_den_min_api_20261005,0042500165,5,2026-04-27,1610612743,DEN,1627750,Jamal Murray,1610612750,MIN,1630545,Terrence Shannon Jr,32,3.1,12.21374,3.4782599999999997,12.0,0,6,0,0,1,0,0,0,0.0,0,0,0.0,0,0,0,0,0,0,0,nba_boxscorematchupsv3
1,2025-26,Playoffs,First Round,2026_den_min_api_20261005,0042500165,5,2026-04-27,1610612743,DEN,203501,Tim Hardaway Jr.,1610612750,MIN,203937,Kyle Anderson,71,5.2,20.76023,32.27273,44.9,0,5,0,0,0,0,0,0,0.0,0,0,0.0,0,0,0,0,0,0,0,nba_boxscorematchupsv3
1,2025-26,Playoffs,First Round,2026_den_min_api_20261005,0042500165,5,2026-04-27,1610612743,DEN,203501,Tim Hardaway Jr.,1610612750,MIN,201144,Mike Conley,26,1.7,7.83133,11.81818,41.4,0,3,0,0,0,0,0,0,0.0,0,0,0.0,0,0,0,0,0,0,0,nba_boxscorematchupsv3
1,2025-26,Playoffs,First Round,2026_den_min_api_20261005,0042500165,5,2026-04-27,1610612743,DEN,203501,Tim Hardaway Jr.,1610612750,MIN,1630245,Ayo Dosunmu,17,1.3,1.90157,7.72727,10.2,0,0,0,0,0,0,0,0,0.0,0,0,0.0,0,0,0,0,0,0,0,nba_boxscorematchupsv3
1,2025-26,Playoffs,First Round,2026_den_min_api_20261005,0042500165,5,2026-04-27,1610612743,DEN,203501,Tim Hardaway Jr.,1610612750,MIN,203497,Rudy Gobert,14,1.4,2.46046,6.363639999999999,8.4,0,0,0,0,0,0,0,1,0.0,0,1,0.0,0,0,0,0,0,0,0,nba_boxscorematchupsv3
1,2025-26,Playoffs,First Round,2026_den_min_api_20261005,0042500165,5,2026-04-27,1610612743,DEN,203501,Tim Hardaway Jr.,1610612750,MIN,1630538,Bones Hyland,63,8.0,13.81579,28.63636,31.7,5,15,0,0,0,0,2,2,100.0,1,1,100.0,0,0,0,0,0,0,0,nba_boxscorematchupsv3
1,2025-26,Playoffs,First Round,2026_den_min_api_20261005,0042500165,5,2026-04-27,1610612743,DEN,203501,Tim Hardaway Jr.,1610612750,MIN,203944,Julius Randle,2,0.1,0.26076,0.9090900000000001,3.5999999999999996,0,0,0,0,0,0,0,1,0.0,0,1,0.0,0,0,0,0,0,0,0,nba_boxscorematchupsv3
1,2025-26,Playoffs,First Round,2026_den_min_api_20261005,0042500165,5,2026-04-27,1610612743,DEN,203501,Tim Hardaway Jr.,1610612750,MIN,1629675,Naz Reid,12,1.6,2.16606,5.454549999999999,9.8,0,0,0,0,0,0,0,0,0.0,0,0,0.0,0,0,0,0,0,0,0,nba_boxscorematchupsv3
1,2025-26,Playoffs,First Round,2026_den_min_api_20261005,0042500165,5,2026-04-27,1610612743,DEN,203501,Tim Hardaway Jr.,1610612750,MIN,1630545,Terrence Shannon Jr,15,3.4,5.7251900000000004,6.81818,19.0,3,5,0,0,0,0,1,1,100.0,0,0,0.0,1,1,1,0,0,0,0,nba_boxscorematchupsv3
1,2025-26,Playoffs,First Round,2026_den_min_api_20261005,0042500165,5,2026-04-27,1610612743,DEN,1628971,Bruce Brown,1610612750,MIN,203937,Kyle Anderson,78,7.0,22.80702,16.28392,29.799999999999997,0,12,0,0,0,0,0,0,0.0,0,0,0.0,0,0,0,0,0,0,0,nba_boxscorematchupsv3
1,2025-26,Playoffs,First Round,2026_den_min_api_20261005,0042500165,5,2026-04-27,1610612743,DEN,1628971,Bruce Brown,1610612750,MIN,1641740,Jaylen Clark,16,1.4,5.2980100000000006,3.34029,10.8,0,1,0,0,0,0,0,0,0.0,0,0,0.0,0,0,0,0,0,0,0,nba_boxscorematchupsv3
1,2025-26,Playoffs,First Round,2026_den_min_api_20261005,0042500165,5,2026-04-27,1610612743,DEN,1628971,Bruce Brown,1610612750,MIN,201144,Mike Conley,10,0.8,3.0120500000000003,2.08768,19.7,0,2,0,0,0,0,0,0,0.0,0,0,0.0,0,0,0,0,0,0,0,nba_boxscorematchupsv3
1,2025-26,Playoffs,First Round,2026_den_min_api_20261005,0042500165,5,2026-04-27,1610612743,DEN,1628971,Bruce Brown,1610612750,MIN,1630245,Ayo Dosunmu,118,8.2,13.19911,24.63466,26.0,0,9,0,0,0,0,0,0,0.0,0,0,0.0,0,0,0,0,0,0,0,nba_boxscorematchupsv3
1,2025-26,Playoffs,First Round,2026_den_min_api_20261005,0042500165,5,2026-04-27,1610612743,DEN,1628971,Bruce Brown,1610612750,MIN,203497,Rudy Gobert,13,1.2,2.28471,2.7139900000000003,7.5,0,3,0,0,1,0,0,0,0.0,0,0,0.0,0,0,0,0,0,0,0,nba_boxscorematchupsv3
1,2025-26,Playoffs,First Round,2026_den_min_api_20261005,0042500165,5,2026-04-27,1610612743,DEN,1628971,Bruce Brown,1610612750,MIN,1630538,Bones Hyland,55,7.8,12.061399999999999,11.482249999999999,30.0,0,8,0,0,0,0,0,1,0.0,0,0,0.0,0,0,0,0,0,0,0,nba_boxscorematchupsv3
1,2025-26,Playoffs,First Round,2026_den_min_api_20261005,0042500165,5,2026-04-27,1610612743,DEN,1628971,Bruce Brown,1610612750,MIN,1630183,Jaden McDaniels,75,5.6,11.79245,15.65762,21.6,1,1,0,0,1,0,0,2,0.0,0,1,0.0,1,2,0,0,0,0,0,nba_boxscorematchupsv3
1,2025-26,Playoffs,First Round,2026_den_min_api_20261005,0042500165,5,2026-04-27,1610612743,DEN,1628971,Bruce Brown,1610612750,MIN,203944,Julius Randle,31,2.2,4.04172,6.47182,8.7,4,5,0,0,0,0,2,2,100.0,0,0,0.0,0,0,0,0,0,0,0,nba_boxscorematchupsv3
1,2025-26,Playoffs,First Round,2026_den_min_api_20261005,0042500165,5,2026-04-27,1610612743,DEN,1628971,Bruce Brown,1610612750,MIN,1629675,Naz Reid,83,8.2,14.98195,17.32777,25.6,2,10,0,0,0,0,1,2,50.0,0,1,0.0,0,0,0,0,0,0,0,nba_boxscorematchupsv3
1,2025-26,Playoffs,First Round,2026_den_min_api_20261005,0042500165,5,2026-04-27,1610612743,DEN,1631124,Julian Strawther,1610612750,MIN,203937,Kyle Anderson,6,1.0,1.7543900000000001,8.57143,17.0,0,0,0,0,0,0,0,0,0.0,0,0,0.0,0,0,0,0,0,0,0,nba_boxscorematchupsv3
1,2025-26,Playoffs,First Round,2026_den_min_api_20261005,0042500165,5,2026-04-27,1610612743,DEN,1631124,Julian Strawther,1610612750,MIN,201144,Mike Conley,13,2.4,3.91566,18.57143,32.1,0,2,0,0,0,0,0,0,0.0,0,0,0.0,0,0,0,0,0,0,0,nba_boxscorematchupsv3
1,2025-26,Playoffs,First Round,2026_den_min_api_20261005,0042500165,5,2026-04-27,1610612743,DEN,1631124,Julian Strawther,1610612750,MIN,203497,Rudy Gobert,6,0.7,1.05448,8.57143,14.6,0,0,0,0,0,0,0,0,0.0,0,0,0.0,0,0,0,0,0,0,0,nba_boxscorematchupsv3
1,2025-26,Playoffs,First Round,2026_den_min_api_20261005,0042500165,5,2026-04-27,1610612743,DEN,1631124,Julian Strawther,1610612750,MIN,1630538,Bones Hyland,7,0.3,1.53509,10.0,6.2,0,2,0,0,0,0,0,0,0.0,0,0,0.0,0,0,0,0,0,0,0,nba_boxscorematchupsv3
1,2025-26,Playoffs,First Round,2026_den_min_api_20261005,0042500165,5,2026-04-27,1610612743,DEN,1631124,Julian Strawther,1610612750,MIN,1629675,Naz Reid,12,0.5,2.16606,17.14286,11.799999999999999,0,3,0,0,0,0,0,0,0.0,0,0,0.0,0,0,0,0,0,0,0,nba_boxscorematchupsv3
1,2025-26,Playoffs,First Round,2026_den_min_api_20261005,0042500165,5,2026-04-27,1610612743,DEN,1631124,Julian Strawther,1610612750,MIN,1630545,Terrence Shannon Jr,26,2.0,9.92366,37.14286,98.8,0,5,0,0,0,0,0,0,0.0,0,0,0.0,0,0,0,0,0,0,0,nba_boxscorematchupsv3
1,2025-26,Playoffs,First Round,2026_den_min_api_20261005,0042500165,5,2026-04-27,1610612743,DEN,1626145,Tyus Jones,1610612750,MIN,203937,Kyle Anderson,50,1.7,14.619879999999998,13.92758,24.5,0,0,0,0,0,0,0,0,0.0,0,0,0.0,0,0,0,0,0,0,0,nba_boxscorematchupsv3
1,2025-26,Playoffs,First Round,2026_den_min_api_20261005,0042500165,5,2026-04-27,1610612743,DEN,1626145,Tyus Jones,1610612750,MIN,1641740,Jaylen Clark,11,0.7,3.6423799999999997,3.06407,7.1,0,0,0,0,0,0,0,0,0.0,0,0,0.0,0,0,0,0,0,0,0,nba_boxscorematchupsv3
1,2025-26,Playoffs,First Round,2026_den_min_api_20261005,0042500165,5,2026-04-27,1610612743,DEN,1626145,Tyus Jones,1610612750,MIN,1630245,Ayo Dosunmu,200,14.7,22.371360000000003,55.71030999999999,54.2,0,10,1,0,0,0,0,1,0.0,0,0,0.0,0,0,0,0,0,0,0,nba_boxscorematchupsv3
1,2025-26,Playoffs,First Round,2026_den_min_api_20261005,0042500165,5,2026-04-27,1610612743,DEN,1626145,Tyus Jones,1610612750,MIN,203497,Rudy Gobert,16,0.9,2.81195,4.4568200000000004,28.000000000000004,0,2,0,0,0,0,0,0,0.0,0,0,0.0,0,0,0,0,0,0,0,nba_boxscorematchupsv3
1,2025-26,Playoffs,First Round,2026_den_min_api_20261005,0042500165,5,2026-04-27,1610612743,DEN,1626145,Tyus Jones,1610612750,MIN,1630538,Bones Hyland,36,4.3,7.8947400000000005,10.02786,44.0,1,6,0,0,0,0,0,0,0.0,0,0,0.0,1,2,0,0,0,0,0,nba_boxscorematchupsv3
1,2025-26,Playoffs,First Round,2026_den_min_api_20261005,0042500165,5,2026-04-27,1610612743,DEN,1626145,Tyus Jones,1610612750,MIN,1630183,Jaden McDaniels,42,3.5,6.603770000000001,11.699160000000001,12.4,2,6,1,0,0,0,1,1,100.0,0,0,0.0,0,0,0,0,0,0,0,nba_boxscorematchupsv3
1,2025-26,Playoffs,First Round,2026_den_min_api_20261005,0042500165,5,2026-04-27,1610612743,DEN,1626145,Tyus Jones,1610612750,MIN,203944,Julius Randle,4,0.4,0.52151,1.11421,1.6,0,0,0,0,0,0,0,0,0.0,0,0,0.0,0,0,0,0,0,0,0,nba_boxscorematchupsv3
1,2025-26,Playoffs,First Round,2026_den_min_api_20261005,0042500165,5,2026-04-27,1610612743,DEN,202685,Jonas Valanciunas,1610612750,MIN,203937,Kyle Anderson,30,2.4,8.77193,9.77199,14.799999999999999,2,2,0,0,0,0,1,1,100.0,0,0,0.0,0,0,0,0,0,0,0,nba_boxscorematchupsv3
1,2025-26,Playoffs,First Round,2026_den_min_api_20261005,0042500165,5,2026-04-27,1610612743,DEN,202685,Jonas Valanciunas,1610612750,MIN,1641740,Jaylen Clark,12,0.8,3.97351,3.90879,8.799999999999999,0,0,0,0,0,0,0,0,0.0,0,0,0.0,0,0,0,0,0,0,0,nba_boxscorematchupsv3
1,2025-26,Playoffs,First Round,2026_den_min_api_20261005,0042500165,5,2026-04-27,1610612743,DEN,202685,Jonas Valanciunas,1610612750,MIN,1630245,Ayo Dosunmu,15,1.0,1.6778499999999998,4.88599,5.800000000000001,0,0,0,0,0,0,0,0,0.0,0,0,0.0,0,0,0,0,0,0,0,nba_boxscorematchupsv3
1,2025-26,Playoffs,First Round,2026_den_min_api_20261005,0042500165,5,2026-04-27,1610612743,DEN,202685,Jonas Valanciunas,1610612750,MIN,1630183,Jaden McDaniels,18,1.3,2.83019,5.86319,6.6000000000000005,0,3,0,0,1,0,0,0,0.0,0,0,0.0,0,0,0,0,0,0,0,nba_boxscorematchupsv3
1,2025-26,Playoffs,First Round,2026_den_min_api_20261005,0042500165,5,2026-04-27,1610612743,DEN,202685,Jonas Valanciunas,1610612750,MIN,203944,Julius Randle,133,8.0,17.34029,43.32248,43.0,6,10,0,0,1,0,3,3,100.0,0,0,0.0,0,0,0,0,0,0,0,nba_boxscorematchupsv3
1,2025-26,Playoffs,First Round,2026_den_min_api_20261005,0042500165,5,2026-04-27,1610612743,DEN,202685,Jonas Valanciunas,1610612750,MIN,1629675,Naz Reid,99,7.3,17.87004,32.24756,42.4,1,5,1,0,0,0,0,0,0.0,0,0,0.0,1,2,1,0,0,0,0,nba_boxscorematchupsv3
1,2025-26,Playoffs,First Round,2026_den_min_api_20261005,0042500165,5,2026-04-27,1610612750,MIN,1630183,Jaden McDaniels,1610612743,DEN,1631128,Christian Braun,111,8.8,14.56693,16.89498,22.8,0,12,1,0,0,0,0,0,0.0,0,0,0.0,0,2,1,0,0,0,0,nba_boxscorematchupsv3
1,2025-26,Playoffs,First Round,2026_den_min_api_20261005,0042500165,5,2026-04-27,1610612750,MIN,1630183,Jaden McDaniels,1610612743,DEN,1628971,Bruce Brown,22,4.0,4.7413799999999995,3.3485500000000004,7.7,2,4,0,0,1,0,1,1,100.0,0,0,0.0,0,0,0,0,0,0,0,nba_boxscorematchupsv3
1,2025-26,Playoffs,First Round,2026_den_min_api_20261005,0042500165,5,2026-04-27,1610612750,MIN,1630183,Jaden McDaniels,1610612743,DEN,1629661,Cameron Johnson,210,14.1,23.94527,31.96347,42.199999999999996,2,5,0,0,1,0,1,5,20.0,0,3,0.0,0,0,0,0,0,0,0,nba_boxscorematchupsv3
1,2025-26,Playoffs,First Round,2026_den_min_api_20261005,0042500165,5,2026-04-27,1610612750,MIN,1630183,Jaden McDaniels,1610612743,DEN,203999,Nikola Jokić,48,4.2,5.13369,7.30594,12.2,1,3,0,0,1,1,0,0,0.0,0,0,0.0,1,1,0,0,0,0,0,nba_boxscorematchupsv3
1,2025-26,Playoffs,First Round,2026_den_min_api_20261005,0042500165,5,2026-04-27,1610612750,MIN,1630183,Jaden McDaniels,1610612743,DEN,1642461,Spencer Jones,34,3.4,4.0572799999999996,5.17504,6.2,2,3,0,0,0,0,1,1,100.0,0,0,0.0,0,0,0,0,0,0,0,nba_boxscorematchupsv3
1,2025-26,Playoffs,First Round,2026_den_min_api_20261005,0042500165,5,2026-04-27,1610612750,MIN,1630183,Jaden McDaniels,1610612743,DEN,1626145,Tyus Jones,40,4.8,14.705879999999999,6.08828,17.599999999999998,0,2,0,0,0,0,0,1,0.0,0,0,0.0,0,0,0,0,0,0,0,nba_boxscorematchupsv3
1,2025-26,Playoffs,First Round,2026_den_min_api_20261005,0042500165,5,2026-04-27,1610612750,MIN,1630183,Jaden McDaniels,1610612743,DEN,1627750,Jamal Murray,180,16.0,20.044539999999998,27.397260000000003,36.8,6,19,0,0,0,0,2,2,100.0,0,0,0.0,2,2,1,0,0,0,0,nba_boxscorematchupsv3
1,2025-26,Playoffs,First Round,2026_den_min_api_20261005,0042500165,5,2026-04-27,1610612750,MIN,1630183,Jaden McDaniels,1610612743,DEN,202685,Jonas Valanciunas,12,1.3,6.0606100000000005,1.82648,7.8,0,2,0,0,1,0,0,0,0.0,0,0,0.0,0,0,0,0,0,0,0,nba_boxscorematchupsv3
1,2025-26,Playoffs,First Round,2026_den_min_api_20261005,0042500165,5,2026-04-27,1610612750,MIN,203944,Julius Randle,1610612743,DEN,1631128,Christian Braun,51,4.2,6.69291,6.8825899999999995,10.0,1,7,1,0,0,0,0,2,0.0,0,0,0.0,1,2,1,0,0,0,0,nba_boxscorematchupsv3
1,2025-26,Playoffs,First Round,2026_den_min_api_20261005,0042500165,5,2026-04-27,1610612750,MIN,203944,Julius Randle,1610612743,DEN,1628971,Bruce Brown,17,2.0,3.66379,2.2942,9.0,0,0,0,0,0,0,0,0,0.0,0,0,0.0,0,0,0,0,0,0,0,nba_boxscorematchupsv3
1,2025-26,Playoffs,First Round,2026_den_min_api_20261005,0042500165,5,2026-04-27,1610612750,MIN,203944,Julius Randle,1610612743,DEN,203501,Tim Hardaway Jr.,4,0.1,1.26582,0.53981,12.6,0,0,0,0,0,0,0,0,0.0,0,0,0.0,0,0,0,0,0,0,0,nba_boxscorematchupsv3
1,2025-26,Playoffs,First Round,2026_den_min_api_20261005,0042500165,5,2026-04-27,1610612750,MIN,203944,Julius Randle,1610612743,DEN,1629661,Cameron Johnson,37,2.7,4.21893,4.99325,9.1,0,0,0,0,1,0,0,0,0.0,0,0,0.0,0,0,0,0,0,0,0,nba_boxscorematchupsv3
1,2025-26,Playoffs,First Round,2026_den_min_api_20261005,0042500165,5,2026-04-27,1610612750,MIN,203944,Julius Randle,1610612743,DEN,203999,Nikola Jokić,46,5.3,4.91979,6.20783,10.2,4,9,0,0,0,0,1,1,100.0,0,0,0.0,2,2,1,0,0,0,0,nba_boxscorematchupsv3
1,2025-26,Playoffs,First Round,2026_den_min_api_20261005,0042500165,5,2026-04-27,1610612750,MIN,203944,Julius Randle,1610612743,DEN,1642461,Spencer Jones,495,41.3,59.069210000000005,66.80162,68.89999999999999,15,40,3,0,1,1,5,8,62.5,2,3,66.7,3,3,2,0,0,0,0,nba_boxscorematchupsv3
1,2025-26,Playoffs,First Round,2026_den_min_api_20261005,0042500165,5,2026-04-27,1610612750,MIN,203944,Julius Randle,1610612743,DEN,1626145,Tyus Jones,9,1.4,3.30882,1.2145700000000001,4.0,0,0,0,0,1,0,0,0,0.0,0,0,0.0,0,0,0,0,0,0,0,nba_boxscorematchupsv3
1,2025-26,Playoffs,First Round,2026_den_min_api_20261005,0042500165,5,2026-04-27,1610612750,MIN,203944,Julius Randle,1610612743,DEN,1627750,Jamal Murray,59,7.0,6.57016,7.96221,9.0,2,2,0,0,1,0,1,3,33.300000000000004,0,1,0.0,0,0,0,0,0,0,0,nba_boxscorematchupsv3
1,2025-26,Playoffs,First Round,2026_den_min_api_20261005,0042500165,5,2026-04-27,1610612750,MIN,203944,Julius Randle,1610612743,DEN,202685,Jonas Valanciunas,23,3.3,11.61616,3.10391,13.4,5,5,0,0,0,0,1,1,100.0,0,0,0.0,3,4,2,0,0,0,0,nba_boxscorematchupsv3
1,2025-26,Playoffs,First Round,2026_den_min_api_20261005,0042500165,5,2026-04-27,1610612750,MIN,203497,Rudy Gobert,1610612743,DEN,1631128,Christian Braun,28,4.9,3.67454,3.55781,7.5,0,4,0,0,1,0,0,0,0.0,0,0,0.0,0,0,0,0,0,0,0,nba_boxscorematchupsv3
1,2025-26,Playoffs,First Round,2026_den_min_api_20261005,0042500165,5,2026-04-27,1610612750,MIN,203497,Rudy Gobert,1610612743,DEN,1628971,Bruce Brown,19,1.8,4.09483,2.41423,8.7,0,0,0,0,0,0,0,0,0.0,0,0,0.0,0,0,0,0,0,0,0,nba_boxscorematchupsv3
1,2025-26,Playoffs,First Round,2026_den_min_api_20261005,0042500165,5,2026-04-27,1610612750,MIN,203497,Rudy Gobert,1610612743,DEN,203501,Tim Hardaway Jr.,11,1.4,3.4810099999999995,1.39771,3.8,3,3,0,0,0,0,1,1,100.0,0,0,0.0,1,1,1,0,0,0,0,nba_boxscorematchupsv3
1,2025-26,Playoffs,First Round,2026_den_min_api_20261005,0042500165,5,2026-04-27,1610612750,MIN,203497,Rudy Gobert,1610612743,DEN,1629661,Cameron Johnson,70,7.1,7.98176,8.89454,10.2,0,7,0,0,0,0,0,0,0.0,0,0,0.0,0,0,0,0,0,0,0,nba_boxscorematchupsv3
1,2025-26,Playoffs,First Round,2026_den_min_api_20261005,0042500165,5,2026-04-27,1610612750,MIN,203497,Rudy Gobert,1610612743,DEN,203999,Nikola Jokić,602,41.8,64.38503,76.49301,71.3,0,43,2,0,1,0,0,1,0.0,0,0,0.0,0,0,0,0,0,0,0,nba_boxscorematchupsv3
1,2025-26,Playoffs,First Round,2026_den_min_api_20261005,0042500165,5,2026-04-27,1610612750,MIN,203497,Rudy Gobert,1610612743,DEN,1642461,Spencer Jones,17,3.8,2.0286399999999998,2.1601,5.800000000000001,0,2,0,0,0,0,0,0,0.0,0,0,0.0,0,0,0,0,0,0,0,nba_boxscorematchupsv3
1,2025-26,Playoffs,First Round,2026_den_min_api_20261005,0042500165,5,2026-04-27,1610612750,MIN,203497,Rudy Gobert,1610612743,DEN,1626145,Tyus Jones,4,0.4,1.4705899999999998,0.5082599999999999,8.200000000000001,0,0,0,0,0,0,0,0,0.0,0,0,0.0,0,0,0,0,0,0,0,nba_boxscorematchupsv3
1,2025-26,Playoffs,First Round,2026_den_min_api_20261005,0042500165,5,2026-04-27,1610612750,MIN,203497,Rudy Gobert,1610612743,DEN,1627750,Jamal Murray,22,2.7,2.44989,2.79543,6.2,0,0,0,0,0,0,0,0,0.0,0,0,0.0,0,0,0,0,0,0,0,nba_boxscorematchupsv3
1,2025-26,Playoffs,First Round,2026_den_min_api_20261005,0042500165,5,2026-04-27,1610612750,MIN,203497,Rudy Gobert,1610612743,DEN,1631124,Julian Strawther,14,1.2,14.141409999999999,1.7789099999999998,15.2,0,3,0,0,0,0,0,0,0.0,0,0,0.0,0,0,0,0,0,0,0,nba_boxscorematchupsv3
1,2025-26,Playoffs,First Round,2026_den_min_api_20261005,0042500165,5,2026-04-27,1610612750,MIN,1630245,Ayo Dosunmu,1610612743,DEN,1631128,Christian Braun,311,27.5,40.81365,37.37981,56.699999999999996,2,19,2,0,1,0,1,1,100.0,0,0,0.0,0,0,0,0,0,0,0,nba_boxscorematchupsv3
1,2025-26,Playoffs,First Round,2026_den_min_api_20261005,0042500165,5,2026-04-27,1610612750,MIN,1630245,Ayo Dosunmu,1610612743,DEN,1628971,Bruce Brown,96,8.9,20.68966,11.53846,30.7,3,8,1,0,0,0,1,2,50.0,0,0,0.0,1,1,1,0,0,0,0,nba_boxscorematchupsv3
1,2025-26,Playoffs,First Round,2026_den_min_api_20261005,0042500165,5,2026-04-27,1610612750,MIN,1630245,Ayo Dosunmu,1610612743,DEN,203501,Tim Hardaway Jr.,5,0.4,1.5822800000000001,0.60096,2.4,0,0,0,0,0,0,0,0,0.0,0,0,0.0,0,0,0,0,0,0,0,nba_boxscorematchupsv3
1,2025-26,Playoffs,First Round,2026_den_min_api_20261005,0042500165,5,2026-04-27,1610612750,MIN,1630245,Ayo Dosunmu,1610612743,DEN,1629661,Cameron Johnson,90,8.9,10.26226,10.817309999999999,14.099999999999998,3,8,0,0,0,0,1,3,33.300000000000004,1,1,100.0,0,0,0,0,0,0,0,nba_boxscorematchupsv3
1,2025-26,Playoffs,First Round,2026_den_min_api_20261005,0042500165,5,2026-04-27,1610612750,MIN,1630245,Ayo Dosunmu,1610612743,DEN,203999,Nikola Jokić,21,2.8,2.24599,2.52404,4.3,2,2,0,0,1,1,1,1,100.0,0,0,0.0,0,0,0,0,0,0,0,nba_boxscorematchupsv3
1,2025-26,Playoffs,First Round,2026_den_min_api_20261005,0042500165,5,2026-04-27,1610612750,MIN,1630245,Ayo Dosunmu,1610612743,DEN,1642461,Spencer Jones,49,5.8,5.84726,5.88942,7.8,5,9,0,0,0,0,2,2,100.0,1,1,100.0,0,0,0,0,0,0,0,nba_boxscorematchupsv3
1,2025-26,Playoffs,First Round,2026_den_min_api_20261005,0042500165,5,2026-04-27,1610612750,MIN,1630245,Ayo Dosunmu,1610612743,DEN,1626145,Tyus Jones,72,8.0,26.470589999999998,8.65385,29.2,0,7,0,0,0,0,0,1,0.0,0,1,0.0,0,0,0,0,0,0,0,nba_boxscorematchupsv3
1,2025-26,Playoffs,First Round,2026_den_min_api_20261005,0042500165,5,2026-04-27,1610612750,MIN,1630245,Ayo Dosunmu,1610612743,DEN,1627750,Jamal Murray,175,14.8,19.487750000000002,21.03365,21.5,3,19,0,0,0,0,1,3,33.300000000000004,1,1,100.0,0,0,0,0,0,0,0,nba_boxscorematchupsv3
1,2025-26,Playoffs,First Round,2026_den_min_api_20261005,0042500165,5,2026-04-27,1610612750,MIN,1630245,Ayo Dosunmu,1610612743,DEN,202685,Jonas Valanciunas,13,1.5,6.565659999999999,1.5625,7.3999999999999995,0,2,0,0,0,1,0,1,0.0,0,1,0.0,0,0,0,0,0,0,0,nba_boxscorematchupsv3
1,2025-26,Playoffs,First Round,2026_den_min_api_20261005,0042500165,5,2026-04-27,1610612750,MIN,201144,Mike Conley,1610612743,DEN,1631128,Christian Braun,48,4.9,6.2992099999999995,11.26761,14.7,0,4,1,0,1,0,0,0,0.0,0,0,0.0,0,0,0,0,0,0,0,nba_boxscorematchupsv3
1,2025-26,Playoffs,First Round,2026_den_min_api_20261005,0042500165,5,2026-04-27,1610612750,MIN,201144,Mike Conley,1610612743,DEN,203501,Tim Hardaway Jr.,4,0.3,1.26582,0.9389700000000001,13.900000000000002,0,0,0,0,0,0,0,0,0.0,0,0,0.0,0,0,0,0,0,0,0,nba_boxscorematchupsv3
1,2025-26,Playoffs,First Round,2026_den_min_api_20261005,0042500165,5,2026-04-27,1610612750,MIN,201144,Mike Conley,1610612743,DEN,1629661,Cameron Johnson,44,4.4,5.0171,10.32864,12.0,0,5,1,0,0,0,0,0,0.0,0,0,0.0,0,0,0,0,0,0,0,nba_boxscorematchupsv3
1,2025-26,Playoffs,First Round,2026_den_min_api_20261005,0042500165,5,2026-04-27,1610612750,MIN,201144,Mike Conley,1610612743,DEN,203999,Nikola Jokić,15,1.6,1.60428,3.5211300000000003,5.0,0,0,0,0,0,0,0,0,0.0,0,0,0.0,0,0,0,0,0,0,0,nba_boxscorematchupsv3
1,2025-26,Playoffs,First Round,2026_den_min_api_20261005,0042500165,5,2026-04-27,1610612750,MIN,201144,Mike Conley,1610612743,DEN,1642461,Spencer Jones,28,3.1,3.3412900000000003,6.57277,9.6,0,0,0,0,0,0,0,0,0.0,0,0,0.0,0,0,0,0,0,0,0,nba_boxscorematchupsv3
1,2025-26,Playoffs,First Round,2026_den_min_api_20261005,0042500165,5,2026-04-27,1610612750,MIN,201144,Mike Conley,1610612743,DEN,1627750,Jamal Murray,228,12.9,25.38976,53.52112999999999,56.89999999999999,0,15,0,0,0,0,0,2,0.0,0,0,0.0,0,0,0,0,0,0,0,nba_boxscorematchupsv3
1,2025-26,Playoffs,First Round,2026_den_min_api_20261005,0042500165,5,2026-04-27,1610612750,MIN,201144,Mike Conley,1610612743,DEN,1631124,Julian Strawther,59,5.2,59.595960000000005,13.84977,77.2,4,10,1,0,0,0,2,2,100.0,0,0,0.0,0,0,0,0,0,0,0,nba_boxscorematchupsv3
1,2025-26,Playoffs,First Round,2026_den_min_api_20261005,0042500165,5,2026-04-27,1610612750,MIN,1630545,Terrence Shannon Jr,1610612743,DEN,1631128,Christian Braun,32,5.8,4.199479999999999,9.84615,11.3,3,5,0,0,0,0,1,2,50.0,0,1,0.0,1,1,1,0,0,0,0,nba_boxscorematchupsv3
1,2025-26,Playoffs,First Round,2026_den_min_api_20261005,0042500165,5,2026-04-27,1610612750,MIN,1630545,Terrence Shannon Jr,1610612743,DEN,203501,Tim Hardaway Jr.,84,6.9,26.582280000000004,25.84615,44.4,5,7,0,0,0,0,2,3,66.7,1,2,50.0,0,0,0,0,0,0,0,nba_boxscorematchupsv3
1,2025-26,Playoffs,First Round,2026_den_min_api_20261005,0042500165,5,2026-04-27,1610612750,MIN,1630545,Terrence Shannon Jr,1610612743,DEN,1629661,Cameron Johnson,139,13.7,15.84949,42.76923,40.8,2,10,0,0,0,0,1,2,50.0,0,0,0.0,0,0,0,0,0,0,0,nba_boxscorematchupsv3
1,2025-26,Playoffs,First Round,2026_den_min_api_20261005,0042500165,5,2026-04-27,1610612750,MIN,1630545,Terrence Shannon Jr,1610612743,DEN,203999,Nikola Jokić,14,1.9,1.49733,4.30769,5.6000000000000005,2,5,0,0,1,0,1,2,50.0,0,0,0.0,0,0,0,0,0,0,0,nba_boxscorematchupsv3
1,2025-26,Playoffs,First Round,2026_den_min_api_20261005,0042500165,5,2026-04-27,1610612750,MIN,1630545,Terrence Shannon Jr,1610612743,DEN,1642461,Spencer Jones,24,0.4,2.86396,7.38462,9.6,3,3,0,0,0,0,1,1,100.0,1,1,100.0,0,0,0,0,0,0,0,nba_boxscorematchupsv3
1,2025-26,Playoffs,First Round,2026_den_min_api_20261005,0042500165,5,2026-04-27,1610612750,MIN,1630545,Terrence Shannon Jr,1610612743,DEN,1627750,Jamal Murray,15,3.2,1.6703800000000002,4.61538,11.700000000000001,0,2,0,0,0,0,0,0,0.0,0,0,0.0,0,0,0,0,0,0,0,nba_boxscorematchupsv3
1,2025-26,Playoffs,First Round,2026_den_min_api_20261005,0042500165,5,2026-04-27,1610612750,MIN,1630545,Terrence Shannon Jr,1610612743,DEN,1631124,Julian Strawther,17,0.1,17.171719999999997,5.23077,55.7,0,4,0,0,0,0,0,0,0.0,0,0,0.0,0,0,0,0,0,0,0,nba_boxscorematchupsv3
1,2025-26,Playoffs,First Round,2026_den_min_api_20261005,0042500165,5,2026-04-27,1610612750,MIN,1630538,Bones Hyland,1610612743,DEN,1631128,Christian Braun,128,8.0,16.7979,21.29784,29.099999999999998,0,12,0,0,0,0,0,0,0.0,0,0,0.0,0,0,0,0,0,0,0,nba_boxscorematchupsv3
1,2025-26,Playoffs,First Round,2026_den_min_api_20261005,0042500165,5,2026-04-27,1610612750,MIN,1630538,Bones Hyland,1610612743,DEN,1628971,Bruce Brown,158,13.8,34.05172,26.28952,51.5,0,14,0,0,2,0,0,1,0.0,0,1,0.0,0,0,0,0,0,0,0,nba_boxscorematchupsv3
1,2025-26,Playoffs,First Round,2026_den_min_api_20261005,0042500165,5,2026-04-27,1610612750,MIN,1630538,Bones Hyland,1610612743,DEN,203501,Tim Hardaway Jr.,46,3.9,14.55696,7.65391,15.5,3,7,0,0,0,0,1,1,100.0,1,1,100.0,0,0,0,0,0,0,0,nba_boxscorematchupsv3
1,2025-26,Playoffs,First Round,2026_den_min_api_20261005,0042500165,5,2026-04-27,1610612750,MIN,1630538,Bones Hyland,1610612743,DEN,1629661,Cameron Johnson,72,7.7,8.20981,11.98003,14.2,6,13,1,0,0,0,2,3,66.7,2,3,66.7,0,0,0,0,0,0,0,nba_boxscorematchupsv3
1,2025-26,Playoffs,First Round,2026_den_min_api_20261005,0042500165,5,2026-04-27,1610612750,MIN,1630538,Bones Hyland,1610612743,DEN,203999,Nikola Jokić,25,3.5,2.6738,4.15973,6.0,0,0,0,0,0,0,0,0,0.0,0,0,0.0,0,0,0,0,0,0,0,nba_boxscorematchupsv3
1,2025-26,Playoffs,First Round,2026_den_min_api_20261005,0042500165,5,2026-04-27,1610612750,MIN,1630538,Bones Hyland,1610612743,DEN,1642461,Spencer Jones,52,4.6,6.2052499999999995,8.65225,14.099999999999998,0,4,0,0,0,0,0,1,0.0,0,1,0.0,0,0,0,0,0,0,0,nba_boxscorematchupsv3
1,2025-26,Playoffs,First Round,2026_den_min_api_20261005,0042500165,5,2026-04-27,1610612750,MIN,1630538,Bones Hyland,1610612743,DEN,1626145,Tyus Jones,47,5.1,17.279410000000002,7.8203,43.2,3,5,0,0,0,0,1,1,100.0,0,0,0.0,1,1,1,0,0,0,0,nba_boxscorematchupsv3
1,2025-26,Playoffs,First Round,2026_den_min_api_20261005,0042500165,5,2026-04-27,1610612750,MIN,1630538,Bones Hyland,1610612743,DEN,1627750,Jamal Murray,72,4.9,8.01782,11.98003,19.3,2,4,0,0,0,0,1,2,50.0,0,1,0.0,0,0,0,0,0,0,0,nba_boxscorematchupsv3
1,2025-26,Playoffs,First Round,2026_den_min_api_20261005,0042500165,5,2026-04-27,1610612750,MIN,1630538,Bones Hyland,1610612743,DEN,202685,Jonas Valanciunas,1,0.2,0.50505,0.16639,12.8,0,0,0,0,0,0,0,0,0.0,0,0,0.0,0,0,0,0,0,0,0,nba_boxscorematchupsv3
1,2025-26,Playoffs,First Round,2026_den_min_api_20261005,0042500165,5,2026-04-27,1610612750,MIN,1629675,Naz Reid,1610612743,DEN,1631128,Christian Braun,20,1.8,2.62467,3.6363600000000003,8.3,0,2,0,0,0,0,0,0,0.0,0,0,0.0,0,0,0,0,0,0,0,nba_boxscorematchupsv3
1,2025-26,Playoffs,First Round,2026_den_min_api_20261005,0042500165,5,2026-04-27,1610612750,MIN,1629675,Naz Reid,1610612743,DEN,1628971,Bruce Brown,115,10.6,24.784480000000002,20.90909,37.4,0,11,0,0,0,0,0,1,0.0,0,1,0.0,0,0,0,0,0,0,0,nba_boxscorematchupsv3
1,2025-26,Playoffs,First Round,2026_den_min_api_20261005,0042500165,5,2026-04-27,1610612750,MIN,1629675,Naz Reid,1610612743,DEN,203501,Tim Hardaway Jr.,75,4.0,23.73418,13.63636,33.800000000000004,0,9,0,0,0,0,0,0,0.0,0,0,0.0,0,0,0,0,0,0,0,nba_boxscorematchupsv3
1,2025-26,Playoffs,First Round,2026_den_min_api_20261005,0042500165,5,2026-04-27,1610612750,MIN,1629675,Naz Reid,1610612743,DEN,1629661,Cameron Johnson,101,9.4,11.51653,18.36364,31.5,3,10,0,0,1,0,1,2,50.0,1,1,100.0,0,0,0,0,0,0,0,nba_boxscorematchupsv3
1,2025-26,Playoffs,First Round,2026_den_min_api_20261005,0042500165,5,2026-04-27,1610612750,MIN,1629675,Naz Reid,1610612743,DEN,203999,Nikola Jokić,23,6.0,2.45989,4.18182,10.100000000000001,0,2,0,0,0,0,0,2,0.0,0,1,0.0,0,0,0,0,0,0,0,nba_boxscorematchupsv3
1,2025-26,Playoffs,First Round,2026_den_min_api_20261005,0042500165,5,2026-04-27,1610612750,MIN,1629675,Naz Reid,1610612743,DEN,1642461,Spencer Jones,81,7.2,9.66587,14.72727,21.6,2,6,0,0,0,1,1,2,50.0,0,0,0.0,0,0,0,0,0,0,0,nba_boxscorematchupsv3
1,2025-26,Playoffs,First Round,2026_den_min_api_20261005,0042500165,5,2026-04-27,1610612750,MIN,1629675,Naz Reid,1610612743,DEN,1626145,Tyus Jones,53,6.1,19.48529,9.63636,24.8,2,10,0,0,0,0,1,1,100.0,0,0,0.0,0,0,0,0,0,0,0,nba_boxscorematchupsv3
1,2025-26,Playoffs,First Round,2026_den_min_api_20261005,0042500165,5,2026-04-27,1610612750,MIN,1629675,Naz Reid,1610612743,DEN,1627750,Jamal Murray,54,4.3,6.0133600000000005,9.81818,9.4,2,6,0,0,0,0,1,2,50.0,0,1,0.0,0,0,0,0,0,0,0,nba_boxscorematchupsv3
1,2025-26,Playoffs,First Round,2026_den_min_api_20261005,0042500165,5,2026-04-27,1610612750,MIN,1629675,Naz Reid,1610612743,DEN,1631124,Julian Strawther,1,0.4,1.0101,0.18182,4.5,0,0,0,0,0,0,0,0,0.0,0,0,0.0,0,0,0,0,0,0,0,nba_boxscorematchupsv3
1,2025-26,Playoffs,First Round,2026_den_min_api_20261005,0042500165,5,2026-04-27,1610612750,MIN,1629675,Naz Reid,1610612743,DEN,202685,Jonas Valanciunas,27,4.4,13.63636,4.90909,17.2,3,5,0,0,1,0,1,1,100.0,1,1,100.0,0,0,0,0,0,0,0,nba_boxscorematchupsv3
1,2025-26,Playoffs,First Round,2026_den_min_api_20261005,0042500165,5,2026-04-27,1610612750,MIN,203937,Kyle Anderson,1610612743,DEN,1631128,Christian Braun,3,0.4,0.39370000000000005,0.82873,3.4000000000000004,0,0,0,0,1,0,0,0,0.0,0,0,0.0,0,0,0,0,0,0,0,nba_boxscorematchupsv3
1,2025-26,Playoffs,First Round,2026_den_min_api_20261005,0042500165,5,2026-04-27,1610612750,MIN,203937,Kyle Anderson,1610612743,DEN,1628971,Bruce Brown,34,3.7,7.327590000000001,9.39227,12.8,0,8,3,0,0,0,0,0,0.0,0,0,0.0,0,0,0,0,0,0,0,nba_boxscorematchupsv3
1,2025-26,Playoffs,First Round,2026_den_min_api_20261005,0042500165,5,2026-04-27,1610612750,MIN,203937,Kyle Anderson,1610612743,DEN,203501,Tim Hardaway Jr.,87,9.7,27.531650000000003,24.03315,42.699999999999996,0,8,1,0,0,0,0,2,0.0,0,0,0.0,0,0,0,0,0,0,0,nba_boxscorematchupsv3
1,2025-26,Playoffs,First Round,2026_den_min_api_20261005,0042500165,5,2026-04-27,1610612750,MIN,203937,Kyle Anderson,1610612743,DEN,1629661,Cameron Johnson,71,4.2,8.09578,19.61326,29.599999999999998,2,7,0,0,0,0,1,1,100.0,0,0,0.0,0,0,0,0,0,0,0,nba_boxscorematchupsv3
1,2025-26,Playoffs,First Round,2026_den_min_api_20261005,0042500165,5,2026-04-27,1610612750,MIN,203937,Kyle Anderson,1610612743,DEN,203999,Nikola Jokić,42,4.6,4.49198,11.60221,20.3,0,4,1,0,1,0,0,0,0.0,0,0,0.0,0,0,0,0,0,0,0,nba_boxscorematchupsv3
1,2025-26,Playoffs,First Round,2026_den_min_api_20261005,0042500165,5,2026-04-27,1610612750,MIN,203937,Kyle Anderson,1610612743,DEN,1642461,Spencer Jones,2,0.7,0.23866,0.55249,5.1,0,0,0,0,0,0,0,0,0.0,0,0,0.0,0,0,0,0,0,0,0,nba_boxscorematchupsv3
1,2025-26,Playoffs,First Round,2026_den_min_api_20261005,0042500165,5,2026-04-27,1610612750,MIN,203937,Kyle Anderson,1610612743,DEN,1626145,Tyus Jones,15,2.3,5.51471,4.14365,12.5,0,2,0,0,1,0,0,0,0.0,0,0,0.0,0,0,0,0,0,0,0,nba_boxscorematchupsv3
1,2025-26,Playoffs,First Round,2026_den_min_api_20261005,0042500165,5,2026-04-27,1610612750,MIN,203937,Kyle Anderson,1610612743,DEN,1627750,Jamal Murray,12,1.8,1.3363,3.31492,5.5,2,2,0,0,0,0,1,1,100.0,0,0,0.0,0,0,0,0,0,0,0,nba_boxscorematchupsv3
1,2025-26,Playoffs,First Round,2026_den_min_api_20261005,0042500165,5,2026-04-27,1610612750,MIN,203937,Kyle Anderson,1610612743,DEN,1631124,Julian Strawther,4,0.1,4.0404,1.10497,4.5,0,0,0,0,0,0,0,0,0.0,0,0,0.0,0,0,0,0,0,0,0,nba_boxscorematchupsv3
1,2025-26,Playoffs,First Round,2026_den_min_api_20261005,0042500165,5,2026-04-27,1610612750,MIN,203937,Kyle Anderson,1610612743,DEN,202685,Jonas Valanciunas,92,7.7,46.46465,25.414360000000002,60.199999999999996,0,6,1,0,0,0,0,0,0.0,0,0,0.0,0,0,0,0,0,0,0,nba_boxscorematchupsv3
1,2025-26,Playoffs,First Round,2026_den_min_api_20261005,0042500165,5,2026-04-27,1610612750,MIN,1641740,Jaylen Clark,1610612743,DEN,1631128,Christian Braun,3,0.1,0.39370000000000005,1.44928,2.8000000000000003,0,0,0,0,0,0,0,0,0.0,0,0,0.0,0,0,0,0,0,0,0,nba_boxscorematchupsv3
1,2025-26,Playoffs,First Round,2026_den_min_api_20261005,0042500165,5,2026-04-27,1610612750,MIN,1641740,Jaylen Clark,1610612743,DEN,1628971,Bruce Brown,3,1.1,0.64655,1.44928,1.7999999999999998,0,2,0,0,0,0,0,0,0.0,0,0,0.0,0,0,0,0,0,0,0,nba_boxscorematchupsv3
1,2025-26,Playoffs,First Round,2026_den_min_api_20261005,0042500165,5,2026-04-27,1610612750,MIN,1641740,Jaylen Clark,1610612743,DEN,1629661,Cameron Johnson,4,0.8,0.4561,1.93237,7.8,0,2,0,0,0,0,0,0,0.0,0,0,0.0,0,0,0,0,0,0,0,nba_boxscorematchupsv3
1,2025-26,Playoffs,First Round,2026_den_min_api_20261005,0042500165,5,2026-04-27,1610612750,MIN,1641740,Jaylen Clark,1610612743,DEN,203999,Nikola Jokić,49,3.9,5.24064,23.6715,33.4,0,10,0,0,0,0,0,0,0.0,0,0,0.0,0,0,0,0,0,0,0,nba_boxscorematchupsv3
1,2025-26,Playoffs,First Round,2026_den_min_api_20261005,0042500165,5,2026-04-27,1610612750,MIN,1641740,Jaylen Clark,1610612743,DEN,1642461,Spencer Jones,17,1.4,2.0286399999999998,8.21256,9.2,0,2,0,0,0,1,0,1,0.0,0,0,0.0,0,0,0,0,0,0,0,nba_boxscorematchupsv3
1,2025-26,Playoffs,First Round,2026_den_min_api_20261005,0042500165,5,2026-04-27,1610612750,MIN,1641740,Jaylen Clark,1610612743,DEN,1626145,Tyus Jones,32,3.0,11.764710000000001,15.458939999999998,28.9,0,4,0,0,0,0,0,0,0.0,0,0,0.0,0,0,0,0,0,0,0,nba_boxscorematchupsv3
1,2025-26,Playoffs,First Round,2026_den_min_api_20261005,0042500165,5,2026-04-27,1610612750,MIN,1641740,Jaylen Clark,1610612743,DEN,1627750,Jamal Murray,65,9.2,7.23831,31.40097,38.0,0,9,1,0,0,0,0,0,0.0,0,0,0.0,0,0,0,0,0,0,0,nba_boxscorematchupsv3
1,2025-26,Playoffs,First Round,2026_den_min_api_20261005,0042500165,5,2026-04-27,1610612750,MIN,1641740,Jaylen Clark,1610612743,DEN,1631124,Julian Strawther,4,0.0,4.0404,1.93237,100.0,0,0,0,0,0,0,0,0,0.0,0,0,0.0,0,0,0,0,0,0,0,nba_boxscorematchupsv3
1,2025-26,Playoffs,First Round,2026_den_min_api_20261005,0042500165,5,2026-04-27,1610612750,MIN,1641740,Jaylen Clark,1610612743,DEN,202685,Jonas Valanciunas,30,4.6,15.15152,14.49275,29.5,0,4,0,0,0,0,0,0,0.0,0,0,0.0,0,0,0,0,0,0,0,nba_boxscorematchupsv3
1,2025-26,Playoffs,First Round,2026_den_min_api_20261005,0042500165,5,2026-04-27,1610612750,MIN,1642866,Joan Beringer,1610612743,DEN,1631128,Christian Braun,4,0.2,0.52493,6.77966,8.0,0,0,0,0,0,0,0,0,0.0,0,0,0.0,0,0,0,0,0,0,0,nba_boxscorematchupsv3
1,2025-26,Playoffs,First Round,2026_den_min_api_20261005,0042500165,5,2026-04-27,1610612750,MIN,1642866,Joan Beringer,1610612743,DEN,1629661,Cameron Johnson,4,1.8,0.4561,6.77966,11.5,0,3,0,0,0,0,0,0,0.0,0,0,0.0,0,0,0,0,0,0,0,nba_boxscorematchupsv3
1,2025-26,Playoffs,First Round,2026_den_min_api_20261005,0042500165,5,2026-04-27,1610612750,MIN,1642866,Joan Beringer,1610612743,DEN,203999,Nikola Jokić,47,4.5,5.026739999999999,79.66102000000001,76.5,2,4,0,0,1,0,0,0,0.0,0,0,0.0,2,2,1,0,0,0,0,nba_boxscorematchupsv3
1,2025-26,Playoffs,First Round,2026_den_min_api_20261005,0042500165,5,2026-04-27,1610612750,MIN,1642866,Joan Beringer,1610612743,DEN,1627750,Jamal Murray,4,0.1,0.44542999999999994,6.77966,5.0,0,3,0,0,0,0,0,0,0.0,0,0,0.0,0,0,0,0,0,0,0,nba_boxscorematchupsv3
1,2025-26,Playoffs,First Round,2026_den_min_api_20261005,0042500165,5,2026-04-27,1610612750,MIN,204060,Joe Ingles,1610612743,DEN,1631128,Christian Braun,7,0.4,0.9186400000000001,12.727269999999999,13.8,0,2,0,0,0,0,0,0,0.0,0,0,0.0,0,0,0,0,0,0,0,nba_boxscorematchupsv3
1,2025-26,Playoffs,First Round,2026_den_min_api_20261005,0042500165,5,2026-04-27,1610612750,MIN,204060,Joe Ingles,1610612743,DEN,1629661,Cameron Johnson,14,1.4,1.59635,25.454549999999998,25.8,0,5,0,0,0,0,0,0,0.0,0,0,0.0,0,0,0,0,0,0,0,nba_boxscorematchupsv3
1,2025-26,Playoffs,First Round,2026_den_min_api_20261005,0042500165,5,2026-04-27,1610612750,MIN,204060,Joe Ingles,1610612743,DEN,203999,Nikola Jokić,3,0.2,0.32086,5.454549999999999,5.8999999999999995,0,0,0,0,0,0,0,0,0.0,0,0,0.0,0,0,0,0,0,0,0,nba_boxscorematchupsv3
1,2025-26,Playoffs,First Round,2026_den_min_api_20261005,0042500165,5,2026-04-27,1610612750,MIN,204060,Joe Ingles,1610612743,DEN,1642461,Spencer Jones,19,1.6,2.2672999999999996,34.54545,31.8,0,0,0,0,0,0,0,0,0.0,0,0,0.0,0,0,0,0,0,0,0,nba_boxscorematchupsv3
1,2025-26,Playoffs,First Round,2026_den_min_api_20261005,0042500165,5,2026-04-27,1610612750,MIN,204060,Joe Ingles,1610612743,DEN,1627750,Jamal Murray,12,2.5,1.3363,21.81818,21.9,0,3,0,0,0,0,0,0,0.0,0,0,0.0,0,0,0,0,0,0,0,nba_boxscorematchupsv3
1,2025-26,Playoffs,First Round,2026_den_min_api_20261005,0042500165,5,2026-04-27,1610612750,MIN,1641763,Julian Phillips,1610612743,DEN,1631128,Christian Braun,16,0.8,2.0997399999999997,28.07018,20.200000000000003,0,3,0,0,0,0,0,0,0.0,0,0,0.0,0,0,0,0,0,0,0,nba_boxscorematchupsv3
1,2025-26,Playoffs,First Round,2026_den_min_api_20261005,0042500165,5,2026-04-27,1610612750,MIN,1641763,Julian Phillips,1610612743,DEN,1629661,Cameron Johnson,21,1.0,2.39453,36.84211,27.400000000000002,0,0,0,0,0,0,0,0,0.0,0,0,0.0,0,0,0,0,0,0,0,nba_boxscorematchupsv3
1,2025-26,Playoffs,First Round,2026_den_min_api_20261005,0042500165,5,2026-04-27,1610612750,MIN,1641763,Julian Phillips,1610612743,DEN,1642461,Spencer Jones,20,3.6,2.38663,35.08772,42.699999999999996,0,7,0,0,0,0,0,0,0.0,0,0,0.0,0,0,0,0,0,0,0,nba_boxscorematchupsv3
1,2025-26,Playoffs,First Round,2026_den_min_api_20261005,0042500166,6,2026-04-30,1610612750,MIN,1630183,Jaden McDaniels,1610612743,DEN,1631128,Christian Braun,183,14.1,28.28439,16.51625,27.400000000000002,2,15,0,0,0,0,0,2,0.0,0,0,0.0,2,2,0,0,0,0,0,nba_boxscorematchupsv3
1,2025-26,Playoffs,First Round,2026_den_min_api_20261005,0042500166,6,2026-04-30,1610612750,MIN,1630183,Jaden McDaniels,1610612743,DEN,1628971,Bruce Brown,23,1.3,6.1008,2.07581,7.7,4,6,0,0,0,0,1,1,100.0,0,0,0.0,2,2,0,0,0,0,0,nba_boxscorematchupsv3
1,2025-26,Playoffs,First Round,2026_den_min_api_20261005,0042500166,6,2026-04-30,1610612750,MIN,1630183,Jaden McDaniels,1610612743,DEN,203501,Tim Hardaway Jr.,95,6.3,17.62523,8.57401,21.5,5,11,0,0,0,0,2,2,100.0,1,1,100.0,0,0,0,0,0,0,0,nba_boxscorematchupsv3
1,2025-26,Playoffs,First Round,2026_den_min_api_20261005,0042500166,6,2026-04-30,1610612750,MIN,1630183,Jaden McDaniels,1610612743,DEN,1629661,Cameron Johnson,228,13.9,23.82445,20.57762,24.8,4,13,0,0,0,0,2,4,50.0,0,1,0.0,0,1,1,0,0,0,0,nba_boxscorematchupsv3
1,2025-26,Playoffs,First Round,2026_den_min_api_20261005,0042500166,6,2026-04-30,1610612750,MIN,1630183,Jaden McDaniels,1610612743,DEN,203999,Nikola Jokić,57,5.5,5.53936,5.1444,7.199999999999999,6,11,0,0,0,0,3,5,60.0,0,0,0.0,0,0,0,0,0,0,0,nba_boxscorematchupsv3
1,2025-26,Playoffs,First Round,2026_den_min_api_20261005,0042500166,6,2026-04-30,1610612750,MIN,1630183,Jaden McDaniels,1610612743,DEN,1642461,Spencer Jones,125,7.1,14.20455,11.28159,14.399999999999999,2,12,0,0,0,0,1,3,33.300000000000004,0,1,0.0,0,0,0,0,0,0,0,nba_boxscorematchupsv3
1,2025-26,Playoffs,First Round,2026_den_min_api_20261005,0042500166,6,2026-04-30,1610612750,MIN,1630183,Jaden McDaniels,1610612743,DEN,1626145,Tyus Jones,42,2.6,12.6506,3.79061,15.2,0,0,0,0,0,0,0,1,0.0,0,1,0.0,0,0,0,0,0,0,0,nba_boxscorematchupsv3
1,2025-26,Playoffs,First Round,2026_den_min_api_20261005,0042500166,6,2026-04-30,1610612750,MIN,1630183,Jaden McDaniels,1610612743,DEN,1627750,Jamal Murray,348,27.5,36.74762,31.40794,36.1,9,33,2,0,0,0,4,7,57.099999999999994,0,0,0.0,1,1,1,0,0,0,0,nba_boxscorematchupsv3
1,2025-26,Playoffs,First Round,2026_den_min_api_20261005,0042500166,6,2026-04-30,1610612750,MIN,1630183,Jaden McDaniels,1610612743,DEN,1630192,Zeke Nnaji,6,1.2,11.764710000000001,0.54152,23.599999999999998,0,2,0,0,0,0,0,0,0.0,0,0,0.0,0,0,0,0,0,0,0,nba_boxscorematchupsv3
1,2025-26,Playoffs,First Round,2026_den_min_api_20261005,0042500166,6,2026-04-30,1610612750,MIN,1630183,Jaden McDaniels,1610612743,DEN,202685,Jonas Valanciunas,1,0.1,1.0101,0.09025,3.5999999999999996,0,0,0,0,0,0,0,0,0.0,0,0,0.0,0,0,0,0,0,0,0,nba_boxscorematchupsv3
1,2025-26,Playoffs,First Round,2026_den_min_api_20261005,0042500166,6,2026-04-30,1610612750,MIN,203944,Julius Randle,1610612743,DEN,1631128,Christian Braun,62,4.8,9.582690000000001,6.57476,10.8,0,1,0,0,0,0,0,1,0.0,0,0,0.0,0,0,0,0,0,0,0,nba_boxscorematchupsv3
1,2025-26,Playoffs,First Round,2026_den_min_api_20261005,0042500166,6,2026-04-30,1610612750,MIN,203944,Julius Randle,1610612743,DEN,1628971,Bruce Brown,16,1.5,4.24403,1.69671,9.0,0,0,0,0,0,0,0,1,0.0,0,1,0.0,0,0,0,0,0,0,0,nba_boxscorematchupsv3
1,2025-26,Playoffs,First Round,2026_den_min_api_20261005,0042500166,6,2026-04-30,1610612750,MIN,203944,Julius Randle,1610612743,DEN,203501,Tim Hardaway Jr.,48,3.4,8.905380000000001,5.09014,15.6,0,2,0,0,0,1,0,1,0.0,0,0,0.0,0,0,0,0,0,0,0,nba_boxscorematchupsv3
1,2025-26,Playoffs,First Round,2026_den_min_api_20261005,0042500166,6,2026-04-30,1610612750,MIN,203944,Julius Randle,1610612743,DEN,1629661,Cameron Johnson,136,8.2,14.21108,14.42206,17.299999999999997,1,15,0,0,0,0,0,1,0.0,0,1,0.0,1,2,1,0,0,0,0,nba_boxscorematchupsv3
1,2025-26,Playoffs,First Round,2026_den_min_api_20261005,0042500166,6,2026-04-30,1610612750,MIN,203944,Julius Randle,1610612743,DEN,203999,Nikola Jokić,74,5.2,7.191450000000001,7.8473,9.6,5,11,0,0,0,0,2,3,66.7,1,1,100.0,0,0,0,0,0,0,0,nba_boxscorematchupsv3
1,2025-26,Playoffs,First Round,2026_den_min_api_20261005,0042500166,6,2026-04-30,1610612750,MIN,203944,Julius Randle,1610612743,DEN,1642461,Spencer Jones,477,31.3,54.20455,50.583239999999996,58.5,8,39,3,0,2,0,2,6,33.300000000000004,1,2,50.0,3,4,2,0,0,0,0,nba_boxscorematchupsv3
1,2025-26,Playoffs,First Round,2026_den_min_api_20261005,0042500166,6,2026-04-30,1610612750,MIN,203944,Julius Randle,1610612743,DEN,1626145,Tyus Jones,20,1.3,6.024100000000001,2.1208899999999997,9.5,0,7,1,0,0,0,0,0,0.0,0,0,0.0,0,0,0,0,0,0,0,nba_boxscorematchupsv3
1,2025-26,Playoffs,First Round,2026_den_min_api_20261005,0042500166,6,2026-04-30,1610612750,MIN,203944,Julius Randle,1610612743,DEN,1627750,Jamal Murray,78,7.3,8.23654,8.27147,12.6,4,6,0,0,0,0,2,3,66.7,0,0,0.0,0,0,0,0,0,0,0,nba_boxscorematchupsv3
1,2025-26,Playoffs,First Round,2026_den_min_api_20261005,0042500166,6,2026-04-30,1610612750,MIN,203944,Julius Randle,1610612743,DEN,1630192,Zeke Nnaji,16,2.1,31.37255,1.69671,53.5,0,2,1,0,0,0,0,0,0.0,0,0,0.0,0,0,0,0,0,0,0,nba_boxscorematchupsv3
1,2025-26,Playoffs,First Round,2026_den_min_api_20261005,0042500166,6,2026-04-30,1610612750,MIN,203944,Julius Randle,1610612743,DEN,202685,Jonas Valanciunas,16,1.8,16.16162,1.69671,20.1,0,2,0,0,1,0,0,1,0.0,0,0,0.0,0,0,0,0,0,0,0,nba_boxscorematchupsv3
1,2025-26,Playoffs,First Round,2026_den_min_api_20261005,0042500166,6,2026-04-30,1610612750,MIN,203497,Rudy Gobert,1610612743,DEN,1631128,Christian Braun,35,4.1,5.40958,3.4860599999999997,7.199999999999999,0,10,0,0,0,0,0,0,0.0,0,0,0.0,0,0,0,0,0,0,0,nba_boxscorematchupsv3
1,2025-26,Playoffs,First Round,2026_den_min_api_20261005,0042500166,6,2026-04-30,1610612750,MIN,203497,Rudy Gobert,1610612743,DEN,1628971,Bruce Brown,16,2.2,4.24403,1.59363,7.6,0,2,0,0,0,0,0,0,0.0,0,0,0.0,0,0,0,0,0,0,0,nba_boxscorematchupsv3
1,2025-26,Playoffs,First Round,2026_den_min_api_20261005,0042500166,6,2026-04-30,1610612750,MIN,203497,Rudy Gobert,1610612743,DEN,203501,Tim Hardaway Jr.,33,3.4,6.12245,3.2868500000000003,9.5,0,2,0,0,0,0,0,0,0.0,0,0,0.0,0,0,0,0,0,0,0,nba_boxscorematchupsv3
1,2025-26,Playoffs,First Round,2026_den_min_api_20261005,0042500166,6,2026-04-30,1610612750,MIN,203497,Rudy Gobert,1610612743,DEN,1629661,Cameron Johnson,65,4.7,6.792059999999999,6.474100000000001,9.1,0,7,0,0,0,0,0,0,0.0,0,0,0.0,0,0,0,0,0,0,0,nba_boxscorematchupsv3
1,2025-26,Playoffs,First Round,2026_den_min_api_20261005,0042500166,6,2026-04-30,1610612750,MIN,203497,Rudy Gobert,1610612743,DEN,203999,Nikola Jokić,722,52.8,70.16521,71.91235,69.8,8,56,6,0,0,1,3,5,60.0,0,0,0.0,2,4,1,0,0,0,0,nba_boxscorematchupsv3
1,2025-26,Playoffs,First Round,2026_den_min_api_20261005,0042500166,6,2026-04-30,1610612750,MIN,203497,Rudy Gobert,1610612743,DEN,1642461,Spencer Jones,66,4.0,7.5,6.573710000000001,9.1,0,3,0,0,0,0,0,0,0.0,0,0,0.0,0,0,0,0,0,0,0,nba_boxscorematchupsv3
1,2025-26,Playoffs,First Round,2026_den_min_api_20261005,0042500166,6,2026-04-30,1610612750,MIN,203497,Rudy Gobert,1610612743,DEN,1626145,Tyus Jones,9,1.0,2.71084,0.8964099999999999,9.1,0,0,0,0,0,0,0,0,0.0,0,0,0.0,0,0,0,0,0,0,0,nba_boxscorematchupsv3
1,2025-26,Playoffs,First Round,2026_den_min_api_20261005,0042500166,6,2026-04-30,1610612750,MIN,203497,Rudy Gobert,1610612743,DEN,1627750,Jamal Murray,44,4.9,4.646249999999999,4.3824700000000005,6.6000000000000005,2,11,1,0,0,0,1,1,100.0,0,0,0.0,0,0,0,0,0,0,0,nba_boxscorematchupsv3
1,2025-26,Playoffs,First Round,2026_den_min_api_20261005,0042500166,6,2026-04-30,1610612750,MIN,203497,Rudy Gobert,1610612743,DEN,1630192,Zeke Nnaji,14,1.3,27.45098,1.39442,26.400000000000002,0,0,0,0,0,0,0,0,0.0,0,0,0.0,0,0,0,0,0,0,0,nba_boxscorematchupsv3
1,2025-26,Playoffs,First Round,2026_den_min_api_20261005,0042500166,6,2026-04-30,1610612750,MIN,1630545,Terrence Shannon Jr,1610612743,DEN,1631128,Christian Braun,186,13.7,28.74807,22.46377,31.1,0,11,1,0,0,3,0,2,0.0,0,2,0.0,0,0,0,0,0,0,0,nba_boxscorematchupsv3
1,2025-26,Playoffs,First Round,2026_den_min_api_20261005,0042500166,6,2026-04-30,1610612750,MIN,1630545,Terrence Shannon Jr,1610612743,DEN,1628971,Bruce Brown,72,2.9,19.09814,8.69565,36.6,0,0,0,0,0,0,0,0,0.0,0,0,0.0,0,0,0,0,0,0,0,nba_boxscorematchupsv3
1,2025-26,Playoffs,First Round,2026_den_min_api_20261005,0042500166,6,2026-04-30,1610612750,MIN,1630545,Terrence Shannon Jr,1610612743,DEN,203501,Tim Hardaway Jr.,54,3.8,10.01855,6.521739999999999,20.1,5,5,0,0,0,0,2,3,66.7,1,2,50.0,0,0,0,0,0,0,0,nba_boxscorematchupsv3
1,2025-26,Playoffs,First Round,2026_den_min_api_20261005,0042500166,6,2026-04-30,1610612750,MIN,1630545,Terrence Shannon Jr,1610612743,DEN,1629661,Cameron Johnson,178,17.3,18.59979,21.49758,24.5,6,16,0,0,0,0,2,4,50.0,0,1,0.0,2,2,1,0,0,0,0,nba_boxscorematchupsv3
1,2025-26,Playoffs,First Round,2026_den_min_api_20261005,0042500166,6,2026-04-30,1610612750,MIN,1630545,Terrence Shannon Jr,1610612743,DEN,203999,Nikola Jokić,42,2.7,4.08163,5.07246,4.3,4,4,0,0,0,0,1,3,33.300000000000004,0,1,0.0,2,2,0,0,0,0,0,nba_boxscorematchupsv3
1,2025-26,Playoffs,First Round,2026_den_min_api_20261005,0042500166,6,2026-04-30,1610612750,MIN,1630545,Terrence Shannon Jr,1610612743,DEN,1642461,Spencer Jones,47,4.4,5.34091,5.67633,10.299999999999999,4,4,0,0,0,0,2,2,100.0,0,0,0.0,0,0,0,0,0,0,0,nba_boxscorematchupsv3
1,2025-26,Playoffs,First Round,2026_den_min_api_20261005,0042500166,6,2026-04-30,1610612750,MIN,1630545,Terrence Shannon Jr,1610612743,DEN,1626145,Tyus Jones,17,1.4,5.120480000000001,2.05314,11.600000000000001,0,2,0,0,0,0,0,0,0.0,0,0,0.0,0,0,0,0,0,0,0,nba_boxscorematchupsv3
1,2025-26,Playoffs,First Round,2026_den_min_api_20261005,0042500166,6,2026-04-30,1610612750,MIN,1630545,Terrence Shannon Jr,1610612743,DEN,1627750,Jamal Murray,230,16.0,24.28722,27.777780000000003,27.1,5,21,0,0,0,1,2,5,40.0,0,1,0.0,1,1,1,0,0,0,0,nba_boxscorematchupsv3
1,2025-26,Playoffs,First Round,2026_den_min_api_20261005,0042500166,6,2026-04-30,1610612750,MIN,1630545,Terrence Shannon Jr,1610612743,DEN,1630192,Zeke Nnaji,2,0.4,3.92157,0.24155000000000001,6.5,0,2,0,0,0,0,0,0,0.0,0,0,0.0,0,0,0,0,0,0,0,nba_boxscorematchupsv3
1,2025-26,Playoffs,First Round,2026_den_min_api_20261005,0042500166,6,2026-04-30,1610612750,MIN,201144,Mike Conley,1610612743,DEN,1631128,Christian Braun,98,4.7,15.14683,15.21739,23.5,0,11,0,0,0,0,0,1,0.0,0,1,0.0,0,0,0,0,0,0,0,nba_boxscorematchupsv3
1,2025-26,Playoffs,First Round,2026_den_min_api_20261005,0042500166,6,2026-04-30,1610612750,MIN,201144,Mike Conley,1610612743,DEN,1628971,Bruce Brown,39,2.1,10.34483,6.0559,18.6,0,2,1,0,0,0,0,0,0.0,0,0,0.0,0,0,0,0,0,0,0,nba_boxscorematchupsv3
1,2025-26,Playoffs,First Round,2026_den_min_api_20261005,0042500166,6,2026-04-30,1610612750,MIN,201144,Mike Conley,1610612743,DEN,203501,Tim Hardaway Jr.,33,3.4,6.12245,5.12422,17.299999999999997,0,4,0,0,0,0,0,0,0.0,0,0,0.0,0,0,0,0,0,0,0,nba_boxscorematchupsv3
1,2025-26,Playoffs,First Round,2026_den_min_api_20261005,0042500166,6,2026-04-30,1610612750,MIN,201144,Mike Conley,1610612743,DEN,1629661,Cameron Johnson,109,8.2,11.38976,16.92547,21.0,0,5,1,0,0,0,0,0,0.0,0,0,0.0,0,0,0,0,0,0,0,nba_boxscorematchupsv3
1,2025-26,Playoffs,First Round,2026_den_min_api_20261005,0042500166,6,2026-04-30,1610612750,MIN,201144,Mike Conley,1610612743,DEN,203999,Nikola Jokić,32,3.0,3.10982,4.96894,8.1,2,4,0,0,0,0,1,2,50.0,0,0,0.0,0,0,0,0,0,0,0,nba_boxscorematchupsv3
1,2025-26,Playoffs,First Round,2026_den_min_api_20261005,0042500166,6,2026-04-30,1610612750,MIN,201144,Mike Conley,1610612743,DEN,1642461,Spencer Jones,55,3.8,6.25,8.54037,9.1,0,6,0,0,0,0,0,0,0.0,0,0,0.0,0,0,0,0,0,0,0,nba_boxscorematchupsv3
1,2025-26,Playoffs,First Round,2026_den_min_api_20261005,0042500166,6,2026-04-30,1610612750,MIN,201144,Mike Conley,1610612743,DEN,1626145,Tyus Jones,170,7.8,51.20482,26.397520000000004,58.699999999999996,2,9,0,0,1,0,1,2,50.0,0,1,0.0,0,0,0,0,0,0,0,nba_boxscorematchupsv3
1,2025-26,Playoffs,First Round,2026_den_min_api_20261005,0042500166,6,2026-04-30,1610612750,MIN,201144,Mike Conley,1610612743,DEN,1627750,Jamal Murray,107,7.3,11.29884,16.61491,22.3,3,3,0,0,0,0,1,2,50.0,1,2,50.0,0,0,0,0,0,0,0,nba_boxscorematchupsv3
1,2025-26,Playoffs,First Round,2026_den_min_api_20261005,0042500166,6,2026-04-30,1610612750,MIN,201144,Mike Conley,1610612743,DEN,202685,Jonas Valanciunas,1,0.1,1.0101,0.15528,1.7000000000000002,0,0,0,0,0,0,0,0,0.0,0,0,0.0,0,0,0,0,0,0,0,nba_boxscorematchupsv3
1,2025-26,Playoffs,First Round,2026_den_min_api_20261005,0042500166,6,2026-04-30,1610612750,MIN,1630538,Bones Hyland,1610612743,DEN,1628971,Bruce Brown,70,5.2,18.56764,34.65347,33.7,0,11,0,0,0,0,0,1,0.0,0,1,0.0,0,0,0,0,0,0,0,nba_boxscorematchupsv3
1,2025-26,Playoffs,First Round,2026_den_min_api_20261005,0042500166,6,2026-04-30,1610612750,MIN,1630538,Bones Hyland,1610612743,DEN,203501,Tim Hardaway Jr.,92,8.7,17.068649999999998,45.54455,50.4,0,9,1,0,0,0,0,0,0.0,0,0,0.0,0,0,0,0,0,0,0,nba_boxscorematchupsv3
1,2025-26,Playoffs,First Round,2026_den_min_api_20261005,0042500166,6,2026-04-30,1610612750,MIN,1630538,Bones Hyland,1610612743,DEN,1629661,Cameron Johnson,10,0.6,1.04493,4.9505,7.7,0,0,0,0,0,0,0,1,0.0,0,1,0.0,0,0,0,0,0,0,0,nba_boxscorematchupsv3
1,2025-26,Playoffs,First Round,2026_den_min_api_20261005,0042500166,6,2026-04-30,1610612750,MIN,1630538,Bones Hyland,1610612743,DEN,203999,Nikola Jokić,5,0.8,0.48591,2.47525,5.0,1,1,0,0,0,0,0,0,0.0,0,0,0.0,1,2,1,0,0,0,0,nba_boxscorematchupsv3
1,2025-26,Playoffs,First Round,2026_den_min_api_20261005,0042500166,6,2026-04-30,1610612750,MIN,1630538,Bones Hyland,1610612743,DEN,1642461,Spencer Jones,5,0.7,0.56818,2.47525,8.799999999999999,0,2,0,0,0,0,0,0,0.0,0,0,0.0,0,0,0,0,0,0,0,nba_boxscorematchupsv3
1,2025-26,Playoffs,First Round,2026_den_min_api_20261005,0042500166,6,2026-04-30,1610612750,MIN,1630538,Bones Hyland,1610612743,DEN,1626145,Tyus Jones,8,1.7,2.40964,3.9604,13.200000000000001,0,2,0,0,0,0,0,0,0.0,0,0,0.0,0,0,0,0,0,0,0,nba_boxscorematchupsv3
1,2025-26,Playoffs,First Round,2026_den_min_api_20261005,0042500166,6,2026-04-30,1610612750,MIN,1630538,Bones Hyland,1610612743,DEN,1627750,Jamal Murray,6,1.0,0.63358,2.9703,4.2,0,1,0,0,0,0,0,0,0.0,0,0,0.0,0,0,0,0,0,0,0,nba_boxscorematchupsv3
1,2025-26,Playoffs,First Round,2026_den_min_api_20261005,0042500166,6,2026-04-30,1610612750,MIN,1630538,Bones Hyland,1610612743,DEN,1630192,Zeke Nnaji,6,0.5,11.764710000000001,2.9703,21.6,0,0,0,0,0,0,0,1,0.0,0,1,0.0,0,0,0,0,0,0,0,nba_boxscorematchupsv3
1,2025-26,Playoffs,First Round,2026_den_min_api_20261005,0042500166,6,2026-04-30,1610612750,MIN,1629675,Naz Reid,1610612743,DEN,1631128,Christian Braun,83,7.7,12.828439999999999,9.95204,22.5,2,8,0,0,0,0,1,2,50.0,0,1,0.0,0,0,0,0,0,0,0,nba_boxscorematchupsv3
1,2025-26,Playoffs,First Round,2026_den_min_api_20261005,0042500166,6,2026-04-30,1610612750,MIN,1629675,Naz Reid,1610612743,DEN,1628971,Bruce Brown,133,10.8,35.278510000000004,15.947239999999999,37.8,2,9,1,0,2,0,1,1,100.0,0,0,0.0,0,0,0,0,0,0,0,nba_boxscorematchupsv3
1,2025-26,Playoffs,First Round,2026_den_min_api_20261005,0042500166,6,2026-04-30,1610612750,MIN,1629675,Naz Reid,1610612743,DEN,203501,Tim Hardaway Jr.,152,7.6,28.200370000000003,18.22542,23.0,0,14,1,0,0,0,0,0,0.0,0,0,0.0,0,1,1,0,0,0,0,nba_boxscorematchupsv3
1,2025-26,Playoffs,First Round,2026_den_min_api_20261005,0042500166,6,2026-04-30,1610612750,MIN,1629675,Naz Reid,1610612743,DEN,1629661,Cameron Johnson,189,14.2,19.74922,22.66187,28.1,4,21,1,0,0,1,2,4,50.0,0,0,0.0,0,0,0,0,0,0,0,nba_boxscorematchupsv3
1,2025-26,Playoffs,First Round,2026_den_min_api_20261005,0042500166,6,2026-04-30,1610612750,MIN,1629675,Naz Reid,1610612743,DEN,203999,Nikola Jokić,47,6.4,4.56754,5.63549,11.0,4,5,0,0,0,0,2,2,100.0,0,0,0.0,0,0,0,0,0,0,0,nba_boxscorematchupsv3
1,2025-26,Playoffs,First Round,2026_den_min_api_20261005,0042500166,6,2026-04-30,1610612750,MIN,1629675,Naz Reid,1610612743,DEN,1642461,Spencer Jones,99,5.2,11.25,11.8705,17.8,3,3,0,0,0,1,1,1,100.0,1,1,100.0,0,0,0,0,0,0,0,nba_boxscorematchupsv3
1,2025-26,Playoffs,First Round,2026_den_min_api_20261005,0042500166,6,2026-04-30,1610612750,MIN,1629675,Naz Reid,1610612743,DEN,1626145,Tyus Jones,23,0.8,6.927709999999999,2.75779,6.4,0,0,0,0,0,0,0,2,0.0,0,1,0.0,0,0,0,0,0,0,0,nba_boxscorematchupsv3
1,2025-26,Playoffs,First Round,2026_den_min_api_20261005,0042500166,6,2026-04-30,1610612750,MIN,1629675,Naz Reid,1610612743,DEN,1627750,Jamal Murray,87,6.1,9.18691,10.431650000000001,13.5,0,11,1,0,0,0,0,1,0.0,0,0,0.0,0,0,0,0,0,0,0,nba_boxscorematchupsv3
1,2025-26,Playoffs,First Round,2026_den_min_api_20261005,0042500166,6,2026-04-30,1610612750,MIN,1629675,Naz Reid,1610612743,DEN,1630192,Zeke Nnaji,7,0.5,13.72549,0.8393299999999999,14.2,0,0,0,0,0,0,0,0,0.0,0,0,0.0,0,0,0,0,0,0,0,nba_boxscorematchupsv3
1,2025-26,Playoffs,First Round,2026_den_min_api_20261005,0042500166,6,2026-04-30,1610612750,MIN,1629675,Naz Reid,1610612743,DEN,202685,Jonas Valanciunas,14,0.7,14.141409999999999,1.6786599999999998,13.4,0,0,0,0,0,0,0,0,0.0,0,0,0.0,0,0,0,0,0,0,0,nba_boxscorematchupsv3
1,2025-26,Playoffs,First Round,2026_den_min_api_20261005,0042500166,6,2026-04-30,1610612750,MIN,1641740,Jaylen Clark,1610612743,DEN,1628971,Bruce Brown,8,1.9,2.12202,2.71186,9.6,0,0,0,0,0,0,0,0,0.0,0,0,0.0,0,0,0,0,0,0,0,nba_boxscorematchupsv3
1,2025-26,Playoffs,First Round,2026_den_min_api_20261005,0042500166,6,2026-04-30,1610612750,MIN,1641740,Jaylen Clark,1610612743,DEN,203501,Tim Hardaway Jr.,32,2.3,5.93692,10.84746,14.499999999999998,0,0,0,0,0,0,0,0,0.0,0,0,0.0,0,0,0,0,0,0,0,nba_boxscorematchupsv3
1,2025-26,Playoffs,First Round,2026_den_min_api_20261005,0042500166,6,2026-04-30,1610612750,MIN,1641740,Jaylen Clark,1610612743,DEN,1629661,Cameron Johnson,42,2.0,4.38871,14.23729,16.6,0,2,0,0,0,0,0,0,0.0,0,0,0.0,0,0,0,0,0,0,0,nba_boxscorematchupsv3
1,2025-26,Playoffs,First Round,2026_den_min_api_20261005,0042500166,6,2026-04-30,1610612750,MIN,1641740,Jaylen Clark,1610612743,DEN,203999,Nikola Jokić,50,1.2,4.85909,16.94915,20.0,0,4,1,0,0,0,0,1,0.0,0,1,0.0,0,0,0,0,0,0,0,nba_boxscorematchupsv3
1,2025-26,Playoffs,First Round,2026_den_min_api_20261005,0042500166,6,2026-04-30,1610612750,MIN,1641740,Jaylen Clark,1610612743,DEN,1642461,Spencer Jones,6,0.6,0.68182,2.0339,5.5,0,0,0,0,0,0,0,0,0.0,0,0,0.0,0,0,0,0,0,0,0,nba_boxscorematchupsv3
1,2025-26,Playoffs,First Round,2026_den_min_api_20261005,0042500166,6,2026-04-30,1610612750,MIN,1641740,Jaylen Clark,1610612743,DEN,1626145,Tyus Jones,43,4.5,12.95181,14.57627,27.400000000000002,0,0,0,0,0,0,0,0,0.0,0,0,0.0,0,0,0,0,0,0,0,nba_boxscorematchupsv3
1,2025-26,Playoffs,First Round,2026_den_min_api_20261005,0042500166,6,2026-04-30,1610612750,MIN,1641740,Jaylen Clark,1610612743,DEN,1627750,Jamal Murray,47,3.8,4.9630399999999995,15.9322,31.6,0,7,0,0,0,0,0,0,0.0,0,0,0.0,0,0,0,0,0,0,0,nba_boxscorematchupsv3
1,2025-26,Playoffs,First Round,2026_den_min_api_20261005,0042500166,6,2026-04-30,1610612750,MIN,1641740,Jaylen Clark,1610612743,DEN,202685,Jonas Valanciunas,67,2.9,67.67676999999999,22.71186,72.39999999999999,3,7,0,0,0,0,1,2,50.0,1,2,50.0,0,0,0,0,0,0,0,nba_boxscorematchupsv3
1,2025-26,Playoffs,First Round,2026_den_min_api_20261005,0042500166,6,2026-04-30,1610612743,DEN,1629661,Cameron Johnson,1610612750,MIN,1641740,Jaylen Clark,30,2.2,12.0,3.74065,14.7,1,4,0,0,0,0,0,0,0.0,0,0,0.0,1,2,0,0,0,0,0,nba_boxscorematchupsv3
1,2025-26,Playoffs,First Round,2026_den_min_api_20261005,0042500166,6,2026-04-30,1610612743,DEN,1629661,Cameron Johnson,1610612750,MIN,201144,Mike Conley,244,17.2,42.88225,30.423939999999998,48.3,6,20,0,0,2,0,2,3,66.7,0,1,0.0,2,2,1,0,0,0,0,nba_boxscorematchupsv3
1,2025-26,Playoffs,First Round,2026_den_min_api_20261005,0042500166,6,2026-04-30,1610612743,DEN,1629661,Cameron Johnson,1610612750,MIN,203497,Rudy Gobert,23,3.9,2.59594,2.86783,5.3,3,5,0,0,0,0,1,3,33.300000000000004,1,3,33.300000000000004,0,0,0,0,0,0,0,nba_boxscorematchupsv3
1,2025-26,Playoffs,First Round,2026_den_min_api_20261005,0042500166,6,2026-04-30,1610612743,DEN,1629661,Cameron Johnson,1610612750,MIN,1630538,Bones Hyland,18,1.4,11.18012,2.24439,20.5,0,3,0,0,0,0,0,0,0.0,0,0,0.0,0,0,0,0,0,0,0,nba_boxscorematchupsv3
1,2025-26,Playoffs,First Round,2026_den_min_api_20261005,0042500166,6,2026-04-30,1610612743,DEN,1629661,Cameron Johnson,1610612750,MIN,1630183,Jaden McDaniels,85,8.6,8.82658,10.5985,12.5,6,14,1,0,0,0,2,3,66.7,2,2,100.0,0,0,0,0,0,0,0,nba_boxscorematchupsv3
1,2025-26,Playoffs,First Round,2026_den_min_api_20261005,0042500166,6,2026-04-30,1610612743,DEN,1629661,Cameron Johnson,1610612750,MIN,203944,Julius Randle,34,3.7,4.187189999999999,4.2394,7.3,0,4,0,0,0,0,0,0,0.0,0,0,0.0,0,0,0,0,0,0,0,nba_boxscorematchupsv3
1,2025-26,Playoffs,First Round,2026_den_min_api_20261005,0042500166,6,2026-04-30,1610612743,DEN,1629661,Cameron Johnson,1610612750,MIN,1629675,Naz Reid,138,14.3,20.47478,17.206979999999998,26.0,5,18,1,0,0,0,1,1,100.0,1,1,100.0,2,4,2,0,0,0,0,nba_boxscorematchupsv3
1,2025-26,Playoffs,First Round,2026_den_min_api_20261005,0042500166,6,2026-04-30,1610612743,DEN,1629661,Cameron Johnson,1610612750,MIN,1630545,Terrence Shannon Jr,230,17.8,31.81189,28.6783,32.800000000000004,6,10,1,0,0,0,2,5,40.0,1,3,33.300000000000004,1,1,1,0,0,0,0,nba_boxscorematchupsv3
1,2025-26,Playoffs,First Round,2026_den_min_api_20261005,0042500166,6,2026-04-30,1610612743,DEN,1642461,Spencer Jones,1610612750,MIN,1641740,Jaylen Clark,11,0.4,4.3999999999999995,1.5047899999999998,6.0,0,2,0,0,0,0,0,0,0.0,0,0,0.0,0,0,0,0,0,0,0,nba_boxscorematchupsv3
1,2025-26,Playoffs,First Round,2026_den_min_api_20261005,0042500166,6,2026-04-30,1610612743,DEN,1642461,Spencer Jones,1610612750,MIN,201144,Mike Conley,26,1.5,4.56942,3.55677,4.7,3,5,0,0,0,0,1,1,100.0,1,1,100.0,0,0,0,0,0,0,0,nba_boxscorematchupsv3
1,2025-26,Playoffs,First Round,2026_den_min_api_20261005,0042500166,6,2026-04-30,1610612743,DEN,1642461,Spencer Jones,1610612750,MIN,203497,Rudy Gobert,23,2.5,2.59594,3.1463699999999997,5.0,0,0,0,0,0,0,0,0,0.0,0,0,0.0,0,0,0,0,0,0,0,nba_boxscorematchupsv3
1,2025-26,Playoffs,First Round,2026_den_min_api_20261005,0042500166,6,2026-04-30,1610612743,DEN,1642461,Spencer Jones,1610612750,MIN,1630538,Bones Hyland,1,0.1,0.62112,0.1368,1.0999999999999999,0,0,0,0,0,0,0,0,0.0,0,0,0.0,0,0,0,0,0,0,0,nba_boxscorematchupsv3
1,2025-26,Playoffs,First Round,2026_den_min_api_20261005,0042500166,6,2026-04-30,1610612743,DEN,1642461,Spencer Jones,1610612750,MIN,1630183,Jaden McDaniels,40,3.7,4.15369,5.47196,6.2,0,0,0,0,1,0,0,0,0.0,0,0,0.0,0,0,0,0,0,0,0,nba_boxscorematchupsv3
1,2025-26,Playoffs,First Round,2026_den_min_api_20261005,0042500166,6,2026-04-30,1610612743,DEN,1642461,Spencer Jones,1610612750,MIN,203944,Julius Randle,414,33.7,50.98522,56.63475,60.4,2,34,1,0,0,0,1,2,50.0,0,1,0.0,0,0,0,0,0,0,0,nba_boxscorematchupsv3
1,2025-26,Playoffs,First Round,2026_den_min_api_20261005,0042500166,6,2026-04-30,1610612743,DEN,1642461,Spencer Jones,1610612750,MIN,1629675,Naz Reid,181,14.6,26.8546,24.7606,44.5,3,16,0,0,0,0,1,1,100.0,1,1,100.0,0,0,0,0,0,0,0,nba_boxscorematchupsv3
1,2025-26,Playoffs,First Round,2026_den_min_api_20261005,0042500166,6,2026-04-30,1610612743,DEN,1642461,Spencer Jones,1610612750,MIN,1630545,Terrence Shannon Jr,35,2.5,4.84094,4.78796,5.5,0,2,0,0,0,0,0,0,0.0,0,0,0.0,0,0,0,0,0,0,0,nba_boxscorematchupsv3
1,2025-26,Playoffs,First Round,2026_den_min_api_20261005,0042500166,6,2026-04-30,1610612743,DEN,203999,Nikola Jokić,1610612750,MIN,1641740,Jaylen Clark,10,2.8,4.0,1.05263,11.899999999999999,0,2,0,0,0,0,0,0,0.0,0,0,0.0,0,0,0,0,0,0,0,nba_boxscorematchupsv3
1,2025-26,Playoffs,First Round,2026_den_min_api_20261005,0042500166,6,2026-04-30,1610612743,DEN,203999,Nikola Jokić,1610612750,MIN,201144,Mike Conley,26,1.3,4.56942,2.73684,4.3,2,2,0,0,0,0,1,1,100.0,0,0,0.0,0,0,0,0,0,0,0,nba_boxscorematchupsv3
1,2025-26,Playoffs,First Round,2026_den_min_api_20261005,0042500166,6,2026-04-30,1610612743,DEN,203999,Nikola Jokić,1610612750,MIN,203497,Rudy Gobert,715,58.0,80.69977,75.26316,76.0,20,59,7,0,3,1,9,15,60.0,1,4,25.0,1,2,1,0,0,0,0,nba_boxscorematchupsv3
1,2025-26,Playoffs,First Round,2026_den_min_api_20261005,0042500166,6,2026-04-30,1610612743,DEN,203999,Nikola Jokić,1610612750,MIN,1630538,Bones Hyland,4,0.6,2.48447,0.42105,4.9,0,0,0,0,0,0,0,0,0.0,0,0,0.0,0,0,0,0,0,0,0,nba_boxscorematchupsv3
1,2025-26,Playoffs,First Round,2026_den_min_api_20261005,0042500166,6,2026-04-30,1610612743,DEN,203999,Nikola Jokić,1610612750,MIN,1630183,Jaden McDaniels,62,7.2,6.43821,6.526319999999999,9.1,2,12,0,0,0,0,0,1,0.0,0,1,0.0,2,2,1,0,0,0,0,nba_boxscorematchupsv3
1,2025-26,Playoffs,First Round,2026_den_min_api_20261005,0042500166,6,2026-04-30,1610612743,DEN,203999,Nikola Jokić,1610612750,MIN,203944,Julius Randle,82,8.4,10.09852,8.63158,11.899999999999999,0,8,0,0,1,0,0,0,0.0,0,0,0.0,0,0,0,0,0,0,0,nba_boxscorematchupsv3
1,2025-26,Playoffs,First Round,2026_den_min_api_20261005,0042500166,6,2026-04-30,1610612743,DEN,203999,Nikola Jokić,1610612750,MIN,1629675,Naz Reid,29,2.6,4.30267,3.0526299999999997,5.1,2,7,1,0,0,0,1,1,100.0,0,0,0.0,0,0,0,0,0,0,0,nba_boxscorematchupsv3
1,2025-26,Playoffs,First Round,2026_den_min_api_20261005,0042500166,6,2026-04-30,1610612743,DEN,203999,Nikola Jokić,1610612750,MIN,1630545,Terrence Shannon Jr,22,3.6,3.04288,2.31579,5.3,2,4,0,0,0,0,0,1,0.0,0,0,0.0,2,2,1,0,0,0,0,nba_boxscorematchupsv3
1,2025-26,Playoffs,First Round,2026_den_min_api_20261005,0042500166,6,2026-04-30,1610612743,DEN,1631128,Christian Braun,1610612750,MIN,201144,Mike Conley,35,4.4,6.15114,5.80431,14.399999999999999,0,2,0,0,0,0,0,0,0.0,0,0,0.0,0,0,0,0,0,0,0,nba_boxscorematchupsv3
1,2025-26,Playoffs,First Round,2026_den_min_api_20261005,0042500166,6,2026-04-30,1610612743,DEN,1631128,Christian Braun,1610612750,MIN,203497,Rudy Gobert,28,3.1,3.1602699999999997,4.64345,6.0,0,3,0,0,0,0,0,1,0.0,0,1,0.0,0,0,0,0,0,0,0,nba_boxscorematchupsv3
1,2025-26,Playoffs,First Round,2026_den_min_api_20261005,0042500166,6,2026-04-30,1610612743,DEN,1631128,Christian Braun,1610612750,MIN,1630183,Jaden McDaniels,33,5.8,3.4267899999999996,5.47264,7.8,0,4,0,0,0,0,0,0,0.0,0,0,0.0,0,0,0,0,0,0,0,nba_boxscorematchupsv3
1,2025-26,Playoffs,First Round,2026_den_min_api_20261005,0042500166,6,2026-04-30,1610612743,DEN,1631128,Christian Braun,1610612750,MIN,203944,Julius Randle,72,5.3,8.866999999999999,11.940299999999999,12.5,0,6,0,0,0,0,0,0,0.0,0,0,0.0,0,0,0,0,0,0,0,nba_boxscorematchupsv3
1,2025-26,Playoffs,First Round,2026_den_min_api_20261005,0042500166,6,2026-04-30,1610612743,DEN,1631128,Christian Braun,1610612750,MIN,1629675,Naz Reid,186,12.8,27.59644,30.84577,54.800000000000004,0,7,0,0,0,0,0,0,0.0,0,0,0.0,0,0,0,0,0,0,0,nba_boxscorematchupsv3
1,2025-26,Playoffs,First Round,2026_den_min_api_20261005,0042500166,6,2026-04-30,1610612743,DEN,1631128,Christian Braun,1610612750,MIN,1630545,Terrence Shannon Jr,249,19.5,34.43983,41.293530000000004,40.400000000000006,3,29,0,0,1,0,1,3,33.300000000000004,1,3,33.300000000000004,0,0,0,0,0,0,0,nba_boxscorematchupsv3
1,2025-26,Playoffs,First Round,2026_den_min_api_20261005,0042500166,6,2026-04-30,1610612743,DEN,1627750,Jamal Murray,1610612750,MIN,1641740,Jaylen Clark,59,5.1,23.599999999999998,6.681769999999999,34.1,2,11,0,0,0,0,1,1,100.0,0,0,0.0,0,0,0,0,0,0,0,nba_boxscorematchupsv3
1,2025-26,Playoffs,First Round,2026_den_min_api_20261005,0042500166,6,2026-04-30,1610612743,DEN,1627750,Jamal Murray,1610612750,MIN,201144,Mike Conley,27,3.2,4.74517,3.05776,6.6000000000000005,4,6,0,0,0,0,2,2,100.0,0,0,0.0,0,0,0,0,0,0,0,nba_boxscorematchupsv3
1,2025-26,Playoffs,First Round,2026_den_min_api_20261005,0042500166,6,2026-04-30,1610612743,DEN,1627750,Jamal Murray,1610612750,MIN,203497,Rudy Gobert,54,5.2,6.09481,6.11552,7.199999999999999,4,9,3,0,0,1,0,8,0.0,0,1,0.0,4,4,0,0,0,0,0,nba_boxscorematchupsv3
1,2025-26,Playoffs,First Round,2026_den_min_api_20261005,0042500166,6,2026-04-30,1610612743,DEN,1627750,Jamal Murray,1610612750,MIN,1630538,Bones Hyland,2,0.0,1.24224,0.2265,1.4000000000000001,0,0,0,0,0,0,0,0,0.0,0,0,0.0,0,0,0,0,0,0,0,nba_boxscorematchupsv3
1,2025-26,Playoffs,First Round,2026_den_min_api_20261005,0042500166,6,2026-04-30,1610612743,DEN,1627750,Jamal Murray,1610612750,MIN,1630183,Jaden McDaniels,575,43.5,59.709239999999994,65.11891,60.9,2,39,0,0,0,1,1,5,20.0,0,1,0.0,0,0,0,0,0,0,0,nba_boxscorematchupsv3
1,2025-26,Playoffs,First Round,2026_den_min_api_20261005,0042500166,6,2026-04-30,1610612743,DEN,1627750,Jamal Murray,1610612750,MIN,203944,Julius Randle,78,6.1,9.60591,8.83352,10.100000000000001,0,8,0,0,0,0,0,1,0.0,0,0,0.0,0,0,0,0,0,0,0,nba_boxscorematchupsv3
1,2025-26,Playoffs,First Round,2026_den_min_api_20261005,0042500166,6,2026-04-30,1610612743,DEN,1627750,Jamal Murray,1610612750,MIN,1629675,Naz Reid,9,1.6,1.33531,1.01925,3.2,0,2,0,0,0,0,0,0,0.0,0,0,0.0,0,0,0,0,0,0,0,nba_boxscorematchupsv3
1,2025-26,Playoffs,First Round,2026_den_min_api_20261005,0042500166,6,2026-04-30,1610612743,DEN,1627750,Jamal Murray,1610612750,MIN,1630545,Terrence Shannon Jr,79,9.5,10.92669,8.946769999999999,14.799999999999999,0,4,0,0,0,0,0,0,0.0,0,0,0.0,0,0,0,0,0,0,0,nba_boxscorematchupsv3
1,2025-26,Playoffs,First Round,2026_den_min_api_20261005,0042500166,6,2026-04-30,1610612743,DEN,203501,Tim Hardaway Jr.,1610612750,MIN,1641740,Jaylen Clark,21,2.4,8.4,5.38462,12.9,0,5,0,0,0,0,0,0,0.0,0,0,0.0,0,0,0,0,0,0,0,nba_boxscorematchupsv3
1,2025-26,Playoffs,First Round,2026_den_min_api_20261005,0042500166,6,2026-04-30,1610612743,DEN,203501,Tim Hardaway Jr.,1610612750,MIN,201144,Mike Conley,82,5.4,14.41125,21.025640000000003,49.5,0,7,0,0,0,0,0,1,0.0,0,0,0.0,0,0,0,0,0,0,0,nba_boxscorematchupsv3
1,2025-26,Playoffs,First Round,2026_den_min_api_20261005,0042500166,6,2026-04-30,1610612743,DEN,203501,Tim Hardaway Jr.,1610612750,MIN,203497,Rudy Gobert,19,3.3,2.14447,4.87179,6.3,4,5,0,0,0,0,2,2,100.0,0,0,0.0,0,0,0,0,0,0,0,nba_boxscorematchupsv3
1,2025-26,Playoffs,First Round,2026_den_min_api_20261005,0042500166,6,2026-04-30,1610612743,DEN,203501,Tim Hardaway Jr.,1610612750,MIN,1630538,Bones Hyland,54,5.5,33.54037,13.846149999999998,43.1,3,7,0,0,0,0,1,1,100.0,1,1,100.0,0,0,0,0,0,0,0,nba_boxscorematchupsv3
1,2025-26,Playoffs,First Round,2026_den_min_api_20261005,0042500166,6,2026-04-30,1610612743,DEN,203501,Tim Hardaway Jr.,1610612750,MIN,1630183,Jaden McDaniels,104,6.0,10.79958,26.666669999999996,25.7,3,14,1,0,0,0,0,1,0.0,0,1,0.0,3,3,1,0,0,0,0,nba_boxscorematchupsv3
1,2025-26,Playoffs,First Round,2026_den_min_api_20261005,0042500166,6,2026-04-30,1610612743,DEN,203501,Tim Hardaway Jr.,1610612750,MIN,203944,Julius Randle,9,1.4,1.10837,2.30769,5.3,0,1,0,0,1,0,0,0,0.0,0,0,0.0,0,0,0,0,0,0,0,nba_boxscorematchupsv3
1,2025-26,Playoffs,First Round,2026_den_min_api_20261005,0042500166,6,2026-04-30,1610612743,DEN,203501,Tim Hardaway Jr.,1610612750,MIN,1629675,Naz Reid,32,3.4,4.74777,8.205129999999999,9.4,0,0,0,0,0,0,0,1,0.0,0,0,0.0,0,0,0,0,0,0,0,nba_boxscorematchupsv3
1,2025-26,Playoffs,First Round,2026_den_min_api_20261005,0042500166,6,2026-04-30,1610612743,DEN,203501,Tim Hardaway Jr.,1610612750,MIN,1630545,Terrence Shannon Jr,69,6.5,9.543569999999999,17.69231,32.9,2,9,1,0,0,0,1,1,100.0,0,0,0.0,0,0,0,0,0,0,0,nba_boxscorematchupsv3
1,2025-26,Playoffs,First Round,2026_den_min_api_20261005,0042500166,6,2026-04-30,1610612743,DEN,1628971,Bruce Brown,1610612750,MIN,1641740,Jaylen Clark,84,4.1,33.6,28.86598,34.300000000000004,0,4,0,0,0,0,0,0,0.0,0,0,0.0,0,0,0,0,0,0,0,nba_boxscorematchupsv3
1,2025-26,Playoffs,First Round,2026_den_min_api_20261005,0042500166,6,2026-04-30,1610612743,DEN,1628971,Bruce Brown,1610612750,MIN,201144,Mike Conley,24,2.8,4.21793,8.24742,21.8,0,0,0,0,0,0,0,0,0.0,0,0,0.0,0,0,0,0,0,0,0,nba_boxscorematchupsv3
1,2025-26,Playoffs,First Round,2026_den_min_api_20261005,0042500166,6,2026-04-30,1610612743,DEN,1628971,Bruce Brown,1610612750,MIN,203497,Rudy Gobert,12,1.7,1.3544,4.12371,7.8,0,0,0,0,1,0,0,1,0.0,0,0,0.0,0,0,0,0,0,0,0,nba_boxscorematchupsv3
1,2025-26,Playoffs,First Round,2026_den_min_api_20261005,0042500166,6,2026-04-30,1610612743,DEN,1628971,Bruce Brown,1610612750,MIN,1630538,Bones Hyland,55,4.8,34.16149,18.90034,32.2,1,8,1,0,0,0,0,0,0.0,0,0,0.0,1,2,1,0,0,0,0,nba_boxscorematchupsv3
1,2025-26,Playoffs,First Round,2026_den_min_api_20261005,0042500166,6,2026-04-30,1610612743,DEN,1628971,Bruce Brown,1610612750,MIN,1630183,Jaden McDaniels,16,2.5,1.66147,5.498279999999999,9.9,0,0,0,0,1,0,0,0,0.0,0,0,0.0,0,0,0,0,0,0,0,nba_boxscorematchupsv3
1,2025-26,Playoffs,First Round,2026_den_min_api_20261005,0042500166,6,2026-04-30,1610612743,DEN,1628971,Bruce Brown,1610612750,MIN,203944,Julius Randle,5,0.7,0.61576,1.7182099999999998,4.3,0,0,0,0,0,0,0,0,0.0,0,0,0.0,0,0,0,0,0,0,0,nba_boxscorematchupsv3
1,2025-26,Playoffs,First Round,2026_den_min_api_20261005,0042500166,6,2026-04-30,1610612743,DEN,1628971,Bruce Brown,1610612750,MIN,1629675,Naz Reid,73,6.4,10.830860000000001,25.08591,29.599999999999998,0,17,0,0,0,0,0,1,0.0,0,1,0.0,0,0,0,0,0,0,0,nba_boxscorematchupsv3
1,2025-26,Playoffs,First Round,2026_den_min_api_20261005,0042500166,6,2026-04-30,1610612743,DEN,1628971,Bruce Brown,1610612750,MIN,1630545,Terrence Shannon Jr,22,1.4,3.04288,7.56014,20.5,0,3,0,0,1,0,0,0,0.0,0,0,0.0,0,0,0,0,0,0,0,nba_boxscorematchupsv3
1,2025-26,Playoffs,First Round,2026_den_min_api_20261005,0042500166,6,2026-04-30,1610612743,DEN,1626145,Tyus Jones,1610612750,MIN,1641740,Jaylen Clark,30,4.5,12.0,12.60504,29.4,0,5,1,0,0,0,0,0,0.0,0,0,0.0,0,0,0,0,0,0,0,nba_boxscorematchupsv3
1,2025-26,Playoffs,First Round,2026_den_min_api_20261005,0042500166,6,2026-04-30,1610612743,DEN,1626145,Tyus Jones,1610612750,MIN,201144,Mike Conley,102,7.6,17.926190000000002,42.85714,50.6,0,7,1,0,0,0,0,0,0.0,0,0,0.0,0,0,0,0,0,0,0,nba_boxscorematchupsv3
1,2025-26,Playoffs,First Round,2026_den_min_api_20261005,0042500166,6,2026-04-30,1610612743,DEN,1626145,Tyus Jones,1610612750,MIN,203497,Rudy Gobert,12,0.9,1.3544,5.04202,9.2,2,2,0,0,0,0,1,2,50.0,0,0,0.0,0,0,0,0,0,0,0,nba_boxscorematchupsv3
1,2025-26,Playoffs,First Round,2026_den_min_api_20261005,0042500166,6,2026-04-30,1610612743,DEN,1626145,Tyus Jones,1610612750,MIN,1630538,Bones Hyland,27,2.2,16.77019,11.34454,66.3,2,7,1,0,0,0,1,1,100.0,0,0,0.0,0,0,0,0,0,0,0,nba_boxscorematchupsv3
1,2025-26,Playoffs,First Round,2026_den_min_api_20261005,0042500166,6,2026-04-30,1610612743,DEN,1626145,Tyus Jones,1610612750,MIN,1630183,Jaden McDaniels,39,1.9,4.04984,16.38655,13.100000000000001,0,4,0,0,0,0,0,0,0.0,0,0,0.0,0,0,0,0,0,0,0,nba_boxscorematchupsv3
1,2025-26,Playoffs,First Round,2026_den_min_api_20261005,0042500166,6,2026-04-30,1610612743,DEN,1626145,Tyus Jones,1610612750,MIN,203944,Julius Randle,5,0.5,0.61576,2.10084,2.6,0,2,0,0,0,0,0,0,0.0,0,0,0.0,0,0,0,0,0,0,0,nba_boxscorematchupsv3
1,2025-26,Playoffs,First Round,2026_den_min_api_20261005,0042500166,6,2026-04-30,1610612743,DEN,1626145,Tyus Jones,1610612750,MIN,1629675,Naz Reid,8,1.4,1.18694,3.36134,5.2,0,0,0,0,0,0,0,1,0.0,0,0,0.0,0,0,0,0,0,0,0,nba_boxscorematchupsv3
1,2025-26,Playoffs,First Round,2026_den_min_api_20261005,0042500166,6,2026-04-30,1610612743,DEN,1626145,Tyus Jones,1610612750,MIN,1630545,Terrence Shannon Jr,15,1.7,2.07469,6.30252,14.7,0,2,0,0,0,0,0,0,0.0,0,0,0.0,0,0,0,0,0,0,0,nba_boxscorematchupsv3
1,2025-26,Playoffs,First Round,2026_den_min_api_20261005,0042500166,6,2026-04-30,1610612743,DEN,1630192,Zeke Nnaji,1610612750,MIN,1630183,Jaden McDaniels,2,0.1,0.20768000000000003,3.07692,6.0,0,0,0,0,0,0,0,0,0.0,0,0,0.0,0,0,0,0,0,0,0,nba_boxscorematchupsv3
1,2025-26,Playoffs,First Round,2026_den_min_api_20261005,0042500166,6,2026-04-30,1610612743,DEN,1630192,Zeke Nnaji,1610612750,MIN,203944,Julius Randle,57,3.6,7.019699999999999,87.69230999999999,86.1,0,0,0,0,0,0,0,0,0.0,0,0,0.0,0,0,0,0,0,0,0,nba_boxscorematchupsv3
1,2025-26,Playoffs,First Round,2026_den_min_api_20261005,0042500166,6,2026-04-30,1610612743,DEN,1630192,Zeke Nnaji,1610612750,MIN,1629675,Naz Reid,4,0.8,0.59347,6.15385,10.5,0,1,0,0,0,0,0,0,0.0,0,0,0.0,0,0,0,0,0,0,0,nba_boxscorematchupsv3
1,2025-26,Playoffs,First Round,2026_den_min_api_20261005,0042500166,6,2026-04-30,1610612743,DEN,1630192,Zeke Nnaji,1610612750,MIN,1630545,Terrence Shannon Jr,2,0.1,0.27663000000000004,3.07692,2.3,0,0,0,0,0,0,0,0,0.0,0,0,0.0,0,0,0,0,0,0,0,nba_boxscorematchupsv3
1,2025-26,Playoffs,First Round,2026_den_min_api_20261005,0042500166,6,2026-04-30,1610612743,DEN,202685,Jonas Valanciunas,1610612750,MIN,1641740,Jaylen Clark,5,0.5,2.0,5.88235,8.6,0,0,0,0,0,0,0,1,0.0,0,0,0.0,0,0,0,0,0,0,0,nba_boxscorematchupsv3
1,2025-26,Playoffs,First Round,2026_den_min_api_20261005,0042500166,6,2026-04-30,1610612743,DEN,202685,Jonas Valanciunas,1610612750,MIN,201144,Mike Conley,3,0.5,0.52724,3.5294100000000004,8.9,0,0,0,0,0,0,0,1,0.0,0,0,0.0,0,0,0,0,0,0,0,nba_boxscorematchupsv3
1,2025-26,Playoffs,First Round,2026_den_min_api_20261005,0042500166,6,2026-04-30,1610612743,DEN,202685,Jonas Valanciunas,1610612750,MIN,1630183,Jaden McDaniels,7,0.4,0.7269,8.23529,8.7,0,0,0,0,0,0,0,0,0.0,0,0,0.0,0,0,0,0,0,0,0,nba_boxscorematchupsv3
1,2025-26,Playoffs,First Round,2026_den_min_api_20261005,0042500166,6,2026-04-30,1610612743,DEN,202685,Jonas Valanciunas,1610612750,MIN,203944,Julius Randle,56,3.9,6.8965499999999995,65.88235,66.8,2,7,0,0,1,0,1,1,100.0,0,0,0.0,0,0,0,0,0,0,0,nba_boxscorematchupsv3
1,2025-26,Playoffs,First Round,2026_den_min_api_20261005,0042500166,6,2026-04-30,1610612743,DEN,202685,Jonas Valanciunas,1610612750,MIN,1629675,Naz Reid,14,0.6,2.0771499999999996,16.470589999999998,11.0,0,0,0,0,0,0,0,0,0.0,0,0,0.0,0,0,0,0,0,0,0,nba_boxscorematchupsv3
