schema_version,season,season_type,playoff_round,series_id,game_id,game_number,game_date,off_team_id,off_team,off_player_id,off_player,def_team_id,def_team,def_player_id,def_player,matchup_seconds,partial_possessions,def_time_percent,off_time_percent,both_on_percent,player_points,team_points,ast,potential_ast,tov,blk,fgm,fga,fg_pct,three_pm,three_pa,three_pct,ftm,fta,shooting_fouls,switches_on,help_blk,help_fgm,help_fga,data_source
1,2025-26,Playoffs,Western Conference Semifinals,2026_min_sas_api_20261005,0042500231,1,2026-05-04,1610612759,SAS,1630170,Devin Vassell,1610612750,MIN,1641740,Jaylen Clark,21,2.7,13.375799999999998,2.76316,20.599999999999998,0,4,0,0,0,0,0,0,0.0,0,0,0.0,0,0,0,0,0,0,0,nba_boxscorematchupsv3
1,2025-26,Playoffs,Western Conference Semifinals,2026_min_sas_api_20261005,0042500231,1,2026-05-04,1610612759,SAS,1630170,Devin Vassell,1610612750,MIN,201144,Mike Conley,56,5.3,11.24498,7.36842,16.1,0,2,0,0,1,0,0,1,0.0,0,1,0.0,0,0,0,0,0,0,0,nba_boxscorematchupsv3
1,2025-26,Playoffs,Western Conference Semifinals,2026_min_sas_api_20261005,0042500231,1,2026-05-04,1610612759,SAS,1630170,Devin Vassell,1610612750,MIN,1630162,Anthony Edwards,107,10.6,18.19728,14.07895,30.7,6,17,0,0,0,0,2,3,66.7,2,2,100.0,0,0,0,0,0,0,0,nba_boxscorematchupsv3
1,2025-26,Playoffs,Western Conference Semifinals,2026_min_sas_api_20261005,0042500231,1,2026-05-04,1610612759,SAS,1630170,Devin Vassell,1610612750,MIN,203497,Rudy Gobert,27,3.6,4.27215,3.5526299999999997,5.800000000000001,0,5,0,0,0,0,0,2,0.0,0,0,0.0,0,0,0,0,0,0,0,nba_boxscorematchupsv3
1,2025-26,Playoffs,Western Conference Semifinals,2026_min_sas_api_20261005,0042500231,1,2026-05-04,1610612759,SAS,1630170,Devin Vassell,1610612750,MIN,1630538,Bones Hyland,31,3.7,12.15686,4.07895,28.599999999999998,0,4,0,0,0,0,0,0,0.0,0,0,0.0,0,0,0,0,0,0,0,nba_boxscorematchupsv3
1,2025-26,Playoffs,Western Conference Semifinals,2026_min_sas_api_20261005,0042500231,1,2026-05-04,1610612759,SAS,1630170,Devin Vassell,1610612750,MIN,1630183,Jaden McDaniels,53,7.2,6.90104,6.97368,11.3,2,11,0,0,0,0,1,1,100.0,0,0,0.0,0,0,0,0,0,0,0,nba_boxscorematchupsv3
1,2025-26,Playoffs,Western Conference Semifinals,2026_min_sas_api_20261005,0042500231,1,2026-05-04,1610612759,SAS,1630170,Devin Vassell,1610612750,MIN,203944,Julius Randle,67,6.2,7.6223,8.81579,11.200000000000001,2,9,0,0,0,0,1,1,100.0,0,0,0.0,0,0,0,0,0,0,0,nba_boxscorematchupsv3
1,2025-26,Playoffs,Western Conference Semifinals,2026_min_sas_api_20261005,0042500231,1,2026-05-04,1610612759,SAS,1630170,Devin Vassell,1610612750,MIN,1629675,Naz Reid,50,3.5,7.132670000000001,6.57895,12.1,3,6,0,0,0,0,1,1,100.0,1,1,100.0,0,0,0,0,0,0,0,nba_boxscorematchupsv3
1,2025-26,Playoffs,Western Conference Semifinals,2026_min_sas_api_20261005,0042500231,1,2026-05-04,1610612759,SAS,1630170,Devin Vassell,1610612750,MIN,1630545,Terrence Shannon Jr,348,22.6,47.60602,45.78947,47.5,0,16,0,0,0,0,0,2,0.0,0,2,0.0,0,0,0,0,0,0,0,nba_boxscorematchupsv3
1,2025-26,Playoffs,Western Conference Semifinals,2026_min_sas_api_20261005,0042500231,1,2026-05-04,1610612759,SAS,1630577,Julian Champagnie,1610612750,MIN,1641740,Jaylen Clark,5,2.1,3.1847100000000004,0.7485,11.5,0,0,0,0,0,0,0,0,0.0,0,0,0.0,0,0,0,0,0,0,0,nba_boxscorematchupsv3
1,2025-26,Playoffs,Western Conference Semifinals,2026_min_sas_api_20261005,0042500231,1,2026-05-04,1610612759,SAS,1630577,Julian Champagnie,1610612750,MIN,201144,Mike Conley,226,16.4,45.38153,33.83234,55.7,2,18,0,0,0,0,1,2,50.0,0,1,0.0,0,0,0,0,0,0,0,nba_boxscorematchupsv3
1,2025-26,Playoffs,Western Conference Semifinals,2026_min_sas_api_20261005,0042500231,1,2026-05-04,1610612759,SAS,1630577,Julian Champagnie,1610612750,MIN,1630162,Anthony Edwards,109,7.5,18.53741,16.31737,24.5,5,12,0,0,0,0,2,4,50.0,1,3,33.300000000000004,0,0,0,0,0,0,0,nba_boxscorematchupsv3
1,2025-26,Playoffs,Western Conference Semifinals,2026_min_sas_api_20261005,0042500231,1,2026-05-04,1610612759,SAS,1630577,Julian Champagnie,1610612750,MIN,203497,Rudy Gobert,26,3.6,4.11392,3.8922199999999996,8.200000000000001,0,0,0,0,0,1,0,1,0.0,0,0,0.0,0,0,0,0,0,0,0,nba_boxscorematchupsv3
1,2025-26,Playoffs,Western Conference Semifinals,2026_min_sas_api_20261005,0042500231,1,2026-05-04,1610612759,SAS,1630577,Julian Champagnie,1610612750,MIN,1630538,Bones Hyland,73,3.2,28.62745,10.92814,33.7,0,4,0,0,0,0,0,0,0.0,0,0,0.0,0,0,0,0,0,0,0,nba_boxscorematchupsv3
1,2025-26,Playoffs,Western Conference Semifinals,2026_min_sas_api_20261005,0042500231,1,2026-05-04,1610612759,SAS,1630577,Julian Champagnie,1610612750,MIN,1630183,Jaden McDaniels,17,1.3,2.21354,2.54491,4.3999999999999995,3,3,0,0,0,0,1,1,100.0,1,1,100.0,0,0,0,0,0,0,0,nba_boxscorematchupsv3
1,2025-26,Playoffs,Western Conference Semifinals,2026_min_sas_api_20261005,0042500231,1,2026-05-04,1610612759,SAS,1630577,Julian Champagnie,1610612750,MIN,203944,Julius Randle,48,5.0,5.46075,7.18563,8.3,5,12,0,0,0,0,2,2,100.0,1,1,100.0,0,0,0,0,0,0,0,nba_boxscorematchupsv3
1,2025-26,Playoffs,Western Conference Semifinals,2026_min_sas_api_20261005,0042500231,1,2026-05-04,1610612759,SAS,1630577,Julian Champagnie,1610612750,MIN,1629675,Naz Reid,95,8.2,13.552069999999999,14.22156,23.5,0,5,0,0,0,0,0,1,0.0,0,1,0.0,0,0,0,0,0,0,0,nba_boxscorematchupsv3
1,2025-26,Playoffs,Western Conference Semifinals,2026_min_sas_api_20261005,0042500231,1,2026-05-04,1610612759,SAS,1630577,Julian Champagnie,1610612750,MIN,1630545,Terrence Shannon Jr,69,7.9,9.439119999999999,10.32934,22.0,2,8,0,0,1,0,1,1,100.0,0,0,0.0,0,0,0,0,0,0,0,nba_boxscorematchupsv3
1,2025-26,Playoffs,Western Conference Semifinals,2026_min_sas_api_20261005,0042500231,1,2026-05-04,1610612759,SAS,1641705,Victor Wembanyama,1610612750,MIN,1641740,Jaylen Clark,8,0.9,5.09554,0.9356700000000001,5.5,0,0,0,0,0,0,0,1,0.0,0,1,0.0,0,0,0,0,0,0,0,nba_boxscorematchupsv3
1,2025-26,Playoffs,Western Conference Semifinals,2026_min_sas_api_20261005,0042500231,1,2026-05-04,1610612759,SAS,1641705,Victor Wembanyama,1610612750,MIN,201144,Mike Conley,14,2.3,2.8112399999999997,1.6374300000000002,4.3,0,4,0,0,0,0,0,0,0.0,0,0,0.0,0,0,0,0,0,0,0,nba_boxscorematchupsv3
1,2025-26,Playoffs,Western Conference Semifinals,2026_min_sas_api_20261005,0042500231,1,2026-05-04,1610612759,SAS,1641705,Victor Wembanyama,1610612750,MIN,1630162,Anthony Edwards,30,2.8,5.10204,3.50877,8.1,0,7,0,0,0,0,0,0,0.0,0,0,0.0,0,0,0,0,0,0,0,nba_boxscorematchupsv3
1,2025-26,Playoffs,Western Conference Semifinals,2026_min_sas_api_20261005,0042500231,1,2026-05-04,1610612759,SAS,1641705,Victor Wembanyama,1610612750,MIN,203497,Rudy Gobert,346,29.6,54.74684,40.46784,80.7,6,26,1,0,1,0,3,8,37.5,0,4,0.0,0,0,0,0,0,0,0,nba_boxscorematchupsv3
1,2025-26,Playoffs,Western Conference Semifinals,2026_min_sas_api_20261005,0042500231,1,2026-05-04,1610612759,SAS,1641705,Victor Wembanyama,1610612750,MIN,1630538,Bones Hyland,9,1.5,3.5294100000000004,1.05263,5.3,0,1,0,0,0,0,0,0,0.0,0,0,0.0,0,0,0,0,0,0,0,nba_boxscorematchupsv3
1,2025-26,Playoffs,Western Conference Semifinals,2026_min_sas_api_20261005,0042500231,1,2026-05-04,1610612759,SAS,1641705,Victor Wembanyama,1610612750,MIN,1630183,Jaden McDaniels,101,8.9,13.15104,11.81287,14.499999999999998,2,12,0,0,0,0,1,2,50.0,0,0,0.0,0,0,0,0,0,0,0,nba_boxscorematchupsv3
1,2025-26,Playoffs,Western Conference Semifinals,2026_min_sas_api_20261005,0042500231,1,2026-05-04,1610612759,SAS,1641705,Victor Wembanyama,1610612750,MIN,203944,Julius Randle,287,20.5,32.65074,33.56725,33.0,1,23,1,0,1,0,0,3,0.0,0,1,0.0,1,1,0,0,0,0,0,nba_boxscorematchupsv3
1,2025-26,Playoffs,Western Conference Semifinals,2026_min_sas_api_20261005,0042500231,1,2026-05-04,1610612759,SAS,1641705,Victor Wembanyama,1610612750,MIN,1629675,Naz Reid,25,3.6,3.5663300000000002,2.92398,6.6000000000000005,0,4,0,0,0,0,0,2,0.0,0,2,0.0,0,0,0,0,0,0,0,nba_boxscorematchupsv3
1,2025-26,Playoffs,Western Conference Semifinals,2026_min_sas_api_20261005,0042500231,1,2026-05-04,1610612759,SAS,1641705,Victor Wembanyama,1610612750,MIN,1630545,Terrence Shannon Jr,35,4.8,4.78796,4.09357,8.1,3,13,1,0,1,0,1,1,100.0,0,0,0.0,1,2,1,0,0,0,0,nba_boxscorematchupsv3
1,2025-26,Playoffs,Western Conference Semifinals,2026_min_sas_api_20261005,0042500231,1,2026-05-04,1610612759,SAS,1628368,De'Aaron Fox,1610612750,MIN,1641740,Jaylen Clark,77,5.1,49.04459,10.92199,64.60000000000001,0,6,0,0,1,0,0,0,0.0,0,0,0.0,0,0,0,0,0,0,0,nba_boxscorematchupsv3
1,2025-26,Playoffs,Western Conference Semifinals,2026_min_sas_api_20261005,0042500231,1,2026-05-04,1610612759,SAS,1628368,De'Aaron Fox,1610612750,MIN,201144,Mike Conley,73,6.5,14.65863,10.354610000000001,17.5,4,11,0,0,0,0,2,3,66.7,0,0,0.0,0,0,0,0,0,0,0,nba_boxscorematchupsv3
1,2025-26,Playoffs,Western Conference Semifinals,2026_min_sas_api_20261005,0042500231,1,2026-05-04,1610612759,SAS,1628368,De'Aaron Fox,1610612750,MIN,1630162,Anthony Edwards,112,7.2,19.047620000000002,15.88652,31.900000000000002,0,6,1,0,0,0,0,3,0.0,0,2,0.0,0,0,0,0,0,0,0,nba_boxscorematchupsv3
1,2025-26,Playoffs,Western Conference Semifinals,2026_min_sas_api_20261005,0042500231,1,2026-05-04,1610612759,SAS,1628368,De'Aaron Fox,1610612750,MIN,203497,Rudy Gobert,12,1.3,1.8987299999999998,1.70213,3.3000000000000003,0,6,0,0,0,0,0,0,0.0,0,0,0.0,0,0,0,0,0,0,0,nba_boxscorematchupsv3
1,2025-26,Playoffs,Western Conference Semifinals,2026_min_sas_api_20261005,0042500231,1,2026-05-04,1610612759,SAS,1628368,De'Aaron Fox,1610612750,MIN,1630538,Bones Hyland,28,2.0,10.98039,3.97163,18.5,0,0,0,0,0,1,0,0,0.0,0,0,0.0,0,0,0,0,0,0,0,nba_boxscorematchupsv3
1,2025-26,Playoffs,Western Conference Semifinals,2026_min_sas_api_20261005,0042500231,1,2026-05-04,1610612759,SAS,1628368,De'Aaron Fox,1610612750,MIN,1630183,Jaden McDaniels,287,24.1,37.36979,40.70922,54.6,2,19,2,0,1,0,1,4,25.0,0,1,0.0,0,0,0,0,0,0,0,nba_boxscorematchupsv3
1,2025-26,Playoffs,Western Conference Semifinals,2026_min_sas_api_20261005,0042500231,1,2026-05-04,1610612759,SAS,1628368,De'Aaron Fox,1610612750,MIN,203944,Julius Randle,18,2.2,2.04778,2.55319,3.3000000000000003,0,0,0,0,2,0,0,0,0.0,0,0,0.0,0,0,0,0,0,0,0,nba_boxscorematchupsv3
1,2025-26,Playoffs,Western Conference Semifinals,2026_min_sas_api_20261005,0042500231,1,2026-05-04,1610612759,SAS,1628368,De'Aaron Fox,1610612750,MIN,1629675,Naz Reid,38,4.0,5.4208300000000005,5.390070000000001,10.9,4,5,1,0,1,0,2,4,50.0,0,1,0.0,0,0,0,0,0,0,0,nba_boxscorematchupsv3
1,2025-26,Playoffs,Western Conference Semifinals,2026_min_sas_api_20261005,0042500231,1,2026-05-04,1610612759,SAS,1628368,De'Aaron Fox,1610612750,MIN,1630545,Terrence Shannon Jr,60,8.5,8.20793,8.51064,13.5,0,7,1,0,1,0,0,0,0.0,0,0,0.0,0,0,0,0,0,0,0,nba_boxscorematchupsv3
1,2025-26,Playoffs,Western Conference Semifinals,2026_min_sas_api_20261005,0042500231,1,2026-05-04,1610612759,SAS,1642264,Stephon Castle,1610612750,MIN,201144,Mike Conley,41,4.5,8.23293,6.64506,13.3,1,6,0,0,0,0,0,0,0.0,0,0,0.0,1,2,1,0,0,0,0,nba_boxscorematchupsv3
1,2025-26,Playoffs,Western Conference Semifinals,2026_min_sas_api_20261005,0042500231,1,2026-05-04,1610612759,SAS,1642264,Stephon Castle,1610612750,MIN,1630162,Anthony Edwards,35,3.3,5.95238,5.672610000000001,12.5,2,6,2,0,0,0,1,2,50.0,0,1,0.0,0,0,0,0,0,0,0,nba_boxscorematchupsv3
1,2025-26,Playoffs,Western Conference Semifinals,2026_min_sas_api_20261005,0042500231,1,2026-05-04,1610612759,SAS,1642264,Stephon Castle,1610612750,MIN,203497,Rudy Gobert,15,1.7,2.37342,2.43112,4.8,0,3,0,0,0,0,0,0,0.0,0,0,0.0,0,0,0,0,0,0,0,nba_boxscorematchupsv3
1,2025-26,Playoffs,Western Conference Semifinals,2026_min_sas_api_20261005,0042500231,1,2026-05-04,1610612759,SAS,1642264,Stephon Castle,1610612750,MIN,1630538,Bones Hyland,37,2.2,14.5098,5.99676,38.800000000000004,0,3,1,0,0,0,0,0,0.0,0,0,0.0,0,0,0,0,0,0,0,nba_boxscorematchupsv3
1,2025-26,Playoffs,Western Conference Semifinals,2026_min_sas_api_20261005,0042500231,1,2026-05-04,1610612759,SAS,1642264,Stephon Castle,1610612750,MIN,1630183,Jaden McDaniels,176,13.0,22.91667,28.525119999999998,30.7,4,11,0,0,0,1,1,2,50.0,1,1,100.0,1,2,1,0,0,0,0,nba_boxscorematchupsv3
1,2025-26,Playoffs,Western Conference Semifinals,2026_min_sas_api_20261005,0042500231,1,2026-05-04,1610612759,SAS,1642264,Stephon Castle,1610612750,MIN,203944,Julius Randle,200,14.6,22.75313,32.41491,39.800000000000004,8,20,0,0,0,0,2,3,66.7,2,2,100.0,2,2,1,0,0,0,0,nba_boxscorematchupsv3
1,2025-26,Playoffs,Western Conference Semifinals,2026_min_sas_api_20261005,0042500231,1,2026-05-04,1610612759,SAS,1642264,Stephon Castle,1610612750,MIN,1629675,Naz Reid,18,1.6,2.56776,2.91734,5.5,0,2,1,0,0,0,0,1,0.0,0,1,0.0,0,0,0,0,0,0,0,nba_boxscorematchupsv3
1,2025-26,Playoffs,Western Conference Semifinals,2026_min_sas_api_20261005,0042500231,1,2026-05-04,1610612759,SAS,1642264,Stephon Castle,1610612750,MIN,1630545,Terrence Shannon Jr,95,6.5,12.995899999999999,15.397079999999999,17.299999999999997,2,11,1,0,0,0,0,0,0.0,0,0,0.0,2,2,1,0,0,0,0,nba_boxscorematchupsv3
1,2025-26,Playoffs,Western Conference Semifinals,2026_min_sas_api_20261005,0042500231,1,2026-05-04,1610612759,SAS,1642844,Dylan Harper,1610612750,MIN,1641740,Jaylen Clark,41,4.1,26.11465,6.51828,32.9,0,4,1,0,0,0,0,0,0.0,0,0,0.0,0,0,0,0,0,0,0,nba_boxscorematchupsv3
1,2025-26,Playoffs,Western Conference Semifinals,2026_min_sas_api_20261005,0042500231,1,2026-05-04,1610612759,SAS,1642844,Dylan Harper,1610612750,MIN,201144,Mike Conley,64,5.1,12.85141,10.17488,41.3,0,4,0,0,0,0,0,0,0.0,0,0,0.0,0,0,0,0,0,0,0,nba_boxscorematchupsv3
1,2025-26,Playoffs,Western Conference Semifinals,2026_min_sas_api_20261005,0042500231,1,2026-05-04,1610612759,SAS,1642844,Dylan Harper,1610612750,MIN,1630162,Anthony Edwards,166,9.8,28.231289999999998,26.3911,35.699999999999996,2,6,1,0,0,1,1,3,33.300000000000004,0,1,0.0,0,0,0,0,0,0,0,nba_boxscorematchupsv3
1,2025-26,Playoffs,Western Conference Semifinals,2026_min_sas_api_20261005,0042500231,1,2026-05-04,1610612759,SAS,1642844,Dylan Harper,1610612750,MIN,203497,Rudy Gobert,19,2.7,3.00633,3.02067,6.6000000000000005,2,4,0,0,0,0,0,0,0.0,0,0,0.0,2,2,1,0,0,0,0,nba_boxscorematchupsv3
1,2025-26,Playoffs,Western Conference Semifinals,2026_min_sas_api_20261005,0042500231,1,2026-05-04,1610612759,SAS,1642844,Dylan Harper,1610612750,MIN,1630538,Bones Hyland,50,6.5,19.607840000000003,7.94913,24.8,2,7,0,0,0,0,1,1,100.0,0,0,0.0,0,0,0,0,0,0,0,nba_boxscorematchupsv3
1,2025-26,Playoffs,Western Conference Semifinals,2026_min_sas_api_20261005,0042500231,1,2026-05-04,1610612759,SAS,1642844,Dylan Harper,1610612750,MIN,1630183,Jaden McDaniels,107,6.6,13.93229,17.011129999999998,22.1,0,12,1,0,0,0,0,1,0.0,0,1,0.0,0,0,0,0,0,0,0,nba_boxscorematchupsv3
1,2025-26,Playoffs,Western Conference Semifinals,2026_min_sas_api_20261005,0042500231,1,2026-05-04,1610612759,SAS,1642844,Dylan Harper,1610612750,MIN,203944,Julius Randle,51,7.6,5.80205,8.10811,12.5,2,7,0,0,0,0,1,2,50.0,0,1,0.0,0,0,0,0,0,0,0,nba_boxscorematchupsv3
1,2025-26,Playoffs,Western Conference Semifinals,2026_min_sas_api_20261005,0042500231,1,2026-05-04,1610612759,SAS,1642844,Dylan Harper,1610612750,MIN,1629675,Naz Reid,57,5.3,8.13124,9.062000000000001,12.2,5,7,0,0,0,0,2,2,100.0,0,0,0.0,1,1,1,0,0,0,0,nba_boxscorematchupsv3
1,2025-26,Playoffs,Western Conference Semifinals,2026_min_sas_api_20261005,0042500231,1,2026-05-04,1610612759,SAS,1642844,Dylan Harper,1610612750,MIN,1630545,Terrence Shannon Jr,74,6.2,10.12312,11.764710000000001,15.4,5,10,0,0,0,0,2,4,50.0,1,1,100.0,0,0,0,0,0,0,0,nba_boxscorematchupsv3
1,2025-26,Playoffs,Western Conference Semifinals,2026_min_sas_api_20261005,0042500231,1,2026-05-04,1610612759,SAS,1629640,Keldon Johnson,1610612750,MIN,1641740,Jaylen Clark,5,1.6,3.1847100000000004,0.9842500000000001,2.6,0,3,0,0,0,0,0,0,0.0,0,0,0.0,0,0,0,0,0,0,0,nba_boxscorematchupsv3
1,2025-26,Playoffs,Western Conference Semifinals,2026_min_sas_api_20261005,0042500231,1,2026-05-04,1610612759,SAS,1629640,Keldon Johnson,1610612750,MIN,201144,Mike Conley,14,0.8,2.8112399999999997,2.75591,6.7,0,0,0,0,0,0,0,0,0.0,0,0,0.0,0,0,0,0,0,0,0,nba_boxscorematchupsv3
1,2025-26,Playoffs,Western Conference Semifinals,2026_min_sas_api_20261005,0042500231,1,2026-05-04,1610612759,SAS,1629640,Keldon Johnson,1610612750,MIN,1630162,Anthony Edwards,4,0.8,0.68027,0.7874000000000001,4.1000000000000005,0,0,0,0,0,0,0,0,0.0,0,0,0.0,0,0,0,0,0,0,0,nba_boxscorematchupsv3
1,2025-26,Playoffs,Western Conference Semifinals,2026_min_sas_api_20261005,0042500231,1,2026-05-04,1610612759,SAS,1629640,Keldon Johnson,1610612750,MIN,203497,Rudy Gobert,9,1.0,1.42405,1.77165,2.3,2,2,0,0,0,0,1,1,100.0,0,0,0.0,0,0,0,0,0,0,0,nba_boxscorematchupsv3
1,2025-26,Playoffs,Western Conference Semifinals,2026_min_sas_api_20261005,0042500231,1,2026-05-04,1610612759,SAS,1629640,Keldon Johnson,1610612750,MIN,1630538,Bones Hyland,9,3.0,3.5294100000000004,1.77165,11.1,0,2,0,0,0,0,0,0,0.0,0,0,0.0,0,0,0,0,0,0,0,nba_boxscorematchupsv3
1,2025-26,Playoffs,Western Conference Semifinals,2026_min_sas_api_20261005,0042500231,1,2026-05-04,1610612759,SAS,1629640,Keldon Johnson,1610612750,MIN,1630183,Jaden McDaniels,12,1.1,1.5625,2.3622,3.6999999999999997,4,7,0,0,0,0,2,2,100.0,0,0,0.0,0,0,0,0,0,0,0,nba_boxscorematchupsv3
1,2025-26,Playoffs,Western Conference Semifinals,2026_min_sas_api_20261005,0042500231,1,2026-05-04,1610612759,SAS,1629640,Keldon Johnson,1610612750,MIN,203944,Julius Randle,179,16.0,20.36405,35.23622,50.1,4,12,0,0,0,0,2,3,66.7,0,1,0.0,0,0,0,0,0,0,0,nba_boxscorematchupsv3
1,2025-26,Playoffs,Western Conference Semifinals,2026_min_sas_api_20261005,0042500231,1,2026-05-04,1610612759,SAS,1629640,Keldon Johnson,1610612750,MIN,1629675,Naz Reid,249,18.3,35.52068,49.015750000000004,58.5,1,14,1,0,0,1,0,4,0.0,0,1,0.0,1,2,1,0,0,0,0,nba_boxscorematchupsv3
1,2025-26,Playoffs,Western Conference Semifinals,2026_min_sas_api_20261005,0042500231,1,2026-05-04,1610612759,SAS,1629640,Keldon Johnson,1610612750,MIN,1630545,Terrence Shannon Jr,27,2.8,3.6935700000000002,5.31496,8.3,0,0,0,0,0,0,0,0,0.0,0,0,0.0,0,0,0,0,0,0,0,nba_boxscorematchupsv3
1,2025-26,Playoffs,Western Conference Semifinals,2026_min_sas_api_20261005,0042500231,1,2026-05-04,1610612759,SAS,1628436,Luke Kornet,1610612750,MIN,201144,Mike Conley,9,0.8,1.80723,4.01786,10.6,0,0,0,0,1,0,0,0,0.0,0,0,0.0,0,0,0,0,0,0,0,nba_boxscorematchupsv3
1,2025-26,Playoffs,Western Conference Semifinals,2026_min_sas_api_20261005,0042500231,1,2026-05-04,1610612759,SAS,1628436,Luke Kornet,1610612750,MIN,1630162,Anthony Edwards,4,0.2,0.68027,1.7857100000000001,4.0,0,3,0,0,0,0,0,0,0.0,0,0,0.0,0,0,0,0,0,0,0,nba_boxscorematchupsv3
1,2025-26,Playoffs,Western Conference Semifinals,2026_min_sas_api_20261005,0042500231,1,2026-05-04,1610612759,SAS,1628436,Luke Kornet,1610612750,MIN,203497,Rudy Gobert,178,10.6,28.164559999999998,79.46429,75.8,0,10,0,0,0,0,0,1,0.0,0,0,0.0,0,0,0,0,0,0,0,nba_boxscorematchupsv3
1,2025-26,Playoffs,Western Conference Semifinals,2026_min_sas_api_20261005,0042500231,1,2026-05-04,1610612759,SAS,1628436,Luke Kornet,1610612750,MIN,1630183,Jaden McDaniels,2,0.6,0.26042,0.89286,4.5,0,0,0,0,0,0,0,0,0.0,0,0,0.0,0,0,0,0,0,0,0,nba_boxscorematchupsv3
1,2025-26,Playoffs,Western Conference Semifinals,2026_min_sas_api_20261005,0042500231,1,2026-05-04,1610612759,SAS,1628436,Luke Kornet,1610612750,MIN,1629675,Naz Reid,16,1.9,2.2824500000000003,7.14286,7.6,2,4,0,0,0,0,0,0,0.0,0,0,0.0,2,2,1,0,0,0,0,nba_boxscorematchupsv3
1,2025-26,Playoffs,Western Conference Semifinals,2026_min_sas_api_20261005,0042500231,1,2026-05-04,1610612759,SAS,1628436,Luke Kornet,1610612750,MIN,1630545,Terrence Shannon Jr,15,0.8,2.05198,6.69643,9.1,0,0,0,0,1,0,0,0,0.0,0,0,0.0,0,0,0,0,0,0,0,nba_boxscorematchupsv3
1,2025-26,Playoffs,Western Conference Semifinals,2026_min_sas_api_20261005,0042500231,1,2026-05-04,1610612759,SAS,203084,Harrison Barnes,1610612750,MIN,201144,Mike Conley,1,0.0,0.20079999999999998,0.41152000000000005,0.7000000000000001,0,0,0,0,0,0,0,0,0.0,0,0,0.0,0,0,0,0,0,0,0,nba_boxscorematchupsv3
1,2025-26,Playoffs,Western Conference Semifinals,2026_min_sas_api_20261005,0042500231,1,2026-05-04,1610612759,SAS,203084,Harrison Barnes,1610612750,MIN,1630162,Anthony Edwards,21,2.5,3.57143,8.64198,14.799999999999999,0,2,0,0,0,0,0,0,0.0,0,0,0.0,0,0,0,0,0,0,0,nba_boxscorematchupsv3
1,2025-26,Playoffs,Western Conference Semifinals,2026_min_sas_api_20261005,0042500231,1,2026-05-04,1610612759,SAS,203084,Harrison Barnes,1610612750,MIN,1630538,Bones Hyland,18,0.6,7.058820000000001,7.4074100000000005,13.700000000000001,0,2,0,0,0,0,0,0,0.0,0,0,0.0,0,0,0,0,0,0,0,nba_boxscorematchupsv3
1,2025-26,Playoffs,Western Conference Semifinals,2026_min_sas_api_20261005,0042500231,1,2026-05-04,1610612759,SAS,203084,Harrison Barnes,1610612750,MIN,1630183,Jaden McDaniels,13,1.1,1.69271,5.3497900000000005,10.100000000000001,2,2,0,0,0,0,1,1,100.0,0,0,0.0,0,0,0,0,0,0,0,nba_boxscorematchupsv3
1,2025-26,Playoffs,Western Conference Semifinals,2026_min_sas_api_20261005,0042500231,1,2026-05-04,1610612759,SAS,203084,Harrison Barnes,1610612750,MIN,203944,Julius Randle,29,1.8,3.2992,11.93416,11.5,0,0,0,0,0,0,0,0,0.0,0,0,0.0,0,0,0,0,0,0,0,nba_boxscorematchupsv3
1,2025-26,Playoffs,Western Conference Semifinals,2026_min_sas_api_20261005,0042500231,1,2026-05-04,1610612759,SAS,203084,Harrison Barnes,1610612750,MIN,1629675,Naz Reid,153,8.3,21.82596,62.96296,53.1,0,12,0,0,0,0,0,0,0.0,0,0,0.0,0,0,0,0,0,0,0,nba_boxscorematchupsv3
1,2025-26,Playoffs,Western Conference Semifinals,2026_min_sas_api_20261005,0042500231,1,2026-05-04,1610612759,SAS,203084,Harrison Barnes,1610612750,MIN,1630545,Terrence Shannon Jr,8,1.1,1.09439,3.29218,14.899999999999999,0,4,0,0,0,0,0,0,0.0,0,0,0.0,0,0,0,0,0,0,0,nba_boxscorematchupsv3
1,2025-26,Playoffs,Western Conference Semifinals,2026_min_sas_api_20261005,0042500231,1,2026-05-04,1610612750,MIN,1630183,Jaden McDaniels,1610612759,SAS,203084,Harrison Barnes,19,1.9,8.08511,2.1914599999999997,13.700000000000001,0,3,1,0,0,0,0,0,0.0,0,0,0.0,0,0,0,0,0,0,0,nba_boxscorematchupsv3
1,2025-26,Playoffs,Western Conference Semifinals,2026_min_sas_api_20261005,0042500231,1,2026-05-04,1610612750,MIN,1630183,Jaden McDaniels,1610612759,SAS,1642264,Stephon Castle,37,4.7,5.27817,4.26759,8.5,0,2,0,0,0,0,0,2,0.0,0,1,0.0,0,0,0,0,0,0,0,nba_boxscorematchupsv3
1,2025-26,Playoffs,Western Conference Semifinals,2026_min_sas_api_20261005,0042500231,1,2026-05-04,1610612750,MIN,1630183,Jaden McDaniels,1610612759,SAS,1630577,Julian Champagnie,124,10.6,15.836529999999998,14.302190000000001,20.5,2,16,0,0,0,0,0,0,0.0,0,0,0.0,2,2,1,0,0,0,0,nba_boxscorematchupsv3
1,2025-26,Playoffs,Western Conference Semifinals,2026_min_sas_api_20261005,0042500231,1,2026-05-04,1610612750,MIN,1630183,Jaden McDaniels,1610612759,SAS,1628368,De'Aaron Fox,197,15.2,24.053720000000002,22.72203,28.799999999999997,2,18,0,0,1,0,1,4,25.0,0,0,0.0,0,0,0,0,0,0,0,nba_boxscorematchupsv3
1,2025-26,Playoffs,Western Conference Semifinals,2026_min_sas_api_20261005,0042500231,1,2026-05-04,1610612750,MIN,1630183,Jaden McDaniels,1610612759,SAS,1642844,Dylan Harper,73,6.8,10.57971,8.41984,15.4,2,11,0,0,0,0,1,2,50.0,0,0,0.0,0,0,0,0,0,0,0,nba_boxscorematchupsv3
1,2025-26,Playoffs,Western Conference Semifinals,2026_min_sas_api_20261005,0042500231,1,2026-05-04,1610612750,MIN,1630183,Jaden McDaniels,1610612759,SAS,1629640,Keldon Johnson,7,0.8,1.2820500000000001,0.8073800000000001,2.6,0,0,1,0,0,0,0,0,0.0,0,0,0.0,0,0,0,0,0,0,0,nba_boxscorematchupsv3
1,2025-26,Playoffs,Western Conference Semifinals,2026_min_sas_api_20261005,0042500231,1,2026-05-04,1610612750,MIN,1630183,Jaden McDaniels,1610612759,SAS,1628436,Luke Kornet,1,0.4,0.6711400000000001,0.11534,4.3,0,0,0,0,0,0,0,0,0.0,0,0,0.0,0,0,0,0,0,0,0,nba_boxscorematchupsv3
1,2025-26,Playoffs,Western Conference Semifinals,2026_min_sas_api_20261005,0042500231,1,2026-05-04,1610612750,MIN,1630183,Jaden McDaniels,1610612759,SAS,1630170,Devin Vassell,296,20.0,32.27917,34.14072,41.199999999999996,8,21,0,0,0,0,4,5,80.0,0,1,0.0,0,0,0,0,0,0,0,nba_boxscorematchupsv3
1,2025-26,Playoffs,Western Conference Semifinals,2026_min_sas_api_20261005,0042500231,1,2026-05-04,1610612750,MIN,1630183,Jaden McDaniels,1610612759,SAS,1641705,Victor Wembanyama,113,9.1,11.05675,13.033449999999998,14.799999999999999,2,6,0,0,0,1,1,1,100.0,0,0,0.0,0,0,0,0,0,0,0,nba_boxscorematchupsv3
1,2025-26,Playoffs,Western Conference Semifinals,2026_min_sas_api_20261005,0042500231,1,2026-05-04,1610612750,MIN,203944,Julius Randle,1610612759,SAS,203084,Harrison Barnes,58,3.4,24.68085,5.33579,20.4,3,7,0,0,0,1,1,1,100.0,1,1,100.0,0,0,0,0,0,0,0,nba_boxscorematchupsv3
1,2025-26,Playoffs,Western Conference Semifinals,2026_min_sas_api_20261005,0042500231,1,2026-05-04,1610612750,MIN,203944,Julius Randle,1610612759,SAS,1642264,Stephon Castle,254,16.0,36.23395,23.367070000000002,37.6,3,24,0,0,1,0,1,2,50.0,0,1,0.0,1,2,0,0,0,0,0,nba_boxscorematchupsv3
1,2025-26,Playoffs,Western Conference Semifinals,2026_min_sas_api_20261005,0042500231,1,2026-05-04,1610612750,MIN,203944,Julius Randle,1610612759,SAS,1630577,Julian Champagnie,46,5.1,5.87484,4.23183,6.9,0,0,0,0,0,0,0,0,0.0,0,0,0.0,0,0,0,0,0,0,0,nba_boxscorematchupsv3
1,2025-26,Playoffs,Western Conference Semifinals,2026_min_sas_api_20261005,0042500231,1,2026-05-04,1610612750,MIN,203944,Julius Randle,1610612759,SAS,1628368,De'Aaron Fox,81,5.4,9.89011,7.4517,11.5,3,7,0,0,0,0,1,3,33.300000000000004,1,2,50.0,0,0,0,0,0,0,0,nba_boxscorematchupsv3
1,2025-26,Playoffs,Western Conference Semifinals,2026_min_sas_api_20261005,0042500231,1,2026-05-04,1610612750,MIN,203944,Julius Randle,1610612759,SAS,1642844,Dylan Harper,69,4.5,10.0,6.3477500000000004,10.7,0,6,1,0,0,0,0,3,0.0,0,2,0.0,0,0,0,0,0,0,0,nba_boxscorematchupsv3
1,2025-26,Playoffs,Western Conference Semifinals,2026_min_sas_api_20261005,0042500231,1,2026-05-04,1610612750,MIN,203944,Julius Randle,1610612759,SAS,1629640,Keldon Johnson,300,23.1,54.945049999999995,27.598899999999997,67.0,4,12,0,0,2,0,2,5,40.0,0,0,0.0,0,0,0,0,0,0,0,nba_boxscorematchupsv3
1,2025-26,Playoffs,Western Conference Semifinals,2026_min_sas_api_20261005,0042500231,1,2026-05-04,1610612750,MIN,203944,Julius Randle,1610612759,SAS,1628436,Luke Kornet,2,0.1,1.3422800000000001,0.18399,1.9,0,2,0,0,0,0,0,0,0.0,0,0,0.0,0,0,0,0,0,0,0,nba_boxscorematchupsv3
1,2025-26,Playoffs,Western Conference Semifinals,2026_min_sas_api_20261005,0042500231,1,2026-05-04,1610612750,MIN,203944,Julius Randle,1610612759,SAS,1630170,Devin Vassell,159,13.4,17.33915,14.62741,20.599999999999998,4,14,1,0,0,0,1,2,50.0,0,0,0.0,2,4,2,0,0,0,0,nba_boxscorematchupsv3
1,2025-26,Playoffs,Western Conference Semifinals,2026_min_sas_api_20261005,0042500231,1,2026-05-04,1610612750,MIN,203944,Julius Randle,1610612759,SAS,1641705,Victor Wembanyama,118,10.7,11.54599,10.85557,13.700000000000001,4,15,0,0,1,2,2,4,50.0,0,0,0.0,0,0,0,0,0,0,0,nba_boxscorematchupsv3
1,2025-26,Playoffs,Western Conference Semifinals,2026_min_sas_api_20261005,0042500231,1,2026-05-04,1610612750,MIN,203497,Rudy Gobert,1610612759,SAS,203084,Harrison Barnes,15,0.4,6.382980000000001,2.06327,44.800000000000004,0,0,0,0,0,0,0,0,0.0,0,0,0.0,0,0,0,0,0,0,0,nba_boxscorematchupsv3
1,2025-26,Playoffs,Western Conference Semifinals,2026_min_sas_api_20261005,0042500231,1,2026-05-04,1610612750,MIN,203497,Rudy Gobert,1610612759,SAS,1642264,Stephon Castle,16,1.9,2.2824500000000003,2.2008300000000003,4.2,0,0,0,0,0,0,0,0,0.0,0,0,0.0,0,0,0,0,0,0,0,nba_boxscorematchupsv3
1,2025-26,Playoffs,Western Conference Semifinals,2026_min_sas_api_20261005,0042500231,1,2026-05-04,1610612750,MIN,203497,Rudy Gobert,1610612759,SAS,1630577,Julian Champagnie,28,3.2,3.5759899999999996,3.8514399999999998,9.1,0,7,0,0,0,0,0,0,0.0,0,0,0.0,0,0,0,0,0,0,0,nba_boxscorematchupsv3
1,2025-26,Playoffs,Western Conference Semifinals,2026_min_sas_api_20261005,0042500231,1,2026-05-04,1610612750,MIN,203497,Rudy Gobert,1610612759,SAS,1628368,De'Aaron Fox,15,1.8,1.8315000000000001,2.06327,4.9,1,8,0,0,0,0,0,0,0.0,0,0,0.0,1,4,1,0,0,0,0,nba_boxscorematchupsv3
1,2025-26,Playoffs,Western Conference Semifinals,2026_min_sas_api_20261005,0042500231,1,2026-05-04,1610612750,MIN,203497,Rudy Gobert,1610612759,SAS,1642844,Dylan Harper,8,1.9,1.1594200000000001,1.1004099999999999,4.1000000000000005,0,0,0,0,0,0,0,0,0.0,0,0,0.0,0,0,0,0,0,0,0,nba_boxscorematchupsv3
1,2025-26,Playoffs,Western Conference Semifinals,2026_min_sas_api_20261005,0042500231,1,2026-05-04,1610612750,MIN,203497,Rudy Gobert,1610612759,SAS,1629640,Keldon Johnson,15,2.6,2.74725,2.06327,7.5,0,7,0,0,0,0,0,0,0.0,0,0,0.0,0,0,0,0,0,0,0,nba_boxscorematchupsv3
1,2025-26,Playoffs,Western Conference Semifinals,2026_min_sas_api_20261005,0042500231,1,2026-05-04,1610612750,MIN,203497,Rudy Gobert,1610612759,SAS,1628436,Luke Kornet,113,9.8,75.83893,15.54333,68.2,2,11,1,0,0,0,1,2,50.0,0,0,0.0,0,0,0,0,0,0,0,nba_boxscorematchupsv3
1,2025-26,Playoffs,Western Conference Semifinals,2026_min_sas_api_20261005,0042500231,1,2026-05-04,1610612750,MIN,203497,Rudy Gobert,1610612759,SAS,1630170,Devin Vassell,51,3.0,5.56161,7.01513,6.9,0,11,0,0,0,0,0,0,0.0,0,0,0.0,0,0,0,0,0,0,0,nba_boxscorematchupsv3
1,2025-26,Playoffs,Western Conference Semifinals,2026_min_sas_api_20261005,0042500231,1,2026-05-04,1610612750,MIN,203497,Rudy Gobert,1610612759,SAS,1641705,Victor Wembanyama,466,30.5,45.59687,64.09904,76.5,4,23,2,0,1,2,2,5,40.0,0,0,0.0,0,1,1,0,0,0,0,nba_boxscorematchupsv3
1,2025-26,Playoffs,Western Conference Semifinals,2026_min_sas_api_20261005,0042500231,1,2026-05-04,1610612750,MIN,1630545,Terrence Shannon Jr,1610612759,SAS,203084,Harrison Barnes,30,2.2,12.765960000000002,3.51288,41.5,0,3,0,0,0,0,0,0,0.0,0,0,0.0,0,0,0,0,0,0,0,nba_boxscorematchupsv3
1,2025-26,Playoffs,Western Conference Semifinals,2026_min_sas_api_20261005,0042500231,1,2026-05-04,1610612750,MIN,1630545,Terrence Shannon Jr,1610612759,SAS,1642264,Stephon Castle,39,3.5,5.56348,4.566739999999999,9.6,2,5,0,0,0,0,0,0,0.0,0,0,0.0,2,2,1,0,0,0,0,nba_boxscorematchupsv3
1,2025-26,Playoffs,Western Conference Semifinals,2026_min_sas_api_20261005,0042500231,1,2026-05-04,1610612750,MIN,1630545,Terrence Shannon Jr,1610612759,SAS,1630577,Julian Champagnie,182,11.0,23.24393,21.31148,33.6,0,6,0,0,0,0,0,0,0.0,0,0,0.0,0,0,0,0,0,0,0,nba_boxscorematchupsv3
1,2025-26,Playoffs,Western Conference Semifinals,2026_min_sas_api_20261005,0042500231,1,2026-05-04,1610612750,MIN,1630545,Terrence Shannon Jr,1610612759,SAS,1628368,De'Aaron Fox,129,9.0,15.750919999999999,15.10539,17.9,1,7,0,0,0,0,0,2,0.0,0,1,0.0,1,2,1,0,0,0,0,nba_boxscorematchupsv3
1,2025-26,Playoffs,Western Conference Semifinals,2026_min_sas_api_20261005,0042500231,1,2026-05-04,1610612750,MIN,1630545,Terrence Shannon Jr,1610612759,SAS,1642844,Dylan Harper,147,13.5,21.30435,17.21311,28.799999999999997,3,7,0,0,0,0,0,2,0.0,0,0,0.0,3,4,0,0,0,0,0,nba_boxscorematchupsv3
1,2025-26,Playoffs,Western Conference Semifinals,2026_min_sas_api_20261005,0042500231,1,2026-05-04,1610612750,MIN,1630545,Terrence Shannon Jr,1610612759,SAS,1629640,Keldon Johnson,31,2.9,5.67766,3.62998,7.5,4,11,0,0,0,0,2,2,100.0,0,0,0.0,0,0,0,0,0,0,0,nba_boxscorematchupsv3
1,2025-26,Playoffs,Western Conference Semifinals,2026_min_sas_api_20261005,0042500231,1,2026-05-04,1610612750,MIN,1630545,Terrence Shannon Jr,1610612759,SAS,1628436,Luke Kornet,12,1.5,8.05369,1.40515,10.2,6,6,0,0,0,0,3,4,75.0,0,0,0.0,0,0,0,0,0,0,0,nba_boxscorematchupsv3
1,2025-26,Playoffs,Western Conference Semifinals,2026_min_sas_api_20261005,0042500231,1,2026-05-04,1610612750,MIN,1630545,Terrence Shannon Jr,1610612759,SAS,1630170,Devin Vassell,177,16.6,19.30207,20.726,22.7,0,9,0,0,0,0,0,1,0.0,0,0,0.0,0,0,0,0,0,0,0,nba_boxscorematchupsv3
1,2025-26,Playoffs,Western Conference Semifinals,2026_min_sas_api_20261005,0042500231,1,2026-05-04,1610612750,MIN,1630545,Terrence Shannon Jr,1610612759,SAS,1641705,Victor Wembanyama,107,7.5,10.46967,12.52927,14.299999999999999,0,3,1,0,0,3,0,2,0.0,0,0,0.0,0,0,0,0,0,0,0,nba_boxscorematchupsv3
1,2025-26,Playoffs,Western Conference Semifinals,2026_min_sas_api_20261005,0042500231,1,2026-05-04,1610612750,MIN,201144,Mike Conley,1610612759,SAS,203084,Harrison Barnes,5,0.3,2.12766,0.82919,3.3000000000000003,0,0,0,0,0,0,0,0,0.0,0,0,0.0,0,0,0,0,0,0,0,nba_boxscorematchupsv3
1,2025-26,Playoffs,Western Conference Semifinals,2026_min_sas_api_20261005,0042500231,1,2026-05-04,1610612750,MIN,201144,Mike Conley,1610612759,SAS,1642264,Stephon Castle,116,7.8,16.547790000000003,19.23715,22.900000000000002,0,9,1,0,0,0,0,0,0.0,0,0,0.0,0,0,0,0,0,0,0,nba_boxscorematchupsv3
1,2025-26,Playoffs,Western Conference Semifinals,2026_min_sas_api_20261005,0042500231,1,2026-05-04,1610612750,MIN,201144,Mike Conley,1610612759,SAS,1630577,Julian Champagnie,86,6.9,10.9834,14.26202,19.400000000000002,0,7,0,0,0,0,0,1,0.0,0,0,0.0,0,0,0,0,0,0,0,nba_boxscorematchupsv3
1,2025-26,Playoffs,Western Conference Semifinals,2026_min_sas_api_20261005,0042500231,1,2026-05-04,1610612750,MIN,201144,Mike Conley,1610612759,SAS,1628368,De'Aaron Fox,191,15.0,23.32112,31.674960000000002,40.9,3,13,2,0,0,0,1,2,50.0,1,2,50.0,0,0,0,0,0,0,0,nba_boxscorematchupsv3
1,2025-26,Playoffs,Western Conference Semifinals,2026_min_sas_api_20261005,0042500231,1,2026-05-04,1610612750,MIN,201144,Mike Conley,1610612759,SAS,1642844,Dylan Harper,107,6.6,15.50725,17.744609999999998,54.7,0,10,2,0,0,0,0,0,0.0,0,0,0.0,0,0,0,0,0,0,0,nba_boxscorematchupsv3
1,2025-26,Playoffs,Western Conference Semifinals,2026_min_sas_api_20261005,0042500231,1,2026-05-04,1610612750,MIN,201144,Mike Conley,1610612759,SAS,1629640,Keldon Johnson,25,2.1,4.57875,4.14594,10.9,0,0,0,0,0,0,0,0,0.0,0,0,0.0,0,0,0,0,0,0,0,nba_boxscorematchupsv3
1,2025-26,Playoffs,Western Conference Semifinals,2026_min_sas_api_20261005,0042500231,1,2026-05-04,1610612750,MIN,201144,Mike Conley,1610612759,SAS,1628436,Luke Kornet,1,0.2,0.6711400000000001,0.16584,3.5999999999999996,3,3,0,0,0,0,1,1,100.0,1,1,100.0,0,0,0,0,0,0,0,nba_boxscorematchupsv3
1,2025-26,Playoffs,Western Conference Semifinals,2026_min_sas_api_20261005,0042500231,1,2026-05-04,1610612750,MIN,201144,Mike Conley,1610612759,SAS,1630170,Devin Vassell,48,3.1,5.2344599999999994,7.9602,8.4,3,3,1,0,0,0,1,1,100.0,1,1,100.0,0,0,0,0,0,0,0,nba_boxscorematchupsv3
1,2025-26,Playoffs,Western Conference Semifinals,2026_min_sas_api_20261005,0042500231,1,2026-05-04,1610612750,MIN,201144,Mike Conley,1610612759,SAS,1641705,Victor Wembanyama,24,2.3,2.3483400000000003,3.9801,5.3,3,5,0,0,0,0,1,3,33.300000000000004,1,3,33.300000000000004,0,0,0,0,0,0,0,nba_boxscorematchupsv3
1,2025-26,Playoffs,Western Conference Semifinals,2026_min_sas_api_20261005,0042500231,1,2026-05-04,1610612750,MIN,1630162,Anthony Edwards,1610612759,SAS,203084,Harrison Barnes,59,3.8,25.10638,9.80066,25.5,3,3,1,0,0,0,1,2,50.0,1,1,100.0,0,0,0,0,0,0,0,nba_boxscorematchupsv3
1,2025-26,Playoffs,Western Conference Semifinals,2026_min_sas_api_20261005,0042500231,1,2026-05-04,1610612750,MIN,1630162,Anthony Edwards,1610612759,SAS,1642264,Stephon Castle,192,14.7,27.389439999999997,31.893690000000003,50.2,0,17,1,0,0,0,0,2,0.0,0,0,0.0,0,0,0,0,0,0,0,nba_boxscorematchupsv3
1,2025-26,Playoffs,Western Conference Semifinals,2026_min_sas_api_20261005,0042500231,1,2026-05-04,1610612750,MIN,1630162,Anthony Edwards,1610612759,SAS,1630577,Julian Champagnie,43,4.1,5.4917,7.14286,11.799999999999999,2,2,0,0,0,0,1,1,100.0,0,0,0.0,0,0,0,0,0,0,0,nba_boxscorematchupsv3
1,2025-26,Playoffs,Western Conference Semifinals,2026_min_sas_api_20261005,0042500231,1,2026-05-04,1610612750,MIN,1630162,Anthony Edwards,1610612759,SAS,1628368,De'Aaron Fox,48,4.3,5.860810000000001,7.973420000000001,15.6,4,10,0,0,0,0,2,2,100.0,0,0,0.0,0,0,0,0,0,0,0,nba_boxscorematchupsv3
1,2025-26,Playoffs,Western Conference Semifinals,2026_min_sas_api_20261005,0042500231,1,2026-05-04,1610612750,MIN,1630162,Anthony Edwards,1610612759,SAS,1642844,Dylan Harper,121,10.9,17.53623,20.09967,31.1,0,8,0,0,0,0,0,0,0.0,0,0,0.0,0,0,0,0,0,0,0,nba_boxscorematchupsv3
1,2025-26,Playoffs,Western Conference Semifinals,2026_min_sas_api_20261005,0042500231,1,2026-05-04,1610612750,MIN,1630162,Anthony Edwards,1610612759,SAS,1629640,Keldon Johnson,26,1.6,4.7619,4.3189400000000004,9.5,7,11,1,0,0,0,3,3,100.0,1,1,100.0,0,0,0,0,0,0,0,nba_boxscorematchupsv3
1,2025-26,Playoffs,Western Conference Semifinals,2026_min_sas_api_20261005,0042500231,1,2026-05-04,1610612750,MIN,1630162,Anthony Edwards,1610612759,SAS,1628436,Luke Kornet,2,0.7,1.3422800000000001,0.33222999999999997,6.2,0,0,0,0,0,0,0,0,0.0,0,0,0.0,0,0,0,0,0,0,0,nba_boxscorematchupsv3
1,2025-26,Playoffs,Western Conference Semifinals,2026_min_sas_api_20261005,0042500231,1,2026-05-04,1610612750,MIN,1630162,Anthony Edwards,1610612759,SAS,1630170,Devin Vassell,70,5.0,7.63359,11.62791,18.8,0,5,0,0,0,0,0,1,0.0,0,0,0.0,0,0,0,0,0,0,0,nba_boxscorematchupsv3
1,2025-26,Playoffs,Western Conference Semifinals,2026_min_sas_api_20261005,0042500231,1,2026-05-04,1610612750,MIN,1630162,Anthony Edwards,1610612759,SAS,1641705,Victor Wembanyama,41,3.7,4.01174,6.81063,9.5,2,4,0,0,0,1,1,2,50.0,0,1,0.0,0,0,0,0,0,0,0,nba_boxscorematchupsv3
1,2025-26,Playoffs,Western Conference Semifinals,2026_min_sas_api_20261005,0042500231,1,2026-05-04,1610612750,MIN,1629675,Naz Reid,1610612759,SAS,203084,Harrison Barnes,43,4.3,18.29787,6.53495,22.6,0,4,0,0,0,0,0,0,0.0,0,0,0.0,0,0,0,0,0,0,0,nba_boxscorematchupsv3
1,2025-26,Playoffs,Western Conference Semifinals,2026_min_sas_api_20261005,0042500231,1,2026-05-04,1610612750,MIN,1629675,Naz Reid,1610612759,SAS,1642264,Stephon Castle,26,1.8,3.70899,3.95137,8.6,0,0,0,0,1,0,0,0,0.0,0,0,0.0,0,0,0,0,0,0,0,nba_boxscorematchupsv3
1,2025-26,Playoffs,Western Conference Semifinals,2026_min_sas_api_20261005,0042500231,1,2026-05-04,1610612750,MIN,1629675,Naz Reid,1610612759,SAS,1630577,Julian Champagnie,132,9.8,16.85824,20.06079,31.3,0,9,0,0,0,0,0,1,0.0,0,0,0.0,0,0,0,0,0,0,0,nba_boxscorematchupsv3
1,2025-26,Playoffs,Western Conference Semifinals,2026_min_sas_api_20261005,0042500231,1,2026-05-04,1610612750,MIN,1629675,Naz Reid,1610612759,SAS,1628368,De'Aaron Fox,80,6.4,9.76801,12.15805,16.900000000000002,0,7,0,0,1,0,0,1,0.0,0,1,0.0,0,0,0,0,0,0,0,nba_boxscorematchupsv3
1,2025-26,Playoffs,Western Conference Semifinals,2026_min_sas_api_20261005,0042500231,1,2026-05-04,1610612750,MIN,1629675,Naz Reid,1610612759,SAS,1642844,Dylan Harper,89,6.8,12.89855,13.52584,16.5,0,15,0,0,0,0,0,1,0.0,0,0,0.0,0,0,0,0,0,0,0,nba_boxscorematchupsv3
1,2025-26,Playoffs,Western Conference Semifinals,2026_min_sas_api_20261005,0042500231,1,2026-05-04,1610612750,MIN,1629675,Naz Reid,1610612759,SAS,1629640,Keldon Johnson,108,11.2,19.78022,16.41337,31.2,0,12,0,0,0,0,0,0,0.0,0,0,0.0,0,0,0,0,0,0,0,nba_boxscorematchupsv3
1,2025-26,Playoffs,Western Conference Semifinals,2026_min_sas_api_20261005,0042500231,1,2026-05-04,1610612750,MIN,1629675,Naz Reid,1610612759,SAS,1628436,Luke Kornet,14,0.9,9.39597,2.12766,12.0,2,2,1,0,0,0,1,1,100.0,0,0,0.0,0,0,0,0,0,0,0,nba_boxscorematchupsv3
1,2025-26,Playoffs,Western Conference Semifinals,2026_min_sas_api_20261005,0042500231,1,2026-05-04,1610612750,MIN,1629675,Naz Reid,1610612759,SAS,1630170,Devin Vassell,68,4.7,7.415489999999999,10.33435,16.2,0,5,0,0,0,0,0,0,0.0,0,0,0.0,0,0,0,0,0,0,0,nba_boxscorematchupsv3
1,2025-26,Playoffs,Western Conference Semifinals,2026_min_sas_api_20261005,0042500231,1,2026-05-04,1610612750,MIN,1629675,Naz Reid,1610612759,SAS,1641705,Victor Wembanyama,98,7.4,9.58904,14.893619999999999,17.5,10,15,0,0,0,2,4,4,100.0,2,2,100.0,0,0,0,0,0,0,0,nba_boxscorematchupsv3
1,2025-26,Playoffs,Western Conference Semifinals,2026_min_sas_api_20261005,0042500231,1,2026-05-04,1610612750,MIN,1630538,Bones Hyland,1610612759,SAS,203084,Harrison Barnes,6,0.7,2.55319,1.94805,9.6,0,0,0,0,0,0,0,0,0.0,0,0,0.0,0,0,0,0,0,0,0,nba_boxscorematchupsv3
1,2025-26,Playoffs,Western Conference Semifinals,2026_min_sas_api_20261005,0042500231,1,2026-05-04,1610612750,MIN,1630538,Bones Hyland,1610612759,SAS,1642264,Stephon Castle,21,0.9,2.99572,6.81818,15.9,0,0,0,0,0,0,0,0,0.0,0,0,0.0,0,0,0,0,0,0,0,nba_boxscorematchupsv3
1,2025-26,Playoffs,Western Conference Semifinals,2026_min_sas_api_20261005,0042500231,1,2026-05-04,1610612750,MIN,1630538,Bones Hyland,1610612759,SAS,1630577,Julian Champagnie,62,4.3,7.918260000000001,20.12987,28.4,0,3,0,0,0,0,0,0,0.0,0,0,0.0,0,0,0,0,0,0,0,nba_boxscorematchupsv3
1,2025-26,Playoffs,Western Conference Semifinals,2026_min_sas_api_20261005,0042500231,1,2026-05-04,1610612750,MIN,1630538,Bones Hyland,1610612759,SAS,1628368,De'Aaron Fox,64,5.5,7.81441,20.779220000000002,33.6,0,4,0,0,0,0,0,0,0.0,0,0,0.0,0,0,0,0,0,0,0,nba_boxscorematchupsv3
1,2025-26,Playoffs,Western Conference Semifinals,2026_min_sas_api_20261005,0042500231,1,2026-05-04,1610612750,MIN,1630538,Bones Hyland,1610612759,SAS,1642844,Dylan Harper,72,5.5,10.43478,23.37662,30.5,0,5,0,0,0,0,0,0,0.0,0,0,0.0,0,0,0,0,0,0,0,nba_boxscorematchupsv3
1,2025-26,Playoffs,Western Conference Semifinals,2026_min_sas_api_20261005,0042500231,1,2026-05-04,1610612750,MIN,1630538,Bones Hyland,1610612759,SAS,1629640,Keldon Johnson,27,1.8,4.94505,8.76623,11.5,0,4,0,0,0,0,0,1,0.0,0,1,0.0,0,0,0,0,0,0,0,nba_boxscorematchupsv3
1,2025-26,Playoffs,Western Conference Semifinals,2026_min_sas_api_20261005,0042500231,1,2026-05-04,1610612750,MIN,1630538,Bones Hyland,1610612759,SAS,1630170,Devin Vassell,35,3.8,3.8167899999999997,11.36364,18.6,0,0,0,0,0,1,0,2,0.0,0,2,0.0,0,0,0,0,0,0,0,nba_boxscorematchupsv3
1,2025-26,Playoffs,Western Conference Semifinals,2026_min_sas_api_20261005,0042500231,1,2026-05-04,1610612750,MIN,1630538,Bones Hyland,1610612759,SAS,1641705,Victor Wembanyama,21,2.7,2.05479,6.81818,7.8,0,5,1,0,0,1,0,2,0.0,0,1,0.0,0,0,0,0,0,0,0,nba_boxscorematchupsv3
1,2025-26,Playoffs,Western Conference Semifinals,2026_min_sas_api_20261005,0042500231,1,2026-05-04,1610612750,MIN,1641740,Jaylen Clark,1610612759,SAS,1630577,Julian Champagnie,80,5.6,10.21711,51.28205,48.9,0,5,0,0,0,0,0,0,0.0,0,0,0.0,0,0,0,0,0,0,0,nba_boxscorematchupsv3
1,2025-26,Playoffs,Western Conference Semifinals,2026_min_sas_api_20261005,0042500231,1,2026-05-04,1610612750,MIN,1641740,Jaylen Clark,1610612759,SAS,1628368,De'Aaron Fox,14,2.2,1.7094000000000003,8.97436,19.3,0,5,0,0,0,0,0,0,0.0,0,0,0.0,0,0,0,0,0,0,0,nba_boxscorematchupsv3
1,2025-26,Playoffs,Western Conference Semifinals,2026_min_sas_api_20261005,0042500231,1,2026-05-04,1610612750,MIN,1641740,Jaylen Clark,1610612759,SAS,1642844,Dylan Harper,4,1.3,0.5797100000000001,2.5641000000000003,4.1000000000000005,0,2,0,0,0,0,0,0,0.0,0,0,0.0,0,0,0,0,0,0,0,nba_boxscorematchupsv3
1,2025-26,Playoffs,Western Conference Semifinals,2026_min_sas_api_20261005,0042500231,1,2026-05-04,1610612750,MIN,1641740,Jaylen Clark,1610612759,SAS,1629640,Keldon Johnson,7,0.8,1.2820500000000001,4.48718,7.000000000000001,2,2,0,0,0,0,1,1,100.0,0,0,0.0,0,0,0,0,0,0,0,nba_boxscorematchupsv3
1,2025-26,Playoffs,Western Conference Semifinals,2026_min_sas_api_20261005,0042500231,1,2026-05-04,1610612750,MIN,1641740,Jaylen Clark,1610612759,SAS,1628436,Luke Kornet,4,0.3,2.6845600000000003,2.5641000000000003,21.099999999999998,0,0,0,0,0,0,0,0,0.0,0,0,0.0,0,0,0,0,0,0,0,nba_boxscorematchupsv3
1,2025-26,Playoffs,Western Conference Semifinals,2026_min_sas_api_20261005,0042500231,1,2026-05-04,1610612750,MIN,1641740,Jaylen Clark,1610612759,SAS,1630170,Devin Vassell,13,0.6,1.41767,8.33333,11.600000000000001,0,0,0,0,0,0,0,0,0.0,0,0,0.0,0,0,0,0,0,0,0,nba_boxscorematchupsv3
1,2025-26,Playoffs,Western Conference Semifinals,2026_min_sas_api_20261005,0042500231,1,2026-05-04,1610612750,MIN,1641740,Jaylen Clark,1610612759,SAS,1641705,Victor Wembanyama,34,4.3,3.32681,21.79487,27.0,0,2,0,0,0,0,0,0,0.0,0,0,0.0,0,0,0,0,0,0,0,nba_boxscorematchupsv3
1,2025-26,Playoffs,Western Conference Semifinals,2026_min_sas_api_20261005,0042500232,2,2026-05-06,1610612759,SAS,1630170,Devin Vassell,1610612750,MIN,201144,Mike Conley,15,2.6,4.29799,3.1712499999999997,8.1,4,6,0,0,0,0,1,1,100.0,1,1,100.0,1,1,1,0,0,0,0,nba_boxscorematchupsv3
1,2025-26,Playoffs,Western Conference Semifinals,2026_min_sas_api_20261005,0042500232,2,2026-05-06,1610612759,SAS,1630170,Devin Vassell,1610612750,MIN,1630245,Ayo Dosunmu,26,3.1,11.81818,5.49683,30.599999999999998,0,2,0,0,0,0,0,1,0.0,0,1,0.0,0,0,0,0,0,0,0,nba_boxscorematchupsv3
1,2025-26,Playoffs,Western Conference Semifinals,2026_min_sas_api_20261005,0042500232,2,2026-05-06,1610612759,SAS,1630170,Devin Vassell,1610612750,MIN,1630162,Anthony Edwards,80,5.4,14.8423,16.913320000000002,28.4,0,4,1,0,0,0,0,1,0.0,0,0,0.0,0,0,0,0,0,0,0,nba_boxscorematchupsv3
1,2025-26,Playoffs,Western Conference Semifinals,2026_min_sas_api_20261005,0042500232,2,2026-05-06,1610612759,SAS,1630170,Devin Vassell,1610612750,MIN,203497,Rudy Gobert,23,4.3,3.4795800000000003,4.8625799999999995,5.7,0,6,1,0,0,0,0,1,0.0,0,1,0.0,0,0,0,0,0,0,0,nba_boxscorematchupsv3
1,2025-26,Playoffs,Western Conference Semifinals,2026_min_sas_api_20261005,0042500232,2,2026-05-06,1610612759,SAS,1630170,Devin Vassell,1610612750,MIN,1630538,Bones Hyland,43,4.1,14.57627,9.090910000000001,35.099999999999994,0,3,0,0,0,0,0,0,0.0,0,0,0.0,0,0,0,0,0,0,0,nba_boxscorematchupsv3
1,2025-26,Playoffs,Western Conference Semifinals,2026_min_sas_api_20261005,0042500232,2,2026-05-06,1610612759,SAS,1630170,Devin Vassell,1610612750,MIN,1630183,Jaden McDaniels,31,4.9,6.91964,6.55391,13.700000000000001,0,3,1,0,0,0,0,1,0.0,0,1,0.0,0,0,0,0,0,0,0,nba_boxscorematchupsv3
1,2025-26,Playoffs,Western Conference Semifinals,2026_min_sas_api_20261005,0042500232,2,2026-05-06,1610612759,SAS,1630170,Devin Vassell,1610612750,MIN,203944,Julius Randle,40,7.4,6.956519999999999,8.456660000000001,12.1,0,0,0,0,0,0,0,1,0.0,0,0,0.0,0,0,0,0,0,0,0,nba_boxscorematchupsv3
1,2025-26,Playoffs,Western Conference Semifinals,2026_min_sas_api_20261005,0042500232,2,2026-05-06,1610612759,SAS,1630170,Devin Vassell,1610612750,MIN,1629675,Naz Reid,2,0.8,0.39604,0.42283,5.800000000000001,2,2,0,0,0,0,1,1,100.0,0,0,0.0,0,0,0,0,0,0,0,nba_boxscorematchupsv3
1,2025-26,Playoffs,Western Conference Semifinals,2026_min_sas_api_20261005,0042500232,2,2026-05-06,1610612759,SAS,1630170,Devin Vassell,1610612750,MIN,1630545,Terrence Shannon Jr,213,18.3,39.887640000000005,45.031710000000004,48.8,3,23,1,0,0,0,1,2,50.0,1,2,50.0,0,0,0,0,0,0,0,nba_boxscorematchupsv3
1,2025-26,Playoffs,Western Conference Semifinals,2026_min_sas_api_20261005,0042500232,2,2026-05-06,1610612759,SAS,1630577,Julian Champagnie,1610612750,MIN,203937,Kyle Anderson,33,1.5,8.10811,6.04396,19.900000000000002,0,0,0,0,0,0,0,0,0.0,0,0,0.0,0,0,0,0,0,0,0,nba_boxscorematchupsv3
1,2025-26,Playoffs,Western Conference Semifinals,2026_min_sas_api_20261005,0042500232,2,2026-05-06,1610612759,SAS,1630577,Julian Champagnie,1610612750,MIN,1641740,Jaylen Clark,13,0.9,3.65169,2.38095,21.099999999999998,0,3,0,0,0,0,0,0,0.0,0,0,0.0,0,0,0,0,0,0,0,nba_boxscorematchupsv3
1,2025-26,Playoffs,Western Conference Semifinals,2026_min_sas_api_20261005,0042500232,2,2026-05-06,1610612759,SAS,1630577,Julian Champagnie,1610612750,MIN,201144,Mike Conley,227,17.7,65.04298,41.575089999999996,60.3,0,19,1,0,0,0,0,1,0.0,0,1,0.0,0,0,0,0,0,0,0,nba_boxscorematchupsv3
1,2025-26,Playoffs,Western Conference Semifinals,2026_min_sas_api_20261005,0042500232,2,2026-05-06,1610612759,SAS,1630577,Julian Champagnie,1610612750,MIN,1630245,Ayo Dosunmu,2,0.1,0.9090900000000001,0.3663,2.0,0,2,0,0,0,0,0,0,0.0,0,0,0.0,0,0,0,0,0,0,0,nba_boxscorematchupsv3
1,2025-26,Playoffs,Western Conference Semifinals,2026_min_sas_api_20261005,0042500232,2,2026-05-06,1610612759,SAS,1630577,Julian Champagnie,1610612750,MIN,1630162,Anthony Edwards,47,4.0,8.71985,8.60806,18.2,0,5,1,0,0,0,0,0,0.0,0,0,0.0,0,0,0,0,0,0,0,nba_boxscorematchupsv3
1,2025-26,Playoffs,Western Conference Semifinals,2026_min_sas_api_20261005,0042500232,2,2026-05-06,1610612759,SAS,1630577,Julian Champagnie,1610612750,MIN,203497,Rudy Gobert,7,1.3,1.059,1.2820500000000001,4.3,0,0,0,0,0,0,0,0,0.0,0,0,0.0,0,0,0,0,0,0,0,nba_boxscorematchupsv3
1,2025-26,Playoffs,Western Conference Semifinals,2026_min_sas_api_20261005,0042500232,2,2026-05-06,1610612759,SAS,1630577,Julian Champagnie,1610612750,MIN,1630538,Bones Hyland,23,2.3,7.796609999999999,4.2124500000000005,13.100000000000001,0,0,0,0,0,0,0,0,0.0,0,0,0.0,0,0,0,0,0,0,0,nba_boxscorematchupsv3
1,2025-26,Playoffs,Western Conference Semifinals,2026_min_sas_api_20261005,0042500232,2,2026-05-06,1610612759,SAS,1630577,Julian Champagnie,1610612750,MIN,1630183,Jaden McDaniels,27,3.0,6.02679,4.94505,10.2,0,2,0,0,0,0,0,0,0.0,0,0,0.0,0,0,0,0,0,0,0,nba_boxscorematchupsv3
1,2025-26,Playoffs,Western Conference Semifinals,2026_min_sas_api_20261005,0042500232,2,2026-05-06,1610612759,SAS,1630577,Julian Champagnie,1610612750,MIN,203944,Julius Randle,19,2.2,3.3043500000000003,3.4798500000000003,7.3,6,6,0,0,0,0,2,2,100.0,2,2,100.0,0,0,0,0,0,0,0,nba_boxscorematchupsv3
1,2025-26,Playoffs,Western Conference Semifinals,2026_min_sas_api_20261005,0042500232,2,2026-05-06,1610612759,SAS,1630577,Julian Champagnie,1610612750,MIN,1629675,Naz Reid,75,8.2,14.85149,13.73626,24.3,6,6,0,0,0,0,2,2,100.0,2,2,100.0,0,0,0,0,0,0,0,nba_boxscorematchupsv3
1,2025-26,Playoffs,Western Conference Semifinals,2026_min_sas_api_20261005,0042500232,2,2026-05-06,1610612759,SAS,1630577,Julian Champagnie,1610612750,MIN,1630545,Terrence Shannon Jr,73,6.0,13.67041,13.36996,26.400000000000002,0,8,0,0,0,0,0,1,0.0,0,1,0.0,0,0,0,0,0,0,0,nba_boxscorematchupsv3
1,2025-26,Playoffs,Western Conference Semifinals,2026_min_sas_api_20261005,0042500232,2,2026-05-06,1610612759,SAS,1641705,Victor Wembanyama,1610612750,MIN,203937,Kyle Anderson,17,3.0,4.1769,2.75527,18.9,0,3,0,0,0,0,0,0,0.0,0,0,0.0,0,0,0,0,0,0,0,nba_boxscorematchupsv3
1,2025-26,Playoffs,Western Conference Semifinals,2026_min_sas_api_20261005,0042500232,2,2026-05-06,1610612759,SAS,1641705,Victor Wembanyama,1610612750,MIN,1641740,Jaylen Clark,1,1.1,0.2809,0.16207000000000002,11.200000000000001,0,0,0,0,0,0,0,0,0.0,0,0,0.0,0,0,0,0,0,0,0,nba_boxscorematchupsv3
1,2025-26,Playoffs,Western Conference Semifinals,2026_min_sas_api_20261005,0042500232,2,2026-05-06,1610612759,SAS,1641705,Victor Wembanyama,1610612750,MIN,201144,Mike Conley,9,2.3,2.5787999999999998,1.45867,5.7,0,0,0,0,0,0,0,0,0.0,0,0,0.0,0,0,0,0,0,0,0,nba_boxscorematchupsv3
1,2025-26,Playoffs,Western Conference Semifinals,2026_min_sas_api_20261005,0042500232,2,2026-05-06,1610612759,SAS,1641705,Victor Wembanyama,1610612750,MIN,1630245,Ayo Dosunmu,10,1.2,4.54545,1.62075,7.1,0,0,0,0,0,0,0,0,0.0,0,0,0.0,0,0,0,0,0,0,0,nba_boxscorematchupsv3
1,2025-26,Playoffs,Western Conference Semifinals,2026_min_sas_api_20261005,0042500232,2,2026-05-06,1610612759,SAS,1641705,Victor Wembanyama,1610612750,MIN,1630162,Anthony Edwards,36,2.5,6.67904,5.83468,10.8,0,5,0,0,0,0,0,1,0.0,0,1,0.0,0,0,0,0,0,0,0,nba_boxscorematchupsv3
1,2025-26,Playoffs,Western Conference Semifinals,2026_min_sas_api_20261005,0042500232,2,2026-05-06,1610612759,SAS,1641705,Victor Wembanyama,1610612750,MIN,203497,Rudy Gobert,330,29.9,49.92436,53.48460000000001,69.6,8,25,1,0,0,0,3,8,37.5,2,6,33.300000000000004,0,0,0,0,0,0,0,nba_boxscorematchupsv3
1,2025-26,Playoffs,Western Conference Semifinals,2026_min_sas_api_20261005,0042500232,2,2026-05-06,1610612759,SAS,1641705,Victor Wembanyama,1610612750,MIN,1630538,Bones Hyland,22,0.5,7.45763,3.5656399999999997,13.200000000000001,0,0,0,0,0,0,0,0,0.0,0,0,0.0,0,0,0,0,0,0,0,nba_boxscorematchupsv3
1,2025-26,Playoffs,Western Conference Semifinals,2026_min_sas_api_20261005,0042500232,2,2026-05-06,1610612759,SAS,1641705,Victor Wembanyama,1610612750,MIN,1630183,Jaden McDaniels,34,4.1,7.58929,5.51053,11.600000000000001,2,10,0,0,0,0,1,3,33.300000000000004,0,0,0.0,0,0,0,0,0,0,0,nba_boxscorematchupsv3
1,2025-26,Playoffs,Western Conference Semifinals,2026_min_sas_api_20261005,0042500232,2,2026-05-06,1610612759,SAS,1641705,Victor Wembanyama,1610612750,MIN,203944,Julius Randle,113,8.1,19.652169999999998,18.314420000000002,24.8,2,12,0,0,0,0,1,1,100.0,0,0,0.0,0,0,0,0,0,0,0,nba_boxscorematchupsv3
1,2025-26,Playoffs,Western Conference Semifinals,2026_min_sas_api_20261005,0042500232,2,2026-05-06,1610612759,SAS,1641705,Victor Wembanyama,1610612750,MIN,1629675,Naz Reid,40,5.1,7.92079,6.48298,12.9,2,6,0,0,0,0,0,0,0.0,0,0,0.0,2,2,1,0,0,0,0,nba_boxscorematchupsv3
1,2025-26,Playoffs,Western Conference Semifinals,2026_min_sas_api_20261005,0042500232,2,2026-05-06,1610612759,SAS,1641705,Victor Wembanyama,1610612750,MIN,1630545,Terrence Shannon Jr,5,2.0,0.93633,0.81037,3.8,3,3,0,0,0,0,1,1,100.0,0,0,0.0,1,1,1,0,0,0,0,nba_boxscorematchupsv3
1,2025-26,Playoffs,Western Conference Semifinals,2026_min_sas_api_20261005,0042500232,2,2026-05-06,1610612759,SAS,1628368,De'Aaron Fox,1610612750,MIN,203937,Kyle Anderson,7,0.4,1.7199,1.1725299999999999,4.8,0,2,0,0,0,0,0,0,0.0,0,0,0.0,0,0,0,0,0,0,0,nba_boxscorematchupsv3
1,2025-26,Playoffs,Western Conference Semifinals,2026_min_sas_api_20261005,0042500232,2,2026-05-06,1610612759,SAS,1628368,De'Aaron Fox,1610612750,MIN,1641740,Jaylen Clark,30,2.8,8.42697,5.02513,62.7,2,2,0,0,0,0,0,0,0.0,0,0,0.0,2,3,1,0,0,0,0,nba_boxscorematchupsv3
1,2025-26,Playoffs,Western Conference Semifinals,2026_min_sas_api_20261005,0042500232,2,2026-05-06,1610612759,SAS,1628368,De'Aaron Fox,1610612750,MIN,201144,Mike Conley,29,3.9,8.30946,4.85762,14.2,0,1,0,0,0,0,0,0,0.0,0,0,0.0,0,0,0,0,0,0,0,nba_boxscorematchupsv3
1,2025-26,Playoffs,Western Conference Semifinals,2026_min_sas_api_20261005,0042500232,2,2026-05-06,1610612759,SAS,1628368,De'Aaron Fox,1610612750,MIN,1630245,Ayo Dosunmu,68,5.8,30.90909,11.39028,40.9,0,2,0,0,0,1,0,1,0.0,0,0,0.0,0,0,0,0,0,0,0,nba_boxscorematchupsv3
1,2025-26,Playoffs,Western Conference Semifinals,2026_min_sas_api_20261005,0042500232,2,2026-05-06,1610612759,SAS,1628368,De'Aaron Fox,1610612750,MIN,1630162,Anthony Edwards,53,5.2,9.833020000000001,8.87772,17.0,0,5,0,0,0,0,0,1,0.0,0,0,0.0,0,0,0,0,0,0,0,nba_boxscorematchupsv3
1,2025-26,Playoffs,Western Conference Semifinals,2026_min_sas_api_20261005,0042500232,2,2026-05-06,1610612759,SAS,1628368,De'Aaron Fox,1610612750,MIN,203497,Rudy Gobert,53,3.8,8.01815,8.87772,10.6,9,9,0,0,1,0,4,4,100.0,1,1,100.0,0,0,0,0,0,0,0,nba_boxscorematchupsv3
1,2025-26,Playoffs,Western Conference Semifinals,2026_min_sas_api_20261005,0042500232,2,2026-05-06,1610612759,SAS,1628368,De'Aaron Fox,1610612750,MIN,1630538,Bones Hyland,92,8.4,31.186439999999997,15.41039,53.5,0,13,1,0,0,0,0,1,0.0,0,0,0.0,0,0,0,0,0,0,0,nba_boxscorematchupsv3
1,2025-26,Playoffs,Western Conference Semifinals,2026_min_sas_api_20261005,0042500232,2,2026-05-06,1610612759,SAS,1628368,De'Aaron Fox,1610612750,MIN,1630183,Jaden McDaniels,158,11.6,35.26786,26.465660000000003,49.1,0,7,0,0,0,0,0,1,0.0,0,0,0.0,0,0,0,0,0,0,0,nba_boxscorematchupsv3
1,2025-26,Playoffs,Western Conference Semifinals,2026_min_sas_api_20261005,0042500232,2,2026-05-06,1610612759,SAS,1628368,De'Aaron Fox,1610612750,MIN,203944,Julius Randle,55,4.6,9.56522,9.212729999999999,12.7,0,10,0,0,0,0,0,0,0.0,0,0,0.0,0,0,0,0,0,0,0,nba_boxscorematchupsv3
1,2025-26,Playoffs,Western Conference Semifinals,2026_min_sas_api_20261005,0042500232,2,2026-05-06,1610612759,SAS,1628368,De'Aaron Fox,1610612750,MIN,1629675,Naz Reid,39,4.4,7.72277,6.53266,13.0,3,6,0,0,0,0,1,1,100.0,1,1,100.0,0,0,0,0,0,0,0,nba_boxscorematchupsv3
1,2025-26,Playoffs,Western Conference Semifinals,2026_min_sas_api_20261005,0042500232,2,2026-05-06,1610612759,SAS,1628368,De'Aaron Fox,1610612750,MIN,1630545,Terrence Shannon Jr,13,2.5,2.43446,2.17755,5.4,2,2,0,0,0,0,0,0,0.0,0,0,0.0,2,2,0,0,0,0,0,nba_boxscorematchupsv3
1,2025-26,Playoffs,Western Conference Semifinals,2026_min_sas_api_20261005,0042500232,2,2026-05-06,1610612759,SAS,1642264,Stephon Castle,1610612750,MIN,1641740,Jaylen Clark,36,2.6,10.112359999999999,6.7289699999999995,62.1,2,2,0,0,1,0,1,1,100.0,0,0,0.0,0,0,0,0,0,0,0,nba_boxscorematchupsv3
1,2025-26,Playoffs,Western Conference Semifinals,2026_min_sas_api_20261005,0042500232,2,2026-05-06,1610612759,SAS,1642264,Stephon Castle,1610612750,MIN,201144,Mike Conley,34,3.9,9.74212,6.35514,13.600000000000001,2,6,0,0,0,0,1,3,33.300000000000004,0,1,0.0,0,0,0,0,0,0,0,nba_boxscorematchupsv3
1,2025-26,Playoffs,Western Conference Semifinals,2026_min_sas_api_20261005,0042500232,2,2026-05-06,1610612759,SAS,1642264,Stephon Castle,1610612750,MIN,1630245,Ayo Dosunmu,30,1.3,13.63636,5.60748,21.7,0,2,0,0,0,0,0,0,0.0,0,0,0.0,0,0,0,0,0,0,0,nba_boxscorematchupsv3
1,2025-26,Playoffs,Western Conference Semifinals,2026_min_sas_api_20261005,0042500232,2,2026-05-06,1610612759,SAS,1642264,Stephon Castle,1610612750,MIN,1630162,Anthony Edwards,59,9.1,10.946200000000001,11.02804,33.2,2,6,0,0,0,0,0,0,0.0,0,0,0.0,2,2,1,0,0,0,0,nba_boxscorematchupsv3
1,2025-26,Playoffs,Western Conference Semifinals,2026_min_sas_api_20261005,0042500232,2,2026-05-06,1610612759,SAS,1642264,Stephon Castle,1610612750,MIN,203497,Rudy Gobert,19,2.2,2.8744300000000003,3.5513999999999997,5.1,2,2,1,0,1,0,1,2,50.0,0,0,0.0,0,0,0,0,0,0,0,nba_boxscorematchupsv3
1,2025-26,Playoffs,Western Conference Semifinals,2026_min_sas_api_20261005,0042500232,2,2026-05-06,1610612759,SAS,1642264,Stephon Castle,1610612750,MIN,1630538,Bones Hyland,26,0.8,8.813559999999999,4.8598099999999995,21.3,2,2,0,0,0,0,1,1,100.0,0,0,0.0,0,0,0,0,0,0,0,nba_boxscorematchupsv3
1,2025-26,Playoffs,Western Conference Semifinals,2026_min_sas_api_20261005,0042500232,2,2026-05-06,1610612759,SAS,1642264,Stephon Castle,1610612750,MIN,1630183,Jaden McDaniels,97,11.6,21.651790000000002,18.13084,22.900000000000002,7,10,1,0,1,0,1,2,50.0,0,0,0.0,5,5,3,0,0,0,0,nba_boxscorematchupsv3
1,2025-26,Playoffs,Western Conference Semifinals,2026_min_sas_api_20261005,0042500232,2,2026-05-06,1610612759,SAS,1642264,Stephon Castle,1610612750,MIN,203944,Julius Randle,160,13.1,27.826089999999997,29.90654,30.8,2,17,0,0,1,0,1,1,100.0,0,0,0.0,0,0,0,0,0,0,0,nba_boxscorematchupsv3
1,2025-26,Playoffs,Western Conference Semifinals,2026_min_sas_api_20261005,0042500232,2,2026-05-06,1610612759,SAS,1642264,Stephon Castle,1610612750,MIN,1629675,Naz Reid,15,2.1,2.9703,2.80374,6.7,0,2,0,0,0,0,0,0,0.0,0,0,0.0,0,0,0,0,0,0,0,nba_boxscorematchupsv3
1,2025-26,Playoffs,Western Conference Semifinals,2026_min_sas_api_20261005,0042500232,2,2026-05-06,1610612759,SAS,1642264,Stephon Castle,1610612750,MIN,1630545,Terrence Shannon Jr,59,6.5,11.04869,11.02804,16.6,2,10,1,0,0,0,0,0,0.0,0,0,0.0,2,2,1,0,0,0,0,nba_boxscorematchupsv3
1,2025-26,Playoffs,Western Conference Semifinals,2026_min_sas_api_20261005,0042500232,2,2026-05-06,1610612759,SAS,1642844,Dylan Harper,1610612750,MIN,203937,Kyle Anderson,2,0.3,0.4914,0.42194,4.3,0,0,0,0,0,0,0,0,0.0,0,0,0.0,0,0,0,0,0,0,0,nba_boxscorematchupsv3
1,2025-26,Playoffs,Western Conference Semifinals,2026_min_sas_api_20261005,0042500232,2,2026-05-06,1610612759,SAS,1642844,Dylan Harper,1610612750,MIN,1641740,Jaylen Clark,17,1.0,4.7752799999999995,3.5865,19.0,2,2,0,0,0,0,1,1,100.0,0,0,0.0,0,0,0,0,0,0,0,nba_boxscorematchupsv3
1,2025-26,Playoffs,Western Conference Semifinals,2026_min_sas_api_20261005,0042500232,2,2026-05-06,1610612759,SAS,1642844,Dylan Harper,1610612750,MIN,201144,Mike Conley,12,1.4,3.4383999999999997,2.53165,37.5,0,0,0,0,1,0,0,0,0.0,0,0,0.0,0,0,0,0,0,0,0,nba_boxscorematchupsv3
1,2025-26,Playoffs,Western Conference Semifinals,2026_min_sas_api_20261005,0042500232,2,2026-05-06,1610612759,SAS,1642844,Dylan Harper,1610612750,MIN,1630245,Ayo Dosunmu,51,4.0,23.181820000000002,10.75949,28.499999999999996,0,1,1,0,0,0,0,0,0.0,0,0,0.0,0,0,0,0,0,0,0,nba_boxscorematchupsv3
1,2025-26,Playoffs,Western Conference Semifinals,2026_min_sas_api_20261005,0042500232,2,2026-05-06,1610612759,SAS,1642844,Dylan Harper,1610612750,MIN,1630162,Anthony Edwards,137,14.6,25.417440000000003,28.90295,33.800000000000004,0,19,2,0,0,0,0,0,0.0,0,0,0.0,0,0,0,0,0,0,0,nba_boxscorematchupsv3
1,2025-26,Playoffs,Western Conference Semifinals,2026_min_sas_api_20261005,0042500232,2,2026-05-06,1610612759,SAS,1642844,Dylan Harper,1610612750,MIN,203497,Rudy Gobert,16,3.1,2.42057,3.3755300000000004,6.7,0,0,0,0,0,0,0,1,0.0,0,0,0.0,0,0,0,0,0,0,0,nba_boxscorematchupsv3
1,2025-26,Playoffs,Western Conference Semifinals,2026_min_sas_api_20261005,0042500232,2,2026-05-06,1610612759,SAS,1642844,Dylan Harper,1610612750,MIN,1630538,Bones Hyland,54,6.8,18.30508,11.39241,28.000000000000004,3,3,0,0,1,0,1,2,50.0,1,1,100.0,0,0,0,0,0,0,0,nba_boxscorematchupsv3
1,2025-26,Playoffs,Western Conference Semifinals,2026_min_sas_api_20261005,0042500232,2,2026-05-06,1610612759,SAS,1642844,Dylan Harper,1610612750,MIN,204060,Joe Ingles,4,0.4,1.53257,0.84388,7.9,0,0,0,0,0,0,0,0,0.0,0,0,0.0,0,0,0,0,0,0,0,nba_boxscorematchupsv3
1,2025-26,Playoffs,Western Conference Semifinals,2026_min_sas_api_20261005,0042500232,2,2026-05-06,1610612759,SAS,1642844,Dylan Harper,1610612750,MIN,1630183,Jaden McDaniels,52,6.1,11.607140000000001,10.97046,29.599999999999998,2,10,0,0,0,0,1,2,50.0,0,1,0.0,0,0,0,0,0,0,0,nba_boxscorematchupsv3
1,2025-26,Playoffs,Western Conference Semifinals,2026_min_sas_api_20261005,0042500232,2,2026-05-06,1610612759,SAS,1642844,Dylan Harper,1610612750,MIN,203944,Julius Randle,17,2.9,2.95652,3.5865,11.3,2,2,0,0,0,0,1,1,100.0,0,0,0.0,0,0,0,0,0,0,0,nba_boxscorematchupsv3
1,2025-26,Playoffs,Western Conference Semifinals,2026_min_sas_api_20261005,0042500232,2,2026-05-06,1610612759,SAS,1642844,Dylan Harper,1610612750,MIN,1629675,Naz Reid,14,0.8,2.77228,2.95359,3.4000000000000004,0,3,0,0,0,0,0,0,0.0,0,0,0.0,0,0,0,0,0,0,0,nba_boxscorematchupsv3
1,2025-26,Playoffs,Western Conference Semifinals,2026_min_sas_api_20261005,0042500232,2,2026-05-06,1610612759,SAS,1642844,Dylan Harper,1610612750,MIN,1630545,Terrence Shannon Jr,98,9.6,18.35206,20.67511,32.6,2,13,0,0,0,0,1,3,33.300000000000004,0,1,0.0,0,0,0,0,0,0,0,nba_boxscorematchupsv3
1,2025-26,Playoffs,Western Conference Semifinals,2026_min_sas_api_20261005,0042500232,2,2026-05-06,1610612759,SAS,1629640,Keldon Johnson,1610612750,MIN,203937,Kyle Anderson,28,3.1,6.87961,6.7146300000000005,58.699999999999996,0,3,0,0,0,0,0,0,0.0,0,0,0.0,0,0,0,0,0,0,0,nba_boxscorematchupsv3
1,2025-26,Playoffs,Western Conference Semifinals,2026_min_sas_api_20261005,0042500232,2,2026-05-06,1610612759,SAS,1629640,Keldon Johnson,1610612750,MIN,201144,Mike Conley,3,0.5,0.8595999999999999,0.7194200000000001,5.2,0,2,0,0,0,0,0,0,0.0,0,0,0.0,0,0,0,0,0,0,0,nba_boxscorematchupsv3
1,2025-26,Playoffs,Western Conference Semifinals,2026_min_sas_api_20261005,0042500232,2,2026-05-06,1610612759,SAS,1629640,Keldon Johnson,1610612750,MIN,1630245,Ayo Dosunmu,17,3.5,7.72727,4.07674,13.4,0,2,1,0,0,0,0,1,0.0,0,0,0.0,0,0,0,0,0,0,0,nba_boxscorematchupsv3
1,2025-26,Playoffs,Western Conference Semifinals,2026_min_sas_api_20261005,0042500232,2,2026-05-06,1610612759,SAS,1629640,Keldon Johnson,1610612750,MIN,1630162,Anthony Edwards,25,3.1,4.63822,5.9952,7.000000000000001,0,4,0,0,0,0,0,1,0.0,0,0,0.0,0,0,0,0,0,0,0,nba_boxscorematchupsv3
1,2025-26,Playoffs,Western Conference Semifinals,2026_min_sas_api_20261005,0042500232,2,2026-05-06,1610612759,SAS,1629640,Keldon Johnson,1610612750,MIN,203497,Rudy Gobert,16,1.9,2.42057,3.83693,7.000000000000001,2,3,0,0,0,0,1,2,50.0,0,1,0.0,0,0,0,0,0,0,0,nba_boxscorematchupsv3
1,2025-26,Playoffs,Western Conference Semifinals,2026_min_sas_api_20261005,0042500232,2,2026-05-06,1610612759,SAS,1629640,Keldon Johnson,1610612750,MIN,1630538,Bones Hyland,22,2.2,7.45763,5.27578,10.5,2,7,0,0,0,0,1,2,50.0,0,0,0.0,0,0,0,0,0,0,0,nba_boxscorematchupsv3
1,2025-26,Playoffs,Western Conference Semifinals,2026_min_sas_api_20261005,0042500232,2,2026-05-06,1610612759,SAS,1629640,Keldon Johnson,1610612750,MIN,1630183,Jaden McDaniels,12,1.5,2.67857,2.8777,8.7,1,1,0,0,0,1,0,1,0.0,0,0,0.0,1,2,1,0,0,0,0,nba_boxscorematchupsv3
1,2025-26,Playoffs,Western Conference Semifinals,2026_min_sas_api_20261005,0042500232,2,2026-05-06,1610612759,SAS,1629640,Keldon Johnson,1610612750,MIN,203944,Julius Randle,85,11.1,14.782609999999998,20.383689999999998,35.699999999999996,1,12,0,0,0,0,0,0,0.0,0,0,0.0,1,2,1,0,0,0,0,nba_boxscorematchupsv3
1,2025-26,Playoffs,Western Conference Semifinals,2026_min_sas_api_20261005,0042500232,2,2026-05-06,1610612759,SAS,1629640,Keldon Johnson,1610612750,MIN,1629675,Naz Reid,187,13.1,37.0297,44.84412,58.3,1,14,0,0,1,0,0,1,0.0,0,0,0.0,1,2,1,0,0,0,0,nba_boxscorematchupsv3
1,2025-26,Playoffs,Western Conference Semifinals,2026_min_sas_api_20261005,0042500232,2,2026-05-06,1610612759,SAS,1629640,Keldon Johnson,1610612750,MIN,1630545,Terrence Shannon Jr,22,2.8,4.11985,5.27578,11.700000000000001,2,2,0,0,0,0,0,0,0.0,0,0,0.0,2,2,1,0,0,0,0,nba_boxscorematchupsv3
1,2025-26,Playoffs,Western Conference Semifinals,2026_min_sas_api_20261005,0042500232,2,2026-05-06,1610612759,SAS,1628436,Luke Kornet,1610612750,MIN,203937,Kyle Anderson,14,1.3,3.4398,5.03597,18.8,0,3,0,0,0,0,0,0,0.0,0,0,0.0,0,0,0,0,0,0,0,nba_boxscorematchupsv3
1,2025-26,Playoffs,Western Conference Semifinals,2026_min_sas_api_20261005,0042500232,2,2026-05-06,1610612759,SAS,1628436,Luke Kornet,1610612750,MIN,1630245,Ayo Dosunmu,8,0.4,3.6363600000000003,2.8777,10.100000000000001,0,3,0,0,0,0,0,0,0.0,0,0,0.0,0,0,0,0,0,0,0,nba_boxscorematchupsv3
1,2025-26,Playoffs,Western Conference Semifinals,2026_min_sas_api_20261005,0042500232,2,2026-05-06,1610612759,SAS,1628436,Luke Kornet,1610612750,MIN,1630162,Anthony Edwards,14,2.2,2.5974,5.03597,6.800000000000001,0,2,0,0,0,0,0,0,0.0,0,0,0.0,0,0,0,0,0,0,0,nba_boxscorematchupsv3
1,2025-26,Playoffs,Western Conference Semifinals,2026_min_sas_api_20261005,0042500232,2,2026-05-06,1610612759,SAS,1628436,Luke Kornet,1610612750,MIN,203497,Rudy Gobert,157,17.5,23.75189,56.47482,66.9,2,15,1,0,0,0,1,1,100.0,0,0,0.0,0,0,0,0,0,0,0,nba_boxscorematchupsv3
1,2025-26,Playoffs,Western Conference Semifinals,2026_min_sas_api_20261005,0042500232,2,2026-05-06,1610612759,SAS,1628436,Luke Kornet,1610612750,MIN,1630538,Bones Hyland,11,1.1,3.7288099999999997,3.95683,4.5,0,2,0,0,0,0,0,0,0.0,0,0,0.0,0,0,0,0,0,0,0,nba_boxscorematchupsv3
1,2025-26,Playoffs,Western Conference Semifinals,2026_min_sas_api_20261005,0042500232,2,2026-05-06,1610612759,SAS,1628436,Luke Kornet,1610612750,MIN,1630183,Jaden McDaniels,11,1.0,2.4553599999999998,3.95683,29.099999999999998,0,0,0,0,0,0,0,0,0.0,0,0,0.0,0,0,0,0,0,0,0,nba_boxscorematchupsv3
1,2025-26,Playoffs,Western Conference Semifinals,2026_min_sas_api_20261005,0042500232,2,2026-05-06,1610612759,SAS,1628436,Luke Kornet,1610612750,MIN,203944,Julius Randle,31,2.9,5.3913,11.151079999999999,22.3,0,3,0,0,0,0,0,0,0.0,0,0,0.0,0,0,0,0,0,0,0,nba_boxscorematchupsv3
1,2025-26,Playoffs,Western Conference Semifinals,2026_min_sas_api_20261005,0042500232,2,2026-05-06,1610612759,SAS,1628436,Luke Kornet,1610612750,MIN,1629675,Naz Reid,26,1.9,5.14851,9.35252,13.4,2,6,0,0,0,0,0,0,0.0,0,0,0.0,2,2,0,0,0,0,0,nba_boxscorematchupsv3
1,2025-26,Playoffs,Western Conference Semifinals,2026_min_sas_api_20261005,0042500232,2,2026-05-06,1610612759,SAS,1628436,Luke Kornet,1610612750,MIN,1630545,Terrence Shannon Jr,6,1.4,1.1236,2.15827,6.5,0,0,0,0,0,0,0,0,0.0,0,0,0.0,0,0,0,0,0,0,0,nba_boxscorematchupsv3
1,2025-26,Playoffs,Western Conference Semifinals,2026_min_sas_api_20261005,0042500232,2,2026-05-06,1610612759,SAS,1642868,Carter Bryant,1610612750,MIN,203937,Kyle Anderson,21,2.0,5.15971,5.412369999999999,6.9,0,4,0,0,0,0,0,0,0.0,0,0,0.0,0,0,0,0,0,0,0,nba_boxscorematchupsv3
1,2025-26,Playoffs,Western Conference Semifinals,2026_min_sas_api_20261005,0042500232,2,2026-05-06,1610612759,SAS,1642868,Carter Bryant,1610612750,MIN,1642866,Joan Beringer,7,0.4,3.1531499999999997,1.80412,4.8,0,0,0,0,0,0,0,0,0.0,0,0,0.0,0,0,0,0,0,0,0,nba_boxscorematchupsv3
1,2025-26,Playoffs,Western Conference Semifinals,2026_min_sas_api_20261005,0042500232,2,2026-05-06,1610612759,SAS,1642868,Carter Bryant,1610612750,MIN,1641740,Jaylen Clark,9,1.9,2.5280899999999997,2.31959,4.8,0,4,0,0,0,0,0,0,0.0,0,0,0.0,0,0,0,0,0,0,0,nba_boxscorematchupsv3
1,2025-26,Playoffs,Western Conference Semifinals,2026_min_sas_api_20261005,0042500232,2,2026-05-06,1610612759,SAS,1642868,Carter Bryant,1610612750,MIN,201144,Mike Conley,18,1.5,5.15759,4.63918,26.5,0,3,0,0,0,0,0,0,0.0,0,0,0.0,0,0,0,0,0,0,0,nba_boxscorematchupsv3
1,2025-26,Playoffs,Western Conference Semifinals,2026_min_sas_api_20261005,0042500232,2,2026-05-06,1610612759,SAS,1642868,Carter Bryant,1610612750,MIN,1630245,Ayo Dosunmu,5,0.8,2.2727299999999997,1.28866,21.4,2,5,0,0,0,0,1,1,100.0,0,0,0.0,0,0,0,0,0,0,0,nba_boxscorematchupsv3
1,2025-26,Playoffs,Western Conference Semifinals,2026_min_sas_api_20261005,0042500232,2,2026-05-06,1610612759,SAS,1642868,Carter Bryant,1610612750,MIN,1630162,Anthony Edwards,46,6.2,8.53432,11.85567,33.300000000000004,0,7,0,0,0,0,0,0,0.0,0,0,0.0,0,0,0,0,0,0,0,nba_boxscorematchupsv3
1,2025-26,Playoffs,Western Conference Semifinals,2026_min_sas_api_20261005,0042500232,2,2026-05-06,1610612759,SAS,1642868,Carter Bryant,1610612750,MIN,203497,Rudy Gobert,27,1.2,4.08472,6.95876,20.5,0,0,0,0,1,0,0,0,0.0,0,0,0.0,0,0,0,0,0,0,0,nba_boxscorematchupsv3
1,2025-26,Playoffs,Western Conference Semifinals,2026_min_sas_api_20261005,0042500232,2,2026-05-06,1610612759,SAS,1642868,Carter Bryant,1610612750,MIN,1630538,Bones Hyland,2,0.1,0.67797,0.5154599999999999,2.3,0,2,0,0,0,0,0,0,0.0,0,0,0.0,0,0,0,0,0,0,0,nba_boxscorematchupsv3
1,2025-26,Playoffs,Western Conference Semifinals,2026_min_sas_api_20261005,0042500232,2,2026-05-06,1610612759,SAS,1642868,Carter Bryant,1610612750,MIN,204060,Joe Ingles,94,6.1,36.01533,24.2268,51.5,0,11,1,0,0,0,0,0,0.0,0,0,0.0,0,0,0,0,0,0,0,nba_boxscorematchupsv3
1,2025-26,Playoffs,Western Conference Semifinals,2026_min_sas_api_20261005,0042500232,2,2026-05-06,1610612759,SAS,1642868,Carter Bryant,1610612750,MIN,1630183,Jaden McDaniels,18,0.7,4.01786,4.63918,16.1,0,0,0,0,0,0,0,1,0.0,0,1,0.0,0,2,1,0,0,0,0,nba_boxscorematchupsv3
1,2025-26,Playoffs,Western Conference Semifinals,2026_min_sas_api_20261005,0042500232,2,2026-05-06,1610612759,SAS,1642868,Carter Bryant,1610612750,MIN,1641763,Julian Phillips,48,4.8,18.53282,12.371129999999999,32.0,0,6,0,0,0,0,0,0,0.0,0,0,0.0,0,0,0,0,0,0,0,nba_boxscorematchupsv3
1,2025-26,Playoffs,Western Conference Semifinals,2026_min_sas_api_20261005,0042500232,2,2026-05-06,1610612759,SAS,1642868,Carter Bryant,1610612750,MIN,203944,Julius Randle,17,1.9,2.95652,4.3814400000000004,14.299999999999999,0,2,1,0,0,0,0,1,0.0,0,1,0.0,0,0,0,0,0,0,0,nba_boxscorematchupsv3
1,2025-26,Playoffs,Western Conference Semifinals,2026_min_sas_api_20261005,0042500232,2,2026-05-06,1610612759,SAS,1642868,Carter Bryant,1610612750,MIN,1629675,Naz Reid,57,3.8,11.28713,14.690719999999999,27.500000000000004,0,5,0,0,0,0,0,0,0.0,0,0,0.0,0,0,0,0,0,0,0,nba_boxscorematchupsv3
1,2025-26,Playoffs,Western Conference Semifinals,2026_min_sas_api_20261005,0042500232,2,2026-05-06,1610612759,SAS,1642868,Carter Bryant,1610612750,MIN,1630545,Terrence Shannon Jr,19,1.9,3.55805,4.89691,17.9,0,0,0,0,0,0,0,0,0.0,0,0,0.0,0,0,0,0,0,0,0,nba_boxscorematchupsv3
1,2025-26,Playoffs,Western Conference Semifinals,2026_min_sas_api_20261005,0042500232,2,2026-05-06,1610612759,SAS,203084,Harrison Barnes,1610612750,MIN,203937,Kyle Anderson,75,4.9,18.42752,19.23077,32.5,0,3,0,0,0,0,0,1,0.0,0,1,0.0,0,0,0,0,0,0,0,nba_boxscorematchupsv3
1,2025-26,Playoffs,Western Conference Semifinals,2026_min_sas_api_20261005,0042500232,2,2026-05-06,1610612759,SAS,203084,Harrison Barnes,1610612750,MIN,1642866,Joan Beringer,23,2.2,10.36036,5.8974400000000005,20.0,0,5,0,0,0,0,0,0,0.0,0,0,0.0,0,0,0,0,0,0,0,nba_boxscorematchupsv3
1,2025-26,Playoffs,Western Conference Semifinals,2026_min_sas_api_20261005,0042500232,2,2026-05-06,1610612759,SAS,203084,Harrison Barnes,1610612750,MIN,1641740,Jaylen Clark,6,0.6,1.6853900000000002,1.53846,2.4,2,2,0,0,0,0,1,1,100.0,0,0,0.0,0,0,0,0,0,0,0,nba_boxscorematchupsv3
1,2025-26,Playoffs,Western Conference Semifinals,2026_min_sas_api_20261005,0042500232,2,2026-05-06,1610612759,SAS,203084,Harrison Barnes,1610612750,MIN,201144,Mike Conley,2,0.2,0.57307,0.51282,2.1,0,0,0,0,0,0,0,0,0.0,0,0,0.0,0,0,0,0,0,0,0,nba_boxscorematchupsv3
1,2025-26,Playoffs,Western Conference Semifinals,2026_min_sas_api_20261005,0042500232,2,2026-05-06,1610612759,SAS,203084,Harrison Barnes,1610612750,MIN,1630245,Ayo Dosunmu,3,0.7,1.36364,0.76923,21.099999999999998,0,0,0,0,0,0,0,0,0.0,0,0,0.0,0,0,0,0,0,0,0,nba_boxscorematchupsv3
1,2025-26,Playoffs,Western Conference Semifinals,2026_min_sas_api_20261005,0042500232,2,2026-05-06,1610612759,SAS,203084,Harrison Barnes,1610612750,MIN,1630162,Anthony Edwards,42,1.3,7.792209999999999,10.76923,18.5,0,6,0,0,0,0,0,0,0.0,0,0,0.0,0,0,0,0,0,0,0,nba_boxscorematchupsv3
1,2025-26,Playoffs,Western Conference Semifinals,2026_min_sas_api_20261005,0042500232,2,2026-05-06,1610612759,SAS,203084,Harrison Barnes,1610612750,MIN,203497,Rudy Gobert,13,0.9,1.96672,3.33333,8.9,0,5,0,0,0,0,0,0,0.0,0,0,0.0,0,0,0,0,0,0,0,nba_boxscorematchupsv3
1,2025-26,Playoffs,Western Conference Semifinals,2026_min_sas_api_20261005,0042500232,2,2026-05-06,1610612759,SAS,203084,Harrison Barnes,1610612750,MIN,204060,Joe Ingles,42,3.7,16.09195,10.76923,24.8,3,3,0,0,0,0,1,1,100.0,1,1,100.0,0,0,0,0,0,0,0,nba_boxscorematchupsv3
1,2025-26,Playoffs,Western Conference Semifinals,2026_min_sas_api_20261005,0042500232,2,2026-05-06,1610612759,SAS,203084,Harrison Barnes,1610612750,MIN,1630183,Jaden McDaniels,8,0.4,1.7857100000000001,2.05128,7.7,0,0,0,0,0,0,0,0,0.0,0,0,0.0,0,0,0,0,0,0,0,nba_boxscorematchupsv3
1,2025-26,Playoffs,Western Conference Semifinals,2026_min_sas_api_20261005,0042500232,2,2026-05-06,1610612759,SAS,203084,Harrison Barnes,1610612750,MIN,1641763,Julian Phillips,75,5.4,28.95753,19.23077,40.300000000000004,7,17,0,0,1,0,2,3,66.7,1,2,50.0,2,2,1,0,0,0,0,nba_boxscorematchupsv3
1,2025-26,Playoffs,Western Conference Semifinals,2026_min_sas_api_20261005,0042500232,2,2026-05-06,1610612759,SAS,203084,Harrison Barnes,1610612750,MIN,203944,Julius Randle,38,4.8,6.608700000000001,9.743590000000001,34.300000000000004,0,4,0,0,0,0,0,0,0.0,0,0,0.0,0,0,0,0,0,0,0,nba_boxscorematchupsv3
1,2025-26,Playoffs,Western Conference Semifinals,2026_min_sas_api_20261005,0042500232,2,2026-05-06,1610612759,SAS,203084,Harrison Barnes,1610612750,MIN,1629675,Naz Reid,50,5.8,9.90099,12.820509999999999,29.7,0,2,0,0,0,0,0,0,0.0,0,0,0.0,0,0,0,0,0,0,0,nba_boxscorematchupsv3
1,2025-26,Playoffs,Western Conference Semifinals,2026_min_sas_api_20261005,0042500232,2,2026-05-06,1610612759,SAS,203084,Harrison Barnes,1610612750,MIN,1630545,Terrence Shannon Jr,13,1.5,2.43446,3.33333,10.7,0,4,0,0,0,0,0,1,0.0,0,1,0.0,0,0,0,0,0,0,0,nba_boxscorematchupsv3
1,2025-26,Playoffs,Western Conference Semifinals,2026_min_sas_api_20261005,0042500232,2,2026-05-06,1610612759,SAS,1629162,Jordan McLaughlin,1610612750,MIN,203937,Kyle Anderson,24,2.0,5.89681,9.30233,9.2,0,4,0,0,0,0,0,0,0.0,0,0,0.0,0,0,0,0,0,0,0,nba_boxscorematchupsv3
1,2025-26,Playoffs,Western Conference Semifinals,2026_min_sas_api_20261005,0042500232,2,2026-05-06,1610612759,SAS,1629162,Jordan McLaughlin,1610612750,MIN,1642866,Joan Beringer,11,0.6,4.95495,4.26357,3.8,0,0,0,0,0,0,0,0,0.0,0,0,0.0,0,0,0,0,0,0,0,nba_boxscorematchupsv3
1,2025-26,Playoffs,Western Conference Semifinals,2026_min_sas_api_20261005,0042500232,2,2026-05-06,1610612759,SAS,1629162,Jordan McLaughlin,1610612750,MIN,1641740,Jaylen Clark,176,13.6,49.4382,68.21705,69.0,0,19,1,0,0,0,0,0,0.0,0,0,0.0,0,0,0,0,0,0,0,nba_boxscorematchupsv3
1,2025-26,Playoffs,Western Conference Semifinals,2026_min_sas_api_20261005,0042500232,2,2026-05-06,1610612759,SAS,1629162,Jordan McLaughlin,1610612750,MIN,204060,Joe Ingles,7,0.6,2.68199,2.71318,2.1,2,2,0,0,0,0,1,1,100.0,0,0,0.0,0,0,0,0,0,0,0,nba_boxscorematchupsv3
1,2025-26,Playoffs,Western Conference Semifinals,2026_min_sas_api_20261005,0042500232,2,2026-05-06,1610612759,SAS,1629162,Jordan McLaughlin,1610612750,MIN,1641763,Julian Phillips,33,3.4,12.74131,12.7907,12.7,0,0,1,0,0,0,0,0,0.0,0,0,0.0,0,0,0,0,0,0,0,nba_boxscorematchupsv3
1,2025-26,Playoffs,Western Conference Semifinals,2026_min_sas_api_20261005,0042500232,2,2026-05-06,1610612759,SAS,1629162,Jordan McLaughlin,1610612750,MIN,1630545,Terrence Shannon Jr,7,0.1,1.31086,2.71318,17.9,0,0,0,0,0,0,0,0,0.0,0,0,0.0,0,0,0,0,0,0,0,nba_boxscorematchupsv3
1,2025-26,Playoffs,Western Conference Semifinals,2026_min_sas_api_20261005,0042500232,2,2026-05-06,1610612759,SAS,203482,Kelly Olynyk,1610612750,MIN,203937,Kyle Anderson,92,5.3,22.60442,35.52124,31.900000000000002,0,6,0,0,1,0,0,1,0.0,0,1,0.0,0,0,0,0,0,0,0,nba_boxscorematchupsv3
1,2025-26,Playoffs,Western Conference Semifinals,2026_min_sas_api_20261005,0042500232,2,2026-05-06,1610612759,SAS,203482,Kelly Olynyk,1610612750,MIN,1642866,Joan Beringer,81,6.0,36.486489999999996,31.27413,34.599999999999994,3,6,1,0,0,0,1,1,100.0,1,1,100.0,0,0,0,0,0,0,0,nba_boxscorematchupsv3
1,2025-26,Playoffs,Western Conference Semifinals,2026_min_sas_api_20261005,0042500232,2,2026-05-06,1610612759,SAS,203482,Kelly Olynyk,1610612750,MIN,1641740,Jaylen Clark,18,2.2,5.0561799999999995,6.949809999999999,6.9,0,4,0,0,0,0,0,0,0.0,0,0,0.0,0,0,0,0,0,0,0,nba_boxscorematchupsv3
1,2025-26,Playoffs,Western Conference Semifinals,2026_min_sas_api_20261005,0042500232,2,2026-05-06,1610612759,SAS,203482,Kelly Olynyk,1610612750,MIN,204060,Joe Ingles,36,5.1,13.793099999999999,13.899610000000001,18.7,2,11,0,0,0,0,1,1,100.0,0,0,0.0,0,0,0,0,0,0,0,nba_boxscorematchupsv3
1,2025-26,Playoffs,Western Conference Semifinals,2026_min_sas_api_20261005,0042500232,2,2026-05-06,1610612759,SAS,203482,Kelly Olynyk,1610612750,MIN,1641763,Julian Phillips,26,1.4,10.03861,10.03861,8.9,0,2,1,0,0,0,0,0,0.0,0,0,0.0,0,0,0,0,0,0,0,nba_boxscorematchupsv3
1,2025-26,Playoffs,Western Conference Semifinals,2026_min_sas_api_20261005,0042500232,2,2026-05-06,1610612759,SAS,203482,Kelly Olynyk,1610612750,MIN,1630545,Terrence Shannon Jr,6,0.4,1.1236,2.3165999999999998,20.1,0,0,0,0,0,0,0,0,0.0,0,0,0.0,0,0,0,0,0,0,0,nba_boxscorematchupsv3
1,2025-26,Playoffs,Western Conference Semifinals,2026_min_sas_api_20261005,0042500232,2,2026-05-06,1610612759,SAS,1630322,Lindy Waters III,1610612750,MIN,203937,Kyle Anderson,69,6.3,16.953319999999998,30.80357,32.9,3,9,1,0,0,0,1,2,50.0,1,2,50.0,0,0,0,0,0,0,0,nba_boxscorematchupsv3
1,2025-26,Playoffs,Western Conference Semifinals,2026_min_sas_api_20261005,0042500232,2,2026-05-06,1610612759,SAS,1630322,Lindy Waters III,1610612750,MIN,1642866,Joan Beringer,39,2.6,17.56757,17.410709999999998,15.299999999999999,3,9,0,0,1,0,1,1,100.0,1,1,100.0,0,0,0,0,0,0,0,nba_boxscorematchupsv3
1,2025-26,Playoffs,Western Conference Semifinals,2026_min_sas_api_20261005,0042500232,2,2026-05-06,1610612759,SAS,1630322,Lindy Waters III,1610612750,MIN,1641740,Jaylen Clark,32,2.5,8.98876,14.285709999999998,13.100000000000001,0,2,0,0,0,0,0,1,0.0,0,1,0.0,0,0,0,0,0,0,0,nba_boxscorematchupsv3
1,2025-26,Playoffs,Western Conference Semifinals,2026_min_sas_api_20261005,0042500232,2,2026-05-06,1610612759,SAS,1630322,Lindy Waters III,1610612750,MIN,204060,Joe Ingles,15,1.2,5.74713,6.69643,7.000000000000001,0,0,0,0,0,0,0,0,0.0,0,0,0.0,0,0,0,0,0,0,0,nba_boxscorematchupsv3
1,2025-26,Playoffs,Western Conference Semifinals,2026_min_sas_api_20261005,0042500232,2,2026-05-06,1610612759,SAS,1630322,Lindy Waters III,1610612750,MIN,1641763,Julian Phillips,69,4.5,26.64093,30.80357,31.6,2,4,0,0,0,0,1,1,100.0,0,0,0.0,0,0,0,0,0,0,0,nba_boxscorematchupsv3
1,2025-26,Playoffs,Western Conference Semifinals,2026_min_sas_api_20261005,0042500232,2,2026-05-06,1610612759,SAS,203486,Mason Plumlee,1610612750,MIN,203937,Kyle Anderson,15,1.6,3.6854999999999998,17.24138,19.6,0,2,1,0,0,0,0,0,0.0,0,0,0.0,0,0,0,0,0,0,0,nba_boxscorematchupsv3
1,2025-26,Playoffs,Western Conference Semifinals,2026_min_sas_api_20261005,0042500232,2,2026-05-06,1610612759,SAS,203486,Mason Plumlee,1610612750,MIN,1642866,Joan Beringer,7,0.9,3.1531499999999997,8.04598,8.4,0,2,0,0,0,0,0,0,0.0,0,0,0.0,0,0,0,0,0,0,0,nba_boxscorematchupsv3
1,2025-26,Playoffs,Western Conference Semifinals,2026_min_sas_api_20261005,0042500232,2,2026-05-06,1610612759,SAS,203486,Mason Plumlee,1610612750,MIN,1641740,Jaylen Clark,8,0.4,2.24719,9.1954,6.3,0,2,0,0,0,0,0,0,0.0,0,0,0.0,0,0,0,0,0,0,0,nba_boxscorematchupsv3
1,2025-26,Playoffs,Western Conference Semifinals,2026_min_sas_api_20261005,0042500232,2,2026-05-06,1610612759,SAS,203486,Mason Plumlee,1610612750,MIN,204060,Joe Ingles,53,3.2,20.30651,60.919540000000005,53.7,0,0,0,0,0,0,0,0,0.0,0,0,0.0,0,0,0,0,0,0,0,nba_boxscorematchupsv3
1,2025-26,Playoffs,Western Conference Semifinals,2026_min_sas_api_20261005,0042500232,2,2026-05-06,1610612759,SAS,203486,Mason Plumlee,1610612750,MIN,1641763,Julian Phillips,4,0.8,1.5444,4.5977,9.700000000000001,0,0,0,0,0,0,0,0,0.0,0,0,0.0,0,0,0,0,0,0,0,nba_boxscorematchupsv3
1,2025-26,Playoffs,Western Conference Semifinals,2026_min_sas_api_20261005,0042500232,2,2026-05-06,1610612759,SAS,202687,Bismack Biyombo,1610612750,MIN,203937,Kyle Anderson,10,1.3,2.4570000000000003,11.36364,12.7,0,2,0,0,0,0,0,0,0.0,0,0,0.0,0,0,0,0,0,0,0,nba_boxscorematchupsv3
1,2025-26,Playoffs,Western Conference Semifinals,2026_min_sas_api_20261005,0042500232,2,2026-05-06,1610612759,SAS,202687,Bismack Biyombo,1610612750,MIN,1642866,Joan Beringer,54,4.2,24.32432,61.36364,67.4,0,2,0,0,0,0,0,0,0.0,0,0,0.0,0,0,0,0,0,0,0,nba_boxscorematchupsv3
1,2025-26,Playoffs,Western Conference Semifinals,2026_min_sas_api_20261005,0042500232,2,2026-05-06,1610612759,SAS,202687,Bismack Biyombo,1610612750,MIN,1641740,Jaylen Clark,10,0.7,2.80899,11.36364,9.1,0,0,0,0,0,0,0,0,0.0,0,0,0.0,0,0,0,0,0,0,0,nba_boxscorematchupsv3
1,2025-26,Playoffs,Western Conference Semifinals,2026_min_sas_api_20261005,0042500232,2,2026-05-06,1610612759,SAS,202687,Bismack Biyombo,1610612750,MIN,204060,Joe Ingles,10,0.7,3.83142,11.36364,10.4,2,2,0,0,0,0,1,1,100.0,0,0,0.0,0,0,0,0,0,0,0,nba_boxscorematchupsv3
1,2025-26,Playoffs,Western Conference Semifinals,2026_min_sas_api_20261005,0042500232,2,2026-05-06,1610612759,SAS,202687,Bismack Biyombo,1610612750,MIN,1641763,Julian Phillips,4,0.3,1.5444,4.54545,4.8,0,0,0,0,0,0,0,1,0.0,0,0,0.0,0,0,0,0,0,0,0,nba_boxscorematchupsv3
1,2025-26,Playoffs,Western Conference Semifinals,2026_min_sas_api_20261005,0042500232,2,2026-05-06,1610612750,MIN,1630183,Jaden McDaniels,1610612759,SAS,1642868,Carter Bryant,8,0.4,2.29885,1.81406,10.5,0,0,0,0,0,0,0,0,0.0,0,0,0.0,0,0,0,0,0,0,0,nba_boxscorematchupsv3
1,2025-26,Playoffs,Western Conference Semifinals,2026_min_sas_api_20261005,0042500232,2,2026-05-06,1610612750,MIN,1630183,Jaden McDaniels,1610612759,SAS,1642264,Stephon Castle,80,7.7,14.705879999999999,18.14059,17.5,2,4,0,0,0,0,1,2,50.0,0,0,0.0,0,0,0,0,0,0,0,nba_boxscorematchupsv3
1,2025-26,Playoffs,Western Conference Semifinals,2026_min_sas_api_20261005,0042500232,2,2026-05-06,1610612750,MIN,1630183,Jaden McDaniels,1610612759,SAS,1630577,Julian Champagnie,39,4.4,7.92683,8.843539999999999,15.9,2,9,1,0,0,0,1,1,100.0,0,0,0.0,0,0,0,0,0,0,0,nba_boxscorematchupsv3
1,2025-26,Playoffs,Western Conference Semifinals,2026_min_sas_api_20261005,0042500232,2,2026-05-06,1610612750,MIN,1630183,Jaden McDaniels,1610612759,SAS,1628368,De'Aaron Fox,31,5.2,5.04065,7.02948,13.900000000000002,2,4,0,0,0,0,1,1,100.0,0,0,0.0,0,1,1,0,0,0,0,nba_boxscorematchupsv3
1,2025-26,Playoffs,Western Conference Semifinals,2026_min_sas_api_20261005,0042500232,2,2026-05-06,1610612750,MIN,1630183,Jaden McDaniels,1610612759,SAS,1642844,Dylan Harper,38,3.0,7.524749999999999,8.61678,19.2,0,2,0,0,0,0,0,0,0.0,0,0,0.0,0,0,0,0,0,0,0,nba_boxscorematchupsv3
1,2025-26,Playoffs,Western Conference Semifinals,2026_min_sas_api_20261005,0042500232,2,2026-05-06,1610612750,MIN,1630183,Jaden McDaniels,1610612759,SAS,1629640,Keldon Johnson,27,1.5,6.2069,6.12245,11.600000000000001,0,1,0,0,0,0,0,1,0.0,0,0,0.0,0,0,0,0,0,0,0,nba_boxscorematchupsv3
1,2025-26,Playoffs,Western Conference Semifinals,2026_min_sas_api_20261005,0042500232,2,2026-05-06,1610612750,MIN,1630183,Jaden McDaniels,1610612759,SAS,1628436,Luke Kornet,4,0.4,1.3029300000000001,0.90703,9.0,0,0,0,0,0,0,0,1,0.0,0,1,0.0,0,0,0,0,0,0,0,nba_boxscorematchupsv3
1,2025-26,Playoffs,Western Conference Semifinals,2026_min_sas_api_20261005,0042500232,2,2026-05-06,1610612750,MIN,1630183,Jaden McDaniels,1610612759,SAS,1630170,Devin Vassell,141,11.0,29.49791,31.97279,48.4,0,7,2,0,1,0,0,0,0.0,0,0,0.0,0,0,0,0,0,0,0,nba_boxscorematchupsv3
1,2025-26,Playoffs,Western Conference Semifinals,2026_min_sas_api_20261005,0042500232,2,2026-05-06,1610612750,MIN,1630183,Jaden McDaniels,1610612759,SAS,1641705,Victor Wembanyama,73,6.8,11.96721,16.55329,19.400000000000002,6,10,1,0,1,1,3,4,75.0,0,0,0.0,0,0,0,0,0,0,0,nba_boxscorematchupsv3
1,2025-26,Playoffs,Western Conference Semifinals,2026_min_sas_api_20261005,0042500232,2,2026-05-06,1610612750,MIN,203944,Julius Randle,1610612759,SAS,203084,Harrison Barnes,116,7.9,33.918130000000005,17.18519,54.50000000000001,2,4,0,0,0,0,0,2,0.0,0,1,0.0,2,2,1,0,0,0,0,nba_boxscorematchupsv3
1,2025-26,Playoffs,Western Conference Semifinals,2026_min_sas_api_20261005,0042500232,2,2026-05-06,1610612750,MIN,203944,Julius Randle,1610612759,SAS,1642868,Carter Bryant,20,1.6,5.74713,2.96296,10.4,0,2,0,0,1,0,0,0,0.0,0,0,0.0,0,0,0,0,0,0,0,nba_boxscorematchupsv3
1,2025-26,Playoffs,Western Conference Semifinals,2026_min_sas_api_20261005,0042500232,2,2026-05-06,1610612750,MIN,203944,Julius Randle,1610612759,SAS,1642264,Stephon Castle,165,16.6,30.33088,24.44444,37.9,4,8,1,0,3,0,2,2,100.0,0,0,0.0,0,1,1,0,0,0,0,nba_boxscorematchupsv3
1,2025-26,Playoffs,Western Conference Semifinals,2026_min_sas_api_20261005,0042500232,2,2026-05-06,1610612750,MIN,203944,Julius Randle,1610612759,SAS,1630577,Julian Champagnie,28,1.9,5.69106,4.148149999999999,6.800000000000001,0,5,0,0,0,0,0,0,0.0,0,0,0.0,0,0,0,0,0,0,0,nba_boxscorematchupsv3
1,2025-26,Playoffs,Western Conference Semifinals,2026_min_sas_api_20261005,0042500232,2,2026-05-06,1610612750,MIN,203944,Julius Randle,1610612759,SAS,1628368,De'Aaron Fox,28,1.9,4.55285,4.148149999999999,5.5,0,2,0,0,0,0,0,0,0.0,0,0,0.0,0,0,0,0,0,0,0,nba_boxscorematchupsv3
1,2025-26,Playoffs,Western Conference Semifinals,2026_min_sas_api_20261005,0042500232,2,2026-05-06,1610612750,MIN,203944,Julius Randle,1610612759,SAS,1642844,Dylan Harper,26,2.1,5.14851,3.8518499999999998,8.9,0,4,0,0,0,0,0,0,0.0,0,0,0.0,0,0,0,0,0,0,0,nba_boxscorematchupsv3
1,2025-26,Playoffs,Western Conference Semifinals,2026_min_sas_api_20261005,0042500232,2,2026-05-06,1610612750,MIN,203944,Julius Randle,1610612759,SAS,1629640,Keldon Johnson,193,17.0,44.36782,28.59259,71.1,2,15,0,0,1,0,0,2,0.0,0,1,0.0,2,2,0,0,0,0,0,nba_boxscorematchupsv3
1,2025-26,Playoffs,Western Conference Semifinals,2026_min_sas_api_20261005,0042500232,2,2026-05-06,1610612750,MIN,203944,Julius Randle,1610612759,SAS,1628436,Luke Kornet,29,2.3,9.446250000000001,4.2963000000000005,16.0,2,4,0,0,0,1,1,2,50.0,0,0,0.0,0,0,0,0,0,0,0,nba_boxscorematchupsv3
1,2025-26,Playoffs,Western Conference Semifinals,2026_min_sas_api_20261005,0042500232,2,2026-05-06,1610612750,MIN,203944,Julius Randle,1610612759,SAS,1630170,Devin Vassell,39,4.6,8.158999999999999,5.77778,8.9,2,10,0,0,0,0,1,1,100.0,0,0,0.0,0,0,0,0,0,0,0,nba_boxscorematchupsv3
1,2025-26,Playoffs,Western Conference Semifinals,2026_min_sas_api_20261005,0042500232,2,2026-05-06,1610612750,MIN,203944,Julius Randle,1610612759,SAS,1641705,Victor Wembanyama,31,3.0,5.08197,4.5925899999999995,7.8,0,0,0,0,0,0,0,1,0.0,0,0,0.0,0,0,0,0,0,0,0,nba_boxscorematchupsv3
1,2025-26,Playoffs,Western Conference Semifinals,2026_min_sas_api_20261005,0042500232,2,2026-05-06,1610612750,MIN,203497,Rudy Gobert,1610612759,SAS,203084,Harrison Barnes,5,0.2,1.46199,0.81169,8.1,0,2,0,0,0,0,0,0,0.0,0,0,0.0,0,0,0,0,0,0,0,nba_boxscorematchupsv3
1,2025-26,Playoffs,Western Conference Semifinals,2026_min_sas_api_20261005,0042500232,2,2026-05-06,1610612750,MIN,203497,Rudy Gobert,1610612759,SAS,1642264,Stephon Castle,27,3.9,4.96324,4.38312,8.9,0,2,0,0,1,0,0,0,0.0,0,0,0.0,0,0,0,0,0,0,0,nba_boxscorematchupsv3
1,2025-26,Playoffs,Western Conference Semifinals,2026_min_sas_api_20261005,0042500232,2,2026-05-06,1610612750,MIN,203497,Rudy Gobert,1610612759,SAS,1630577,Julian Champagnie,12,2.6,2.43902,1.94805,5.800000000000001,1,1,0,0,0,0,0,0,0.0,0,0,0.0,1,2,1,0,0,0,0,nba_boxscorematchupsv3
1,2025-26,Playoffs,Western Conference Semifinals,2026_min_sas_api_20261005,0042500232,2,2026-05-06,1610612750,MIN,203497,Rudy Gobert,1610612759,SAS,1628368,De'Aaron Fox,21,2.7,3.41463,3.40909,5.3,0,0,0,0,0,0,0,0,0.0,0,0,0.0,0,0,0,0,0,0,0,nba_boxscorematchupsv3
1,2025-26,Playoffs,Western Conference Semifinals,2026_min_sas_api_20261005,0042500232,2,2026-05-06,1610612750,MIN,203497,Rudy Gobert,1610612759,SAS,1642844,Dylan Harper,35,3.4,6.93069,5.68182,8.200000000000001,0,10,0,0,1,0,0,0,0.0,0,0,0.0,0,1,0,0,0,0,0,nba_boxscorematchupsv3
1,2025-26,Playoffs,Western Conference Semifinals,2026_min_sas_api_20261005,0042500232,2,2026-05-06,1610612750,MIN,203497,Rudy Gobert,1610612759,SAS,1629640,Keldon Johnson,27,2.5,6.2069,4.38312,7.8,1,1,0,0,0,0,0,0,0.0,0,0,0.0,1,2,1,0,0,0,0,nba_boxscorematchupsv3
1,2025-26,Playoffs,Western Conference Semifinals,2026_min_sas_api_20261005,0042500232,2,2026-05-06,1610612750,MIN,203497,Rudy Gobert,1610612759,SAS,1628436,Luke Kornet,186,16.8,60.58632000000001,30.19481,70.39999999999999,0,6,1,0,0,0,0,2,0.0,0,0,0.0,0,2,0,0,0,0,0,nba_boxscorematchupsv3
1,2025-26,Playoffs,Western Conference Semifinals,2026_min_sas_api_20261005,0042500232,2,2026-05-06,1610612750,MIN,203497,Rudy Gobert,1610612759,SAS,1630170,Devin Vassell,24,3.0,5.02092,3.8961,7.000000000000001,0,0,0,0,0,0,0,0,0.0,0,0,0.0,0,0,0,0,0,0,0,nba_boxscorematchupsv3
1,2025-26,Playoffs,Western Conference Semifinals,2026_min_sas_api_20261005,0042500232,2,2026-05-06,1610612750,MIN,203497,Rudy Gobert,1610612759,SAS,1641705,Victor Wembanyama,279,27.7,45.7377,45.29221,69.1,3,25,0,0,2,0,1,2,50.0,0,0,0.0,1,2,1,0,0,0,0,nba_boxscorematchupsv3
1,2025-26,Playoffs,Western Conference Semifinals,2026_min_sas_api_20261005,0042500232,2,2026-05-06,1610612750,MIN,1630545,Terrence Shannon Jr,1610612759,SAS,203084,Harrison Barnes,3,1.3,0.8771899999999999,0.56075,5.8999999999999995,2,2,0,0,0,0,0,0,0.0,0,0,0.0,2,2,1,0,0,0,0,nba_boxscorematchupsv3
1,2025-26,Playoffs,Western Conference Semifinals,2026_min_sas_api_20261005,0042500232,2,2026-05-06,1610612750,MIN,1630545,Terrence Shannon Jr,1610612759,SAS,1642868,Carter Bryant,18,1.4,5.17241,3.36449,12.2,0,2,0,0,0,0,0,0,0.0,0,0,0.0,0,0,0,0,0,0,0,nba_boxscorematchupsv3
1,2025-26,Playoffs,Western Conference Semifinals,2026_min_sas_api_20261005,0042500232,2,2026-05-06,1610612750,MIN,1630545,Terrence Shannon Jr,1610612759,SAS,1642264,Stephon Castle,25,2.3,4.5955900000000005,4.6729,5.5,0,6,0,0,0,0,0,0,0.0,0,0,0.0,0,0,0,0,0,0,0,nba_boxscorematchupsv3
1,2025-26,Playoffs,Western Conference Semifinals,2026_min_sas_api_20261005,0042500232,2,2026-05-06,1610612750,MIN,1630545,Terrence Shannon Jr,1610612759,SAS,1630577,Julian Champagnie,152,12.5,30.894310000000004,28.411209999999997,60.699999999999996,4,15,0,0,1,0,2,4,50.0,0,1,0.0,0,0,0,0,0,0,0,nba_boxscorematchupsv3
1,2025-26,Playoffs,Western Conference Semifinals,2026_min_sas_api_20261005,0042500232,2,2026-05-06,1610612750,MIN,1630545,Terrence Shannon Jr,1610612759,SAS,1628368,De'Aaron Fox,58,4.9,9.43089,10.84112,14.499999999999998,0,5,1,0,0,0,0,1,0.0,0,1,0.0,0,0,0,0,0,0,0,nba_boxscorematchupsv3
1,2025-26,Playoffs,Western Conference Semifinals,2026_min_sas_api_20261005,0042500232,2,2026-05-06,1610612750,MIN,1630545,Terrence Shannon Jr,1610612759,SAS,1642844,Dylan Harper,96,7.1,19.0099,17.943929999999998,30.8,0,9,0,0,0,0,0,1,0.0,0,0,0.0,0,0,0,0,0,0,0,nba_boxscorematchupsv3
1,2025-26,Playoffs,Western Conference Semifinals,2026_min_sas_api_20261005,0042500232,2,2026-05-06,1610612750,MIN,1630545,Terrence Shannon Jr,1610612759,SAS,1629640,Keldon Johnson,25,2.8,5.74713,4.6729,10.8,0,4,0,0,0,0,0,0,0.0,0,0,0.0,0,0,0,0,0,0,0,nba_boxscorematchupsv3
1,2025-26,Playoffs,Western Conference Semifinals,2026_min_sas_api_20261005,0042500232,2,2026-05-06,1610612750,MIN,1630545,Terrence Shannon Jr,1610612759,SAS,1628436,Luke Kornet,12,2.1,3.90879,2.24299,8.799999999999999,0,2,0,0,0,1,0,1,0.0,0,0,0.0,0,0,0,0,0,0,0,nba_boxscorematchupsv3
1,2025-26,Playoffs,Western Conference Semifinals,2026_min_sas_api_20261005,0042500232,2,2026-05-06,1610612750,MIN,1630545,Terrence Shannon Jr,1610612759,SAS,1629162,Jordan McLaughlin,1,0.2,0.54348,0.18692,2.8000000000000003,0,0,0,0,0,0,0,0,0.0,0,0,0.0,0,0,0,0,0,0,0,nba_boxscorematchupsv3
1,2025-26,Playoffs,Western Conference Semifinals,2026_min_sas_api_20261005,0042500232,2,2026-05-06,1610612750,MIN,1630545,Terrence Shannon Jr,1610612759,SAS,203482,Kelly Olynyk,2,0.3,1.08108,0.37383,8.3,0,0,0,0,0,0,0,1,0.0,0,1,0.0,0,0,0,0,0,0,0,nba_boxscorematchupsv3
1,2025-26,Playoffs,Western Conference Semifinals,2026_min_sas_api_20261005,0042500232,2,2026-05-06,1610612750,MIN,1630545,Terrence Shannon Jr,1610612759,SAS,1630170,Devin Vassell,121,13.3,25.313809999999997,22.61682,32.800000000000004,4,11,0,0,0,0,1,1,100.0,0,0,0.0,2,2,0,0,0,0,0,nba_boxscorematchupsv3
1,2025-26,Playoffs,Western Conference Semifinals,2026_min_sas_api_20261005,0042500232,2,2026-05-06,1610612750,MIN,1630545,Terrence Shannon Jr,1610612759,SAS,1641705,Victor Wembanyama,22,2.6,3.6065600000000004,4.11215,8.200000000000001,2,2,0,0,0,0,1,2,50.0,0,1,0.0,0,0,0,0,0,0,0,nba_boxscorematchupsv3
1,2025-26,Playoffs,Western Conference Semifinals,2026_min_sas_api_20261005,0042500232,2,2026-05-06,1610612750,MIN,201144,Mike Conley,1610612759,SAS,203084,Harrison Barnes,4,0.3,1.1695900000000001,1.07817,4.7,0,0,0,0,0,0,0,0,0.0,0,0,0.0,0,0,0,0,0,0,0,nba_boxscorematchupsv3
1,2025-26,Playoffs,Western Conference Semifinals,2026_min_sas_api_20261005,0042500232,2,2026-05-06,1610612750,MIN,201144,Mike Conley,1610612759,SAS,1642868,Carter Bryant,20,1.2,5.74713,5.39084,16.8,0,0,0,0,0,0,0,1,0.0,0,1,0.0,0,0,0,0,0,0,0,nba_boxscorematchupsv3
1,2025-26,Playoffs,Western Conference Semifinals,2026_min_sas_api_20261005,0042500232,2,2026-05-06,1610612750,MIN,201144,Mike Conley,1610612759,SAS,1642264,Stephon Castle,31,2.9,5.69853,8.355799999999999,11.4,3,8,1,0,0,0,1,1,100.0,1,1,100.0,0,0,0,0,0,0,0,nba_boxscorematchupsv3
1,2025-26,Playoffs,Western Conference Semifinals,2026_min_sas_api_20261005,0042500232,2,2026-05-06,1610612750,MIN,201144,Mike Conley,1610612759,SAS,1630577,Julian Champagnie,70,7.6,14.22764,18.867919999999998,21.7,0,3,1,0,0,0,0,0,0.0,0,0,0.0,0,0,0,0,0,0,0,nba_boxscorematchupsv3
1,2025-26,Playoffs,Western Conference Semifinals,2026_min_sas_api_20261005,0042500232,2,2026-05-06,1610612750,MIN,201144,Mike Conley,1610612759,SAS,1628368,De'Aaron Fox,191,12.8,31.05691,51.482479999999995,58.199999999999996,0,11,0,0,0,0,0,1,0.0,0,1,0.0,0,0,0,0,0,0,0,nba_boxscorematchupsv3
1,2025-26,Playoffs,Western Conference Semifinals,2026_min_sas_api_20261005,0042500232,2,2026-05-06,1610612750,MIN,201144,Mike Conley,1610612759,SAS,1642844,Dylan Harper,14,1.1,2.77228,3.77358,29.799999999999997,0,0,0,0,0,0,0,0,0.0,0,0,0.0,0,0,0,0,0,0,0,nba_boxscorematchupsv3
1,2025-26,Playoffs,Western Conference Semifinals,2026_min_sas_api_20261005,0042500232,2,2026-05-06,1610612750,MIN,201144,Mike Conley,1610612759,SAS,1629640,Keldon Johnson,3,0.2,0.68966,0.80863,4.9,0,0,0,0,0,0,0,0,0.0,0,0,0.0,0,0,0,0,0,0,0,nba_boxscorematchupsv3
1,2025-26,Playoffs,Western Conference Semifinals,2026_min_sas_api_20261005,0042500232,2,2026-05-06,1610612750,MIN,201144,Mike Conley,1610612759,SAS,1630170,Devin Vassell,28,3.0,5.85774,7.54717,9.700000000000001,0,4,0,0,0,0,0,1,0.0,0,0,0.0,0,0,0,0,0,0,0,nba_boxscorematchupsv3
1,2025-26,Playoffs,Western Conference Semifinals,2026_min_sas_api_20261005,0042500232,2,2026-05-06,1610612750,MIN,201144,Mike Conley,1610612759,SAS,1641705,Victor Wembanyama,10,0.7,1.6393399999999998,2.69542,3.4000000000000004,0,0,0,0,0,0,0,0,0.0,0,0,0.0,0,0,0,0,0,0,0,nba_boxscorematchupsv3
1,2025-26,Playoffs,Western Conference Semifinals,2026_min_sas_api_20261005,0042500232,2,2026-05-06,1610612750,MIN,1630245,Ayo Dosunmu,1610612759,SAS,1642868,Carter Bryant,3,0.1,0.86207,1.2295099999999999,3.6999999999999997,0,2,0,0,0,0,0,0,0.0,0,0,0.0,0,0,0,0,0,0,0,nba_boxscorematchupsv3
1,2025-26,Playoffs,Western Conference Semifinals,2026_min_sas_api_20261005,0042500232,2,2026-05-06,1610612750,MIN,1630245,Ayo Dosunmu,1610612759,SAS,1642264,Stephon Castle,47,2.8,8.639710000000001,19.2623,33.4,0,2,0,0,0,0,0,1,0.0,0,0,0.0,0,0,0,0,0,0,0,nba_boxscorematchupsv3
1,2025-26,Playoffs,Western Conference Semifinals,2026_min_sas_api_20261005,0042500232,2,2026-05-06,1610612750,MIN,1630245,Ayo Dosunmu,1610612759,SAS,1630577,Julian Champagnie,6,0.9,1.21951,2.4590199999999998,5.8999999999999995,0,0,0,0,0,0,0,0,0.0,0,0,0.0,0,0,0,0,0,0,0,nba_boxscorematchupsv3
1,2025-26,Playoffs,Western Conference Semifinals,2026_min_sas_api_20261005,0042500232,2,2026-05-06,1610612750,MIN,1630245,Ayo Dosunmu,1610612759,SAS,1628368,De'Aaron Fox,89,8.2,14.47154,36.475410000000004,46.400000000000006,0,9,0,0,0,0,0,1,0.0,0,0,0.0,0,0,0,0,0,0,0,nba_boxscorematchupsv3
1,2025-26,Playoffs,Western Conference Semifinals,2026_min_sas_api_20261005,0042500232,2,2026-05-06,1610612750,MIN,1630245,Ayo Dosunmu,1610612759,SAS,1642844,Dylan Harper,38,4.1,7.524749999999999,15.573770000000001,21.5,0,2,0,0,0,0,0,0,0.0,0,0,0.0,0,0,0,0,0,0,0,nba_boxscorematchupsv3
1,2025-26,Playoffs,Western Conference Semifinals,2026_min_sas_api_20261005,0042500232,2,2026-05-06,1610612750,MIN,1630245,Ayo Dosunmu,1610612759,SAS,1629640,Keldon Johnson,19,1.8,4.36782,7.7868900000000005,11.1,0,2,0,0,0,1,0,1,0.0,0,0,0.0,0,0,0,0,0,0,0,nba_boxscorematchupsv3
1,2025-26,Playoffs,Western Conference Semifinals,2026_min_sas_api_20261005,0042500232,2,2026-05-06,1610612750,MIN,1630245,Ayo Dosunmu,1610612759,SAS,1628436,Luke Kornet,5,0.6,1.6286599999999998,2.0491800000000002,6.3,0,0,0,0,0,0,0,1,0.0,0,1,0.0,0,0,0,0,0,0,0,nba_boxscorematchupsv3
1,2025-26,Playoffs,Western Conference Semifinals,2026_min_sas_api_20261005,0042500232,2,2026-05-06,1610612750,MIN,1630245,Ayo Dosunmu,1610612759,SAS,1630170,Devin Vassell,33,2.9,6.90377,13.52459,31.7,0,0,0,0,0,0,0,0,0.0,0,0,0.0,0,0,0,0,0,0,0,nba_boxscorematchupsv3
1,2025-26,Playoffs,Western Conference Semifinals,2026_min_sas_api_20261005,0042500232,2,2026-05-06,1610612750,MIN,1630245,Ayo Dosunmu,1610612759,SAS,1641705,Victor Wembanyama,4,0.6,0.65574,1.6393399999999998,4.1000000000000005,0,0,0,0,0,1,0,0,0.0,0,0,0.0,0,0,0,0,0,0,0,nba_boxscorematchupsv3
1,2025-26,Playoffs,Western Conference Semifinals,2026_min_sas_api_20261005,0042500232,2,2026-05-06,1610612750,MIN,1630162,Anthony Edwards,1610612759,SAS,1642868,Carter Bryant,125,10.9,35.91954,20.79867,73.0,0,5,0,0,0,0,0,0,0.0,0,0,0.0,0,0,0,0,0,0,0,nba_boxscorematchupsv3
1,2025-26,Playoffs,Western Conference Semifinals,2026_min_sas_api_20261005,0042500232,2,2026-05-06,1610612750,MIN,1630162,Anthony Edwards,1610612759,SAS,1642264,Stephon Castle,147,12.0,27.022059999999996,24.45923,57.49999999999999,4,8,0,0,1,0,2,3,66.7,0,1,0.0,0,0,0,0,0,0,0,nba_boxscorematchupsv3
1,2025-26,Playoffs,Western Conference Semifinals,2026_min_sas_api_20261005,0042500232,2,2026-05-06,1610612750,MIN,1630162,Anthony Edwards,1610612759,SAS,1630577,Julian Champagnie,48,4.0,9.7561,7.98669,15.4,2,4,0,0,0,1,1,1,100.0,0,0,0.0,0,0,0,0,0,0,0,nba_boxscorematchupsv3
1,2025-26,Playoffs,Western Conference Semifinals,2026_min_sas_api_20261005,0042500232,2,2026-05-06,1610612750,MIN,1630162,Anthony Edwards,1610612759,SAS,1628368,De'Aaron Fox,47,3.6,7.6422799999999995,7.8203,10.5,0,2,0,0,0,0,0,2,0.0,0,0,0.0,0,0,0,0,0,0,0,nba_boxscorematchupsv3
1,2025-26,Playoffs,Western Conference Semifinals,2026_min_sas_api_20261005,0042500232,2,2026-05-06,1610612750,MIN,1630162,Anthony Edwards,1610612759,SAS,1642844,Dylan Harper,149,16.0,29.50495,24.79201,36.8,0,9,0,0,3,0,0,1,0.0,0,0,0.0,0,0,0,0,0,0,0,nba_boxscorematchupsv3
1,2025-26,Playoffs,Western Conference Semifinals,2026_min_sas_api_20261005,0042500232,2,2026-05-06,1610612750,MIN,1630162,Anthony Edwards,1610612759,SAS,1629640,Keldon Johnson,23,2.6,5.28736,3.82696,5.8999999999999995,1,3,0,0,0,0,0,1,0.0,0,1,0.0,1,2,1,0,0,0,0,nba_boxscorematchupsv3
1,2025-26,Playoffs,Western Conference Semifinals,2026_min_sas_api_20261005,0042500232,2,2026-05-06,1610612750,MIN,1630162,Anthony Edwards,1610612759,SAS,1628436,Luke Kornet,28,3.0,9.12052,4.6589,10.2,3,3,0,0,0,1,1,2,50.0,1,1,100.0,0,0,0,0,0,0,0,nba_boxscorematchupsv3
1,2025-26,Playoffs,Western Conference Semifinals,2026_min_sas_api_20261005,0042500232,2,2026-05-06,1610612750,MIN,1630162,Anthony Edwards,1610612759,SAS,1630170,Devin Vassell,15,2.4,3.13808,2.49584,8.4,2,4,0,0,0,0,1,1,100.0,0,0,0.0,0,0,0,0,0,0,0,nba_boxscorematchupsv3
1,2025-26,Playoffs,Western Conference Semifinals,2026_min_sas_api_20261005,0042500232,2,2026-05-06,1610612750,MIN,1630162,Anthony Edwards,1610612759,SAS,1641705,Victor Wembanyama,19,1.7,3.1147500000000004,3.1614000000000004,7.1,0,2,0,0,0,0,0,2,0.0,0,2,0.0,0,0,0,0,0,0,0,nba_boxscorematchupsv3
1,2025-26,Playoffs,Western Conference Semifinals,2026_min_sas_api_20261005,0042500232,2,2026-05-06,1610612750,MIN,1629675,Naz Reid,1610612759,SAS,203084,Harrison Barnes,75,5.1,21.92982,14.619879999999998,40.5,3,7,0,0,0,0,1,1,100.0,1,1,100.0,0,0,0,0,0,0,0,nba_boxscorematchupsv3
1,2025-26,Playoffs,Western Conference Semifinals,2026_min_sas_api_20261005,0042500232,2,2026-05-06,1610612750,MIN,1629675,Naz Reid,1610612759,SAS,1642868,Carter Bryant,17,1.6,4.88506,3.31384,11.5,0,2,0,0,0,0,0,0,0.0,0,0,0.0,0,0,0,0,0,0,0,nba_boxscorematchupsv3
1,2025-26,Playoffs,Western Conference Semifinals,2026_min_sas_api_20261005,0042500232,2,2026-05-06,1610612750,MIN,1629675,Naz Reid,1610612759,SAS,1642264,Stephon Castle,17,1.2,3.125,3.31384,5.5,0,0,0,0,0,0,0,0,0.0,0,0,0.0,0,0,0,0,0,0,0,nba_boxscorematchupsv3
1,2025-26,Playoffs,Western Conference Semifinals,2026_min_sas_api_20261005,0042500232,2,2026-05-06,1610612750,MIN,1629675,Naz Reid,1610612759,SAS,1630577,Julian Champagnie,118,12.6,23.98374,23.001949999999997,39.4,0,4,0,0,0,0,0,0,0.0,0,0,0.0,0,0,0,0,0,0,0,nba_boxscorematchupsv3
1,2025-26,Playoffs,Western Conference Semifinals,2026_min_sas_api_20261005,0042500232,2,2026-05-06,1610612750,MIN,1629675,Naz Reid,1610612759,SAS,1628368,De'Aaron Fox,45,4.6,7.31707,8.77193,13.900000000000002,0,6,0,0,1,0,0,0,0.0,0,0,0.0,0,0,0,0,0,0,0,nba_boxscorematchupsv3
1,2025-26,Playoffs,Western Conference Semifinals,2026_min_sas_api_20261005,0042500232,2,2026-05-06,1610612750,MIN,1629675,Naz Reid,1610612759,SAS,1642844,Dylan Harper,40,3.4,7.92079,7.797270000000001,9.9,0,0,0,0,0,0,0,0,0.0,0,0,0.0,0,0,0,0,0,0,0,nba_boxscorematchupsv3
1,2025-26,Playoffs,Western Conference Semifinals,2026_min_sas_api_20261005,0042500232,2,2026-05-06,1610612750,MIN,1629675,Naz Reid,1610612759,SAS,1629640,Keldon Johnson,89,7.9,20.45977,17.348930000000003,29.4,0,5,0,0,0,0,0,0,0.0,0,0,0.0,0,0,0,0,0,0,0,nba_boxscorematchupsv3
1,2025-26,Playoffs,Western Conference Semifinals,2026_min_sas_api_20261005,0042500232,2,2026-05-06,1610612750,MIN,1629675,Naz Reid,1610612759,SAS,1628436,Luke Kornet,16,1.7,5.21173,3.11891,7.1,3,7,0,0,0,0,1,2,50.0,1,1,100.0,0,0,0,0,0,0,0,nba_boxscorematchupsv3
1,2025-26,Playoffs,Western Conference Semifinals,2026_min_sas_api_20261005,0042500232,2,2026-05-06,1610612750,MIN,1629675,Naz Reid,1610612759,SAS,1630170,Devin Vassell,54,3.2,11.29707,10.52632,42.5,2,4,0,0,0,0,1,2,50.0,0,0,0.0,0,0,0,0,0,0,0,nba_boxscorematchupsv3
1,2025-26,Playoffs,Western Conference Semifinals,2026_min_sas_api_20261005,0042500232,2,2026-05-06,1610612750,MIN,1629675,Naz Reid,1610612759,SAS,1641705,Victor Wembanyama,42,4.0,6.88525,8.18713,12.2,3,4,0,0,0,0,1,2,50.0,1,2,50.0,0,0,0,0,0,0,0,nba_boxscorematchupsv3
1,2025-26,Playoffs,Western Conference Semifinals,2026_min_sas_api_20261005,0042500232,2,2026-05-06,1610612750,MIN,1641740,Jaylen Clark,1610612759,SAS,203084,Harrison Barnes,10,1.7,2.92398,3.2154299999999996,6.9,0,2,0,0,0,0,0,0,0.0,0,0,0.0,0,0,0,0,0,0,0,nba_boxscorematchupsv3
1,2025-26,Playoffs,Western Conference Semifinals,2026_min_sas_api_20261005,0042500232,2,2026-05-06,1610612750,MIN,1641740,Jaylen Clark,1610612759,SAS,202687,Bismack Biyombo,1,0.6,1.6949200000000002,0.32154000000000005,7.199999999999999,0,0,0,0,0,0,0,0,0.0,0,0,0.0,0,0,0,0,0,0,0,nba_boxscorematchupsv3
1,2025-26,Playoffs,Western Conference Semifinals,2026_min_sas_api_20261005,0042500232,2,2026-05-06,1610612750,MIN,1641740,Jaylen Clark,1610612759,SAS,1642868,Carter Bryant,18,1.8,5.17241,5.78778,7.5,0,0,0,0,0,0,0,0,0.0,0,0,0.0,0,0,0,0,0,0,0,nba_boxscorematchupsv3
1,2025-26,Playoffs,Western Conference Semifinals,2026_min_sas_api_20261005,0042500232,2,2026-05-06,1610612750,MIN,1641740,Jaylen Clark,1610612759,SAS,1642264,Stephon Castle,5,0.4,0.91912,1.60772,6.5,0,0,0,0,0,0,0,0,0.0,0,0,0.0,0,0,0,0,0,0,0,nba_boxscorematchupsv3
1,2025-26,Playoffs,Western Conference Semifinals,2026_min_sas_api_20261005,0042500232,2,2026-05-06,1610612750,MIN,1641740,Jaylen Clark,1610612759,SAS,1630577,Julian Champagnie,2,0.3,0.40650000000000003,0.6430899999999999,4.6,0,0,0,0,0,0,0,0,0.0,0,0,0.0,0,0,0,0,0,0,0,nba_boxscorematchupsv3
1,2025-26,Playoffs,Western Conference Semifinals,2026_min_sas_api_20261005,0042500232,2,2026-05-06,1610612750,MIN,1641740,Jaylen Clark,1610612759,SAS,1628368,De'Aaron Fox,4,0.6,0.6504099999999999,1.28617,12.7,0,0,0,0,0,0,0,0,0.0,0,0,0.0,0,0,0,0,0,0,0,nba_boxscorematchupsv3
1,2025-26,Playoffs,Western Conference Semifinals,2026_min_sas_api_20261005,0042500232,2,2026-05-06,1610612750,MIN,1641740,Jaylen Clark,1610612759,SAS,1628436,Luke Kornet,9,0.6,2.9316,2.89389,70.3,0,0,0,0,0,0,0,0,0.0,0,0,0.0,0,0,0,0,0,0,0,nba_boxscorematchupsv3
1,2025-26,Playoffs,Western Conference Semifinals,2026_min_sas_api_20261005,0042500232,2,2026-05-06,1610612750,MIN,1641740,Jaylen Clark,1610612759,SAS,1629162,Jordan McLaughlin,121,13.7,65.76087000000001,38.90675,66.10000000000001,0,15,0,0,0,0,0,2,0.0,0,2,0.0,0,0,0,0,0,0,0,nba_boxscorematchupsv3
1,2025-26,Playoffs,Western Conference Semifinals,2026_min_sas_api_20261005,0042500232,2,2026-05-06,1610612750,MIN,1641740,Jaylen Clark,1610612759,SAS,203482,Kelly Olynyk,7,0.9,3.7837799999999997,2.2508,4.9,3,3,0,0,0,0,1,1,100.0,1,1,100.0,0,0,0,0,0,0,0,nba_boxscorematchupsv3
1,2025-26,Playoffs,Western Conference Semifinals,2026_min_sas_api_20261005,0042500232,2,2026-05-06,1610612750,MIN,1641740,Jaylen Clark,1610612759,SAS,203486,Mason Plumlee,1,0.1,1.6949200000000002,0.32154000000000005,1.9,0,0,0,0,0,0,0,0,0.0,0,0,0.0,0,0,0,0,0,0,0,nba_boxscorematchupsv3
1,2025-26,Playoffs,Western Conference Semifinals,2026_min_sas_api_20261005,0042500232,2,2026-05-06,1610612750,MIN,1641740,Jaylen Clark,1610612759,SAS,1630322,Lindy Waters III,28,2.2,17.3913,9.00322,15.2,0,7,1,0,0,0,0,0,0.0,0,0,0.0,0,0,0,0,0,0,0,nba_boxscorematchupsv3
1,2025-26,Playoffs,Western Conference Semifinals,2026_min_sas_api_20261005,0042500232,2,2026-05-06,1610612750,MIN,1641740,Jaylen Clark,1610612759,SAS,1641705,Victor Wembanyama,105,5.9,17.21311,33.76206,73.3,0,2,0,0,0,0,0,2,0.0,0,1,0.0,0,0,0,0,0,0,0,nba_boxscorematchupsv3
1,2025-26,Playoffs,Western Conference Semifinals,2026_min_sas_api_20261005,0042500232,2,2026-05-06,1610612750,MIN,1630538,Bones Hyland,1610612759,SAS,203084,Harrison Barnes,1,0.1,0.2924,0.4878,1.9,0,0,0,0,0,0,0,0,0.0,0,0,0.0,0,0,0,0,0,0,0,nba_boxscorematchupsv3
1,2025-26,Playoffs,Western Conference Semifinals,2026_min_sas_api_20261005,0042500232,2,2026-05-06,1610612750,MIN,1630538,Bones Hyland,1610612759,SAS,1642868,Carter Bryant,2,0.8,0.5747099999999999,0.97561,9.5,0,0,0,0,0,0,0,0,0.0,0,0,0.0,0,0,0,0,0,0,0,nba_boxscorematchupsv3
1,2025-26,Playoffs,Western Conference Semifinals,2026_min_sas_api_20261005,0042500232,2,2026-05-06,1610612750,MIN,1630538,Bones Hyland,1610612759,SAS,1630577,Julian Champagnie,10,1.1,2.0325200000000003,4.87805,10.299999999999999,0,0,0,0,0,0,0,0,0.0,0,0,0.0,0,0,0,0,0,0,0,nba_boxscorematchupsv3
1,2025-26,Playoffs,Western Conference Semifinals,2026_min_sas_api_20261005,0042500232,2,2026-05-06,1610612750,MIN,1630538,Bones Hyland,1610612759,SAS,1628368,De'Aaron Fox,87,10.4,14.146339999999999,42.43902,64.4,0,11,1,0,1,0,0,2,0.0,0,1,0.0,0,0,0,0,0,0,0,nba_boxscorematchupsv3
1,2025-26,Playoffs,Western Conference Semifinals,2026_min_sas_api_20261005,0042500232,2,2026-05-06,1610612750,MIN,1630538,Bones Hyland,1610612759,SAS,1642844,Dylan Harper,61,8.2,12.07921,29.756100000000004,37.8,0,6,1,0,0,0,0,1,0.0,0,0,0.0,0,0,0,0,0,0,0,nba_boxscorematchupsv3
1,2025-26,Playoffs,Western Conference Semifinals,2026_min_sas_api_20261005,0042500232,2,2026-05-06,1610612750,MIN,1630538,Bones Hyland,1610612759,SAS,1629640,Keldon Johnson,12,1.8,2.75862,5.8536600000000005,8.5,0,2,0,0,0,0,0,0,0.0,0,0,0.0,0,0,0,0,0,0,0,nba_boxscorematchupsv3
1,2025-26,Playoffs,Western Conference Semifinals,2026_min_sas_api_20261005,0042500232,2,2026-05-06,1610612750,MIN,1630538,Bones Hyland,1610612759,SAS,1628436,Luke Kornet,5,0.8,1.6286599999999998,2.43902,3.4000000000000004,0,0,0,0,0,0,0,0,0.0,0,0,0.0,0,0,0,0,0,0,0,nba_boxscorematchupsv3
1,2025-26,Playoffs,Western Conference Semifinals,2026_min_sas_api_20261005,0042500232,2,2026-05-06,1610612750,MIN,1630538,Bones Hyland,1610612759,SAS,1630170,Devin Vassell,23,2.5,4.81172,11.219510000000001,17.9,0,2,0,0,0,0,0,0,0.0,0,0,0.0,0,0,0,0,0,0,0,nba_boxscorematchupsv3
1,2025-26,Playoffs,Western Conference Semifinals,2026_min_sas_api_20261005,0042500232,2,2026-05-06,1610612750,MIN,1630538,Bones Hyland,1610612759,SAS,1641705,Victor Wembanyama,4,0.4,0.65574,1.95122,5.800000000000001,0,3,0,0,0,0,0,0,0.0,0,0,0.0,0,0,0,0,0,0,0,nba_boxscorematchupsv3
1,2025-26,Playoffs,Western Conference Semifinals,2026_min_sas_api_20261005,0042500232,2,2026-05-06,1610612750,MIN,203937,Kyle Anderson,1610612759,SAS,203084,Harrison Barnes,35,4.7,10.233920000000001,12.45552,31.5,0,1,0,0,0,0,0,1,0.0,0,0,0.0,0,0,0,0,0,0,0,nba_boxscorematchupsv3
1,2025-26,Playoffs,Western Conference Semifinals,2026_min_sas_api_20261005,0042500232,2,2026-05-06,1610612750,MIN,203937,Kyle Anderson,1610612759,SAS,202687,Bismack Biyombo,5,1.0,8.47458,1.77936,11.899999999999999,0,0,0,0,0,0,0,0,0.0,0,0,0.0,0,0,0,0,0,0,0,nba_boxscorematchupsv3
1,2025-26,Playoffs,Western Conference Semifinals,2026_min_sas_api_20261005,0042500232,2,2026-05-06,1610612750,MIN,203937,Kyle Anderson,1610612759,SAS,1642868,Carter Bryant,20,2.7,5.74713,7.11744,13.600000000000001,2,4,0,0,0,0,0,0,0.0,0,0,0.0,2,4,1,0,0,0,0,nba_boxscorematchupsv3
1,2025-26,Playoffs,Western Conference Semifinals,2026_min_sas_api_20261005,0042500232,2,2026-05-06,1610612750,MIN,203937,Kyle Anderson,1610612759,SAS,1630577,Julian Champagnie,7,0.5,1.42276,2.4911,5.800000000000001,0,3,0,0,0,0,0,0,0.0,0,0,0.0,0,0,0,0,0,0,0,nba_boxscorematchupsv3
1,2025-26,Playoffs,Western Conference Semifinals,2026_min_sas_api_20261005,0042500232,2,2026-05-06,1610612750,MIN,203937,Kyle Anderson,1610612759,SAS,1628368,De'Aaron Fox,14,1.5,2.27642,4.98221,14.099999999999998,0,0,0,0,1,0,0,1,0.0,0,1,0.0,0,0,0,0,0,0,0,nba_boxscorematchupsv3
1,2025-26,Playoffs,Western Conference Semifinals,2026_min_sas_api_20261005,0042500232,2,2026-05-06,1610612750,MIN,203937,Kyle Anderson,1610612759,SAS,1642844,Dylan Harper,8,1.2,1.58416,2.84698,8.7,0,0,0,0,0,0,0,0,0.0,0,0,0.0,0,0,0,0,0,0,0,nba_boxscorematchupsv3
1,2025-26,Playoffs,Western Conference Semifinals,2026_min_sas_api_20261005,0042500232,2,2026-05-06,1610612750,MIN,203937,Kyle Anderson,1610612759,SAS,1629640,Keldon Johnson,17,2.4,3.90805,6.04982,46.800000000000004,0,2,0,0,0,0,0,1,0.0,0,0,0.0,0,0,0,0,0,0,0,nba_boxscorematchupsv3
1,2025-26,Playoffs,Western Conference Semifinals,2026_min_sas_api_20261005,0042500232,2,2026-05-06,1610612750,MIN,203937,Kyle Anderson,1610612759,SAS,1628436,Luke Kornet,13,2.0,4.23453,4.62633,19.5,0,2,0,0,0,0,0,0,0.0,0,0,0.0,0,0,0,0,0,0,0,nba_boxscorematchupsv3
1,2025-26,Playoffs,Western Conference Semifinals,2026_min_sas_api_20261005,0042500232,2,2026-05-06,1610612750,MIN,203937,Kyle Anderson,1610612759,SAS,1629162,Jordan McLaughlin,6,0.7,3.2608699999999997,2.13523,3.5000000000000004,0,3,0,0,0,0,0,0,0.0,0,0,0.0,0,0,0,0,0,0,0,nba_boxscorematchupsv3
1,2025-26,Playoffs,Western Conference Semifinals,2026_min_sas_api_20261005,0042500232,2,2026-05-06,1610612750,MIN,203937,Kyle Anderson,1610612759,SAS,203482,Kelly Olynyk,49,4.8,26.48649,17.437720000000002,24.7,4,9,2,0,0,0,2,2,100.0,0,0,0.0,0,2,1,0,0,0,0,nba_boxscorematchupsv3
1,2025-26,Playoffs,Western Conference Semifinals,2026_min_sas_api_20261005,0042500232,2,2026-05-06,1610612750,MIN,203937,Kyle Anderson,1610612759,SAS,203486,Mason Plumlee,18,2.2,30.50847,6.40569,29.2,0,2,1,0,0,0,0,0,0.0,0,0,0.0,0,0,0,0,0,0,0,nba_boxscorematchupsv3
1,2025-26,Playoffs,Western Conference Semifinals,2026_min_sas_api_20261005,0042500232,2,2026-05-06,1610612750,MIN,203937,Kyle Anderson,1610612759,SAS,1630322,Lindy Waters III,68,6.5,42.23602,24.19929,38.4,3,9,1,0,0,0,1,1,100.0,0,0,0.0,1,2,1,0,0,0,0,nba_boxscorematchupsv3
1,2025-26,Playoffs,Western Conference Semifinals,2026_min_sas_api_20261005,0042500232,2,2026-05-06,1610612750,MIN,203937,Kyle Anderson,1610612759,SAS,1641705,Victor Wembanyama,21,2.1,3.44262,7.47331,31.1,0,0,0,0,0,0,0,0,0.0,0,0,0.0,0,0,0,0,0,0,0,nba_boxscorematchupsv3
1,2025-26,Playoffs,Western Conference Semifinals,2026_min_sas_api_20261005,0042500232,2,2026-05-06,1610612750,MIN,204060,Joe Ingles,1610612759,SAS,203084,Harrison Barnes,27,2.7,7.8947400000000005,14.91713,19.7,0,6,0,0,0,0,0,0,0.0,0,0,0.0,0,0,0,0,0,0,0,nba_boxscorematchupsv3
1,2025-26,Playoffs,Western Conference Semifinals,2026_min_sas_api_20261005,0042500232,2,2026-05-06,1610612750,MIN,204060,Joe Ingles,1610612759,SAS,202687,Bismack Biyombo,7,0.5,11.86441,3.8674,11.3,0,0,0,0,0,0,0,0,0.0,0,0,0.0,0,0,0,0,0,0,0,nba_boxscorematchupsv3
1,2025-26,Playoffs,Western Conference Semifinals,2026_min_sas_api_20261005,0042500232,2,2026-05-06,1610612750,MIN,204060,Joe Ingles,1610612759,SAS,1642868,Carter Bryant,56,5.6,16.09195,30.939230000000002,48.5,3,7,0,0,1,0,1,1,100.0,1,1,100.0,0,0,0,0,0,0,0,nba_boxscorematchupsv3
1,2025-26,Playoffs,Western Conference Semifinals,2026_min_sas_api_20261005,0042500232,2,2026-05-06,1610612750,MIN,204060,Joe Ingles,1610612759,SAS,1629162,Jordan McLaughlin,13,0.6,7.06522,7.182320000000001,5.6000000000000005,1,3,0,0,0,0,0,0,0.0,0,0,0.0,1,2,0,0,0,0,0,nba_boxscorematchupsv3
1,2025-26,Playoffs,Western Conference Semifinals,2026_min_sas_api_20261005,0042500232,2,2026-05-06,1610612750,MIN,204060,Joe Ingles,1610612759,SAS,203482,Kelly Olynyk,44,5.2,23.78378,24.30939,22.0,0,5,0,0,0,0,0,0,0.0,0,0,0.0,0,0,0,0,0,0,0,nba_boxscorematchupsv3
1,2025-26,Playoffs,Western Conference Semifinals,2026_min_sas_api_20261005,0042500232,2,2026-05-06,1610612750,MIN,204060,Joe Ingles,1610612759,SAS,203486,Mason Plumlee,17,2.2,28.81356,9.39227,32.7,3,3,0,0,0,0,1,2,50.0,1,2,50.0,0,0,0,0,0,0,0,nba_boxscorematchupsv3
1,2025-26,Playoffs,Western Conference Semifinals,2026_min_sas_api_20261005,0042500232,2,2026-05-06,1610612750,MIN,204060,Joe Ingles,1610612759,SAS,1630322,Lindy Waters III,17,2.2,10.55901,9.39227,10.5,0,3,0,0,0,0,0,0,0.0,0,0,0.0,0,0,0,0,0,0,0,nba_boxscorematchupsv3
1,2025-26,Playoffs,Western Conference Semifinals,2026_min_sas_api_20261005,0042500232,2,2026-05-06,1610612750,MIN,1641763,Julian Phillips,1610612759,SAS,203084,Harrison Barnes,54,5.9,15.78947,29.67033,37.5,0,7,0,0,0,0,0,0,0.0,0,0,0.0,0,0,0,0,0,0,0,nba_boxscorematchupsv3
1,2025-26,Playoffs,Western Conference Semifinals,2026_min_sas_api_20261005,0042500232,2,2026-05-06,1610612750,MIN,1641763,Julian Phillips,1610612759,SAS,202687,Bismack Biyombo,9,1.1,15.25424,4.94505,13.200000000000001,0,2,0,0,0,0,0,0,0.0,0,0,0.0,0,0,0,0,0,0,0,nba_boxscorematchupsv3
1,2025-26,Playoffs,Western Conference Semifinals,2026_min_sas_api_20261005,0042500232,2,2026-05-06,1610612750,MIN,1641763,Julian Phillips,1610612759,SAS,1642868,Carter Bryant,35,4.1,10.05747,19.23077,23.7,0,7,1,0,0,0,0,0,0.0,0,0,0.0,0,0,0,0,0,0,0,nba_boxscorematchupsv3
1,2025-26,Playoffs,Western Conference Semifinals,2026_min_sas_api_20261005,0042500232,2,2026-05-06,1610612750,MIN,1641763,Julian Phillips,1610612759,SAS,1629162,Jordan McLaughlin,34,3.5,18.47826,18.68132,19.3,0,7,0,0,0,0,0,1,0.0,0,0,0.0,0,0,0,0,0,0,0,nba_boxscorematchupsv3
1,2025-26,Playoffs,Western Conference Semifinals,2026_min_sas_api_20261005,0042500232,2,2026-05-06,1610612750,MIN,1641763,Julian Phillips,1610612759,SAS,203482,Kelly Olynyk,6,0.6,3.24324,3.2967000000000004,7.199999999999999,0,0,0,0,0,0,0,0,0.0,0,0,0.0,0,0,0,0,0,0,0,nba_boxscorematchupsv3
1,2025-26,Playoffs,Western Conference Semifinals,2026_min_sas_api_20261005,0042500232,2,2026-05-06,1610612750,MIN,1641763,Julian Phillips,1610612759,SAS,203486,Mason Plumlee,7,0.0,11.86441,3.84615,8.5,3,3,0,0,0,1,1,1,100.0,1,1,100.0,0,0,0,0,0,0,0,nba_boxscorematchupsv3
1,2025-26,Playoffs,Western Conference Semifinals,2026_min_sas_api_20261005,0042500232,2,2026-05-06,1610612750,MIN,1641763,Julian Phillips,1610612759,SAS,1630322,Lindy Waters III,37,4.4,22.981370000000002,20.32967,25.3,0,2,0,0,0,0,0,1,0.0,0,0,0.0,0,0,0,0,0,0,0,nba_boxscorematchupsv3
1,2025-26,Playoffs,Western Conference Semifinals,2026_min_sas_api_20261005,0042500232,2,2026-05-06,1610612750,MIN,1642866,Joan Beringer,1610612759,SAS,203084,Harrison Barnes,12,1.5,3.50877,7.14286,13.3,0,2,0,0,0,0,0,0,0.0,0,0,0.0,0,0,0,0,0,0,0,nba_boxscorematchupsv3
1,2025-26,Playoffs,Western Conference Semifinals,2026_min_sas_api_20261005,0042500232,2,2026-05-06,1610612750,MIN,1642866,Joan Beringer,1610612759,SAS,202687,Bismack Biyombo,37,2.9,62.711859999999994,22.023809999999997,56.39999999999999,2,8,0,0,0,0,1,2,50.0,0,0,0.0,0,0,0,0,0,0,0,nba_boxscorematchupsv3
1,2025-26,Playoffs,Western Conference Semifinals,2026_min_sas_api_20261005,0042500232,2,2026-05-06,1610612750,MIN,1642866,Joan Beringer,1610612759,SAS,1642868,Carter Bryant,6,0.5,1.72414,3.57143,4.3999999999999995,0,0,0,0,0,0,0,0,0.0,0,0,0.0,0,0,0,0,0,0,0,nba_boxscorematchupsv3
1,2025-26,Playoffs,Western Conference Semifinals,2026_min_sas_api_20261005,0042500232,2,2026-05-06,1610612750,MIN,1642866,Joan Beringer,1610612759,SAS,1629162,Jordan McLaughlin,9,1.3,4.8913,5.35714,6.0,0,0,0,0,0,0,0,0,0.0,0,0,0.0,0,0,0,0,0,0,0,nba_boxscorematchupsv3
1,2025-26,Playoffs,Western Conference Semifinals,2026_min_sas_api_20261005,0042500232,2,2026-05-06,1610612750,MIN,1642866,Joan Beringer,1610612759,SAS,203482,Kelly Olynyk,77,8.1,41.62162,45.83333,48.1,3,11,0,0,1,0,1,1,100.0,0,0,0.0,1,2,0,0,0,0,0,nba_boxscorematchupsv3
1,2025-26,Playoffs,Western Conference Semifinals,2026_min_sas_api_20261005,0042500232,2,2026-05-06,1610612750,MIN,1642866,Joan Beringer,1610612759,SAS,203486,Mason Plumlee,16,1.5,27.11864,9.523810000000001,27.700000000000003,2,2,0,0,0,1,1,1,100.0,0,0,0.0,0,0,0,0,0,0,0,nba_boxscorematchupsv3
1,2025-26,Playoffs,Western Conference Semifinals,2026_min_sas_api_20261005,0042500232,2,2026-05-06,1610612750,MIN,1642866,Joan Beringer,1610612759,SAS,1630322,Lindy Waters III,11,1.7,6.832299999999999,6.54762,9.2,0,0,0,0,0,0,0,0,0.0,0,0,0.0,0,0,0,0,0,0,0,nba_boxscorematchupsv3
1,2025-26,Playoffs,Western Conference Semifinals,2026_min_sas_api_20261005,0042500233,3,2026-05-08,1610612750,MIN,1630183,Jaden McDaniels,1610612759,SAS,203084,Harrison Barnes,23,1.6,12.6,2.3,12.6,0,0,0,0,0,0,0,0,0.0,0,0,0.0,0,0,0,0,0,0,0,nba_boxscorematchupsv3
1,2025-26,Playoffs,Western Conference Semifinals,2026_min_sas_api_20261005,0042500233,3,2026-05-08,1610612750,MIN,1630183,Jaden McDaniels,1610612759,SAS,1642868,Carter Bryant,23,1.4,11.899999999999999,2.4,11.899999999999999,0,0,0,0,0,0,0,2,0.0,0,0,0.0,0,0,0,0,0,0,0,nba_boxscorematchupsv3
1,2025-26,Playoffs,Western Conference Semifinals,2026_min_sas_api_20261005,0042500233,3,2026-05-08,1610612750,MIN,1630183,Jaden McDaniels,1610612759,SAS,1642264,Stephon Castle,74,7.0,7.6,7.5,8.200000000000001,0,10,1,0,0,0,0,0,0.0,0,0,0.0,0,0,0,0,0,0,0,nba_boxscorematchupsv3
1,2025-26,Playoffs,Western Conference Semifinals,2026_min_sas_api_20261005,0042500233,3,2026-05-08,1610612750,MIN,1630183,Jaden McDaniels,1610612759,SAS,1630577,Julian Champagnie,234,16.4,32.7,23.7,37.0,2,10,0,0,0,0,1,5,20.0,0,0,0.0,0,0,0,0,0,0,0,nba_boxscorematchupsv3
1,2025-26,Playoffs,Western Conference Semifinals,2026_min_sas_api_20261005,0042500233,3,2026-05-08,1610612750,MIN,1630183,Jaden McDaniels,1610612759,SAS,1628368,De'Aaron Fox,131,9.9,15.8,13.3,18.7,0,6,0,0,0,0,0,3,0.0,0,0,0.0,0,0,0,0,0,0,0,nba_boxscorematchupsv3
1,2025-26,Playoffs,Western Conference Semifinals,2026_min_sas_api_20261005,0042500233,3,2026-05-08,1610612750,MIN,1630183,Jaden McDaniels,1610612759,SAS,1642844,Dylan Harper,47,4.0,9.9,4.8,13.700000000000001,0,5,0,0,0,0,0,0,0.0,0,0,0.0,0,0,0,0,0,0,0,nba_boxscorematchupsv3
1,2025-26,Playoffs,Western Conference Semifinals,2026_min_sas_api_20261005,0042500233,3,2026-05-08,1610612750,MIN,1630183,Jaden McDaniels,1610612759,SAS,1629640,Keldon Johnson,24,2.8,5.800000000000001,2.5,10.100000000000001,0,5,0,0,0,0,0,1,0.0,0,0,0.0,0,0,0,0,0,0,0,nba_boxscorematchupsv3
1,2025-26,Playoffs,Western Conference Semifinals,2026_min_sas_api_20261005,0042500233,3,2026-05-08,1610612750,MIN,1630183,Jaden McDaniels,1610612759,SAS,1628436,Luke Kornet,7,1.0,3.1,0.7000000000000001,3.6999999999999997,2,5,0,0,0,0,0,0,0.0,0,0,0.0,2,2,1,0,0,0,0,nba_boxscorematchupsv3
1,2025-26,Playoffs,Western Conference Semifinals,2026_min_sas_api_20261005,0042500233,3,2026-05-08,1610612750,MIN,1630183,Jaden McDaniels,1610612759,SAS,1630170,Devin Vassell,181,16.2,20.8,18.4,24.0,3,18,0,0,0,0,1,2,50.0,1,2,50.0,0,0,0,0,0,0,0,nba_boxscorematchupsv3
1,2025-26,Playoffs,Western Conference Semifinals,2026_min_sas_api_20261005,0042500233,3,2026-05-08,1610612750,MIN,1630183,Jaden McDaniels,1610612759,SAS,1641705,Victor Wembanyama,240,22.2,25.900000000000002,24.4,30.0,8,24,1,0,0,0,3,9,33.300000000000004,2,5,40.0,0,0,0,0,0,0,0,nba_boxscorematchupsv3
1,2025-26,Playoffs,Western Conference Semifinals,2026_min_sas_api_20261005,0042500233,3,2026-05-08,1610612750,MIN,203944,Julius Randle,1610612759,SAS,203084,Harrison Barnes,59,4.8,32.800000000000004,7.3999999999999995,32.800000000000004,0,7,0,0,0,0,0,0,0.0,0,0,0.0,0,0,0,0,0,0,0,nba_boxscorematchupsv3
1,2025-26,Playoffs,Western Conference Semifinals,2026_min_sas_api_20261005,0042500233,3,2026-05-08,1610612750,MIN,203944,Julius Randle,1610612759,SAS,1642868,Carter Bryant,64,3.9,32.6,8.1,32.6,4,4,0,0,0,0,0,1,0.0,0,0,0.0,4,4,1,0,0,0,0,nba_boxscorematchupsv3
1,2025-26,Playoffs,Western Conference Semifinals,2026_min_sas_api_20261005,0042500233,3,2026-05-08,1610612750,MIN,203944,Julius Randle,1610612759,SAS,1642264,Stephon Castle,390,27.7,40.400000000000006,49.4,55.800000000000004,2,17,0,0,1,0,1,6,16.7,0,2,0.0,0,0,0,0,0,0,0,nba_boxscorematchupsv3
1,2025-26,Playoffs,Western Conference Semifinals,2026_min_sas_api_20261005,0042500233,3,2026-05-08,1610612750,MIN,203944,Julius Randle,1610612759,SAS,1630577,Julian Champagnie,32,4.2,4.5,4.0,5.7,2,4,0,0,1,0,1,2,50.0,0,0,0.0,0,0,0,0,0,0,0,nba_boxscorematchupsv3
1,2025-26,Playoffs,Western Conference Semifinals,2026_min_sas_api_20261005,0042500233,3,2026-05-08,1610612750,MIN,203944,Julius Randle,1610612759,SAS,1628368,De'Aaron Fox,38,4.0,4.5,4.8,5.8999999999999995,2,7,0,0,0,0,1,1,100.0,0,0,0.0,0,0,0,0,0,0,0,nba_boxscorematchupsv3
1,2025-26,Playoffs,Western Conference Semifinals,2026_min_sas_api_20261005,0042500233,3,2026-05-08,1610612750,MIN,203944,Julius Randle,1610612759,SAS,1642844,Dylan Harper,3,0.1,0.6,0.4,1.4000000000000001,0,3,0,0,0,0,0,0,0.0,0,0,0.0,0,0,0,0,0,0,0,nba_boxscorematchupsv3
1,2025-26,Playoffs,Western Conference Semifinals,2026_min_sas_api_20261005,0042500233,3,2026-05-08,1610612750,MIN,203944,Julius Randle,1610612759,SAS,1629640,Keldon Johnson,65,8.5,15.6,8.200000000000001,46.300000000000004,2,13,0,0,0,0,0,0,0.0,0,0,0.0,2,2,1,0,0,0,0,nba_boxscorematchupsv3
1,2025-26,Playoffs,Western Conference Semifinals,2026_min_sas_api_20261005,0042500233,3,2026-05-08,1610612750,MIN,203944,Julius Randle,1610612759,SAS,1628436,Luke Kornet,3,0.2,1.5,0.4,4.0,0,0,0,0,0,0,0,0,0.0,0,0,0.0,0,0,0,0,0,0,0,nba_boxscorematchupsv3
1,2025-26,Playoffs,Western Conference Semifinals,2026_min_sas_api_20261005,0042500233,3,2026-05-08,1610612750,MIN,203944,Julius Randle,1610612759,SAS,1630170,Devin Vassell,31,1.9,3.5999999999999996,3.9,5.7,0,0,0,0,0,0,0,1,0.0,0,0,0.0,0,0,0,0,0,0,0,nba_boxscorematchupsv3
1,2025-26,Playoffs,Western Conference Semifinals,2026_min_sas_api_20261005,0042500233,3,2026-05-08,1610612750,MIN,203944,Julius Randle,1610612759,SAS,1641705,Victor Wembanyama,125,10.1,13.5,15.8,17.7,4,4,0,0,0,1,2,4,50.0,0,1,0.0,0,0,0,0,0,0,0,nba_boxscorematchupsv3
1,2025-26,Playoffs,Western Conference Semifinals,2026_min_sas_api_20261005,0042500233,3,2026-05-08,1610612750,MIN,203497,Rudy Gobert,1610612759,SAS,1642264,Stephon Castle,31,2.1,3.2,4.2,5.4,0,8,0,0,0,0,0,0,0.0,0,0,0.0,0,0,0,0,0,0,0,nba_boxscorematchupsv3
1,2025-26,Playoffs,Western Conference Semifinals,2026_min_sas_api_20261005,0042500233,3,2026-05-08,1610612750,MIN,203497,Rudy Gobert,1610612759,SAS,1630577,Julian Champagnie,22,2.3,3.1,3.0,4.7,0,0,0,0,0,0,0,0,0.0,0,0,0.0,0,0,0,0,0,0,0,nba_boxscorematchupsv3
1,2025-26,Playoffs,Western Conference Semifinals,2026_min_sas_api_20261005,0042500233,3,2026-05-08,1610612750,MIN,203497,Rudy Gobert,1610612759,SAS,1628368,De'Aaron Fox,41,5.3,4.9,5.6000000000000005,9.0,0,5,0,0,0,0,0,0,0.0,0,0,0.0,0,0,0,0,0,0,0,nba_boxscorematchupsv3
1,2025-26,Playoffs,Western Conference Semifinals,2026_min_sas_api_20261005,0042500233,3,2026-05-08,1610612750,MIN,203497,Rudy Gobert,1610612759,SAS,1642844,Dylan Harper,45,4.0,9.5,6.2,10.9,0,6,0,0,0,0,0,0,0.0,0,0,0.0,0,0,0,0,0,0,0,nba_boxscorematchupsv3
1,2025-26,Playoffs,Western Conference Semifinals,2026_min_sas_api_20261005,0042500233,3,2026-05-08,1610612750,MIN,203497,Rudy Gobert,1610612759,SAS,1629640,Keldon Johnson,33,3.4,8.0,4.5,10.100000000000001,4,9,0,0,0,0,2,2,100.0,0,0,0.0,0,0,0,0,0,0,0,nba_boxscorematchupsv3
1,2025-26,Playoffs,Western Conference Semifinals,2026_min_sas_api_20261005,0042500233,3,2026-05-08,1610612750,MIN,203497,Rudy Gobert,1610612759,SAS,1628436,Luke Kornet,171,16.9,76.2,23.400000000000002,76.2,7,17,0,0,1,0,3,3,100.0,0,0,0.0,1,1,1,0,0,0,0,nba_boxscorematchupsv3
1,2025-26,Playoffs,Western Conference Semifinals,2026_min_sas_api_20261005,0042500233,3,2026-05-08,1610612750,MIN,203497,Rudy Gobert,1610612759,SAS,1630170,Devin Vassell,46,5.2,5.3,6.3,6.9,6,12,0,0,0,0,3,3,100.0,0,0,0.0,0,0,0,0,0,0,0,nba_boxscorematchupsv3
1,2025-26,Playoffs,Western Conference Semifinals,2026_min_sas_api_20261005,0042500233,3,2026-05-08,1610612750,MIN,203497,Rudy Gobert,1610612759,SAS,1641705,Victor Wembanyama,377,27.2,40.6,51.800000000000004,75.6,2,31,1,0,0,0,1,2,50.0,0,0,0.0,0,0,0,0,0,0,0,nba_boxscorematchupsv3
1,2025-26,Playoffs,Western Conference Semifinals,2026_min_sas_api_20261005,0042500233,3,2026-05-08,1610612750,MIN,1630162,Anthony Edwards,1610612759,SAS,203084,Harrison Barnes,8,0.6,4.3,0.8,6.4,0,0,0,0,0,0,0,1,0.0,0,0,0.0,0,0,0,0,0,0,0,nba_boxscorematchupsv3
1,2025-26,Playoffs,Western Conference Semifinals,2026_min_sas_api_20261005,0042500233,3,2026-05-08,1610612750,MIN,1630162,Anthony Edwards,1610612759,SAS,1642868,Carter Bryant,30,2.1,15.4,3.1,62.9,0,2,0,0,0,0,0,0,0.0,0,0,0.0,0,0,0,0,0,0,0,nba_boxscorematchupsv3
1,2025-26,Playoffs,Western Conference Semifinals,2026_min_sas_api_20261005,0042500233,3,2026-05-08,1610612750,MIN,1630162,Anthony Edwards,1610612759,SAS,1642264,Stephon Castle,281,30.7,29.099999999999998,28.9,33.900000000000006,15,39,1,0,0,0,6,8,75.0,3,4,75.0,0,0,0,0,0,0,0,nba_boxscorematchupsv3
1,2025-26,Playoffs,Western Conference Semifinals,2026_min_sas_api_20261005,0042500233,3,2026-05-08,1610612750,MIN,1630162,Anthony Edwards,1610612759,SAS,1630577,Julian Champagnie,66,7.3,9.2,6.7,9.3,3,12,1,0,0,0,1,2,50.0,1,1,100.0,0,0,0,0,0,0,0,nba_boxscorematchupsv3
1,2025-26,Playoffs,Western Conference Semifinals,2026_min_sas_api_20261005,0042500233,3,2026-05-08,1610612750,MIN,1630162,Anthony Edwards,1610612759,SAS,1628368,De'Aaron Fox,91,9.0,11.0,9.3,12.5,6,15,1,0,0,0,3,6,50.0,0,1,0.0,0,0,0,0,0,0,0,nba_boxscorematchupsv3
1,2025-26,Playoffs,Western Conference Semifinals,2026_min_sas_api_20261005,0042500233,3,2026-05-08,1610612750,MIN,1630162,Anthony Edwards,1610612759,SAS,1642844,Dylan Harper,126,9.0,26.3,12.9,33.2,4,11,2,0,0,0,2,7,28.599999999999998,0,3,0.0,0,0,0,0,0,0,0,nba_boxscorematchupsv3
1,2025-26,Playoffs,Western Conference Semifinals,2026_min_sas_api_20261005,0042500233,3,2026-05-08,1610612750,MIN,1630162,Anthony Edwards,1610612759,SAS,1629640,Keldon Johnson,62,6.1,15.0,6.4,20.8,6,9,1,0,0,0,3,4,75.0,0,0,0.0,0,0,0,0,0,0,0,nba_boxscorematchupsv3
1,2025-26,Playoffs,Western Conference Semifinals,2026_min_sas_api_20261005,0042500233,3,2026-05-08,1610612750,MIN,1630162,Anthony Edwards,1610612759,SAS,1628436,Luke Kornet,12,1.2,5.2,1.2,6.4,2,2,0,0,0,0,1,3,33.300000000000004,0,1,0.0,0,0,0,0,0,0,0,nba_boxscorematchupsv3
1,2025-26,Playoffs,Western Conference Semifinals,2026_min_sas_api_20261005,0042500233,3,2026-05-08,1610612750,MIN,1630162,Anthony Edwards,1610612759,SAS,1630170,Devin Vassell,340,25.4,39.1,34.9,42.9,4,13,0,0,0,0,2,4,50.0,0,1,0.0,0,0,0,0,0,0,0,nba_boxscorematchupsv3
1,2025-26,Playoffs,Western Conference Semifinals,2026_min_sas_api_20261005,0042500233,3,2026-05-08,1610612750,MIN,1630162,Anthony Edwards,1610612759,SAS,1641705,Victor Wembanyama,42,3.7,4.5,4.3,5.4,3,3,2,0,0,0,0,1,0.0,0,1,0.0,3,4,1,0,0,0,0,nba_boxscorematchupsv3
1,2025-26,Playoffs,Western Conference Semifinals,2026_min_sas_api_20261005,0042500233,3,2026-05-08,1610612750,MIN,201144,Mike Conley,1610612759,SAS,1642264,Stephon Castle,6,0.4,0.7000000000000001,6.800000000000001,6.800000000000001,0,0,0,0,0,0,0,0,0.0,0,0,0.0,0,0,0,0,0,0,0,nba_boxscorematchupsv3
1,2025-26,Playoffs,Western Conference Semifinals,2026_min_sas_api_20261005,0042500233,3,2026-05-08,1610612750,MIN,201144,Mike Conley,1610612759,SAS,1630577,Julian Champagnie,28,2.8,3.9,29.5,29.5,0,1,0,0,0,0,0,0,0.0,0,0,0.0,0,0,0,0,0,0,0,nba_boxscorematchupsv3
1,2025-26,Playoffs,Western Conference Semifinals,2026_min_sas_api_20261005,0042500233,3,2026-05-08,1610612750,MIN,201144,Mike Conley,1610612759,SAS,1628368,De'Aaron Fox,49,4.6,5.8999999999999995,51.7,51.7,0,0,0,0,1,0,0,0,0.0,0,0,0.0,0,0,0,0,0,0,0,nba_boxscorematchupsv3
1,2025-26,Playoffs,Western Conference Semifinals,2026_min_sas_api_20261005,0042500233,3,2026-05-08,1610612750,MIN,201144,Mike Conley,1610612759,SAS,1630170,Devin Vassell,4,0.3,0.4,3.6999999999999997,3.6999999999999997,0,0,0,0,0,0,0,1,0.0,0,1,0.0,0,0,0,0,0,0,0,nba_boxscorematchupsv3
1,2025-26,Playoffs,Western Conference Semifinals,2026_min_sas_api_20261005,0042500233,3,2026-05-08,1610612750,MIN,201144,Mike Conley,1610612759,SAS,1641705,Victor Wembanyama,3,0.3,0.3,3.1,3.1,0,0,0,0,0,0,0,0,0.0,0,0,0.0,0,0,0,0,0,0,0,nba_boxscorematchupsv3
1,2025-26,Playoffs,Western Conference Semifinals,2026_min_sas_api_20261005,0042500233,3,2026-05-08,1610612750,MIN,1629675,Naz Reid,1610612759,SAS,203084,Harrison Barnes,72,3.8,40.1,9.4,40.1,0,4,0,0,0,0,0,0,0.0,0,0,0.0,0,0,0,0,0,0,0,nba_boxscorematchupsv3
1,2025-26,Playoffs,Western Conference Semifinals,2026_min_sas_api_20261005,0042500233,3,2026-05-08,1610612750,MIN,1629675,Naz Reid,1610612759,SAS,1642868,Carter Bryant,14,1.3,7.000000000000001,1.7999999999999998,7.5,0,3,0,0,0,0,0,1,0.0,0,1,0.0,0,0,0,0,0,0,0,nba_boxscorematchupsv3
1,2025-26,Playoffs,Western Conference Semifinals,2026_min_sas_api_20261005,0042500233,3,2026-05-08,1610612750,MIN,1629675,Naz Reid,1610612759,SAS,1642264,Stephon Castle,50,5.3,5.2,6.6000000000000005,8.0,3,3,0,0,0,0,1,3,33.300000000000004,1,1,100.0,0,0,0,0,0,0,0,nba_boxscorematchupsv3
1,2025-26,Playoffs,Western Conference Semifinals,2026_min_sas_api_20261005,0042500233,3,2026-05-08,1610612750,MIN,1629675,Naz Reid,1610612759,SAS,1630577,Julian Champagnie,174,14.2,24.3,22.8,47.099999999999994,5,20,2,0,0,0,2,3,66.7,1,2,50.0,0,0,0,0,0,0,0,nba_boxscorematchupsv3
1,2025-26,Playoffs,Western Conference Semifinals,2026_min_sas_api_20261005,0042500233,3,2026-05-08,1610612750,MIN,1629675,Naz Reid,1610612759,SAS,1628368,De'Aaron Fox,41,5.9,5.0,5.4,7.8,2,7,1,0,0,0,0,1,0.0,0,1,0.0,2,2,1,0,0,0,0,nba_boxscorematchupsv3
1,2025-26,Playoffs,Western Conference Semifinals,2026_min_sas_api_20261005,0042500233,3,2026-05-08,1610612750,MIN,1629675,Naz Reid,1610612759,SAS,1642844,Dylan Harper,34,2.6,7.1,4.3999999999999995,10.2,2,4,0,0,0,0,1,1,100.0,0,0,0.0,0,0,0,0,0,0,0,nba_boxscorematchupsv3
1,2025-26,Playoffs,Western Conference Semifinals,2026_min_sas_api_20261005,0042500233,3,2026-05-08,1610612750,MIN,1629675,Naz Reid,1610612759,SAS,1629640,Keldon Johnson,214,18.8,51.6,28.1,59.099999999999994,3,13,0,0,0,0,1,1,100.0,1,1,100.0,0,0,0,0,0,0,0,nba_boxscorematchupsv3
1,2025-26,Playoffs,Western Conference Semifinals,2026_min_sas_api_20261005,0042500233,3,2026-05-08,1610612750,MIN,1629675,Naz Reid,1610612759,SAS,1628436,Luke Kornet,23,2.9,10.2,3.0,16.1,3,3,0,0,0,0,1,2,50.0,1,1,100.0,0,2,1,0,0,0,0,nba_boxscorematchupsv3
1,2025-26,Playoffs,Western Conference Semifinals,2026_min_sas_api_20261005,0042500233,3,2026-05-08,1610612750,MIN,1629675,Naz Reid,1610612759,SAS,1630170,Devin Vassell,40,3.8,4.6,5.3,8.200000000000001,0,5,0,0,0,0,0,1,0.0,0,1,0.0,0,0,0,0,0,0,0,nba_boxscorematchupsv3
1,2025-26,Playoffs,Western Conference Semifinals,2026_min_sas_api_20261005,0042500233,3,2026-05-08,1610612750,MIN,1629675,Naz Reid,1610612759,SAS,1641705,Victor Wembanyama,48,3.2,5.2,6.4,7.9,0,8,2,0,0,0,0,0,0.0,0,0,0.0,0,0,0,0,0,0,0,nba_boxscorematchupsv3
1,2025-26,Playoffs,Western Conference Semifinals,2026_min_sas_api_20261005,0042500233,3,2026-05-08,1610612750,MIN,1630245,Ayo Dosunmu,1610612759,SAS,203084,Harrison Barnes,9,0.3,5.0,1.2,8.5,0,0,0,0,0,0,0,0,0.0,0,0,0.0,0,0,0,0,0,0,0,nba_boxscorematchupsv3
1,2025-26,Playoffs,Western Conference Semifinals,2026_min_sas_api_20261005,0042500233,3,2026-05-08,1610612750,MIN,1630245,Ayo Dosunmu,1610612759,SAS,1642868,Carter Bryant,4,1.0,2.3,0.6,2.3,0,0,0,0,0,0,0,0,0.0,0,0,0.0,0,0,0,0,0,0,0,nba_boxscorematchupsv3
1,2025-26,Playoffs,Western Conference Semifinals,2026_min_sas_api_20261005,0042500233,3,2026-05-08,1610612750,MIN,1630245,Ayo Dosunmu,1610612759,SAS,1642264,Stephon Castle,65,5.8,6.7,8.4,10.5,0,3,0,0,1,0,0,2,0.0,0,1,0.0,0,0,0,0,0,0,0,nba_boxscorematchupsv3
1,2025-26,Playoffs,Western Conference Semifinals,2026_min_sas_api_20261005,0042500233,3,2026-05-08,1610612750,MIN,1630245,Ayo Dosunmu,1610612759,SAS,1630577,Julian Champagnie,38,3.8,5.3,5.0,8.7,0,2,0,0,1,0,0,0,0.0,0,0,0.0,0,0,0,0,0,0,0,nba_boxscorematchupsv3
1,2025-26,Playoffs,Western Conference Semifinals,2026_min_sas_api_20261005,0042500233,3,2026-05-08,1610612750,MIN,1630245,Ayo Dosunmu,1610612759,SAS,1628368,De'Aaron Fox,362,30.1,43.8,47.3,63.3,11,46,1,0,0,0,4,6,66.7,3,4,75.0,0,0,0,0,0,0,0,nba_boxscorematchupsv3
1,2025-26,Playoffs,Western Conference Semifinals,2026_min_sas_api_20261005,0042500233,3,2026-05-08,1610612750,MIN,1630245,Ayo Dosunmu,1610612759,SAS,1642844,Dylan Harper,117,8.2,24.6,15.299999999999999,39.6,0,12,1,0,0,0,0,3,0.0,0,2,0.0,0,0,0,0,0,0,0,nba_boxscorematchupsv3
1,2025-26,Playoffs,Western Conference Semifinals,2026_min_sas_api_20261005,0042500233,3,2026-05-08,1610612750,MIN,1630245,Ayo Dosunmu,1610612759,SAS,1629640,Keldon Johnson,17,1.4,4.0,2.1999999999999997,5.5,0,2,0,0,0,0,0,0,0.0,0,0,0.0,0,0,0,0,0,0,0,nba_boxscorematchupsv3
1,2025-26,Playoffs,Western Conference Semifinals,2026_min_sas_api_20261005,0042500233,3,2026-05-08,1610612750,MIN,1630245,Ayo Dosunmu,1610612759,SAS,1628436,Luke Kornet,4,0.5,1.7999999999999998,0.5,4.2,0,0,0,0,0,0,0,0,0.0,0,0,0.0,0,0,0,0,0,0,0,nba_boxscorematchupsv3
1,2025-26,Playoffs,Western Conference Semifinals,2026_min_sas_api_20261005,0042500233,3,2026-05-08,1610612750,MIN,1630245,Ayo Dosunmu,1610612759,SAS,1630170,Devin Vassell,74,9.7,8.5,9.6,13.5,0,4,1,0,2,0,0,1,0.0,0,1,0.0,0,0,0,0,0,0,0,nba_boxscorematchupsv3
1,2025-26,Playoffs,Western Conference Semifinals,2026_min_sas_api_20261005,0042500233,3,2026-05-08,1610612750,MIN,1630245,Ayo Dosunmu,1610612759,SAS,1641705,Victor Wembanyama,54,5.3,5.800000000000001,7.000000000000001,8.1,0,0,0,0,1,0,0,0,0.0,0,0,0.0,0,0,0,0,0,0,0,nba_boxscorematchupsv3
1,2025-26,Playoffs,Western Conference Semifinals,2026_min_sas_api_20261005,0042500233,3,2026-05-08,1610612750,MIN,1630545,Terrence Shannon Jr,1610612759,SAS,203084,Harrison Barnes,9,0.7,5.1,1.3,6.9,0,2,0,0,0,0,0,0,0.0,0,0,0.0,0,0,0,0,0,0,0,nba_boxscorematchupsv3
1,2025-26,Playoffs,Western Conference Semifinals,2026_min_sas_api_20261005,0042500233,3,2026-05-08,1610612750,MIN,1630545,Terrence Shannon Jr,1610612759,SAS,1642868,Carter Bryant,60,3.3,30.8,8.6,40.8,3,3,0,0,0,0,1,2,50.0,1,2,50.0,0,0,0,0,0,0,0,nba_boxscorematchupsv3
1,2025-26,Playoffs,Western Conference Semifinals,2026_min_sas_api_20261005,0042500233,3,2026-05-08,1610612750,MIN,1630545,Terrence Shannon Jr,1610612759,SAS,1642264,Stephon Castle,70,5.6,7.199999999999999,10.0,13.8,2,11,0,0,0,0,1,1,100.0,0,0,0.0,0,0,0,0,0,0,0,nba_boxscorematchupsv3
1,2025-26,Playoffs,Western Conference Semifinals,2026_min_sas_api_20261005,0042500233,3,2026-05-08,1610612750,MIN,1630545,Terrence Shannon Jr,1610612759,SAS,1630577,Julian Champagnie,123,11.0,17.2,17.599999999999998,39.1,0,17,0,0,0,0,0,0,0.0,0,0,0.0,0,0,0,0,0,0,0,nba_boxscorematchupsv3
1,2025-26,Playoffs,Western Conference Semifinals,2026_min_sas_api_20261005,0042500233,3,2026-05-08,1610612750,MIN,1630545,Terrence Shannon Jr,1610612759,SAS,1628368,De'Aaron Fox,75,6.2,9.0,10.7,17.7,0,0,0,0,0,0,0,0,0.0,0,0,0.0,0,0,0,0,0,0,0,nba_boxscorematchupsv3
1,2025-26,Playoffs,Western Conference Semifinals,2026_min_sas_api_20261005,0042500233,3,2026-05-08,1610612750,MIN,1630545,Terrence Shannon Jr,1610612759,SAS,1642844,Dylan Harper,106,10.2,22.1,15.2,25.2,0,10,1,0,1,0,0,0,0.0,0,0,0.0,0,0,0,0,0,0,0,nba_boxscorematchupsv3
1,2025-26,Playoffs,Western Conference Semifinals,2026_min_sas_api_20261005,0042500233,3,2026-05-08,1610612750,MIN,1630545,Terrence Shannon Jr,1610612759,SAS,1628436,Luke Kornet,5,0.5,2.1,0.7000000000000001,2.3,0,2,0,0,0,0,0,1,0.0,0,0,0.0,0,0,0,0,0,0,0,nba_boxscorematchupsv3
1,2025-26,Playoffs,Western Conference Semifinals,2026_min_sas_api_20261005,0042500233,3,2026-05-08,1610612750,MIN,1630545,Terrence Shannon Jr,1610612759,SAS,1630170,Devin Vassell,153,12.8,17.599999999999998,22.0,33.800000000000004,0,19,1,0,0,0,0,2,0.0,0,0,0.0,0,0,0,0,0,0,0,nba_boxscorematchupsv3
1,2025-26,Playoffs,Western Conference Semifinals,2026_min_sas_api_20261005,0042500233,3,2026-05-08,1610612750,MIN,1630545,Terrence Shannon Jr,1610612759,SAS,1641705,Victor Wembanyama,39,3.9,4.2,5.6000000000000005,8.1,0,2,0,0,0,0,0,1,0.0,0,1,0.0,0,0,0,0,0,0,0,nba_boxscorematchupsv3
1,2025-26,Playoffs,Western Conference Semifinals,2026_min_sas_api_20261005,0042500233,3,2026-05-08,1610612759,SAS,1630170,Devin Vassell,1610612750,MIN,201144,Mike Conley,25,1.9,25.2,3.0,25.2,0,0,0,0,0,0,0,0,0.0,0,0,0.0,0,0,0,0,0,0,0,nba_boxscorematchupsv3
1,2025-26,Playoffs,Western Conference Semifinals,2026_min_sas_api_20261005,0042500233,3,2026-05-08,1610612759,SAS,1630170,Devin Vassell,1610612750,MIN,1630245,Ayo Dosunmu,107,12.0,14.499999999999998,12.9,20.200000000000003,2,18,0,0,1,0,1,4,25.0,0,2,0.0,0,0,0,0,0,0,0,nba_boxscorematchupsv3
1,2025-26,Playoffs,Western Conference Semifinals,2026_min_sas_api_20261005,0042500233,3,2026-05-08,1610612759,SAS,1630170,Devin Vassell,1610612750,MIN,1630162,Anthony Edwards,284,23.6,31.1,34.1,37.8,0,22,1,0,0,0,0,1,0.0,0,1,0.0,0,0,0,0,0,0,0,nba_boxscorematchupsv3
1,2025-26,Playoffs,Western Conference Semifinals,2026_min_sas_api_20261005,0042500233,3,2026-05-08,1610612759,SAS,1630170,Devin Vassell,1610612750,MIN,203497,Rudy Gobert,48,2.4,6.5,5.800000000000001,7.199999999999999,4,6,1,0,0,0,2,3,66.7,0,0,0.0,0,0,0,0,0,0,0,nba_boxscorematchupsv3
1,2025-26,Playoffs,Western Conference Semifinals,2026_min_sas_api_20261005,0042500233,3,2026-05-08,1610612759,SAS,1630170,Devin Vassell,1610612750,MIN,1630183,Jaden McDaniels,103,10.5,11.5,12.4,14.7,2,13,0,0,0,0,1,2,50.0,0,1,0.0,0,0,0,0,0,0,0,nba_boxscorematchupsv3
1,2025-26,Playoffs,Western Conference Semifinals,2026_min_sas_api_20261005,0042500233,3,2026-05-08,1610612759,SAS,1630170,Devin Vassell,1610612750,MIN,203944,Julius Randle,72,6.9,10.5,8.6,15.9,2,12,1,0,0,0,1,1,100.0,0,0,0.0,0,0,0,0,0,0,0,nba_boxscorematchupsv3
1,2025-26,Playoffs,Western Conference Semifinals,2026_min_sas_api_20261005,0042500233,3,2026-05-08,1610612759,SAS,1630170,Devin Vassell,1610612750,MIN,1629675,Naz Reid,63,7.2,8.6,7.5,12.3,5,5,1,0,0,0,2,2,100.0,1,1,100.0,0,0,0,0,0,0,0,nba_boxscorematchupsv3
1,2025-26,Playoffs,Western Conference Semifinals,2026_min_sas_api_20261005,0042500233,3,2026-05-08,1610612759,SAS,1630170,Devin Vassell,1610612750,MIN,1630545,Terrence Shannon Jr,122,8.6,18.6,14.6,27.400000000000002,2,5,0,0,0,0,1,2,50.0,0,0,0.0,0,0,0,0,0,0,0,nba_boxscorematchupsv3
1,2025-26,Playoffs,Western Conference Semifinals,2026_min_sas_api_20261005,0042500233,3,2026-05-08,1610612759,SAS,1630577,Julian Champagnie,1610612750,MIN,201144,Mike Conley,52,4.8,52.6,8.3,52.6,0,4,0,0,0,0,0,0,0.0,0,0,0.0,0,0,0,0,0,0,0,nba_boxscorematchupsv3
1,2025-26,Playoffs,Western Conference Semifinals,2026_min_sas_api_20261005,0042500233,3,2026-05-08,1610612759,SAS,1630577,Julian Champagnie,1610612750,MIN,1630245,Ayo Dosunmu,69,6.7,9.3,10.9,17.7,0,4,0,0,0,0,0,0,0.0,0,0,0.0,0,0,0,0,0,0,0,nba_boxscorematchupsv3
1,2025-26,Playoffs,Western Conference Semifinals,2026_min_sas_api_20261005,0042500233,3,2026-05-08,1610612759,SAS,1630577,Julian Champagnie,1610612750,MIN,1630162,Anthony Edwards,112,10.4,12.2,17.7,18.2,0,17,0,0,0,0,0,1,0.0,0,0,0.0,0,0,0,0,0,0,0,nba_boxscorematchupsv3
1,2025-26,Playoffs,Western Conference Semifinals,2026_min_sas_api_20261005,0042500233,3,2026-05-08,1610612759,SAS,1630577,Julian Champagnie,1610612750,MIN,203497,Rudy Gobert,21,2.6,2.8000000000000003,3.3000000000000003,4.6,0,9,1,0,0,0,0,0,0.0,0,0,0.0,0,0,0,0,0,0,0,nba_boxscorematchupsv3
1,2025-26,Playoffs,Western Conference Semifinals,2026_min_sas_api_20261005,0042500233,3,2026-05-08,1610612759,SAS,1630577,Julian Champagnie,1610612750,MIN,1630183,Jaden McDaniels,146,13.1,16.3,23.200000000000003,27.3,6,16,0,0,0,0,2,4,50.0,2,4,50.0,0,0,0,0,0,0,0,nba_boxscorematchupsv3
1,2025-26,Playoffs,Western Conference Semifinals,2026_min_sas_api_20261005,0042500233,3,2026-05-08,1610612759,SAS,1630577,Julian Champagnie,1610612750,MIN,203944,Julius Randle,31,3.5,4.5,4.9,6.5,0,0,0,0,0,0,0,0,0.0,0,0,0.0,0,0,0,0,0,0,0,nba_boxscorematchupsv3
1,2025-26,Playoffs,Western Conference Semifinals,2026_min_sas_api_20261005,0042500233,3,2026-05-08,1610612759,SAS,1630577,Julian Champagnie,1610612750,MIN,1629675,Naz Reid,113,9.2,15.5,18.0,37.2,0,9,1,0,0,1,0,1,0.0,0,1,0.0,0,0,0,0,0,0,0,nba_boxscorematchupsv3
1,2025-26,Playoffs,Western Conference Semifinals,2026_min_sas_api_20261005,0042500233,3,2026-05-08,1610612759,SAS,1630577,Julian Champagnie,1610612750,MIN,1630545,Terrence Shannon Jr,88,6.6,13.5,14.000000000000002,31.8,0,8,1,0,0,0,0,0,0.0,0,0,0.0,0,0,0,0,0,0,0,nba_boxscorematchupsv3
1,2025-26,Playoffs,Western Conference Semifinals,2026_min_sas_api_20261005,0042500233,3,2026-05-08,1610612759,SAS,1641705,Victor Wembanyama,1610612750,MIN,201144,Mike Conley,10,1.4,9.700000000000001,1.2,9.700000000000001,4,4,0,0,0,0,2,2,100.0,0,0,0.0,0,0,0,0,0,0,0,nba_boxscorematchupsv3
1,2025-26,Playoffs,Western Conference Semifinals,2026_min_sas_api_20261005,0042500233,3,2026-05-08,1610612759,SAS,1641705,Victor Wembanyama,1610612750,MIN,1630245,Ayo Dosunmu,44,3.4,5.8999999999999995,5.4,7.5,5,5,0,0,0,0,1,2,50.0,1,2,50.0,2,2,1,0,0,0,0,nba_boxscorematchupsv3
1,2025-26,Playoffs,Western Conference Semifinals,2026_min_sas_api_20261005,0042500233,3,2026-05-08,1610612759,SAS,1641705,Victor Wembanyama,1610612750,MIN,1630162,Anthony Edwards,57,8.6,6.2,7.000000000000001,8.200000000000001,5,13,0,0,0,0,1,1,100.0,0,0,0.0,3,3,1,0,0,0,0,nba_boxscorematchupsv3
1,2025-26,Playoffs,Western Conference Semifinals,2026_min_sas_api_20261005,0042500233,3,2026-05-08,1610612759,SAS,1641705,Victor Wembanyama,1610612750,MIN,203497,Rudy Gobert,337,30.1,45.7,41.699999999999996,74.2,14,37,1,0,0,1,6,9,66.7,1,1,100.0,1,2,1,0,0,0,0,nba_boxscorematchupsv3
1,2025-26,Playoffs,Western Conference Semifinals,2026_min_sas_api_20261005,0042500233,3,2026-05-08,1610612759,SAS,1641705,Victor Wembanyama,1610612750,MIN,1630183,Jaden McDaniels,124,13.1,13.8,15.4,17.9,2,18,0,0,0,0,1,1,100.0,0,0,0.0,0,0,0,0,0,0,0,nba_boxscorematchupsv3
1,2025-26,Playoffs,Western Conference Semifinals,2026_min_sas_api_20261005,0042500233,3,2026-05-08,1610612759,SAS,1641705,Victor Wembanyama,1610612750,MIN,203944,Julius Randle,214,18.2,31.4,26.5,34.9,3,7,0,0,0,0,1,1,100.0,0,0,0.0,1,2,1,0,0,0,0,nba_boxscorematchupsv3
1,2025-26,Playoffs,Western Conference Semifinals,2026_min_sas_api_20261005,0042500233,3,2026-05-08,1610612759,SAS,1641705,Victor Wembanyama,1610612750,MIN,1629675,Naz Reid,31,3.7,4.3,3.9,6.1,4,4,0,0,0,0,2,2,100.0,0,0,0.0,0,0,0,0,0,0,0,nba_boxscorematchupsv3
1,2025-26,Playoffs,Western Conference Semifinals,2026_min_sas_api_20261005,0042500233,3,2026-05-08,1610612759,SAS,1641705,Victor Wembanyama,1610612750,MIN,1630545,Terrence Shannon Jr,34,3.7,5.2,4.2,8.6,4,7,0,0,1,0,1,2,50.0,0,1,0.0,2,2,1,0,0,0,0,nba_boxscorematchupsv3
1,2025-26,Playoffs,Western Conference Semifinals,2026_min_sas_api_20261005,0042500233,3,2026-05-08,1610612759,SAS,1628368,De'Aaron Fox,1610612750,MIN,201144,Mike Conley,12,1.9,12.5,1.6,12.5,0,0,0,0,0,0,0,2,0.0,0,0,0.0,0,0,0,0,0,0,0,nba_boxscorematchupsv3
1,2025-26,Playoffs,Western Conference Semifinals,2026_min_sas_api_20261005,0042500233,3,2026-05-08,1610612759,SAS,1628368,De'Aaron Fox,1610612750,MIN,1630245,Ayo Dosunmu,158,16.4,21.3,20.0,27.6,5,23,1,0,1,0,2,5,40.0,1,2,50.0,0,0,0,0,0,0,0,nba_boxscorematchupsv3
1,2025-26,Playoffs,Western Conference Semifinals,2026_min_sas_api_20261005,0042500233,3,2026-05-08,1610612759,SAS,1628368,De'Aaron Fox,1610612750,MIN,1630162,Anthony Edwards,91,8.0,9.9,11.5,14.000000000000002,0,7,0,0,0,1,0,2,0.0,0,1,0.0,0,0,0,0,0,0,0,nba_boxscorematchupsv3
1,2025-26,Playoffs,Western Conference Semifinals,2026_min_sas_api_20261005,0042500233,3,2026-05-08,1610612759,SAS,1628368,De'Aaron Fox,1610612750,MIN,203497,Rudy Gobert,29,2.9,3.9,3.5999999999999996,6.0,0,0,1,0,1,0,0,0,0.0,0,0,0.0,0,0,0,0,0,0,0,nba_boxscorematchupsv3
1,2025-26,Playoffs,Western Conference Semifinals,2026_min_sas_api_20261005,0042500233,3,2026-05-08,1610612759,SAS,1628368,De'Aaron Fox,1610612750,MIN,1630183,Jaden McDaniels,278,26.3,31.0,35.199999999999996,43.8,6,19,1,0,0,0,3,4,75.0,0,0,0.0,0,1,1,0,0,0,0,nba_boxscorematchupsv3
1,2025-26,Playoffs,Western Conference Semifinals,2026_min_sas_api_20261005,0042500233,3,2026-05-08,1610612759,SAS,1628368,De'Aaron Fox,1610612750,MIN,203944,Julius Randle,89,8.3,13.0,11.200000000000001,15.6,4,20,1,0,0,0,1,5,20.0,0,2,0.0,2,2,1,0,0,0,0,nba_boxscorematchupsv3
1,2025-26,Playoffs,Western Conference Semifinals,2026_min_sas_api_20261005,0042500233,3,2026-05-08,1610612759,SAS,1628368,De'Aaron Fox,1610612750,MIN,1629675,Naz Reid,41,3.9,5.6000000000000005,5.2,8.1,0,3,0,0,0,0,0,1,0.0,0,1,0.0,0,0,0,0,0,0,0,nba_boxscorematchupsv3
1,2025-26,Playoffs,Western Conference Semifinals,2026_min_sas_api_20261005,0042500233,3,2026-05-08,1610612759,SAS,1628368,De'Aaron Fox,1610612750,MIN,1630545,Terrence Shannon Jr,99,10.0,15.2,12.6,22.400000000000002,6,12,1,0,1,0,3,3,100.0,0,0,0.0,0,0,0,0,0,0,0,nba_boxscorematchupsv3
1,2025-26,Playoffs,Western Conference Semifinals,2026_min_sas_api_20261005,0042500233,3,2026-05-08,1610612759,SAS,1642264,Stephon Castle,1610612750,MIN,1630245,Ayo Dosunmu,153,13.2,20.599999999999998,17.299999999999997,26.5,1,16,2,0,0,0,0,2,0.0,0,0,0.0,1,2,0,0,0,0,0,nba_boxscorematchupsv3
1,2025-26,Playoffs,Western Conference Semifinals,2026_min_sas_api_20261005,0042500233,3,2026-05-08,1610612759,SAS,1642264,Stephon Castle,1610612750,MIN,1630162,Anthony Edwards,204,21.3,22.3,23.0,26.200000000000003,0,20,2,0,2,0,0,3,0.0,0,1,0.0,0,0,0,0,0,0,0,nba_boxscorematchupsv3
1,2025-26,Playoffs,Western Conference Semifinals,2026_min_sas_api_20261005,0042500233,3,2026-05-08,1610612759,SAS,1642264,Stephon Castle,1610612750,MIN,203497,Rudy Gobert,39,3.9,5.3,4.3999999999999995,7.000000000000001,2,7,1,0,0,1,1,3,33.300000000000004,0,1,0.0,0,0,0,0,0,0,0,nba_boxscorematchupsv3
1,2025-26,Playoffs,Western Conference Semifinals,2026_min_sas_api_20261005,0042500233,3,2026-05-08,1610612759,SAS,1642264,Stephon Castle,1610612750,MIN,1630183,Jaden McDaniels,97,8.2,10.8,10.9,12.3,0,11,0,0,0,0,0,0,0.0,0,0,0.0,0,0,0,0,0,0,0,nba_boxscorematchupsv3
1,2025-26,Playoffs,Western Conference Semifinals,2026_min_sas_api_20261005,0042500233,3,2026-05-08,1610612759,SAS,1642264,Stephon Castle,1610612750,MIN,203944,Julius Randle,144,15.3,21.099999999999998,16.2,24.0,0,16,2,0,1,0,0,0,0.0,0,0,0.0,0,0,0,0,0,0,0,nba_boxscorematchupsv3
1,2025-26,Playoffs,Western Conference Semifinals,2026_min_sas_api_20261005,0042500233,3,2026-05-08,1610612759,SAS,1642264,Stephon Castle,1610612750,MIN,1629675,Naz Reid,68,7.7,9.3,7.7,11.600000000000001,5,12,1,0,0,1,1,2,50.0,0,0,0.0,3,4,2,0,0,0,0,nba_boxscorematchupsv3
1,2025-26,Playoffs,Western Conference Semifinals,2026_min_sas_api_20261005,0042500233,3,2026-05-08,1610612759,SAS,1642264,Stephon Castle,1610612750,MIN,1630545,Terrence Shannon Jr,164,14.7,25.1,18.5,36.5,0,15,5,0,1,0,0,0,0.0,0,0,0.0,0,0,0,0,0,0,0,nba_boxscorematchupsv3
1,2025-26,Playoffs,Western Conference Semifinals,2026_min_sas_api_20261005,0042500233,3,2026-05-08,1610612759,SAS,1642844,Dylan Harper,1610612750,MIN,1630245,Ayo Dosunmu,129,8.5,17.299999999999997,26.700000000000003,41.8,1,9,1,0,0,0,0,0,0.0,0,0,0.0,1,2,1,0,0,0,0,nba_boxscorematchupsv3
1,2025-26,Playoffs,Western Conference Semifinals,2026_min_sas_api_20261005,0042500233,3,2026-05-08,1610612759,SAS,1642844,Dylan Harper,1610612750,MIN,1630162,Anthony Edwards,87,6.8,9.5,18.099999999999998,21.9,0,13,0,0,0,0,0,0,0.0,0,0,0.0,0,0,0,0,0,0,0,nba_boxscorematchupsv3
1,2025-26,Playoffs,Western Conference Semifinals,2026_min_sas_api_20261005,0042500233,3,2026-05-08,1610612759,SAS,1642844,Dylan Harper,1610612750,MIN,203497,Rudy Gobert,22,2.5,3.0,4.6,5.0,2,4,0,0,0,0,1,1,100.0,0,0,0.0,0,0,0,0,0,0,0,nba_boxscorematchupsv3
1,2025-26,Playoffs,Western Conference Semifinals,2026_min_sas_api_20261005,0042500233,3,2026-05-08,1610612759,SAS,1642844,Dylan Harper,1610612750,MIN,1630183,Jaden McDaniels,98,8.1,10.9,20.4,27.6,1,8,0,0,0,0,0,2,0.0,0,1,0.0,1,2,1,0,0,0,0,nba_boxscorematchupsv3
1,2025-26,Playoffs,Western Conference Semifinals,2026_min_sas_api_20261005,0042500233,3,2026-05-08,1610612759,SAS,1642844,Dylan Harper,1610612750,MIN,203944,Julius Randle,33,1.7,4.8,6.800000000000001,18.6,2,2,0,0,0,0,1,1,100.0,0,0,0.0,0,0,0,0,0,0,0,nba_boxscorematchupsv3
1,2025-26,Playoffs,Western Conference Semifinals,2026_min_sas_api_20261005,0042500233,3,2026-05-08,1610612759,SAS,1642844,Dylan Harper,1610612750,MIN,1629675,Naz Reid,33,3.6,4.5,6.9,9.6,2,4,0,0,0,0,0,0,0.0,0,0,0.0,2,2,0,0,0,0,0,nba_boxscorematchupsv3
1,2025-26,Playoffs,Western Conference Semifinals,2026_min_sas_api_20261005,0042500233,3,2026-05-08,1610612759,SAS,1642844,Dylan Harper,1610612750,MIN,1630545,Terrence Shannon Jr,77,8.3,11.799999999999999,16.0,19.8,0,2,0,0,1,0,0,2,0.0,0,1,0.0,0,0,0,0,0,0,0,nba_boxscorematchupsv3
1,2025-26,Playoffs,Western Conference Semifinals,2026_min_sas_api_20261005,0042500233,3,2026-05-08,1610612759,SAS,1629640,Keldon Johnson,1610612750,MIN,1630245,Ayo Dosunmu,22,2.3,3.0,4.7,6.1,0,2,0,0,0,0,0,1,0.0,0,0,0.0,0,0,0,0,0,0,0,nba_boxscorematchupsv3
1,2025-26,Playoffs,Western Conference Semifinals,2026_min_sas_api_20261005,0042500233,3,2026-05-08,1610612759,SAS,1629640,Keldon Johnson,1610612750,MIN,1630162,Anthony Edwards,44,3.7,4.8,9.3,13.0,1,3,0,0,0,0,0,1,0.0,0,1,0.0,1,2,1,0,0,0,0,nba_boxscorematchupsv3
1,2025-26,Playoffs,Western Conference Semifinals,2026_min_sas_api_20261005,0042500233,3,2026-05-08,1610612759,SAS,1629640,Keldon Johnson,1610612750,MIN,203497,Rudy Gobert,42,2.1,5.7,8.9,11.600000000000001,0,2,0,0,0,1,0,1,0.0,0,0,0.0,0,0,0,0,0,0,0,nba_boxscorematchupsv3
1,2025-26,Playoffs,Western Conference Semifinals,2026_min_sas_api_20261005,0042500233,3,2026-05-08,1610612759,SAS,1629640,Keldon Johnson,1610612750,MIN,1630183,Jaden McDaniels,2,0.2,0.2,0.5,0.8,0,2,0,0,0,0,0,0,0.0,0,0,0.0,0,0,0,0,0,0,0,nba_boxscorematchupsv3
1,2025-26,Playoffs,Western Conference Semifinals,2026_min_sas_api_20261005,0042500233,3,2026-05-08,1610612759,SAS,1629640,Keldon Johnson,1610612750,MIN,203944,Julius Randle,49,4.9,7.199999999999999,10.4,30.3,2,6,1,0,0,0,1,1,100.0,0,0,0.0,0,0,0,0,0,0,0,nba_boxscorematchupsv3
1,2025-26,Playoffs,Western Conference Semifinals,2026_min_sas_api_20261005,0042500233,3,2026-05-08,1610612759,SAS,1629640,Keldon Johnson,1610612750,MIN,1629675,Naz Reid,298,26.3,40.699999999999996,63.2,71.2,6,25,0,0,0,0,2,2,100.0,2,2,100.0,0,0,0,0,0,0,0,nba_boxscorematchupsv3
1,2025-26,Playoffs,Western Conference Semifinals,2026_min_sas_api_20261005,0042500233,3,2026-05-08,1610612759,SAS,1629640,Keldon Johnson,1610612750,MIN,1630545,Terrence Shannon Jr,4,0.4,0.6,0.8,0.8999999999999999,0,0,0,0,0,0,0,0,0.0,0,0,0.0,0,0,0,0,0,0,0,nba_boxscorematchupsv3
1,2025-26,Playoffs,Western Conference Semifinals,2026_min_sas_api_20261005,0042500233,3,2026-05-08,1610612759,SAS,1628436,Luke Kornet,1610612750,MIN,1630245,Ayo Dosunmu,3,0.3,0.4,1.0999999999999999,2.1,0,0,0,0,0,0,0,0,0.0,0,0,0.0,0,0,0,0,0,0,0,nba_boxscorematchupsv3
1,2025-26,Playoffs,Western Conference Semifinals,2026_min_sas_api_20261005,0042500233,3,2026-05-08,1610612759,SAS,1628436,Luke Kornet,1610612750,MIN,1630162,Anthony Edwards,2,0.1,0.2,0.7000000000000001,0.8,0,0,0,0,0,0,0,0,0.0,0,0,0.0,0,0,0,0,0,0,0,nba_boxscorematchupsv3
1,2025-26,Playoffs,Western Conference Semifinals,2026_min_sas_api_20261005,0042500233,3,2026-05-08,1610612759,SAS,1628436,Luke Kornet,1610612750,MIN,203497,Rudy Gobert,198,17.9,26.8,75.4,75.4,2,13,0,0,0,0,1,1,100.0,0,0,0.0,0,0,0,0,0,0,0,nba_boxscorematchupsv3
1,2025-26,Playoffs,Western Conference Semifinals,2026_min_sas_api_20261005,0042500233,3,2026-05-08,1610612759,SAS,1628436,Luke Kornet,1610612750,MIN,1630183,Jaden McDaniels,26,2.4,2.9000000000000004,10.0,12.8,0,2,0,0,0,0,0,0,0.0,0,0,0.0,0,0,0,0,0,0,0,nba_boxscorematchupsv3
1,2025-26,Playoffs,Western Conference Semifinals,2026_min_sas_api_20261005,0042500233,3,2026-05-08,1610612759,SAS,1628436,Luke Kornet,1610612750,MIN,203944,Julius Randle,1,0.1,0.2,0.5,2.1,0,0,0,0,0,0,0,0,0.0,0,0,0.0,0,0,0,0,0,0,0,nba_boxscorematchupsv3
1,2025-26,Playoffs,Western Conference Semifinals,2026_min_sas_api_20261005,0042500233,3,2026-05-08,1610612759,SAS,1628436,Luke Kornet,1610612750,MIN,1629675,Naz Reid,21,1.3,2.8000000000000003,7.9,10.7,0,0,0,0,0,0,0,0,0.0,0,0,0.0,0,0,0,0,0,0,0,nba_boxscorematchupsv3
1,2025-26,Playoffs,Western Conference Semifinals,2026_min_sas_api_20261005,0042500233,3,2026-05-08,1610612759,SAS,1628436,Luke Kornet,1610612750,MIN,1630545,Terrence Shannon Jr,26,3.8,3.9,9.700000000000001,10.7,0,8,0,0,0,0,0,0,0.0,0,0,0.0,0,0,0,0,0,0,0,nba_boxscorematchupsv3
1,2025-26,Playoffs,Western Conference Semifinals,2026_min_sas_api_20261005,0042500233,3,2026-05-08,1610612759,SAS,203084,Harrison Barnes,1610612750,MIN,1630245,Ayo Dosunmu,9,0.4,1.2,7.1,11.700000000000001,0,0,0,0,0,0,0,0,0.0,0,0,0.0,0,0,0,0,0,0,0,nba_boxscorematchupsv3
1,2025-26,Playoffs,Western Conference Semifinals,2026_min_sas_api_20261005,0042500233,3,2026-05-08,1610612759,SAS,203084,Harrison Barnes,1610612750,MIN,1630162,Anthony Edwards,29,3.0,3.2,23.7,29.5,0,0,0,0,0,0,0,0,0.0,0,0,0.0,0,0,0,0,0,0,0,nba_boxscorematchupsv3
1,2025-26,Playoffs,Western Conference Semifinals,2026_min_sas_api_20261005,0042500233,3,2026-05-08,1610612759,SAS,203084,Harrison Barnes,1610612750,MIN,1630183,Jaden McDaniels,18,2.5,2.0,14.7,14.7,0,1,0,0,0,0,0,0,0.0,0,0,0.0,0,0,0,0,0,0,0,nba_boxscorematchupsv3
1,2025-26,Playoffs,Western Conference Semifinals,2026_min_sas_api_20261005,0042500233,3,2026-05-08,1610612759,SAS,203084,Harrison Barnes,1610612750,MIN,203944,Julius Randle,10,1.0,1.5,8.5,8.5,0,0,0,0,0,0,0,0,0.0,0,0,0.0,0,0,0,0,0,0,0,nba_boxscorematchupsv3
1,2025-26,Playoffs,Western Conference Semifinals,2026_min_sas_api_20261005,0042500233,3,2026-05-08,1610612759,SAS,203084,Harrison Barnes,1610612750,MIN,1629675,Naz Reid,22,2.4,3.0,17.7,17.7,0,3,0,0,0,0,0,0,0.0,0,0,0.0,0,0,0,0,0,0,0,nba_boxscorematchupsv3
1,2025-26,Playoffs,Western Conference Semifinals,2026_min_sas_api_20261005,0042500233,3,2026-05-08,1610612759,SAS,203084,Harrison Barnes,1610612750,MIN,1630545,Terrence Shannon Jr,27,1.6,4.2,22.3,37.6,0,3,0,0,0,0,0,0,0.0,0,0,0.0,0,0,0,0,0,0,0,nba_boxscorematchupsv3
1,2025-26,Playoffs,Western Conference Semifinals,2026_min_sas_api_20261005,0042500233,3,2026-05-08,1610612759,SAS,1642868,Carter Bryant,1610612750,MIN,1630245,Ayo Dosunmu,49,4.3,6.6000000000000005,28.1,28.1,3,5,0,0,0,0,1,1,100.0,1,1,100.0,0,0,0,0,0,0,0,nba_boxscorematchupsv3
1,2025-26,Playoffs,Western Conference Semifinals,2026_min_sas_api_20261005,0042500233,3,2026-05-08,1610612759,SAS,1642868,Carter Bryant,1610612750,MIN,1630162,Anthony Edwards,5,0.8,0.6,3.1,10.8,0,2,0,0,0,0,0,0,0.0,0,0,0.0,0,0,0,0,0,0,0,nba_boxscorematchupsv3
1,2025-26,Playoffs,Western Conference Semifinals,2026_min_sas_api_20261005,0042500233,3,2026-05-08,1610612759,SAS,1642868,Carter Bryant,1610612750,MIN,203497,Rudy Gobert,2,1.0,0.3,1.2,10.2,0,0,0,0,0,0,0,0,0.0,0,0,0.0,0,0,0,0,0,0,0,nba_boxscorematchupsv3
1,2025-26,Playoffs,Western Conference Semifinals,2026_min_sas_api_20261005,0042500233,3,2026-05-08,1610612759,SAS,1642868,Carter Bryant,1610612750,MIN,1630183,Jaden McDaniels,5,0.6,0.5,2.7,2.7,0,0,0,0,0,0,0,0,0.0,0,0,0.0,0,0,0,0,0,0,0,nba_boxscorematchupsv3
1,2025-26,Playoffs,Western Conference Semifinals,2026_min_sas_api_20261005,0042500233,3,2026-05-08,1610612759,SAS,1642868,Carter Bryant,1610612750,MIN,203944,Julius Randle,40,3.0,5.800000000000001,22.8,22.8,0,3,0,0,0,0,0,0,0.0,0,0,0.0,0,0,0,0,0,0,0,nba_boxscorematchupsv3
1,2025-26,Playoffs,Western Conference Semifinals,2026_min_sas_api_20261005,0042500233,3,2026-05-08,1610612759,SAS,1642868,Carter Bryant,1610612750,MIN,1629675,Naz Reid,41,3.1,5.7,23.7,26.8,3,5,0,0,0,0,1,1,100.0,1,1,100.0,0,0,0,0,0,0,0,nba_boxscorematchupsv3
1,2025-26,Playoffs,Western Conference Semifinals,2026_min_sas_api_20261005,0042500233,3,2026-05-08,1610612759,SAS,1642868,Carter Bryant,1610612750,MIN,1630545,Terrence Shannon Jr,13,1.4,2.0,7.5,10.5,0,2,0,0,0,0,0,0,0.0,0,0,0.0,0,0,0,0,0,0,0,nba_boxscorematchupsv3
1,2025-26,Playoffs,Western Conference Semifinals,2026_min_sas_api_20261005,0042500234,4,2026-05-10,1610612750,MIN,1630183,Jaden McDaniels,1610612759,SAS,203084,Harrison Barnes,31,2.0,15.1,3.2,15.1,0,6,0,0,0,0,0,1,0.0,0,1,0.0,0,0,0,0,0,0,0,nba_boxscorematchupsv3
1,2025-26,Playoffs,Western Conference Semifinals,2026_min_sas_api_20261005,0042500234,4,2026-05-10,1610612750,MIN,1630183,Jaden McDaniels,1610612759,SAS,1642868,Carter Bryant,65,4.9,21.2,6.5,26.200000000000003,0,4,0,0,0,0,0,0,0.0,0,0,0.0,0,0,0,0,0,0,0,nba_boxscorematchupsv3
1,2025-26,Playoffs,Western Conference Semifinals,2026_min_sas_api_20261005,0042500234,4,2026-05-10,1610612750,MIN,1630183,Jaden McDaniels,1610612759,SAS,1642264,Stephon Castle,103,10.7,11.799999999999999,10.299999999999999,12.4,2,8,0,0,0,0,0,0,0.0,0,0,0.0,2,2,1,0,0,0,0,nba_boxscorematchupsv3
1,2025-26,Playoffs,Western Conference Semifinals,2026_min_sas_api_20261005,0042500234,4,2026-05-10,1610612750,MIN,1630183,Jaden McDaniels,1610612759,SAS,1630577,Julian Champagnie,254,20.5,34.0,25.5,38.9,6,19,0,0,1,0,3,4,75.0,0,0,0.0,0,0,0,0,0,0,0,nba_boxscorematchupsv3
1,2025-26,Playoffs,Western Conference Semifinals,2026_min_sas_api_20261005,0042500234,4,2026-05-10,1610612750,MIN,1630183,Jaden McDaniels,1610612759,SAS,1628368,De'Aaron Fox,166,14.6,18.5,16.6,22.1,0,15,0,0,0,0,0,0,0.0,0,0,0.0,0,0,0,0,0,0,0,nba_boxscorematchupsv3
1,2025-26,Playoffs,Western Conference Semifinals,2026_min_sas_api_20261005,0042500234,4,2026-05-10,1610612750,MIN,1630183,Jaden McDaniels,1610612759,SAS,1642844,Dylan Harper,131,8.3,18.4,13.200000000000001,24.8,4,11,0,0,0,0,2,4,50.0,0,0,0.0,0,0,0,0,0,0,0,nba_boxscorematchupsv3
1,2025-26,Playoffs,Western Conference Semifinals,2026_min_sas_api_20261005,0042500234,4,2026-05-10,1610612750,MIN,1630183,Jaden McDaniels,1610612759,SAS,1629640,Keldon Johnson,19,2.1,4.3999999999999995,1.9,7.6,2,2,0,0,0,0,1,1,100.0,0,0,0.0,0,0,0,0,0,0,0,nba_boxscorematchupsv3
1,2025-26,Playoffs,Western Conference Semifinals,2026_min_sas_api_20261005,0042500234,4,2026-05-10,1610612750,MIN,1630183,Jaden McDaniels,1610612759,SAS,1628436,Luke Kornet,40,4.8,6.4,4.0,7.3999999999999995,4,7,0,0,0,0,2,4,50.0,0,0,0.0,0,0,0,0,0,0,0,nba_boxscorematchupsv3
1,2025-26,Playoffs,Western Conference Semifinals,2026_min_sas_api_20261005,0042500234,4,2026-05-10,1610612750,MIN,1630183,Jaden McDaniels,1610612759,SAS,1630170,Devin Vassell,75,5.7,9.6,7.5,10.9,0,9,0,0,0,0,0,2,0.0,0,0,0.0,0,0,0,0,0,0,0,nba_boxscorematchupsv3
1,2025-26,Playoffs,Western Conference Semifinals,2026_min_sas_api_20261005,0042500234,4,2026-05-10,1610612750,MIN,1630183,Jaden McDaniels,1610612759,SAS,1641705,Victor Wembanyama,77,6.6,23.400000000000002,7.8,26.900000000000002,0,2,0,0,0,0,0,1,0.0,0,1,0.0,0,0,0,0,0,0,0,nba_boxscorematchupsv3
1,2025-26,Playoffs,Western Conference Semifinals,2026_min_sas_api_20261005,0042500234,4,2026-05-10,1610612750,MIN,203944,Julius Randle,1610612759,SAS,203084,Harrison Barnes,106,9.0,50.9,11.5,77.9,5,10,1,0,0,0,2,2,100.0,1,1,100.0,0,0,0,0,0,0,0,nba_boxscorematchupsv3
1,2025-26,Playoffs,Western Conference Semifinals,2026_min_sas_api_20261005,0042500234,4,2026-05-10,1610612750,MIN,203944,Julius Randle,1610612759,SAS,1642868,Carter Bryant,45,4.0,14.799999999999999,4.9,16.1,0,6,0,0,0,0,0,0,0.0,0,0,0.0,0,0,0,0,0,0,0,nba_boxscorematchupsv3
1,2025-26,Playoffs,Western Conference Semifinals,2026_min_sas_api_20261005,0042500234,4,2026-05-10,1610612750,MIN,203944,Julius Randle,1610612759,SAS,1642264,Stephon Castle,391,30.8,45.1,42.199999999999996,57.3,2,33,0,0,2,0,1,6,16.7,0,1,0.0,0,0,0,0,0,0,0,nba_boxscorematchupsv3
1,2025-26,Playoffs,Western Conference Semifinals,2026_min_sas_api_20261005,0042500234,4,2026-05-10,1610612750,MIN,203944,Julius Randle,1610612759,SAS,1630577,Julian Champagnie,93,6.3,12.4,10.0,13.8,2,13,0,0,0,0,1,2,50.0,0,0,0.0,0,0,0,0,0,0,0,nba_boxscorematchupsv3
1,2025-26,Playoffs,Western Conference Semifinals,2026_min_sas_api_20261005,0042500234,4,2026-05-10,1610612750,MIN,203944,Julius Randle,1610612759,SAS,1628368,De'Aaron Fox,40,3.0,4.3999999999999995,4.3,5.4,2,4,0,0,0,0,1,1,100.0,0,0,0.0,0,0,0,0,0,0,0,nba_boxscorematchupsv3
1,2025-26,Playoffs,Western Conference Semifinals,2026_min_sas_api_20261005,0042500234,4,2026-05-10,1610612750,MIN,203944,Julius Randle,1610612759,SAS,1642844,Dylan Harper,35,2.9,5.0,3.8,6.4,0,4,0,0,0,0,0,0,0.0,0,0,0.0,0,0,0,0,0,0,0,nba_boxscorematchupsv3
1,2025-26,Playoffs,Western Conference Semifinals,2026_min_sas_api_20261005,0042500234,4,2026-05-10,1610612750,MIN,203944,Julius Randle,1610612759,SAS,1629640,Keldon Johnson,156,10.9,35.6,16.900000000000002,55.800000000000004,2,14,2,0,1,0,1,1,100.0,0,0,0.0,0,0,0,0,0,0,0,nba_boxscorematchupsv3
1,2025-26,Playoffs,Western Conference Semifinals,2026_min_sas_api_20261005,0042500234,4,2026-05-10,1610612750,MIN,203944,Julius Randle,1610612759,SAS,1628436,Luke Kornet,29,3.0,4.6,3.1,7.8,0,5,0,0,2,0,0,1,0.0,0,0,0.0,0,0,0,0,0,0,0,nba_boxscorematchupsv3
1,2025-26,Playoffs,Western Conference Semifinals,2026_min_sas_api_20261005,0042500234,4,2026-05-10,1610612750,MIN,203944,Julius Randle,1610612759,SAS,1630170,Devin Vassell,22,3.0,2.9000000000000004,2.4,3.6999999999999997,0,6,0,0,1,0,0,0,0.0,0,0,0.0,0,0,0,0,0,0,0,nba_boxscorematchupsv3
1,2025-26,Playoffs,Western Conference Semifinals,2026_min_sas_api_20261005,0042500234,4,2026-05-10,1610612750,MIN,203944,Julius Randle,1610612759,SAS,1641705,Victor Wembanyama,42,3.2,12.8,4.6,12.8,5,5,0,0,0,0,2,3,66.7,1,2,50.0,0,0,0,0,0,0,0,nba_boxscorematchupsv3
1,2025-26,Playoffs,Western Conference Semifinals,2026_min_sas_api_20261005,0042500234,4,2026-05-10,1610612750,MIN,203497,Rudy Gobert,1610612759,SAS,203084,Harrison Barnes,16,1.2,7.6,2.1999999999999997,7.6,0,4,0,0,0,0,0,0,0.0,0,0,0.0,0,0,0,0,0,0,0,nba_boxscorematchupsv3
1,2025-26,Playoffs,Western Conference Semifinals,2026_min_sas_api_20261005,0042500234,4,2026-05-10,1610612750,MIN,203497,Rudy Gobert,1610612759,SAS,1642868,Carter Bryant,2,0.2,0.7000000000000001,0.3,8.799999999999999,0,0,0,0,0,0,0,0,0.0,0,0,0.0,0,0,0,0,0,0,0,nba_boxscorematchupsv3
1,2025-26,Playoffs,Western Conference Semifinals,2026_min_sas_api_20261005,0042500234,4,2026-05-10,1610612750,MIN,203497,Rudy Gobert,1610612759,SAS,1642264,Stephon Castle,32,3.1,3.6999999999999997,4.5,5.0,0,5,0,0,0,0,0,1,0.0,0,0,0.0,0,0,0,0,0,0,0,nba_boxscorematchupsv3
1,2025-26,Playoffs,Western Conference Semifinals,2026_min_sas_api_20261005,0042500234,4,2026-05-10,1610612750,MIN,203497,Rudy Gobert,1610612759,SAS,1630577,Julian Champagnie,17,1.6,2.3,2.4,4.2,0,0,0,0,0,0,0,0,0.0,0,0,0.0,0,0,0,0,0,0,0,nba_boxscorematchupsv3
1,2025-26,Playoffs,Western Conference Semifinals,2026_min_sas_api_20261005,0042500234,4,2026-05-10,1610612750,MIN,203497,Rudy Gobert,1610612759,SAS,1628368,De'Aaron Fox,57,3.7,6.3,7.9,9.8,2,9,0,0,0,0,1,1,100.0,0,0,0.0,0,0,0,0,0,0,0,nba_boxscorematchupsv3
1,2025-26,Playoffs,Western Conference Semifinals,2026_min_sas_api_20261005,0042500234,4,2026-05-10,1610612750,MIN,203497,Rudy Gobert,1610612759,SAS,1642844,Dylan Harper,20,2.3,2.9000000000000004,2.8000000000000003,7.3,0,2,0,0,0,0,0,0,0.0,0,0,0.0,0,0,0,0,0,0,0,nba_boxscorematchupsv3
1,2025-26,Playoffs,Western Conference Semifinals,2026_min_sas_api_20261005,0042500234,4,2026-05-10,1610612750,MIN,203497,Rudy Gobert,1610612759,SAS,1629640,Keldon Johnson,30,3.7,6.7,4.1000000000000005,16.900000000000002,2,4,0,0,0,0,1,1,100.0,0,0,0.0,0,0,0,0,0,0,0,nba_boxscorematchupsv3
1,2025-26,Playoffs,Western Conference Semifinals,2026_min_sas_api_20261005,0042500234,4,2026-05-10,1610612750,MIN,203497,Rudy Gobert,1610612759,SAS,1628436,Luke Kornet,447,36.3,72.2,62.1,79.5,6,36,3,0,0,1,2,3,66.7,0,0,0.0,2,3,2,0,0,0,0,nba_boxscorematchupsv3
1,2025-26,Playoffs,Western Conference Semifinals,2026_min_sas_api_20261005,0042500234,4,2026-05-10,1610612750,MIN,203497,Rudy Gobert,1610612759,SAS,1630170,Devin Vassell,36,3.0,4.7,5.0,6.4,0,5,0,0,0,0,0,2,0.0,0,1,0.0,0,0,0,0,0,0,0,nba_boxscorematchupsv3
1,2025-26,Playoffs,Western Conference Semifinals,2026_min_sas_api_20261005,0042500234,4,2026-05-10,1610612750,MIN,203497,Rudy Gobert,1610612759,SAS,1641705,Victor Wembanyama,120,9.6,36.199999999999996,16.6,83.89999999999999,3,7,1,0,0,0,1,1,100.0,0,0,0.0,1,1,1,0,0,0,0,nba_boxscorematchupsv3
1,2025-26,Playoffs,Western Conference Semifinals,2026_min_sas_api_20261005,0042500234,4,2026-05-10,1610612750,MIN,1630162,Anthony Edwards,1610612759,SAS,203084,Harrison Barnes,32,3.4,15.2,3.3000000000000003,15.2,0,5,1,0,1,0,0,1,0.0,0,0,0.0,0,0,0,0,0,0,0,nba_boxscorematchupsv3
1,2025-26,Playoffs,Western Conference Semifinals,2026_min_sas_api_20261005,0042500234,4,2026-05-10,1610612750,MIN,1630162,Anthony Edwards,1610612759,SAS,1642868,Carter Bryant,5,1.2,1.7999999999999998,0.6,3.5000000000000004,0,3,0,0,0,0,0,0,0.0,0,0,0.0,0,0,0,0,0,0,0,nba_boxscorematchupsv3
1,2025-26,Playoffs,Western Conference Semifinals,2026_min_sas_api_20261005,0042500234,4,2026-05-10,1610612750,MIN,1630162,Anthony Edwards,1610612759,SAS,1642264,Stephon Castle,195,15.2,22.6,20.5,23.400000000000002,12,22,1,0,1,1,4,7,57.099999999999994,1,1,100.0,3,4,2,0,0,0,0,nba_boxscorematchupsv3
1,2025-26,Playoffs,Western Conference Semifinals,2026_min_sas_api_20261005,0042500234,4,2026-05-10,1610612750,MIN,1630162,Anthony Edwards,1610612759,SAS,1630577,Julian Champagnie,32,2.3,4.3,3.3000000000000003,5.7,0,2,0,0,0,0,0,0,0.0,0,0,0.0,0,0,0,0,0,0,0,nba_boxscorematchupsv3
1,2025-26,Playoffs,Western Conference Semifinals,2026_min_sas_api_20261005,0042500234,4,2026-05-10,1610612750,MIN,1630162,Anthony Edwards,1610612759,SAS,1628368,De'Aaron Fox,71,4.7,7.9,7.3999999999999995,10.0,7,13,0,0,0,0,3,3,100.0,1,1,100.0,0,0,0,0,0,0,0,nba_boxscorematchupsv3
1,2025-26,Playoffs,Western Conference Semifinals,2026_min_sas_api_20261005,0042500234,4,2026-05-10,1610612750,MIN,1630162,Anthony Edwards,1610612759,SAS,1642844,Dylan Harper,68,7.8,9.5,7.1,13.900000000000002,7,12,1,0,0,0,3,5,60.0,1,1,100.0,0,0,0,0,0,0,0,nba_boxscorematchupsv3
1,2025-26,Playoffs,Western Conference Semifinals,2026_min_sas_api_20261005,0042500234,4,2026-05-10,1610612750,MIN,1630162,Anthony Edwards,1610612759,SAS,1629640,Keldon Johnson,30,2.0,6.800000000000001,3.1,9.700000000000001,4,4,0,0,0,0,1,3,33.300000000000004,0,0,0.0,2,2,1,0,0,0,0,nba_boxscorematchupsv3
1,2025-26,Playoffs,Western Conference Semifinals,2026_min_sas_api_20261005,0042500234,4,2026-05-10,1610612750,MIN,1630162,Anthony Edwards,1610612759,SAS,1628436,Luke Kornet,35,2.7,5.7,3.6999999999999997,6.0,6,6,0,0,0,1,3,6,50.0,0,1,0.0,0,0,0,0,0,0,0,nba_boxscorematchupsv3
1,2025-26,Playoffs,Western Conference Semifinals,2026_min_sas_api_20261005,0042500234,4,2026-05-10,1610612750,MIN,1630162,Anthony Edwards,1610612759,SAS,1630170,Devin Vassell,530,43.9,68.10000000000001,55.400000000000006,71.0,4,33,0,0,2,0,2,4,50.0,0,0,0.0,0,0,0,0,0,0,0,nba_boxscorematchupsv3
1,2025-26,Playoffs,Western Conference Semifinals,2026_min_sas_api_20261005,0042500234,4,2026-05-10,1610612750,MIN,1630162,Anthony Edwards,1610612759,SAS,1641705,Victor Wembanyama,13,0.7,4.1000000000000005,1.4000000000000001,7.000000000000001,3,3,0,0,0,0,1,2,50.0,1,2,50.0,0,0,0,0,0,0,0,nba_boxscorematchupsv3
1,2025-26,Playoffs,Western Conference Semifinals,2026_min_sas_api_20261005,0042500234,4,2026-05-10,1610612750,MIN,1630245,Ayo Dosunmu,1610612759,SAS,203084,Harrison Barnes,2,0.1,0.8999999999999999,0.3,0.8999999999999999,0,0,0,0,0,0,0,0,0.0,0,0,0.0,0,0,0,0,0,0,0,nba_boxscorematchupsv3
1,2025-26,Playoffs,Western Conference Semifinals,2026_min_sas_api_20261005,0042500234,4,2026-05-10,1610612750,MIN,1630245,Ayo Dosunmu,1610612759,SAS,1642868,Carter Bryant,10,1.0,3.4000000000000004,1.4000000000000001,7.1,0,0,0,0,0,0,0,0,0.0,0,0,0.0,0,0,0,0,0,0,0,nba_boxscorematchupsv3
1,2025-26,Playoffs,Western Conference Semifinals,2026_min_sas_api_20261005,0042500234,4,2026-05-10,1610612750,MIN,1630245,Ayo Dosunmu,1610612759,SAS,1642264,Stephon Castle,51,3.1,5.8999999999999995,7.000000000000001,8.5,3,6,1,0,0,0,1,3,33.300000000000004,1,1,100.0,0,0,0,0,0,0,0,nba_boxscorematchupsv3
1,2025-26,Playoffs,Western Conference Semifinals,2026_min_sas_api_20261005,0042500234,4,2026-05-10,1610612750,MIN,1630245,Ayo Dosunmu,1610612759,SAS,1630577,Julian Champagnie,85,6.1,11.4,11.600000000000001,15.6,0,7,0,0,0,0,0,1,0.0,0,0,0.0,0,0,0,0,0,0,0,nba_boxscorematchupsv3
1,2025-26,Playoffs,Western Conference Semifinals,2026_min_sas_api_20261005,0042500234,4,2026-05-10,1610612750,MIN,1630245,Ayo Dosunmu,1610612759,SAS,1628368,De'Aaron Fox,332,26.6,37.0,45.0,51.5,4,23,1,0,1,0,1,5,20.0,0,1,0.0,2,2,0,0,0,0,0,nba_boxscorematchupsv3
1,2025-26,Playoffs,Western Conference Semifinals,2026_min_sas_api_20261005,0042500234,4,2026-05-10,1610612750,MIN,1630245,Ayo Dosunmu,1610612759,SAS,1642844,Dylan Harper,103,7.8,14.399999999999999,13.900000000000002,38.1,3,12,0,0,0,0,1,1,100.0,0,0,0.0,1,1,1,0,0,0,0,nba_boxscorematchupsv3
1,2025-26,Playoffs,Western Conference Semifinals,2026_min_sas_api_20261005,0042500234,4,2026-05-10,1610612750,MIN,1630245,Ayo Dosunmu,1610612759,SAS,1629640,Keldon Johnson,25,2.4,5.7,3.4000000000000004,13.4,0,5,0,0,0,0,0,1,0.0,0,1,0.0,0,0,0,0,0,0,0,nba_boxscorematchupsv3
1,2025-26,Playoffs,Western Conference Semifinals,2026_min_sas_api_20261005,0042500234,4,2026-05-10,1610612750,MIN,1630245,Ayo Dosunmu,1610612759,SAS,1628436,Luke Kornet,26,1.9,4.2,3.5000000000000004,6.3,2,2,0,0,0,0,1,2,50.0,0,1,0.0,0,0,0,0,0,0,0,nba_boxscorematchupsv3
1,2025-26,Playoffs,Western Conference Semifinals,2026_min_sas_api_20261005,0042500234,4,2026-05-10,1610612750,MIN,1630245,Ayo Dosunmu,1610612759,SAS,1630170,Devin Vassell,57,6.8,7.3,7.7,11.700000000000001,0,8,1,0,0,0,0,0,0.0,0,0,0.0,0,0,0,0,0,0,0,nba_boxscorematchupsv3
1,2025-26,Playoffs,Western Conference Semifinals,2026_min_sas_api_20261005,0042500234,4,2026-05-10,1610612750,MIN,1630245,Ayo Dosunmu,1610612759,SAS,1641705,Victor Wembanyama,13,0.7,3.9,1.7000000000000002,6.9,0,3,0,0,0,0,0,0,0.0,0,0,0.0,0,0,0,0,0,0,0,nba_boxscorematchupsv3
1,2025-26,Playoffs,Western Conference Semifinals,2026_min_sas_api_20261005,0042500234,4,2026-05-10,1610612750,MIN,1630545,Terrence Shannon Jr,1610612759,SAS,1642868,Carter Bryant,44,3.9,14.299999999999999,8.7,20.3,0,0,0,0,0,0,0,2,0.0,0,2,0.0,0,0,0,0,0,0,0,nba_boxscorematchupsv3
1,2025-26,Playoffs,Western Conference Semifinals,2026_min_sas_api_20261005,0042500234,4,2026-05-10,1610612750,MIN,1630545,Terrence Shannon Jr,1610612759,SAS,1642264,Stephon Castle,17,1.3,1.9,3.3000000000000003,8.799999999999999,0,0,0,0,0,0,0,1,0.0,0,1,0.0,0,0,0,0,0,0,0,nba_boxscorematchupsv3
1,2025-26,Playoffs,Western Conference Semifinals,2026_min_sas_api_20261005,0042500234,4,2026-05-10,1610612750,MIN,1630545,Terrence Shannon Jr,1610612759,SAS,1630577,Julian Champagnie,50,5.7,6.7,10.0,16.7,0,5,1,0,0,0,0,0,0.0,0,0,0.0,0,0,0,0,0,0,0,nba_boxscorematchupsv3
1,2025-26,Playoffs,Western Conference Semifinals,2026_min_sas_api_20261005,0042500234,4,2026-05-10,1610612750,MIN,1630545,Terrence Shannon Jr,1610612759,SAS,1628368,De'Aaron Fox,49,3.2,5.5,9.8,15.7,3,5,0,0,0,0,1,1,100.0,1,1,100.0,0,0,0,0,0,0,0,nba_boxscorematchupsv3
1,2025-26,Playoffs,Western Conference Semifinals,2026_min_sas_api_20261005,0042500234,4,2026-05-10,1610612750,MIN,1630545,Terrence Shannon Jr,1610612759,SAS,1642844,Dylan Harper,221,17.9,31.0,43.8,43.8,2,13,0,0,1,0,1,5,20.0,0,0,0.0,0,0,0,0,0,0,0,nba_boxscorematchupsv3
1,2025-26,Playoffs,Western Conference Semifinals,2026_min_sas_api_20261005,0042500234,4,2026-05-10,1610612750,MIN,1630545,Terrence Shannon Jr,1610612759,SAS,1629640,Keldon Johnson,38,5.5,8.7,7.5,10.0,3,7,1,0,1,0,1,2,50.0,1,1,100.0,0,0,0,0,0,0,0,nba_boxscorematchupsv3
1,2025-26,Playoffs,Western Conference Semifinals,2026_min_sas_api_20261005,0042500234,4,2026-05-10,1610612750,MIN,1630545,Terrence Shannon Jr,1610612759,SAS,1628436,Luke Kornet,16,1.6,2.6,3.2,9.4,0,2,0,0,0,0,0,1,0.0,0,0,0.0,0,0,0,0,0,0,0,nba_boxscorematchupsv3
1,2025-26,Playoffs,Western Conference Semifinals,2026_min_sas_api_20261005,0042500234,4,2026-05-10,1610612750,MIN,1630545,Terrence Shannon Jr,1610612759,SAS,1630170,Devin Vassell,12,1.2,1.5,2.4,4.6,0,6,0,0,0,0,0,0,0.0,0,0,0.0,0,0,0,0,0,0,0,nba_boxscorematchupsv3
1,2025-26,Playoffs,Western Conference Semifinals,2026_min_sas_api_20261005,0042500234,4,2026-05-10,1610612750,MIN,1630545,Terrence Shannon Jr,1610612759,SAS,1641705,Victor Wembanyama,25,1.7,7.5,4.9,13.200000000000001,0,0,0,0,0,0,0,1,0.0,0,0,0.0,0,0,0,0,0,0,0,nba_boxscorematchupsv3
1,2025-26,Playoffs,Western Conference Semifinals,2026_min_sas_api_20261005,0042500234,4,2026-05-10,1610612750,MIN,1629675,Naz Reid,1610612759,SAS,203084,Harrison Barnes,21,1.1,10.2,2.7,29.599999999999998,0,0,0,0,0,0,0,0,0.0,0,0,0.0,0,0,0,0,0,0,0,nba_boxscorematchupsv3
1,2025-26,Playoffs,Western Conference Semifinals,2026_min_sas_api_20261005,0042500234,4,2026-05-10,1610612750,MIN,1629675,Naz Reid,1610612759,SAS,1642868,Carter Bryant,111,9.8,36.4,14.2,36.4,0,8,0,0,0,0,0,1,0.0,0,1,0.0,0,0,0,0,0,0,0,nba_boxscorematchupsv3
1,2025-26,Playoffs,Western Conference Semifinals,2026_min_sas_api_20261005,0042500234,4,2026-05-10,1610612750,MIN,1629675,Naz Reid,1610612759,SAS,1642264,Stephon Castle,54,5.5,6.3,6.9,11.5,0,4,0,0,0,0,0,0,0.0,0,0,0.0,0,0,0,0,0,0,0,nba_boxscorematchupsv3
1,2025-26,Playoffs,Western Conference Semifinals,2026_min_sas_api_20261005,0042500234,4,2026-05-10,1610612750,MIN,1629675,Naz Reid,1610612759,SAS,1630577,Julian Champagnie,178,13.6,23.9,22.7,43.9,4,16,0,0,0,0,2,2,100.0,0,0,0.0,0,0,0,0,0,0,0,nba_boxscorematchupsv3
1,2025-26,Playoffs,Western Conference Semifinals,2026_min_sas_api_20261005,0042500234,4,2026-05-10,1610612750,MIN,1629675,Naz Reid,1610612759,SAS,1628368,De'Aaron Fox,84,8.3,9.4,10.8,15.4,4,17,2,0,0,0,2,2,100.0,0,0,0.0,0,0,0,0,0,0,0,nba_boxscorematchupsv3
1,2025-26,Playoffs,Western Conference Semifinals,2026_min_sas_api_20261005,0042500234,4,2026-05-10,1610612750,MIN,1629675,Naz Reid,1610612759,SAS,1642844,Dylan Harper,87,7.9,12.3,11.1,13.100000000000001,2,12,1,0,0,0,1,1,100.0,0,0,0.0,0,0,0,0,0,0,0,nba_boxscorematchupsv3
1,2025-26,Playoffs,Western Conference Semifinals,2026_min_sas_api_20261005,0042500234,4,2026-05-10,1610612750,MIN,1629675,Naz Reid,1610612759,SAS,1629640,Keldon Johnson,136,10.8,31.0,17.299999999999997,32.1,0,7,1,0,1,0,0,2,0.0,0,0,0.0,0,0,0,0,0,0,0,nba_boxscorematchupsv3
1,2025-26,Playoffs,Western Conference Semifinals,2026_min_sas_api_20261005,0042500234,4,2026-05-10,1610612750,MIN,1629675,Naz Reid,1610612759,SAS,1628436,Luke Kornet,16,1.4,2.6,2.1,4.3,2,2,0,0,0,0,1,1,100.0,0,0,0.0,0,0,0,0,0,0,0,nba_boxscorematchupsv3
1,2025-26,Playoffs,Western Conference Semifinals,2026_min_sas_api_20261005,0042500234,4,2026-05-10,1610612750,MIN,1629675,Naz Reid,1610612759,SAS,1630170,Devin Vassell,31,1.7,4.0,3.9,6.7,2,6,0,0,0,0,1,2,50.0,0,1,0.0,0,0,0,0,0,0,0,nba_boxscorematchupsv3
1,2025-26,Playoffs,Western Conference Semifinals,2026_min_sas_api_20261005,0042500234,4,2026-05-10,1610612750,MIN,1629675,Naz Reid,1610612759,SAS,1641705,Victor Wembanyama,30,2.3,9.0,3.8,15.9,2,2,0,0,0,0,1,3,33.300000000000004,0,2,0.0,0,0,0,0,0,0,0,nba_boxscorematchupsv3
1,2025-26,Playoffs,Western Conference Semifinals,2026_min_sas_api_20261005,0042500234,4,2026-05-10,1610612750,MIN,201144,Mike Conley,1610612759,SAS,1642868,Carter Bryant,23,1.6,7.5,8.200000000000001,15.1,0,5,1,0,0,0,0,0,0.0,0,0,0.0,0,0,0,0,0,0,0,nba_boxscorematchupsv3
1,2025-26,Playoffs,Western Conference Semifinals,2026_min_sas_api_20261005,0042500234,4,2026-05-10,1610612750,MIN,201144,Mike Conley,1610612759,SAS,1642264,Stephon Castle,23,1.6,2.7,8.3,33.4,0,0,0,0,0,0,0,0,0.0,0,0,0.0,0,0,0,0,0,0,0,nba_boxscorematchupsv3
1,2025-26,Playoffs,Western Conference Semifinals,2026_min_sas_api_20261005,0042500234,4,2026-05-10,1610612750,MIN,201144,Mike Conley,1610612759,SAS,1630577,Julian Champagnie,37,2.9,4.9,13.200000000000001,19.6,0,5,1,0,0,0,0,0,0.0,0,0,0.0,0,0,0,0,0,0,0,nba_boxscorematchupsv3
1,2025-26,Playoffs,Western Conference Semifinals,2026_min_sas_api_20261005,0042500234,4,2026-05-10,1610612750,MIN,201144,Mike Conley,1610612759,SAS,1628368,De'Aaron Fox,98,8.5,11.0,35.4,47.099999999999994,3,6,0,0,1,0,1,1,100.0,1,1,100.0,0,0,0,0,0,0,0,nba_boxscorematchupsv3
1,2025-26,Playoffs,Western Conference Semifinals,2026_min_sas_api_20261005,0042500234,4,2026-05-10,1610612750,MIN,201144,Mike Conley,1610612759,SAS,1642844,Dylan Harper,47,4.9,6.5,16.8,16.8,2,5,0,0,0,0,0,0,0.0,0,0,0.0,2,2,1,0,0,0,0,nba_boxscorematchupsv3
1,2025-26,Playoffs,Western Conference Semifinals,2026_min_sas_api_20261005,0042500234,4,2026-05-10,1610612750,MIN,201144,Mike Conley,1610612759,SAS,1629640,Keldon Johnson,5,0.4,1.0999999999999999,1.7999999999999998,2.6,0,0,0,0,0,0,0,0,0.0,0,0,0.0,0,0,0,0,0,0,0,nba_boxscorematchupsv3
1,2025-26,Playoffs,Western Conference Semifinals,2026_min_sas_api_20261005,0042500234,4,2026-05-10,1610612750,MIN,201144,Mike Conley,1610612759,SAS,1628436,Luke Kornet,11,1.5,1.7000000000000002,3.8,12.9,3,5,0,0,0,0,1,1,100.0,1,1,100.0,0,0,0,0,0,0,0,nba_boxscorematchupsv3
1,2025-26,Playoffs,Western Conference Semifinals,2026_min_sas_api_20261005,0042500234,4,2026-05-10,1610612750,MIN,201144,Mike Conley,1610612759,SAS,1630170,Devin Vassell,15,1.7,2.0,5.5,16.7,0,0,0,0,0,0,0,0,0.0,0,0,0.0,0,0,0,0,0,0,0,nba_boxscorematchupsv3
1,2025-26,Playoffs,Western Conference Semifinals,2026_min_sas_api_20261005,0042500234,4,2026-05-10,1610612750,MIN,201144,Mike Conley,1610612759,SAS,1641705,Victor Wembanyama,10,0.4,3.1,3.6999999999999997,7.6,0,2,0,0,0,0,0,0,0.0,0,0,0.0,0,0,0,0,0,0,0,nba_boxscorematchupsv3
1,2025-26,Playoffs,Western Conference Semifinals,2026_min_sas_api_20261005,0042500234,4,2026-05-10,1610612759,SAS,1630577,Julian Champagnie,1610612750,MIN,201144,Mike Conley,36,4.9,17.4,5.3,31.0,0,9,0,0,0,0,0,1,0.0,0,1,0.0,0,0,0,0,0,0,0,nba_boxscorematchupsv3
1,2025-26,Playoffs,Western Conference Semifinals,2026_min_sas_api_20261005,0042500234,4,2026-05-10,1610612759,SAS,1630577,Julian Champagnie,1610612750,MIN,1630245,Ayo Dosunmu,81,6.8,11.600000000000001,12.2,17.2,2,5,0,0,0,0,1,2,50.0,0,1,0.0,0,0,0,0,0,0,0,nba_boxscorematchupsv3
1,2025-26,Playoffs,Western Conference Semifinals,2026_min_sas_api_20261005,0042500234,4,2026-05-10,1610612759,SAS,1630577,Julian Champagnie,1610612750,MIN,1630162,Anthony Edwards,164,12.7,17.299999999999997,24.7,29.5,0,22,0,0,0,0,0,0,0.0,0,0,0.0,0,0,0,0,0,0,0,nba_boxscorematchupsv3
1,2025-26,Playoffs,Western Conference Semifinals,2026_min_sas_api_20261005,0042500234,4,2026-05-10,1610612759,SAS,1630577,Julian Champagnie,1610612750,MIN,203497,Rudy Gobert,30,1.8,4.2,4.5,7.3,0,0,0,0,0,0,0,0,0.0,0,0,0.0,0,0,0,0,0,0,0,nba_boxscorematchupsv3
1,2025-26,Playoffs,Western Conference Semifinals,2026_min_sas_api_20261005,0042500234,4,2026-05-10,1610612759,SAS,1630577,Julian Champagnie,1610612750,MIN,1630183,Jaden McDaniels,63,5.5,6.7,9.5,10.4,0,4,1,0,0,0,0,2,0.0,0,1,0.0,0,0,0,0,0,0,0,nba_boxscorematchupsv3
1,2025-26,Playoffs,Western Conference Semifinals,2026_min_sas_api_20261005,0042500234,4,2026-05-10,1610612759,SAS,1630577,Julian Champagnie,1610612750,MIN,203944,Julius Randle,103,8.0,12.0,15.4,17.2,2,13,1,0,0,0,1,1,100.0,0,0,0.0,0,0,0,0,0,0,0,nba_boxscorematchupsv3
1,2025-26,Playoffs,Western Conference Semifinals,2026_min_sas_api_20261005,0042500234,4,2026-05-10,1610612759,SAS,1630577,Julian Champagnie,1610612750,MIN,1629675,Naz Reid,139,14.4,21.6,20.9,43.3,4,8,0,0,0,0,0,2,0.0,0,2,0.0,4,4,1,0,0,0,0,nba_boxscorematchupsv3
1,2025-26,Playoffs,Western Conference Semifinals,2026_min_sas_api_20261005,0042500234,4,2026-05-10,1610612759,SAS,1630577,Julian Champagnie,1610612750,MIN,1630545,Terrence Shannon Jr,44,4.7,10.299999999999999,6.7,18.2,0,5,1,0,0,0,0,0,0.0,0,0,0.0,0,0,0,0,0,0,0,nba_boxscorematchupsv3
1,2025-26,Playoffs,Western Conference Semifinals,2026_min_sas_api_20261005,0042500234,4,2026-05-10,1610612759,SAS,1630170,Devin Vassell,1610612750,MIN,201144,Mike Conley,35,4.3,17.2,4.3,39.0,0,3,0,0,0,0,0,0,0.0,0,0,0.0,0,0,0,0,0,0,0,nba_boxscorematchupsv3
1,2025-26,Playoffs,Western Conference Semifinals,2026_min_sas_api_20261005,0042500234,4,2026-05-10,1610612759,SAS,1630170,Devin Vassell,1610612750,MIN,1630245,Ayo Dosunmu,230,19.5,33.1,28.4,44.5,2,20,1,0,0,0,1,2,50.0,0,1,0.0,0,0,0,0,0,0,0,nba_boxscorematchupsv3
1,2025-26,Playoffs,Western Conference Semifinals,2026_min_sas_api_20261005,0042500234,4,2026-05-10,1610612759,SAS,1630170,Devin Vassell,1610612750,MIN,1630162,Anthony Edwards,304,26.3,32.1,37.5,39.1,9,26,0,0,1,0,4,5,80.0,1,2,50.0,0,0,0,0,0,0,0,nba_boxscorematchupsv3
1,2025-26,Playoffs,Western Conference Semifinals,2026_min_sas_api_20261005,0042500234,4,2026-05-10,1610612759,SAS,1630170,Devin Vassell,1610612750,MIN,203497,Rudy Gobert,31,2.0,4.3,3.8,5.2,0,7,1,0,0,0,0,0,0.0,0,0,0.0,0,0,0,0,0,0,0,nba_boxscorematchupsv3
1,2025-26,Playoffs,Western Conference Semifinals,2026_min_sas_api_20261005,0042500234,4,2026-05-10,1610612759,SAS,1630170,Devin Vassell,1610612750,MIN,1630183,Jaden McDaniels,40,5.3,4.2,4.9,5.5,0,12,1,0,0,0,0,1,0.0,0,1,0.0,0,0,0,0,0,0,0,nba_boxscorematchupsv3
1,2025-26,Playoffs,Western Conference Semifinals,2026_min_sas_api_20261005,0042500234,4,2026-05-10,1610612759,SAS,1630170,Devin Vassell,1610612750,MIN,203944,Julius Randle,77,6.2,8.9,9.4,11.799999999999999,5,13,0,0,0,0,2,2,100.0,1,1,100.0,0,0,0,0,0,0,0,nba_boxscorematchupsv3
1,2025-26,Playoffs,Western Conference Semifinals,2026_min_sas_api_20261005,0042500234,4,2026-05-10,1610612759,SAS,1630170,Devin Vassell,1610612750,MIN,1629675,Naz Reid,61,5.3,9.5,7.5,14.299999999999999,2,7,0,0,0,0,1,2,50.0,0,0,0.0,0,0,0,0,0,0,0,nba_boxscorematchupsv3
1,2025-26,Playoffs,Western Conference Semifinals,2026_min_sas_api_20261005,0042500234,4,2026-05-10,1610612759,SAS,1630170,Devin Vassell,1610612750,MIN,1630545,Terrence Shannon Jr,32,1.6,7.6,4.0,11.5,0,2,0,0,0,0,0,0,0.0,0,0,0.0,0,0,0,0,0,0,0,nba_boxscorematchupsv3
1,2025-26,Playoffs,Western Conference Semifinals,2026_min_sas_api_20261005,0042500234,4,2026-05-10,1610612759,SAS,1641705,Victor Wembanyama,1610612750,MIN,1630245,Ayo Dosunmu,3,1.1,0.4,1.0,1.6,0,0,0,0,0,0,0,0,0.0,0,0,0.0,0,0,0,0,0,0,0,nba_boxscorematchupsv3
1,2025-26,Playoffs,Western Conference Semifinals,2026_min_sas_api_20261005,0042500234,4,2026-05-10,1610612759,SAS,1641705,Victor Wembanyama,1610612750,MIN,1630162,Anthony Edwards,2,0.1,0.2,0.7000000000000001,1.0,0,0,0,0,0,0,0,0,0.0,0,0,0.0,0,0,0,0,0,0,0,nba_boxscorematchupsv3
1,2025-26,Playoffs,Western Conference Semifinals,2026_min_sas_api_20261005,0042500234,4,2026-05-10,1610612759,SAS,1641705,Victor Wembanyama,1610612750,MIN,203497,Rudy Gobert,116,9.4,16.1,43.6,78.2,4,11,0,0,0,0,2,4,50.0,0,0,0.0,0,0,0,0,0,0,0,nba_boxscorematchupsv3
1,2025-26,Playoffs,Western Conference Semifinals,2026_min_sas_api_20261005,0042500234,4,2026-05-10,1610612759,SAS,1641705,Victor Wembanyama,1610612750,MIN,1630183,Jaden McDaniels,47,5.2,5.0,17.599999999999998,18.9,0,8,0,0,2,0,0,1,0.0,0,1,0.0,0,0,0,0,0,0,0,nba_boxscorematchupsv3
1,2025-26,Playoffs,Western Conference Semifinals,2026_min_sas_api_20261005,0042500234,4,2026-05-10,1610612759,SAS,1641705,Victor Wembanyama,1610612750,MIN,203944,Julius Randle,64,6.3,7.3999999999999995,23.9,23.9,0,3,1,0,0,0,0,0,0.0,0,0,0.0,0,0,0,0,0,0,0,nba_boxscorematchupsv3
1,2025-26,Playoffs,Western Conference Semifinals,2026_min_sas_api_20261005,0042500234,4,2026-05-10,1610612759,SAS,1641705,Victor Wembanyama,1610612750,MIN,1629675,Naz Reid,19,1.6,3.0,7.3,16.5,0,0,0,0,1,0,0,0,0.0,0,0,0.0,0,0,0,0,0,0,0,nba_boxscorematchupsv3
1,2025-26,Playoffs,Western Conference Semifinals,2026_min_sas_api_20261005,0042500234,4,2026-05-10,1610612759,SAS,1641705,Victor Wembanyama,1610612750,MIN,1630545,Terrence Shannon Jr,23,2.9,5.5,8.799999999999999,19.900000000000002,0,7,0,0,0,0,0,0,0.0,0,0,0.0,0,0,0,0,0,0,0,nba_boxscorematchupsv3
1,2025-26,Playoffs,Western Conference Semifinals,2026_min_sas_api_20261005,0042500234,4,2026-05-10,1610612759,SAS,1628368,De'Aaron Fox,1610612750,MIN,201144,Mike Conley,30,5.2,14.399999999999999,3.5000000000000004,23.1,2,2,0,0,0,0,0,0,0.0,0,0,0.0,2,2,0,0,0,0,0,nba_boxscorematchupsv3
1,2025-26,Playoffs,Western Conference Semifinals,2026_min_sas_api_20261005,0042500234,4,2026-05-10,1610612759,SAS,1628368,De'Aaron Fox,1610612750,MIN,1630245,Ayo Dosunmu,89,9.3,12.8,10.6,13.8,4,17,1,0,0,0,2,3,66.7,0,0,0.0,0,0,0,0,0,0,0,nba_boxscorematchupsv3
1,2025-26,Playoffs,Western Conference Semifinals,2026_min_sas_api_20261005,0042500234,4,2026-05-10,1610612759,SAS,1628368,De'Aaron Fox,1610612750,MIN,1630162,Anthony Edwards,84,7.7,8.799999999999999,9.9,11.200000000000001,2,5,0,0,0,0,0,1,0.0,0,1,0.0,2,2,1,0,0,0,0,nba_boxscorematchupsv3
1,2025-26,Playoffs,Western Conference Semifinals,2026_min_sas_api_20261005,0042500234,4,2026-05-10,1610612759,SAS,1628368,De'Aaron Fox,1610612750,MIN,203497,Rudy Gobert,26,2.3,3.5999999999999996,3.1,4.3,4,4,0,0,0,0,1,2,50.0,1,2,50.0,1,2,1,0,0,0,0,nba_boxscorematchupsv3
1,2025-26,Playoffs,Western Conference Semifinals,2026_min_sas_api_20261005,0042500234,4,2026-05-10,1610612759,SAS,1628368,De'Aaron Fox,1610612750,MIN,1630183,Jaden McDaniels,483,34.1,51.2,57.099999999999994,65.7,6,31,0,0,0,0,2,12,16.7,0,4,0.0,2,2,1,0,0,0,0,nba_boxscorematchupsv3
1,2025-26,Playoffs,Western Conference Semifinals,2026_min_sas_api_20261005,0042500234,4,2026-05-10,1610612759,SAS,1628368,De'Aaron Fox,1610612750,MIN,203944,Julius Randle,44,4.2,5.1,5.2,6.4,2,7,2,0,0,0,1,2,50.0,0,0,0.0,0,0,0,0,0,0,0,nba_boxscorematchupsv3
1,2025-26,Playoffs,Western Conference Semifinals,2026_min_sas_api_20261005,0042500234,4,2026-05-10,1610612759,SAS,1628368,De'Aaron Fox,1610612750,MIN,1629675,Naz Reid,54,7.4,8.4,6.4,12.3,2,8,0,0,0,0,1,2,50.0,0,0,0.0,0,2,1,0,0,0,0,nba_boxscorematchupsv3
1,2025-26,Playoffs,Western Conference Semifinals,2026_min_sas_api_20261005,0042500234,4,2026-05-10,1610612759,SAS,1628368,De'Aaron Fox,1610612750,MIN,1630545,Terrence Shannon Jr,31,4.1,7.1,3.5999999999999996,12.9,4,6,0,0,0,0,2,2,100.0,0,0,0.0,0,0,0,0,0,0,0,nba_boxscorematchupsv3
1,2025-26,Playoffs,Western Conference Semifinals,2026_min_sas_api_20261005,0042500234,4,2026-05-10,1610612759,SAS,1642264,Stephon Castle,1610612750,MIN,201144,Mike Conley,32,3.3,15.4,3.5999999999999996,41.099999999999994,0,0,0,0,0,0,0,0,0.0,0,0,0.0,0,0,0,0,0,0,0,nba_boxscorematchupsv3
1,2025-26,Playoffs,Western Conference Semifinals,2026_min_sas_api_20261005,0042500234,4,2026-05-10,1610612759,SAS,1642264,Stephon Castle,1610612750,MIN,1630245,Ayo Dosunmu,158,12.4,22.7,17.8,25.7,9,23,1,0,0,0,4,9,44.4,1,3,33.300000000000004,0,0,0,0,0,0,0,nba_boxscorematchupsv3
1,2025-26,Playoffs,Western Conference Semifinals,2026_min_sas_api_20261005,0042500234,4,2026-05-10,1610612759,SAS,1642264,Stephon Castle,1610612750,MIN,1630162,Anthony Edwards,249,21.0,26.3,28.1,29.5,3,19,0,0,0,0,1,4,25.0,0,1,0.0,1,1,1,0,0,0,0,nba_boxscorematchupsv3
1,2025-26,Playoffs,Western Conference Semifinals,2026_min_sas_api_20261005,0042500234,4,2026-05-10,1610612759,SAS,1642264,Stephon Castle,1610612750,MIN,203497,Rudy Gobert,71,5.5,9.9,8.0,10.8,3,11,0,0,0,0,1,1,100.0,1,1,100.0,0,0,0,0,0,0,0,nba_boxscorematchupsv3
1,2025-26,Playoffs,Western Conference Semifinals,2026_min_sas_api_20261005,0042500234,4,2026-05-10,1610612759,SAS,1642264,Stephon Castle,1610612750,MIN,1630183,Jaden McDaniels,92,9.4,9.700000000000001,10.299999999999999,10.8,2,14,2,0,0,0,1,2,50.0,0,1,0.0,0,0,0,0,0,0,0,nba_boxscorematchupsv3
1,2025-26,Playoffs,Western Conference Semifinals,2026_min_sas_api_20261005,0042500234,4,2026-05-10,1610612759,SAS,1642264,Stephon Castle,1610612750,MIN,203944,Julius Randle,182,16.5,21.2,20.5,25.3,4,14,0,0,0,0,2,3,66.7,0,0,0.0,0,0,0,0,0,0,0,nba_boxscorematchupsv3
1,2025-26,Playoffs,Western Conference Semifinals,2026_min_sas_api_20261005,0042500234,4,2026-05-10,1610612759,SAS,1642264,Stephon Castle,1610612750,MIN,1629675,Naz Reid,33,2.3,5.1,3.6999999999999997,7.3999999999999995,0,2,0,0,1,0,0,0,0.0,0,0,0.0,0,0,0,0,0,0,0,nba_boxscorematchupsv3
1,2025-26,Playoffs,Western Conference Semifinals,2026_min_sas_api_20261005,0042500234,4,2026-05-10,1610612759,SAS,1642264,Stephon Castle,1610612750,MIN,1630545,Terrence Shannon Jr,59,4.5,13.700000000000001,6.6000000000000005,25.8,0,2,0,0,0,0,0,0,0.0,0,0,0.0,0,0,0,0,0,0,0,nba_boxscorematchupsv3
1,2025-26,Playoffs,Western Conference Semifinals,2026_min_sas_api_20261005,0042500234,4,2026-05-10,1610612759,SAS,1629640,Keldon Johnson,1610612750,MIN,201144,Mike Conley,7,0.7,3.3000000000000003,2.0,4.6,0,0,0,0,0,0,0,0,0.0,0,0,0.0,0,0,0,0,0,0,0,nba_boxscorematchupsv3
1,2025-26,Playoffs,Western Conference Semifinals,2026_min_sas_api_20261005,0042500234,4,2026-05-10,1610612759,SAS,1629640,Keldon Johnson,1610612750,MIN,1630245,Ayo Dosunmu,5,1.1,0.7000000000000001,1.4000000000000001,4.1000000000000005,2,2,0,0,0,0,1,1,100.0,0,0,0.0,0,0,0,0,0,0,0,nba_boxscorematchupsv3
1,2025-26,Playoffs,Western Conference Semifinals,2026_min_sas_api_20261005,0042500234,4,2026-05-10,1610612759,SAS,1629640,Keldon Johnson,1610612750,MIN,1630162,Anthony Edwards,28,2.7,3.0,8.4,11.1,0,9,0,0,0,0,0,0,0.0,0,0,0.0,0,0,0,0,0,0,0,nba_boxscorematchupsv3
1,2025-26,Playoffs,Western Conference Semifinals,2026_min_sas_api_20261005,0042500234,4,2026-05-10,1610612759,SAS,1629640,Keldon Johnson,1610612750,MIN,203497,Rudy Gobert,12,1.8,1.7000000000000002,3.5999999999999996,7.6,0,3,0,0,0,0,0,0,0.0,0,0,0.0,0,0,0,0,0,0,0,nba_boxscorematchupsv3
1,2025-26,Playoffs,Western Conference Semifinals,2026_min_sas_api_20261005,0042500234,4,2026-05-10,1610612759,SAS,1629640,Keldon Johnson,1610612750,MIN,1630183,Jaden McDaniels,23,3.8,2.4,6.800000000000001,12.1,4,4,0,0,0,0,2,2,100.0,0,0,0.0,0,1,1,0,0,0,0,nba_boxscorematchupsv3
1,2025-26,Playoffs,Western Conference Semifinals,2026_min_sas_api_20261005,0042500234,4,2026-05-10,1610612759,SAS,1629640,Keldon Johnson,1610612750,MIN,203944,Julius Randle,65,5.7,7.6,19.400000000000002,32.2,0,2,0,0,2,0,0,0,0.0,0,0,0.0,0,0,0,0,0,0,0,nba_boxscorematchupsv3
1,2025-26,Playoffs,Western Conference Semifinals,2026_min_sas_api_20261005,0042500234,4,2026-05-10,1610612759,SAS,1629640,Keldon Johnson,1610612750,MIN,1629675,Naz Reid,173,18.4,26.8,51.4,55.50000000000001,0,24,1,0,1,0,0,1,0.0,0,0,0.0,0,0,0,0,0,0,0,nba_boxscorematchupsv3
1,2025-26,Playoffs,Western Conference Semifinals,2026_min_sas_api_20261005,0042500234,4,2026-05-10,1610612759,SAS,1629640,Keldon Johnson,1610612750,MIN,1630545,Terrence Shannon Jr,26,3.0,6.2,7.9,8.799999999999999,0,0,0,0,0,0,0,2,0.0,0,0,0.0,0,0,0,0,0,0,0,nba_boxscorematchupsv3
1,2025-26,Playoffs,Western Conference Semifinals,2026_min_sas_api_20261005,0042500234,4,2026-05-10,1610612759,SAS,1642844,Dylan Harper,1610612750,MIN,201144,Mike Conley,39,4.0,18.9,6.9,18.9,4,6,0,0,0,0,2,2,100.0,0,0,0.0,0,0,0,0,0,0,0,nba_boxscorematchupsv3
1,2025-26,Playoffs,Western Conference Semifinals,2026_min_sas_api_20261005,0042500234,4,2026-05-10,1610612759,SAS,1642844,Dylan Harper,1610612750,MIN,1630245,Ayo Dosunmu,71,6.8,10.2,12.7,42.8,7,7,0,0,0,0,2,2,100.0,1,1,100.0,2,2,0,0,0,0,0,nba_boxscorematchupsv3
1,2025-26,Playoffs,Western Conference Semifinals,2026_min_sas_api_20261005,0042500234,4,2026-05-10,1610612759,SAS,1642844,Dylan Harper,1610612750,MIN,1630162,Anthony Edwards,54,5.1,5.7,9.6,12.9,4,8,0,0,0,0,1,1,100.0,0,0,0.0,2,2,1,0,0,0,0,nba_boxscorematchupsv3
1,2025-26,Playoffs,Western Conference Semifinals,2026_min_sas_api_20261005,0042500234,4,2026-05-10,1610612759,SAS,1642844,Dylan Harper,1610612750,MIN,203497,Rudy Gobert,10,1.6,1.4000000000000001,1.7999999999999998,4.7,2,2,0,0,1,0,1,1,100.0,0,0,0.0,0,0,0,0,0,0,0,nba_boxscorematchupsv3
1,2025-26,Playoffs,Western Conference Semifinals,2026_min_sas_api_20261005,0042500234,4,2026-05-10,1610612759,SAS,1642844,Dylan Harper,1610612750,MIN,1630183,Jaden McDaniels,89,8.6,9.4,15.9,21.6,5,9,0,0,0,0,2,3,66.7,0,0,0.0,1,1,1,0,0,0,0,nba_boxscorematchupsv3
1,2025-26,Playoffs,Western Conference Semifinals,2026_min_sas_api_20261005,0042500234,4,2026-05-10,1610612759,SAS,1642844,Dylan Harper,1610612750,MIN,203944,Julius Randle,101,11.7,11.700000000000001,18.0,23.7,2,4,1,0,0,0,1,1,100.0,0,0,0.0,0,0,0,0,0,0,0,nba_boxscorematchupsv3
1,2025-26,Playoffs,Western Conference Semifinals,2026_min_sas_api_20261005,0042500234,4,2026-05-10,1610612759,SAS,1642844,Dylan Harper,1610612750,MIN,1629675,Naz Reid,25,4.2,3.9,4.5,4.8,4,10,0,0,0,0,1,2,50.0,0,0,0.0,2,2,1,0,0,0,0,nba_boxscorematchupsv3
1,2025-26,Playoffs,Western Conference Semifinals,2026_min_sas_api_20261005,0042500234,4,2026-05-10,1610612759,SAS,1642844,Dylan Harper,1610612750,MIN,1630545,Terrence Shannon Jr,164,16.5,38.1,29.299999999999997,38.1,4,16,0,0,1,0,2,3,66.7,0,0,0.0,0,0,0,0,0,0,0,nba_boxscorematchupsv3
1,2025-26,Playoffs,Western Conference Semifinals,2026_min_sas_api_20261005,0042500234,4,2026-05-10,1610612759,SAS,1628436,Luke Kornet,1610612750,MIN,201144,Mike Conley,10,0.5,4.8,1.6,12.1,0,2,0,0,0,0,0,0,0.0,0,0,0.0,0,0,0,0,0,0,0,nba_boxscorematchupsv3
1,2025-26,Playoffs,Western Conference Semifinals,2026_min_sas_api_20261005,0042500234,4,2026-05-10,1610612759,SAS,1628436,Luke Kornet,1610612750,MIN,1630245,Ayo Dosunmu,16,2.6,2.3,2.7,3.5999999999999996,0,0,0,0,0,0,0,0,0.0,0,0,0.0,0,0,0,0,0,0,0,nba_boxscorematchupsv3
1,2025-26,Playoffs,Western Conference Semifinals,2026_min_sas_api_20261005,0042500234,4,2026-05-10,1610612759,SAS,1628436,Luke Kornet,1610612750,MIN,1630162,Anthony Edwards,48,4.7,5.1,7.8,8.3,1,4,0,0,0,0,0,1,0.0,0,0,0.0,1,2,1,0,0,0,0,nba_boxscorematchupsv3
1,2025-26,Playoffs,Western Conference Semifinals,2026_min_sas_api_20261005,0042500234,4,2026-05-10,1610612759,SAS,1628436,Luke Kornet,1610612750,MIN,203497,Rudy Gobert,411,35.8,56.99999999999999,67.2,75.1,4,36,1,0,1,0,2,2,100.0,0,0,0.0,0,0,0,0,0,0,0,nba_boxscorematchupsv3
1,2025-26,Playoffs,Western Conference Semifinals,2026_min_sas_api_20261005,0042500234,4,2026-05-10,1610612759,SAS,1628436,Luke Kornet,1610612750,MIN,1630183,Jaden McDaniels,53,4.0,5.7,8.7,10.100000000000001,2,9,0,0,0,0,1,1,100.0,0,0,0.0,0,0,0,0,0,0,0,nba_boxscorematchupsv3
1,2025-26,Playoffs,Western Conference Semifinals,2026_min_sas_api_20261005,0042500234,4,2026-05-10,1610612759,SAS,1628436,Luke Kornet,1610612750,MIN,203944,Julius Randle,71,5.2,8.3,11.600000000000001,18.6,0,7,0,0,0,0,0,0,0.0,0,0,0.0,0,0,0,0,0,0,0,nba_boxscorematchupsv3
1,2025-26,Playoffs,Western Conference Semifinals,2026_min_sas_api_20261005,0042500234,4,2026-05-10,1610612759,SAS,1628436,Luke Kornet,1610612750,MIN,1629675,Naz Reid,24,1.4,3.8,4.0,7.199999999999999,0,4,0,0,0,0,0,0,0.0,0,0,0.0,0,0,0,0,0,0,0,nba_boxscorematchupsv3
1,2025-26,Playoffs,Western Conference Semifinals,2026_min_sas_api_20261005,0042500234,4,2026-05-10,1610612759,SAS,1642868,Carter Bryant,1610612750,MIN,201144,Mike Conley,18,2.0,8.7,7.6,16.900000000000002,0,0,0,0,1,0,0,0,0.0,0,0,0.0,0,0,0,0,0,0,0,nba_boxscorematchupsv3
1,2025-26,Playoffs,Western Conference Semifinals,2026_min_sas_api_20261005,0042500234,4,2026-05-10,1610612759,SAS,1642868,Carter Bryant,1610612750,MIN,1630245,Ayo Dosunmu,7,0.5,1.0,3.1,7.199999999999999,0,0,0,0,0,0,0,0,0.0,0,0,0.0,0,0,0,0,0,0,0,nba_boxscorematchupsv3
1,2025-26,Playoffs,Western Conference Semifinals,2026_min_sas_api_20261005,0042500234,4,2026-05-10,1610612759,SAS,1642868,Carter Bryant,1610612750,MIN,1630162,Anthony Edwards,4,0.3,0.4,1.7000000000000002,2.8000000000000003,0,2,0,0,0,0,0,0,0.0,0,0,0.0,0,0,0,0,0,0,0,nba_boxscorematchupsv3
1,2025-26,Playoffs,Western Conference Semifinals,2026_min_sas_api_20261005,0042500234,4,2026-05-10,1610612759,SAS,1642868,Carter Bryant,1610612750,MIN,1630183,Jaden McDaniels,34,4.4,3.5999999999999996,14.7,18.4,0,2,0,0,0,0,0,0,0.0,0,0,0.0,0,0,0,0,0,0,0,nba_boxscorematchupsv3
1,2025-26,Playoffs,Western Conference Semifinals,2026_min_sas_api_20261005,0042500234,4,2026-05-10,1610612759,SAS,1642868,Carter Bryant,1610612750,MIN,203944,Julius Randle,34,4.0,4.0,14.799999999999999,16.8,0,4,0,0,0,0,0,0,0.0,0,0,0.0,0,0,0,0,0,0,0,nba_boxscorematchupsv3
1,2025-26,Playoffs,Western Conference Semifinals,2026_min_sas_api_20261005,0042500234,4,2026-05-10,1610612759,SAS,1642868,Carter Bryant,1610612750,MIN,1629675,Naz Reid,72,7.8,11.200000000000001,30.9,30.9,2,7,0,0,2,0,1,1,100.0,0,0,0.0,0,0,0,0,0,0,0,nba_boxscorematchupsv3
1,2025-26,Playoffs,Western Conference Semifinals,2026_min_sas_api_20261005,0042500234,4,2026-05-10,1610612759,SAS,1642868,Carter Bryant,1610612750,MIN,1630545,Terrence Shannon Jr,50,4.1,11.600000000000001,21.3,30.5,0,2,0,0,0,0,0,1,0.0,0,1,0.0,0,0,0,0,0,0,0,nba_boxscorematchupsv3
1,2025-26,Playoffs,Western Conference Semifinals,2026_min_sas_api_20261005,0042500234,4,2026-05-10,1610612759,SAS,203084,Harrison Barnes,1610612750,MIN,1630245,Ayo Dosunmu,36,1.9,5.2,15.6,15.6,0,2,0,0,0,0,0,0,0.0,0,0,0.0,0,0,0,0,0,0,0,nba_boxscorematchupsv3
1,2025-26,Playoffs,Western Conference Semifinals,2026_min_sas_api_20261005,0042500234,4,2026-05-10,1610612759,SAS,203084,Harrison Barnes,1610612750,MIN,1630162,Anthony Edwards,11,0.5,1.0999999999999999,4.6,4.6,0,0,0,0,0,0,0,0,0.0,0,0,0.0,0,0,0,0,0,0,0,nba_boxscorematchupsv3
1,2025-26,Playoffs,Western Conference Semifinals,2026_min_sas_api_20261005,0042500234,4,2026-05-10,1610612759,SAS,203084,Harrison Barnes,1610612750,MIN,203497,Rudy Gobert,13,0.7,1.7999999999999998,5.7,5.7,2,2,0,0,0,0,1,2,50.0,0,0,0.0,0,0,0,0,0,0,0,nba_boxscorematchupsv3
1,2025-26,Playoffs,Western Conference Semifinals,2026_min_sas_api_20261005,0042500234,4,2026-05-10,1610612759,SAS,203084,Harrison Barnes,1610612750,MIN,1630183,Jaden McDaniels,19,1.7,2.0,8.3,8.3,0,0,0,0,0,0,0,0,0.0,0,0,0.0,0,0,0,0,0,0,0,nba_boxscorematchupsv3
1,2025-26,Playoffs,Western Conference Semifinals,2026_min_sas_api_20261005,0042500234,4,2026-05-10,1610612759,SAS,203084,Harrison Barnes,1610612750,MIN,203944,Julius Randle,119,8.5,13.8,51.4,73.4,0,9,0,0,0,0,0,1,0.0,0,0,0.0,0,0,0,0,0,0,0,nba_boxscorematchupsv3
1,2025-26,Playoffs,Western Conference Semifinals,2026_min_sas_api_20261005,0042500234,4,2026-05-10,1610612759,SAS,203084,Harrison Barnes,1610612750,MIN,1629675,Naz Reid,44,3.6,6.800000000000001,18.9,63.1,0,3,0,0,0,0,0,0,0.0,0,0,0.0,0,0,0,0,0,0,0,nba_boxscorematchupsv3
1,2025-26,Playoffs,Western Conference Semifinals,2026_min_sas_api_20261005,0042500235,5,2026-05-12,1610612759,SAS,1630577,Julian Champagnie,1610612750,MIN,203937,Kyle Anderson,11,1.4,16.92308,1.6666699999999999,69.1,0,3,0,0,0,0,0,1,0.0,0,1,0.0,0,0,0,0,0,0,0,nba_boxscorematchupsv3
1,2025-26,Playoffs,Western Conference Semifinals,2026_min_sas_api_20261005,0042500235,5,2026-05-12,1610612759,SAS,1630577,Julian Champagnie,1610612750,MIN,201144,Mike Conley,46,2.4,12.568309999999999,6.9697,25.1,0,2,0,0,0,0,0,1,0.0,0,1,0.0,0,0,0,0,0,0,0,nba_boxscorematchupsv3
1,2025-26,Playoffs,Western Conference Semifinals,2026_min_sas_api_20261005,0042500235,5,2026-05-12,1610612759,SAS,1630577,Julian Champagnie,1610612750,MIN,1630245,Ayo Dosunmu,70,6.7,8.33333,10.606060000000001,13.5,0,8,0,0,0,0,0,0,0.0,0,0,0.0,0,0,0,0,0,0,0,nba_boxscorematchupsv3
1,2025-26,Playoffs,Western Conference Semifinals,2026_min_sas_api_20261005,0042500235,5,2026-05-12,1610612759,SAS,1630577,Julian Champagnie,1610612750,MIN,1630162,Anthony Edwards,99,7.6,10.432030000000001,15.0,15.8,0,7,0,0,0,0,0,1,0.0,0,1,0.0,0,0,0,0,0,0,0,nba_boxscorematchupsv3
1,2025-26,Playoffs,Western Conference Semifinals,2026_min_sas_api_20261005,0042500235,5,2026-05-12,1610612759,SAS,1630577,Julian Champagnie,1610612750,MIN,203497,Rudy Gobert,19,2.8,3.71094,2.87879,8.4,3,3,0,0,0,0,1,2,50.0,1,2,50.0,0,0,0,0,0,0,0,nba_boxscorematchupsv3
1,2025-26,Playoffs,Western Conference Semifinals,2026_min_sas_api_20261005,0042500235,5,2026-05-12,1610612759,SAS,1630577,Julian Champagnie,1610612750,MIN,1630183,Jaden McDaniels,27,3.4,3.9822999999999995,4.09091,9.1,3,5,0,0,0,0,1,1,100.0,1,1,100.0,0,0,0,0,0,0,0,nba_boxscorematchupsv3
1,2025-26,Playoffs,Western Conference Semifinals,2026_min_sas_api_20261005,0042500235,5,2026-05-12,1610612759,SAS,1630577,Julian Champagnie,1610612750,MIN,203944,Julius Randle,219,15.6,25.734430000000003,33.18182,37.6,2,16,0,0,0,0,1,1,100.0,0,0,0.0,0,0,0,0,0,0,0,nba_boxscorematchupsv3
1,2025-26,Playoffs,Western Conference Semifinals,2026_min_sas_api_20261005,0042500235,5,2026-05-12,1610612759,SAS,1630577,Julian Champagnie,1610612750,MIN,1629675,Naz Reid,114,8.9,14.863100000000001,17.27273,24.6,0,10,0,0,0,0,0,1,0.0,0,1,0.0,0,0,0,0,0,0,0,nba_boxscorematchupsv3
1,2025-26,Playoffs,Western Conference Semifinals,2026_min_sas_api_20261005,0042500235,5,2026-05-12,1610612759,SAS,1630577,Julian Champagnie,1610612750,MIN,1630545,Terrence Shannon Jr,55,2.8,11.85345,8.33333,24.6,0,4,0,0,0,0,0,1,0.0,0,1,0.0,0,0,0,0,0,0,0,nba_boxscorematchupsv3
1,2025-26,Playoffs,Western Conference Semifinals,2026_min_sas_api_20261005,0042500235,5,2026-05-12,1610612759,SAS,1630170,Devin Vassell,1610612750,MIN,201144,Mike Conley,118,5.5,32.24044,16.14227,43.3,2,8,1,0,0,0,1,1,100.0,0,0,0.0,0,0,0,0,0,0,0,nba_boxscorematchupsv3
1,2025-26,Playoffs,Western Conference Semifinals,2026_min_sas_api_20261005,0042500235,5,2026-05-12,1610612759,SAS,1630170,Devin Vassell,1610612750,MIN,1630245,Ayo Dosunmu,49,5.3,5.83333,6.703149999999999,10.5,3,12,0,0,0,0,1,1,100.0,1,1,100.0,0,0,0,0,0,0,0,nba_boxscorematchupsv3
1,2025-26,Playoffs,Western Conference Semifinals,2026_min_sas_api_20261005,0042500235,5,2026-05-12,1610612759,SAS,1630170,Devin Vassell,1610612750,MIN,1630162,Anthony Edwards,267,21.5,28.134880000000003,36.52531,42.199999999999996,0,14,0,0,1,0,0,3,0.0,0,3,0.0,0,0,0,0,0,0,0,nba_boxscorematchupsv3
1,2025-26,Playoffs,Western Conference Semifinals,2026_min_sas_api_20261005,0042500235,5,2026-05-12,1610612759,SAS,1630170,Devin Vassell,1610612750,MIN,203497,Rudy Gobert,19,1.1,3.71094,2.59918,3.8,0,0,0,0,0,0,0,1,0.0,0,0,0.0,0,0,0,0,0,0,0,nba_boxscorematchupsv3
1,2025-26,Playoffs,Western Conference Semifinals,2026_min_sas_api_20261005,0042500235,5,2026-05-12,1610612759,SAS,1630170,Devin Vassell,1610612750,MIN,1630183,Jaden McDaniels,66,9.3,9.73451,9.02873,13.8,2,6,0,0,0,0,0,2,0.0,0,2,0.0,2,3,1,0,0,0,0,nba_boxscorematchupsv3
1,2025-26,Playoffs,Western Conference Semifinals,2026_min_sas_api_20261005,0042500235,5,2026-05-12,1610612759,SAS,1630170,Devin Vassell,1610612750,MIN,203944,Julius Randle,43,4.1,5.05288,5.88235,7.6,0,2,0,0,0,0,0,0,0.0,0,0,0.0,0,0,0,0,0,0,0,nba_boxscorematchupsv3
1,2025-26,Playoffs,Western Conference Semifinals,2026_min_sas_api_20261005,0042500235,5,2026-05-12,1610612759,SAS,1630170,Devin Vassell,1610612750,MIN,1629675,Naz Reid,121,12.1,15.775749999999999,16.55267,27.1,2,14,1,0,0,0,1,1,100.0,0,0,0.0,0,0,0,0,0,0,0,nba_boxscorematchupsv3
1,2025-26,Playoffs,Western Conference Semifinals,2026_min_sas_api_20261005,0042500235,5,2026-05-12,1610612759,SAS,1630170,Devin Vassell,1610612750,MIN,1630545,Terrence Shannon Jr,48,3.3,10.34483,6.56635,13.5,3,9,0,0,0,0,1,1,100.0,1,1,100.0,0,0,0,0,0,0,0,nba_boxscorematchupsv3
1,2025-26,Playoffs,Western Conference Semifinals,2026_min_sas_api_20261005,0042500235,5,2026-05-12,1610612759,SAS,1641705,Victor Wembanyama,1610612750,MIN,201144,Mike Conley,1,0.9,0.27322,0.12376,5.1,0,0,0,0,0,0,0,0,0.0,0,0,0.0,0,0,0,0,0,0,0,nba_boxscorematchupsv3
1,2025-26,Playoffs,Western Conference Semifinals,2026_min_sas_api_20261005,0042500235,5,2026-05-12,1610612759,SAS,1641705,Victor Wembanyama,1610612750,MIN,1630245,Ayo Dosunmu,37,4.0,4.40476,4.57921,7.3999999999999995,0,9,1,0,0,0,0,0,0.0,0,0,0.0,0,0,0,0,0,0,0,nba_boxscorematchupsv3
1,2025-26,Playoffs,Western Conference Semifinals,2026_min_sas_api_20261005,0042500235,5,2026-05-12,1610612759,SAS,1641705,Victor Wembanyama,1610612750,MIN,1630162,Anthony Edwards,65,6.4,6.8493200000000005,8.044550000000001,9.6,0,3,1,0,1,0,0,0,0.0,0,0,0.0,0,0,0,0,0,0,0,nba_boxscorematchupsv3
1,2025-26,Playoffs,Western Conference Semifinals,2026_min_sas_api_20261005,0042500235,5,2026-05-12,1610612759,SAS,1641705,Victor Wembanyama,1610612750,MIN,203497,Rudy Gobert,309,18.2,60.351560000000006,38.24257,75.6,16,24,2,0,0,0,6,9,66.7,2,4,50.0,2,3,0,0,0,0,0,nba_boxscorematchupsv3
1,2025-26,Playoffs,Western Conference Semifinals,2026_min_sas_api_20261005,0042500235,5,2026-05-12,1610612759,SAS,1641705,Victor Wembanyama,1610612750,MIN,1630183,Jaden McDaniels,96,7.4,14.159289999999999,11.88119,17.1,2,14,0,0,1,0,0,0,0.0,0,0,0.0,2,2,1,0,0,0,0,nba_boxscorematchupsv3
1,2025-26,Playoffs,Western Conference Semifinals,2026_min_sas_api_20261005,0042500235,5,2026-05-12,1610612759,SAS,1641705,Victor Wembanyama,1610612750,MIN,203944,Julius Randle,189,16.9,22.20917,23.391090000000002,31.0,3,21,0,0,0,0,1,3,33.300000000000004,0,0,0.0,1,2,0,0,0,0,0,nba_boxscorematchupsv3
1,2025-26,Playoffs,Western Conference Semifinals,2026_min_sas_api_20261005,0042500235,5,2026-05-12,1610612759,SAS,1641705,Victor Wembanyama,1610612750,MIN,1629675,Naz Reid,74,6.5,9.64798,9.15842,14.2,0,4,1,0,0,0,0,2,0.0,0,1,0.0,0,0,0,0,0,0,0,nba_boxscorematchupsv3
1,2025-26,Playoffs,Western Conference Semifinals,2026_min_sas_api_20261005,0042500235,5,2026-05-12,1610612759,SAS,1641705,Victor Wembanyama,1610612750,MIN,1630545,Terrence Shannon Jr,37,2.7,7.97414,4.57921,12.4,5,7,0,0,1,0,2,2,100.0,0,0,0.0,1,1,1,0,0,0,0,nba_boxscorematchupsv3
1,2025-26,Playoffs,Western Conference Semifinals,2026_min_sas_api_20261005,0042500235,5,2026-05-12,1610612759,SAS,1628368,De'Aaron Fox,1610612750,MIN,201144,Mike Conley,78,7.0,21.31148,9.122810000000001,26.700000000000003,2,17,1,0,0,0,0,0,0.0,0,0,0.0,2,2,1,0,0,0,0,nba_boxscorematchupsv3
1,2025-26,Playoffs,Western Conference Semifinals,2026_min_sas_api_20261005,0042500235,5,2026-05-12,1610612759,SAS,1628368,De'Aaron Fox,1610612750,MIN,1630245,Ayo Dosunmu,215,15.0,25.595240000000004,25.1462,31.4,2,16,1,0,0,1,0,2,0.0,0,1,0.0,2,2,1,0,0,0,0,nba_boxscorematchupsv3
1,2025-26,Playoffs,Western Conference Semifinals,2026_min_sas_api_20261005,0042500235,5,2026-05-12,1610612759,SAS,1628368,De'Aaron Fox,1610612750,MIN,1630162,Anthony Edwards,74,6.2,7.79768,8.654969999999999,11.700000000000001,0,3,1,0,0,0,0,1,0.0,0,1,0.0,0,0,0,0,0,0,0,nba_boxscorematchupsv3
1,2025-26,Playoffs,Western Conference Semifinals,2026_min_sas_api_20261005,0042500235,5,2026-05-12,1610612759,SAS,1628368,De'Aaron Fox,1610612750,MIN,203497,Rudy Gobert,28,4.8,5.46875,3.27485,8.799999999999999,2,9,0,0,1,0,1,1,100.0,0,0,0.0,0,0,0,0,0,0,0,nba_boxscorematchupsv3
1,2025-26,Playoffs,Western Conference Semifinals,2026_min_sas_api_20261005,0042500235,5,2026-05-12,1610612759,SAS,1628368,De'Aaron Fox,1610612750,MIN,1630183,Jaden McDaniels,326,20.9,48.0826,38.12865,50.1,2,27,1,0,0,0,1,5,20.0,0,1,0.0,0,0,0,0,0,0,0,nba_boxscorematchupsv3
1,2025-26,Playoffs,Western Conference Semifinals,2026_min_sas_api_20261005,0042500235,5,2026-05-12,1610612759,SAS,1628368,De'Aaron Fox,1610612750,MIN,203944,Julius Randle,88,7.5,10.340779999999999,10.2924,13.100000000000001,6,13,1,0,0,0,2,3,66.7,1,1,100.0,1,1,1,0,0,0,0,nba_boxscorematchupsv3
1,2025-26,Playoffs,Western Conference Semifinals,2026_min_sas_api_20261005,0042500235,5,2026-05-12,1610612759,SAS,1628368,De'Aaron Fox,1610612750,MIN,1629675,Naz Reid,19,2.3,2.47718,2.22222,4.1000000000000005,0,4,0,0,0,0,0,0,0.0,0,0,0.0,0,0,0,0,0,0,0,nba_boxscorematchupsv3
1,2025-26,Playoffs,Western Conference Semifinals,2026_min_sas_api_20261005,0042500235,5,2026-05-12,1610612759,SAS,1628368,De'Aaron Fox,1610612750,MIN,1630545,Terrence Shannon Jr,27,4.6,5.818969999999999,3.15789,14.2,2,4,0,0,0,0,1,2,50.0,0,0,0.0,0,0,0,0,0,0,0,nba_boxscorematchupsv3
1,2025-26,Playoffs,Western Conference Semifinals,2026_min_sas_api_20261005,0042500235,5,2026-05-12,1610612759,SAS,1642264,Stephon Castle,1610612750,MIN,201144,Mike Conley,16,0.5,4.37158,2.4464799999999998,9.2,0,0,0,0,0,0,0,1,0.0,0,0,0.0,0,0,0,0,0,0,0,nba_boxscorematchupsv3
1,2025-26,Playoffs,Western Conference Semifinals,2026_min_sas_api_20261005,0042500235,5,2026-05-12,1610612759,SAS,1642264,Stephon Castle,1610612750,MIN,1630245,Ayo Dosunmu,221,13.0,26.30952,33.79205,45.1,2,20,1,0,0,0,1,1,100.0,0,0,0.0,0,0,0,0,0,0,0,nba_boxscorematchupsv3
1,2025-26,Playoffs,Western Conference Semifinals,2026_min_sas_api_20261005,0042500235,5,2026-05-12,1610612759,SAS,1642264,Stephon Castle,1610612750,MIN,1630162,Anthony Edwards,71,6.0,7.48156,10.85627,10.6,6,14,2,0,2,0,3,4,75.0,0,0,0.0,0,0,0,0,0,0,0,nba_boxscorematchupsv3
1,2025-26,Playoffs,Western Conference Semifinals,2026_min_sas_api_20261005,0042500235,5,2026-05-12,1610612759,SAS,1642264,Stephon Castle,1610612750,MIN,203497,Rudy Gobert,9,1.3,1.7578099999999999,1.37615,5.1,2,2,0,0,0,0,1,1,100.0,0,0,0.0,0,0,0,0,0,0,0,nba_boxscorematchupsv3
1,2025-26,Playoffs,Western Conference Semifinals,2026_min_sas_api_20261005,0042500235,5,2026-05-12,1610612759,SAS,1642264,Stephon Castle,1610612750,MIN,1630183,Jaden McDaniels,82,11.9,12.0944,12.53823,20.200000000000003,2,15,1,0,0,0,1,1,100.0,0,0,0.0,0,0,0,0,0,0,0,nba_boxscorematchupsv3
1,2025-26,Playoffs,Western Conference Semifinals,2026_min_sas_api_20261005,0042500235,5,2026-05-12,1610612759,SAS,1642264,Stephon Castle,1610612750,MIN,203944,Julius Randle,75,7.6,8.81316,11.46789,14.899999999999999,2,11,0,0,1,0,1,1,100.0,0,0,0.0,0,0,0,0,0,0,0,nba_boxscorematchupsv3
1,2025-26,Playoffs,Western Conference Semifinals,2026_min_sas_api_20261005,0042500235,5,2026-05-12,1610612759,SAS,1642264,Stephon Castle,1610612750,MIN,1629675,Naz Reid,77,4.0,10.039109999999999,11.7737,18.3,0,0,0,0,0,0,0,0,0.0,0,0,0.0,0,2,0,0,0,0,0,nba_boxscorematchupsv3
1,2025-26,Playoffs,Western Conference Semifinals,2026_min_sas_api_20261005,0042500235,5,2026-05-12,1610612759,SAS,1642264,Stephon Castle,1610612750,MIN,1630545,Terrence Shannon Jr,103,8.9,22.19828,15.74924,33.1,3,3,0,0,1,0,1,2,50.0,0,1,0.0,1,1,1,0,0,0,0,nba_boxscorematchupsv3
1,2025-26,Playoffs,Western Conference Semifinals,2026_min_sas_api_20261005,0042500235,5,2026-05-12,1610612759,SAS,1628436,Luke Kornet,1610612750,MIN,201144,Mike Conley,3,1.0,0.8196699999999999,1.13208,4.3,0,0,0,0,0,0,0,0,0.0,0,0,0.0,0,0,0,0,0,0,0,nba_boxscorematchupsv3
1,2025-26,Playoffs,Western Conference Semifinals,2026_min_sas_api_20261005,0042500235,5,2026-05-12,1610612759,SAS,1628436,Luke Kornet,1610612750,MIN,1630245,Ayo Dosunmu,2,0.4,0.23809999999999998,0.75472,2.5,0,0,0,0,0,0,0,0,0.0,0,0,0.0,0,0,0,0,0,0,0,nba_boxscorematchupsv3
1,2025-26,Playoffs,Western Conference Semifinals,2026_min_sas_api_20261005,0042500235,5,2026-05-12,1610612759,SAS,1628436,Luke Kornet,1610612750,MIN,1630162,Anthony Edwards,12,1.8,1.2644900000000001,4.5283,6.9,0,2,0,0,0,0,0,0,0.0,0,0,0.0,0,0,0,0,0,0,0,nba_boxscorematchupsv3
1,2025-26,Playoffs,Western Conference Semifinals,2026_min_sas_api_20261005,0042500235,5,2026-05-12,1610612759,SAS,1628436,Luke Kornet,1610612750,MIN,203497,Rudy Gobert,104,9.7,20.3125,39.24528,72.6,0,10,0,0,0,1,0,1,0.0,0,0,0.0,0,0,0,0,0,0,0,nba_boxscorematchupsv3
1,2025-26,Playoffs,Western Conference Semifinals,2026_min_sas_api_20261005,0042500235,5,2026-05-12,1610612759,SAS,1628436,Luke Kornet,1610612750,MIN,1630183,Jaden McDaniels,17,1.1,2.50737,6.415089999999999,10.7,0,1,0,0,0,0,0,0,0.0,0,0,0.0,0,0,0,0,0,0,0,nba_boxscorematchupsv3
1,2025-26,Playoffs,Western Conference Semifinals,2026_min_sas_api_20261005,0042500235,5,2026-05-12,1610612759,SAS,1628436,Luke Kornet,1610612750,MIN,203944,Julius Randle,7,1.8,0.82256,2.6415100000000002,7.7,0,4,0,0,0,0,0,0,0.0,0,0,0.0,0,0,0,0,0,0,0,nba_boxscorematchupsv3
1,2025-26,Playoffs,Western Conference Semifinals,2026_min_sas_api_20261005,0042500235,5,2026-05-12,1610612759,SAS,1628436,Luke Kornet,1610612750,MIN,1629675,Naz Reid,66,5.8,8.60495,24.905659999999997,32.9,0,4,0,0,0,0,0,0,0.0,0,0,0.0,0,0,0,0,0,0,0,nba_boxscorematchupsv3
1,2025-26,Playoffs,Western Conference Semifinals,2026_min_sas_api_20261005,0042500235,5,2026-05-12,1610612759,SAS,1628436,Luke Kornet,1610612750,MIN,1630545,Terrence Shannon Jr,54,2.3,11.63793,20.37736,28.9,0,2,0,0,0,0,0,0,0.0,0,0,0.0,0,0,0,0,0,0,0,nba_boxscorematchupsv3
1,2025-26,Playoffs,Western Conference Semifinals,2026_min_sas_api_20261005,0042500235,5,2026-05-12,1610612759,SAS,1642844,Dylan Harper,1610612750,MIN,201144,Mike Conley,77,5.1,21.03825,11.86441,24.0,2,7,1,0,0,0,1,1,100.0,0,0,0.0,0,0,0,0,0,0,0,nba_boxscorematchupsv3
1,2025-26,Playoffs,Western Conference Semifinals,2026_min_sas_api_20261005,0042500235,5,2026-05-12,1610612759,SAS,1642844,Dylan Harper,1610612750,MIN,1630245,Ayo Dosunmu,165,13.9,19.642860000000002,25.42373,32.4,3,10,0,0,1,1,1,4,25.0,0,1,0.0,1,1,1,0,0,0,0,nba_boxscorematchupsv3
1,2025-26,Playoffs,Western Conference Semifinals,2026_min_sas_api_20261005,0042500235,5,2026-05-12,1610612759,SAS,1642844,Dylan Harper,1610612750,MIN,1630162,Anthony Edwards,193,11.4,20.3372,29.73806,32.2,0,20,0,0,0,0,0,1,0.0,0,0,0.0,0,0,0,0,0,0,0,nba_boxscorematchupsv3
1,2025-26,Playoffs,Western Conference Semifinals,2026_min_sas_api_20261005,0042500235,5,2026-05-12,1610612759,SAS,1642844,Dylan Harper,1610612750,MIN,203497,Rudy Gobert,11,0.6,2.14844,1.6949200000000002,4.6,0,0,0,0,0,0,0,0,0.0,0,0,0.0,0,0,0,0,0,0,0,nba_boxscorematchupsv3
1,2025-26,Playoffs,Western Conference Semifinals,2026_min_sas_api_20261005,0042500235,5,2026-05-12,1610612759,SAS,1642844,Dylan Harper,1610612750,MIN,1630183,Jaden McDaniels,27,2.3,3.9822999999999995,4.1602500000000004,13.900000000000002,0,0,0,0,0,0,0,0,0.0,0,0,0.0,0,0,0,0,0,0,0,nba_boxscorematchupsv3
1,2025-26,Playoffs,Western Conference Semifinals,2026_min_sas_api_20261005,0042500235,5,2026-05-12,1610612759,SAS,1642844,Dylan Harper,1610612750,MIN,1641763,Julian Phillips,12,1.7,18.461540000000003,1.849,83.8,0,3,1,0,0,0,0,0,0.0,0,0,0.0,0,0,0,0,0,0,0,nba_boxscorematchupsv3
1,2025-26,Playoffs,Western Conference Semifinals,2026_min_sas_api_20261005,0042500235,5,2026-05-12,1610612759,SAS,1642844,Dylan Harper,1610612750,MIN,203944,Julius Randle,35,2.6,4.11281,5.39291,8.7,2,4,0,0,0,0,1,2,50.0,0,0,0.0,0,0,0,0,0,0,0,nba_boxscorematchupsv3
1,2025-26,Playoffs,Western Conference Semifinals,2026_min_sas_api_20261005,0042500235,5,2026-05-12,1610612759,SAS,1642844,Dylan Harper,1610612750,MIN,1629675,Naz Reid,37,3.2,4.82399,5.70108,8.200000000000001,2,8,0,0,0,0,1,1,100.0,0,0,0.0,0,0,0,0,0,0,0,nba_boxscorematchupsv3
1,2025-26,Playoffs,Western Conference Semifinals,2026_min_sas_api_20261005,0042500235,5,2026-05-12,1610612759,SAS,1642844,Dylan Harper,1610612750,MIN,1630545,Terrence Shannon Jr,92,8.2,19.82759,14.175650000000001,28.799999999999997,2,10,0,0,1,0,1,1,100.0,0,0,0.0,0,0,0,0,0,0,0,nba_boxscorematchupsv3
1,2025-26,Playoffs,Western Conference Semifinals,2026_min_sas_api_20261005,0042500235,5,2026-05-12,1610612759,SAS,1629640,Keldon Johnson,1610612750,MIN,1642866,Joan Beringer,7,0.7,10.9375,1.2987,39.7,0,0,0,0,0,0,0,0,0.0,0,0,0.0,0,0,0,0,0,0,0,nba_boxscorematchupsv3
1,2025-26,Playoffs,Western Conference Semifinals,2026_min_sas_api_20261005,0042500235,5,2026-05-12,1610612759,SAS,1629640,Keldon Johnson,1610612750,MIN,1641740,Jaylen Clark,3,0.3,4.6875,0.55659,28.000000000000004,3,3,0,0,0,0,1,1,100.0,1,1,100.0,0,0,0,0,0,0,0,nba_boxscorematchupsv3
1,2025-26,Playoffs,Western Conference Semifinals,2026_min_sas_api_20261005,0042500235,5,2026-05-12,1610612759,SAS,1629640,Keldon Johnson,1610612750,MIN,201144,Mike Conley,14,3.5,3.8251399999999998,2.5974,11.4,0,2,0,0,1,0,0,0,0.0,0,0,0.0,0,0,0,0,0,0,0,nba_boxscorematchupsv3
1,2025-26,Playoffs,Western Conference Semifinals,2026_min_sas_api_20261005,0042500235,5,2026-05-12,1610612759,SAS,1629640,Keldon Johnson,1610612750,MIN,1630245,Ayo Dosunmu,76,3.5,9.04762,14.100190000000001,14.399999999999999,0,6,0,0,0,0,0,0,0.0,0,0,0.0,0,0,0,0,0,0,0,nba_boxscorematchupsv3
1,2025-26,Playoffs,Western Conference Semifinals,2026_min_sas_api_20261005,0042500235,5,2026-05-12,1610612759,SAS,1629640,Keldon Johnson,1610612750,MIN,1630162,Anthony Edwards,100,8.3,10.53741,18.55288,23.1,8,13,0,0,0,0,4,4,100.0,0,0,0.0,0,0,0,0,0,0,0,nba_boxscorematchupsv3
1,2025-26,Playoffs,Western Conference Semifinals,2026_min_sas_api_20261005,0042500235,5,2026-05-12,1610612759,SAS,1629640,Keldon Johnson,1610612750,MIN,203497,Rudy Gobert,13,1.7,2.53906,2.41187,8.0,0,2,0,0,0,0,0,0,0.0,0,0,0.0,0,0,0,0,0,0,0,nba_boxscorematchupsv3
1,2025-26,Playoffs,Western Conference Semifinals,2026_min_sas_api_20261005,0042500235,5,2026-05-12,1610612759,SAS,1629640,Keldon Johnson,1610612750,MIN,1630538,Bones Hyland,4,1.0,6.15385,0.74212,34.599999999999994,0,0,0,0,0,0,0,0,0.0,0,0,0.0,0,0,0,0,0,0,0,nba_boxscorematchupsv3
1,2025-26,Playoffs,Western Conference Semifinals,2026_min_sas_api_20261005,0042500235,5,2026-05-12,1610612759,SAS,1629640,Keldon Johnson,1610612750,MIN,1630183,Jaden McDaniels,16,1.6,2.35988,2.96846,9.5,0,1,0,0,0,0,0,1,0.0,0,1,0.0,0,0,0,0,0,0,0,nba_boxscorematchupsv3
1,2025-26,Playoffs,Western Conference Semifinals,2026_min_sas_api_20261005,0042500235,5,2026-05-12,1610612759,SAS,1629640,Keldon Johnson,1610612750,MIN,203944,Julius Randle,112,7.7,13.16099,20.779220000000002,31.4,2,10,0,0,0,0,1,2,50.0,0,0,0.0,0,0,0,0,0,0,0,nba_boxscorematchupsv3
1,2025-26,Playoffs,Western Conference Semifinals,2026_min_sas_api_20261005,0042500235,5,2026-05-12,1610612759,SAS,1629640,Keldon Johnson,1610612750,MIN,1629675,Naz Reid,155,9.6,20.208599999999997,28.75696,33.2,4,22,0,0,0,0,1,2,50.0,0,1,0.0,2,2,0,0,0,0,0,nba_boxscorematchupsv3
1,2025-26,Playoffs,Western Conference Semifinals,2026_min_sas_api_20261005,0042500235,5,2026-05-12,1610612759,SAS,1629640,Keldon Johnson,1610612750,MIN,1630545,Terrence Shannon Jr,39,2.5,8.40517,7.23562,14.6,4,4,0,0,1,0,1,1,100.0,0,0,0.0,2,3,2,0,0,0,0,nba_boxscorematchupsv3
1,2025-26,Playoffs,Western Conference Semifinals,2026_min_sas_api_20261005,0042500235,5,2026-05-12,1610612759,SAS,1642868,Carter Bryant,1610612750,MIN,203937,Kyle Anderson,28,2.9,43.07692,10.21898,42.5,0,3,1,0,0,0,0,0,0.0,0,0,0.0,0,0,0,0,0,0,0,nba_boxscorematchupsv3
1,2025-26,Playoffs,Western Conference Semifinals,2026_min_sas_api_20261005,0042500235,5,2026-05-12,1610612759,SAS,1642868,Carter Bryant,1610612750,MIN,1642866,Joan Beringer,2,0.8,3.125,0.72993,10.8,0,0,0,0,0,0,0,0,0.0,0,0,0.0,0,0,0,0,0,0,0,nba_boxscorematchupsv3
1,2025-26,Playoffs,Western Conference Semifinals,2026_min_sas_api_20261005,0042500235,5,2026-05-12,1610612759,SAS,1642868,Carter Bryant,1610612750,MIN,1641740,Jaylen Clark,22,2.4,34.375,8.0292,27.6,0,2,0,0,0,0,0,0,0.0,0,0,0.0,0,0,0,0,0,0,0,nba_boxscorematchupsv3
1,2025-26,Playoffs,Western Conference Semifinals,2026_min_sas_api_20261005,0042500235,5,2026-05-12,1610612759,SAS,1642868,Carter Bryant,1610612750,MIN,1630245,Ayo Dosunmu,3,0.8,0.35714,1.09489,5.1,0,0,0,0,1,0,0,0,0.0,0,0,0.0,0,0,0,0,0,0,0,nba_boxscorematchupsv3
1,2025-26,Playoffs,Western Conference Semifinals,2026_min_sas_api_20261005,0042500235,5,2026-05-12,1610612759,SAS,1642868,Carter Bryant,1610612750,MIN,1630162,Anthony Edwards,38,4.8,4.00421,13.86861,26.400000000000002,0,2,0,0,0,0,0,0,0.0,0,0,0.0,0,0,0,0,0,0,0,nba_boxscorematchupsv3
1,2025-26,Playoffs,Western Conference Semifinals,2026_min_sas_api_20261005,0042500235,5,2026-05-12,1610612759,SAS,1642868,Carter Bryant,1610612750,MIN,1630538,Bones Hyland,12,0.9,18.461540000000003,4.37956,18.2,0,3,0,0,0,0,0,0,0.0,0,0,0.0,0,0,0,0,0,0,0,nba_boxscorematchupsv3
1,2025-26,Playoffs,Western Conference Semifinals,2026_min_sas_api_20261005,0042500235,5,2026-05-12,1610612759,SAS,1642868,Carter Bryant,1610612750,MIN,1630183,Jaden McDaniels,18,2.5,2.6548700000000003,6.5693399999999995,11.700000000000001,0,0,0,0,0,0,0,0,0.0,0,0,0.0,0,0,0,0,0,0,0,nba_boxscorematchupsv3
1,2025-26,Playoffs,Western Conference Semifinals,2026_min_sas_api_20261005,0042500235,5,2026-05-12,1610612759,SAS,1642868,Carter Bryant,1610612750,MIN,203944,Julius Randle,81,6.9,9.51821,29.56204,33.5,3,6,0,0,0,0,1,1,100.0,1,1,100.0,0,0,0,0,0,0,0,nba_boxscorematchupsv3
1,2025-26,Playoffs,Western Conference Semifinals,2026_min_sas_api_20261005,0042500235,5,2026-05-12,1610612759,SAS,1642868,Carter Bryant,1610612750,MIN,1629675,Naz Reid,61,5.1,7.953060000000001,22.26277,43.5,0,8,1,0,0,0,0,0,0.0,0,0,0.0,0,0,0,0,0,0,0,nba_boxscorematchupsv3
1,2025-26,Playoffs,Western Conference Semifinals,2026_min_sas_api_20261005,0042500235,5,2026-05-12,1610612759,SAS,1642868,Carter Bryant,1610612750,MIN,1630545,Terrence Shannon Jr,9,0.5,1.93966,3.2846699999999998,4.9,0,2,0,0,0,0,0,0,0.0,0,0,0.0,0,0,0,0,0,0,0,nba_boxscorematchupsv3
1,2025-26,Playoffs,Western Conference Semifinals,2026_min_sas_api_20261005,0042500235,5,2026-05-12,1610612759,SAS,203084,Harrison Barnes,1610612750,MIN,201144,Mike Conley,13,1.3,3.55191,13.978489999999999,27.900000000000002,0,2,0,0,0,0,0,0,0.0,0,0,0.0,0,0,0,0,0,0,0,nba_boxscorematchupsv3
1,2025-26,Playoffs,Western Conference Semifinals,2026_min_sas_api_20261005,0042500235,5,2026-05-12,1610612759,SAS,203084,Harrison Barnes,1610612750,MIN,1630245,Ayo Dosunmu,2,0.3,0.23809999999999998,2.15054,4.2,0,0,0,0,0,0,0,0,0.0,0,0,0.0,0,0,0,0,0,0,0,nba_boxscorematchupsv3
1,2025-26,Playoffs,Western Conference Semifinals,2026_min_sas_api_20261005,0042500235,5,2026-05-12,1610612759,SAS,203084,Harrison Barnes,1610612750,MIN,1630162,Anthony Edwards,30,1.5,3.16122,32.25806,29.299999999999997,0,4,1,0,0,0,0,0,0.0,0,0,0.0,0,0,0,0,0,0,0,nba_boxscorematchupsv3
1,2025-26,Playoffs,Western Conference Semifinals,2026_min_sas_api_20261005,0042500235,5,2026-05-12,1610612759,SAS,203084,Harrison Barnes,1610612750,MIN,1630183,Jaden McDaniels,3,0.1,0.44248,3.2258099999999996,7.1,0,0,0,0,0,0,0,0,0.0,0,0,0.0,0,0,0,0,0,0,0,nba_boxscorematchupsv3
1,2025-26,Playoffs,Western Conference Semifinals,2026_min_sas_api_20261005,0042500235,5,2026-05-12,1610612759,SAS,203084,Harrison Barnes,1610612750,MIN,203944,Julius Randle,2,0.3,0.23502,2.15054,5.800000000000001,0,0,0,0,0,0,0,0,0.0,0,0,0.0,0,0,0,0,0,0,0,nba_boxscorematchupsv3
1,2025-26,Playoffs,Western Conference Semifinals,2026_min_sas_api_20261005,0042500235,5,2026-05-12,1610612759,SAS,203084,Harrison Barnes,1610612750,MIN,1629675,Naz Reid,43,1.6,5.60626,46.23656,39.6,0,0,0,0,0,0,0,0,0.0,0,0,0.0,0,0,0,0,0,0,0,nba_boxscorematchupsv3
1,2025-26,Playoffs,Western Conference Semifinals,2026_min_sas_api_20261005,0042500235,5,2026-05-12,1610612759,SAS,1629162,Jordan McLaughlin,1610612750,MIN,203937,Kyle Anderson,1,0.5,1.53846,1.51515,4.3,0,0,0,0,0,0,0,0,0.0,0,0,0.0,0,0,0,0,0,0,0,nba_boxscorematchupsv3
1,2025-26,Playoffs,Western Conference Semifinals,2026_min_sas_api_20261005,0042500235,5,2026-05-12,1610612759,SAS,1629162,Jordan McLaughlin,1610612750,MIN,1642866,Joan Beringer,8,1.0,12.5,12.12121,10.0,0,2,1,0,0,0,0,0,0.0,0,0,0.0,0,0,0,0,0,0,0,nba_boxscorematchupsv3
1,2025-26,Playoffs,Western Conference Semifinals,2026_min_sas_api_20261005,0042500235,5,2026-05-12,1610612759,SAS,1629162,Jordan McLaughlin,1610612750,MIN,1641740,Jaylen Clark,38,4.1,59.375,57.575759999999995,64.3,0,6,1,0,0,0,0,0,0.0,0,0,0.0,0,0,0,0,0,0,0,nba_boxscorematchupsv3
1,2025-26,Playoffs,Western Conference Semifinals,2026_min_sas_api_20261005,0042500235,5,2026-05-12,1610612759,SAS,1629162,Jordan McLaughlin,1610612750,MIN,1630538,Bones Hyland,19,1.7,29.23077,28.787879999999998,24.0,0,3,0,0,0,0,0,0,0.0,0,0,0.0,0,0,0,0,0,0,0,nba_boxscorematchupsv3
1,2025-26,Playoffs,Western Conference Semifinals,2026_min_sas_api_20261005,0042500235,5,2026-05-12,1610612759,SAS,1630322,Lindy Waters III,1610612750,MIN,203937,Kyle Anderson,10,0.5,15.384619999999998,19.607840000000003,14.6,0,2,0,0,0,0,0,0,0.0,0,0,0.0,0,0,0,0,0,0,0,nba_boxscorematchupsv3
1,2025-26,Playoffs,Western Conference Semifinals,2026_min_sas_api_20261005,0042500235,5,2026-05-12,1610612759,SAS,1630322,Lindy Waters III,1610612750,MIN,1641740,Jaylen Clark,1,0.1,1.5625,1.9607800000000002,1.5,0,0,0,0,0,0,0,0,0.0,0,0,0.0,0,0,0,0,0,0,0,nba_boxscorematchupsv3
1,2025-26,Playoffs,Western Conference Semifinals,2026_min_sas_api_20261005,0042500235,5,2026-05-12,1610612759,SAS,1630322,Lindy Waters III,1610612750,MIN,1630538,Bones Hyland,19,2.2,29.23077,37.2549,42.1,0,0,0,0,0,0,0,1,0.0,0,0,0.0,0,0,0,0,0,0,0,nba_boxscorematchupsv3
1,2025-26,Playoffs,Western Conference Semifinals,2026_min_sas_api_20261005,0042500235,5,2026-05-12,1610612759,SAS,1630322,Lindy Waters III,1610612750,MIN,1641763,Julian Phillips,21,2.0,32.30769,41.176469999999995,36.6,3,6,0,0,0,0,1,1,100.0,1,1,100.0,0,0,0,0,0,0,0,nba_boxscorematchupsv3
1,2025-26,Playoffs,Western Conference Semifinals,2026_min_sas_api_20261005,0042500235,5,2026-05-12,1610612759,SAS,203482,Kelly Olynyk,1610612750,MIN,203937,Kyle Anderson,15,1.2,23.07692,28.30189,26.3,0,3,0,0,0,0,0,0,0.0,0,0,0.0,0,0,0,0,0,0,0,nba_boxscorematchupsv3
1,2025-26,Playoffs,Western Conference Semifinals,2026_min_sas_api_20261005,0042500235,5,2026-05-12,1610612759,SAS,203482,Kelly Olynyk,1610612750,MIN,1630538,Bones Hyland,6,1.0,9.230770000000001,11.32075,13.200000000000001,3,3,0,0,0,0,1,1,100.0,1,1,100.0,0,0,0,0,0,0,0,nba_boxscorematchupsv3
1,2025-26,Playoffs,Western Conference Semifinals,2026_min_sas_api_20261005,0042500235,5,2026-05-12,1610612759,SAS,203482,Kelly Olynyk,1610612750,MIN,1641763,Julian Phillips,32,2.9,49.23077,60.37736,62.0,0,2,0,0,0,0,0,0,0.0,0,0,0.0,0,0,0,0,0,0,0,nba_boxscorematchupsv3
1,2025-26,Playoffs,Western Conference Semifinals,2026_min_sas_api_20261005,0042500235,5,2026-05-12,1610612759,SAS,202687,Bismack Biyombo,1610612750,MIN,1642866,Joan Beringer,47,4.0,73.4375,90.38462,81.8,0,6,0,0,0,1,0,1,0.0,0,0,0.0,0,0,0,0,0,0,0,nba_boxscorematchupsv3
1,2025-26,Playoffs,Western Conference Semifinals,2026_min_sas_api_20261005,0042500235,5,2026-05-12,1610612759,SAS,202687,Bismack Biyombo,1610612750,MIN,1630538,Bones Hyland,5,0.3,7.692309999999999,9.61538,8.1,2,2,0,0,0,0,1,1,100.0,0,0,0.0,0,0,0,0,0,0,0,nba_boxscorematchupsv3
1,2025-26,Playoffs,Western Conference Semifinals,2026_min_sas_api_20261005,0042500235,5,2026-05-12,1610612750,MIN,1630183,Jaden McDaniels,1610612759,SAS,1642868,Carter Bryant,49,3.2,18.35206,7.84,20.4,0,0,0,0,0,0,0,0,0.0,0,0,0.0,0,0,0,0,0,0,0,nba_boxscorematchupsv3
1,2025-26,Playoffs,Western Conference Semifinals,2026_min_sas_api_20261005,0042500235,5,2026-05-12,1610612750,MIN,1630183,Jaden McDaniels,1610612759,SAS,1642264,Stephon Castle,115,7.7,18.852459999999997,18.4,18.8,2,9,0,0,1,0,1,2,50.0,0,0,0.0,0,0,0,0,0,0,0,nba_boxscorematchupsv3
1,2025-26,Playoffs,Western Conference Semifinals,2026_min_sas_api_20261005,0042500235,5,2026-05-12,1610612750,MIN,1630183,Jaden McDaniels,1610612759,SAS,1630577,Julian Champagnie,140,9.6,21.77294,22.400000000000002,35.099999999999994,3,8,0,0,0,0,1,2,50.0,1,2,50.0,0,0,0,0,0,0,0,nba_boxscorematchupsv3
1,2025-26,Playoffs,Western Conference Semifinals,2026_min_sas_api_20261005,0042500235,5,2026-05-12,1610612750,MIN,1630183,Jaden McDaniels,1610612759,SAS,1628368,De'Aaron Fox,102,9.3,13.144330000000002,16.32,20.7,0,10,1,0,0,0,0,2,0.0,0,1,0.0,0,0,0,0,0,0,0,nba_boxscorematchupsv3
1,2025-26,Playoffs,Western Conference Semifinals,2026_min_sas_api_20261005,0042500235,5,2026-05-12,1610612750,MIN,1630183,Jaden McDaniels,1610612759,SAS,1642844,Dylan Harper,12,3.4,2.23881,1.92,7.3999999999999995,0,7,0,0,0,0,0,0,0.0,0,0,0.0,0,0,0,0,0,0,0,nba_boxscorematchupsv3
1,2025-26,Playoffs,Western Conference Semifinals,2026_min_sas_api_20261005,0042500235,5,2026-05-12,1610612750,MIN,1630183,Jaden McDaniels,1610612759,SAS,1629640,Keldon Johnson,17,3.8,3.4274199999999997,2.7199999999999998,9.8,0,3,0,0,1,0,0,0,0.0,0,0,0.0,0,0,0,0,0,0,0,nba_boxscorematchupsv3
1,2025-26,Playoffs,Western Conference Semifinals,2026_min_sas_api_20261005,0042500235,5,2026-05-12,1610612750,MIN,1630183,Jaden McDaniels,1610612759,SAS,1628436,Luke Kornet,8,1.6,3.125,1.28,10.5,0,0,0,0,0,0,0,0,0.0,0,0,0.0,0,0,0,0,0,0,0,nba_boxscorematchupsv3
1,2025-26,Playoffs,Western Conference Semifinals,2026_min_sas_api_20261005,0042500235,5,2026-05-12,1610612750,MIN,1630183,Jaden McDaniels,1610612759,SAS,1630170,Devin Vassell,78,9.3,10.483870000000001,12.479999999999999,15.2,2,5,0,0,0,0,0,1,0.0,0,1,0.0,2,2,1,0,0,0,0,nba_boxscorematchupsv3
1,2025-26,Playoffs,Western Conference Semifinals,2026_min_sas_api_20261005,0042500235,5,2026-05-12,1610612750,MIN,1630183,Jaden McDaniels,1610612759,SAS,1641705,Victor Wembanyama,104,7.8,14.52514,16.64,23.7,10,13,0,0,0,0,4,6,66.7,2,3,66.7,0,0,0,0,0,0,0,nba_boxscorematchupsv3
1,2025-26,Playoffs,Western Conference Semifinals,2026_min_sas_api_20261005,0042500235,5,2026-05-12,1610612750,MIN,203944,Julius Randle,1610612759,SAS,1642868,Carter Bryant,18,2.4,6.741569999999999,2.23048,11.1,2,8,0,0,0,0,1,1,100.0,0,0,0.0,0,0,0,0,0,0,0,nba_boxscorematchupsv3
1,2025-26,Playoffs,Western Conference Semifinals,2026_min_sas_api_20261005,0042500235,5,2026-05-12,1610612750,MIN,203944,Julius Randle,1610612759,SAS,1642264,Stephon Castle,244,16.8,40.0,30.235440000000004,48.6,4,14,0,0,0,0,2,5,40.0,0,2,0.0,0,0,0,0,0,0,0,nba_boxscorematchupsv3
1,2025-26,Playoffs,Western Conference Semifinals,2026_min_sas_api_20261005,0042500235,5,2026-05-12,1610612750,MIN,203944,Julius Randle,1610612759,SAS,1630577,Julian Champagnie,50,5.7,7.77605,6.195790000000001,12.7,2,4,0,0,0,0,1,1,100.0,0,0,0.0,0,1,1,0,0,0,0,nba_boxscorematchupsv3
1,2025-26,Playoffs,Western Conference Semifinals,2026_min_sas_api_20261005,0042500235,5,2026-05-12,1610612750,MIN,203944,Julius Randle,1610612759,SAS,1628368,De'Aaron Fox,67,7.3,8.634020000000001,8.30235,9.5,0,9,0,0,0,0,0,2,0.0,0,0,0.0,0,0,0,0,0,0,0,nba_boxscorematchupsv3
1,2025-26,Playoffs,Western Conference Semifinals,2026_min_sas_api_20261005,0042500235,5,2026-05-12,1610612750,MIN,203944,Julius Randle,1610612759,SAS,1642844,Dylan Harper,23,3.2,4.29104,2.85006,8.0,2,4,0,0,0,0,0,0,0.0,0,0,0.0,2,2,1,0,0,0,0,nba_boxscorematchupsv3
1,2025-26,Playoffs,Western Conference Semifinals,2026_min_sas_api_20261005,0042500235,5,2026-05-12,1610612750,MIN,203944,Julius Randle,1610612759,SAS,1629640,Keldon Johnson,163,13.4,32.8629,20.198269999999997,47.3,4,10,0,0,0,0,1,2,50.0,0,0,0.0,2,2,1,0,0,0,0,nba_boxscorematchupsv3
1,2025-26,Playoffs,Western Conference Semifinals,2026_min_sas_api_20261005,0042500235,5,2026-05-12,1610612750,MIN,203944,Julius Randle,1610612759,SAS,1628436,Luke Kornet,25,2.8,9.76563,3.09789,11.600000000000001,0,12,0,0,0,0,0,1,0.0,0,0,0.0,0,0,0,0,0,0,0,nba_boxscorematchupsv3
1,2025-26,Playoffs,Western Conference Semifinals,2026_min_sas_api_20261005,0042500235,5,2026-05-12,1610612750,MIN,203944,Julius Randle,1610612759,SAS,1630170,Devin Vassell,60,5.4,8.06452,7.434939999999999,9.3,1,9,0,0,0,1,0,0,0.0,0,0,0.0,1,2,1,0,0,0,0,nba_boxscorematchupsv3
1,2025-26,Playoffs,Western Conference Semifinals,2026_min_sas_api_20261005,0042500235,5,2026-05-12,1610612750,MIN,203944,Julius Randle,1610612759,SAS,1641705,Victor Wembanyama,157,12.8,21.92737,19.45477,23.400000000000002,2,14,1,0,0,0,1,4,25.0,0,2,0.0,0,0,0,0,0,0,0,nba_boxscorematchupsv3
1,2025-26,Playoffs,Western Conference Semifinals,2026_min_sas_api_20261005,0042500235,5,2026-05-12,1610612750,MIN,203497,Rudy Gobert,1610612759,SAS,1642868,Carter Bryant,2,0.1,0.7490600000000001,0.36832000000000004,2.1,0,0,0,0,0,0,0,0,0.0,0,0,0.0,0,0,0,0,0,0,0,nba_boxscorematchupsv3
1,2025-26,Playoffs,Western Conference Semifinals,2026_min_sas_api_20261005,0042500235,5,2026-05-12,1610612750,MIN,203497,Rudy Gobert,1610612759,SAS,1642264,Stephon Castle,29,2.8,4.7541,5.3407,8.4,0,12,0,0,0,0,0,0,0.0,0,0,0.0,0,0,0,0,0,0,0,nba_boxscorematchupsv3
1,2025-26,Playoffs,Western Conference Semifinals,2026_min_sas_api_20261005,0042500235,5,2026-05-12,1610612750,MIN,203497,Rudy Gobert,1610612759,SAS,1630577,Julian Champagnie,20,2.8,3.11042,3.68324,6.2,0,2,0,0,0,0,0,1,0.0,0,0,0.0,0,0,0,0,0,0,0,nba_boxscorematchupsv3
1,2025-26,Playoffs,Western Conference Semifinals,2026_min_sas_api_20261005,0042500235,5,2026-05-12,1610612750,MIN,203497,Rudy Gobert,1610612759,SAS,1628368,De'Aaron Fox,31,3.4,3.9948499999999996,5.70902,9.0,2,4,0,0,1,0,1,1,100.0,0,0,0.0,0,0,0,0,0,0,0,nba_boxscorematchupsv3
1,2025-26,Playoffs,Western Conference Semifinals,2026_min_sas_api_20261005,0042500235,5,2026-05-12,1610612750,MIN,203497,Rudy Gobert,1610612759,SAS,1642844,Dylan Harper,12,1.1,2.23881,2.20994,5.1,2,4,0,0,0,0,0,0,0.0,0,0,0.0,2,2,1,0,0,0,0,nba_boxscorematchupsv3
1,2025-26,Playoffs,Western Conference Semifinals,2026_min_sas_api_20261005,0042500235,5,2026-05-12,1610612750,MIN,203497,Rudy Gobert,1610612759,SAS,1629640,Keldon Johnson,18,1.7,3.6290299999999998,3.31492,10.4,0,12,0,0,0,1,0,1,0.0,0,0,0.0,0,0,0,0,0,0,0,nba_boxscorematchupsv3
1,2025-26,Playoffs,Western Conference Semifinals,2026_min_sas_api_20261005,0042500235,5,2026-05-12,1610612750,MIN,203497,Rudy Gobert,1610612759,SAS,1628436,Luke Kornet,122,9.1,47.65625,22.46777,68.2,0,6,0,0,0,0,0,1,0.0,0,0,0.0,0,0,0,0,0,0,0,nba_boxscorematchupsv3
1,2025-26,Playoffs,Western Conference Semifinals,2026_min_sas_api_20261005,0042500235,5,2026-05-12,1610612750,MIN,203497,Rudy Gobert,1610612759,SAS,1630170,Devin Vassell,25,1.7,3.36022,4.60405,4.7,0,6,0,0,0,0,0,0,0.0,0,0,0.0,0,0,0,0,0,0,0,nba_boxscorematchupsv3
1,2025-26,Playoffs,Western Conference Semifinals,2026_min_sas_api_20261005,0042500235,5,2026-05-12,1610612750,MIN,203497,Rudy Gobert,1610612759,SAS,1641705,Victor Wembanyama,284,21.5,39.6648,52.30203,74.3,0,11,0,0,0,1,0,0,0.0,0,0,0.0,0,0,0,0,0,0,0,nba_boxscorematchupsv3
1,2025-26,Playoffs,Western Conference Semifinals,2026_min_sas_api_20261005,0042500235,5,2026-05-12,1610612750,MIN,1630162,Anthony Edwards,1610612759,SAS,203084,Harrison Barnes,4,0.5,5.6338,0.44643,6.2,0,3,0,0,0,0,0,0,0.0,0,0,0.0,0,0,0,0,0,0,0,nba_boxscorematchupsv3
1,2025-26,Playoffs,Western Conference Semifinals,2026_min_sas_api_20261005,0042500235,5,2026-05-12,1610612750,MIN,1630162,Anthony Edwards,1610612759,SAS,1642868,Carter Bryant,87,9.8,32.58427,9.709819999999999,60.8,0,7,0,0,0,0,0,1,0.0,0,0,0.0,0,0,0,0,0,0,0,nba_boxscorematchupsv3
1,2025-26,Playoffs,Western Conference Semifinals,2026_min_sas_api_20261005,0042500235,5,2026-05-12,1610612750,MIN,1630162,Anthony Edwards,1610612759,SAS,1642264,Stephon Castle,74,8.2,12.13115,8.258930000000001,15.0,5,21,0,0,0,0,1,2,50.0,0,0,0.0,3,3,1,0,0,0,0,nba_boxscorematchupsv3
1,2025-26,Playoffs,Western Conference Semifinals,2026_min_sas_api_20261005,0042500235,5,2026-05-12,1610612750,MIN,1630162,Anthony Edwards,1610612759,SAS,1630577,Julian Champagnie,62,7.4,9.642299999999999,6.91964,9.3,2,7,0,0,0,0,0,1,0.0,0,1,0.0,2,2,1,0,0,0,0,nba_boxscorematchupsv3
1,2025-26,Playoffs,Western Conference Semifinals,2026_min_sas_api_20261005,0042500235,5,2026-05-12,1610612750,MIN,1630162,Anthony Edwards,1610612759,SAS,1628368,De'Aaron Fox,140,11.8,18.04124,15.625,19.6,4,12,1,0,0,0,1,2,50.0,0,1,0.0,2,2,1,0,0,0,0,nba_boxscorematchupsv3
1,2025-26,Playoffs,Western Conference Semifinals,2026_min_sas_api_20261005,0042500235,5,2026-05-12,1610612750,MIN,1630162,Anthony Edwards,1610612759,SAS,1642844,Dylan Harper,140,13.8,26.1194,15.625,33.0,5,7,0,0,1,1,2,2,100.0,1,1,100.0,0,0,0,0,0,0,0,nba_boxscorematchupsv3
1,2025-26,Playoffs,Western Conference Semifinals,2026_min_sas_api_20261005,0042500235,5,2026-05-12,1610612750,MIN,1630162,Anthony Edwards,1610612759,SAS,1629640,Keldon Johnson,37,3.4,7.4596800000000005,4.12946,9.4,2,6,0,0,0,0,1,1,100.0,0,0,0.0,0,0,0,0,0,0,0,nba_boxscorematchupsv3
1,2025-26,Playoffs,Western Conference Semifinals,2026_min_sas_api_20261005,0042500235,5,2026-05-12,1610612750,MIN,1630162,Anthony Edwards,1610612759,SAS,1628436,Luke Kornet,9,0.8,3.5156300000000003,1.0044600000000001,5.3,0,0,0,0,0,0,0,0,0.0,0,0,0.0,0,0,0,0,0,0,0,nba_boxscorematchupsv3
1,2025-26,Playoffs,Western Conference Semifinals,2026_min_sas_api_20261005,0042500235,5,2026-05-12,1610612750,MIN,1630162,Anthony Edwards,1610612759,SAS,1630170,Devin Vassell,303,25.1,40.72581,33.81696,45.9,0,21,1,0,2,0,0,0,0.0,0,0,0.0,0,0,0,0,0,0,0,nba_boxscorematchupsv3
1,2025-26,Playoffs,Western Conference Semifinals,2026_min_sas_api_20261005,0042500235,5,2026-05-12,1610612750,MIN,1630162,Anthony Edwards,1610612759,SAS,1641705,Victor Wembanyama,40,3.4,5.58659,4.46429,6.0,2,8,0,0,0,0,1,3,33.300000000000004,0,0,0.0,0,0,0,0,0,0,0,nba_boxscorematchupsv3
1,2025-26,Playoffs,Western Conference Semifinals,2026_min_sas_api_20261005,0042500235,5,2026-05-12,1610612750,MIN,1630245,Ayo Dosunmu,1610612759,SAS,203084,Harrison Barnes,19,1.5,26.760559999999998,2.5956300000000003,24.0,0,2,0,0,0,0,0,0,0.0,0,0,0.0,0,0,0,0,0,0,0,nba_boxscorematchupsv3
1,2025-26,Playoffs,Western Conference Semifinals,2026_min_sas_api_20261005,0042500235,5,2026-05-12,1610612750,MIN,1630245,Ayo Dosunmu,1610612759,SAS,1642868,Carter Bryant,23,1.2,8.614230000000001,3.14208,19.900000000000002,0,1,0,0,0,0,0,0,0.0,0,0,0.0,0,0,0,0,0,0,0,nba_boxscorematchupsv3
1,2025-26,Playoffs,Western Conference Semifinals,2026_min_sas_api_20261005,0042500235,5,2026-05-12,1610612750,MIN,1630245,Ayo Dosunmu,1610612759,SAS,1642264,Stephon Castle,28,4.7,4.59016,3.8251399999999998,9.8,2,5,0,0,0,0,1,1,100.0,0,0,0.0,0,0,0,0,0,0,0,nba_boxscorematchupsv3
1,2025-26,Playoffs,Western Conference Semifinals,2026_min_sas_api_20261005,0042500235,5,2026-05-12,1610612750,MIN,1630245,Ayo Dosunmu,1610612759,SAS,1630577,Julian Champagnie,147,12.3,22.86159,20.08197,24.7,4,15,1,0,0,0,2,4,50.0,0,1,0.0,0,0,0,0,0,0,0,nba_boxscorematchupsv3
1,2025-26,Playoffs,Western Conference Semifinals,2026_min_sas_api_20261005,0042500235,5,2026-05-12,1610612750,MIN,1630245,Ayo Dosunmu,1610612759,SAS,1628368,De'Aaron Fox,248,17.5,31.95876,33.87978,38.7,5,15,1,0,0,0,2,4,50.0,1,2,50.0,0,0,0,0,0,0,0,nba_boxscorematchupsv3
1,2025-26,Playoffs,Western Conference Semifinals,2026_min_sas_api_20261005,0042500235,5,2026-05-12,1610612750,MIN,1630245,Ayo Dosunmu,1610612759,SAS,1642844,Dylan Harper,134,13.6,25.0,18.30601,34.4,3,21,1,0,2,0,1,1,100.0,0,0,0.0,1,2,1,0,0,0,0,nba_boxscorematchupsv3
1,2025-26,Playoffs,Western Conference Semifinals,2026_min_sas_api_20261005,0042500235,5,2026-05-12,1610612750,MIN,1630245,Ayo Dosunmu,1610612759,SAS,1629640,Keldon Johnson,18,3.8,3.6290299999999998,2.4590199999999998,7.6,0,3,0,0,0,0,0,0,0.0,0,0,0.0,0,0,0,0,0,0,0,nba_boxscorematchupsv3
1,2025-26,Playoffs,Western Conference Semifinals,2026_min_sas_api_20261005,0042500235,5,2026-05-12,1610612750,MIN,1630245,Ayo Dosunmu,1610612759,SAS,1628436,Luke Kornet,15,1.0,5.85938,2.0491800000000002,10.2,0,2,0,0,0,1,0,1,0.0,0,0,0.0,0,0,0,0,0,0,0,nba_boxscorematchupsv3
1,2025-26,Playoffs,Western Conference Semifinals,2026_min_sas_api_20261005,0042500235,5,2026-05-12,1610612750,MIN,1630245,Ayo Dosunmu,1610612759,SAS,1630170,Devin Vassell,60,5.3,8.06452,8.196720000000001,12.4,0,2,0,0,0,0,0,0,0.0,0,0,0.0,0,0,0,0,0,0,0,nba_boxscorematchupsv3
1,2025-26,Playoffs,Western Conference Semifinals,2026_min_sas_api_20261005,0042500235,5,2026-05-12,1610612750,MIN,1630245,Ayo Dosunmu,1610612759,SAS,1641705,Victor Wembanyama,40,4.5,5.58659,5.46448,8.5,2,7,1,0,0,0,1,2,50.0,0,0,0.0,0,0,0,0,0,0,0,nba_boxscorematchupsv3
1,2025-26,Playoffs,Western Conference Semifinals,2026_min_sas_api_20261005,0042500235,5,2026-05-12,1610612750,MIN,1629675,Naz Reid,1610612759,SAS,1642868,Carter Bryant,10,0.5,3.74532,1.48368,8.5,0,0,0,0,0,0,0,1,0.0,0,1,0.0,0,0,0,0,0,0,0,nba_boxscorematchupsv3
1,2025-26,Playoffs,Western Conference Semifinals,2026_min_sas_api_20261005,0042500235,5,2026-05-12,1610612750,MIN,1629675,Naz Reid,1610612759,SAS,1642264,Stephon Castle,55,6.8,9.016390000000001,8.16024,14.899999999999999,0,7,0,0,0,0,0,1,0.0,0,1,0.0,0,0,0,0,0,0,0,nba_boxscorematchupsv3
1,2025-26,Playoffs,Western Conference Semifinals,2026_min_sas_api_20261005,0042500235,5,2026-05-12,1610612750,MIN,1629675,Naz Reid,1610612759,SAS,1630577,Julian Champagnie,119,11.6,18.507,17.65579,33.800000000000004,6,24,0,0,0,0,1,1,100.0,1,1,100.0,3,5,1,0,0,0,0,nba_boxscorematchupsv3
1,2025-26,Playoffs,Western Conference Semifinals,2026_min_sas_api_20261005,0042500235,5,2026-05-12,1610612750,MIN,1629675,Naz Reid,1610612759,SAS,1628368,De'Aaron Fox,20,1.4,2.57732,2.96736,5.2,0,4,0,0,0,0,0,0,0.0,0,0,0.0,0,0,0,0,0,0,0,nba_boxscorematchupsv3
1,2025-26,Playoffs,Western Conference Semifinals,2026_min_sas_api_20261005,0042500235,5,2026-05-12,1610612750,MIN,1629675,Naz Reid,1610612759,SAS,1642844,Dylan Harper,53,3.3,9.88806,7.863499999999999,11.700000000000001,0,5,0,0,0,0,0,1,0.0,0,1,0.0,0,0,0,0,0,0,0,nba_boxscorematchupsv3
1,2025-26,Playoffs,Western Conference Semifinals,2026_min_sas_api_20261005,0042500235,5,2026-05-12,1610612750,MIN,1629675,Naz Reid,1610612759,SAS,1629640,Keldon Johnson,164,15.2,33.064519999999995,24.33234,40.6,0,8,1,0,0,0,0,1,0.0,0,1,0.0,0,0,0,0,0,0,0,nba_boxscorematchupsv3
1,2025-26,Playoffs,Western Conference Semifinals,2026_min_sas_api_20261005,0042500235,5,2026-05-12,1610612750,MIN,1629675,Naz Reid,1610612759,SAS,1628436,Luke Kornet,25,5.6,9.76563,3.7092,16.900000000000002,3,5,0,0,0,0,1,1,100.0,1,1,100.0,0,0,0,0,0,0,0,nba_boxscorematchupsv3
1,2025-26,Playoffs,Western Conference Semifinals,2026_min_sas_api_20261005,0042500235,5,2026-05-12,1610612750,MIN,1629675,Naz Reid,1610612759,SAS,1630170,Devin Vassell,192,12.9,25.806449999999998,28.48665,41.4,3,14,0,0,0,0,1,1,100.0,1,1,100.0,0,0,0,0,0,0,0,nba_boxscorematchupsv3
1,2025-26,Playoffs,Western Conference Semifinals,2026_min_sas_api_20261005,0042500235,5,2026-05-12,1610612750,MIN,1629675,Naz Reid,1610612759,SAS,1641705,Victor Wembanyama,36,4.9,5.02793,5.3412500000000005,10.0,2,5,0,0,0,1,1,3,33.300000000000004,0,0,0.0,0,0,0,0,0,0,0,nba_boxscorematchupsv3
1,2025-26,Playoffs,Western Conference Semifinals,2026_min_sas_api_20261005,0042500235,5,2026-05-12,1610612750,MIN,201144,Mike Conley,1610612759,SAS,203084,Harrison Barnes,48,3.3,67.60563,14.201179999999999,69.1,0,2,0,0,0,0,0,0,0.0,0,0,0.0,0,0,0,0,0,0,0,nba_boxscorematchupsv3
1,2025-26,Playoffs,Western Conference Semifinals,2026_min_sas_api_20261005,0042500235,5,2026-05-12,1610612750,MIN,201144,Mike Conley,1610612759,SAS,1642868,Carter Bryant,2,0.1,0.7490600000000001,0.59172,7.1,0,2,0,0,0,0,0,0,0.0,0,0,0.0,0,0,0,0,0,0,0,nba_boxscorematchupsv3
1,2025-26,Playoffs,Western Conference Semifinals,2026_min_sas_api_20261005,0042500235,5,2026-05-12,1610612750,MIN,201144,Mike Conley,1610612759,SAS,1642264,Stephon Castle,2,0.2,0.32787,0.59172,3.3000000000000003,0,0,0,0,0,0,0,0,0.0,0,0,0.0,0,0,0,0,0,0,0,nba_boxscorematchupsv3
1,2025-26,Playoffs,Western Conference Semifinals,2026_min_sas_api_20261005,0042500235,5,2026-05-12,1610612750,MIN,201144,Mike Conley,1610612759,SAS,1630577,Julian Champagnie,19,1.9,2.9549,5.6213,14.6,0,0,0,0,0,0,0,0,0.0,0,0,0.0,0,0,0,0,0,0,0,nba_boxscorematchupsv3
1,2025-26,Playoffs,Western Conference Semifinals,2026_min_sas_api_20261005,0042500235,5,2026-05-12,1610612750,MIN,201144,Mike Conley,1610612759,SAS,1628368,De'Aaron Fox,127,10.6,16.36598,37.57396,44.3,0,8,0,0,0,0,0,0,0.0,0,0,0.0,0,0,0,0,0,0,0,nba_boxscorematchupsv3
1,2025-26,Playoffs,Western Conference Semifinals,2026_min_sas_api_20261005,0042500235,5,2026-05-12,1610612750,MIN,201144,Mike Conley,1610612759,SAS,1642844,Dylan Harper,70,6.7,13.0597,20.71006,26.400000000000002,0,5,0,0,0,0,0,0,0.0,0,0,0.0,0,0,0,0,0,0,0,nba_boxscorematchupsv3
1,2025-26,Playoffs,Western Conference Semifinals,2026_min_sas_api_20261005,0042500235,5,2026-05-12,1610612750,MIN,201144,Mike Conley,1610612759,SAS,1629640,Keldon Johnson,16,1.7,3.2258099999999996,4.7337299999999995,5.4,0,2,0,0,0,0,0,0,0.0,0,0,0.0,0,0,0,0,0,0,0,nba_boxscorematchupsv3
1,2025-26,Playoffs,Western Conference Semifinals,2026_min_sas_api_20261005,0042500235,5,2026-05-12,1610612750,MIN,201144,Mike Conley,1610612759,SAS,1628436,Luke Kornet,25,1.9,9.76563,7.396450000000001,14.399999999999999,5,7,0,0,0,0,2,2,100.0,1,1,100.0,0,0,0,0,0,0,0,nba_boxscorematchupsv3
1,2025-26,Playoffs,Western Conference Semifinals,2026_min_sas_api_20261005,0042500235,5,2026-05-12,1610612750,MIN,201144,Mike Conley,1610612759,SAS,1630170,Devin Vassell,22,4.5,2.95699,6.50888,11.799999999999999,0,4,1,0,0,0,0,1,0.0,0,1,0.0,0,0,0,0,0,0,0,nba_boxscorematchupsv3
1,2025-26,Playoffs,Western Conference Semifinals,2026_min_sas_api_20261005,0042500235,5,2026-05-12,1610612750,MIN,201144,Mike Conley,1610612759,SAS,1641705,Victor Wembanyama,7,0.7,0.97765,2.07101,5.800000000000001,0,0,0,0,0,0,0,0,0.0,0,0,0.0,0,0,0,0,0,0,0,nba_boxscorematchupsv3
1,2025-26,Playoffs,Western Conference Semifinals,2026_min_sas_api_20261005,0042500235,5,2026-05-12,1610612750,MIN,1630545,Terrence Shannon Jr,1610612759,SAS,1642868,Carter Bryant,15,0.1,5.61798,4.34783,6.7,0,0,0,0,0,0,0,0,0.0,0,0,0.0,0,0,0,0,0,0,0,nba_boxscorematchupsv3
1,2025-26,Playoffs,Western Conference Semifinals,2026_min_sas_api_20261005,0042500235,5,2026-05-12,1610612750,MIN,1630545,Terrence Shannon Jr,1610612759,SAS,1642264,Stephon Castle,63,7.6,10.32787,18.26087,23.599999999999998,0,4,0,0,1,1,0,3,0.0,0,2,0.0,0,0,0,0,0,0,0,nba_boxscorematchupsv3
1,2025-26,Playoffs,Western Conference Semifinals,2026_min_sas_api_20261005,0042500235,5,2026-05-12,1610612750,MIN,1630545,Terrence Shannon Jr,1610612759,SAS,1630577,Julian Champagnie,55,5.3,8.55365,15.942029999999999,32.6,0,6,1,0,0,0,0,1,0.0,0,1,0.0,0,0,0,0,0,0,0,nba_boxscorematchupsv3
1,2025-26,Playoffs,Western Conference Semifinals,2026_min_sas_api_20261005,0042500235,5,2026-05-12,1610612750,MIN,1630545,Terrence Shannon Jr,1610612759,SAS,1628368,De'Aaron Fox,41,3.1,5.283510000000001,11.88406,23.5,0,5,1,0,0,0,0,0,0.0,0,0,0.0,0,0,0,0,0,0,0,nba_boxscorematchupsv3
1,2025-26,Playoffs,Western Conference Semifinals,2026_min_sas_api_20261005,0042500235,5,2026-05-12,1610612750,MIN,1630545,Terrence Shannon Jr,1610612759,SAS,1642844,Dylan Harper,60,7.6,11.194030000000001,17.3913,28.199999999999996,0,6,0,0,1,0,0,0,0.0,0,0,0.0,0,0,0,0,0,0,0,nba_boxscorematchupsv3
1,2025-26,Playoffs,Western Conference Semifinals,2026_min_sas_api_20261005,0042500235,5,2026-05-12,1610612750,MIN,1630545,Terrence Shannon Jr,1610612759,SAS,1629640,Keldon Johnson,32,3.9,6.4516100000000005,9.275360000000001,14.899999999999999,0,10,1,0,0,0,0,0,0.0,0,0,0.0,0,0,0,0,0,0,0,nba_boxscorematchupsv3
1,2025-26,Playoffs,Western Conference Semifinals,2026_min_sas_api_20261005,0042500235,5,2026-05-12,1610612750,MIN,1630545,Terrence Shannon Jr,1610612759,SAS,1628436,Luke Kornet,27,2.8,10.54688,7.82609,21.5,2,5,1,0,0,0,0,0,0.0,0,0,0.0,2,2,1,0,0,0,0,nba_boxscorematchupsv3
1,2025-26,Playoffs,Western Conference Semifinals,2026_min_sas_api_20261005,0042500235,5,2026-05-12,1610612750,MIN,1630545,Terrence Shannon Jr,1610612759,SAS,1630170,Devin Vassell,4,0.8,0.5376299999999999,1.1594200000000001,3.5999999999999996,0,2,0,0,0,0,0,0,0.0,0,0,0.0,0,0,0,0,0,0,0,nba_boxscorematchupsv3
1,2025-26,Playoffs,Western Conference Semifinals,2026_min_sas_api_20261005,0042500235,5,2026-05-12,1610612750,MIN,1630545,Terrence Shannon Jr,1610612759,SAS,1641705,Victor Wembanyama,48,4.2,6.7039100000000005,13.913039999999999,21.5,0,2,0,0,0,1,0,1,0.0,0,1,0.0,0,0,0,0,0,0,0,nba_boxscorematchupsv3
1,2025-26,Playoffs,Western Conference Semifinals,2026_min_sas_api_20261005,0042500235,5,2026-05-12,1610612750,MIN,1642866,Joan Beringer,1610612759,SAS,202687,Bismack Biyombo,23,2.8,76.66667000000001,34.848479999999995,54.400000000000006,3,3,0,0,0,0,0,0,0.0,0,0,0.0,3,4,1,0,0,0,0,nba_boxscorematchupsv3
1,2025-26,Playoffs,Western Conference Semifinals,2026_min_sas_api_20261005,0042500235,5,2026-05-12,1610612750,MIN,1642866,Joan Beringer,1610612759,SAS,1642868,Carter Bryant,5,0.8,1.87266,7.57576,11.1,0,0,0,0,0,0,0,0,0.0,0,0,0.0,0,0,0,0,0,0,0,nba_boxscorematchupsv3
1,2025-26,Playoffs,Western Conference Semifinals,2026_min_sas_api_20261005,0042500235,5,2026-05-12,1610612750,MIN,1642866,Joan Beringer,1610612759,SAS,1629640,Keldon Johnson,22,2.0,4.43548,33.33333,69.6,0,0,0,0,0,0,0,0,0.0,0,0,0.0,0,0,0,0,0,0,0,nba_boxscorematchupsv3
1,2025-26,Playoffs,Western Conference Semifinals,2026_min_sas_api_20261005,0042500235,5,2026-05-12,1610612750,MIN,1642866,Joan Beringer,1610612759,SAS,1629162,Jordan McLaughlin,5,1.0,8.196720000000001,7.57576,12.9,0,0,0,0,1,0,0,0,0.0,0,0,0.0,0,0,0,0,0,0,0,nba_boxscorematchupsv3
1,2025-26,Playoffs,Western Conference Semifinals,2026_min_sas_api_20261005,0042500235,5,2026-05-12,1610612750,MIN,1642866,Joan Beringer,1610612759,SAS,203482,Kelly Olynyk,7,0.7,22.58065,10.606060000000001,18.8,0,2,0,0,0,0,0,1,0.0,0,0,0.0,0,0,0,0,0,0,0,nba_boxscorematchupsv3
1,2025-26,Playoffs,Western Conference Semifinals,2026_min_sas_api_20261005,0042500235,5,2026-05-12,1610612750,MIN,1642866,Joan Beringer,1610612759,SAS,1630322,Lindy Waters III,4,0.6,13.333329999999998,6.0606100000000005,10.7,0,1,0,0,0,0,0,0,0.0,0,0,0.0,0,0,0,0,0,0,0,nba_boxscorematchupsv3
1,2025-26,Playoffs,Western Conference Semifinals,2026_min_sas_api_20261005,0042500235,5,2026-05-12,1610612750,MIN,203937,Kyle Anderson,1610612759,SAS,202687,Bismack Biyombo,7,1.6,23.33333,11.66667,30.9,0,1,0,0,0,0,0,0,0.0,0,0,0.0,0,0,0,0,0,0,0,nba_boxscorematchupsv3
1,2025-26,Playoffs,Western Conference Semifinals,2026_min_sas_api_20261005,0042500235,5,2026-05-12,1610612750,MIN,203937,Kyle Anderson,1610612759,SAS,1642868,Carter Bryant,20,2.5,7.49064,33.33333,36.5,1,1,0,0,0,0,0,0,0.0,0,0,0.0,1,2,1,0,0,0,0,nba_boxscorematchupsv3
1,2025-26,Playoffs,Western Conference Semifinals,2026_min_sas_api_20261005,0042500235,5,2026-05-12,1610612750,MIN,203937,Kyle Anderson,1610612759,SAS,1630577,Julian Champagnie,6,0.7,0.93313,10.0,18.2,0,0,0,0,0,0,0,0,0.0,0,0,0.0,0,0,0,0,0,0,0,nba_boxscorematchupsv3
1,2025-26,Playoffs,Western Conference Semifinals,2026_min_sas_api_20261005,0042500235,5,2026-05-12,1610612750,MIN,203937,Kyle Anderson,1610612759,SAS,1642844,Dylan Harper,6,0.3,1.1194000000000002,10.0,12.6,0,0,0,0,0,0,0,0,0.0,0,0,0.0,0,0,0,0,0,0,0,nba_boxscorematchupsv3
1,2025-26,Playoffs,Western Conference Semifinals,2026_min_sas_api_20261005,0042500235,5,2026-05-12,1610612750,MIN,203937,Kyle Anderson,1610612759,SAS,1629162,Jordan McLaughlin,1,0.2,1.6393399999999998,1.6666699999999999,2.3,0,0,0,0,0,0,0,0,0.0,0,0,0.0,0,0,0,0,0,0,0,nba_boxscorematchupsv3
1,2025-26,Playoffs,Western Conference Semifinals,2026_min_sas_api_20261005,0042500235,5,2026-05-12,1610612750,MIN,203937,Kyle Anderson,1610612759,SAS,203482,Kelly Olynyk,12,1.9,38.70968,20.0,40.8,0,0,0,0,0,0,0,1,0.0,0,0,0.0,0,0,0,0,0,0,0,nba_boxscorematchupsv3
1,2025-26,Playoffs,Western Conference Semifinals,2026_min_sas_api_20261005,0042500235,5,2026-05-12,1610612750,MIN,203937,Kyle Anderson,1610612759,SAS,1630322,Lindy Waters III,8,1.1,26.666669999999996,13.333329999999998,18.5,0,1,0,0,0,0,0,0,0.0,0,0,0.0,0,0,0,0,0,0,0,nba_boxscorematchupsv3
1,2025-26,Playoffs,Western Conference Semifinals,2026_min_sas_api_20261005,0042500235,5,2026-05-12,1610612750,MIN,1630538,Bones Hyland,1610612759,SAS,1642868,Carter Bryant,11,1.6,4.11985,18.33333,19.0,0,1,0,0,0,0,0,0,0.0,0,0,0.0,0,0,0,0,0,0,0,nba_boxscorematchupsv3
1,2025-26,Playoffs,Western Conference Semifinals,2026_min_sas_api_20261005,0042500235,5,2026-05-12,1610612750,MIN,1630538,Bones Hyland,1610612759,SAS,1642844,Dylan Harper,3,0.7,0.5597000000000001,5.0,17.4,0,0,0,0,0,0,0,0,0.0,0,0,0.0,0,0,0,0,0,0,0,nba_boxscorematchupsv3
1,2025-26,Playoffs,Western Conference Semifinals,2026_min_sas_api_20261005,0042500235,5,2026-05-12,1610612750,MIN,1630538,Bones Hyland,1610612759,SAS,1629640,Keldon Johnson,2,0.2,0.40323,3.33333,5.800000000000001,0,0,0,0,0,0,0,0,0.0,0,0,0.0,0,0,0,0,0,0,0,nba_boxscorematchupsv3
1,2025-26,Playoffs,Western Conference Semifinals,2026_min_sas_api_20261005,0042500235,5,2026-05-12,1610612750,MIN,1630538,Bones Hyland,1610612759,SAS,1629162,Jordan McLaughlin,44,4.7,72.13115,73.33332999999999,59.9,0,3,0,0,1,0,0,1,0.0,0,1,0.0,0,0,0,0,0,0,0,nba_boxscorematchupsv3
1,2025-26,Playoffs,Western Conference Semifinals,2026_min_sas_api_20261005,0042500235,5,2026-05-12,1610612750,MIN,1641763,Julian Phillips,1610612759,SAS,1642868,Carter Bryant,6,0.5,2.24719,10.16949,6.4,0,0,0,0,0,0,0,0,0.0,0,0,0.0,0,0,0,0,0,0,0,nba_boxscorematchupsv3
1,2025-26,Playoffs,Western Conference Semifinals,2026_min_sas_api_20261005,0042500235,5,2026-05-12,1610612750,MIN,1641763,Julian Phillips,1610612759,SAS,1630577,Julian Champagnie,19,1.7,2.9549,32.20339,63.9,0,0,0,0,0,0,0,0,0.0,0,0,0.0,0,0,0,0,0,0,0,nba_boxscorematchupsv3
1,2025-26,Playoffs,Western Conference Semifinals,2026_min_sas_api_20261005,0042500235,5,2026-05-12,1610612750,MIN,1641763,Julian Phillips,1610612759,SAS,1642844,Dylan Harper,6,0.5,1.1194000000000002,10.16949,14.799999999999999,0,0,0,0,0,0,0,0,0.0,0,0,0.0,0,0,0,0,0,0,0,nba_boxscorematchupsv3
1,2025-26,Playoffs,Western Conference Semifinals,2026_min_sas_api_20261005,0042500235,5,2026-05-12,1610612750,MIN,1641763,Julian Phillips,1610612759,SAS,1629162,Jordan McLaughlin,4,1.1,6.55738,6.77966,11.0,0,1,0,0,0,0,0,0,0.0,0,0,0.0,0,0,0,0,0,0,0,nba_boxscorematchupsv3
1,2025-26,Playoffs,Western Conference Semifinals,2026_min_sas_api_20261005,0042500235,5,2026-05-12,1610612750,MIN,1641763,Julian Phillips,1610612759,SAS,203482,Kelly Olynyk,7,1.4,22.58065,11.86441,23.7,0,1,0,0,0,0,0,1,0.0,0,1,0.0,0,0,0,0,0,0,0,nba_boxscorematchupsv3
1,2025-26,Playoffs,Western Conference Semifinals,2026_min_sas_api_20261005,0042500235,5,2026-05-12,1610612750,MIN,1641763,Julian Phillips,1610612759,SAS,1630322,Lindy Waters III,17,2.8,56.666669999999996,28.81356,62.1,0,2,0,0,0,0,0,0,0.0,0,0,0.0,0,0,0,0,0,0,0,nba_boxscorematchupsv3
1,2025-26,Playoffs,Western Conference Semifinals,2026_min_sas_api_20261005,0042500235,5,2026-05-12,1610612750,MIN,1641740,Jaylen Clark,1610612759,SAS,1642868,Carter Bryant,19,2.5,7.1161,30.64516,27.0,0,3,0,0,0,0,0,0,0.0,0,0,0.0,0,0,0,0,0,0,0,nba_boxscorematchupsv3
1,2025-26,Playoffs,Western Conference Semifinals,2026_min_sas_api_20261005,0042500235,5,2026-05-12,1610612750,MIN,1641740,Jaylen Clark,1610612759,SAS,1630577,Julian Champagnie,6,0.5,0.93313,9.67742,14.000000000000002,0,0,0,0,0,0,0,0,0.0,0,0,0.0,0,0,0,0,0,0,0,nba_boxscorematchupsv3
1,2025-26,Playoffs,Western Conference Semifinals,2026_min_sas_api_20261005,0042500235,5,2026-05-12,1610612750,MIN,1641740,Jaylen Clark,1610612759,SAS,1642844,Dylan Harper,17,1.6,3.17164,27.419349999999998,55.2,0,0,0,0,0,0,0,0,0.0,0,0,0.0,0,0,0,0,0,0,0,nba_boxscorematchupsv3
1,2025-26,Playoffs,Western Conference Semifinals,2026_min_sas_api_20261005,0042500235,5,2026-05-12,1610612750,MIN,1641740,Jaylen Clark,1610612759,SAS,1629640,Keldon Johnson,7,0.7,1.41129,11.29032,23.5,0,0,0,0,0,0,0,0,0.0,0,0,0.0,0,0,0,0,0,0,0,nba_boxscorematchupsv3
1,2025-26,Playoffs,Western Conference Semifinals,2026_min_sas_api_20261005,0042500235,5,2026-05-12,1610612750,MIN,1641740,Jaylen Clark,1610612759,SAS,1629162,Jordan McLaughlin,7,1.1,11.47541,11.29032,14.000000000000002,0,0,0,0,0,0,0,0,0.0,0,0,0.0,0,0,0,0,0,0,0,nba_boxscorematchupsv3
1,2025-26,Playoffs,Western Conference Semifinals,2026_min_sas_api_20261005,0042500235,5,2026-05-12,1610612750,MIN,1641740,Jaylen Clark,1610612759,SAS,203482,Kelly Olynyk,5,1.0,16.12903,8.06452,16.7,0,1,0,0,0,0,0,0,0.0,0,0,0.0,0,0,0,0,0,0,0,nba_boxscorematchupsv3
1,2025-26,Playoffs,Western Conference Semifinals,2026_min_sas_api_20261005,0042500235,5,2026-05-12,1610612750,MIN,1641740,Jaylen Clark,1610612759,SAS,1630322,Lindy Waters III,1,0.4,3.33333,1.6129,7.1,0,0,0,0,0,0,0,0,0.0,0,0,0.0,0,0,0,0,0,0,0,nba_boxscorematchupsv3
1,2025-26,Playoffs,Western Conference Semifinals,2026_min_sas_api_20261005,0042500236,6,2026-05-15,1610612750,MIN,1630183,Jaden McDaniels,1610612759,SAS,1642868,Carter Bryant,23,1.8,7.199999999999999,4.1000000000000005,11.1,3,3,0,0,0,0,1,1,100.0,1,1,100.0,0,0,0,0,0,0,0,nba_boxscorematchupsv3
1,2025-26,Playoffs,Western Conference Semifinals,2026_min_sas_api_20261005,0042500236,6,2026-05-15,1610612750,MIN,1630183,Jaden McDaniels,1610612759,SAS,1642264,Stephon Castle,38,2.9,5.4,6.6000000000000005,10.100000000000001,2,5,1,0,0,0,1,1,100.0,0,0,0.0,0,0,0,0,0,0,0,nba_boxscorematchupsv3
1,2025-26,Playoffs,Western Conference Semifinals,2026_min_sas_api_20261005,0042500236,6,2026-05-15,1610612750,MIN,1630183,Jaden McDaniels,1610612759,SAS,1630577,Julian Champagnie,214,15.3,34.599999999999994,37.5,51.4,2,13,1,0,0,0,0,2,0.0,0,0,0.0,2,2,0,0,0,0,0,nba_boxscorematchupsv3
1,2025-26,Playoffs,Western Conference Semifinals,2026_min_sas_api_20261005,0042500236,6,2026-05-15,1610612750,MIN,1630183,Jaden McDaniels,1610612759,SAS,1628368,De'Aaron Fox,35,4.1,5.7,6.1,7.8,0,7,0,0,0,0,0,1,0.0,0,0,0.0,0,0,0,0,0,0,0,nba_boxscorematchupsv3
1,2025-26,Playoffs,Western Conference Semifinals,2026_min_sas_api_20261005,0042500236,6,2026-05-15,1610612750,MIN,1630183,Jaden McDaniels,1610612759,SAS,1642844,Dylan Harper,89,9.5,15.6,15.6,28.4,0,7,0,0,0,0,0,3,0.0,0,0,0.0,0,0,0,0,0,0,0,nba_boxscorematchupsv3
1,2025-26,Playoffs,Western Conference Semifinals,2026_min_sas_api_20261005,0042500236,6,2026-05-15,1610612750,MIN,1630183,Jaden McDaniels,1610612759,SAS,1629640,Keldon Johnson,13,1.2,5.3,2.3,11.1,0,3,0,0,0,0,0,0,0.0,0,0,0.0,0,0,0,0,0,0,0,nba_boxscorematchupsv3
1,2025-26,Playoffs,Western Conference Semifinals,2026_min_sas_api_20261005,0042500236,6,2026-05-15,1610612750,MIN,1630183,Jaden McDaniels,1610612759,SAS,1628436,Luke Kornet,16,2.1,5.4,2.8000000000000003,9.9,0,0,0,0,0,0,0,2,0.0,0,0,0.0,0,0,0,0,0,0,0,nba_boxscorematchupsv3
1,2025-26,Playoffs,Western Conference Semifinals,2026_min_sas_api_20261005,0042500236,6,2026-05-15,1610612750,MIN,1630183,Jaden McDaniels,1610612759,SAS,1630170,Devin Vassell,66,7.4,10.0,11.600000000000001,16.7,3,5,0,0,0,0,1,3,33.300000000000004,0,1,0.0,1,1,1,0,0,0,0,nba_boxscorematchupsv3
1,2025-26,Playoffs,Western Conference Semifinals,2026_min_sas_api_20261005,0042500236,6,2026-05-15,1610612750,MIN,1630183,Jaden McDaniels,1610612759,SAS,1641705,Victor Wembanyama,77,7.0,11.3,13.5,18.8,3,3,1,0,0,0,1,2,50.0,1,2,50.0,0,0,0,0,0,0,0,nba_boxscorematchupsv3
1,2025-26,Playoffs,Western Conference Semifinals,2026_min_sas_api_20261005,0042500236,6,2026-05-15,1610612750,MIN,203944,Julius Randle,1610612759,SAS,1642868,Carter Bryant,2,0.1,0.6,0.4,1.7999999999999998,0,0,0,0,0,0,0,0,0.0,0,0,0.0,0,0,0,0,0,0,0,nba_boxscorematchupsv3
1,2025-26,Playoffs,Western Conference Semifinals,2026_min_sas_api_20261005,0042500236,6,2026-05-15,1610612750,MIN,203944,Julius Randle,1610612759,SAS,1642264,Stephon Castle,242,20.7,34.5,41.8,44.1,2,12,0,0,0,0,1,2,50.0,0,0,0.0,0,0,0,0,0,0,0,nba_boxscorematchupsv3
1,2025-26,Playoffs,Western Conference Semifinals,2026_min_sas_api_20261005,0042500236,6,2026-05-15,1610612750,MIN,203944,Julius Randle,1610612759,SAS,1630577,Julian Champagnie,57,5.1,9.3,9.9,11.4,0,6,1,0,0,0,0,0,0.0,0,0,0.0,0,0,0,0,0,0,0,nba_boxscorematchupsv3
1,2025-26,Playoffs,Western Conference Semifinals,2026_min_sas_api_20261005,0042500236,6,2026-05-15,1610612750,MIN,203944,Julius Randle,1610612759,SAS,1628368,De'Aaron Fox,51,3.6,8.200000000000001,8.799999999999999,13.5,0,0,0,0,0,0,0,2,0.0,0,1,0.0,0,0,0,0,0,0,0,nba_boxscorematchupsv3
1,2025-26,Playoffs,Western Conference Semifinals,2026_min_sas_api_20261005,0042500236,6,2026-05-15,1610612750,MIN,203944,Julius Randle,1610612759,SAS,1642844,Dylan Harper,38,2.7,6.6000000000000005,6.5,16.400000000000002,0,3,0,0,0,1,0,1,0.0,0,0,0.0,0,0,0,0,0,0,0,nba_boxscorematchupsv3
1,2025-26,Playoffs,Western Conference Semifinals,2026_min_sas_api_20261005,0042500236,6,2026-05-15,1610612750,MIN,203944,Julius Randle,1610612759,SAS,1629640,Keldon Johnson,72,6.1,29.099999999999998,12.5,68.8,0,10,0,0,0,0,0,1,0.0,0,0,0.0,0,0,0,0,0,0,0,nba_boxscorematchupsv3
1,2025-26,Playoffs,Western Conference Semifinals,2026_min_sas_api_20261005,0042500236,6,2026-05-15,1610612750,MIN,203944,Julius Randle,1610612759,SAS,1628436,Luke Kornet,32,3.2,10.8,5.6000000000000005,56.49999999999999,0,7,0,0,0,0,0,0,0.0,0,0,0.0,0,0,0,0,0,0,0,nba_boxscorematchupsv3
1,2025-26,Playoffs,Western Conference Semifinals,2026_min_sas_api_20261005,0042500236,6,2026-05-15,1610612750,MIN,203944,Julius Randle,1610612759,SAS,1630170,Devin Vassell,38,2.6,5.7,6.6000000000000005,10.100000000000001,0,2,0,0,0,0,0,2,0.0,0,0,0.0,0,0,0,0,0,0,0,nba_boxscorematchupsv3
1,2025-26,Playoffs,Western Conference Semifinals,2026_min_sas_api_20261005,0042500236,6,2026-05-15,1610612750,MIN,203944,Julius Randle,1610612759,SAS,1641705,Victor Wembanyama,71,7.1,10.5,12.4,13.700000000000001,0,7,0,0,0,0,0,2,0.0,0,1,0.0,0,0,0,0,0,0,0,nba_boxscorematchupsv3
1,2025-26,Playoffs,Western Conference Semifinals,2026_min_sas_api_20261005,0042500236,6,2026-05-15,1610612750,MIN,203497,Rudy Gobert,1610612759,SAS,1642868,Carter Bryant,17,1.7,5.4,3.3000000000000003,9.8,0,3,0,0,0,0,0,0,0.0,0,0,0.0,0,0,0,0,0,0,0,nba_boxscorematchupsv3
1,2025-26,Playoffs,Western Conference Semifinals,2026_min_sas_api_20261005,0042500236,6,2026-05-15,1610612750,MIN,203497,Rudy Gobert,1610612759,SAS,1642264,Stephon Castle,22,2.1,3.1,4.1000000000000005,6.3,0,6,0,0,0,0,0,0,0.0,0,0,0.0,0,0,0,0,0,0,0,nba_boxscorematchupsv3
1,2025-26,Playoffs,Western Conference Semifinals,2026_min_sas_api_20261005,0042500236,6,2026-05-15,1610612750,MIN,203497,Rudy Gobert,1610612759,SAS,1630577,Julian Champagnie,29,3.2,4.7,5.5,9.1,0,0,0,0,0,0,0,1,0.0,0,0,0.0,0,0,0,0,0,0,0,nba_boxscorematchupsv3
1,2025-26,Playoffs,Western Conference Semifinals,2026_min_sas_api_20261005,0042500236,6,2026-05-15,1610612750,MIN,203497,Rudy Gobert,1610612759,SAS,1628368,De'Aaron Fox,15,1.5,2.5,2.9000000000000004,3.9,0,0,0,0,0,0,0,1,0.0,0,0,0.0,0,0,0,0,0,0,0,nba_boxscorematchupsv3
1,2025-26,Playoffs,Western Conference Semifinals,2026_min_sas_api_20261005,0042500236,6,2026-05-15,1610612750,MIN,203497,Rudy Gobert,1610612759,SAS,1642844,Dylan Harper,23,2.2,4.0,4.3,7.3,0,6,0,0,0,0,0,0,0.0,0,0,0.0,0,0,0,0,0,0,0,nba_boxscorematchupsv3
1,2025-26,Playoffs,Western Conference Semifinals,2026_min_sas_api_20261005,0042500236,6,2026-05-15,1610612750,MIN,203497,Rudy Gobert,1610612759,SAS,1629640,Keldon Johnson,10,1.0,4.2,2.0,7.3,0,0,0,0,0,0,0,0,0.0,0,0,0.0,0,0,0,0,0,0,0,nba_boxscorematchupsv3
1,2025-26,Playoffs,Western Conference Semifinals,2026_min_sas_api_20261005,0042500236,6,2026-05-15,1610612750,MIN,203497,Rudy Gobert,1610612759,SAS,1628436,Luke Kornet,121,11.2,41.0,22.8,72.1,0,16,0,0,0,0,0,1,0.0,0,0,0.0,0,0,0,0,0,0,0,nba_boxscorematchupsv3
1,2025-26,Playoffs,Western Conference Semifinals,2026_min_sas_api_20261005,0042500236,6,2026-05-15,1610612750,MIN,203497,Rudy Gobert,1610612759,SAS,1630170,Devin Vassell,51,4.7,7.7,9.6,11.899999999999999,0,11,0,0,0,0,0,1,0.0,0,0,0.0,0,0,0,0,0,0,0,nba_boxscorematchupsv3
1,2025-26,Playoffs,Western Conference Semifinals,2026_min_sas_api_20261005,0042500236,6,2026-05-15,1610612750,MIN,203497,Rudy Gobert,1610612759,SAS,1641705,Victor Wembanyama,278,23.8,40.699999999999996,52.1,76.2,0,15,0,0,0,2,0,3,0.0,0,0,0.0,0,0,0,0,0,0,0,nba_boxscorematchupsv3
1,2025-26,Playoffs,Western Conference Semifinals,2026_min_sas_api_20261005,0042500236,6,2026-05-15,1610612750,MIN,1630162,Anthony Edwards,1610612759,SAS,203084,Harrison Barnes,2,0.2,1.4000000000000001,0.2,3.2,0,0,0,0,0,0,0,0,0.0,0,0,0.0,0,0,0,0,0,0,0,nba_boxscorematchupsv3
1,2025-26,Playoffs,Western Conference Semifinals,2026_min_sas_api_20261005,0042500236,6,2026-05-15,1610612750,MIN,1630162,Anthony Edwards,1610612759,SAS,1642868,Carter Bryant,232,22.7,72.1,26.8,72.1,3,22,0,0,1,0,1,2,50.0,1,1,100.0,0,0,0,0,0,0,0,nba_boxscorematchupsv3
1,2025-26,Playoffs,Western Conference Semifinals,2026_min_sas_api_20261005,0042500236,6,2026-05-15,1610612750,MIN,1630162,Anthony Edwards,1610612759,SAS,1642264,Stephon Castle,139,12.6,19.8,16.1,20.1,2,15,1,0,0,0,1,4,25.0,0,1,0.0,0,0,0,0,0,0,0,nba_boxscorematchupsv3
1,2025-26,Playoffs,Western Conference Semifinals,2026_min_sas_api_20261005,0042500236,6,2026-05-15,1610612750,MIN,1630162,Anthony Edwards,1610612759,SAS,1630577,Julian Champagnie,71,7.3,11.4,8.200000000000001,13.3,1,3,0,0,1,0,0,4,0.0,0,1,0.0,1,2,1,0,0,0,0,nba_boxscorematchupsv3
1,2025-26,Playoffs,Western Conference Semifinals,2026_min_sas_api_20261005,0042500236,6,2026-05-15,1610612750,MIN,1630162,Anthony Edwards,1610612759,SAS,1628368,De'Aaron Fox,72,6.0,11.700000000000001,8.3,13.4,3,11,0,0,0,1,1,2,50.0,1,1,100.0,0,0,0,0,0,0,0,nba_boxscorematchupsv3
1,2025-26,Playoffs,Western Conference Semifinals,2026_min_sas_api_20261005,0042500236,6,2026-05-15,1610612750,MIN,1630162,Anthony Edwards,1610612759,SAS,1642844,Dylan Harper,94,10.2,16.400000000000002,10.8,19.3,2,10,1,0,1,0,1,3,33.300000000000004,0,1,0.0,0,0,0,0,0,0,0,nba_boxscorematchupsv3
1,2025-26,Playoffs,Western Conference Semifinals,2026_min_sas_api_20261005,0042500236,6,2026-05-15,1610612750,MIN,1630162,Anthony Edwards,1610612759,SAS,1629640,Keldon Johnson,10,0.7,4.2,1.2,6.2,0,0,0,0,0,0,0,0,0.0,0,0,0.0,0,0,0,0,0,0,0,nba_boxscorematchupsv3
1,2025-26,Playoffs,Western Conference Semifinals,2026_min_sas_api_20261005,0042500236,6,2026-05-15,1610612750,MIN,1630162,Anthony Edwards,1610612759,SAS,1628436,Luke Kornet,17,2.1,5.6000000000000005,1.9,7.9,0,0,0,0,1,1,0,4,0.0,0,1,0.0,0,0,0,0,0,0,0,nba_boxscorematchupsv3
1,2025-26,Playoffs,Western Conference Semifinals,2026_min_sas_api_20261005,0042500236,6,2026-05-15,1610612750,MIN,1630162,Anthony Edwards,1610612759,SAS,1630170,Devin Vassell,214,17.3,32.4,24.8,32.4,7,15,0,0,0,0,3,7,42.9,0,1,0.0,1,1,1,0,0,0,0,nba_boxscorematchupsv3
1,2025-26,Playoffs,Western Conference Semifinals,2026_min_sas_api_20261005,0042500236,6,2026-05-15,1610612750,MIN,1630162,Anthony Edwards,1610612759,SAS,1641705,Victor Wembanyama,53,4.7,7.8,6.2,8.1,6,8,0,0,1,0,3,5,60.0,0,0,0.0,0,0,0,0,0,0,0,nba_boxscorematchupsv3
1,2025-26,Playoffs,Western Conference Semifinals,2026_min_sas_api_20261005,0042500236,6,2026-05-15,1610612750,MIN,1630245,Ayo Dosunmu,1610612759,SAS,1642868,Carter Bryant,6,0.3,2.0,1.0999999999999999,5.3,0,0,0,0,0,0,0,1,0.0,0,1,0.0,0,0,0,0,0,0,0,nba_boxscorematchupsv3
1,2025-26,Playoffs,Western Conference Semifinals,2026_min_sas_api_20261005,0042500236,6,2026-05-15,1610612750,MIN,1630245,Ayo Dosunmu,1610612759,SAS,1642264,Stephon Castle,52,4.2,7.5,9.1,10.5,2,5,2,0,0,0,1,1,100.0,0,0,0.0,0,0,0,0,0,0,0,nba_boxscorematchupsv3
1,2025-26,Playoffs,Western Conference Semifinals,2026_min_sas_api_20261005,0042500236,6,2026-05-15,1610612750,MIN,1630245,Ayo Dosunmu,1610612759,SAS,1630577,Julian Champagnie,84,9.5,13.700000000000001,14.7,16.5,6,15,0,0,0,0,2,4,50.0,0,0,0.0,2,2,1,0,0,0,0,nba_boxscorematchupsv3
1,2025-26,Playoffs,Western Conference Semifinals,2026_min_sas_api_20261005,0042500236,6,2026-05-15,1610612750,MIN,1630245,Ayo Dosunmu,1610612759,SAS,1628368,De'Aaron Fox,206,15.2,33.4,35.8,53.5,2,6,0,0,0,0,1,2,50.0,0,0,0.0,0,0,0,0,0,0,0,nba_boxscorematchupsv3
1,2025-26,Playoffs,Western Conference Semifinals,2026_min_sas_api_20261005,0042500236,6,2026-05-15,1610612750,MIN,1630245,Ayo Dosunmu,1610612759,SAS,1642844,Dylan Harper,95,8.7,16.7,16.6,36.8,0,9,3,0,0,0,0,0,0.0,0,0,0.0,0,0,0,0,0,0,0,nba_boxscorematchupsv3
1,2025-26,Playoffs,Western Conference Semifinals,2026_min_sas_api_20261005,0042500236,6,2026-05-15,1610612750,MIN,1630245,Ayo Dosunmu,1610612759,SAS,1629640,Keldon Johnson,18,2.3,7.3,3.1,15.1,0,0,2,0,0,0,0,0,0.0,0,0,0.0,0,0,0,0,0,0,0,nba_boxscorematchupsv3
1,2025-26,Playoffs,Western Conference Semifinals,2026_min_sas_api_20261005,0042500236,6,2026-05-15,1610612750,MIN,1630245,Ayo Dosunmu,1610612759,SAS,1628436,Luke Kornet,10,1.2,3.3000000000000003,1.7000000000000002,14.7,0,0,0,0,0,1,0,1,0.0,0,0,0.0,0,0,0,0,0,0,0,nba_boxscorematchupsv3
1,2025-26,Playoffs,Western Conference Semifinals,2026_min_sas_api_20261005,0042500236,6,2026-05-15,1610612750,MIN,1630245,Ayo Dosunmu,1610612759,SAS,1630170,Devin Vassell,52,4.2,7.8,9.0,15.1,0,9,0,0,0,0,0,0,0.0,0,0,0.0,0,0,0,0,0,0,0,nba_boxscorematchupsv3
1,2025-26,Playoffs,Western Conference Semifinals,2026_min_sas_api_20261005,0042500236,6,2026-05-15,1610612750,MIN,1630245,Ayo Dosunmu,1610612759,SAS,1641705,Victor Wembanyama,53,4.5,7.8,9.2,10.5,0,5,1,0,0,0,0,0,0.0,0,0,0.0,0,0,0,0,0,0,0,nba_boxscorematchupsv3
1,2025-26,Playoffs,Western Conference Semifinals,2026_min_sas_api_20261005,0042500236,6,2026-05-15,1610612750,MIN,1629675,Naz Reid,1610612759,SAS,203084,Harrison Barnes,53,7.1,43.5,7.3,90.2,0,9,1,0,0,0,0,0,0.0,0,0,0.0,0,0,0,0,0,0,0,nba_boxscorematchupsv3
1,2025-26,Playoffs,Western Conference Semifinals,2026_min_sas_api_20261005,0042500236,6,2026-05-15,1610612750,MIN,1629675,Naz Reid,1610612759,SAS,1642868,Carter Bryant,37,3.9,11.4,5.0,12.6,0,2,0,0,0,0,0,1,0.0,0,1,0.0,0,0,0,0,0,0,0,nba_boxscorematchupsv3
1,2025-26,Playoffs,Western Conference Semifinals,2026_min_sas_api_20261005,0042500236,6,2026-05-15,1610612750,MIN,1629675,Naz Reid,1610612759,SAS,1642264,Stephon Castle,119,13.1,17.0,16.3,24.6,6,21,0,0,0,0,2,4,50.0,2,4,50.0,0,0,0,0,0,0,0,nba_boxscorematchupsv3
1,2025-26,Playoffs,Western Conference Semifinals,2026_min_sas_api_20261005,0042500236,6,2026-05-15,1610612750,MIN,1629675,Naz Reid,1610612759,SAS,1630577,Julian Champagnie,108,10.0,17.5,14.7,26.200000000000003,2,2,0,0,0,0,1,1,100.0,0,0,0.0,0,0,0,0,0,0,0,nba_boxscorematchupsv3
1,2025-26,Playoffs,Western Conference Semifinals,2026_min_sas_api_20261005,0042500236,6,2026-05-15,1610612750,MIN,1629675,Naz Reid,1610612759,SAS,1628368,De'Aaron Fox,74,6.9,11.899999999999999,10.0,17.2,0,7,0,0,0,1,0,1,0.0,0,0,0.0,0,0,0,0,0,0,0,nba_boxscorematchupsv3
1,2025-26,Playoffs,Western Conference Semifinals,2026_min_sas_api_20261005,0042500236,6,2026-05-15,1610612750,MIN,1629675,Naz Reid,1610612759,SAS,1642844,Dylan Harper,64,4.9,11.1,8.7,11.700000000000001,3,6,0,0,0,0,1,1,100.0,1,1,100.0,0,0,0,0,0,0,0,nba_boxscorematchupsv3
1,2025-26,Playoffs,Western Conference Semifinals,2026_min_sas_api_20261005,0042500236,6,2026-05-15,1610612750,MIN,1629675,Naz Reid,1610612759,SAS,1629640,Keldon Johnson,78,7.5,31.4,10.6,31.4,4,10,0,0,0,0,2,2,100.0,0,0,0.0,0,0,0,0,0,0,0,nba_boxscorematchupsv3
1,2025-26,Playoffs,Western Conference Semifinals,2026_min_sas_api_20261005,0042500236,6,2026-05-15,1610612750,MIN,1629675,Naz Reid,1610612759,SAS,1628436,Luke Kornet,29,2.8,9.8,4.0,10.8,3,3,0,0,0,0,1,3,33.300000000000004,0,0,0.0,1,1,1,0,0,0,0,nba_boxscorematchupsv3
1,2025-26,Playoffs,Western Conference Semifinals,2026_min_sas_api_20261005,0042500236,6,2026-05-15,1610612750,MIN,1629675,Naz Reid,1610612759,SAS,1630170,Devin Vassell,74,7.0,11.1,10.0,16.0,0,4,0,0,0,0,0,0,0.0,0,0,0.0,0,0,0,0,0,0,0,nba_boxscorematchupsv3
1,2025-26,Playoffs,Western Conference Semifinals,2026_min_sas_api_20261005,0042500236,6,2026-05-15,1610612750,MIN,1629675,Naz Reid,1610612759,SAS,1641705,Victor Wembanyama,53,4.0,7.7,7.199999999999999,11.3,0,0,0,0,0,0,0,1,0.0,0,1,0.0,0,0,0,0,0,0,0,nba_boxscorematchupsv3
1,2025-26,Playoffs,Western Conference Semifinals,2026_min_sas_api_20261005,0042500236,6,2026-05-15,1610612750,MIN,1630545,Terrence Shannon Jr,1610612759,SAS,203084,Harrison Barnes,4,0.7,3.4000000000000004,0.8999999999999999,7.000000000000001,0,2,0,0,0,0,0,0,0.0,0,0,0.0,0,0,0,0,0,0,0,nba_boxscorematchupsv3
1,2025-26,Playoffs,Western Conference Semifinals,2026_min_sas_api_20261005,0042500236,6,2026-05-15,1610612750,MIN,1630545,Terrence Shannon Jr,1610612759,SAS,1642264,Stephon Castle,66,7.9,9.5,13.8,18.2,3,10,0,0,0,0,1,1,100.0,1,1,100.0,0,0,0,0,0,0,0,nba_boxscorematchupsv3
1,2025-26,Playoffs,Western Conference Semifinals,2026_min_sas_api_20261005,0042500236,6,2026-05-15,1610612750,MIN,1630545,Terrence Shannon Jr,1610612759,SAS,1630577,Julian Champagnie,32,2.7,5.2,6.6000000000000005,13.0,2,2,0,0,0,0,1,1,100.0,0,0,0.0,0,0,0,0,0,0,0,nba_boxscorematchupsv3
1,2025-26,Playoffs,Western Conference Semifinals,2026_min_sas_api_20261005,0042500236,6,2026-05-15,1610612750,MIN,1630545,Terrence Shannon Jr,1610612759,SAS,1628368,De'Aaron Fox,18,2.3,2.9000000000000004,3.6999999999999997,8.200000000000001,0,2,0,0,0,0,0,1,0.0,0,0,0.0,0,0,0,0,0,0,0,nba_boxscorematchupsv3
1,2025-26,Playoffs,Western Conference Semifinals,2026_min_sas_api_20261005,0042500236,6,2026-05-15,1610612750,MIN,1630545,Terrence Shannon Jr,1610612759,SAS,1642844,Dylan Harper,72,7.8,12.6,15.0,19.2,2,14,1,0,0,0,0,1,0.0,0,0,0.0,2,2,0,0,0,0,0,nba_boxscorematchupsv3
1,2025-26,Playoffs,Western Conference Semifinals,2026_min_sas_api_20261005,0042500236,6,2026-05-15,1610612750,MIN,1630545,Terrence Shannon Jr,1610612759,SAS,1629640,Keldon Johnson,31,2.4,12.5,6.4,19.2,0,6,1,0,0,0,0,0,0.0,0,0,0.0,0,0,0,0,0,0,0,nba_boxscorematchupsv3
1,2025-26,Playoffs,Western Conference Semifinals,2026_min_sas_api_20261005,0042500236,6,2026-05-15,1610612750,MIN,1630545,Terrence Shannon Jr,1610612759,SAS,1628436,Luke Kornet,22,3.4,7.3999999999999995,4.6,11.899999999999999,0,0,0,0,0,0,0,1,0.0,0,0,0.0,0,0,0,0,0,0,0,nba_boxscorematchupsv3
1,2025-26,Playoffs,Western Conference Semifinals,2026_min_sas_api_20261005,0042500236,6,2026-05-15,1610612750,MIN,1630545,Terrence Shannon Jr,1610612759,SAS,1630170,Devin Vassell,132,14.3,19.900000000000002,27.500000000000004,38.6,10,14,0,0,0,1,5,7,71.39999999999999,0,0,0.0,0,0,0,0,0,0,0,nba_boxscorematchupsv3
1,2025-26,Playoffs,Western Conference Semifinals,2026_min_sas_api_20261005,0042500236,6,2026-05-15,1610612750,MIN,1630545,Terrence Shannon Jr,1610612759,SAS,1641705,Victor Wembanyama,71,6.4,10.5,14.899999999999999,24.0,2,4,0,0,0,0,1,2,50.0,0,1,0.0,0,0,0,0,0,0,0,nba_boxscorematchupsv3
1,2025-26,Playoffs,Western Conference Semifinals,2026_min_sas_api_20261005,0042500236,6,2026-05-15,1610612750,MIN,201144,Mike Conley,1610612759,SAS,1642868,Carter Bryant,4,1.0,1.2,0.8999999999999999,1.7999999999999998,0,0,0,0,0,0,0,0,0.0,0,0,0.0,0,0,0,0,0,0,0,nba_boxscorematchupsv3
1,2025-26,Playoffs,Western Conference Semifinals,2026_min_sas_api_20261005,0042500236,6,2026-05-15,1610612750,MIN,201144,Mike Conley,1610612759,SAS,1642264,Stephon Castle,23,1.8,3.2,5.5,11.5,0,2,0,0,0,0,0,0,0.0,0,0,0.0,0,0,0,0,0,0,0,nba_boxscorematchupsv3
1,2025-26,Playoffs,Western Conference Semifinals,2026_min_sas_api_20261005,0042500236,6,2026-05-15,1610612750,MIN,201144,Mike Conley,1610612759,SAS,1630577,Julian Champagnie,22,2.5,3.5999999999999996,5.3,15.1,0,0,0,0,0,0,0,0,0.0,0,0,0.0,0,0,0,0,0,0,0,nba_boxscorematchupsv3
1,2025-26,Playoffs,Western Conference Semifinals,2026_min_sas_api_20261005,0042500236,6,2026-05-15,1610612750,MIN,201144,Mike Conley,1610612759,SAS,1628368,De'Aaron Fox,147,13.6,23.799999999999997,35.199999999999996,49.9,0,10,0,0,0,0,0,0,0.0,0,0,0.0,0,0,0,0,0,0,0,nba_boxscorematchupsv3
1,2025-26,Playoffs,Western Conference Semifinals,2026_min_sas_api_20261005,0042500236,6,2026-05-15,1610612750,MIN,201144,Mike Conley,1610612759,SAS,1642844,Dylan Harper,98,11.4,17.1,23.5,28.799999999999997,3,11,1,0,0,0,1,2,50.0,1,2,50.0,0,0,0,0,0,0,0,nba_boxscorematchupsv3
1,2025-26,Playoffs,Western Conference Semifinals,2026_min_sas_api_20261005,0042500236,6,2026-05-15,1610612750,MIN,201144,Mike Conley,1610612759,SAS,1629640,Keldon Johnson,15,1.2,6.0,3.5000000000000004,8.4,3,3,0,0,0,0,1,1,100.0,1,1,100.0,0,0,0,0,0,0,0,nba_boxscorematchupsv3
1,2025-26,Playoffs,Western Conference Semifinals,2026_min_sas_api_20261005,0042500236,6,2026-05-15,1610612750,MIN,201144,Mike Conley,1610612759,SAS,1628436,Luke Kornet,22,2.4,7.5,5.3,9.8,0,3,1,0,0,0,0,0,0.0,0,0,0.0,0,0,0,0,0,0,0,nba_boxscorematchupsv3
1,2025-26,Playoffs,Western Conference Semifinals,2026_min_sas_api_20261005,0042500236,6,2026-05-15,1610612750,MIN,201144,Mike Conley,1610612759,SAS,1630170,Devin Vassell,35,4.5,5.3,8.4,11.700000000000001,0,8,1,0,0,0,0,0,0.0,0,0,0.0,0,0,0,0,0,0,0,nba_boxscorematchupsv3
1,2025-26,Playoffs,Western Conference Semifinals,2026_min_sas_api_20261005,0042500236,6,2026-05-15,1610612750,MIN,201144,Mike Conley,1610612759,SAS,1641705,Victor Wembanyama,26,3.6,3.8,6.2,13.5,0,7,0,0,0,0,0,0,0.0,0,0,0.0,0,0,0,0,0,0,0,nba_boxscorematchupsv3
1,2025-26,Playoffs,Western Conference Semifinals,2026_min_sas_api_20261005,0042500236,6,2026-05-15,1610612750,MIN,1642866,Joan Beringer,1610612759,SAS,203084,Harrison Barnes,3,0.4,2.8000000000000003,2.1,5.5,0,0,0,0,0,0,0,0,0.0,0,0,0.0,0,0,0,0,0,0,0,nba_boxscorematchupsv3
1,2025-26,Playoffs,Western Conference Semifinals,2026_min_sas_api_20261005,0042500236,6,2026-05-15,1610612750,MIN,1642866,Joan Beringer,1610612759,SAS,202687,Bismack Biyombo,94,8.5,66.8,56.2,66.8,0,7,0,0,0,0,0,0,0.0,0,0,0.0,0,0,0,0,0,0,0,nba_boxscorematchupsv3
1,2025-26,Playoffs,Western Conference Semifinals,2026_min_sas_api_20261005,0042500236,6,2026-05-15,1610612750,MIN,1642866,Joan Beringer,1610612759,SAS,1628436,Luke Kornet,25,2.8,8.4,14.899999999999999,94.0,0,0,0,0,0,0,0,1,0.0,0,0,0.0,0,0,0,0,0,0,0,nba_boxscorematchupsv3
1,2025-26,Playoffs,Western Conference Semifinals,2026_min_sas_api_20261005,0042500236,6,2026-05-15,1610612750,MIN,1642866,Joan Beringer,1610612759,SAS,1629162,Jordan McLaughlin,3,0.2,2.0,2.0,2.0,2,2,0,0,0,0,1,1,100.0,0,0,0.0,0,0,0,0,0,0,0,nba_boxscorematchupsv3
1,2025-26,Playoffs,Western Conference Semifinals,2026_min_sas_api_20261005,0042500236,6,2026-05-15,1610612750,MIN,1642866,Joan Beringer,1610612759,SAS,203482,Kelly Olynyk,25,2.3,15.1,15.1,15.1,0,0,0,0,0,0,0,0,0.0,0,0,0.0,0,0,0,0,0,0,0,nba_boxscorematchupsv3
1,2025-26,Playoffs,Western Conference Semifinals,2026_min_sas_api_20261005,0042500236,6,2026-05-15,1610612750,MIN,1642866,Joan Beringer,1610612759,SAS,203486,Mason Plumlee,45,4.5,43.4,27.0,43.4,0,3,0,0,0,0,0,0,0.0,0,0,0.0,0,0,0,0,0,0,0,nba_boxscorematchupsv3
1,2025-26,Playoffs,Western Conference Semifinals,2026_min_sas_api_20261005,0042500236,6,2026-05-15,1610612750,MIN,1642866,Joan Beringer,1610612759,SAS,1630322,Lindy Waters III,16,1.2,9.5,9.5,9.5,0,0,0,0,0,0,0,0,0.0,0,0,0.0,0,0,0,0,0,0,0,nba_boxscorematchupsv3
1,2025-26,Playoffs,Western Conference Semifinals,2026_min_sas_api_20261005,0042500236,6,2026-05-15,1610612750,MIN,1641740,Jaylen Clark,1610612759,SAS,203084,Harrison Barnes,25,2.1,20.4,15.0,39.5,0,0,0,0,0,0,0,0,0.0,0,0,0.0,0,0,0,0,0,0,0,nba_boxscorematchupsv3
1,2025-26,Playoffs,Western Conference Semifinals,2026_min_sas_api_20261005,0042500236,6,2026-05-15,1610612750,MIN,1641740,Jaylen Clark,1610612759,SAS,202687,Bismack Biyombo,4,0.3,3.1,2.6,3.1,0,2,0,0,0,0,0,0,0.0,0,0,0.0,0,0,0,0,0,0,0,nba_boxscorematchupsv3
1,2025-26,Playoffs,Western Conference Semifinals,2026_min_sas_api_20261005,0042500236,6,2026-05-15,1610612750,MIN,1641740,Jaylen Clark,1610612759,SAS,1629162,Jordan McLaughlin,37,4.4,21.9,21.9,21.9,0,2,0,0,0,0,0,0,0.0,0,0,0.0,0,0,0,0,0,0,0,nba_boxscorematchupsv3
1,2025-26,Playoffs,Western Conference Semifinals,2026_min_sas_api_20261005,0042500236,6,2026-05-15,1610612750,MIN,1641740,Jaylen Clark,1610612759,SAS,203482,Kelly Olynyk,24,2.8,14.299999999999999,14.299999999999999,14.299999999999999,0,5,0,0,0,0,0,0,0.0,0,0,0.0,0,0,0,0,0,0,0,nba_boxscorematchupsv3
1,2025-26,Playoffs,Western Conference Semifinals,2026_min_sas_api_20261005,0042500236,6,2026-05-15,1610612750,MIN,1641740,Jaylen Clark,1610612759,SAS,1630322,Lindy Waters III,75,6.7,44.800000000000004,44.800000000000004,44.800000000000004,0,5,0,0,0,0,0,2,0.0,0,1,0.0,0,0,0,0,0,0,0,nba_boxscorematchupsv3
1,2025-26,Playoffs,Western Conference Semifinals,2026_min_sas_api_20261005,0042500236,6,2026-05-15,1610612750,MIN,1641763,Julian Phillips,1610612759,SAS,203084,Harrison Barnes,29,2.9,23.599999999999998,17.299999999999997,45.5,0,4,0,0,0,0,0,0,0.0,0,0,0.0,0,0,0,0,0,0,0,nba_boxscorematchupsv3
1,2025-26,Playoffs,Western Conference Semifinals,2026_min_sas_api_20261005,0042500236,6,2026-05-15,1610612750,MIN,1641763,Julian Phillips,1610612759,SAS,202687,Bismack Biyombo,20,2.4,14.000000000000002,11.799999999999999,14.000000000000002,0,3,0,0,1,0,0,1,0.0,0,1,0.0,0,0,0,0,0,0,0,nba_boxscorematchupsv3
1,2025-26,Playoffs,Western Conference Semifinals,2026_min_sas_api_20261005,0042500236,6,2026-05-15,1610612750,MIN,1641763,Julian Phillips,1610612759,SAS,1629162,Jordan McLaughlin,9,0.5,5.4,5.4,5.4,0,0,0,0,0,0,0,0,0.0,0,0,0.0,0,0,0,0,0,0,0,nba_boxscorematchupsv3
1,2025-26,Playoffs,Western Conference Semifinals,2026_min_sas_api_20261005,0042500236,6,2026-05-15,1610612750,MIN,1641763,Julian Phillips,1610612759,SAS,203482,Kelly Olynyk,24,2.2,14.499999999999998,14.499999999999998,14.499999999999998,3,5,1,0,0,0,1,1,100.0,1,1,100.0,0,0,0,0,0,0,0,nba_boxscorematchupsv3
1,2025-26,Playoffs,Western Conference Semifinals,2026_min_sas_api_20261005,0042500236,6,2026-05-15,1610612750,MIN,1641763,Julian Phillips,1610612759,SAS,203486,Mason Plumlee,43,4.3,41.8,26.0,41.8,0,2,0,0,0,0,0,0,0.0,0,0,0.0,0,0,0,0,0,0,0,nba_boxscorematchupsv3
1,2025-26,Playoffs,Western Conference Semifinals,2026_min_sas_api_20261005,0042500236,6,2026-05-15,1610612750,MIN,1641763,Julian Phillips,1610612759,SAS,1630322,Lindy Waters III,23,1.9,13.700000000000001,13.700000000000001,13.700000000000001,0,0,0,0,0,0,0,0,0.0,0,0,0.0,0,0,0,0,0,0,0,nba_boxscorematchupsv3
1,2025-26,Playoffs,Western Conference Semifinals,2026_min_sas_api_20261005,0042500236,6,2026-05-15,1610612750,MIN,203937,Kyle Anderson,1610612759,SAS,202687,Bismack Biyombo,10,1.0,7.000000000000001,5.8999999999999995,7.000000000000001,0,2,1,0,0,0,0,0,0.0,0,0,0.0,0,0,0,0,0,0,0,nba_boxscorematchupsv3
1,2025-26,Playoffs,Western Conference Semifinals,2026_min_sas_api_20261005,0042500236,6,2026-05-15,1610612750,MIN,203937,Kyle Anderson,1610612759,SAS,1629162,Jordan McLaughlin,31,2.9,18.3,18.3,18.3,0,3,1,0,0,0,0,0,0.0,0,0,0.0,0,0,0,0,0,0,0,nba_boxscorematchupsv3
1,2025-26,Playoffs,Western Conference Semifinals,2026_min_sas_api_20261005,0042500236,6,2026-05-15,1610612750,MIN,203937,Kyle Anderson,1610612759,SAS,203482,Kelly Olynyk,64,5.8,38.2,38.2,38.2,0,3,1,0,0,0,0,0,0.0,0,0,0.0,0,0,0,0,0,0,0,nba_boxscorematchupsv3
1,2025-26,Playoffs,Western Conference Semifinals,2026_min_sas_api_20261005,0042500236,6,2026-05-15,1610612750,MIN,203937,Kyle Anderson,1610612759,SAS,203486,Mason Plumlee,13,1.0,12.6,7.8,12.6,2,5,0,0,0,0,1,2,50.0,0,0,0.0,0,0,0,0,0,0,0,nba_boxscorematchupsv3
1,2025-26,Playoffs,Western Conference Semifinals,2026_min_sas_api_20261005,0042500236,6,2026-05-15,1610612750,MIN,203937,Kyle Anderson,1610612759,SAS,1630322,Lindy Waters III,27,3.1,16.2,16.2,16.2,0,2,0,0,0,0,0,1,0.0,0,0,0.0,0,0,0,0,0,0,0,nba_boxscorematchupsv3
1,2025-26,Playoffs,Western Conference Semifinals,2026_min_sas_api_20261005,0042500236,6,2026-05-15,1610612750,MIN,1630538,Bones Hyland,1610612759,SAS,203084,Harrison Barnes,6,0.6,4.9,3.5999999999999996,9.5,0,0,0,0,0,0,0,0,0.0,0,0,0.0,0,0,0,0,0,0,0,nba_boxscorematchupsv3
1,2025-26,Playoffs,Western Conference Semifinals,2026_min_sas_api_20261005,0042500236,6,2026-05-15,1610612750,MIN,1630538,Bones Hyland,1610612759,SAS,202687,Bismack Biyombo,13,0.8,9.2,7.7,9.2,0,0,0,0,0,2,0,3,0.0,0,1,0.0,0,0,0,0,0,0,0,nba_boxscorematchupsv3
1,2025-26,Playoffs,Western Conference Semifinals,2026_min_sas_api_20261005,0042500236,6,2026-05-15,1610612750,MIN,1630538,Bones Hyland,1610612759,SAS,1628436,Luke Kornet,2,0.2,0.5,1.0,6.0,0,0,0,0,0,0,0,0,0.0,0,0,0.0,0,0,0,0,0,0,0,nba_boxscorematchupsv3
1,2025-26,Playoffs,Western Conference Semifinals,2026_min_sas_api_20261005,0042500236,6,2026-05-15,1610612750,MIN,1630538,Bones Hyland,1610612759,SAS,1629162,Jordan McLaughlin,87,8.0,52.300000000000004,52.300000000000004,52.300000000000004,0,5,0,0,0,0,0,1,0.0,0,1,0.0,0,0,0,0,0,0,0,nba_boxscorematchupsv3
1,2025-26,Playoffs,Western Conference Semifinals,2026_min_sas_api_20261005,0042500236,6,2026-05-15,1610612750,MIN,1630538,Bones Hyland,1610612759,SAS,203482,Kelly Olynyk,30,2.9,17.8,17.8,17.8,0,2,0,0,0,0,0,1,0.0,0,1,0.0,0,0,0,0,0,0,0,nba_boxscorematchupsv3
1,2025-26,Playoffs,Western Conference Semifinals,2026_min_sas_api_20261005,0042500236,6,2026-05-15,1610612750,MIN,1630538,Bones Hyland,1610612759,SAS,203486,Mason Plumlee,2,0.2,2.1999999999999997,1.4000000000000001,2.1999999999999997,0,0,0,0,0,0,0,0,0.0,0,0,0.0,0,0,0,0,0,0,0,nba_boxscorematchupsv3
1,2025-26,Playoffs,Western Conference Semifinals,2026_min_sas_api_20261005,0042500236,6,2026-05-15,1610612750,MIN,1630538,Bones Hyland,1610612759,SAS,1630322,Lindy Waters III,26,3.2,15.9,15.9,15.9,3,5,0,0,0,0,1,1,100.0,1,1,100.0,0,0,0,0,0,0,0,nba_boxscorematchupsv3
1,2025-26,Playoffs,Western Conference Semifinals,2026_min_sas_api_20261005,0042500236,6,2026-05-15,1610612759,SAS,1630577,Julian Champagnie,1610612750,MIN,201144,Mike Conley,90,6.8,20.1,14.499999999999998,58.199999999999996,0,6,0,0,0,0,0,1,0.0,0,1,0.0,0,0,0,0,0,0,0,nba_boxscorematchupsv3
1,2025-26,Playoffs,Western Conference Semifinals,2026_min_sas_api_20261005,0042500236,6,2026-05-15,1610612759,SAS,1630577,Julian Champagnie,1610612750,MIN,1630245,Ayo Dosunmu,55,4.5,10.0,8.799999999999999,10.7,2,6,1,0,0,0,1,1,100.0,0,0,0.0,0,0,0,0,0,0,0,nba_boxscorematchupsv3
1,2025-26,Playoffs,Western Conference Semifinals,2026_min_sas_api_20261005,0042500236,6,2026-05-15,1610612759,SAS,1630577,Julian Champagnie,1610612750,MIN,1630162,Anthony Edwards,165,11.9,19.6,26.5,32.4,3,22,0,0,0,0,1,1,100.0,1,1,100.0,0,0,0,0,0,0,0,nba_boxscorematchupsv3
1,2025-26,Playoffs,Western Conference Semifinals,2026_min_sas_api_20261005,0042500236,6,2026-05-15,1610612759,SAS,1630577,Julian Champagnie,1610612750,MIN,203497,Rudy Gobert,13,1.5,2.7,2.1999999999999997,4.8,0,4,0,0,0,0,0,0,0.0,0,0,0.0,0,0,0,0,0,0,0,nba_boxscorematchupsv3
1,2025-26,Playoffs,Western Conference Semifinals,2026_min_sas_api_20261005,0042500236,6,2026-05-15,1610612759,SAS,1630577,Julian Champagnie,1610612750,MIN,1630183,Jaden McDaniels,50,7.4,9.2,8.0,13.600000000000001,2,9,0,0,0,0,0,1,0.0,0,1,0.0,2,2,1,0,0,0,0,nba_boxscorematchupsv3
1,2025-26,Playoffs,Western Conference Semifinals,2026_min_sas_api_20261005,0042500236,6,2026-05-15,1610612759,SAS,1630577,Julian Champagnie,1610612750,MIN,203944,Julius Randle,46,4.8,8.1,7.3999999999999995,9.0,0,6,0,0,0,0,0,1,0.0,0,1,0.0,0,0,0,0,0,0,0,nba_boxscorematchupsv3
1,2025-26,Playoffs,Western Conference Semifinals,2026_min_sas_api_20261005,0042500236,6,2026-05-15,1610612759,SAS,1630577,Julian Champagnie,1610612750,MIN,1629675,Naz Reid,87,8.1,11.4,13.900000000000002,19.3,5,13,0,0,0,0,2,2,100.0,1,1,100.0,0,0,0,0,0,0,0,nba_boxscorematchupsv3
1,2025-26,Playoffs,Western Conference Semifinals,2026_min_sas_api_20261005,0042500236,6,2026-05-15,1610612759,SAS,1630577,Julian Champagnie,1610612750,MIN,1630545,Terrence Shannon Jr,83,6.0,15.0,13.4,26.0,0,9,1,0,0,0,0,0,0.0,0,0,0.0,0,0,0,0,0,0,0,nba_boxscorematchupsv3
1,2025-26,Playoffs,Western Conference Semifinals,2026_min_sas_api_20261005,0042500236,6,2026-05-15,1610612759,SAS,1630170,Devin Vassell,1610612750,MIN,201144,Mike Conley,171,15.4,38.1,26.8,52.300000000000004,0,17,0,0,1,0,0,3,0.0,0,2,0.0,0,0,0,0,0,0,0,nba_boxscorematchupsv3
1,2025-26,Playoffs,Western Conference Semifinals,2026_min_sas_api_20261005,0042500236,6,2026-05-15,1610612759,SAS,1630170,Devin Vassell,1610612750,MIN,1630245,Ayo Dosunmu,123,12.2,22.3,19.3,42.0,6,22,0,0,0,0,2,3,66.7,2,2,100.0,0,0,0,0,0,0,0,nba_boxscorematchupsv3
1,2025-26,Playoffs,Western Conference Semifinals,2026_min_sas_api_20261005,0042500236,6,2026-05-15,1610612759,SAS,1630170,Devin Vassell,1610612750,MIN,1630162,Anthony Edwards,140,11.5,16.7,22.1,22.1,2,15,2,0,0,0,1,1,100.0,0,0,0.0,0,0,0,0,0,0,0,nba_boxscorematchupsv3
1,2025-26,Playoffs,Western Conference Semifinals,2026_min_sas_api_20261005,0042500236,6,2026-05-15,1610612759,SAS,1630170,Devin Vassell,1610612750,MIN,203497,Rudy Gobert,29,3.4,5.800000000000001,4.5,7.199999999999999,0,5,1,0,0,0,0,1,0.0,0,0,0.0,0,0,0,0,0,0,0,nba_boxscorematchupsv3
1,2025-26,Playoffs,Western Conference Semifinals,2026_min_sas_api_20261005,0042500236,6,2026-05-15,1610612759,SAS,1630170,Devin Vassell,1610612750,MIN,1630183,Jaden McDaniels,47,5.0,8.7,7.5,12.3,2,6,0,0,0,0,1,1,100.0,0,0,0.0,0,0,0,0,0,0,0,nba_boxscorematchupsv3
1,2025-26,Playoffs,Western Conference Semifinals,2026_min_sas_api_20261005,0042500236,6,2026-05-15,1610612759,SAS,1630170,Devin Vassell,1610612750,MIN,203944,Julius Randle,24,3.2,4.3,3.8,7.3,0,7,0,0,0,0,0,0,0.0,0,0,0.0,0,0,0,0,0,0,0,nba_boxscorematchupsv3
1,2025-26,Playoffs,Western Conference Semifinals,2026_min_sas_api_20261005,0042500236,6,2026-05-15,1610612759,SAS,1630170,Devin Vassell,1610612750,MIN,1629675,Naz Reid,49,6.1,6.4,7.7,10.6,0,6,0,0,0,0,0,1,0.0,0,1,0.0,0,0,0,0,0,0,0,nba_boxscorematchupsv3
1,2025-26,Playoffs,Western Conference Semifinals,2026_min_sas_api_20261005,0042500236,6,2026-05-15,1610612759,SAS,1630170,Devin Vassell,1610612750,MIN,1630545,Terrence Shannon Jr,43,3.5,7.8,6.800000000000001,12.5,3,8,1,0,0,0,1,1,100.0,1,1,100.0,0,0,0,0,0,0,0,nba_boxscorematchupsv3
1,2025-26,Playoffs,Western Conference Semifinals,2026_min_sas_api_20261005,0042500236,6,2026-05-15,1610612759,SAS,1641705,Victor Wembanyama,1610612750,MIN,201144,Mike Conley,13,1.1,3.0,2.1,7.8,0,3,0,0,0,0,0,0,0.0,0,0,0.0,0,0,0,0,0,0,0,nba_boxscorematchupsv3
1,2025-26,Playoffs,Western Conference Semifinals,2026_min_sas_api_20261005,0042500236,6,2026-05-15,1610612759,SAS,1641705,Victor Wembanyama,1610612750,MIN,1630245,Ayo Dosunmu,72,5.3,13.100000000000001,11.3,14.399999999999999,2,2,0,0,1,0,1,4,25.0,0,2,0.0,0,0,0,0,0,0,0,nba_boxscorematchupsv3
1,2025-26,Playoffs,Western Conference Semifinals,2026_min_sas_api_20261005,0042500236,6,2026-05-15,1610612759,SAS,1641705,Victor Wembanyama,1610612750,MIN,1630162,Anthony Edwards,66,5.8,7.9,10.4,11.899999999999999,5,15,1,0,0,0,2,2,100.0,0,0,0.0,1,1,1,0,0,0,0,nba_boxscorematchupsv3
1,2025-26,Playoffs,Western Conference Semifinals,2026_min_sas_api_20261005,0042500236,6,2026-05-15,1610612759,SAS,1641705,Victor Wembanyama,1610612750,MIN,203497,Rudy Gobert,142,15.3,28.9,22.3,44.1,4,18,1,0,2,0,1,2,50.0,0,1,0.0,2,4,0,0,0,0,0,nba_boxscorematchupsv3
1,2025-26,Playoffs,Western Conference Semifinals,2026_min_sas_api_20261005,0042500236,6,2026-05-15,1610612759,SAS,1641705,Victor Wembanyama,1610612750,MIN,1630183,Jaden McDaniels,53,4.0,9.6,8.3,14.299999999999999,0,2,0,0,0,1,0,1,0.0,0,0,0.0,0,0,0,0,0,0,0,nba_boxscorematchupsv3
1,2025-26,Playoffs,Western Conference Semifinals,2026_min_sas_api_20261005,0042500236,6,2026-05-15,1610612759,SAS,1641705,Victor Wembanyama,1610612750,MIN,203944,Julius Randle,259,20.6,45.7,40.8,52.300000000000004,6,38,0,0,0,0,2,4,50.0,0,0,0.0,2,2,1,0,0,0,0,nba_boxscorematchupsv3
1,2025-26,Playoffs,Western Conference Semifinals,2026_min_sas_api_20261005,0042500236,6,2026-05-15,1610612759,SAS,1641705,Victor Wembanyama,1610612750,MIN,1629675,Naz Reid,38,4.1,5.0,6.0,8.5,0,2,0,0,0,0,0,0,0.0,0,0,0.0,0,0,0,0,0,0,0,nba_boxscorematchupsv3
1,2025-26,Playoffs,Western Conference Semifinals,2026_min_sas_api_20261005,0042500236,6,2026-05-15,1610612759,SAS,1641705,Victor Wembanyama,1610612750,MIN,1630545,Terrence Shannon Jr,35,4.4,6.3,5.5,11.1,2,7,0,0,1,0,0,0,0.0,0,0,0.0,2,2,0,0,0,0,0,nba_boxscorematchupsv3
1,2025-26,Playoffs,Western Conference Semifinals,2026_min_sas_api_20261005,0042500236,6,2026-05-15,1610612759,SAS,1628368,De'Aaron Fox,1610612750,MIN,201144,Mike Conley,66,6.9,14.799999999999999,12.5,22.2,0,9,1,0,0,0,0,2,0.0,0,0,0.0,0,0,0,0,0,0,0,nba_boxscorematchupsv3
1,2025-26,Playoffs,Western Conference Semifinals,2026_min_sas_api_20261005,0042500236,6,2026-05-15,1610612759,SAS,1628368,De'Aaron Fox,1610612750,MIN,1630245,Ayo Dosunmu,36,3.7,6.5,6.7,12.1,2,5,0,0,1,0,1,1,100.0,0,0,0.0,0,0,0,0,0,0,0,nba_boxscorematchupsv3
1,2025-26,Playoffs,Western Conference Semifinals,2026_min_sas_api_20261005,0042500236,6,2026-05-15,1610612759,SAS,1628368,De'Aaron Fox,1610612750,MIN,1630162,Anthony Edwards,110,10.7,13.100000000000001,20.7,24.099999999999998,2,9,1,0,0,0,0,1,0.0,0,0,0.0,2,2,0,0,0,0,0,nba_boxscorematchupsv3
1,2025-26,Playoffs,Western Conference Semifinals,2026_min_sas_api_20261005,0042500236,6,2026-05-15,1610612759,SAS,1628368,De'Aaron Fox,1610612750,MIN,203497,Rudy Gobert,29,3.7,5.800000000000001,5.4,7.199999999999999,0,5,2,0,0,0,0,0,0.0,0,0,0.0,0,0,0,0,0,0,0,nba_boxscorematchupsv3
1,2025-26,Playoffs,Western Conference Semifinals,2026_min_sas_api_20261005,0042500236,6,2026-05-15,1610612759,SAS,1628368,De'Aaron Fox,1610612750,MIN,1630183,Jaden McDaniels,216,18.2,39.6,40.699999999999996,56.599999999999994,8,32,3,0,0,0,3,3,100.0,2,2,100.0,0,0,0,0,0,0,0,nba_boxscorematchupsv3
1,2025-26,Playoffs,Western Conference Semifinals,2026_min_sas_api_20261005,0042500236,6,2026-05-15,1610612759,SAS,1628368,De'Aaron Fox,1610612750,MIN,203944,Julius Randle,20,1.7,3.5000000000000004,3.8,7.6,2,2,0,0,0,0,1,1,100.0,0,0,0.0,0,0,0,0,0,0,0,nba_boxscorematchupsv3
1,2025-26,Playoffs,Western Conference Semifinals,2026_min_sas_api_20261005,0042500236,6,2026-05-15,1610612759,SAS,1628368,De'Aaron Fox,1610612750,MIN,1629675,Naz Reid,36,4.2,4.8,6.9,9.700000000000001,4,6,0,0,0,0,2,2,100.0,0,0,0.0,0,0,0,0,0,0,0,nba_boxscorematchupsv3
1,2025-26,Playoffs,Western Conference Semifinals,2026_min_sas_api_20261005,0042500236,6,2026-05-15,1610612759,SAS,1628368,De'Aaron Fox,1610612750,MIN,1630545,Terrence Shannon Jr,21,5.0,3.8,3.9,10.9,3,7,1,0,0,0,1,1,100.0,1,1,100.0,0,0,0,0,0,0,0,nba_boxscorematchupsv3
1,2025-26,Playoffs,Western Conference Semifinals,2026_min_sas_api_20261005,0042500236,6,2026-05-15,1610612759,SAS,1642264,Stephon Castle,1610612750,MIN,201144,Mike Conley,44,5.5,9.9,6.2,19.6,2,7,1,0,1,0,1,1,100.0,0,0,0.0,0,0,0,0,0,0,0,nba_boxscorematchupsv3
1,2025-26,Playoffs,Western Conference Semifinals,2026_min_sas_api_20261005,0042500236,6,2026-05-15,1610612759,SAS,1642264,Stephon Castle,1610612750,MIN,1630245,Ayo Dosunmu,94,6.2,17.1,13.100000000000001,19.3,3,16,0,0,0,0,1,1,100.0,0,0,0.0,1,1,1,0,0,0,0,nba_boxscorematchupsv3
1,2025-26,Playoffs,Western Conference Semifinals,2026_min_sas_api_20261005,0042500236,6,2026-05-15,1610612759,SAS,1642264,Stephon Castle,1610612750,MIN,1630162,Anthony Edwards,69,8.2,8.200000000000001,9.6,10.100000000000001,10,15,0,0,0,0,4,4,100.0,1,1,100.0,1,1,1,0,0,0,0,nba_boxscorematchupsv3
1,2025-26,Playoffs,Western Conference Semifinals,2026_min_sas_api_20261005,0042500236,6,2026-05-15,1610612759,SAS,1642264,Stephon Castle,1610612750,MIN,203497,Rudy Gobert,129,10.2,26.3,18.0,43.3,6,15,2,0,0,0,2,4,50.0,2,3,66.7,0,0,0,0,0,0,0,nba_boxscorematchupsv3
1,2025-26,Playoffs,Western Conference Semifinals,2026_min_sas_api_20261005,0042500236,6,2026-05-15,1610612759,SAS,1642264,Stephon Castle,1610612750,MIN,1630183,Jaden McDaniels,39,3.4,7.199999999999999,5.5,10.9,2,5,0,0,0,0,1,2,50.0,0,1,0.0,0,0,0,0,0,0,0,nba_boxscorematchupsv3
1,2025-26,Playoffs,Western Conference Semifinals,2026_min_sas_api_20261005,0042500236,6,2026-05-15,1610612759,SAS,1642264,Stephon Castle,1610612750,MIN,203944,Julius Randle,112,10.2,19.7,15.5,20.1,5,13,1,0,0,0,2,3,66.7,1,1,100.0,0,0,0,0,0,0,0,nba_boxscorematchupsv3
1,2025-26,Playoffs,Western Conference Semifinals,2026_min_sas_api_20261005,0042500236,6,2026-05-15,1610612759,SAS,1642264,Stephon Castle,1610612750,MIN,1629675,Naz Reid,67,5.6,8.7,9.3,12.6,3,7,0,0,1,0,1,2,50.0,1,2,50.0,0,0,0,0,0,0,0,nba_boxscorematchupsv3
1,2025-26,Playoffs,Western Conference Semifinals,2026_min_sas_api_20261005,0042500236,6,2026-05-15,1610612759,SAS,1642264,Stephon Castle,1610612750,MIN,1630545,Terrence Shannon Jr,164,16.0,29.599999999999998,22.8,36.1,7,28,1,0,0,0,2,3,66.7,2,2,100.0,1,2,1,0,0,0,0,nba_boxscorematchupsv3
1,2025-26,Playoffs,Western Conference Semifinals,2026_min_sas_api_20261005,0042500236,6,2026-05-15,1610612759,SAS,1642844,Dylan Harper,1610612750,MIN,201144,Mike Conley,40,5.7,8.9,6.1,10.8,2,6,0,0,2,0,1,1,100.0,0,0,0.0,0,0,0,0,0,0,0,nba_boxscorematchupsv3
1,2025-26,Playoffs,Western Conference Semifinals,2026_min_sas_api_20261005,0042500236,6,2026-05-15,1610612759,SAS,1642844,Dylan Harper,1610612750,MIN,1630245,Ayo Dosunmu,119,9.4,21.6,18.099999999999998,37.2,0,11,0,0,0,0,0,0,0.0,0,0,0.0,0,0,0,0,0,0,0,nba_boxscorematchupsv3
1,2025-26,Playoffs,Western Conference Semifinals,2026_min_sas_api_20261005,0042500236,6,2026-05-15,1610612759,SAS,1642844,Dylan Harper,1610612750,MIN,1630162,Anthony Edwards,158,14.2,18.8,24.099999999999998,29.099999999999998,4,17,0,0,1,0,1,1,100.0,0,0,0.0,2,2,0,0,0,0,0,nba_boxscorematchupsv3
1,2025-26,Playoffs,Western Conference Semifinals,2026_min_sas_api_20261005,0042500236,6,2026-05-15,1610612759,SAS,1642844,Dylan Harper,1610612750,MIN,203497,Rudy Gobert,7,0.7,1.5,1.0999999999999999,2.5,0,3,0,0,0,0,0,0,0.0,0,0,0.0,0,0,0,0,0,0,0,nba_boxscorematchupsv3
1,2025-26,Playoffs,Western Conference Semifinals,2026_min_sas_api_20261005,0042500236,6,2026-05-15,1610612759,SAS,1642844,Dylan Harper,1610612750,MIN,1630183,Jaden McDaniels,102,8.5,18.8,15.6,29.299999999999997,4,12,1,0,0,0,2,2,100.0,0,0,0.0,0,0,0,0,0,0,0,nba_boxscorematchupsv3
1,2025-26,Playoffs,Western Conference Semifinals,2026_min_sas_api_20261005,0042500236,6,2026-05-15,1610612759,SAS,1642844,Dylan Harper,1610612750,MIN,203944,Julius Randle,36,2.7,6.4,5.5,11.4,2,7,0,0,0,0,1,1,100.0,0,0,0.0,0,0,0,0,0,0,0,nba_boxscorematchupsv3
1,2025-26,Playoffs,Western Conference Semifinals,2026_min_sas_api_20261005,0042500236,6,2026-05-15,1610612759,SAS,1642844,Dylan Harper,1610612750,MIN,1629675,Naz Reid,64,5.1,8.4,9.8,10.4,5,15,0,0,0,0,2,3,66.7,1,2,50.0,0,0,0,0,0,0,0,nba_boxscorematchupsv3
1,2025-26,Playoffs,Western Conference Semifinals,2026_min_sas_api_20261005,0042500236,6,2026-05-15,1610612759,SAS,1642844,Dylan Harper,1610612750,MIN,1630545,Terrence Shannon Jr,125,9.7,22.400000000000002,19.0,26.8,0,8,1,0,0,0,0,1,0.0,0,1,0.0,0,0,0,0,0,0,0,nba_boxscorematchupsv3
1,2025-26,Playoffs,Western Conference Semifinals,2026_min_sas_api_20261005,0042500236,6,2026-05-15,1610612759,SAS,1629640,Keldon Johnson,1610612750,MIN,201144,Mike Conley,7,0.7,1.6,3.2,3.9,0,0,0,0,0,0,0,0,0.0,0,0,0.0,0,0,0,0,0,0,0,nba_boxscorematchupsv3
1,2025-26,Playoffs,Western Conference Semifinals,2026_min_sas_api_20261005,0042500236,6,2026-05-15,1610612759,SAS,1629640,Keldon Johnson,1610612750,MIN,1630245,Ayo Dosunmu,10,1.3,1.7999999999999998,4.5,10.6,0,2,0,0,0,0,0,0,0.0,0,0,0.0,0,0,0,0,0,0,0,nba_boxscorematchupsv3
1,2025-26,Playoffs,Western Conference Semifinals,2026_min_sas_api_20261005,0042500236,6,2026-05-15,1610612759,SAS,1629640,Keldon Johnson,1610612750,MIN,1630162,Anthony Edwards,13,1.5,1.5,5.6000000000000005,8.5,0,4,1,0,0,0,0,0,0.0,0,0,0.0,0,0,0,0,0,0,0,nba_boxscorematchupsv3
1,2025-26,Playoffs,Western Conference Semifinals,2026_min_sas_api_20261005,0042500236,6,2026-05-15,1610612759,SAS,1629640,Keldon Johnson,1610612750,MIN,203497,Rudy Gobert,7,0.6,1.3,3.0,4.7,0,2,0,0,0,0,0,1,0.0,0,0,0.0,0,0,0,0,0,0,0,nba_boxscorematchupsv3
1,2025-26,Playoffs,Western Conference Semifinals,2026_min_sas_api_20261005,0042500236,6,2026-05-15,1610612759,SAS,1629640,Keldon Johnson,1610612750,MIN,203944,Julius Randle,10,1.2,1.7000000000000002,4.3999999999999995,12.1,0,3,1,0,0,0,0,0,0.0,0,0,0.0,0,0,0,0,0,0,0,nba_boxscorematchupsv3
1,2025-26,Playoffs,Western Conference Semifinals,2026_min_sas_api_20261005,0042500236,6,2026-05-15,1610612759,SAS,1629640,Keldon Johnson,1610612750,MIN,1629675,Naz Reid,140,12.6,18.3,62.6,62.6,0,9,0,0,0,0,0,2,0.0,0,0,0.0,0,0,0,0,0,0,0,nba_boxscorematchupsv3
1,2025-26,Playoffs,Western Conference Semifinals,2026_min_sas_api_20261005,0042500236,6,2026-05-15,1610612759,SAS,1629640,Keldon Johnson,1610612750,MIN,1630545,Terrence Shannon Jr,31,2.8,5.6000000000000005,13.900000000000002,21.2,0,8,0,0,0,0,0,1,0.0,0,0,0.0,0,0,0,0,0,0,0,nba_boxscorematchupsv3
1,2025-26,Playoffs,Western Conference Semifinals,2026_min_sas_api_20261005,0042500236,6,2026-05-15,1610612759,SAS,1628436,Luke Kornet,1610612750,MIN,203937,Kyle Anderson,4,0.3,1.7999999999999998,1.0999999999999999,9.2,0,0,0,0,0,0,0,0,0.0,0,0,0.0,0,0,0,0,0,0,0,nba_boxscorematchupsv3
1,2025-26,Playoffs,Western Conference Semifinals,2026_min_sas_api_20261005,0042500236,6,2026-05-15,1610612759,SAS,1628436,Luke Kornet,1610612750,MIN,1642866,Joan Beringer,23,1.4,10.7,6.4,55.300000000000004,0,2,0,0,0,0,0,0,0.0,0,0,0.0,0,0,0,0,0,0,0,nba_boxscorematchupsv3
1,2025-26,Playoffs,Western Conference Semifinals,2026_min_sas_api_20261005,0042500236,6,2026-05-15,1610612759,SAS,1628436,Luke Kornet,1610612750,MIN,1641740,Jaylen Clark,8,1.0,4.0,2.4,20.599999999999998,0,0,0,0,0,0,0,0,0.0,0,0,0.0,0,0,0,0,0,0,0,nba_boxscorematchupsv3
1,2025-26,Playoffs,Western Conference Semifinals,2026_min_sas_api_20261005,0042500236,6,2026-05-15,1610612759,SAS,1628436,Luke Kornet,1610612750,MIN,201144,Mike Conley,11,1.3,2.3,2.9000000000000004,3.8,0,0,0,0,0,0,0,0,0.0,0,0,0.0,0,0,0,0,0,0,0,nba_boxscorematchupsv3
1,2025-26,Playoffs,Western Conference Semifinals,2026_min_sas_api_20261005,0042500236,6,2026-05-15,1610612759,SAS,1628436,Luke Kornet,1610612750,MIN,1630245,Ayo Dosunmu,6,1.1,1.2,1.7999999999999998,12.3,0,3,0,0,0,0,0,0,0.0,0,0,0.0,0,0,0,0,0,0,0,nba_boxscorematchupsv3
1,2025-26,Playoffs,Western Conference Semifinals,2026_min_sas_api_20261005,0042500236,6,2026-05-15,1610612759,SAS,1628436,Luke Kornet,1610612750,MIN,1630162,Anthony Edwards,19,1.9,2.1999999999999997,5.2,6.6000000000000005,2,7,0,0,0,0,1,1,100.0,0,0,0.0,0,0,0,0,0,0,0,nba_boxscorematchupsv3
1,2025-26,Playoffs,Western Conference Semifinals,2026_min_sas_api_20261005,0042500236,6,2026-05-15,1610612759,SAS,1628436,Luke Kornet,1610612750,MIN,203497,Rudy Gobert,134,11.2,27.3,37.5,79.10000000000001,0,6,0,0,0,0,0,0,0.0,0,0,0.0,0,0,0,0,0,0,0,nba_boxscorematchupsv3
1,2025-26,Playoffs,Western Conference Semifinals,2026_min_sas_api_20261005,0042500236,6,2026-05-15,1610612759,SAS,1628436,Luke Kornet,1610612750,MIN,1630538,Bones Hyland,6,0.4,2.9000000000000004,1.7000000000000002,15.0,0,0,0,0,1,0,0,0,0.0,0,0,0.0,0,0,0,0,0,0,0,nba_boxscorematchupsv3
1,2025-26,Playoffs,Western Conference Semifinals,2026_min_sas_api_20261005,0042500236,6,2026-05-15,1610612759,SAS,1628436,Luke Kornet,1610612750,MIN,1630183,Jaden McDaniels,31,3.5,5.7,8.7,17.5,0,6,0,0,0,0,0,0,0.0,0,0,0.0,0,0,0,0,0,0,0,nba_boxscorematchupsv3
1,2025-26,Playoffs,Western Conference Semifinals,2026_min_sas_api_20261005,0042500236,6,2026-05-15,1610612759,SAS,1628436,Luke Kornet,1610612750,MIN,1641763,Julian Phillips,5,0.4,2.4,1.4000000000000001,12.5,0,0,0,0,0,0,0,0,0.0,0,0,0.0,0,0,0,0,0,0,0,nba_boxscorematchupsv3
1,2025-26,Playoffs,Western Conference Semifinals,2026_min_sas_api_20261005,0042500236,6,2026-05-15,1610612759,SAS,1628436,Luke Kornet,1610612750,MIN,203944,Julius Randle,38,3.0,6.7,10.7,53.1,0,2,0,0,0,0,0,0,0.0,0,0,0.0,0,0,0,0,0,0,0,nba_boxscorematchupsv3
1,2025-26,Playoffs,Western Conference Semifinals,2026_min_sas_api_20261005,0042500236,6,2026-05-15,1610612759,SAS,1628436,Luke Kornet,1610612750,MIN,1629675,Naz Reid,60,4.9,7.8,16.7,18.9,2,14,1,0,0,0,1,2,50.0,0,0,0.0,0,0,0,0,0,0,0,nba_boxscorematchupsv3
1,2025-26,Playoffs,Western Conference Semifinals,2026_min_sas_api_20261005,0042500236,6,2026-05-15,1610612759,SAS,1628436,Luke Kornet,1610612750,MIN,1630545,Terrence Shannon Jr,31,2.7,5.5,8.5,12.9,0,2,0,0,0,0,0,0,0.0,0,0,0.0,0,0,0,0,0,0,0,nba_boxscorematchupsv3
1,2025-26,Playoffs,Western Conference Semifinals,2026_min_sas_api_20261005,0042500236,6,2026-05-15,1610612759,SAS,1642868,Carter Bryant,1610612750,MIN,201144,Mike Conley,5,0.5,1.2,1.9,2.3,0,0,0,0,0,0,0,1,0.0,0,1,0.0,0,0,0,0,0,0,0,nba_boxscorematchupsv3
1,2025-26,Playoffs,Western Conference Semifinals,2026_min_sas_api_20261005,0042500236,6,2026-05-15,1610612759,SAS,1642868,Carter Bryant,1610612750,MIN,1630245,Ayo Dosunmu,14,1.6,2.6,4.9,21.9,1,3,0,0,0,0,0,0,0.0,0,0,0.0,1,2,1,0,0,0,0,nba_boxscorematchupsv3
1,2025-26,Playoffs,Western Conference Semifinals,2026_min_sas_api_20261005,0042500236,6,2026-05-15,1610612759,SAS,1642868,Carter Bryant,1610612750,MIN,1630162,Anthony Edwards,94,11.1,11.200000000000001,32.7,32.7,0,12,1,0,0,0,0,1,0.0,0,0,0.0,0,0,0,0,0,0,0,nba_boxscorematchupsv3
1,2025-26,Playoffs,Western Conference Semifinals,2026_min_sas_api_20261005,0042500236,6,2026-05-15,1610612759,SAS,1642868,Carter Bryant,1610612750,MIN,203497,Rudy Gobert,1,0.2,0.3,0.5,0.8999999999999999,0,0,0,0,0,0,0,0,0.0,0,0,0.0,0,0,0,0,0,0,0,nba_boxscorematchupsv3
1,2025-26,Playoffs,Western Conference Semifinals,2026_min_sas_api_20261005,0042500236,6,2026-05-15,1610612759,SAS,1642868,Carter Bryant,1610612750,MIN,1630183,Jaden McDaniels,7,0.7,1.3,2.4,3.5000000000000004,0,0,0,0,0,0,0,0,0.0,0,0,0.0,0,0,0,0,0,0,0,nba_boxscorematchupsv3
1,2025-26,Playoffs,Western Conference Semifinals,2026_min_sas_api_20261005,0042500236,6,2026-05-15,1610612759,SAS,1642868,Carter Bryant,1610612750,MIN,203944,Julius Randle,15,1.3,2.7,5.3,20.5,0,3,0,0,0,0,0,0,0.0,0,0,0.0,0,0,0,0,0,0,0,nba_boxscorematchupsv3
1,2025-26,Playoffs,Western Conference Semifinals,2026_min_sas_api_20261005,0042500236,6,2026-05-15,1610612759,SAS,1642868,Carter Bryant,1610612750,MIN,1629675,Naz Reid,116,11.1,15.2,40.300000000000004,44.5,0,16,0,0,0,0,0,0,0.0,0,0,0.0,0,0,0,0,0,0,0,nba_boxscorematchupsv3
1,2025-26,Playoffs,Western Conference Semifinals,2026_min_sas_api_20261005,0042500236,6,2026-05-15,1610612759,SAS,1642868,Carter Bryant,1610612750,MIN,1630545,Terrence Shannon Jr,20,1.6,3.5999999999999996,7.000000000000001,12.5,0,8,0,0,0,0,0,0,0.0,0,0,0.0,0,0,0,0,0,0,0,nba_boxscorematchupsv3
1,2025-26,Playoffs,Western Conference Semifinals,2026_min_sas_api_20261005,0042500236,6,2026-05-15,1610612759,SAS,203084,Harrison Barnes,1610612750,MIN,1641740,Jaylen Clark,15,1.0,6.9,7.000000000000001,19.400000000000002,0,2,0,0,0,0,0,0,0.0,0,0,0.0,0,0,0,0,0,0,0,nba_boxscorematchupsv3
1,2025-26,Playoffs,Western Conference Semifinals,2026_min_sas_api_20261005,0042500236,6,2026-05-15,1610612759,SAS,203084,Harrison Barnes,1610612750,MIN,1630245,Ayo Dosunmu,22,1.0,3.9,10.2,16.0,0,6,2,0,0,0,0,0,0.0,0,0,0.0,0,0,0,0,0,0,0,nba_boxscorematchupsv3
1,2025-26,Playoffs,Western Conference Semifinals,2026_min_sas_api_20261005,0042500236,6,2026-05-15,1610612759,SAS,203084,Harrison Barnes,1610612750,MIN,1630162,Anthony Edwards,6,0.4,0.7000000000000001,2.7,5.800000000000001,0,0,0,0,0,0,0,0,0.0,0,0,0.0,0,0,0,0,0,0,0,nba_boxscorematchupsv3
1,2025-26,Playoffs,Western Conference Semifinals,2026_min_sas_api_20261005,0042500236,6,2026-05-15,1610612759,SAS,203084,Harrison Barnes,1610612750,MIN,1630538,Bones Hyland,27,1.6,12.5,12.6,35.0,0,2,0,0,0,0,0,0,0.0,0,0,0.0,0,0,0,0,0,0,0,nba_boxscorematchupsv3
1,2025-26,Playoffs,Western Conference Semifinals,2026_min_sas_api_20261005,0042500236,6,2026-05-15,1610612759,SAS,203084,Harrison Barnes,1610612750,MIN,1641763,Julian Phillips,30,2.1,14.000000000000002,14.099999999999998,39.300000000000004,0,0,0,0,0,0,0,0,0.0,0,0,0.0,0,0,0,0,0,0,0,nba_boxscorematchupsv3
1,2025-26,Playoffs,Western Conference Semifinals,2026_min_sas_api_20261005,0042500236,6,2026-05-15,1610612759,SAS,203084,Harrison Barnes,1610612750,MIN,203944,Julius Randle,7,0.2,1.2,3.2,5.1,0,0,0,0,0,0,0,0,0.0,0,0,0.0,0,0,0,0,0,0,0,nba_boxscorematchupsv3
1,2025-26,Playoffs,Western Conference Semifinals,2026_min_sas_api_20261005,0042500236,6,2026-05-15,1610612759,SAS,203084,Harrison Barnes,1610612750,MIN,1629675,Naz Reid,107,7.1,14.000000000000002,50.8,79.3,3,12,0,0,0,0,1,3,33.300000000000004,1,3,33.300000000000004,0,0,0,0,0,0,0,nba_boxscorematchupsv3
1,2025-26,Playoffs,Western Conference Semifinals,2026_min_sas_api_20261005,0042500236,6,2026-05-15,1610612759,SAS,203084,Harrison Barnes,1610612750,MIN,1630545,Terrence Shannon Jr,2,0.2,0.3,0.8,1.3,0,0,0,0,0,0,0,0,0.0,0,0,0.0,0,0,0,0,0,0,0,nba_boxscorematchupsv3
1,2025-26,Playoffs,Western Conference Semifinals,2026_min_sas_api_20261005,0042500236,6,2026-05-15,1610612759,SAS,1629162,Jordan McLaughlin,1610612750,MIN,203937,Kyle Anderson,3,0.2,1.6,1.6,1.6,0,0,0,0,0,0,0,0,0.0,0,0,0.0,0,0,0,0,0,0,0,nba_boxscorematchupsv3
1,2025-26,Playoffs,Western Conference Semifinals,2026_min_sas_api_20261005,0042500236,6,2026-05-15,1610612759,SAS,1629162,Jordan McLaughlin,1610612750,MIN,1642866,Joan Beringer,19,1.0,9.1,9.1,9.1,2,2,0,0,0,0,1,1,100.0,0,0,0.0,0,0,0,0,0,0,0,nba_boxscorematchupsv3
1,2025-26,Playoffs,Western Conference Semifinals,2026_min_sas_api_20261005,0042500236,6,2026-05-15,1610612759,SAS,1629162,Jordan McLaughlin,1610612750,MIN,1641740,Jaylen Clark,68,5.2,31.900000000000002,31.900000000000002,31.900000000000002,0,7,0,0,0,0,0,0,0.0,0,0,0.0,0,0,0,0,0,0,0,nba_boxscorematchupsv3
1,2025-26,Playoffs,Western Conference Semifinals,2026_min_sas_api_20261005,0042500236,6,2026-05-15,1610612759,SAS,1629162,Jordan McLaughlin,1610612750,MIN,1630538,Bones Hyland,82,5.7,38.5,38.5,38.5,0,0,0,0,0,0,0,0,0.0,0,0,0.0,0,0,0,0,0,0,0,nba_boxscorematchupsv3
1,2025-26,Playoffs,Western Conference Semifinals,2026_min_sas_api_20261005,0042500236,6,2026-05-15,1610612759,SAS,1629162,Jordan McLaughlin,1610612750,MIN,1641763,Julian Phillips,34,2.7,16.2,16.2,16.2,0,2,1,0,0,0,0,0,0.0,0,0,0.0,0,0,0,0,0,0,0,nba_boxscorematchupsv3
1,2025-26,Playoffs,Western Conference Semifinals,2026_min_sas_api_20261005,0042500236,6,2026-05-15,1610612759,SAS,1630322,Lindy Waters III,1610612750,MIN,203937,Kyle Anderson,12,0.7,5.800000000000001,5.800000000000001,5.800000000000001,0,0,0,0,0,0,0,2,0.0,0,1,0.0,0,0,0,0,0,0,0,nba_boxscorematchupsv3
1,2025-26,Playoffs,Western Conference Semifinals,2026_min_sas_api_20261005,0042500236,6,2026-05-15,1610612759,SAS,1630322,Lindy Waters III,1610612750,MIN,1642866,Joan Beringer,12,1.3,5.800000000000001,5.800000000000001,5.800000000000001,0,0,0,0,0,0,0,0,0.0,0,0,0.0,0,0,0,0,0,0,0,nba_boxscorematchupsv3
1,2025-26,Playoffs,Western Conference Semifinals,2026_min_sas_api_20261005,0042500236,6,2026-05-15,1610612759,SAS,1630322,Lindy Waters III,1610612750,MIN,1641740,Jaylen Clark,89,6.2,41.8,41.8,41.8,0,0,0,0,0,0,0,0,0.0,0,0,0.0,0,0,0,0,0,0,0,nba_boxscorematchupsv3
1,2025-26,Playoffs,Western Conference Semifinals,2026_min_sas_api_20261005,0042500236,6,2026-05-15,1610612759,SAS,1630322,Lindy Waters III,1610612750,MIN,1630538,Bones Hyland,61,4.9,28.7,28.7,28.7,0,7,0,0,0,0,0,0,0.0,0,0,0.0,0,0,0,0,0,0,0,nba_boxscorematchupsv3
1,2025-26,Playoffs,Western Conference Semifinals,2026_min_sas_api_20261005,0042500236,6,2026-05-15,1610612759,SAS,1630322,Lindy Waters III,1610612750,MIN,1641763,Julian Phillips,34,1.8,15.9,15.9,15.9,2,2,1,0,0,0,1,2,50.0,0,0,0.0,0,0,0,0,0,0,0,nba_boxscorematchupsv3
1,2025-26,Playoffs,Western Conference Semifinals,2026_min_sas_api_20261005,0042500236,6,2026-05-15,1610612759,SAS,203482,Kelly Olynyk,1610612750,MIN,203937,Kyle Anderson,140,10.7,66.0,66.0,66.0,3,9,1,0,1,0,1,3,33.300000000000004,1,2,50.0,0,0,0,0,0,0,0,nba_boxscorematchupsv3
1,2025-26,Playoffs,Western Conference Semifinals,2026_min_sas_api_20261005,0042500236,6,2026-05-15,1610612759,SAS,203482,Kelly Olynyk,1610612750,MIN,1642866,Joan Beringer,16,1.4,7.7,7.7,7.7,3,3,0,0,0,0,1,1,100.0,1,1,100.0,0,0,0,0,0,0,0,nba_boxscorematchupsv3
1,2025-26,Playoffs,Western Conference Semifinals,2026_min_sas_api_20261005,0042500236,6,2026-05-15,1610612759,SAS,203482,Kelly Olynyk,1610612750,MIN,1641740,Jaylen Clark,24,1.2,11.3,11.3,11.3,0,2,0,0,0,0,0,0,0.0,0,0,0.0,0,0,0,0,0,0,0,nba_boxscorematchupsv3
1,2025-26,Playoffs,Western Conference Semifinals,2026_min_sas_api_20261005,0042500236,6,2026-05-15,1610612759,SAS,203482,Kelly Olynyk,1610612750,MIN,1630538,Bones Hyland,15,0.6,7.1,7.1,7.1,0,0,0,0,0,0,0,1,0.0,0,0,0.0,0,0,0,0,0,0,0,nba_boxscorematchupsv3
1,2025-26,Playoffs,Western Conference Semifinals,2026_min_sas_api_20261005,0042500236,6,2026-05-15,1610612759,SAS,203482,Kelly Olynyk,1610612750,MIN,1641763,Julian Phillips,14,0.9,6.5,6.5,6.5,0,0,0,0,0,0,0,0,0.0,0,0,0.0,0,0,0,0,0,0,0,nba_boxscorematchupsv3
1,2025-26,Playoffs,Western Conference Semifinals,2026_min_sas_api_20261005,0042500236,6,2026-05-15,1610612759,SAS,202687,Bismack Biyombo,1610612750,MIN,203937,Kyle Anderson,39,2.1,18.2,22.6,22.6,0,5,0,0,0,0,0,1,0.0,0,0,0.0,0,0,0,0,0,0,0,nba_boxscorematchupsv3
1,2025-26,Playoffs,Western Conference Semifinals,2026_min_sas_api_20261005,0042500236,6,2026-05-15,1610612759,SAS,202687,Bismack Biyombo,1610612750,MIN,1642866,Joan Beringer,121,8.7,56.89999999999999,70.6,70.6,2,7,0,0,0,0,1,2,50.0,0,0,0.0,0,0,0,0,0,0,0,nba_boxscorematchupsv3
1,2025-26,Playoffs,Western Conference Semifinals,2026_min_sas_api_20261005,0042500236,6,2026-05-15,1610612759,SAS,202687,Bismack Biyombo,1610612750,MIN,1641740,Jaylen Clark,9,0.5,4.1000000000000005,5.1,5.1,0,0,0,0,1,0,0,0,0.0,0,0,0.0,0,0,0,0,0,0,0,nba_boxscorematchupsv3
1,2025-26,Playoffs,Western Conference Semifinals,2026_min_sas_api_20261005,0042500236,6,2026-05-15,1610612759,SAS,202687,Bismack Biyombo,1610612750,MIN,1630538,Bones Hyland,5,0.4,2.5,3.1,3.1,0,0,0,0,0,0,0,0,0.0,0,0,0.0,0,0,0,0,0,0,0,nba_boxscorematchupsv3
1,2025-26,Playoffs,Western Conference Semifinals,2026_min_sas_api_20261005,0042500236,6,2026-05-15,1610612759,SAS,202687,Bismack Biyombo,1610612750,MIN,1641763,Julian Phillips,9,1.2,4.3999999999999995,5.4,5.4,0,0,0,0,0,0,0,0,0.0,0,0,0.0,0,0,0,0,0,0,0,nba_boxscorematchupsv3
1,2025-26,Playoffs,Western Conference Semifinals,2026_min_sas_api_20261005,0042500236,6,2026-05-15,1610612759,SAS,203486,Mason Plumlee,1610612750,MIN,203937,Kyle Anderson,14,0.9,6.6000000000000005,10.299999999999999,10.299999999999999,0,0,0,0,0,0,0,1,0.0,0,0,0.0,0,0,0,0,0,0,0,nba_boxscorematchupsv3
1,2025-26,Playoffs,Western Conference Semifinals,2026_min_sas_api_20261005,0042500236,6,2026-05-15,1610612759,SAS,203486,Mason Plumlee,1610612750,MIN,1642866,Joan Beringer,21,1.2,9.8,15.299999999999999,15.299999999999999,0,0,0,0,0,1,0,1,0.0,0,0,0.0,0,0,0,0,0,0,0,nba_boxscorematchupsv3
1,2025-26,Playoffs,Western Conference Semifinals,2026_min_sas_api_20261005,0042500236,6,2026-05-15,1610612759,SAS,203486,Mason Plumlee,1610612750,MIN,1630538,Bones Hyland,17,1.5,7.8,12.1,12.1,2,2,0,0,0,0,1,1,100.0,0,0,0.0,0,0,0,0,0,0,0,nba_boxscorematchupsv3
1,2025-26,Playoffs,Western Conference Semifinals,2026_min_sas_api_20261005,0042500236,6,2026-05-15,1610612759,SAS,203486,Mason Plumlee,1610612750,MIN,1641763,Julian Phillips,86,6.1,40.6,63.0,63.0,2,7,0,0,1,0,1,1,100.0,0,0,0.0,0,0,0,0,0,0,0,nba_boxscorematchupsv3
