schema_version,season,season_type,playoff_round,series_id,game_id,game_number,game_date,off_team_id,off_team,off_player_id,off_player,def_team_id,def_team,def_player_id,def_player,matchup_seconds,partial_possessions,def_time_percent,off_time_percent,both_on_percent,player_points,team_points,ast,potential_ast,tov,blk,fgm,fga,fg_pct,three_pm,three_pa,three_pct,ftm,fta,shooting_fouls,switches_on,help_blk,help_fgm,help_fga,data_source
1,2025-26,Playoffs,Western Conference Finals,2026_okc_sas_api_20261005,0042500311,1,2026-05-18,1610612760,OKC,1631114,Jalen Williams,1610612759,SAS,203084,Harrison Barnes,17,1.5,14.099999999999998,2.1,14.099999999999998,0,3,0,0,0,0,0,0,0.0,0,0,0.0,0,0,0,0,0,0,0,nba_boxscorematchupsv3
1,2025-26,Playoffs,Western Conference Finals,2026_okc_sas_api_20261005,0042500311,1,2026-05-18,1610612760,OKC,1631114,Jalen Williams,1610612759,SAS,1642868,Carter Bryant,46,3.5,14.399999999999999,5.7,55.7,2,4,0,0,0,0,1,2,50.0,0,0,0.0,0,0,0,0,0,0,0,nba_boxscorematchupsv3
1,2025-26,Playoffs,Western Conference Finals,2026_okc_sas_api_20261005,0042500311,1,2026-05-18,1610612760,OKC,1631114,Jalen Williams,1610612759,SAS,1642264,Stephon Castle,90,7.6,8.6,11.200000000000001,12.5,4,6,0,0,0,0,2,4,50.0,0,1,0.0,0,0,0,0,0,0,0,nba_boxscorematchupsv3
1,2025-26,Playoffs,Western Conference Finals,2026_okc_sas_api_20261005,0042500311,1,2026-05-18,1610612760,OKC,1631114,Jalen Williams,1610612759,SAS,1630577,Julian Champagnie,75,9.1,7.8,9.2,12.0,4,18,1,0,0,1,2,3,66.7,0,0,0.0,0,0,0,0,0,0,0,nba_boxscorematchupsv3
1,2025-26,Playoffs,Western Conference Finals,2026_okc_sas_api_20261005,0042500311,1,2026-05-18,1610612760,OKC,1631114,Jalen Williams,1610612759,SAS,1642844,Dylan Harper,263,23.0,25.5,32.5,35.3,7,21,2,0,2,0,3,5,60.0,1,1,100.0,0,0,0,0,0,0,0,nba_boxscorematchupsv3
1,2025-26,Playoffs,Western Conference Finals,2026_okc_sas_api_20261005,0042500311,1,2026-05-18,1610612760,OKC,1631114,Jalen Williams,1610612759,SAS,1629640,Keldon Johnson,24,1.9,4.9,3.0,17.9,2,2,0,0,0,0,0,1,0.0,0,1,0.0,2,2,1,0,0,0,0,nba_boxscorematchupsv3
1,2025-26,Playoffs,Western Conference Finals,2026_okc_sas_api_20261005,0042500311,1,2026-05-18,1610612760,OKC,1631114,Jalen Williams,1610612759,SAS,1628436,Luke Kornet,17,3.3,8.7,2.1,12.4,2,6,0,0,0,0,1,2,50.0,0,0,0.0,0,0,0,0,0,0,0,nba_boxscorematchupsv3
1,2025-26,Playoffs,Western Conference Finals,2026_okc_sas_api_20261005,0042500311,1,2026-05-18,1610612760,OKC,1631114,Jalen Williams,1610612759,SAS,1630170,Devin Vassell,147,16.3,13.3,18.099999999999998,18.099999999999998,4,16,0,0,0,1,2,6,33.300000000000004,0,0,0.0,0,0,0,0,0,0,0,nba_boxscorematchupsv3
1,2025-26,Playoffs,Western Conference Finals,2026_okc_sas_api_20261005,0042500311,1,2026-05-18,1610612760,OKC,1631114,Jalen Williams,1610612759,SAS,1641705,Victor Wembanyama,99,6.1,9.2,12.2,14.799999999999999,0,10,0,0,0,1,0,3,0.0,0,0,0.0,0,0,0,0,0,0,0,nba_boxscorematchupsv3
1,2025-26,Playoffs,Western Conference Finals,2026_okc_sas_api_20261005,0042500311,1,2026-05-18,1610612760,OKC,1631096,Chet Holmgren,1610612759,SAS,203084,Harrison Barnes,17,1.8,13.8,1.9,58.5,0,0,0,0,0,0,0,0,0.0,0,0,0.0,0,0,0,0,0,0,0,nba_boxscorematchupsv3
1,2025-26,Playoffs,Western Conference Finals,2026_okc_sas_api_20261005,0042500311,1,2026-05-18,1610612760,OKC,1631096,Chet Holmgren,1610612759,SAS,1642868,Carter Bryant,5,0.6,1.4000000000000001,0.5,3.3000000000000003,0,0,0,0,0,0,0,0,0.0,0,0,0.0,0,0,0,0,0,0,0,nba_boxscorematchupsv3
1,2025-26,Playoffs,Western Conference Finals,2026_okc_sas_api_20261005,0042500311,1,2026-05-18,1610612760,OKC,1631096,Chet Holmgren,1610612759,SAS,1642264,Stephon Castle,119,11.2,11.3,13.5,14.2,0,11,0,0,1,0,0,2,0.0,0,1,0.0,0,0,0,0,0,0,0,nba_boxscorematchupsv3
1,2025-26,Playoffs,Western Conference Finals,2026_okc_sas_api_20261005,0042500311,1,2026-05-18,1610612760,OKC,1631096,Chet Holmgren,1610612759,SAS,1630577,Julian Champagnie,139,11.9,14.6,15.8,18.5,0,11,0,0,0,1,0,1,0.0,0,1,0.0,0,0,0,0,0,0,0,nba_boxscorematchupsv3
1,2025-26,Playoffs,Western Conference Finals,2026_okc_sas_api_20261005,0042500311,1,2026-05-18,1610612760,OKC,1631096,Chet Holmgren,1610612759,SAS,1642844,Dylan Harper,95,7.5,9.2,10.8,13.8,0,6,0,0,0,0,0,0,0.0,0,0,0.0,0,0,0,0,0,0,0,nba_boxscorematchupsv3
1,2025-26,Playoffs,Western Conference Finals,2026_okc_sas_api_20261005,0042500311,1,2026-05-18,1610612760,OKC,1631096,Chet Holmgren,1610612759,SAS,1629640,Keldon Johnson,122,10.1,24.4,13.8,58.099999999999994,0,12,0,0,0,0,0,0,0.0,0,0,0.0,0,0,0,0,0,0,0,nba_boxscorematchupsv3
1,2025-26,Playoffs,Western Conference Finals,2026_okc_sas_api_20261005,0042500311,1,2026-05-18,1610612760,OKC,1631096,Chet Holmgren,1610612759,SAS,1628436,Luke Kornet,3,0.3,1.4000000000000001,0.3,5.2,0,0,0,0,0,0,0,0,0.0,0,0,0.0,0,0,0,0,0,0,0,nba_boxscorematchupsv3
1,2025-26,Playoffs,Western Conference Finals,2026_okc_sas_api_20261005,0042500311,1,2026-05-18,1610612760,OKC,1631096,Chet Holmgren,1610612759,SAS,1630170,Devin Vassell,276,24.0,25.0,31.2,31.8,3,27,0,0,0,1,1,3,33.300000000000004,1,1,100.0,0,0,0,0,0,0,0,nba_boxscorematchupsv3
1,2025-26,Playoffs,Western Conference Finals,2026_okc_sas_api_20261005,0042500311,1,2026-05-18,1610612760,OKC,1631096,Chet Holmgren,1610612759,SAS,1641705,Victor Wembanyama,161,15.9,15.0,18.2,19.400000000000002,3,20,0,0,0,0,1,2,50.0,1,1,100.0,0,0,0,0,0,0,0,nba_boxscorematchupsv3
1,2025-26,Playoffs,Western Conference Finals,2026_okc_sas_api_20261005,0042500311,1,2026-05-18,1610612760,OKC,1628392,Isaiah Hartenstein,1610612759,SAS,203084,Harrison Barnes,5,0.5,4.3,2.0,6.6000000000000005,0,2,0,0,0,0,0,0,0.0,0,0,0.0,0,0,0,0,0,0,0,nba_boxscorematchupsv3
1,2025-26,Playoffs,Western Conference Finals,2026_okc_sas_api_20261005,0042500311,1,2026-05-18,1610612760,OKC,1628392,Isaiah Hartenstein,1610612759,SAS,1642868,Carter Bryant,4,0.4,1.2,1.5,4.1000000000000005,0,0,0,0,0,0,0,0,0.0,0,0,0.0,0,0,0,0,0,0,0,nba_boxscorematchupsv3
1,2025-26,Playoffs,Western Conference Finals,2026_okc_sas_api_20261005,0042500311,1,2026-05-18,1610612760,OKC,1628392,Isaiah Hartenstein,1610612759,SAS,1642264,Stephon Castle,34,5.3,3.2,13.100000000000001,16.7,0,6,0,0,1,0,0,0,0.0,0,0,0.0,0,0,0,0,0,0,0,nba_boxscorematchupsv3
1,2025-26,Playoffs,Western Conference Finals,2026_okc_sas_api_20261005,0042500311,1,2026-05-18,1610612760,OKC,1628392,Isaiah Hartenstein,1610612759,SAS,1630577,Julian Champagnie,5,0.5,0.5,1.7999999999999998,3.0,0,0,0,0,0,0,0,0,0.0,0,0,0.0,0,0,0,0,0,0,0,nba_boxscorematchupsv3
1,2025-26,Playoffs,Western Conference Finals,2026_okc_sas_api_20261005,0042500311,1,2026-05-18,1610612760,OKC,1628392,Isaiah Hartenstein,1610612759,SAS,1642844,Dylan Harper,11,1.9,1.0,4.1000000000000005,5.5,0,4,0,0,0,0,0,0,0.0,0,0,0.0,0,0,0,0,0,0,0,nba_boxscorematchupsv3
1,2025-26,Playoffs,Western Conference Finals,2026_okc_sas_api_20261005,0042500311,1,2026-05-18,1610612760,OKC,1628392,Isaiah Hartenstein,1610612759,SAS,1629640,Keldon Johnson,6,0.5,1.2,2.3,5.3,0,0,0,0,0,0,0,0,0.0,0,0,0.0,0,0,0,0,0,0,0,nba_boxscorematchupsv3
1,2025-26,Playoffs,Western Conference Finals,2026_okc_sas_api_20261005,0042500311,1,2026-05-18,1610612760,OKC,1628392,Isaiah Hartenstein,1610612759,SAS,1628436,Luke Kornet,154,12.9,77.3,59.599999999999994,77.3,0,13,2,0,0,0,0,0,0.0,0,0,0.0,0,0,0,0,0,0,0,nba_boxscorematchupsv3
1,2025-26,Playoffs,Western Conference Finals,2026_okc_sas_api_20261005,0042500311,1,2026-05-18,1610612760,OKC,1628392,Isaiah Hartenstein,1610612759,SAS,1630170,Devin Vassell,8,1.0,0.7000000000000001,3.1,4.1000000000000005,0,2,0,0,0,0,0,0,0.0,0,0,0.0,0,0,0,0,0,0,0,nba_boxscorematchupsv3
1,2025-26,Playoffs,Western Conference Finals,2026_okc_sas_api_20261005,0042500311,1,2026-05-18,1610612760,OKC,1628392,Isaiah Hartenstein,1610612759,SAS,1641705,Victor Wembanyama,41,3.6,3.8,15.9,69.69999999999999,0,0,0,0,0,0,0,1,0.0,0,0,0.0,0,0,0,0,0,0,0,nba_boxscorematchupsv3
1,2025-26,Playoffs,Western Conference Finals,2026_okc_sas_api_20261005,0042500311,1,2026-05-18,1610612760,OKC,1629652,Luguentz Dort,1610612759,SAS,1642264,Stephon Castle,73,4.2,7.000000000000001,13.600000000000001,14.6,0,0,0,0,0,0,0,1,0.0,0,1,0.0,0,0,0,0,0,0,0,nba_boxscorematchupsv3
1,2025-26,Playoffs,Western Conference Finals,2026_okc_sas_api_20261005,0042500311,1,2026-05-18,1610612760,OKC,1629652,Luguentz Dort,1610612759,SAS,1630577,Julian Champagnie,201,17.8,21.0,37.1,44.9,0,12,0,0,0,0,0,0,0.0,0,0,0.0,0,0,0,0,0,0,0,nba_boxscorematchupsv3
1,2025-26,Playoffs,Western Conference Finals,2026_okc_sas_api_20261005,0042500311,1,2026-05-18,1610612760,OKC,1629652,Luguentz Dort,1610612759,SAS,1642844,Dylan Harper,25,2.9,2.4,4.6,6.1,3,9,0,0,0,0,1,2,50.0,1,2,50.0,0,0,0,0,0,0,0,nba_boxscorematchupsv3
1,2025-26,Playoffs,Western Conference Finals,2026_okc_sas_api_20261005,0042500311,1,2026-05-18,1610612760,OKC,1629652,Luguentz Dort,1610612759,SAS,1629640,Keldon Johnson,77,5.7,15.4,14.2,38.3,2,6,0,0,0,0,1,3,33.300000000000004,0,2,0.0,0,0,0,0,0,0,0,nba_boxscorematchupsv3
1,2025-26,Playoffs,Western Conference Finals,2026_okc_sas_api_20261005,0042500311,1,2026-05-18,1610612760,OKC,1629652,Luguentz Dort,1610612759,SAS,1628436,Luke Kornet,1,0.1,0.7000000000000001,0.3,2.1,0,0,0,0,0,0,0,0,0.0,0,0,0.0,0,0,0,0,0,0,0,nba_boxscorematchupsv3
1,2025-26,Playoffs,Western Conference Finals,2026_okc_sas_api_20261005,0042500311,1,2026-05-18,1610612760,OKC,1629652,Luguentz Dort,1610612759,SAS,1630170,Devin Vassell,27,2.0,2.4,4.9,5.3,0,8,1,0,0,0,0,0,0.0,0,0,0.0,0,0,0,0,0,0,0,nba_boxscorematchupsv3
1,2025-26,Playoffs,Western Conference Finals,2026_okc_sas_api_20261005,0042500311,1,2026-05-18,1610612760,OKC,1629652,Luguentz Dort,1610612759,SAS,1641705,Victor Wembanyama,127,9.4,11.899999999999999,23.5,27.0,0,10,0,0,0,0,0,0,0.0,0,0,0.0,0,0,0,0,0,0,0,nba_boxscorematchupsv3
1,2025-26,Playoffs,Western Conference Finals,2026_okc_sas_api_20261005,0042500311,1,2026-05-18,1610612760,OKC,1628983,Shai Gilgeous-Alexander,1610612759,SAS,1642868,Carter Bryant,195,14.9,60.6,17.299999999999997,71.5,2,12,2,0,1,0,0,1,0.0,0,0,0.0,2,2,1,0,0,0,0,nba_boxscorematchupsv3
1,2025-26,Playoffs,Western Conference Finals,2026_okc_sas_api_20261005,0042500311,1,2026-05-18,1610612760,OKC,1628983,Shai Gilgeous-Alexander,1610612759,SAS,1642264,Stephon Castle,411,38.8,39.1,36.3,42.9,7,32,3,0,1,0,2,7,28.599999999999998,1,1,100.0,2,2,1,0,0,0,0,nba_boxscorematchupsv3
1,2025-26,Playoffs,Western Conference Finals,2026_okc_sas_api_20261005,0042500311,1,2026-05-18,1610612760,OKC,1628983,Shai Gilgeous-Alexander,1610612759,SAS,1630577,Julian Champagnie,134,10.6,14.000000000000002,11.799999999999999,14.6,4,9,0,0,1,0,1,4,25.0,0,2,0.0,2,2,1,0,0,0,0,nba_boxscorematchupsv3
1,2025-26,Playoffs,Western Conference Finals,2026_okc_sas_api_20261005,0042500311,1,2026-05-18,1610612760,OKC,1628983,Shai Gilgeous-Alexander,1610612759,SAS,1642844,Dylan Harper,137,10.7,13.3,12.1,14.799999999999999,3,17,1,0,0,0,1,4,25.0,1,3,33.300000000000004,0,0,0,0,0,0,0,nba_boxscorematchupsv3
1,2025-26,Playoffs,Western Conference Finals,2026_okc_sas_api_20261005,0042500311,1,2026-05-18,1610612760,OKC,1628983,Shai Gilgeous-Alexander,1610612759,SAS,1629640,Keldon Johnson,53,3.7,10.7,4.7,11.899999999999999,0,6,2,0,0,0,0,0,0.0,0,0,0.0,0,0,0,0,0,0,0,nba_boxscorematchupsv3
1,2025-26,Playoffs,Western Conference Finals,2026_okc_sas_api_20261005,0042500311,1,2026-05-18,1610612760,OKC,1628983,Shai Gilgeous-Alexander,1610612759,SAS,1628436,Luke Kornet,6,0.4,3.0,0.5,9.9,0,0,0,0,0,0,0,0,0.0,0,0,0.0,0,0,0,0,0,0,0,nba_boxscorematchupsv3
1,2025-26,Playoffs,Western Conference Finals,2026_okc_sas_api_20261005,0042500311,1,2026-05-18,1610612760,OKC,1628983,Shai Gilgeous-Alexander,1610612759,SAS,1630170,Devin Vassell,188,16.0,17.0,16.6,19.5,4,19,3,0,1,0,2,6,33.300000000000004,0,1,0.0,0,0,0,0,0,0,0,nba_boxscorematchupsv3
1,2025-26,Playoffs,Western Conference Finals,2026_okc_sas_api_20261005,0042500311,1,2026-05-18,1610612760,OKC,1628983,Shai Gilgeous-Alexander,1610612759,SAS,1641705,Victor Wembanyama,118,12.5,11.0,10.4,11.0,4,31,3,0,0,0,2,4,50.0,0,0,0.0,0,1,1,0,0,0,0,nba_boxscorematchupsv3
1,2025-26,Playoffs,Western Conference Finals,2026_okc_sas_api_20261005,0042500311,1,2026-05-18,1610612760,OKC,1627936,Alex Caruso,1610612759,SAS,1642868,Carter Bryant,5,0.4,1.5,0.8,2.1,0,0,0,0,0,0,0,0,0.0,0,0,0.0,0,0,0,0,0,0,0,nba_boxscorematchupsv3
1,2025-26,Playoffs,Western Conference Finals,2026_okc_sas_api_20261005,0042500311,1,2026-05-18,1610612760,OKC,1627936,Alex Caruso,1610612759,SAS,1642264,Stephon Castle,71,7.9,6.800000000000001,10.9,13.600000000000001,2,13,1,0,0,0,1,2,50.0,0,1,0.0,0,0,0,0,0,0,0,nba_boxscorematchupsv3
1,2025-26,Playoffs,Western Conference Finals,2026_okc_sas_api_20261005,0042500311,1,2026-05-18,1610612760,OKC,1627936,Alex Caruso,1610612759,SAS,1630577,Julian Champagnie,143,12.6,14.899999999999999,21.8,27.1,4,10,0,0,1,0,1,2,50.0,1,2,50.0,1,3,1,0,0,0,0,nba_boxscorematchupsv3
1,2025-26,Playoffs,Western Conference Finals,2026_okc_sas_api_20261005,0042500311,1,2026-05-18,1610612760,OKC,1627936,Alex Caruso,1610612759,SAS,1642844,Dylan Harper,60,7.1,5.800000000000001,9.1,12.4,0,5,0,0,0,0,0,0,0.0,0,0,0.0,0,0,0,0,0,0,0,nba_boxscorematchupsv3
1,2025-26,Playoffs,Western Conference Finals,2026_okc_sas_api_20261005,0042500311,1,2026-05-18,1610612760,OKC,1627936,Alex Caruso,1610612759,SAS,1629640,Keldon Johnson,32,3.1,6.5,4.9,9.9,2,5,0,0,0,0,1,1,100.0,0,0,0.0,0,0,0,0,0,0,0,nba_boxscorematchupsv3
1,2025-26,Playoffs,Western Conference Finals,2026_okc_sas_api_20261005,0042500311,1,2026-05-18,1610612760,OKC,1627936,Alex Caruso,1610612759,SAS,1628436,Luke Kornet,2,0.1,0.8999999999999999,0.3,3.9,0,0,0,0,0,0,0,0,0.0,0,0,0.0,0,0,0,0,0,0,0,nba_boxscorematchupsv3
1,2025-26,Playoffs,Western Conference Finals,2026_okc_sas_api_20261005,0042500311,1,2026-05-18,1610612760,OKC,1627936,Alex Caruso,1610612759,SAS,1630170,Devin Vassell,45,5.5,4.1000000000000005,6.9,8.6,0,2,0,0,0,0,0,1,0.0,0,1,0.0,0,0,0,0,0,0,0,nba_boxscorematchupsv3
1,2025-26,Playoffs,Western Conference Finals,2026_okc_sas_api_20261005,0042500311,1,2026-05-18,1610612760,OKC,1627936,Alex Caruso,1610612759,SAS,1641705,Victor Wembanyama,265,23.4,24.8,40.6,43.6,16,21,0,0,1,0,6,10,60.0,4,6,66.7,0,0,0,0,0,0,0,nba_boxscorematchupsv3
1,2025-26,Playoffs,Western Conference Finals,2026_okc_sas_api_20261005,0042500311,1,2026-05-18,1610612760,OKC,1642349,Ajay Mitchell,1610612759,SAS,203084,Harrison Barnes,19,3.3,16.0,2.8000000000000003,24.7,0,6,0,0,0,0,0,0,0.0,0,0,0.0,0,0,0,0,0,0,0,nba_boxscorematchupsv3
1,2025-26,Playoffs,Western Conference Finals,2026_okc_sas_api_20261005,0042500311,1,2026-05-18,1610612760,OKC,1642349,Ajay Mitchell,1610612759,SAS,1642868,Carter Bryant,18,1.8,5.5,2.6,13.900000000000002,0,3,1,0,0,0,0,0,0.0,0,0,0.0,0,0,0,0,0,0,0,nba_boxscorematchupsv3
1,2025-26,Playoffs,Western Conference Finals,2026_okc_sas_api_20261005,0042500311,1,2026-05-18,1610612760,OKC,1642349,Ajay Mitchell,1610612759,SAS,1642264,Stephon Castle,76,5.9,7.199999999999999,11.1,12.8,0,5,0,0,0,0,0,0,0.0,0,0,0.0,0,0,0,0,0,0,0,nba_boxscorematchupsv3
1,2025-26,Playoffs,Western Conference Finals,2026_okc_sas_api_20261005,0042500311,1,2026-05-18,1610612760,OKC,1642349,Ajay Mitchell,1610612759,SAS,1630577,Julian Champagnie,67,6.7,7.000000000000001,9.8,13.200000000000001,0,7,0,0,0,0,0,1,0.0,0,0,0.0,0,0,0,0,0,0,0,nba_boxscorematchupsv3
1,2025-26,Playoffs,Western Conference Finals,2026_okc_sas_api_20261005,0042500311,1,2026-05-18,1610612760,OKC,1642349,Ajay Mitchell,1610612759,SAS,1642844,Dylan Harper,259,22.7,25.1,37.8,46.800000000000004,0,26,2,0,0,0,0,0,0.0,0,0,0.0,0,0,0,0,0,0,0,nba_boxscorematchupsv3
1,2025-26,Playoffs,Western Conference Finals,2026_okc_sas_api_20261005,0042500311,1,2026-05-18,1610612760,OKC,1642349,Ajay Mitchell,1610612759,SAS,1629640,Keldon Johnson,25,2.3,5.0,3.6999999999999997,10.0,2,4,0,0,0,0,1,1,100.0,0,0,0.0,0,0,0,0,0,0,0,nba_boxscorematchupsv3
1,2025-26,Playoffs,Western Conference Finals,2026_okc_sas_api_20261005,0042500311,1,2026-05-18,1610612760,OKC,1642349,Ajay Mitchell,1610612759,SAS,1628436,Luke Kornet,5,0.6,2.4,0.7000000000000001,2.7,2,2,0,0,0,0,1,1,100.0,0,0,0.0,0,0,0,0,0,0,0,nba_boxscorematchupsv3
1,2025-26,Playoffs,Western Conference Finals,2026_okc_sas_api_20261005,0042500311,1,2026-05-18,1610612760,OKC,1642349,Ajay Mitchell,1610612759,SAS,1630170,Devin Vassell,102,10.1,9.3,15.0,16.400000000000002,0,11,0,0,0,0,0,1,0.0,0,0,0.0,0,0,0,0,0,0,0,nba_boxscorematchupsv3
1,2025-26,Playoffs,Western Conference Finals,2026_okc_sas_api_20261005,0042500311,1,2026-05-18,1610612760,OKC,1642349,Ajay Mitchell,1610612759,SAS,1641705,Victor Wembanyama,76,8.0,7.1,11.1,15.0,0,3,2,0,0,0,0,0,0.0,0,0,0.0,0,0,0,0,0,0,0,nba_boxscorematchupsv3
1,2025-26,Playoffs,Western Conference Finals,2026_okc_sas_api_20261005,0042500311,1,2026-05-18,1610612760,OKC,1642272,Jared McCain,1610612759,SAS,203084,Harrison Barnes,15,2.1,12.2,3.5000000000000004,12.2,0,4,0,0,0,0,0,0,0.0,0,0,0.0,0,0,0,0,0,0,0,nba_boxscorematchupsv3
1,2025-26,Playoffs,Western Conference Finals,2026_okc_sas_api_20261005,0042500311,1,2026-05-18,1610612760,OKC,1642272,Jared McCain,1610612759,SAS,1642264,Stephon Castle,63,3.7,6.0,15.1,19.8,0,4,0,0,0,0,0,1,0.0,0,1,0.0,0,0,0,0,0,0,0,nba_boxscorematchupsv3
1,2025-26,Playoffs,Western Conference Finals,2026_okc_sas_api_20261005,0042500311,1,2026-05-18,1610612760,OKC,1642272,Jared McCain,1610612759,SAS,1630577,Julian Champagnie,81,7.0,8.5,19.400000000000002,45.5,3,7,1,0,1,0,1,1,100.0,1,1,100.0,0,0,0,0,0,0,0,nba_boxscorematchupsv3
1,2025-26,Playoffs,Western Conference Finals,2026_okc_sas_api_20261005,0042500311,1,2026-05-18,1610612760,OKC,1642272,Jared McCain,1610612759,SAS,1642844,Dylan Harper,34,2.8,3.3000000000000003,8.1,11.3,0,2,0,0,1,0,0,0,0.0,0,0,0.0,0,0,0,0,0,0,0,nba_boxscorematchupsv3
1,2025-26,Playoffs,Western Conference Finals,2026_okc_sas_api_20261005,0042500311,1,2026-05-18,1610612760,OKC,1642272,Jared McCain,1610612759,SAS,1629640,Keldon Johnson,14,2.1,2.9000000000000004,3.4000000000000004,5.3,0,2,0,0,0,0,0,0,0.0,0,0,0.0,0,0,0,0,0,0,0,nba_boxscorematchupsv3
1,2025-26,Playoffs,Western Conference Finals,2026_okc_sas_api_20261005,0042500311,1,2026-05-18,1610612760,OKC,1642272,Jared McCain,1610612759,SAS,1628436,Luke Kornet,7,1.3,3.5000000000000004,1.7000000000000002,3.5000000000000004,2,2,0,0,0,0,1,1,100.0,0,0,0.0,0,0,0,0,0,0,0,nba_boxscorematchupsv3
1,2025-26,Playoffs,Western Conference Finals,2026_okc_sas_api_20261005,0042500311,1,2026-05-18,1610612760,OKC,1642272,Jared McCain,1610612759,SAS,1630170,Devin Vassell,173,15.6,15.6,41.3,51.2,2,17,0,0,0,0,1,3,33.300000000000004,0,1,0.0,0,0,0,0,0,0,0,nba_boxscorematchupsv3
1,2025-26,Playoffs,Western Conference Finals,2026_okc_sas_api_20261005,0042500311,1,2026-05-18,1610612760,OKC,1642272,Jared McCain,1610612759,SAS,1641705,Victor Wembanyama,5,0.3,0.5,1.3,2.4,0,0,0,0,0,0,0,0,0.0,0,0,0.0,0,0,0,0,0,0,0,nba_boxscorematchupsv3
1,2025-26,Playoffs,Western Conference Finals,2026_okc_sas_api_20261005,0042500311,1,2026-05-18,1610612760,OKC,1641717,Cason Wallace,1610612759,SAS,203084,Harrison Barnes,30,3.5,24.9,4.7,32.5,0,6,0,0,0,0,0,0,0.0,0,0,0.0,0,0,0,0,0,0,0,nba_boxscorematchupsv3
1,2025-26,Playoffs,Western Conference Finals,2026_okc_sas_api_20261005,0042500311,1,2026-05-18,1610612760,OKC,1641717,Cason Wallace,1610612759,SAS,1642868,Carter Bryant,34,2.4,10.5,5.3,14.799999999999999,0,2,0,0,0,0,0,2,0.0,0,2,0.0,0,0,0,0,0,0,0,nba_boxscorematchupsv3
1,2025-26,Playoffs,Western Conference Finals,2026_okc_sas_api_20261005,0042500311,1,2026-05-18,1610612760,OKC,1641717,Cason Wallace,1610612759,SAS,1642264,Stephon Castle,99,9.4,9.4,15.6,21.099999999999998,0,15,0,0,0,0,0,0,0.0,0,0,0.0,0,0,0,0,0,0,0,nba_boxscorematchupsv3
1,2025-26,Playoffs,Western Conference Finals,2026_okc_sas_api_20261005,0042500311,1,2026-05-18,1610612760,OKC,1641717,Cason Wallace,1610612759,SAS,1630577,Julian Champagnie,55,4.2,5.800000000000001,8.7,13.3,0,3,0,0,0,0,0,0,0.0,0,0,0.0,0,0,0,0,0,0,0,nba_boxscorematchupsv3
1,2025-26,Playoffs,Western Conference Finals,2026_okc_sas_api_20261005,0042500311,1,2026-05-18,1610612760,OKC,1641717,Cason Wallace,1610612759,SAS,1642844,Dylan Harper,89,7.1,8.6,14.000000000000002,16.900000000000002,0,3,0,0,0,0,0,0,0.0,0,0,0.0,0,0,0,0,0,0,0,nba_boxscorematchupsv3
1,2025-26,Playoffs,Western Conference Finals,2026_okc_sas_api_20261005,0042500311,1,2026-05-18,1610612760,OKC,1641717,Cason Wallace,1610612759,SAS,1629640,Keldon Johnson,18,2.1,3.6999999999999997,2.9000000000000004,7.1,0,3,0,0,0,0,0,0,0.0,0,0,0.0,0,0,0,0,0,0,0,nba_boxscorematchupsv3
1,2025-26,Playoffs,Western Conference Finals,2026_okc_sas_api_20261005,0042500311,1,2026-05-18,1610612760,OKC,1641717,Cason Wallace,1610612759,SAS,1628436,Luke Kornet,4,0.4,2.1,0.6,8.3,0,0,0,0,0,0,0,0,0.0,0,0,0.0,0,0,0,0,0,0,0,nba_boxscorematchupsv3
1,2025-26,Playoffs,Western Conference Finals,2026_okc_sas_api_20261005,0042500311,1,2026-05-18,1610612760,OKC,1641717,Cason Wallace,1610612759,SAS,1630170,Devin Vassell,134,10.2,12.2,21.2,24.6,6,10,0,0,1,0,2,2,100.0,2,2,100.0,0,0,0,0,0,0,0,nba_boxscorematchupsv3
1,2025-26,Playoffs,Western Conference Finals,2026_okc_sas_api_20261005,0042500311,1,2026-05-18,1610612760,OKC,1641717,Cason Wallace,1610612759,SAS,1641705,Victor Wembanyama,135,10.6,12.6,21.3,23.1,2,2,0,0,0,0,1,2,50.0,0,1,0.0,0,0,0,0,0,0,0,nba_boxscorematchupsv3
1,2025-26,Playoffs,Western Conference Finals,2026_okc_sas_api_20261005,0042500311,1,2026-05-18,1610612760,OKC,1631119,Jaylin Williams,1610612759,SAS,203084,Harrison Barnes,18,1.2,14.7,7.3999999999999995,41.8,0,0,0,0,0,0,0,0,0.0,0,0,0.0,0,0,0,0,0,0,0,nba_boxscorematchupsv3
1,2025-26,Playoffs,Western Conference Finals,2026_okc_sas_api_20261005,0042500311,1,2026-05-18,1610612760,OKC,1631119,Jaylin Williams,1610612759,SAS,1642264,Stephon Castle,15,1.0,1.4000000000000001,6.2,13.5,0,2,0,0,0,0,0,0,0.0,0,0,0.0,0,0,0,0,0,0,0,nba_boxscorematchupsv3
1,2025-26,Playoffs,Western Conference Finals,2026_okc_sas_api_20261005,0042500311,1,2026-05-18,1610612760,OKC,1631119,Jaylin Williams,1610612759,SAS,1630577,Julian Champagnie,25,2.8,2.6,10.2,16.0,0,3,0,0,1,0,0,0,0.0,0,0,0.0,0,0,0,0,0,0,0,nba_boxscorematchupsv3
1,2025-26,Playoffs,Western Conference Finals,2026_okc_sas_api_20261005,0042500311,1,2026-05-18,1610612760,OKC,1631119,Jaylin Williams,1610612759,SAS,1642844,Dylan Harper,48,3.5,4.6,19.8,19.8,0,5,0,0,0,0,0,0,0.0,0,0,0.0,0,0,0,0,0,0,0,nba_boxscorematchupsv3
1,2025-26,Playoffs,Western Conference Finals,2026_okc_sas_api_20261005,0042500311,1,2026-05-18,1610612760,OKC,1631119,Jaylin Williams,1610612759,SAS,1629640,Keldon Johnson,105,7.3,21.0,43.7,53.800000000000004,0,3,0,0,0,0,0,0,0.0,0,0,0.0,0,0,0,0,0,0,0,nba_boxscorematchupsv3
1,2025-26,Playoffs,Western Conference Finals,2026_okc_sas_api_20261005,0042500311,1,2026-05-18,1610612760,OKC,1631119,Jaylin Williams,1610612759,SAS,1630170,Devin Vassell,2,0.1,0.2,0.8999999999999999,1.6,0,0,0,0,0,0,0,0,0.0,0,0,0.0,0,0,0,0,0,0,0,nba_boxscorematchupsv3
1,2025-26,Playoffs,Western Conference Finals,2026_okc_sas_api_20261005,0042500311,1,2026-05-18,1610612760,OKC,1631119,Jaylin Williams,1610612759,SAS,1641705,Victor Wembanyama,26,2.6,2.4,10.9,10.9,0,0,0,0,0,0,0,0,0.0,0,0,0.0,0,0,0,0,0,0,0,nba_boxscorematchupsv3
1,2025-26,Playoffs,Western Conference Finals,2026_okc_sas_api_20261005,0042500311,1,2026-05-18,1610612760,OKC,1630598,Aaron Wiggins,1610612759,SAS,1642868,Carter Bryant,16,1.6,5.0,18.4,18.4,0,0,0,0,0,0,0,2,0.0,0,2,0.0,0,0,0,0,0,0,0,nba_boxscorematchupsv3
1,2025-26,Playoffs,Western Conference Finals,2026_okc_sas_api_20261005,0042500311,1,2026-05-18,1610612760,OKC,1630598,Aaron Wiggins,1610612759,SAS,1630577,Julian Champagnie,33,2.2,3.4000000000000004,37.6,37.6,0,0,0,0,0,0,0,1,0.0,0,1,0.0,0,0,0,0,0,0,0,nba_boxscorematchupsv3
1,2025-26,Playoffs,Western Conference Finals,2026_okc_sas_api_20261005,0042500311,1,2026-05-18,1610612760,OKC,1630598,Aaron Wiggins,1610612759,SAS,1642844,Dylan Harper,12,1.1,1.2,14.099999999999998,14.099999999999998,0,2,0,0,0,0,0,0,0.0,0,0,0.0,0,0,0,0,0,0,0,nba_boxscorematchupsv3
1,2025-26,Playoffs,Western Conference Finals,2026_okc_sas_api_20261005,0042500311,1,2026-05-18,1610612760,OKC,1630598,Aaron Wiggins,1610612759,SAS,1629640,Keldon Johnson,22,1.9,4.3999999999999995,25.0,25.0,0,0,0,0,0,0,0,0,0.0,0,0,0.0,0,0,0,0,0,0,0,nba_boxscorematchupsv3
1,2025-26,Playoffs,Western Conference Finals,2026_okc_sas_api_20261005,0042500311,1,2026-05-18,1610612760,OKC,1630598,Aaron Wiggins,1610612759,SAS,1641705,Victor Wembanyama,3,0.2,0.3,3.9,3.9,0,0,0,0,0,0,0,0,0.0,0,0,0.0,0,0,0,0,0,0,0,nba_boxscorematchupsv3
1,2025-26,Playoffs,Western Conference Finals,2026_okc_sas_api_20261005,0042500311,1,2026-05-18,1610612760,OKC,1630198,Isaiah Joe,1610612759,SAS,1630170,Devin Vassell,1,0.1,0.1,9.0,9.0,0,0,0,0,0,0,0,0,0.0,0,0,0.0,0,0,0,0,0,0,0,nba_boxscorematchupsv3
1,2025-26,Playoffs,Western Conference Finals,2026_okc_sas_api_20261005,0042500311,1,2026-05-18,1610612760,OKC,1630198,Isaiah Joe,1610612759,SAS,1641705,Victor Wembanyama,15,0.9,1.4000000000000001,91.0,91.0,0,0,0,0,0,0,0,0,0.0,0,0,0.0,0,0,0,0,0,0,0,nba_boxscorematchupsv3
1,2025-26,Playoffs,Western Conference Finals,2026_okc_sas_api_20261005,0042500311,1,2026-05-18,1610612759,SAS,1630170,Devin Vassell,1610612760,OKC,1627936,Alex Caruso,42,3.0,5.0,3.2,6.1,3,5,0,0,0,0,1,3,33.300000000000004,1,2,50.0,0,0,0,0,0,0,0,nba_boxscorematchupsv3
1,2025-26,Playoffs,Western Conference Finals,2026_okc_sas_api_20261005,0042500311,1,2026-05-18,1610612759,SAS,1630170,Devin Vassell,1610612760,OKC,1629652,Luguentz Dort,35,3.3,6.7,2.7,6.9,0,2,0,0,0,0,0,0,0.0,0,0,0.0,0,0,0,0,0,0,0,nba_boxscorematchupsv3
1,2025-26,Playoffs,Western Conference Finals,2026_okc_sas_api_20261005,0042500311,1,2026-05-18,1610612759,SAS,1630170,Devin Vassell,1610612760,OKC,1628983,Shai Gilgeous-Alexander,579,43.2,43.5,44.5,51.4,0,40,1,0,1,0,0,3,0.0,0,3,0.0,0,0,0,0,0,0,0,nba_boxscorematchupsv3
1,2025-26,Playoffs,Western Conference Finals,2026_okc_sas_api_20261005,0042500311,1,2026-05-18,1610612759,SAS,1630170,Devin Vassell,1610612760,OKC,1628392,Isaiah Hartenstein,5,0.6,1.6,0.4,2.1999999999999997,0,0,0,0,0,0,0,0,0.0,0,0,0.0,0,0,0,0,0,0,0,nba_boxscorematchupsv3
1,2025-26,Playoffs,Western Conference Finals,2026_okc_sas_api_20261005,0042500311,1,2026-05-18,1610612759,SAS,1630170,Devin Vassell,1610612760,OKC,1631096,Chet Holmgren,77,6.6,7.3,5.8999999999999995,7.5,3,5,0,0,0,0,1,1,100.0,1,1,100.0,0,0,0,0,0,0,0,nba_boxscorematchupsv3
1,2025-26,Playoffs,Western Conference Finals,2026_okc_sas_api_20261005,0042500311,1,2026-05-18,1610612759,SAS,1630170,Devin Vassell,1610612760,OKC,1642272,Jared McCain,87,5.3,18.4,6.7,23.200000000000003,2,9,0,0,0,0,1,1,100.0,0,0,0.0,0,0,0,0,0,0,0,nba_boxscorematchupsv3
1,2025-26,Playoffs,Western Conference Finals,2026_okc_sas_api_20261005,0042500311,1,2026-05-18,1610612759,SAS,1630170,Devin Vassell,1610612760,OKC,1642349,Ajay Mitchell,186,16.1,20.5,14.299999999999999,22.900000000000002,5,18,0,0,2,0,2,2,100.0,1,1,100.0,0,0,0,0,0,0,0,nba_boxscorematchupsv3
1,2025-26,Playoffs,Western Conference Finals,2026_okc_sas_api_20261005,0042500311,1,2026-05-18,1610612759,SAS,1630170,Devin Vassell,1610612760,OKC,1641717,Cason Wallace,88,5.7,12.3,6.800000000000001,14.499999999999998,0,13,1,0,0,0,0,1,0.0,0,1,0.0,0,0,0,0,0,0,0,nba_boxscorematchupsv3
1,2025-26,Playoffs,Western Conference Finals,2026_okc_sas_api_20261005,0042500311,1,2026-05-18,1610612759,SAS,1630170,Devin Vassell,1610612760,OKC,1631114,Jalen Williams,128,12.3,13.200000000000001,9.9,13.200000000000001,0,4,0,0,0,0,0,2,0.0,0,2,0.0,0,0,0,0,0,0,0,nba_boxscorematchupsv3
1,2025-26,Playoffs,Western Conference Finals,2026_okc_sas_api_20261005,0042500311,1,2026-05-18,1610612759,SAS,1630170,Devin Vassell,1610612760,OKC,1631119,Jaylin Williams,29,1.4,10.2,2.1999999999999997,18.099999999999998,0,0,0,0,0,0,0,0,0.0,0,0,0.0,0,0,0,0,0,0,0,nba_boxscorematchupsv3
1,2025-26,Playoffs,Western Conference Finals,2026_okc_sas_api_20261005,0042500311,1,2026-05-18,1610612759,SAS,1630577,Julian Champagnie,1610612760,OKC,1627936,Alex Caruso,38,4.1,4.5,3.3000000000000003,5.4,0,3,0,0,0,0,0,0,0.0,0,0,0.0,0,0,0,0,0,0,0,nba_boxscorematchupsv3
1,2025-26,Playoffs,Western Conference Finals,2026_okc_sas_api_20261005,0042500311,1,2026-05-18,1610612759,SAS,1630577,Julian Champagnie,1610612760,OKC,1629652,Luguentz Dort,42,4.9,8.1,3.5999999999999996,9.6,2,6,0,0,0,0,1,3,33.300000000000004,0,2,0.0,0,0,0,0,0,0,0,nba_boxscorematchupsv3
1,2025-26,Playoffs,Western Conference Finals,2026_okc_sas_api_20261005,0042500311,1,2026-05-18,1610612759,SAS,1630577,Julian Champagnie,1610612760,OKC,1628983,Shai Gilgeous-Alexander,199,12.7,14.899999999999999,17.1,18.0,0,17,1,0,0,0,0,0,0.0,0,0,0.0,0,0,0,0,0,0,0,nba_boxscorematchupsv3
1,2025-26,Playoffs,Western Conference Finals,2026_okc_sas_api_20261005,0042500311,1,2026-05-18,1610612759,SAS,1630577,Julian Champagnie,1610612760,OKC,1628392,Isaiah Hartenstein,24,2.2,7.3,2.0,11.3,0,2,0,0,0,0,0,1,0.0,0,1,0.0,0,0,0,0,0,0,0,nba_boxscorematchupsv3
1,2025-26,Playoffs,Western Conference Finals,2026_okc_sas_api_20261005,0042500311,1,2026-05-18,1610612759,SAS,1630577,Julian Champagnie,1610612760,OKC,1631096,Chet Holmgren,412,27.9,39.0,35.4,45.300000000000004,6,30,0,0,0,0,2,5,40.0,2,5,40.0,0,0,0,0,0,0,0,nba_boxscorematchupsv3
1,2025-26,Playoffs,Western Conference Finals,2026_okc_sas_api_20261005,0042500311,1,2026-05-18,1610612759,SAS,1630577,Julian Champagnie,1610612760,OKC,1642272,Jared McCain,114,8.0,24.0,9.8,52.300000000000004,0,4,0,0,0,0,0,0,0.0,0,0,0.0,0,0,0,0,0,0,0,nba_boxscorematchupsv3
1,2025-26,Playoffs,Western Conference Finals,2026_okc_sas_api_20261005,0042500311,1,2026-05-18,1610612759,SAS,1630577,Julian Champagnie,1610612760,OKC,1642349,Ajay Mitchell,104,10.0,11.5,8.9,14.799999999999999,0,9,0,0,0,0,0,1,0.0,0,1,0.0,0,0,0,0,0,0,0,nba_boxscorematchupsv3
1,2025-26,Playoffs,Western Conference Finals,2026_okc_sas_api_20261005,0042500311,1,2026-05-18,1610612759,SAS,1630577,Julian Champagnie,1610612760,OKC,1641717,Cason Wallace,64,4.6,9.0,5.5,14.099999999999998,2,4,0,0,1,0,1,1,100.0,0,0,0.0,0,0,0,0,0,0,0,nba_boxscorematchupsv3
1,2025-26,Playoffs,Western Conference Finals,2026_okc_sas_api_20261005,0042500311,1,2026-05-18,1610612759,SAS,1630577,Julian Champagnie,1610612760,OKC,1630598,Aaron Wiggins,19,1.5,17.8,1.7000000000000002,17.8,0,3,0,0,0,0,0,1,0.0,0,1,0.0,0,0,0,0,0,0,0,nba_boxscorematchupsv3
1,2025-26,Playoffs,Western Conference Finals,2026_okc_sas_api_20261005,0042500311,1,2026-05-18,1610612759,SAS,1630577,Julian Champagnie,1610612760,OKC,1631114,Jalen Williams,82,6.8,8.5,7.1,10.6,3,8,0,0,0,0,1,1,100.0,1,1,100.0,0,0,0,0,0,0,0,nba_boxscorematchupsv3
1,2025-26,Playoffs,Western Conference Finals,2026_okc_sas_api_20261005,0042500311,1,2026-05-18,1610612759,SAS,1630577,Julian Champagnie,1610612760,OKC,1631119,Jaylin Williams,26,0.9,9.0,2.1999999999999997,12.4,0,0,0,0,0,0,0,0,0.0,0,0,0.0,0,0,0,0,0,0,0,nba_boxscorematchupsv3
1,2025-26,Playoffs,Western Conference Finals,2026_okc_sas_api_20261005,0042500311,1,2026-05-18,1610612759,SAS,1641705,Victor Wembanyama,1610612760,OKC,1627936,Alex Caruso,501,36.2,59.3,39.900000000000006,62.4,7,21,1,0,2,0,3,4,75.0,1,2,50.0,0,0,0,0,0,0,0,nba_boxscorematchupsv3
1,2025-26,Playoffs,Western Conference Finals,2026_okc_sas_api_20261005,0042500311,1,2026-05-18,1610612759,SAS,1641705,Victor Wembanyama,1610612760,OKC,1629652,Luguentz Dort,183,12.4,35.6,14.6,38.3,6,16,1,0,0,0,1,2,50.0,0,0,0.0,4,4,1,0,0,0,0,nba_boxscorematchupsv3
1,2025-26,Playoffs,Western Conference Finals,2026_okc_sas_api_20261005,0042500311,1,2026-05-18,1610612759,SAS,1641705,Victor Wembanyama,1610612760,OKC,1628983,Shai Gilgeous-Alexander,69,6.2,5.1,5.5,5.5,4,7,0,0,0,0,2,4,50.0,0,0,0.0,0,0,0,0,0,0,0,nba_boxscorematchupsv3
1,2025-26,Playoffs,Western Conference Finals,2026_okc_sas_api_20261005,0042500311,1,2026-05-18,1610612759,SAS,1641705,Victor Wembanyama,1610612760,OKC,1628392,Isaiah Hartenstein,22,3.4,6.7,1.7000000000000002,29.4,0,3,0,0,0,0,0,0,0.0,0,0,0.0,0,0,0,0,0,0,0,nba_boxscorematchupsv3
1,2025-26,Playoffs,Western Conference Finals,2026_okc_sas_api_20261005,0042500311,1,2026-05-18,1610612759,SAS,1641705,Victor Wembanyama,1610612760,OKC,1631096,Chet Holmgren,170,13.8,16.1,13.600000000000001,17.7,12,25,0,0,0,1,6,12,50.0,0,0,0.0,0,0,0,0,0,0,0,nba_boxscorematchupsv3
1,2025-26,Playoffs,Western Conference Finals,2026_okc_sas_api_20261005,0042500311,1,2026-05-18,1610612759,SAS,1641705,Victor Wembanyama,1610612760,OKC,1642272,Jared McCain,7,0.4,1.4000000000000001,0.5,3.1,2,2,0,0,0,0,0,0,0.0,0,0,0.0,2,2,1,0,0,0,0,nba_boxscorematchupsv3
1,2025-26,Playoffs,Western Conference Finals,2026_okc_sas_api_20261005,0042500311,1,2026-05-18,1610612759,SAS,1641705,Victor Wembanyama,1610612760,OKC,1642349,Ajay Mitchell,54,3.9,5.8999999999999995,4.3,8.200000000000001,4,7,0,0,1,0,1,1,100.0,0,0,0.0,2,2,1,0,0,0,0,nba_boxscorematchupsv3
1,2025-26,Playoffs,Western Conference Finals,2026_okc_sas_api_20261005,0042500311,1,2026-05-18,1610612759,SAS,1641705,Victor Wembanyama,1610612760,OKC,1641717,Cason Wallace,59,7.5,8.200000000000001,4.7,9.2,4,10,0,0,0,0,2,3,66.7,0,0,0.0,0,0,0,0,0,0,0,nba_boxscorematchupsv3
1,2025-26,Playoffs,Western Conference Finals,2026_okc_sas_api_20261005,0042500311,1,2026-05-18,1610612759,SAS,1641705,Victor Wembanyama,1610612760,OKC,1630598,Aaron Wiggins,3,0.2,3.1,0.3,3.1,0,0,0,0,0,0,0,0,0.0,0,0,0.0,0,0,0,0,0,0,0,nba_boxscorematchupsv3
1,2025-26,Playoffs,Western Conference Finals,2026_okc_sas_api_20261005,0042500311,1,2026-05-18,1610612759,SAS,1641705,Victor Wembanyama,1610612760,OKC,1631114,Jalen Williams,247,16.6,25.5,19.6,30.9,10,25,1,0,1,0,5,5,100.0,0,0,0.0,0,0,0,0,0,0,0,nba_boxscorematchupsv3
1,2025-26,Playoffs,Western Conference Finals,2026_okc_sas_api_20261005,0042500311,1,2026-05-18,1610612759,SAS,1641705,Victor Wembanyama,1610612760,OKC,1631119,Jaylin Williams,70,4.0,24.5,5.6000000000000005,24.5,0,11,1,0,0,0,0,1,0.0,0,0,0.0,0,0,0,0,0,0,0,nba_boxscorematchupsv3
1,2025-26,Playoffs,Western Conference Finals,2026_okc_sas_api_20261005,0042500311,1,2026-05-18,1610612759,SAS,1642844,Dylan Harper,1610612760,OKC,1627936,Alex Caruso,59,4.3,7.000000000000001,4.7,9.4,0,5,1,0,1,0,0,3,0.0,0,2,0.0,0,0,0,0,0,0,0,nba_boxscorematchupsv3
1,2025-26,Playoffs,Western Conference Finals,2026_okc_sas_api_20261005,0042500311,1,2026-05-18,1610612759,SAS,1642844,Dylan Harper,1610612760,OKC,1629652,Luguentz Dort,167,12.8,32.4,13.4,39.4,2,18,1,0,0,0,1,2,50.0,0,1,0.0,0,0,0,0,0,0,0,nba_boxscorematchupsv3
1,2025-26,Playoffs,Western Conference Finals,2026_okc_sas_api_20261005,0042500311,1,2026-05-18,1610612759,SAS,1642844,Dylan Harper,1610612760,OKC,1628983,Shai Gilgeous-Alexander,148,11.1,11.1,11.799999999999999,13.4,2,11,0,0,0,1,1,2,50.0,0,0,0.0,0,0,0,0,0,0,0,nba_boxscorematchupsv3
1,2025-26,Playoffs,Western Conference Finals,2026_okc_sas_api_20261005,0042500311,1,2026-05-18,1610612759,SAS,1642844,Dylan Harper,1610612760,OKC,1628392,Isaiah Hartenstein,31,3.3,9.5,2.5,11.899999999999999,4,4,0,0,0,1,2,4,50.0,0,1,0.0,0,0,0,0,0,0,0,nba_boxscorematchupsv3
1,2025-26,Playoffs,Western Conference Finals,2026_okc_sas_api_20261005,0042500311,1,2026-05-18,1610612759,SAS,1642844,Dylan Harper,1610612760,OKC,1631096,Chet Holmgren,75,8.3,7.1,6.0,9.0,2,6,0,0,0,0,1,2,50.0,0,1,0.0,0,0,0,0,0,0,0,nba_boxscorematchupsv3
1,2025-26,Playoffs,Western Conference Finals,2026_okc_sas_api_20261005,0042500311,1,2026-05-18,1610612759,SAS,1642844,Dylan Harper,1610612760,OKC,1642272,Jared McCain,49,2.8,10.299999999999999,3.9,13.8,4,4,0,0,0,0,2,3,66.7,0,0,0.0,0,0,0,0,0,0,0,nba_boxscorematchupsv3
1,2025-26,Playoffs,Western Conference Finals,2026_okc_sas_api_20261005,0042500311,1,2026-05-18,1610612759,SAS,1642844,Dylan Harper,1610612760,OKC,1642349,Ajay Mitchell,332,19.7,36.6,26.6,45.800000000000004,4,18,0,0,0,0,2,2,100.0,0,0,0.0,0,0,0,0,0,0,0,nba_boxscorematchupsv3
1,2025-26,Playoffs,Western Conference Finals,2026_okc_sas_api_20261005,0042500311,1,2026-05-18,1610612759,SAS,1642844,Dylan Harper,1610612760,OKC,1641717,Cason Wallace,117,6.7,16.3,9.4,19.7,3,9,1,0,0,0,1,2,50.0,1,1,100.0,0,0,0,0,0,0,0,nba_boxscorematchupsv3
1,2025-26,Playoffs,Western Conference Finals,2026_okc_sas_api_20261005,0042500311,1,2026-05-18,1610612759,SAS,1642844,Dylan Harper,1610612760,OKC,1630598,Aaron Wiggins,27,1.8,24.8,2.1999999999999997,24.8,0,3,1,0,0,0,0,0,0.0,0,0,0.0,0,0,0,0,0,0,0,nba_boxscorematchupsv3
1,2025-26,Playoffs,Western Conference Finals,2026_okc_sas_api_20261005,0042500311,1,2026-05-18,1610612759,SAS,1642844,Dylan Harper,1610612760,OKC,1631114,Jalen Williams,241,17.4,24.9,19.3,26.1,6,24,2,0,0,1,2,4,50.0,0,1,0.0,2,2,1,0,0,0,0,nba_boxscorematchupsv3
1,2025-26,Playoffs,Western Conference Finals,2026_okc_sas_api_20261005,0042500311,1,2026-05-18,1610612759,SAS,1642844,Dylan Harper,1610612760,OKC,1631119,Jaylin Williams,17,1.1,5.8999999999999995,1.4000000000000001,5.8999999999999995,0,2,0,0,0,0,0,0,0.0,0,0,0.0,0,0,0,0,0,0,0,nba_boxscorematchupsv3
1,2025-26,Playoffs,Western Conference Finals,2026_okc_sas_api_20261005,0042500311,1,2026-05-18,1610612759,SAS,1642264,Stephon Castle,1610612760,OKC,1627936,Alex Caruso,149,10.4,17.599999999999998,11.600000000000001,21.0,4,25,5,0,2,0,1,2,50.0,0,1,0.0,2,2,1,0,0,0,0,nba_boxscorematchupsv3
1,2025-26,Playoffs,Western Conference Finals,2026_okc_sas_api_20261005,0042500311,1,2026-05-18,1610612759,SAS,1642264,Stephon Castle,1610612760,OKC,1629652,Luguentz Dort,64,6.2,12.4,5.0,13.200000000000001,0,3,0,0,0,0,0,0,0.0,0,0,0.0,0,0,0,0,0,0,0,nba_boxscorematchupsv3
1,2025-26,Playoffs,Western Conference Finals,2026_okc_sas_api_20261005,0042500311,1,2026-05-18,1610612759,SAS,1642264,Stephon Castle,1610612760,OKC,1628983,Shai Gilgeous-Alexander,227,15.7,17.1,17.8,19.6,4,20,4,0,2,0,1,4,25.0,0,2,0.0,2,2,1,0,0,0,0,nba_boxscorematchupsv3
1,2025-26,Playoffs,Western Conference Finals,2026_okc_sas_api_20261005,0042500311,1,2026-05-18,1610612759,SAS,1642264,Stephon Castle,1610612760,OKC,1628392,Isaiah Hartenstein,25,1.9,7.9,2.0,9.8,0,2,0,0,0,0,0,0,0.0,0,0,0.0,0,0,0,0,0,0,0,nba_boxscorematchupsv3
1,2025-26,Playoffs,Western Conference Finals,2026_okc_sas_api_20261005,0042500311,1,2026-05-18,1610612759,SAS,1642264,Stephon Castle,1610612760,OKC,1631096,Chet Holmgren,121,10.2,11.5,9.5,11.899999999999999,2,9,3,0,4,0,1,3,33.300000000000004,0,1,0.0,0,0,0,0,0,0,0,nba_boxscorematchupsv3
1,2025-26,Playoffs,Western Conference Finals,2026_okc_sas_api_20261005,0042500311,1,2026-05-18,1610612759,SAS,1642264,Stephon Castle,1610612760,OKC,1642272,Jared McCain,18,1.1,3.8,1.4000000000000001,4.7,0,2,1,0,1,0,0,0,0.0,0,0,0.0,0,0,0,0,0,0,0,nba_boxscorematchupsv3
1,2025-26,Playoffs,Western Conference Finals,2026_okc_sas_api_20261005,0042500311,1,2026-05-18,1610612759,SAS,1642264,Stephon Castle,1610612760,OKC,1642349,Ajay Mitchell,130,8.9,14.399999999999999,10.2,15.8,4,6,0,0,1,0,1,3,33.300000000000004,0,0,0.0,2,3,2,0,0,0,0,nba_boxscorematchupsv3
1,2025-26,Playoffs,Western Conference Finals,2026_okc_sas_api_20261005,0042500311,1,2026-05-18,1610612759,SAS,1642264,Stephon Castle,1610612760,OKC,1641717,Cason Wallace,310,25.4,43.3,24.2,55.900000000000006,4,18,0,0,2,0,2,4,50.0,0,1,0.0,0,0,0,0,0,0,0,nba_boxscorematchupsv3
1,2025-26,Playoffs,Western Conference Finals,2026_okc_sas_api_20261005,0042500311,1,2026-05-18,1610612759,SAS,1642264,Stephon Castle,1610612760,OKC,1631114,Jalen Williams,185,13.2,19.0,14.399999999999999,21.099999999999998,3,14,1,0,1,0,1,2,50.0,1,1,100.0,0,0,0,0,0,0,0,nba_boxscorematchupsv3
1,2025-26,Playoffs,Western Conference Finals,2026_okc_sas_api_20261005,0042500311,1,2026-05-18,1610612759,SAS,1642264,Stephon Castle,1610612760,OKC,1631119,Jaylin Williams,18,1.3,6.4,1.4000000000000001,12.9,0,0,0,0,0,0,0,0,0.0,0,0,0.0,0,0,0,0,0,0,0,nba_boxscorematchupsv3
1,2025-26,Playoffs,Western Conference Finals,2026_okc_sas_api_20261005,0042500311,1,2026-05-18,1610612759,SAS,1629640,Keldon Johnson,1610612760,OKC,1627936,Alex Caruso,28,3.3,3.3000000000000003,5.2,7.7,0,5,0,0,0,1,0,1,0.0,0,0,0.0,0,0,0,0,0,0,0,nba_boxscorematchupsv3
1,2025-26,Playoffs,Western Conference Finals,2026_okc_sas_api_20261005,0042500311,1,2026-05-18,1610612759,SAS,1629640,Keldon Johnson,1610612760,OKC,1629652,Luguentz Dort,23,2.3,4.3999999999999995,4.2,13.5,0,2,0,0,0,0,0,0,0.0,0,0,0.0,0,0,0,0,0,0,0,nba_boxscorematchupsv3
1,2025-26,Playoffs,Western Conference Finals,2026_okc_sas_api_20261005,0042500311,1,2026-05-18,1610612759,SAS,1629640,Keldon Johnson,1610612760,OKC,1628983,Shai Gilgeous-Alexander,33,1.8,2.5,6.2,6.6000000000000005,0,2,0,0,1,0,0,0,0.0,0,0,0.0,0,0,0,0,0,0,0,nba_boxscorematchupsv3
1,2025-26,Playoffs,Western Conference Finals,2026_okc_sas_api_20261005,0042500311,1,2026-05-18,1610612759,SAS,1629640,Keldon Johnson,1610612760,OKC,1628392,Isaiah Hartenstein,3,0.2,0.8999999999999999,0.5,2.4,0,0,0,0,1,0,0,0,0.0,0,0,0.0,0,0,0,0,0,0,0,nba_boxscorematchupsv3
1,2025-26,Playoffs,Western Conference Finals,2026_okc_sas_api_20261005,0042500311,1,2026-05-18,1610612759,SAS,1629640,Keldon Johnson,1610612760,OKC,1631096,Chet Holmgren,88,7.1,8.4,16.400000000000002,34.699999999999996,0,2,0,0,0,0,0,3,0.0,0,2,0.0,0,0,0,0,0,0,0,nba_boxscorematchupsv3
1,2025-26,Playoffs,Western Conference Finals,2026_okc_sas_api_20261005,0042500311,1,2026-05-18,1610612759,SAS,1629640,Keldon Johnson,1610612760,OKC,1642272,Jared McCain,74,5.8,15.7,13.8,27.1,2,4,0,0,0,0,1,2,50.0,0,0,0.0,0,0,0,0,0,0,0,nba_boxscorematchupsv3
1,2025-26,Playoffs,Western Conference Finals,2026_okc_sas_api_20261005,0042500311,1,2026-05-18,1610612759,SAS,1629640,Keldon Johnson,1610612760,OKC,1642349,Ajay Mitchell,77,6.0,8.5,14.399999999999999,26.700000000000003,6,6,0,0,0,0,2,2,100.0,2,2,100.0,0,0,0,0,0,0,0,nba_boxscorematchupsv3
1,2025-26,Playoffs,Western Conference Finals,2026_okc_sas_api_20261005,0042500311,1,2026-05-18,1610612759,SAS,1629640,Keldon Johnson,1610612760,OKC,1641717,Cason Wallace,39,2.3,5.5,7.199999999999999,13.4,0,4,0,0,0,0,0,0,0.0,0,0,0.0,0,0,0,0,0,0,0,nba_boxscorematchupsv3
1,2025-26,Playoffs,Western Conference Finals,2026_okc_sas_api_20261005,0042500311,1,2026-05-18,1610612759,SAS,1629640,Keldon Johnson,1610612760,OKC,1630598,Aaron Wiggins,27,1.1,24.9,5.0,24.9,0,0,0,0,0,0,0,0,0.0,0,0,0.0,0,0,0,0,0,0,0,nba_boxscorematchupsv3
1,2025-26,Playoffs,Western Conference Finals,2026_okc_sas_api_20261005,0042500311,1,2026-05-18,1610612759,SAS,1629640,Keldon Johnson,1610612760,OKC,1631114,Jalen Williams,38,3.5,4.0,7.1,33.0,0,2,0,0,0,0,0,0,0.0,0,0,0.0,0,0,0,0,0,0,0,nba_boxscorematchupsv3
1,2025-26,Playoffs,Western Conference Finals,2026_okc_sas_api_20261005,0042500311,1,2026-05-18,1610612759,SAS,1629640,Keldon Johnson,1610612760,OKC,1631119,Jaylin Williams,91,5.5,31.7,16.900000000000002,44.1,3,5,0,0,0,0,1,2,50.0,1,2,50.0,0,0,0,0,0,0,0,nba_boxscorematchupsv3
1,2025-26,Playoffs,Western Conference Finals,2026_okc_sas_api_20261005,0042500311,1,2026-05-18,1610612759,SAS,1628436,Luke Kornet,1610612760,OKC,1628392,Isaiah Hartenstein,214,16.8,66.10000000000001,84.1,84.1,0,14,1,0,1,1,0,1,0.0,0,0,0.0,0,0,0,0,0,0,0,nba_boxscorematchupsv3
1,2025-26,Playoffs,Western Conference Finals,2026_okc_sas_api_20261005,0042500311,1,2026-05-18,1610612759,SAS,1628436,Luke Kornet,1610612760,OKC,1631096,Chet Holmgren,7,0.4,0.7000000000000001,2.7,7.3999999999999995,0,2,0,0,0,0,0,0,0.0,0,0,0.0,0,0,0,0,0,0,0,nba_boxscorematchupsv3
1,2025-26,Playoffs,Western Conference Finals,2026_okc_sas_api_20261005,0042500311,1,2026-05-18,1610612759,SAS,1628436,Luke Kornet,1610612760,OKC,1642272,Jared McCain,14,0.8,3.0,5.6000000000000005,5.7,0,0,0,0,0,0,0,0,0.0,0,0,0.0,0,0,0,0,0,0,0,nba_boxscorematchupsv3
1,2025-26,Playoffs,Western Conference Finals,2026_okc_sas_api_20261005,0042500311,1,2026-05-18,1610612759,SAS,1628436,Luke Kornet,1610612760,OKC,1642349,Ajay Mitchell,12,1.2,1.4000000000000001,4.8,4.8,0,0,0,0,0,0,0,0,0.0,0,0,0.0,0,0,0,0,0,0,0,nba_boxscorematchupsv3
1,2025-26,Playoffs,Western Conference Finals,2026_okc_sas_api_20261005,0042500311,1,2026-05-18,1610612759,SAS,1628436,Luke Kornet,1610612760,OKC,1641717,Cason Wallace,3,0.3,0.4,1.2,3.9,0,0,0,0,0,0,0,0,0.0,0,0,0.0,0,0,0,0,0,0,0,nba_boxscorematchupsv3
1,2025-26,Playoffs,Western Conference Finals,2026_okc_sas_api_20261005,0042500311,1,2026-05-18,1610612759,SAS,1628436,Luke Kornet,1610612760,OKC,1631114,Jalen Williams,14,1.6,1.5,5.7,8.200000000000001,0,0,0,0,0,0,0,0,0.0,0,0,0.0,0,0,0,0,0,0,0,nba_boxscorematchupsv3
1,2025-26,Playoffs,Western Conference Finals,2026_okc_sas_api_20261005,0042500311,1,2026-05-18,1610612759,SAS,203084,Harrison Barnes,1610612760,OKC,1631096,Chet Holmgren,36,3.0,3.5000000000000004,23.1,84.39999999999999,0,2,0,0,0,0,0,1,0.0,0,0,0.0,0,0,0,0,0,0,0,nba_boxscorematchupsv3
1,2025-26,Playoffs,Western Conference Finals,2026_okc_sas_api_20261005,0042500311,1,2026-05-18,1610612759,SAS,203084,Harrison Barnes,1610612760,OKC,1642272,Jared McCain,81,5.7,17.1,51.300000000000004,51.300000000000004,0,6,0,0,0,0,0,0,0.0,0,0,0.0,0,0,0,0,0,0,0,nba_boxscorematchupsv3
1,2025-26,Playoffs,Western Conference Finals,2026_okc_sas_api_20261005,0042500311,1,2026-05-18,1610612759,SAS,203084,Harrison Barnes,1610612760,OKC,1642349,Ajay Mitchell,7,0.8,0.8,4.3999999999999995,5.7,0,0,0,0,0,0,0,1,0.0,0,0,0.0,0,0,0,0,0,0,0,nba_boxscorematchupsv3
1,2025-26,Playoffs,Western Conference Finals,2026_okc_sas_api_20261005,0042500311,1,2026-05-18,1610612759,SAS,203084,Harrison Barnes,1610612760,OKC,1641717,Cason Wallace,5,0.3,0.7000000000000001,3.0,4.1000000000000005,0,0,0,0,0,0,0,0,0.0,0,0,0.0,0,0,0,0,0,0,0,nba_boxscorematchupsv3
1,2025-26,Playoffs,Western Conference Finals,2026_okc_sas_api_20261005,0042500311,1,2026-05-18,1610612759,SAS,203084,Harrison Barnes,1610612760,OKC,1631114,Jalen Williams,24,1.9,2.5,15.4,15.4,0,4,0,0,0,0,0,0,0.0,0,0,0.0,0,0,0,0,0,0,0,nba_boxscorematchupsv3
1,2025-26,Playoffs,Western Conference Finals,2026_okc_sas_api_20261005,0042500311,1,2026-05-18,1610612759,SAS,203084,Harrison Barnes,1610612760,OKC,1631119,Jaylin Williams,4,0.3,1.5,2.7,11.600000000000001,0,0,0,0,0,0,0,0,0.0,0,0,0.0,0,0,0,0,0,0,0,nba_boxscorematchupsv3
1,2025-26,Playoffs,Western Conference Finals,2026_okc_sas_api_20261005,0042500311,1,2026-05-18,1610612759,SAS,1642868,Carter Bryant,1610612760,OKC,1627936,Alex Caruso,27,2.5,3.2,8.200000000000001,9.8,0,0,0,0,0,0,0,0,0.0,0,0,0.0,0,0,0,0,0,0,0,nba_boxscorematchupsv3
1,2025-26,Playoffs,Western Conference Finals,2026_okc_sas_api_20261005,0042500311,1,2026-05-18,1610612759,SAS,1642868,Carter Bryant,1610612760,OKC,1629652,Luguentz Dort,2,0.2,0.4,0.7000000000000001,4.1000000000000005,0,3,0,0,0,0,0,0,0.0,0,0,0.0,0,0,0,0,0,0,0,nba_boxscorematchupsv3
1,2025-26,Playoffs,Western Conference Finals,2026_okc_sas_api_20261005,0042500311,1,2026-05-18,1610612759,SAS,1642868,Carter Bryant,1610612760,OKC,1628983,Shai Gilgeous-Alexander,77,7.0,5.800000000000001,23.3,26.3,0,10,1,0,0,0,0,0,0.0,0,0,0.0,0,0,0,0,0,0,0,nba_boxscorematchupsv3
1,2025-26,Playoffs,Western Conference Finals,2026_okc_sas_api_20261005,0042500311,1,2026-05-18,1610612759,SAS,1642868,Carter Bryant,1610612760,OKC,1631096,Chet Holmgren,69,5.6,6.5,20.7,48.8,0,5,0,0,0,0,0,0,0.0,0,0,0.0,0,0,0,0,0,0,0,nba_boxscorematchupsv3
1,2025-26,Playoffs,Western Conference Finals,2026_okc_sas_api_20261005,0042500311,1,2026-05-18,1610612759,SAS,1642868,Carter Bryant,1610612760,OKC,1642272,Jared McCain,29,2.9,6.2,8.9,21.2,0,4,0,0,0,0,0,0,0.0,0,0,0.0,0,0,0,0,0,0,0,nba_boxscorematchupsv3
1,2025-26,Playoffs,Western Conference Finals,2026_okc_sas_api_20261005,0042500311,1,2026-05-18,1610612759,SAS,1642868,Carter Bryant,1610612760,OKC,1642349,Ajay Mitchell,4,0.2,0.4,1.0999999999999999,2.5,0,0,0,0,0,0,0,0,0.0,0,0,0.0,0,0,0,0,0,0,0,nba_boxscorematchupsv3
1,2025-26,Playoffs,Western Conference Finals,2026_okc_sas_api_20261005,0042500311,1,2026-05-18,1610612759,SAS,1642868,Carter Bryant,1610612760,OKC,1641717,Cason Wallace,31,1.7,4.3,9.3,12.4,3,3,0,0,0,0,1,1,100.0,1,1,100.0,0,0,0,0,0,0,0,nba_boxscorematchupsv3
1,2025-26,Playoffs,Western Conference Finals,2026_okc_sas_api_20261005,0042500311,1,2026-05-18,1610612759,SAS,1642868,Carter Bryant,1610612760,OKC,1630598,Aaron Wiggins,32,1.5,29.4,9.6,29.4,3,3,0,0,0,0,1,2,50.0,1,2,50.0,0,0,0,0,0,0,0,nba_boxscorematchupsv3
1,2025-26,Playoffs,Western Conference Finals,2026_okc_sas_api_20261005,0042500311,1,2026-05-18,1610612759,SAS,1642868,Carter Bryant,1610612760,OKC,1631114,Jalen Williams,9,0.6,0.8999999999999999,2.8000000000000003,15.6,0,0,0,0,0,0,0,0,0.0,0,0,0.0,0,0,0,0,0,0,0,nba_boxscorematchupsv3
1,2025-26,Playoffs,Western Conference Finals,2026_okc_sas_api_20261005,0042500311,1,2026-05-18,1610612759,SAS,1642868,Carter Bryant,1610612760,OKC,1631119,Jaylin Williams,32,1.4,11.0,9.5,29.099999999999998,0,0,0,0,0,0,0,0,0.0,0,0,0.0,0,0,0,0,0,0,0,nba_boxscorematchupsv3
1,2025-26,Playoffs,Western Conference Finals,2026_okc_sas_api_20261005,0042500312,2,2026-05-20,1610612760,OKC,1631114,Jalen Williams,1610612759,SAS,1642868,Carter Bryant,14,1.4,5.533600000000001,8.23529,48.5,0,0,0,0,0,0,0,0,0.0,0,0,0.0,0,0,0,0,0,0,0,nba_boxscorematchupsv3
1,2025-26,Playoffs,Western Conference Finals,2026_okc_sas_api_20261005,0042500312,2,2026-05-20,1610612760,OKC,1631114,Jalen Williams,1610612759,SAS,1630577,Julian Champagnie,14,1.6,1.59453,8.23529,8.4,0,4,0,0,0,0,0,0,0.0,0,0,0.0,0,0,0,0,0,0,0,nba_boxscorematchupsv3
1,2025-26,Playoffs,Western Conference Finals,2026_okc_sas_api_20261005,0042500312,2,2026-05-20,1610612760,OKC,1631114,Jalen Williams,1610612759,SAS,1642844,Dylan Harper,71,4.5,12.17839,41.76471,38.2,4,6,0,0,0,0,2,2,100.0,0,0,0.0,0,0,0,0,0,0,0,nba_boxscorematchupsv3
1,2025-26,Playoffs,Western Conference Finals,2026_okc_sas_api_20261005,0042500312,2,2026-05-20,1610612760,OKC,1631114,Jalen Williams,1610612759,SAS,1629640,Keldon Johnson,13,1.7,2.0634900000000003,7.64706,21.8,0,3,0,0,0,0,0,1,0.0,0,0,0.0,0,0,0,0,0,0,0,nba_boxscorematchupsv3
1,2025-26,Playoffs,Western Conference Finals,2026_okc_sas_api_20261005,0042500312,2,2026-05-20,1610612760,OKC,1631114,Jalen Williams,1610612759,SAS,1628436,Luke Kornet,12,0.3,5.17241,7.058820000000001,16.900000000000002,0,2,0,0,0,0,0,0,0.0,0,0,0.0,0,0,0,0,0,0,0,nba_boxscorematchupsv3
1,2025-26,Playoffs,Western Conference Finals,2026_okc_sas_api_20261005,0042500312,2,2026-05-20,1610612760,OKC,1631114,Jalen Williams,1610612759,SAS,1630170,Devin Vassell,40,3.3,4.3811599999999995,23.529410000000002,28.199999999999996,0,3,0,0,0,0,0,1,0.0,0,0,0.0,0,0,0,0,0,0,0,nba_boxscorematchupsv3
1,2025-26,Playoffs,Western Conference Finals,2026_okc_sas_api_20261005,0042500312,2,2026-05-20,1610612760,OKC,1631114,Jalen Williams,1610612759,SAS,1641705,Victor Wembanyama,6,1.2,0.65076,3.5294100000000004,10.8,0,0,0,0,0,0,0,0,0.0,0,0,0.0,0,0,0,0,0,0,0,nba_boxscorematchupsv3
1,2025-26,Playoffs,Western Conference Finals,2026_okc_sas_api_20261005,0042500312,2,2026-05-20,1610612760,OKC,1631096,Chet Holmgren,1610612759,SAS,203084,Harrison Barnes,43,5.1,14.87889,7.060760000000001,28.000000000000004,0,6,0,0,0,0,0,0,0.0,0,0,0.0,0,0,0,0,0,0,0,nba_boxscorematchupsv3
1,2025-26,Playoffs,Western Conference Finals,2026_okc_sas_api_20261005,0042500312,2,2026-05-20,1610612760,OKC,1631096,Chet Holmgren,1610612759,SAS,1642868,Carter Bryant,18,2.4,7.11462,2.95567,18.7,2,4,0,0,0,0,1,1,100.0,0,0,0.0,0,0,0,0,0,0,0,nba_boxscorematchupsv3
1,2025-26,Playoffs,Western Conference Finals,2026_okc_sas_api_20261005,0042500312,2,2026-05-20,1610612760,OKC,1631096,Chet Holmgren,1610612759,SAS,1642264,Stephon Castle,33,4.0,3.43392,5.4187199999999995,6.800000000000001,0,2,0,0,0,0,0,0,0.0,0,0,0.0,0,0,0,0,0,0,0,nba_boxscorematchupsv3
1,2025-26,Playoffs,Western Conference Finals,2026_okc_sas_api_20261005,0042500312,2,2026-05-20,1610612760,OKC,1631096,Chet Holmgren,1610612759,SAS,1630577,Julian Champagnie,104,9.9,11.8451,17.07718,19.7,2,12,1,0,1,0,1,2,50.0,0,0,0.0,0,0,0,0,0,0,0,nba_boxscorematchupsv3
1,2025-26,Playoffs,Western Conference Finals,2026_okc_sas_api_20261005,0042500312,2,2026-05-20,1610612760,OKC,1631096,Chet Holmgren,1610612759,SAS,1642844,Dylan Harper,19,1.1,3.2590099999999995,3.11987,7.000000000000001,0,2,0,0,0,0,0,0,0.0,0,0,0.0,0,0,0,0,0,0,0,nba_boxscorematchupsv3
1,2025-26,Playoffs,Western Conference Finals,2026_okc_sas_api_20261005,0042500312,2,2026-05-20,1610612760,OKC,1631096,Chet Holmgren,1610612759,SAS,1629640,Keldon Johnson,96,5.4,15.2381,15.76355,35.199999999999996,2,6,0,0,0,0,0,1,0.0,0,0,0.0,2,3,1,0,0,0,0,nba_boxscorematchupsv3
1,2025-26,Playoffs,Western Conference Finals,2026_okc_sas_api_20261005,0042500312,2,2026-05-20,1610612760,OKC,1631096,Chet Holmgren,1610612759,SAS,1628436,Luke Kornet,26,5.0,11.206900000000001,4.26929,26.0,5,11,0,0,0,0,2,2,100.0,0,0,0.0,1,1,1,0,0,0,0,nba_boxscorematchupsv3
1,2025-26,Playoffs,Western Conference Finals,2026_okc_sas_api_20261005,0042500312,2,2026-05-20,1610612760,OKC,1631096,Chet Holmgren,1610612759,SAS,1629162,Jordan McLaughlin,4,0.6,2.5641000000000003,0.65681,4.5,0,0,0,0,0,0,0,0,0.0,0,0,0.0,0,0,0,0,0,0,0,nba_boxscorematchupsv3
1,2025-26,Playoffs,Western Conference Finals,2026_okc_sas_api_20261005,0042500312,2,2026-05-20,1610612760,OKC,1631096,Chet Holmgren,1610612759,SAS,1630170,Devin Vassell,173,9.8,18.94852,28.40722,31.6,0,15,1,0,0,0,0,1,0.0,0,1,0.0,0,0,0,0,0,0,0,nba_boxscorematchupsv3
1,2025-26,Playoffs,Western Conference Finals,2026_okc_sas_api_20261005,0042500312,2,2026-05-20,1610612760,OKC,1631096,Chet Holmgren,1610612759,SAS,1641705,Victor Wembanyama,93,8.4,10.086770000000001,15.27094,22.5,0,7,0,0,0,2,0,1,0.0,0,1,0.0,0,0,0,0,0,0,0,nba_boxscorematchupsv3
1,2025-26,Playoffs,Western Conference Finals,2026_okc_sas_api_20261005,0042500312,2,2026-05-20,1610612760,OKC,1628392,Isaiah Hartenstein,1610612759,SAS,203084,Harrison Barnes,6,0.8,2.07612,0.88365,6.3,0,0,0,0,0,0,0,0,0.0,0,0,0.0,0,0,0,0,0,0,0,nba_boxscorematchupsv3
1,2025-26,Playoffs,Western Conference Finals,2026_okc_sas_api_20261005,0042500312,2,2026-05-20,1610612760,OKC,1628392,Isaiah Hartenstein,1610612759,SAS,1642868,Carter Bryant,6,0.4,2.37154,0.88365,9.0,0,0,0,0,0,0,0,0,0.0,0,0,0.0,0,0,0,0,0,0,0,nba_boxscorematchupsv3
1,2025-26,Playoffs,Western Conference Finals,2026_okc_sas_api_20261005,0042500312,2,2026-05-20,1610612760,OKC,1628392,Isaiah Hartenstein,1610612759,SAS,1642264,Stephon Castle,64,4.8,6.65973,9.42563,11.1,0,9,1,0,0,0,0,1,0.0,0,0,0.0,0,0,0,0,0,0,0,nba_boxscorematchupsv3
1,2025-26,Playoffs,Western Conference Finals,2026_okc_sas_api_20261005,0042500312,2,2026-05-20,1610612760,OKC,1628392,Isaiah Hartenstein,1610612759,SAS,1630577,Julian Champagnie,41,4.4,4.669700000000001,6.03829,9.4,2,7,0,0,0,0,1,1,100.0,0,0,0.0,0,2,1,0,0,0,0,nba_boxscorematchupsv3
1,2025-26,Playoffs,Western Conference Finals,2026_okc_sas_api_20261005,0042500312,2,2026-05-20,1610612760,OKC,1628392,Isaiah Hartenstein,1610612759,SAS,1642844,Dylan Harper,24,2.2,4.11664,3.53461,9.5,0,0,0,0,0,0,0,1,0.0,0,0,0.0,0,0,0,0,0,0,0,nba_boxscorematchupsv3
1,2025-26,Playoffs,Western Conference Finals,2026_okc_sas_api_20261005,0042500312,2,2026-05-20,1610612760,OKC,1628392,Isaiah Hartenstein,1610612759,SAS,1629640,Keldon Johnson,26,3.6,4.1269800000000005,3.8291600000000003,10.100000000000001,0,5,0,0,0,0,0,0,0.0,0,0,0.0,0,0,0,0,0,0,0,nba_boxscorematchupsv3
1,2025-26,Playoffs,Western Conference Finals,2026_okc_sas_api_20261005,0042500312,2,2026-05-20,1610612760,OKC,1628392,Isaiah Hartenstein,1610612759,SAS,1629162,Jordan McLaughlin,4,0.0,2.5641000000000003,0.5891000000000001,4.1000000000000005,0,2,0,0,0,0,0,0,0.0,0,0,0.0,0,0,0,0,0,0,0,nba_boxscorematchupsv3
1,2025-26,Playoffs,Western Conference Finals,2026_okc_sas_api_20261005,0042500312,2,2026-05-20,1610612760,OKC,1628392,Isaiah Hartenstein,1610612759,SAS,1630170,Devin Vassell,28,2.5,3.06681,4.12371,6.7,2,2,0,0,0,0,0,0,0.0,0,0,0.0,2,2,1,0,0,0,0,nba_boxscorematchupsv3
1,2025-26,Playoffs,Western Conference Finals,2026_okc_sas_api_20261005,0042500312,2,2026-05-20,1610612760,OKC,1628392,Isaiah Hartenstein,1610612759,SAS,1641705,Victor Wembanyama,480,30.6,52.06074,70.69219,63.6,6,40,2,0,2,1,3,5,60.0,0,0,0.0,0,0,0,0,0,0,0,nba_boxscorematchupsv3
1,2025-26,Playoffs,Western Conference Finals,2026_okc_sas_api_20261005,0042500312,2,2026-05-20,1610612760,OKC,1629652,Luguentz Dort,1610612759,SAS,203084,Harrison Barnes,2,0.1,0.69204,0.5102,3.0,0,0,0,0,0,0,0,0,0.0,0,0,0.0,0,0,0,0,0,0,0,nba_boxscorematchupsv3
1,2025-26,Playoffs,Western Conference Finals,2026_okc_sas_api_20261005,0042500312,2,2026-05-20,1610612760,OKC,1629652,Luguentz Dort,1610612759,SAS,1642868,Carter Bryant,4,0.4,1.58103,1.02041,8.1,0,0,0,0,0,0,0,0,0.0,0,0,0.0,0,0,0,0,0,0,0,nba_boxscorematchupsv3
1,2025-26,Playoffs,Western Conference Finals,2026_okc_sas_api_20261005,0042500312,2,2026-05-20,1610612760,OKC,1629652,Luguentz Dort,1610612759,SAS,1642264,Stephon Castle,71,5.5,7.38814,18.11224,21.2,0,4,1,0,0,0,0,0,0.0,0,0,0.0,0,0,0,0,0,0,0,nba_boxscorematchupsv3
1,2025-26,Playoffs,Western Conference Finals,2026_okc_sas_api_20261005,0042500312,2,2026-05-20,1610612760,OKC,1629652,Luguentz Dort,1610612759,SAS,1630577,Julian Champagnie,159,9.7,18.10934,40.56122,52.2,0,8,1,0,0,0,0,0,0.0,0,0,0.0,0,0,0,0,0,0,0,nba_boxscorematchupsv3
1,2025-26,Playoffs,Western Conference Finals,2026_okc_sas_api_20261005,0042500312,2,2026-05-20,1610612760,OKC,1629652,Luguentz Dort,1610612759,SAS,1642844,Dylan Harper,51,4.9,8.747860000000001,13.0102,15.0,3,7,1,0,0,0,1,2,50.0,0,1,0.0,1,2,1,0,0,0,0,nba_boxscorematchupsv3
1,2025-26,Playoffs,Western Conference Finals,2026_okc_sas_api_20261005,0042500312,2,2026-05-20,1610612760,OKC,1629652,Luguentz Dort,1610612759,SAS,1629640,Keldon Johnson,5,0.4,0.7936500000000001,1.27551,6.9,0,0,0,0,0,0,0,0,0.0,0,0,0.0,0,0,0,0,0,0,0,nba_boxscorematchupsv3
1,2025-26,Playoffs,Western Conference Finals,2026_okc_sas_api_20261005,0042500312,2,2026-05-20,1610612760,OKC,1629652,Luguentz Dort,1610612759,SAS,1628436,Luke Kornet,27,1.6,11.63793,6.88776,24.3,3,6,0,0,0,0,1,1,100.0,1,1,100.0,0,0,0,0,0,0,0,nba_boxscorematchupsv3
1,2025-26,Playoffs,Western Conference Finals,2026_okc_sas_api_20261005,0042500312,2,2026-05-20,1610612760,OKC,1629652,Luguentz Dort,1610612759,SAS,1630170,Devin Vassell,47,3.1,5.14786,11.9898,12.8,0,5,0,0,0,0,0,0,0.0,0,0,0.0,0,0,0,0,0,0,0,nba_boxscorematchupsv3
1,2025-26,Playoffs,Western Conference Finals,2026_okc_sas_api_20261005,0042500312,2,2026-05-20,1610612760,OKC,1629652,Luguentz Dort,1610612759,SAS,1641705,Victor Wembanyama,26,1.6,2.81996,6.63265,8.0,2,2,0,0,0,0,1,1,100.0,0,0,0.0,0,0,0,0,0,0,0,nba_boxscorematchupsv3
1,2025-26,Playoffs,Western Conference Finals,2026_okc_sas_api_20261005,0042500312,2,2026-05-20,1610612760,OKC,1628983,Shai Gilgeous-Alexander,1610612759,SAS,203084,Harrison Barnes,16,0.9,5.5363299999999995,1.5748000000000002,8.200000000000001,0,2,0,0,0,0,0,0,0.0,0,0,0.0,0,0,0,0,0,0,0,nba_boxscorematchupsv3
1,2025-26,Playoffs,Western Conference Finals,2026_okc_sas_api_20261005,0042500312,2,2026-05-20,1610612760,OKC,1628983,Shai Gilgeous-Alexander,1610612759,SAS,1642868,Carter Bryant,39,3.6,15.415019999999998,3.83858,39.300000000000004,2,5,0,0,0,1,1,3,33.300000000000004,0,1,0.0,0,0,0,0,0,0,0,nba_boxscorematchupsv3
1,2025-26,Playoffs,Western Conference Finals,2026_okc_sas_api_20261005,0042500312,2,2026-05-20,1610612760,OKC,1628983,Shai Gilgeous-Alexander,1610612759,SAS,1642264,Stephon Castle,438,30.0,45.57752,43.11024,53.2,13,39,2,0,1,0,6,11,54.50000000000001,0,2,0.0,1,1,1,0,0,0,0,nba_boxscorematchupsv3
1,2025-26,Playoffs,Western Conference Finals,2026_okc_sas_api_20261005,0042500312,2,2026-05-20,1610612760,OKC,1628983,Shai Gilgeous-Alexander,1610612759,SAS,1630577,Julian Champagnie,93,4.4,10.592260000000001,9.15354,11.600000000000001,0,0,0,0,0,0,0,0,0.0,0,0,0.0,0,0,0,0,0,0,0,nba_boxscorematchupsv3
1,2025-26,Playoffs,Western Conference Finals,2026_okc_sas_api_20261005,0042500312,2,2026-05-20,1610612760,OKC,1628983,Shai Gilgeous-Alexander,1610612759,SAS,1642844,Dylan Harper,108,7.8,18.52487,10.62992,20.599999999999998,4,20,0,0,0,0,2,3,66.7,0,0,0.0,0,0,0,0,0,0,0,nba_boxscorematchupsv3
1,2025-26,Playoffs,Western Conference Finals,2026_okc_sas_api_20261005,0042500312,2,2026-05-20,1610612760,OKC,1628983,Shai Gilgeous-Alexander,1610612759,SAS,1629640,Keldon Johnson,26,3.2,4.1269800000000005,2.55906,6.5,0,0,0,0,0,0,0,0,0.0,0,0,0.0,0,0,0,0,0,0,0,nba_boxscorematchupsv3
1,2025-26,Playoffs,Western Conference Finals,2026_okc_sas_api_20261005,0042500312,2,2026-05-20,1610612760,OKC,1628983,Shai Gilgeous-Alexander,1610612759,SAS,1628436,Luke Kornet,15,2.2,6.46552,1.47638,15.8,2,2,0,0,0,0,1,1,100.0,0,0,0.0,0,0,0,0,0,0,0,nba_boxscorematchupsv3
1,2025-26,Playoffs,Western Conference Finals,2026_okc_sas_api_20261005,0042500312,2,2026-05-20,1610612760,OKC,1628983,Shai Gilgeous-Alexander,1610612759,SAS,1629162,Jordan McLaughlin,32,3.4,20.51282,3.14961,18.3,5,12,3,0,0,0,2,2,100.0,0,0,0.0,1,1,1,0,0,0,0,nba_boxscorematchupsv3
1,2025-26,Playoffs,Western Conference Finals,2026_okc_sas_api_20261005,0042500312,2,2026-05-20,1610612760,OKC,1628983,Shai Gilgeous-Alexander,1610612759,SAS,1630170,Devin Vassell,178,14.6,19.49617,17.519689999999997,21.099999999999998,4,20,2,0,0,1,0,2,0.0,0,0,0.0,4,4,1,0,0,0,0,nba_boxscorematchupsv3
1,2025-26,Playoffs,Western Conference Finals,2026_okc_sas_api_20261005,0042500312,2,2026-05-20,1610612760,OKC,1628983,Shai Gilgeous-Alexander,1610612759,SAS,1641705,Victor Wembanyama,71,6.6,7.70065,6.9881899999999995,8.7,0,4,1,0,0,0,0,1,0.0,0,0,0.0,0,0,0,0,0,0,0,nba_boxscorematchupsv3
1,2025-26,Playoffs,Western Conference Finals,2026_okc_sas_api_20261005,0042500312,2,2026-05-20,1610612760,OKC,1627936,Alex Caruso,1610612759,SAS,203084,Harrison Barnes,35,2.5,12.11073,5.813949999999999,21.7,0,3,0,0,0,0,0,0,0.0,0,0,0.0,0,0,0,0,0,0,0,nba_boxscorematchupsv3
1,2025-26,Playoffs,Western Conference Finals,2026_okc_sas_api_20261005,0042500312,2,2026-05-20,1610612760,OKC,1627936,Alex Caruso,1610612759,SAS,1642868,Carter Bryant,30,3.5,11.85771,4.98339,14.6,0,6,0,0,0,0,0,0,0.0,0,0,0.0,0,0,0,0,0,0,0,nba_boxscorematchupsv3
1,2025-26,Playoffs,Western Conference Finals,2026_okc_sas_api_20261005,0042500312,2,2026-05-20,1610612760,OKC,1627936,Alex Caruso,1610612759,SAS,1642264,Stephon Castle,91,8.0,9.4693,15.116280000000001,18.9,0,8,0,0,0,0,0,1,0.0,0,1,0.0,0,0,0,0,0,0,0,nba_boxscorematchupsv3
1,2025-26,Playoffs,Western Conference Finals,2026_okc_sas_api_20261005,0042500312,2,2026-05-20,1610612760,OKC,1627936,Alex Caruso,1610612759,SAS,1630577,Julian Champagnie,71,6.4,8.08656,11.79402,23.799999999999997,4,6,1,0,0,0,1,1,100.0,0,0,0.0,2,2,1,0,0,0,0,nba_boxscorematchupsv3
1,2025-26,Playoffs,Western Conference Finals,2026_okc_sas_api_20261005,0042500312,2,2026-05-20,1610612760,OKC,1627936,Alex Caruso,1610612759,SAS,1642844,Dylan Harper,41,3.2,7.03259,6.81063,16.0,0,0,1,0,0,0,0,0,0.0,0,0,0.0,0,0,0,0,0,0,0,nba_boxscorematchupsv3
1,2025-26,Playoffs,Western Conference Finals,2026_okc_sas_api_20261005,0042500312,2,2026-05-20,1610612760,OKC,1627936,Alex Caruso,1610612759,SAS,1629640,Keldon Johnson,179,11.2,28.4127,29.73422,34.699999999999996,0,14,1,0,0,0,0,0,0.0,0,0,0.0,0,0,0,0,0,0,0,nba_boxscorematchupsv3
1,2025-26,Playoffs,Western Conference Finals,2026_okc_sas_api_20261005,0042500312,2,2026-05-20,1610612760,OKC,1627936,Alex Caruso,1610612759,SAS,1628436,Luke Kornet,30,2.3,12.93103,4.98339,22.1,0,3,0,0,0,0,0,0,0.0,0,0,0.0,0,0,0,0,0,0,0,nba_boxscorematchupsv3
1,2025-26,Playoffs,Western Conference Finals,2026_okc_sas_api_20261005,0042500312,2,2026-05-20,1610612760,OKC,1627936,Alex Caruso,1610612759,SAS,1629162,Jordan McLaughlin,11,1.5,7.05128,1.8272400000000002,12.7,0,0,0,0,0,0,0,0,0.0,0,0,0.0,0,0,0,0,0,0,0,nba_boxscorematchupsv3
1,2025-26,Playoffs,Western Conference Finals,2026_okc_sas_api_20261005,0042500312,2,2026-05-20,1610612760,OKC,1627936,Alex Caruso,1610612759,SAS,1630170,Devin Vassell,39,4.7,4.27163,6.478409999999999,9.1,3,10,0,0,0,0,1,1,100.0,1,1,100.0,0,0,0,0,0,0,0,nba_boxscorematchupsv3
1,2025-26,Playoffs,Western Conference Finals,2026_okc_sas_api_20261005,0042500312,2,2026-05-20,1610612760,OKC,1627936,Alex Caruso,1610612759,SAS,1641705,Victor Wembanyama,75,5.5,8.13449,12.45847,14.899999999999999,10,18,2,0,0,1,3,4,75.0,2,2,100.0,2,2,1,0,0,0,0,nba_boxscorematchupsv3
1,2025-26,Playoffs,Western Conference Finals,2026_okc_sas_api_20261005,0042500312,2,2026-05-20,1610612760,OKC,1631119,Jaylin Williams,1610612759,SAS,1642868,Carter Bryant,9,0.8,3.55731,3.9647599999999996,11.4,0,3,0,0,0,0,0,0,0.0,0,0,0.0,0,0,0,0,0,0,0,nba_boxscorematchupsv3
1,2025-26,Playoffs,Western Conference Finals,2026_okc_sas_api_20261005,0042500312,2,2026-05-20,1610612760,OKC,1631119,Jaylin Williams,1610612759,SAS,1642264,Stephon Castle,26,2.6,2.70552,11.45374,12.5,3,5,0,0,0,0,1,1,100.0,1,1,100.0,0,0,0,0,0,0,0,nba_boxscorematchupsv3
1,2025-26,Playoffs,Western Conference Finals,2026_okc_sas_api_20261005,0042500312,2,2026-05-20,1610612760,OKC,1631119,Jaylin Williams,1610612759,SAS,1630577,Julian Champagnie,24,2.3,2.7334899999999998,10.57269,16.7,0,3,0,0,0,0,0,1,0.0,0,1,0.0,0,0,0,0,0,0,0,nba_boxscorematchupsv3
1,2025-26,Playoffs,Western Conference Finals,2026_okc_sas_api_20261005,0042500312,2,2026-05-20,1610612760,OKC,1631119,Jaylin Williams,1610612759,SAS,1642844,Dylan Harper,37,2.1,6.346480000000001,16.29956,28.4,0,0,0,0,0,0,0,0,0.0,0,0,0.0,0,0,0,0,0,0,0,nba_boxscorematchupsv3
1,2025-26,Playoffs,Western Conference Finals,2026_okc_sas_api_20261005,0042500312,2,2026-05-20,1610612760,OKC,1631119,Jaylin Williams,1610612759,SAS,1629640,Keldon Johnson,27,2.4,4.28571,11.89427,26.200000000000003,0,4,1,0,0,0,0,0,0.0,0,0,0.0,0,0,0,0,0,0,0,nba_boxscorematchupsv3
1,2025-26,Playoffs,Western Conference Finals,2026_okc_sas_api_20261005,0042500312,2,2026-05-20,1610612760,OKC,1631119,Jaylin Williams,1610612759,SAS,1628436,Luke Kornet,40,4.7,17.24138,17.62115,27.0,0,0,0,0,0,0,0,1,0.0,0,1,0.0,0,0,0,0,0,0,0,nba_boxscorematchupsv3
1,2025-26,Playoffs,Western Conference Finals,2026_okc_sas_api_20261005,0042500312,2,2026-05-20,1610612760,OKC,1631119,Jaylin Williams,1610612759,SAS,1630170,Devin Vassell,42,2.7,4.60022,18.5022,17.7,0,0,0,0,0,0,0,0,0.0,0,0,0.0,0,0,0,0,0,0,0,nba_boxscorematchupsv3
1,2025-26,Playoffs,Western Conference Finals,2026_okc_sas_api_20261005,0042500312,2,2026-05-20,1610612760,OKC,1631119,Jaylin Williams,1610612759,SAS,1641705,Victor Wembanyama,22,1.9,2.38612,9.69163,34.599999999999994,3,3,0,0,0,0,1,3,33.300000000000004,1,3,33.300000000000004,0,0,0,0,0,0,0,nba_boxscorematchupsv3
1,2025-26,Playoffs,Western Conference Finals,2026_okc_sas_api_20261005,0042500312,2,2026-05-20,1610612760,OKC,1642349,Ajay Mitchell,1610612759,SAS,203084,Harrison Barnes,40,3.6,13.84083,6.25,15.1,2,2,0,0,0,0,1,2,50.0,0,1,0.0,0,0,0,0,0,0,0,nba_boxscorematchupsv3
1,2025-26,Playoffs,Western Conference Finals,2026_okc_sas_api_20261005,0042500312,2,2026-05-20,1610612760,OKC,1642349,Ajay Mitchell,1610612759,SAS,1642868,Carter Bryant,66,4.4,26.086959999999998,10.3125,34.5,2,4,0,0,1,0,1,1,100.0,0,0,0.0,0,0,0,0,0,0,0,nba_boxscorematchupsv3
1,2025-26,Playoffs,Western Conference Finals,2026_okc_sas_api_20261005,0042500312,2,2026-05-20,1610612760,OKC,1642349,Ajay Mitchell,1610612759,SAS,1642264,Stephon Castle,111,9.9,11.55047,17.34375,21.8,0,12,1,0,0,0,0,1,0.0,0,0,0.0,0,0,0,0,0,0,0,nba_boxscorematchupsv3
1,2025-26,Playoffs,Western Conference Finals,2026_okc_sas_api_20261005,0042500312,2,2026-05-20,1610612760,OKC,1642349,Ajay Mitchell,1610612759,SAS,1630577,Julian Champagnie,50,4.4,5.6947600000000005,7.8125,10.9,0,10,0,0,0,0,0,0,0.0,0,0,0.0,0,0,0,0,0,0,0,nba_boxscorematchupsv3
1,2025-26,Playoffs,Western Conference Finals,2026_okc_sas_api_20261005,0042500312,2,2026-05-20,1610612760,OKC,1642349,Ajay Mitchell,1610612759,SAS,1642844,Dylan Harper,54,4.2,9.26244,8.4375,25.3,0,5,0,0,0,0,0,0,0.0,0,0,0.0,0,0,0,0,0,0,0,nba_boxscorematchupsv3
1,2025-26,Playoffs,Western Conference Finals,2026_okc_sas_api_20261005,0042500312,2,2026-05-20,1610612760,OKC,1642349,Ajay Mitchell,1610612759,SAS,1629640,Keldon Johnson,92,9.5,14.603169999999999,14.374999999999998,21.4,2,15,0,0,1,0,0,0,0.0,0,0,0.0,2,2,1,0,0,0,0,nba_boxscorematchupsv3
1,2025-26,Playoffs,Western Conference Finals,2026_okc_sas_api_20261005,0042500312,2,2026-05-20,1610612760,OKC,1642349,Ajay Mitchell,1610612759,SAS,1628436,Luke Kornet,32,3.1,13.793099999999999,5.0,14.799999999999999,0,2,0,0,0,0,0,0,0.0,0,0,0.0,0,0,0,0,0,0,0,nba_boxscorematchupsv3
1,2025-26,Playoffs,Western Conference Finals,2026_okc_sas_api_20261005,0042500312,2,2026-05-20,1610612760,OKC,1642349,Ajay Mitchell,1610612759,SAS,1629162,Jordan McLaughlin,22,3.9,14.10256,3.4375000000000004,22.2,0,2,0,0,1,0,0,1,0.0,0,0,0.0,0,0,0,0,0,0,0,nba_boxscorematchupsv3
1,2025-26,Playoffs,Western Conference Finals,2026_okc_sas_api_20261005,0042500312,2,2026-05-20,1610612760,OKC,1642349,Ajay Mitchell,1610612759,SAS,1630170,Devin Vassell,149,11.7,16.31982,23.28125,33.800000000000004,2,10,0,0,0,0,1,2,50.0,0,1,0.0,0,0,0,0,0,0,0,nba_boxscorematchupsv3
1,2025-26,Playoffs,Western Conference Finals,2026_okc_sas_api_20261005,0042500312,2,2026-05-20,1610612760,OKC,1642349,Ajay Mitchell,1610612759,SAS,1641705,Victor Wembanyama,24,2.3,2.60304,3.75,7.3,2,2,0,0,0,0,1,1,100.0,0,0,0.0,0,0,0,0,0,0,0,nba_boxscorematchupsv3
1,2025-26,Playoffs,Western Conference Finals,2026_okc_sas_api_20261005,0042500312,2,2026-05-20,1610612760,OKC,1642272,Jared McCain,1610612759,SAS,203084,Harrison Barnes,79,6.5,27.33564,12.26708,32.7,3,5,0,0,0,0,1,3,33.300000000000004,1,3,33.300000000000004,0,0,0,0,0,0,0,nba_boxscorematchupsv3
1,2025-26,Playoffs,Western Conference Finals,2026_okc_sas_api_20261005,0042500312,2,2026-05-20,1610612760,OKC,1642272,Jared McCain,1610612759,SAS,1642868,Carter Bryant,34,1.7,13.43874,5.2795000000000005,13.600000000000001,0,5,0,0,0,0,0,0,0.0,0,0,0.0,0,0,0,0,0,0,0,nba_boxscorematchupsv3
1,2025-26,Playoffs,Western Conference Finals,2026_okc_sas_api_20261005,0042500312,2,2026-05-20,1610612760,OKC,1642272,Jared McCain,1610612759,SAS,1642264,Stephon Castle,29,3.1,3.01769,4.5031099999999995,6.4,0,2,0,0,0,0,0,3,0.0,0,1,0.0,0,0,0,0,0,0,0,nba_boxscorematchupsv3
1,2025-26,Playoffs,Western Conference Finals,2026_okc_sas_api_20261005,0042500312,2,2026-05-20,1610612760,OKC,1642272,Jared McCain,1610612759,SAS,1630577,Julian Champagnie,108,9.5,12.30068,16.77019,25.1,2,12,0,0,0,0,1,1,100.0,0,0,0.0,0,0,0,0,0,0,0,nba_boxscorematchupsv3
1,2025-26,Playoffs,Western Conference Finals,2026_okc_sas_api_20261005,0042500312,2,2026-05-20,1610612760,OKC,1642272,Jared McCain,1610612759,SAS,1642844,Dylan Harper,71,6.0,12.17839,11.02484,29.2,0,13,1,0,0,0,0,1,0.0,0,0,0.0,0,0,0,0,0,0,0,nba_boxscorematchupsv3
1,2025-26,Playoffs,Western Conference Finals,2026_okc_sas_api_20261005,0042500312,2,2026-05-20,1610612760,OKC,1642272,Jared McCain,1610612759,SAS,1629640,Keldon Johnson,85,4.1,13.49206,13.198760000000002,21.3,0,7,0,0,0,0,0,1,0.0,0,1,0.0,0,0,0,0,0,0,0,nba_boxscorematchupsv3
1,2025-26,Playoffs,Western Conference Finals,2026_okc_sas_api_20261005,0042500312,2,2026-05-20,1610612760,OKC,1642272,Jared McCain,1610612759,SAS,1628436,Luke Kornet,30,2.7,12.93103,4.65839,13.5,0,2,1,0,0,0,0,0,0.0,0,0,0.0,0,0,0,0,0,0,0,nba_boxscorematchupsv3
1,2025-26,Playoffs,Western Conference Finals,2026_okc_sas_api_20261005,0042500312,2,2026-05-20,1610612760,OKC,1642272,Jared McCain,1610612759,SAS,1629162,Jordan McLaughlin,33,2.2,21.15385,5.12422,24.7,0,5,0,0,0,0,0,1,0.0,0,1,0.0,0,0,0,0,0,0,0,nba_boxscorematchupsv3
1,2025-26,Playoffs,Western Conference Finals,2026_okc_sas_api_20261005,0042500312,2,2026-05-20,1610612760,OKC,1642272,Jared McCain,1610612759,SAS,1630170,Devin Vassell,127,13.5,13.91019,19.720499999999998,29.599999999999998,1,11,1,0,0,0,0,1,0.0,0,0,0.0,1,2,1,0,0,0,0,nba_boxscorematchupsv3
1,2025-26,Playoffs,Western Conference Finals,2026_okc_sas_api_20261005,0042500312,2,2026-05-20,1610612760,OKC,1642272,Jared McCain,1610612759,SAS,1641705,Victor Wembanyama,48,4.3,5.20607,7.4534199999999995,12.9,6,8,0,0,0,0,2,3,66.7,2,3,66.7,0,0,0,0,0,0,0,nba_boxscorematchupsv3
1,2025-26,Playoffs,Western Conference Finals,2026_okc_sas_api_20261005,0042500312,2,2026-05-20,1610612760,OKC,1641717,Cason Wallace,1610612759,SAS,203084,Harrison Barnes,43,2.7,14.87889,7.084020000000001,35.9,3,5,0,0,0,0,1,1,100.0,1,1,100.0,0,0,0,0,0,0,0,nba_boxscorematchupsv3
1,2025-26,Playoffs,Western Conference Finals,2026_okc_sas_api_20261005,0042500312,2,2026-05-20,1610612760,OKC,1641717,Cason Wallace,1610612759,SAS,1642868,Carter Bryant,21,1.7,8.3004,3.45964,14.099999999999998,0,0,0,0,0,0,0,1,0.0,0,1,0.0,0,0,0,0,0,0,0,nba_boxscorematchupsv3
1,2025-26,Playoffs,Western Conference Finals,2026_okc_sas_api_20261005,0042500312,2,2026-05-20,1610612760,OKC,1641717,Cason Wallace,1610612759,SAS,1642264,Stephon Castle,78,3.3,8.11655,12.85008,14.799999999999999,0,8,1,0,0,0,0,0,0.0,0,0,0.0,0,0,0,0,0,0,0,nba_boxscorematchupsv3
1,2025-26,Playoffs,Western Conference Finals,2026_okc_sas_api_20261005,0042500312,2,2026-05-20,1610612760,OKC,1641717,Cason Wallace,1610612759,SAS,1630577,Julian Champagnie,170,11.2,19.362190000000002,28.00659,26.700000000000003,0,9,1,0,0,0,0,0,0.0,0,0,0.0,0,0,0,0,0,0,0,nba_boxscorematchupsv3
1,2025-26,Playoffs,Western Conference Finals,2026_okc_sas_api_20261005,0042500312,2,2026-05-20,1610612760,OKC,1641717,Cason Wallace,1610612759,SAS,1642844,Dylan Harper,93,8.4,15.95197,15.321250000000001,35.0,0,4,0,0,0,0,0,1,0.0,0,1,0.0,0,0,0,0,0,0,0,nba_boxscorematchupsv3
1,2025-26,Playoffs,Western Conference Finals,2026_okc_sas_api_20261005,0042500312,2,2026-05-20,1610612760,OKC,1641717,Cason Wallace,1610612759,SAS,1629640,Keldon Johnson,54,6.7,8.57143,8.89621,18.4,3,14,0,0,0,0,1,1,100.0,1,1,100.0,0,0,0,0,0,0,0,nba_boxscorematchupsv3
1,2025-26,Playoffs,Western Conference Finals,2026_okc_sas_api_20261005,0042500312,2,2026-05-20,1610612760,OKC,1641717,Cason Wallace,1610612759,SAS,1628436,Luke Kornet,20,2.3,8.62069,3.2948900000000005,24.6,0,0,0,0,0,0,0,0,0.0,0,0,0.0,0,0,0,0,0,0,0,nba_boxscorematchupsv3
1,2025-26,Playoffs,Western Conference Finals,2026_okc_sas_api_20261005,0042500312,2,2026-05-20,1610612760,OKC,1641717,Cason Wallace,1610612759,SAS,1629162,Jordan McLaughlin,26,1.3,16.66667,4.28336,23.7,0,2,0,0,0,0,0,0,0.0,0,0,0.0,0,0,0,0,0,0,0,nba_boxscorematchupsv3
1,2025-26,Playoffs,Western Conference Finals,2026_okc_sas_api_20261005,0042500312,2,2026-05-20,1610612760,OKC,1641717,Cason Wallace,1610612759,SAS,1630170,Devin Vassell,46,4.3,5.03834,7.578250000000001,11.3,3,8,1,0,0,0,1,1,100.0,1,1,100.0,0,0,0,0,0,0,0,nba_boxscorematchupsv3
1,2025-26,Playoffs,Western Conference Finals,2026_okc_sas_api_20261005,0042500312,2,2026-05-20,1610612760,OKC,1641717,Cason Wallace,1610612759,SAS,1641705,Victor Wembanyama,56,4.9,6.07375,9.2257,12.4,3,5,1,0,0,0,1,1,100.0,1,1,100.0,0,0,0,0,0,0,0,nba_boxscorematchupsv3
1,2025-26,Playoffs,Western Conference Finals,2026_okc_sas_api_20261005,0042500312,2,2026-05-20,1610612760,OKC,1630198,Isaiah Joe,1610612759,SAS,203084,Harrison Barnes,25,2.2,8.65052,11.26126,32.7,0,3,1,0,0,0,0,0,0.0,0,0,0.0,0,0,0,0,0,0,0,nba_boxscorematchupsv3
1,2025-26,Playoffs,Western Conference Finals,2026_okc_sas_api_20261005,0042500312,2,2026-05-20,1610612760,OKC,1630198,Isaiah Joe,1610612759,SAS,1642868,Carter Bryant,12,0.9,4.74308,5.40541,17.0,0,0,0,0,0,0,0,1,0.0,0,1,0.0,0,0,0,0,0,0,0,nba_boxscorematchupsv3
1,2025-26,Playoffs,Western Conference Finals,2026_okc_sas_api_20261005,0042500312,2,2026-05-20,1610612760,OKC,1630198,Isaiah Joe,1610612759,SAS,1642264,Stephon Castle,11,0.9,1.14464,4.95495,5.5,0,2,0,0,0,0,0,0,0.0,0,0,0.0,0,0,0,0,0,0,0,nba_boxscorematchupsv3
1,2025-26,Playoffs,Western Conference Finals,2026_okc_sas_api_20261005,0042500312,2,2026-05-20,1610612760,OKC,1630198,Isaiah Joe,1610612759,SAS,1630577,Julian Champagnie,44,2.7,5.0113900000000005,19.81982,33.1,0,2,0,0,0,0,0,0,0.0,0,0,0.0,0,0,0,0,0,0,0,nba_boxscorematchupsv3
1,2025-26,Playoffs,Western Conference Finals,2026_okc_sas_api_20261005,0042500312,2,2026-05-20,1610612760,OKC,1630198,Isaiah Joe,1610612759,SAS,1642844,Dylan Harper,14,0.6,2.40137,6.30631,9.1,0,0,0,0,0,0,0,0,0.0,0,0,0.0,0,0,0,0,0,0,0,nba_boxscorematchupsv3
1,2025-26,Playoffs,Western Conference Finals,2026_okc_sas_api_20261005,0042500312,2,2026-05-20,1610612760,OKC,1630198,Isaiah Joe,1610612759,SAS,1629640,Keldon Johnson,27,2.1,4.28571,12.16216,15.9,0,2,0,0,0,0,0,0,0.0,0,0,0.0,0,0,0,0,0,0,0,nba_boxscorematchupsv3
1,2025-26,Playoffs,Western Conference Finals,2026_okc_sas_api_20261005,0042500312,2,2026-05-20,1610612760,OKC,1630198,Isaiah Joe,1610612759,SAS,1629162,Jordan McLaughlin,24,2.0,15.384619999999998,10.81081,71.0,0,3,0,0,0,0,0,0,0.0,0,0,0.0,0,0,0,0,0,0,0,nba_boxscorematchupsv3
1,2025-26,Playoffs,Western Conference Finals,2026_okc_sas_api_20261005,0042500312,2,2026-05-20,1610612760,OKC,1630198,Isaiah Joe,1610612759,SAS,1630170,Devin Vassell,44,5.6,4.81928,19.81982,30.3,0,7,0,0,0,0,0,1,0.0,0,0,0.0,0,0,0,0,0,0,0,nba_boxscorematchupsv3
1,2025-26,Playoffs,Western Conference Finals,2026_okc_sas_api_20261005,0042500312,2,2026-05-20,1610612760,OKC,1630198,Isaiah Joe,1610612759,SAS,1641705,Victor Wembanyama,21,1.6,2.27766,9.45946,9.2,0,0,0,0,0,0,0,1,0.0,0,1,0.0,0,0,0,0,0,0,0,nba_boxscorematchupsv3
1,2025-26,Playoffs,Western Conference Finals,2026_okc_sas_api_20261005,0042500312,2,2026-05-20,1610612760,OKC,1630598,Aaron Wiggins,1610612759,SAS,1642264,Stephon Castle,9,0.0,0.93652,100.0,100.0,0,0,0,0,0,0,0,0,0.0,0,0,0.0,0,0,0,0,0,0,0,nba_boxscorematchupsv3
1,2025-26,Playoffs,Western Conference Finals,2026_okc_sas_api_20261005,0042500312,2,2026-05-20,1610612759,SAS,1630170,Devin Vassell,1610612760,OKC,1627936,Alex Caruso,99,10.9,20.04049,13.37838,25.8,0,8,1,0,0,0,0,2,0.0,0,2,0.0,0,0,0,0,0,0,0,nba_boxscorematchupsv3
1,2025-26,Playoffs,Western Conference Finals,2026_okc_sas_api_20261005,0042500312,2,2026-05-20,1610612759,SAS,1630170,Devin Vassell,1610612760,OKC,1629652,Luguentz Dort,30,2.5,9.202449999999999,4.05405,11.1,0,2,0,0,0,0,0,0,0.0,0,0,0.0,0,0,0,0,0,0,0,nba_boxscorematchupsv3
1,2025-26,Playoffs,Western Conference Finals,2026_okc_sas_api_20261005,0042500312,2,2026-05-20,1610612759,SAS,1630170,Devin Vassell,1610612760,OKC,1628983,Shai Gilgeous-Alexander,251,18.4,32.30373,33.91892,33.5,6,22,0,0,0,0,2,3,66.7,2,3,66.7,0,0,0,0,0,0,0,nba_boxscorematchupsv3
1,2025-26,Playoffs,Western Conference Finals,2026_okc_sas_api_20261005,0042500312,2,2026-05-20,1610612759,SAS,1630170,Devin Vassell,1610612760,OKC,1628392,Isaiah Hartenstein,23,2.7,4.1292599999999995,3.10811,5.800000000000001,3,3,0,0,0,0,1,2,50.0,1,2,50.0,0,0,0,0,0,0,0,nba_boxscorematchupsv3
1,2025-26,Playoffs,Western Conference Finals,2026_okc_sas_api_20261005,0042500312,2,2026-05-20,1610612759,SAS,1630170,Devin Vassell,1610612760,OKC,1631096,Chet Holmgren,15,2.9,2.52101,2.0270300000000003,5.1,0,2,0,0,0,0,0,1,0.0,0,0,0.0,0,0,0,0,0,0,0,nba_boxscorematchupsv3
1,2025-26,Playoffs,Western Conference Finals,2026_okc_sas_api_20261005,0042500312,2,2026-05-20,1610612759,SAS,1630170,Devin Vassell,1610612760,OKC,1630198,Isaiah Joe,41,5.0,21.24352,5.54054,31.2,2,6,0,0,0,0,0,0,0.0,0,0,0.0,2,2,1,0,0,0,0,nba_boxscorematchupsv3
1,2025-26,Playoffs,Western Conference Finals,2026_okc_sas_api_20261005,0042500312,2,2026-05-20,1610612759,SAS,1630170,Devin Vassell,1610612760,OKC,1642272,Jared McCain,105,12.3,21.560570000000002,14.189189999999998,36.9,5,15,0,0,0,0,2,2,100.0,1,1,100.0,0,0,0,0,0,0,0,nba_boxscorematchupsv3
1,2025-26,Playoffs,Western Conference Finals,2026_okc_sas_api_20261005,0042500312,2,2026-05-20,1610612759,SAS,1630170,Devin Vassell,1610612760,OKC,1642349,Ajay Mitchell,112,7.4,18.42105,15.13514,25.1,3,15,0,0,0,0,1,2,50.0,1,2,50.0,0,0,0,0,0,0,0,nba_boxscorematchupsv3
1,2025-26,Playoffs,Western Conference Finals,2026_okc_sas_api_20261005,0042500312,2,2026-05-20,1610612759,SAS,1630170,Devin Vassell,1610612760,OKC,1641717,Cason Wallace,37,4.9,7.74059,5.0,9.2,0,9,0,0,0,0,0,0,0.0,0,0,0.0,0,0,0,0,0,0,0,nba_boxscorematchupsv3
1,2025-26,Playoffs,Western Conference Finals,2026_okc_sas_api_20261005,0042500312,2,2026-05-20,1610612759,SAS,1630170,Devin Vassell,1610612760,OKC,1631114,Jalen Williams,20,3.1,12.19512,2.7027,20.4,0,5,0,0,0,0,0,1,0.0,0,1,0.0,0,0,0,0,0,0,0,nba_boxscorematchupsv3
1,2025-26,Playoffs,Western Conference Finals,2026_okc_sas_api_20261005,0042500312,2,2026-05-20,1610612759,SAS,1630170,Devin Vassell,1610612760,OKC,1631119,Jaylin Williams,7,0.2,3.62694,0.94595,5.4,3,5,0,0,0,0,1,1,100.0,1,1,100.0,0,0,0,0,0,0,0,nba_boxscorematchupsv3
1,2025-26,Playoffs,Western Conference Finals,2026_okc_sas_api_20261005,0042500312,2,2026-05-20,1610612759,SAS,1630577,Julian Champagnie,1610612760,OKC,1627936,Alex Caruso,50,5.1,10.12146,6.87758,18.099999999999998,0,10,0,0,0,0,0,1,0.0,0,1,0.0,0,0,0,0,0,0,0,nba_boxscorematchupsv3
1,2025-26,Playoffs,Western Conference Finals,2026_okc_sas_api_20261005,0042500312,2,2026-05-20,1610612759,SAS,1630577,Julian Champagnie,1610612760,OKC,1629652,Luguentz Dort,42,3.0,12.883439999999998,5.77717,13.600000000000001,2,4,0,0,0,0,0,0,0.0,0,0,0.0,2,2,1,0,0,0,0,nba_boxscorematchupsv3
1,2025-26,Playoffs,Western Conference Finals,2026_okc_sas_api_20261005,0042500312,2,2026-05-20,1610612759,SAS,1630577,Julian Champagnie,1610612760,OKC,1628983,Shai Gilgeous-Alexander,117,10.2,15.05792,16.09354,19.6,1,10,0,0,0,0,0,1,0.0,0,1,0.0,1,2,1,0,0,0,0,nba_boxscorematchupsv3
1,2025-26,Playoffs,Western Conference Finals,2026_okc_sas_api_20261005,0042500312,2,2026-05-20,1610612759,SAS,1630577,Julian Champagnie,1610612760,OKC,1628392,Isaiah Hartenstein,23,3.3,4.1292599999999995,3.1636900000000003,6.6000000000000005,0,5,0,0,0,0,0,1,0.0,0,1,0.0,0,0,0,0,0,0,0,nba_boxscorematchupsv3
1,2025-26,Playoffs,Western Conference Finals,2026_okc_sas_api_20261005,0042500312,2,2026-05-20,1610612759,SAS,1630577,Julian Champagnie,1610612760,OKC,1631096,Chet Holmgren,132,10.8,22.18487,18.15681,25.900000000000002,0,15,0,0,0,0,0,1,0.0,0,1,0.0,0,0,0,0,0,0,0,nba_boxscorematchupsv3
1,2025-26,Playoffs,Western Conference Finals,2026_okc_sas_api_20261005,0042500312,2,2026-05-20,1610612759,SAS,1630577,Julian Champagnie,1610612760,OKC,1630198,Isaiah Joe,40,2.2,20.725389999999997,5.50206,39.6,0,2,0,0,0,0,0,0,0.0,0,0,0.0,0,0,0,0,0,0,0,nba_boxscorematchupsv3
1,2025-26,Playoffs,Western Conference Finals,2026_okc_sas_api_20261005,0042500312,2,2026-05-20,1610612759,SAS,1630577,Julian Champagnie,1610612760,OKC,1642272,Jared McCain,201,17.2,41.2731,27.64787,50.4,2,24,1,0,0,0,1,3,33.300000000000004,0,2,0.0,0,0,0,0,0,0,0,nba_boxscorematchupsv3
1,2025-26,Playoffs,Western Conference Finals,2026_okc_sas_api_20261005,0042500312,2,2026-05-20,1610612759,SAS,1630577,Julian Champagnie,1610612760,OKC,1642349,Ajay Mitchell,69,5.7,11.34868,9.49106,14.2,0,12,1,0,0,0,0,0,0.0,0,0,0.0,0,0,0,0,0,0,0,nba_boxscorematchupsv3
1,2025-26,Playoffs,Western Conference Finals,2026_okc_sas_api_20261005,0042500312,2,2026-05-20,1610612759,SAS,1630577,Julian Champagnie,1610612760,OKC,1641717,Cason Wallace,46,5.5,9.623429999999999,6.32737,12.2,3,10,0,0,0,0,1,1,100.0,1,1,100.0,0,0,0,0,0,0,0,nba_boxscorematchupsv3
1,2025-26,Playoffs,Western Conference Finals,2026_okc_sas_api_20261005,0042500312,2,2026-05-20,1610612759,SAS,1630577,Julian Champagnie,1610612760,OKC,1631114,Jalen Williams,3,0.6,1.82927,0.41265,2.1999999999999997,0,0,0,0,0,0,0,0,0.0,0,0,0.0,0,0,0,0,0,0,0,nba_boxscorematchupsv3
1,2025-26,Playoffs,Western Conference Finals,2026_okc_sas_api_20261005,0042500312,2,2026-05-20,1610612759,SAS,1630577,Julian Champagnie,1610612760,OKC,1631119,Jaylin Williams,4,0.4,2.07254,0.55021,4.5,0,0,0,0,0,0,0,0,0.0,0,0,0.0,0,0,0,0,0,0,0,nba_boxscorematchupsv3
1,2025-26,Playoffs,Western Conference Finals,2026_okc_sas_api_20261005,0042500312,2,2026-05-20,1610612759,SAS,1641705,Victor Wembanyama,1610612760,OKC,1627936,Alex Caruso,49,5.0,9.91903,6.47292,12.9,0,2,1,0,0,0,0,1,0.0,0,1,0.0,0,0,0,0,0,0,0,nba_boxscorematchupsv3
1,2025-26,Playoffs,Western Conference Finals,2026_okc_sas_api_20261005,0042500312,2,2026-05-20,1610612759,SAS,1641705,Victor Wembanyama,1610612760,OKC,1629652,Luguentz Dort,10,0.9,3.0674799999999998,1.321,5.4,0,0,0,0,0,0,0,1,0.0,0,1,0.0,0,0,0,0,0,0,0,nba_boxscorematchupsv3
1,2025-26,Playoffs,Western Conference Finals,2026_okc_sas_api_20261005,0042500312,2,2026-05-20,1610612759,SAS,1641705,Victor Wembanyama,1610612760,OKC,1628983,Shai Gilgeous-Alexander,29,2.4,3.7323000000000004,3.83091,5.3,0,3,1,0,1,0,0,1,0.0,0,1,0.0,0,0,0,0,0,0,0,nba_boxscorematchupsv3
1,2025-26,Playoffs,Western Conference Finals,2026_okc_sas_api_20261005,0042500312,2,2026-05-20,1610612759,SAS,1641705,Victor Wembanyama,1610612760,OKC,1628392,Isaiah Hartenstein,441,36.8,79.17415,58.25627,75.7,14,42,0,0,1,0,5,9,55.60000000000001,2,3,66.7,2,2,0,0,0,0,0,nba_boxscorematchupsv3
1,2025-26,Playoffs,Western Conference Finals,2026_okc_sas_api_20261005,0042500312,2,2026-05-20,1610612759,SAS,1641705,Victor Wembanyama,1610612760,OKC,1631096,Chet Holmgren,136,11.9,22.85714,17.96565,30.599999999999998,0,21,1,0,0,0,0,0,0.0,0,0,0.0,0,0,0,0,0,0,0,nba_boxscorematchupsv3
1,2025-26,Playoffs,Western Conference Finals,2026_okc_sas_api_20261005,0042500312,2,2026-05-20,1610612759,SAS,1641705,Victor Wembanyama,1610612760,OKC,1630198,Isaiah Joe,16,0.8,8.29016,2.11361,5.800000000000001,0,2,1,0,0,0,0,0,0.0,0,0,0.0,0,0,0,0,0,0,0,nba_boxscorematchupsv3
1,2025-26,Playoffs,Western Conference Finals,2026_okc_sas_api_20261005,0042500312,2,2026-05-20,1610612759,SAS,1641705,Victor Wembanyama,1610612760,OKC,1642272,Jared McCain,6,2.6,1.23203,0.7926000000000001,6.1,0,0,0,0,0,0,0,0,0.0,0,0,0.0,0,0,0,0,0,0,0,nba_boxscorematchupsv3
1,2025-26,Playoffs,Western Conference Finals,2026_okc_sas_api_20261005,0042500312,2,2026-05-20,1610612759,SAS,1641705,Victor Wembanyama,1610612760,OKC,1642349,Ajay Mitchell,6,0.8,0.9868399999999999,0.7926000000000001,1.9,2,2,0,0,0,0,1,1,100.0,0,0,0.0,0,0,0,0,0,0,0,nba_boxscorematchupsv3
1,2025-26,Playoffs,Western Conference Finals,2026_okc_sas_api_20261005,0042500312,2,2026-05-20,1610612759,SAS,1641705,Victor Wembanyama,1610612760,OKC,1641717,Cason Wallace,13,3.1,2.7196700000000003,1.7173100000000001,7.3,0,0,0,0,1,0,0,0,0.0,0,0,0.0,0,0,0,0,0,0,0,nba_boxscorematchupsv3
1,2025-26,Playoffs,Western Conference Finals,2026_okc_sas_api_20261005,0042500312,2,2026-05-20,1610612759,SAS,1641705,Victor Wembanyama,1610612760,OKC,1631114,Jalen Williams,19,1.4,11.585370000000001,2.50991,13.200000000000001,0,5,0,0,1,0,0,0,0.0,0,0,0.0,0,0,0,0,0,0,0,nba_boxscorematchupsv3
1,2025-26,Playoffs,Western Conference Finals,2026_okc_sas_api_20261005,0042500312,2,2026-05-20,1610612759,SAS,1641705,Victor Wembanyama,1610612760,OKC,1631119,Jaylin Williams,32,3.5,16.58031,4.22721,72.6,5,8,1,0,0,0,2,3,66.7,1,1,100.0,0,0,0,0,0,0,0,nba_boxscorematchupsv3
1,2025-26,Playoffs,Western Conference Finals,2026_okc_sas_api_20261005,0042500312,2,2026-05-20,1610612759,SAS,1642844,Dylan Harper,1610612760,OKC,1627936,Alex Caruso,36,3.5,7.28745,6.93642,18.7,0,2,0,0,0,0,0,1,0.0,0,0,0.0,0,0,0,0,0,0,0,nba_boxscorematchupsv3
1,2025-26,Playoffs,Western Conference Finals,2026_okc_sas_api_20261005,0042500312,2,2026-05-20,1610612759,SAS,1642844,Dylan Harper,1610612760,OKC,1629652,Luguentz Dort,88,9.3,26.993869999999998,16.95568,34.0,0,12,1,0,0,0,0,0,0.0,0,0,0.0,0,0,0,0,0,0,0,nba_boxscorematchupsv3
1,2025-26,Playoffs,Western Conference Finals,2026_okc_sas_api_20261005,0042500312,2,2026-05-20,1610612759,SAS,1642844,Dylan Harper,1610612760,OKC,1628983,Shai Gilgeous-Alexander,79,8.0,10.16731,15.221580000000001,17.599999999999998,4,8,0,0,0,1,2,3,66.7,0,0,0.0,0,0,0,0,0,0,0,nba_boxscorematchupsv3
1,2025-26,Playoffs,Western Conference Finals,2026_okc_sas_api_20261005,0042500312,2,2026-05-20,1610612759,SAS,1642844,Dylan Harper,1610612760,OKC,1628392,Isaiah Hartenstein,23,1.6,4.1292599999999995,4.4316,7.6,2,4,1,0,0,0,1,1,100.0,0,0,0.0,0,0,0,0,0,0,0,nba_boxscorematchupsv3
1,2025-26,Playoffs,Western Conference Finals,2026_okc_sas_api_20261005,0042500312,2,2026-05-20,1610612759,SAS,1642844,Dylan Harper,1610612760,OKC,1631096,Chet Holmgren,24,1.0,4.03361,4.62428,5.6000000000000005,4,6,0,0,0,0,1,1,100.0,0,0,0.0,2,2,1,0,0,0,0,nba_boxscorematchupsv3
1,2025-26,Playoffs,Western Conference Finals,2026_okc_sas_api_20261005,0042500312,2,2026-05-20,1610612759,SAS,1642844,Dylan Harper,1610612760,OKC,1630198,Isaiah Joe,8,2.7,4.14508,1.54143,14.2,0,0,0,0,0,0,0,0,0.0,0,0,0.0,0,0,0,0,0,0,0,nba_boxscorematchupsv3
1,2025-26,Playoffs,Western Conference Finals,2026_okc_sas_api_20261005,0042500312,2,2026-05-20,1610612759,SAS,1642844,Dylan Harper,1610612760,OKC,1642272,Jared McCain,6,0.9,1.23203,1.15607,5.0,0,0,0,0,0,0,0,1,0.0,0,0,0.0,0,0,0,0,0,0,0,nba_boxscorematchupsv3
1,2025-26,Playoffs,Western Conference Finals,2026_okc_sas_api_20261005,0042500312,2,2026-05-20,1610612759,SAS,1642844,Dylan Harper,1610612760,OKC,1642349,Ajay Mitchell,79,4.9,12.99342,15.221580000000001,30.7,0,7,1,0,0,0,0,2,0.0,0,0,0.0,0,0,0,0,0,0,0,nba_boxscorematchupsv3
1,2025-26,Playoffs,Western Conference Finals,2026_okc_sas_api_20261005,0042500312,2,2026-05-20,1610612759,SAS,1642844,Dylan Harper,1610612760,OKC,1641717,Cason Wallace,158,14.8,33.05439,30.443160000000002,59.4,2,18,0,0,1,0,1,1,100.0,0,0,0.0,0,0,0,0,0,0,0,nba_boxscorematchupsv3
1,2025-26,Playoffs,Western Conference Finals,2026_okc_sas_api_20261005,0042500312,2,2026-05-20,1610612759,SAS,1642844,Dylan Harper,1610612760,OKC,1631114,Jalen Williams,11,0.8,6.70732,2.11946,6.3,0,0,0,0,0,0,0,0,0.0,0,0,0.0,0,0,0,0,0,0,0,nba_boxscorematchupsv3
1,2025-26,Playoffs,Western Conference Finals,2026_okc_sas_api_20261005,0042500312,2,2026-05-20,1610612759,SAS,1642844,Dylan Harper,1610612760,OKC,1631119,Jaylin Williams,7,0.6,3.62694,1.34875,11.0,0,0,0,0,0,0,0,0,0.0,0,0,0.0,0,0,0,0,0,0,0,nba_boxscorematchupsv3
1,2025-26,Playoffs,Western Conference Finals,2026_okc_sas_api_20261005,0042500312,2,2026-05-20,1610612759,SAS,1642264,Stephon Castle,1610612760,OKC,1627936,Alex Caruso,167,16.4,33.80567,21.30102,43.1,2,8,1,0,4,0,1,2,50.0,0,1,0.0,0,0,0,0,0,0,0,nba_boxscorematchupsv3
1,2025-26,Playoffs,Western Conference Finals,2026_okc_sas_api_20261005,0042500312,2,2026-05-20,1610612759,SAS,1642264,Stephon Castle,1610612760,OKC,1629652,Luguentz Dort,123,8.8,37.73006,15.68878,38.2,4,20,1,0,0,0,2,2,100.0,0,0,0.0,0,0,0,0,0,0,0,nba_boxscorematchupsv3
1,2025-26,Playoffs,Western Conference Finals,2026_okc_sas_api_20261005,0042500312,2,2026-05-20,1610612759,SAS,1642264,Stephon Castle,1610612760,OKC,1628983,Shai Gilgeous-Alexander,78,8.5,10.03861,9.94898,14.299999999999999,2,10,0,0,1,0,0,2,0.0,0,2,0.0,2,2,1,0,0,0,0,nba_boxscorematchupsv3
1,2025-26,Playoffs,Western Conference Finals,2026_okc_sas_api_20261005,0042500312,2,2026-05-20,1610612759,SAS,1642264,Stephon Castle,1610612760,OKC,1628392,Isaiah Hartenstein,43,2.7,7.71993,5.48469,7.9,6,6,0,0,1,0,3,3,100.0,0,0,0.0,0,0,0,0,0,0,0,nba_boxscorematchupsv3
1,2025-26,Playoffs,Western Conference Finals,2026_okc_sas_api_20261005,0042500312,2,2026-05-20,1610612759,SAS,1642264,Stephon Castle,1610612760,OKC,1631096,Chet Holmgren,35,2.7,5.88235,4.46429,7.3999999999999995,0,5,1,0,0,0,0,1,0.0,0,1,0.0,0,0,0,0,0,0,0,nba_boxscorematchupsv3
1,2025-26,Playoffs,Western Conference Finals,2026_okc_sas_api_20261005,0042500312,2,2026-05-20,1610612759,SAS,1642264,Stephon Castle,1610612760,OKC,1630198,Isaiah Joe,7,1.0,3.62694,0.89286,7.1,0,2,0,0,0,0,0,0,0.0,0,0,0.0,0,0,0,0,0,0,0,nba_boxscorematchupsv3
1,2025-26,Playoffs,Western Conference Finals,2026_okc_sas_api_20261005,0042500312,2,2026-05-20,1610612759,SAS,1642264,Stephon Castle,1610612760,OKC,1642272,Jared McCain,22,3.6,4.51745,2.80612,8.4,5,10,1,0,0,0,2,2,100.0,1,1,100.0,0,0,0,0,0,0,0,nba_boxscorematchupsv3
1,2025-26,Playoffs,Western Conference Finals,2026_okc_sas_api_20261005,0042500312,2,2026-05-20,1610612759,SAS,1642264,Stephon Castle,1610612760,OKC,1642349,Ajay Mitchell,68,7.3,11.18421,8.67347,16.1,2,6,0,0,1,1,1,2,50.0,0,0,0.0,0,0,0,0,0,0,0,nba_boxscorematchupsv3
1,2025-26,Playoffs,Western Conference Finals,2026_okc_sas_api_20261005,0042500312,2,2026-05-20,1610612759,SAS,1642264,Stephon Castle,1610612760,OKC,1641717,Cason Wallace,150,13.7,31.380750000000003,19.13265,42.8,2,14,2,0,1,0,1,2,50.0,0,1,0.0,0,0,0,0,0,0,0,nba_boxscorematchupsv3
1,2025-26,Playoffs,Western Conference Finals,2026_okc_sas_api_20261005,0042500312,2,2026-05-20,1610612759,SAS,1642264,Stephon Castle,1610612760,OKC,1631114,Jalen Williams,69,3.8,42.07317,8.80102,46.5,0,2,0,0,0,0,0,0,0.0,0,0,0.0,0,0,0,0,0,0,0,nba_boxscorematchupsv3
1,2025-26,Playoffs,Western Conference Finals,2026_okc_sas_api_20261005,0042500312,2,2026-05-20,1610612759,SAS,1642264,Stephon Castle,1610612760,OKC,1631119,Jaylin Williams,22,1.8,11.398959999999999,2.80612,10.7,2,4,0,0,0,0,0,1,0.0,0,0,0.0,2,2,1,0,0,0,0,nba_boxscorematchupsv3
1,2025-26,Playoffs,Western Conference Finals,2026_okc_sas_api_20261005,0042500312,2,2026-05-20,1610612759,SAS,1629640,Keldon Johnson,1610612760,OKC,1627936,Alex Caruso,46,6.4,9.31174,9.01961,13.900000000000002,0,5,0,0,0,0,0,1,0.0,0,1,0.0,0,0,0,0,0,0,0,nba_boxscorematchupsv3
1,2025-26,Playoffs,Western Conference Finals,2026_okc_sas_api_20261005,0042500312,2,2026-05-20,1610612759,SAS,1629640,Keldon Johnson,1610612760,OKC,1629652,Luguentz Dort,11,0.7,3.3742300000000003,2.15686,12.8,0,2,0,0,0,0,0,1,0.0,0,1,0.0,0,0,0,0,0,0,0,nba_boxscorematchupsv3
1,2025-26,Playoffs,Western Conference Finals,2026_okc_sas_api_20261005,0042500312,2,2026-05-20,1610612759,SAS,1629640,Keldon Johnson,1610612760,OKC,1628983,Shai Gilgeous-Alexander,85,9.9,10.93951,16.66667,22.8,0,16,1,0,0,1,0,0,0.0,0,0,0.0,0,0,0,0,0,0,0,nba_boxscorematchupsv3
1,2025-26,Playoffs,Western Conference Finals,2026_okc_sas_api_20261005,0042500312,2,2026-05-20,1610612759,SAS,1629640,Keldon Johnson,1610612760,OKC,1628392,Isaiah Hartenstein,1,1.3,0.17953000000000002,0.19608,2.9000000000000004,0,0,0,0,0,0,0,0,0.0,0,0,0.0,0,0,0,0,0,0,0,nba_boxscorematchupsv3
1,2025-26,Playoffs,Western Conference Finals,2026_okc_sas_api_20261005,0042500312,2,2026-05-20,1610612759,SAS,1629640,Keldon Johnson,1610612760,OKC,1631096,Chet Holmgren,58,4.5,9.7479,11.372549999999999,26.3,2,7,0,0,0,0,1,4,25.0,0,0,0.0,0,0,0,0,0,0,0,nba_boxscorematchupsv3
1,2025-26,Playoffs,Western Conference Finals,2026_okc_sas_api_20261005,0042500312,2,2026-05-20,1610612759,SAS,1629640,Keldon Johnson,1610612760,OKC,1630198,Isaiah Joe,11,1.1,5.699479999999999,2.15686,6.4,0,3,0,0,0,0,0,0,0.0,0,0,0.0,0,0,0,0,0,0,0,nba_boxscorematchupsv3
1,2025-26,Playoffs,Western Conference Finals,2026_okc_sas_api_20261005,0042500312,2,2026-05-20,1610612759,SAS,1629640,Keldon Johnson,1610612760,OKC,1642272,Jared McCain,32,3.2,6.5708400000000005,6.274509999999999,10.9,3,7,0,0,0,0,1,1,100.0,1,1,100.0,0,0,0,0,0,0,0,nba_boxscorematchupsv3
1,2025-26,Playoffs,Western Conference Finals,2026_okc_sas_api_20261005,0042500312,2,2026-05-20,1610612759,SAS,1629640,Keldon Johnson,1610612760,OKC,1642349,Ajay Mitchell,186,15.8,30.59211,36.47059,46.9,0,7,0,0,1,0,0,2,0.0,0,0,0.0,0,0,0,0,0,0,0,nba_boxscorematchupsv3
1,2025-26,Playoffs,Western Conference Finals,2026_okc_sas_api_20261005,0042500312,2,2026-05-20,1610612759,SAS,1629640,Keldon Johnson,1610612760,OKC,1641717,Cason Wallace,56,4.8,11.71548,10.98039,18.6,5,7,0,0,0,0,2,2,100.0,1,1,100.0,0,1,1,0,0,0,0,nba_boxscorematchupsv3
1,2025-26,Playoffs,Western Conference Finals,2026_okc_sas_api_20261005,0042500312,2,2026-05-20,1610612759,SAS,1629640,Keldon Johnson,1610612760,OKC,1631114,Jalen Williams,13,1.9,7.92683,2.54902,35.9,0,0,0,0,0,0,0,0,0.0,0,0,0.0,0,0,0,0,0,0,0,nba_boxscorematchupsv3
1,2025-26,Playoffs,Western Conference Finals,2026_okc_sas_api_20261005,0042500312,2,2026-05-20,1610612759,SAS,1629640,Keldon Johnson,1610612760,OKC,1631119,Jaylin Williams,11,1.2,5.699479999999999,2.15686,18.4,0,0,0,0,0,0,0,1,0.0,0,0,0.0,0,0,0,0,0,0,0,nba_boxscorematchupsv3
1,2025-26,Playoffs,Western Conference Finals,2026_okc_sas_api_20261005,0042500312,2,2026-05-20,1610612759,SAS,1628436,Luke Kornet,1610612760,OKC,1627936,Alex Caruso,5,0.5,1.01215,2.24215,4.2,2,2,0,0,0,0,1,1,100.0,0,0,0.0,0,0,0,0,0,0,0,nba_boxscorematchupsv3
1,2025-26,Playoffs,Western Conference Finals,2026_okc_sas_api_20261005,0042500312,2,2026-05-20,1610612759,SAS,1628436,Luke Kornet,1610612760,OKC,1628983,Shai Gilgeous-Alexander,1,0.3,0.12869999999999998,0.44843,3.5000000000000004,0,0,0,0,0,0,0,0,0.0,0,0,0.0,0,0,0,0,0,0,0,nba_boxscorematchupsv3
1,2025-26,Playoffs,Western Conference Finals,2026_okc_sas_api_20261005,0042500312,2,2026-05-20,1610612759,SAS,1628436,Luke Kornet,1610612760,OKC,1631096,Chet Holmgren,63,4.2,10.58824,28.25112,45.300000000000004,0,2,0,0,0,0,0,0,0.0,0,0,0.0,0,0,0,0,0,0,0,nba_boxscorematchupsv3
1,2025-26,Playoffs,Western Conference Finals,2026_okc_sas_api_20261005,0042500312,2,2026-05-20,1610612759,SAS,1628436,Luke Kornet,1610612760,OKC,1642272,Jared McCain,18,0.9,3.6961,8.07175,6.6000000000000005,0,2,0,0,0,0,0,0,0.0,0,0,0.0,0,0,0,0,0,0,0,nba_boxscorematchupsv3
1,2025-26,Playoffs,Western Conference Finals,2026_okc_sas_api_20261005,0042500312,2,2026-05-20,1610612759,SAS,1628436,Luke Kornet,1610612760,OKC,1642349,Ajay Mitchell,3,1.2,0.49341999999999997,1.34529,5.8999999999999995,0,2,0,0,0,0,0,0,0.0,0,0,0.0,0,0,0,0,0,0,0,nba_boxscorematchupsv3
1,2025-26,Playoffs,Western Conference Finals,2026_okc_sas_api_20261005,0042500312,2,2026-05-20,1610612759,SAS,1628436,Luke Kornet,1610612760,OKC,1641717,Cason Wallace,7,0.5,1.46444,3.13901,5.7,2,2,0,0,0,0,1,1,100.0,0,0,0.0,0,0,0,0,0,0,0,nba_boxscorematchupsv3
1,2025-26,Playoffs,Western Conference Finals,2026_okc_sas_api_20261005,0042500312,2,2026-05-20,1610612759,SAS,1628436,Luke Kornet,1610612760,OKC,1631114,Jalen Williams,23,2.4,14.02439,10.3139,42.5,0,2,0,0,0,0,0,0,0.0,0,0,0.0,0,0,0,0,0,0,0,nba_boxscorematchupsv3
1,2025-26,Playoffs,Western Conference Finals,2026_okc_sas_api_20261005,0042500312,2,2026-05-20,1610612759,SAS,1628436,Luke Kornet,1610612760,OKC,1631119,Jaylin Williams,103,8.5,53.36788,46.18834,61.9,0,9,0,0,0,0,0,0,0.0,0,0,0.0,0,0,0,0,0,0,0,nba_boxscorematchupsv3
1,2025-26,Playoffs,Western Conference Finals,2026_okc_sas_api_20261005,0042500312,2,2026-05-20,1610612759,SAS,1642868,Carter Bryant,1610612760,OKC,1627936,Alex Caruso,11,0.4,2.2267200000000003,5.75916,8.9,0,5,0,0,0,0,0,0,0.0,0,0,0.0,0,0,0,0,0,0,0,nba_boxscorematchupsv3
1,2025-26,Playoffs,Western Conference Finals,2026_okc_sas_api_20261005,0042500312,2,2026-05-20,1610612759,SAS,1642868,Carter Bryant,1610612760,OKC,1629652,Luguentz Dort,14,2.1,4.29448,7.32984,41.699999999999996,0,2,0,0,0,0,0,0,0.0,0,0,0.0,0,0,0,0,0,0,0,nba_boxscorematchupsv3
1,2025-26,Playoffs,Western Conference Finals,2026_okc_sas_api_20261005,0042500312,2,2026-05-20,1610612759,SAS,1642868,Carter Bryant,1610612760,OKC,1628983,Shai Gilgeous-Alexander,53,5.7,6.82111,27.748689999999996,70.39999999999999,0,4,0,0,0,0,0,0,0.0,0,0,0.0,0,0,0,0,0,0,0,nba_boxscorematchupsv3
1,2025-26,Playoffs,Western Conference Finals,2026_okc_sas_api_20261005,0042500312,2,2026-05-20,1610612759,SAS,1642868,Carter Bryant,1610612760,OKC,1631096,Chet Holmgren,33,2.6,5.54622,17.27749,28.799999999999997,0,0,0,0,1,0,0,0,0.0,0,0,0.0,0,0,0,0,0,0,0,nba_boxscorematchupsv3
1,2025-26,Playoffs,Western Conference Finals,2026_okc_sas_api_20261005,0042500312,2,2026-05-20,1610612759,SAS,1642868,Carter Bryant,1610612760,OKC,1630198,Isaiah Joe,7,0.9,3.62694,3.66492,26.1,0,0,0,0,0,0,0,0,0.0,0,0,0.0,0,0,0,0,0,0,0,nba_boxscorematchupsv3
1,2025-26,Playoffs,Western Conference Finals,2026_okc_sas_api_20261005,0042500312,2,2026-05-20,1610612759,SAS,1642868,Carter Bryant,1610612760,OKC,1642272,Jared McCain,16,1.3,3.2854200000000002,8.37696,7.3999999999999995,0,2,0,0,0,0,0,0,0.0,0,0,0.0,0,0,0,0,0,0,0,nba_boxscorematchupsv3
1,2025-26,Playoffs,Western Conference Finals,2026_okc_sas_api_20261005,0042500312,2,2026-05-20,1610612759,SAS,1642868,Carter Bryant,1610612760,OKC,1642349,Ajay Mitchell,39,3.3,6.41447,20.41885,24.2,0,0,0,0,0,0,0,0,0.0,0,0,0.0,0,0,0,0,0,0,0,nba_boxscorematchupsv3
1,2025-26,Playoffs,Western Conference Finals,2026_okc_sas_api_20261005,0042500312,2,2026-05-20,1610612759,SAS,1642868,Carter Bryant,1610612760,OKC,1641717,Cason Wallace,6,0.1,1.25523,3.14136,5.1,0,2,0,0,0,0,0,0,0.0,0,0,0.0,0,0,0,0,0,0,0,nba_boxscorematchupsv3
1,2025-26,Playoffs,Western Conference Finals,2026_okc_sas_api_20261005,0042500312,2,2026-05-20,1610612759,SAS,1642868,Carter Bryant,1610612760,OKC,1631114,Jalen Williams,6,0.0,3.65854,3.14136,18.5,0,0,0,0,0,0,0,0,0.0,0,0,0.0,0,0,0,0,0,0,0,nba_boxscorematchupsv3
1,2025-26,Playoffs,Western Conference Finals,2026_okc_sas_api_20261005,0042500312,2,2026-05-20,1610612759,SAS,1642868,Carter Bryant,1610612760,OKC,1631119,Jaylin Williams,6,0.2,3.10881,3.14136,8.1,0,0,0,0,0,0,0,0,0.0,0,0,0.0,0,0,0,0,0,0,0,nba_boxscorematchupsv3
1,2025-26,Playoffs,Western Conference Finals,2026_okc_sas_api_20261005,0042500312,2,2026-05-20,1610612759,SAS,1629162,Jordan McLaughlin,1610612760,OKC,1627936,Alex Caruso,2,0.1,0.40486000000000005,1.21212,1.3,0,0,0,0,0,0,0,0,0.0,0,0,0.0,0,0,0,0,0,0,0,nba_boxscorematchupsv3
1,2025-26,Playoffs,Western Conference Finals,2026_okc_sas_api_20261005,0042500312,2,2026-05-20,1610612759,SAS,1629162,Jordan McLaughlin,1610612760,OKC,1628983,Shai Gilgeous-Alexander,31,3.1,3.9897,18.78788,18.7,6,6,0,0,0,0,2,2,100.0,2,2,100.0,0,0,0,0,0,0,0,nba_boxscorematchupsv3
1,2025-26,Playoffs,Western Conference Finals,2026_okc_sas_api_20261005,0042500312,2,2026-05-20,1610612759,SAS,1629162,Jordan McLaughlin,1610612760,OKC,1631096,Chet Holmgren,3,0.3,0.5042,1.8181800000000001,3.2,0,0,0,0,0,0,0,0,0.0,0,0,0.0,0,0,0,0,0,0,0,nba_boxscorematchupsv3
1,2025-26,Playoffs,Western Conference Finals,2026_okc_sas_api_20261005,0042500312,2,2026-05-20,1610612759,SAS,1629162,Jordan McLaughlin,1610612760,OKC,1630198,Isaiah Joe,44,2.6,22.79793,26.666669999999996,85.6,0,0,0,0,0,0,0,0,0.0,0,0,0.0,0,0,0,0,0,0,0,nba_boxscorematchupsv3
1,2025-26,Playoffs,Western Conference Finals,2026_okc_sas_api_20261005,0042500312,2,2026-05-20,1610612759,SAS,1629162,Jordan McLaughlin,1610612760,OKC,1642272,Jared McCain,40,3.3,8.21355,24.24242,30.599999999999998,0,3,0,0,0,0,0,0,0.0,0,0,0.0,0,0,0,0,0,0,0,nba_boxscorematchupsv3
1,2025-26,Playoffs,Western Conference Finals,2026_okc_sas_api_20261005,0042500312,2,2026-05-20,1610612759,SAS,1629162,Jordan McLaughlin,1610612760,OKC,1642349,Ajay Mitchell,44,5.4,7.23684,26.666669999999996,39.0,0,7,1,0,1,0,0,1,0.0,0,0,0.0,0,0,0,0,0,0,0,nba_boxscorematchupsv3
1,2025-26,Playoffs,Western Conference Finals,2026_okc_sas_api_20261005,0042500312,2,2026-05-20,1610612759,SAS,1629162,Jordan McLaughlin,1610612760,OKC,1641717,Cason Wallace,1,0.1,0.20921,0.60606,1.4000000000000001,0,0,0,0,0,0,0,0,0.0,0,0,0.0,0,0,0,0,0,0,0,nba_boxscorematchupsv3
1,2025-26,Playoffs,Western Conference Finals,2026_okc_sas_api_20261005,0042500312,2,2026-05-20,1610612759,SAS,203084,Harrison Barnes,1610612760,OKC,1627936,Alex Caruso,29,2.1,5.87045,11.32813,17.7,5,8,0,0,0,0,1,1,100.0,1,1,100.0,2,2,1,0,0,0,0,nba_boxscorematchupsv3
1,2025-26,Playoffs,Western Conference Finals,2026_okc_sas_api_20261005,0042500312,2,2026-05-20,1610612759,SAS,203084,Harrison Barnes,1610612760,OKC,1629652,Luguentz Dort,8,0.1,2.45399,3.125,10.100000000000001,0,2,0,0,0,0,0,0,0.0,0,0,0.0,0,0,0,0,0,0,0,nba_boxscorematchupsv3
1,2025-26,Playoffs,Western Conference Finals,2026_okc_sas_api_20261005,0042500312,2,2026-05-20,1610612759,SAS,203084,Harrison Barnes,1610612760,OKC,1628983,Shai Gilgeous-Alexander,53,5.4,6.82111,20.70313,32.2,0,9,0,0,0,0,0,0,0.0,0,0,0.0,0,0,0,0,0,0,0,nba_boxscorematchupsv3
1,2025-26,Playoffs,Western Conference Finals,2026_okc_sas_api_20261005,0042500312,2,2026-05-20,1610612759,SAS,203084,Harrison Barnes,1610612760,OKC,1628392,Isaiah Hartenstein,3,1.2,0.5386,1.17188,4.6,0,0,0,0,0,0,0,0,0.0,0,0,0.0,0,0,0,0,0,0,0,nba_boxscorematchupsv3
1,2025-26,Playoffs,Western Conference Finals,2026_okc_sas_api_20261005,0042500312,2,2026-05-20,1610612759,SAS,203084,Harrison Barnes,1610612760,OKC,1631096,Chet Holmgren,96,8.0,16.13445,37.5,51.5,0,4,0,0,0,0,0,1,0.0,0,1,0.0,0,0,0,0,0,0,0,nba_boxscorematchupsv3
1,2025-26,Playoffs,Western Conference Finals,2026_okc_sas_api_20261005,0042500312,2,2026-05-20,1610612759,SAS,203084,Harrison Barnes,1610612760,OKC,1630198,Isaiah Joe,19,2.4,9.84456,7.42188,30.4,0,2,0,0,2,0,0,0,0.0,0,0,0.0,0,0,0,0,0,0,0,nba_boxscorematchupsv3
1,2025-26,Playoffs,Western Conference Finals,2026_okc_sas_api_20261005,0042500312,2,2026-05-20,1610612759,SAS,203084,Harrison Barnes,1610612760,OKC,1642272,Jared McCain,41,3.2,8.41889,16.01563,23.5,0,2,0,0,0,0,0,0,0.0,0,0,0.0,0,0,0,0,0,0,0,nba_boxscorematchupsv3
1,2025-26,Playoffs,Western Conference Finals,2026_okc_sas_api_20261005,0042500312,2,2026-05-20,1610612759,SAS,203084,Harrison Barnes,1610612760,OKC,1642349,Ajay Mitchell,2,0.9,0.32894999999999996,0.78125,3.5999999999999996,0,2,0,0,0,0,0,0,0.0,0,0,0.0,0,0,0,0,0,0,0,nba_boxscorematchupsv3
1,2025-26,Playoffs,Western Conference Finals,2026_okc_sas_api_20261005,0042500312,2,2026-05-20,1610612759,SAS,203084,Harrison Barnes,1610612760,OKC,1641717,Cason Wallace,4,0.8,0.8368199999999999,1.5625,12.3,0,0,0,0,0,0,0,0,0.0,0,0,0.0,0,0,0,0,0,0,0,nba_boxscorematchupsv3
1,2025-26,Playoffs,Western Conference Finals,2026_okc_sas_api_20261005,0042500312,2,2026-05-20,1610612759,SAS,203084,Harrison Barnes,1610612760,OKC,1631119,Jaylin Williams,1,0.4,0.51813,0.39063,7.199999999999999,0,0,0,0,0,0,0,0,0.0,0,0,0.0,0,0,0,0,0,0,0,nba_boxscorematchupsv3
1,2025-26,Playoffs,Western Conference Finals,2026_okc_sas_api_20261005,0042500313,3,2026-05-22,1610612759,SAS,1630170,Devin Vassell,1610612760,OKC,1627936,Alex Caruso,82,7.1,15.860740000000002,10.87533,17.5,3,15,0,0,0,0,1,2,50.0,1,2,50.0,0,0,0,0,0,0,0,nba_boxscorematchupsv3
1,2025-26,Playoffs,Western Conference Finals,2026_okc_sas_api_20261005,0042500313,3,2026-05-22,1610612759,SAS,1630170,Devin Vassell,1610612760,OKC,1629652,Luguentz Dort,27,1.3,5.36779,3.5809,8.0,3,5,0,0,0,0,1,1,100.0,0,0,0.0,1,1,1,0,0,0,0,nba_boxscorematchupsv3
1,2025-26,Playoffs,Western Conference Finals,2026_okc_sas_api_20261005,0042500313,3,2026-05-22,1610612759,SAS,1630170,Devin Vassell,1610612760,OKC,1628983,Shai Gilgeous-Alexander,112,9.5,15.09434,14.85411,19.5,2,8,0,0,0,0,1,1,100.0,0,0,0.0,0,0,0,0,0,0,0,nba_boxscorematchupsv3
1,2025-26,Playoffs,Western Conference Finals,2026_okc_sas_api_20261005,0042500313,3,2026-05-22,1610612759,SAS,1630170,Devin Vassell,1610612760,OKC,1628392,Isaiah Hartenstein,30,4.5,6.382980000000001,3.97878,8.7,8,9,0,0,0,0,2,2,100.0,2,2,100.0,2,2,1,0,0,0,0,nba_boxscorematchupsv3
1,2025-26,Playoffs,Western Conference Finals,2026_okc_sas_api_20261005,0042500313,3,2026-05-22,1610612759,SAS,1630170,Devin Vassell,1610612760,OKC,1631096,Chet Holmgren,11,3.0,2.04082,1.45889,6.7,0,4,0,0,0,0,0,0,0.0,0,0,0.0,0,0,0,0,0,0,0,nba_boxscorematchupsv3
1,2025-26,Playoffs,Western Conference Finals,2026_okc_sas_api_20261005,0042500313,3,2026-05-22,1610612759,SAS,1630170,Devin Vassell,1610612760,OKC,1630198,Isaiah Joe,82,6.0,34.45378,10.87533,51.7,0,8,0,0,0,0,0,2,0.0,0,0,0.0,0,0,0,0,0,0,0,nba_boxscorematchupsv3
1,2025-26,Playoffs,Western Conference Finals,2026_okc_sas_api_20261005,0042500313,3,2026-05-22,1610612759,SAS,1630170,Devin Vassell,1610612760,OKC,1642272,Jared McCain,216,17.4,39.77901,28.64721,48.1,0,9,2,0,0,0,0,1,0.0,0,1,0.0,0,0,0,0,0,0,0,nba_boxscorematchupsv3
1,2025-26,Playoffs,Western Conference Finals,2026_okc_sas_api_20261005,0042500313,3,2026-05-22,1610612759,SAS,1630170,Devin Vassell,1610612760,OKC,1642349,Ajay Mitchell,110,8.0,30.13699,14.58886,32.0,0,5,0,0,0,0,0,1,0.0,0,0,0.0,0,0,0,0,0,0,0,nba_boxscorematchupsv3
1,2025-26,Playoffs,Western Conference Finals,2026_okc_sas_api_20261005,0042500313,3,2026-05-22,1610612759,SAS,1630170,Devin Vassell,1610612760,OKC,1641717,Cason Wallace,74,6.2,11.58059,9.81432,17.299999999999997,4,10,0,0,0,0,1,2,50.0,0,1,0.0,2,2,0,0,0,0,0,nba_boxscorematchupsv3
1,2025-26,Playoffs,Western Conference Finals,2026_okc_sas_api_20261005,0042500313,3,2026-05-22,1610612759,SAS,1630170,Devin Vassell,1610612760,OKC,1631119,Jaylin Williams,10,2.0,2.1978,1.32626,6.9,0,0,0,0,0,0,0,0,0.0,0,0,0.0,0,0,0,0,0,0,0,nba_boxscorematchupsv3
1,2025-26,Playoffs,Western Conference Finals,2026_okc_sas_api_20261005,0042500313,3,2026-05-22,1610612759,SAS,1630577,Julian Champagnie,1610612760,OKC,1627936,Alex Caruso,43,7.2,8.31721,6.005590000000001,15.2,5,7,0,0,0,0,2,3,66.7,1,2,50.0,0,0,0,0,0,0,0,nba_boxscorematchupsv3
1,2025-26,Playoffs,Western Conference Finals,2026_okc_sas_api_20261005,0042500313,3,2026-05-22,1610612759,SAS,1630577,Julian Champagnie,1610612760,OKC,1629652,Luguentz Dort,45,3.8,8.94632,6.28492,14.899999999999999,0,12,0,0,0,0,0,1,0.0,0,1,0.0,0,0,0,0,0,0,0,nba_boxscorematchupsv3
1,2025-26,Playoffs,Western Conference Finals,2026_okc_sas_api_20261005,0042500313,3,2026-05-22,1610612759,SAS,1630577,Julian Champagnie,1610612760,OKC,1628983,Shai Gilgeous-Alexander,282,21.3,38.00539,39.38547,41.8,0,24,1,0,0,0,0,1,0.0,0,1,0.0,0,0,0,0,0,0,0,nba_boxscorematchupsv3
1,2025-26,Playoffs,Western Conference Finals,2026_okc_sas_api_20261005,0042500313,3,2026-05-22,1610612759,SAS,1630577,Julian Champagnie,1610612760,OKC,1628392,Isaiah Hartenstein,6,1.5,1.2766,0.8379899999999999,3.2,0,0,0,0,0,0,0,0,0.0,0,0,0.0,0,0,0,0,0,0,0,nba_boxscorematchupsv3
1,2025-26,Playoffs,Western Conference Finals,2026_okc_sas_api_20261005,0042500313,3,2026-05-22,1610612759,SAS,1630577,Julian Champagnie,1610612760,OKC,1631096,Chet Holmgren,81,9.0,15.02783,11.312850000000001,18.4,0,5,1,0,0,0,0,1,0.0,0,1,0.0,0,0,0,0,0,0,0,nba_boxscorematchupsv3
1,2025-26,Playoffs,Western Conference Finals,2026_okc_sas_api_20261005,0042500313,3,2026-05-22,1610612759,SAS,1630577,Julian Champagnie,1610612760,OKC,1630198,Isaiah Joe,43,2.2,18.067230000000002,6.005590000000001,39.900000000000006,0,2,0,0,0,0,0,0,0.0,0,0,0.0,0,0,0,0,0,0,0,nba_boxscorematchupsv3
1,2025-26,Playoffs,Western Conference Finals,2026_okc_sas_api_20261005,0042500313,3,2026-05-22,1610612759,SAS,1630577,Julian Champagnie,1610612760,OKC,1642272,Jared McCain,167,16.7,30.75506,23.32402,43.7,5,15,0,0,0,0,2,3,66.7,1,2,50.0,0,0,0,0,0,0,0,nba_boxscorematchupsv3
1,2025-26,Playoffs,Western Conference Finals,2026_okc_sas_api_20261005,0042500313,3,2026-05-22,1610612759,SAS,1630577,Julian Champagnie,1610612760,OKC,1642349,Ajay Mitchell,5,1.3,1.36986,0.69832,3.4000000000000004,0,4,0,0,0,0,0,0,0.0,0,0,0.0,0,0,0,0,0,0,0,nba_boxscorematchupsv3
1,2025-26,Playoffs,Western Conference Finals,2026_okc_sas_api_20261005,0042500313,3,2026-05-22,1610612759,SAS,1630577,Julian Champagnie,1610612760,OKC,1641717,Cason Wallace,30,1.7,4.69484,4.18994,6.3,0,3,0,0,0,0,0,0,0.0,0,0,0.0,0,0,0,0,0,0,0,nba_boxscorematchupsv3
1,2025-26,Playoffs,Western Conference Finals,2026_okc_sas_api_20261005,0042500313,3,2026-05-22,1610612759,SAS,1630577,Julian Champagnie,1610612760,OKC,1631119,Jaylin Williams,14,1.5,3.07692,1.95531,7.7,0,2,0,0,0,0,0,0,0.0,0,0,0.0,0,0,0,0,0,0,0,nba_boxscorematchupsv3
1,2025-26,Playoffs,Western Conference Finals,2026_okc_sas_api_20261005,0042500313,3,2026-05-22,1610612759,SAS,1641705,Victor Wembanyama,1610612760,OKC,1627936,Alex Caruso,37,3.0,7.15667,4.34783,9.2,0,2,0,0,0,0,0,1,0.0,0,0,0.0,0,0,0,0,0,0,0,nba_boxscorematchupsv3
1,2025-26,Playoffs,Western Conference Finals,2026_okc_sas_api_20261005,0042500313,3,2026-05-22,1610612759,SAS,1641705,Victor Wembanyama,1610612760,OKC,1629652,Luguentz Dort,39,3.4,7.75348,4.58284,8.7,0,8,0,0,0,0,0,0,0.0,0,0,0.0,0,0,0,0,0,0,0,nba_boxscorematchupsv3
1,2025-26,Playoffs,Western Conference Finals,2026_okc_sas_api_20261005,0042500313,3,2026-05-22,1610612759,SAS,1641705,Victor Wembanyama,1610612760,OKC,1628983,Shai Gilgeous-Alexander,19,3.7,2.56065,2.23267,7.6,2,12,0,0,0,0,1,1,100.0,0,0,0.0,0,0,0,0,0,0,0,nba_boxscorematchupsv3
1,2025-26,Playoffs,Western Conference Finals,2026_okc_sas_api_20261005,0042500313,3,2026-05-22,1610612759,SAS,1641705,Victor Wembanyama,1610612760,OKC,1628392,Isaiah Hartenstein,294,20.9,62.55319,34.54759,75.8,10,26,1,0,0,0,3,6,50.0,2,4,50.0,2,2,0,0,0,0,0,nba_boxscorematchupsv3
1,2025-26,Playoffs,Western Conference Finals,2026_okc_sas_api_20261005,0042500313,3,2026-05-22,1610612759,SAS,1641705,Victor Wembanyama,1610612760,OKC,1631096,Chet Holmgren,294,26.6,54.545449999999995,34.54759,49.8,4,29,1,0,0,0,0,1,0.0,0,1,0.0,4,5,2,0,0,0,0,nba_boxscorematchupsv3
1,2025-26,Playoffs,Western Conference Finals,2026_okc_sas_api_20261005,0042500313,3,2026-05-22,1610612759,SAS,1641705,Victor Wembanyama,1610612760,OKC,1630198,Isaiah Joe,4,0.1,1.68067,0.47004,3.2,0,0,0,0,0,0,0,0,0.0,0,0,0.0,0,0,0,0,0,0,0,nba_boxscorematchupsv3
1,2025-26,Playoffs,Western Conference Finals,2026_okc_sas_api_20261005,0042500313,3,2026-05-22,1610612759,SAS,1641705,Victor Wembanyama,1610612760,OKC,1642272,Jared McCain,18,2.8,3.31492,2.11516,5.8999999999999995,2,2,0,0,1,0,1,1,100.0,0,0,0.0,0,0,0,0,0,0,0,nba_boxscorematchupsv3
1,2025-26,Playoffs,Western Conference Finals,2026_okc_sas_api_20261005,0042500313,3,2026-05-22,1610612759,SAS,1641705,Victor Wembanyama,1610612760,OKC,1642349,Ajay Mitchell,12,1.6,3.2876700000000003,1.41011,5.0,0,0,0,0,0,0,0,0,0.0,0,0,0.0,0,0,0,0,0,0,0,nba_boxscorematchupsv3
1,2025-26,Playoffs,Western Conference Finals,2026_okc_sas_api_20261005,0042500313,3,2026-05-22,1610612759,SAS,1641705,Victor Wembanyama,1610612760,OKC,1641717,Cason Wallace,17,4.0,2.6604099999999997,1.9976500000000001,7.000000000000001,0,2,0,0,0,0,0,0,0.0,0,0,0.0,0,0,0,0,0,0,0,nba_boxscorematchupsv3
1,2025-26,Playoffs,Western Conference Finals,2026_okc_sas_api_20261005,0042500313,3,2026-05-22,1610612759,SAS,1641705,Victor Wembanyama,1610612760,OKC,1631119,Jaylin Williams,117,7.0,25.714290000000002,13.74853,27.400000000000002,6,6,0,0,1,0,2,4,50.0,0,0,0.0,2,3,2,0,0,0,0,nba_boxscorematchupsv3
1,2025-26,Playoffs,Western Conference Finals,2026_okc_sas_api_20261005,0042500313,3,2026-05-22,1610612759,SAS,1642264,Stephon Castle,1610612760,OKC,1627936,Alex Caruso,179,15.9,34.62282,25.7554,48.4,2,7,2,0,1,1,0,1,0.0,0,1,0.0,2,4,2,0,0,0,0,nba_boxscorematchupsv3
1,2025-26,Playoffs,Western Conference Finals,2026_okc_sas_api_20261005,0042500313,3,2026-05-22,1610612759,SAS,1642264,Stephon Castle,1610612760,OKC,1629652,Luguentz Dort,46,5.8,9.14513,6.61871,12.1,0,2,0,0,0,0,0,0,0.0,0,0,0.0,0,0,0,0,0,0,0,nba_boxscorematchupsv3
1,2025-26,Playoffs,Western Conference Finals,2026_okc_sas_api_20261005,0042500313,3,2026-05-22,1610612759,SAS,1642264,Stephon Castle,1610612760,OKC,1628983,Shai Gilgeous-Alexander,123,13.5,16.57682,17.69784,21.3,4,16,0,0,0,0,0,0,0.0,0,0,0.0,4,4,2,0,0,0,0,nba_boxscorematchupsv3
1,2025-26,Playoffs,Western Conference Finals,2026_okc_sas_api_20261005,0042500313,3,2026-05-22,1610612759,SAS,1642264,Stephon Castle,1610612760,OKC,1628392,Isaiah Hartenstein,27,2.0,5.74468,3.88489,6.3,1,9,0,0,0,0,0,0,0.0,0,0,0.0,1,2,1,0,0,0,0,nba_boxscorematchupsv3
1,2025-26,Playoffs,Western Conference Finals,2026_okc_sas_api_20261005,0042500313,3,2026-05-22,1610612759,SAS,1642264,Stephon Castle,1610612760,OKC,1631096,Chet Holmgren,36,3.1,6.67904,5.17986,10.0,0,8,1,0,0,0,0,1,0.0,0,0,0.0,0,0,0,0,0,0,0,nba_boxscorematchupsv3
1,2025-26,Playoffs,Western Conference Finals,2026_okc_sas_api_20261005,0042500313,3,2026-05-22,1610612759,SAS,1642264,Stephon Castle,1610612760,OKC,1630198,Isaiah Joe,12,0.1,5.04202,1.7266199999999998,10.2,0,2,0,0,0,0,0,0,0.0,0,0,0.0,0,0,0,0,0,0,0,nba_boxscorematchupsv3
1,2025-26,Playoffs,Western Conference Finals,2026_okc_sas_api_20261005,0042500313,3,2026-05-22,1610612759,SAS,1642264,Stephon Castle,1610612760,OKC,1642272,Jared McCain,40,3.1,7.36648,5.7554,13.900000000000002,0,2,1,0,0,0,0,0,0.0,0,0,0.0,0,0,0,0,0,0,0,nba_boxscorematchupsv3
1,2025-26,Playoffs,Western Conference Finals,2026_okc_sas_api_20261005,0042500313,3,2026-05-22,1610612759,SAS,1642264,Stephon Castle,1610612760,OKC,1642349,Ajay Mitchell,82,7.1,22.46575,11.79856,28.499999999999996,2,6,1,0,0,0,0,1,0.0,0,1,0.0,2,2,0,0,0,0,0,nba_boxscorematchupsv3
1,2025-26,Playoffs,Western Conference Finals,2026_okc_sas_api_20261005,0042500313,3,2026-05-22,1610612759,SAS,1642264,Stephon Castle,1610612760,OKC,1641717,Cason Wallace,130,9.8,20.34429,18.70504,30.3,5,9,1,0,0,0,1,4,25.0,1,2,50.0,2,2,1,0,0,0,0,nba_boxscorematchupsv3
1,2025-26,Playoffs,Western Conference Finals,2026_okc_sas_api_20261005,0042500313,3,2026-05-22,1610612759,SAS,1642264,Stephon Castle,1610612760,OKC,1631119,Jaylin Williams,20,2.2,4.3956,2.8777,8.6,0,2,1,0,0,0,0,0,0.0,0,0,0.0,0,0,0,0,0,0,0,nba_boxscorematchupsv3
1,2025-26,Playoffs,Western Conference Finals,2026_okc_sas_api_20261005,0042500313,3,2026-05-22,1610612759,SAS,1628368,De'Aaron Fox,1610612760,OKC,1627936,Alex Caruso,47,3.4,9.090910000000001,6.9836599999999995,16.6,4,8,0,0,0,0,2,3,66.7,0,1,0.0,0,0,0,0,0,0,0,nba_boxscorematchupsv3
1,2025-26,Playoffs,Western Conference Finals,2026_okc_sas_api_20261005,0042500313,3,2026-05-22,1610612759,SAS,1628368,De'Aaron Fox,1610612760,OKC,1629652,Luguentz Dort,287,25.4,57.05765,42.644870000000004,58.599999999999994,2,27,1,0,2,0,1,2,50.0,0,1,0.0,0,0,0,0,0,0,0,nba_boxscorematchupsv3
1,2025-26,Playoffs,Western Conference Finals,2026_okc_sas_api_20261005,0042500313,3,2026-05-22,1610612759,SAS,1628368,De'Aaron Fox,1610612760,OKC,1628983,Shai Gilgeous-Alexander,24,2.4,3.2344999999999997,3.5661199999999997,5.5,0,0,0,0,0,1,0,0,0.0,0,0,0.0,0,0,0,0,0,0,0,nba_boxscorematchupsv3
1,2025-26,Playoffs,Western Conference Finals,2026_okc_sas_api_20261005,0042500313,3,2026-05-22,1610612759,SAS,1628368,De'Aaron Fox,1610612760,OKC,1628392,Isaiah Hartenstein,21,1.2,4.46809,3.1203600000000002,6.0,0,2,1,0,0,0,0,0,0.0,0,0,0.0,0,0,0,0,0,0,0,nba_boxscorematchupsv3
1,2025-26,Playoffs,Western Conference Finals,2026_okc_sas_api_20261005,0042500313,3,2026-05-22,1610612759,SAS,1628368,De'Aaron Fox,1610612760,OKC,1631096,Chet Holmgren,17,1.5,3.1539900000000003,2.5260000000000002,9.6,0,1,0,0,0,0,0,1,0.0,0,1,0.0,0,0,0,0,0,0,0,nba_boxscorematchupsv3
1,2025-26,Playoffs,Western Conference Finals,2026_okc_sas_api_20261005,0042500313,3,2026-05-22,1610612759,SAS,1628368,De'Aaron Fox,1610612760,OKC,1630198,Isaiah Joe,3,0.0,1.2605,0.44577,2.1,0,0,0,0,0,0,0,0,0.0,0,0,0.0,0,0,0,0,0,0,0,nba_boxscorematchupsv3
1,2025-26,Playoffs,Western Conference Finals,2026_okc_sas_api_20261005,0042500313,3,2026-05-22,1610612759,SAS,1628368,De'Aaron Fox,1610612760,OKC,1642272,Jared McCain,8,2.6,1.4733,1.18871,8.9,0,2,0,0,0,0,0,0,0.0,0,0,0.0,0,0,0,0,0,0,0,nba_boxscorematchupsv3
1,2025-26,Playoffs,Western Conference Finals,2026_okc_sas_api_20261005,0042500313,3,2026-05-22,1610612759,SAS,1628368,De'Aaron Fox,1610612760,OKC,1642349,Ajay Mitchell,53,7.5,14.520549999999998,7.87519,21.099999999999998,2,15,0,0,0,0,1,2,50.0,0,0,0.0,0,0,0,0,0,0,0,nba_boxscorematchupsv3
1,2025-26,Playoffs,Western Conference Finals,2026_okc_sas_api_20261005,0042500313,3,2026-05-22,1610612759,SAS,1628368,De'Aaron Fox,1610612760,OKC,1641717,Cason Wallace,203,15.1,31.768390000000004,30.163450000000005,47.4,7,18,3,0,1,0,3,5,60.0,1,3,33.300000000000004,0,0,0,0,0,0,0,nba_boxscorematchupsv3
1,2025-26,Playoffs,Western Conference Finals,2026_okc_sas_api_20261005,0042500313,3,2026-05-22,1610612759,SAS,1628368,De'Aaron Fox,1610612760,OKC,1631119,Jaylin Williams,10,1.8,2.1978,1.48588,5.4,0,0,0,0,0,0,0,0,0.0,0,0,0.0,0,0,0,0,0,0,0,nba_boxscorematchupsv3
1,2025-26,Playoffs,Western Conference Finals,2026_okc_sas_api_20261005,0042500313,3,2026-05-22,1610612759,SAS,1642844,Dylan Harper,1610612760,OKC,1627936,Alex Caruso,91,6.5,17.60155,23.037969999999998,29.4,0,3,0,0,1,0,0,1,0.0,0,0,0.0,0,0,0,0,0,0,0,nba_boxscorematchupsv3
1,2025-26,Playoffs,Western Conference Finals,2026_okc_sas_api_20261005,0042500313,3,2026-05-22,1610612759,SAS,1642844,Dylan Harper,1610612760,OKC,1629652,Luguentz Dort,6,0.3,1.1928400000000001,1.5189899999999998,6.3,0,0,1,0,0,0,0,0,0.0,0,0,0.0,0,0,0,0,0,0,0,nba_boxscorematchupsv3
1,2025-26,Playoffs,Western Conference Finals,2026_okc_sas_api_20261005,0042500313,3,2026-05-22,1610612759,SAS,1642844,Dylan Harper,1610612760,OKC,1628983,Shai Gilgeous-Alexander,34,3.8,4.58221,8.60759,14.6,0,5,1,0,0,0,0,1,0.0,0,1,0.0,0,0,0,0,0,0,0,nba_boxscorematchupsv3
1,2025-26,Playoffs,Western Conference Finals,2026_okc_sas_api_20261005,0042500313,3,2026-05-22,1610612759,SAS,1642844,Dylan Harper,1610612760,OKC,1628392,Isaiah Hartenstein,13,1.1,2.7659599999999998,3.29114,8.799999999999999,0,0,0,0,1,0,0,0,0.0,0,0,0.0,0,0,0,0,0,0,0,nba_boxscorematchupsv3
1,2025-26,Playoffs,Western Conference Finals,2026_okc_sas_api_20261005,0042500313,3,2026-05-22,1610612759,SAS,1642844,Dylan Harper,1610612760,OKC,1631096,Chet Holmgren,22,2.9,4.08163,5.5696200000000005,14.2,0,2,0,0,0,0,0,1,0.0,0,0,0.0,0,0,0,0,0,0,0,nba_boxscorematchupsv3
1,2025-26,Playoffs,Western Conference Finals,2026_okc_sas_api_20261005,0042500313,3,2026-05-22,1610612759,SAS,1642844,Dylan Harper,1610612760,OKC,1630198,Isaiah Joe,25,1.1,10.504199999999999,6.32911,20.8,0,3,0,0,0,0,0,0,0.0,0,0,0.0,0,0,0,0,0,0,0,nba_boxscorematchupsv3
1,2025-26,Playoffs,Western Conference Finals,2026_okc_sas_api_20261005,0042500313,3,2026-05-22,1610612759,SAS,1642844,Dylan Harper,1610612760,OKC,1642272,Jared McCain,20,2.8,3.68324,5.06329,7.3999999999999995,0,3,0,0,0,0,0,0,0.0,0,0,0.0,0,0,0,0,0,0,0,nba_boxscorematchupsv3
1,2025-26,Playoffs,Western Conference Finals,2026_okc_sas_api_20261005,0042500313,3,2026-05-22,1610612759,SAS,1642844,Dylan Harper,1610612760,OKC,1642349,Ajay Mitchell,30,1.0,8.21918,7.59494,29.4,0,0,0,0,0,0,0,0,0.0,0,0,0.0,0,0,0,0,0,0,0,nba_boxscorematchupsv3
1,2025-26,Playoffs,Western Conference Finals,2026_okc_sas_api_20261005,0042500313,3,2026-05-22,1610612759,SAS,1642844,Dylan Harper,1610612760,OKC,1641717,Cason Wallace,150,12.2,23.47418,37.97468,48.699999999999996,6,15,0,0,0,0,2,3,66.7,1,2,50.0,1,2,1,0,0,0,0,nba_boxscorematchupsv3
1,2025-26,Playoffs,Western Conference Finals,2026_okc_sas_api_20261005,0042500313,3,2026-05-22,1610612759,SAS,1642844,Dylan Harper,1610612760,OKC,1631119,Jaylin Williams,4,1.2,0.8791200000000001,1.01266,9.4,0,0,0,0,0,0,0,1,0.0,0,0,0.0,0,0,0,0,0,0,0,nba_boxscorematchupsv3
1,2025-26,Playoffs,Western Conference Finals,2026_okc_sas_api_20261005,0042500313,3,2026-05-22,1610612759,SAS,1629640,Keldon Johnson,1610612760,OKC,1627936,Alex Caruso,16,1.0,3.09478,6.274509999999999,13.900000000000002,0,0,0,0,0,0,0,0,0.0,0,0,0.0,0,0,0,0,0,0,0,nba_boxscorematchupsv3
1,2025-26,Playoffs,Western Conference Finals,2026_okc_sas_api_20261005,0042500313,3,2026-05-22,1610612759,SAS,1629640,Keldon Johnson,1610612760,OKC,1629652,Luguentz Dort,32,2.4,6.36183,12.549019999999999,40.699999999999996,2,2,0,0,0,0,0,1,0.0,0,1,0.0,2,2,1,0,0,0,0,nba_boxscorematchupsv3
1,2025-26,Playoffs,Western Conference Finals,2026_okc_sas_api_20261005,0042500313,3,2026-05-22,1610612759,SAS,1629640,Keldon Johnson,1610612760,OKC,1628983,Shai Gilgeous-Alexander,56,5.7,7.54717,21.96078,40.300000000000004,0,2,0,0,0,0,0,0,0.0,0,0,0.0,0,0,0,0,0,0,0,nba_boxscorematchupsv3
1,2025-26,Playoffs,Western Conference Finals,2026_okc_sas_api_20261005,0042500313,3,2026-05-22,1610612759,SAS,1629640,Keldon Johnson,1610612760,OKC,1631096,Chet Holmgren,11,1.4,2.04082,4.3137300000000005,8.7,0,2,0,0,0,0,0,0,0.0,0,0,0.0,0,0,0,0,0,0,0,nba_boxscorematchupsv3
1,2025-26,Playoffs,Western Conference Finals,2026_okc_sas_api_20261005,0042500313,3,2026-05-22,1610612759,SAS,1629640,Keldon Johnson,1610612760,OKC,1630198,Isaiah Joe,20,2.0,8.40336,7.84314,23.799999999999997,0,2,0,0,0,0,0,0,0.0,0,0,0.0,0,0,0,0,0,0,0,nba_boxscorematchupsv3
1,2025-26,Playoffs,Western Conference Finals,2026_okc_sas_api_20261005,0042500313,3,2026-05-22,1610612759,SAS,1629640,Keldon Johnson,1610612760,OKC,1642272,Jared McCain,7,1.5,1.2891299999999999,2.7451,5.4,0,0,0,0,0,0,0,0,0.0,0,0,0.0,0,0,0,0,0,0,0,nba_boxscorematchupsv3
1,2025-26,Playoffs,Western Conference Finals,2026_okc_sas_api_20261005,0042500313,3,2026-05-22,1610612759,SAS,1629640,Keldon Johnson,1610612760,OKC,1642349,Ajay Mitchell,33,3.1,9.0411,12.94118,32.300000000000004,0,0,0,0,1,0,0,1,0.0,0,0,0.0,0,0,0,0,0,0,0,nba_boxscorematchupsv3
1,2025-26,Playoffs,Western Conference Finals,2026_okc_sas_api_20261005,0042500313,3,2026-05-22,1610612759,SAS,1629640,Keldon Johnson,1610612760,OKC,1641717,Cason Wallace,3,0.2,0.46948,1.17647,2.1,0,0,0,0,0,0,0,0,0.0,0,0,0.0,0,0,0,0,0,0,0,nba_boxscorematchupsv3
1,2025-26,Playoffs,Western Conference Finals,2026_okc_sas_api_20261005,0042500313,3,2026-05-22,1610612759,SAS,1629640,Keldon Johnson,1610612760,OKC,1631119,Jaylin Williams,77,9.9,16.92308,30.19608,45.1,3,7,0,0,0,0,1,3,33.300000000000004,1,3,33.300000000000004,0,0,0,0,0,0,0,nba_boxscorematchupsv3
1,2025-26,Playoffs,Western Conference Finals,2026_okc_sas_api_20261005,0042500313,3,2026-05-22,1610612759,SAS,1628436,Luke Kornet,1610612760,OKC,1627936,Alex Caruso,5,0.3,0.96712,1.9920299999999997,4.1000000000000005,0,2,0,0,0,0,0,0,0.0,0,0,0.0,0,0,0,0,0,0,0,nba_boxscorematchupsv3
1,2025-26,Playoffs,Western Conference Finals,2026_okc_sas_api_20261005,0042500313,3,2026-05-22,1610612759,SAS,1628436,Luke Kornet,1610612760,OKC,1629652,Luguentz Dort,6,0.3,1.1928400000000001,2.39044,8.4,0,0,0,0,0,0,0,0,0.0,0,0,0.0,0,0,0,0,0,0,0,nba_boxscorematchupsv3
1,2025-26,Playoffs,Western Conference Finals,2026_okc_sas_api_20261005,0042500313,3,2026-05-22,1610612759,SAS,1628436,Luke Kornet,1610612760,OKC,1628983,Shai Gilgeous-Alexander,15,1.0,2.02156,5.9761,10.100000000000001,2,4,0,0,0,0,1,1,100.0,0,0,0.0,0,0,0,0,0,0,0,nba_boxscorematchupsv3
1,2025-26,Playoffs,Western Conference Finals,2026_okc_sas_api_20261005,0042500313,3,2026-05-22,1610612759,SAS,1628436,Luke Kornet,1610612760,OKC,1628392,Isaiah Hartenstein,67,5.8,14.25532,26.69323,53.2,0,3,0,0,0,0,0,0,0.0,0,0,0.0,0,0,0,0,0,0,0,nba_boxscorematchupsv3
1,2025-26,Playoffs,Western Conference Finals,2026_okc_sas_api_20261005,0042500313,3,2026-05-22,1610612759,SAS,1628436,Luke Kornet,1610612760,OKC,1631096,Chet Holmgren,47,2.7,8.71985,18.7251,40.9,0,8,1,0,0,0,0,0,0.0,0,0,0.0,0,0,0,0,0,0,0,nba_boxscorematchupsv3
1,2025-26,Playoffs,Western Conference Finals,2026_okc_sas_api_20261005,0042500313,3,2026-05-22,1610612759,SAS,1628436,Luke Kornet,1610612760,OKC,1630198,Isaiah Joe,3,1.0,1.2605,1.19522,2.7,0,3,0,0,0,0,0,0,0.0,0,0,0.0,0,0,0,0,0,0,0,nba_boxscorematchupsv3
1,2025-26,Playoffs,Western Conference Finals,2026_okc_sas_api_20261005,0042500313,3,2026-05-22,1610612759,SAS,1628436,Luke Kornet,1610612760,OKC,1641717,Cason Wallace,7,0.8,1.09546,2.78884,4.7,0,0,0,0,0,0,0,0,0.0,0,0,0.0,0,0,0,0,0,0,0,nba_boxscorematchupsv3
1,2025-26,Playoffs,Western Conference Finals,2026_okc_sas_api_20261005,0042500313,3,2026-05-22,1610612759,SAS,1628436,Luke Kornet,1610612760,OKC,1631119,Jaylin Williams,101,9.0,22.1978,40.239039999999996,64.7,2,7,0,0,0,0,1,2,50.0,0,0,0.0,0,0,0,0,0,0,0,nba_boxscorematchupsv3
1,2025-26,Playoffs,Western Conference Finals,2026_okc_sas_api_20261005,0042500313,3,2026-05-22,1610612759,SAS,1642868,Carter Bryant,1610612760,OKC,1629652,Luguentz Dort,9,1.1,1.78926,4.2654,7.199999999999999,0,1,0,0,0,0,0,0,0.0,0,0,0.0,0,0,0,0,0,0,0,nba_boxscorematchupsv3
1,2025-26,Playoffs,Western Conference Finals,2026_okc_sas_api_20261005,0042500313,3,2026-05-22,1610612759,SAS,1642868,Carter Bryant,1610612760,OKC,1628983,Shai Gilgeous-Alexander,66,4.8,8.894879999999999,31.27962,39.900000000000006,0,5,1,0,0,0,0,1,0.0,0,1,0.0,0,0,0,0,0,0,0,nba_boxscorematchupsv3
1,2025-26,Playoffs,Western Conference Finals,2026_okc_sas_api_20261005,0042500313,3,2026-05-22,1610612759,SAS,1642868,Carter Bryant,1610612760,OKC,1631096,Chet Holmgren,11,2.0,2.04082,5.21327,8.799999999999999,0,2,0,0,0,0,0,1,0.0,0,0,0.0,0,0,0,0,0,0,0,nba_boxscorematchupsv3
1,2025-26,Playoffs,Western Conference Finals,2026_okc_sas_api_20261005,0042500313,3,2026-05-22,1610612759,SAS,1642868,Carter Bryant,1610612760,OKC,1630198,Isaiah Joe,7,0.0,2.9411799999999997,3.31754,15.6,0,0,0,0,0,0,0,0,0.0,0,0,0.0,0,0,0,0,0,0,0,nba_boxscorematchupsv3
1,2025-26,Playoffs,Western Conference Finals,2026_okc_sas_api_20261005,0042500313,3,2026-05-22,1610612759,SAS,1642868,Carter Bryant,1610612760,OKC,1642272,Jared McCain,3,0.7,0.55249,1.4218,4.3999999999999995,0,1,0,0,0,0,0,0,0.0,0,0,0.0,0,0,0,0,0,0,0,nba_boxscorematchupsv3
1,2025-26,Playoffs,Western Conference Finals,2026_okc_sas_api_20261005,0042500313,3,2026-05-22,1610612759,SAS,1642868,Carter Bryant,1610612760,OKC,1642349,Ajay Mitchell,32,4.0,8.76712,15.165880000000001,67.30000000000001,0,3,0,0,0,0,0,0,0.0,0,0,0.0,0,0,0,0,0,0,0,nba_boxscorematchupsv3
1,2025-26,Playoffs,Western Conference Finals,2026_okc_sas_api_20261005,0042500313,3,2026-05-22,1610612759,SAS,1642868,Carter Bryant,1610612760,OKC,1641717,Cason Wallace,10,1.2,1.56495,4.73934,3.9,0,1,0,0,0,0,0,0,0.0,0,0,0.0,0,0,0,0,0,0,0,nba_boxscorematchupsv3
1,2025-26,Playoffs,Western Conference Finals,2026_okc_sas_api_20261005,0042500313,3,2026-05-22,1610612759,SAS,1642868,Carter Bryant,1610612760,OKC,1631119,Jaylin Williams,73,5.3,16.04396,34.59716,44.2,3,8,0,0,1,0,1,1,100.0,1,1,100.0,0,0,0,0,0,0,0,nba_boxscorematchupsv3
1,2025-26,Playoffs,Western Conference Finals,2026_okc_sas_api_20261005,0042500313,3,2026-05-22,1610612759,SAS,203084,Harrison Barnes,1610612760,OKC,1627936,Alex Caruso,6,0.1,1.16054,6.18557,8.3,0,0,0,0,0,0,0,0,0.0,0,0,0.0,0,0,0,0,0,0,0,nba_boxscorematchupsv3
1,2025-26,Playoffs,Western Conference Finals,2026_okc_sas_api_20261005,0042500313,3,2026-05-22,1610612759,SAS,203084,Harrison Barnes,1610612760,OKC,1629652,Luguentz Dort,6,0.2,1.1928400000000001,6.18557,18.3,0,2,0,0,0,0,0,1,0.0,0,1,0.0,0,0,0,0,0,0,0,nba_boxscorematchupsv3
1,2025-26,Playoffs,Western Conference Finals,2026_okc_sas_api_20261005,0042500313,3,2026-05-22,1610612759,SAS,203084,Harrison Barnes,1610612760,OKC,1628392,Isaiah Hartenstein,1,0.0,0.21277000000000001,1.0309300000000001,1.6,0,0,0,0,0,0,0,0,0.0,0,0,0.0,0,0,0,0,0,0,0,nba_boxscorematchupsv3
1,2025-26,Playoffs,Western Conference Finals,2026_okc_sas_api_20261005,0042500313,3,2026-05-22,1610612759,SAS,203084,Harrison Barnes,1610612760,OKC,1631096,Chet Holmgren,9,0.0,1.66976,9.27835,17.8,0,0,0,0,0,0,0,0,0.0,0,0,0.0,0,0,0,0,0,0,0,nba_boxscorematchupsv3
1,2025-26,Playoffs,Western Conference Finals,2026_okc_sas_api_20261005,0042500313,3,2026-05-22,1610612759,SAS,203084,Harrison Barnes,1610612760,OKC,1630198,Isaiah Joe,10,0.6,4.20168,10.30928,20.8,0,0,0,0,0,0,0,0,0.0,0,0,0.0,0,0,0,0,0,0,0,nba_boxscorematchupsv3
1,2025-26,Playoffs,Western Conference Finals,2026_okc_sas_api_20261005,0042500313,3,2026-05-22,1610612759,SAS,203084,Harrison Barnes,1610612760,OKC,1642272,Jared McCain,53,3.0,9.760589999999999,54.639179999999996,56.49999999999999,0,4,0,0,0,0,0,0,0.0,0,0,0.0,0,0,0,0,0,0,0,nba_boxscorematchupsv3
1,2025-26,Playoffs,Western Conference Finals,2026_okc_sas_api_20261005,0042500313,3,2026-05-22,1610612759,SAS,203084,Harrison Barnes,1610612760,OKC,1642349,Ajay Mitchell,8,0.2,2.19178,8.24742,10.6,0,0,0,0,0,0,0,0,0.0,0,0,0.0,0,0,0,0,0,0,0,nba_boxscorematchupsv3
1,2025-26,Playoffs,Western Conference Finals,2026_okc_sas_api_20261005,0042500313,3,2026-05-22,1610612759,SAS,203084,Harrison Barnes,1610612760,OKC,1641717,Cason Wallace,4,0.4,0.62598,4.12371,14.499999999999998,0,0,0,0,0,0,0,0,0.0,0,0,0.0,0,0,0,0,0,0,0,nba_boxscorematchupsv3
1,2025-26,Playoffs,Western Conference Finals,2026_okc_sas_api_20261005,0042500313,3,2026-05-22,1610612759,SAS,1629162,Jordan McLaughlin,1610612760,OKC,1628983,Shai Gilgeous-Alexander,4,0.4,0.53908,9.30233,34.5,0,0,0,0,0,0,0,0,0.0,0,0,0.0,0,0,0,0,0,0,0,nba_boxscorematchupsv3
1,2025-26,Playoffs,Western Conference Finals,2026_okc_sas_api_20261005,0042500313,3,2026-05-22,1610612759,SAS,1629162,Jordan McLaughlin,1610612760,OKC,1642272,Jared McCain,8,0.9,1.4733,18.60465,43.8,0,0,0,0,0,0,0,0,0.0,0,0,0.0,0,0,0,0,0,0,0,nba_boxscorematchupsv3
1,2025-26,Playoffs,Western Conference Finals,2026_okc_sas_api_20261005,0042500313,3,2026-05-22,1610612759,SAS,1629162,Jordan McLaughlin,1610612760,OKC,1642260,Nikola Topić,7,0.8,24.13793,16.27907,40.1,0,0,0,0,0,0,0,0,0.0,0,0,0.0,0,0,0,0,0,0,0,nba_boxscorematchupsv3
1,2025-26,Playoffs,Western Conference Finals,2026_okc_sas_api_20261005,0042500313,3,2026-05-22,1610612759,SAS,1629162,Jordan McLaughlin,1610612760,OKC,1630598,Aaron Wiggins,21,1.1,70.0,48.83721,52.7,0,5,1,0,0,0,0,0,0.0,0,0,0.0,0,0,0,0,0,0,0,nba_boxscorematchupsv3
1,2025-26,Playoffs,Western Conference Finals,2026_okc_sas_api_20261005,0042500313,3,2026-05-22,1610612759,SAS,1629162,Jordan McLaughlin,1610612760,OKC,1629026,Kenrich Williams,3,0.1,10.0,6.9767399999999995,8.6,0,0,0,0,0,0,0,0,0.0,0,0,0.0,0,0,0,0,0,0,0,nba_boxscorematchupsv3
1,2025-26,Playoffs,Western Conference Finals,2026_okc_sas_api_20261005,0042500313,3,2026-05-22,1610612759,SAS,203482,Kelly Olynyk,1610612760,OKC,1627936,Alex Caruso,2,0.2,0.38684999999999997,5.0,12.9,0,0,0,0,0,0,0,0,0.0,0,0,0.0,0,0,0,0,0,0,0,nba_boxscorematchupsv3
1,2025-26,Playoffs,Western Conference Finals,2026_okc_sas_api_20261005,0042500313,3,2026-05-22,1610612759,SAS,203482,Kelly Olynyk,1610612760,OKC,1628983,Shai Gilgeous-Alexander,1,0.1,0.13477,2.5,13.900000000000002,0,0,0,0,1,0,0,0,0.0,0,0,0.0,0,0,0,0,0,0,0,nba_boxscorematchupsv3
1,2025-26,Playoffs,Western Conference Finals,2026_okc_sas_api_20261005,0042500313,3,2026-05-22,1610612759,SAS,203482,Kelly Olynyk,1610612760,OKC,1630198,Isaiah Joe,3,0.1,1.2605,7.5,6.2,3,3,0,0,0,0,1,1,100.0,1,1,100.0,0,0,0,0,0,0,0,nba_boxscorematchupsv3
1,2025-26,Playoffs,Western Conference Finals,2026_okc_sas_api_20261005,0042500313,3,2026-05-22,1610612759,SAS,203482,Kelly Olynyk,1610612760,OKC,1642260,Nikola Topić,7,0.4,24.13793,17.5,21.9,0,2,0,0,0,0,0,0,0.0,0,0,0.0,0,0,0,0,0,0,0,nba_boxscorematchupsv3
1,2025-26,Playoffs,Western Conference Finals,2026_okc_sas_api_20261005,0042500313,3,2026-05-22,1610612759,SAS,203482,Kelly Olynyk,1610612760,OKC,1641717,Cason Wallace,9,1.8,1.40845,22.5,82.39999999999999,0,0,0,0,1,0,0,0,0.0,0,0,0.0,0,0,0,0,0,0,0,nba_boxscorematchupsv3
1,2025-26,Playoffs,Western Conference Finals,2026_okc_sas_api_20261005,0042500313,3,2026-05-22,1610612759,SAS,203482,Kelly Olynyk,1610612760,OKC,1630598,Aaron Wiggins,9,0.8,30.0,22.5,42.699999999999996,0,0,0,0,0,0,0,0,0.0,0,0,0.0,0,0,0,0,0,0,0,nba_boxscorematchupsv3
1,2025-26,Playoffs,Western Conference Finals,2026_okc_sas_api_20261005,0042500313,3,2026-05-22,1610612759,SAS,203482,Kelly Olynyk,1610612760,OKC,1631119,Jaylin Williams,6,0.5,1.31868,15.0,17.5,0,0,0,0,0,0,0,0,0.0,0,0,0.0,0,0,0,0,0,0,0,nba_boxscorematchupsv3
1,2025-26,Playoffs,Western Conference Finals,2026_okc_sas_api_20261005,0042500313,3,2026-05-22,1610612759,SAS,203482,Kelly Olynyk,1610612760,OKC,1629026,Kenrich Williams,3,0.1,10.0,7.5,7.199999999999999,0,0,0,0,0,0,0,0,0.0,0,0,0.0,0,0,0,0,0,0,0,nba_boxscorematchupsv3
1,2025-26,Playoffs,Western Conference Finals,2026_okc_sas_api_20261005,0042500313,3,2026-05-22,1610612759,SAS,202687,Bismack Biyombo,1610612760,OKC,1627936,Alex Caruso,1,0.2,0.19342,2.38095,4.8,0,0,0,0,0,0,0,0,0.0,0,0,0.0,0,0,0,0,0,0,0,nba_boxscorematchupsv3
1,2025-26,Playoffs,Western Conference Finals,2026_okc_sas_api_20261005,0042500313,3,2026-05-22,1610612759,SAS,202687,Bismack Biyombo,1610612760,OKC,1628983,Shai Gilgeous-Alexander,1,0.1,0.13477,2.38095,4.2,0,0,0,0,0,0,0,0,0.0,0,0,0.0,0,0,0,0,0,0,0,nba_boxscorematchupsv3
1,2025-26,Playoffs,Western Conference Finals,2026_okc_sas_api_20261005,0042500313,3,2026-05-22,1610612759,SAS,202687,Bismack Biyombo,1610612760,OKC,1628392,Isaiah Hartenstein,8,0.9,1.70213,19.047620000000002,58.199999999999996,0,0,0,0,0,0,0,0,0.0,0,0,0.0,0,0,0,0,0,0,0,nba_boxscorematchupsv3
1,2025-26,Playoffs,Western Conference Finals,2026_okc_sas_api_20261005,0042500313,3,2026-05-22,1610612759,SAS,202687,Bismack Biyombo,1610612760,OKC,1630198,Isaiah Joe,3,0.4,1.2605,7.14286,13.200000000000001,0,0,0,0,0,0,0,0,0.0,0,0,0.0,0,0,0,0,0,0,0,nba_boxscorematchupsv3
1,2025-26,Playoffs,Western Conference Finals,2026_okc_sas_api_20261005,0042500313,3,2026-05-22,1610612759,SAS,202687,Bismack Biyombo,1610612760,OKC,1642272,Jared McCain,1,0.7,0.18416000000000002,2.38095,30.3,0,0,0,0,0,0,0,0,0.0,0,0,0.0,0,0,0,0,0,0,0,nba_boxscorematchupsv3
1,2025-26,Playoffs,Western Conference Finals,2026_okc_sas_api_20261005,0042500313,3,2026-05-22,1610612759,SAS,202687,Bismack Biyombo,1610612760,OKC,1642260,Nikola Topić,3,0.3,10.34483,7.14286,9.5,0,0,0,0,0,0,0,0,0.0,0,0,0.0,0,0,0,0,0,0,0,nba_boxscorematchupsv3
1,2025-26,Playoffs,Western Conference Finals,2026_okc_sas_api_20261005,0042500313,3,2026-05-22,1610612759,SAS,202687,Bismack Biyombo,1610612760,OKC,1631119,Jaylin Williams,18,1.1,3.9560400000000002,42.85714,63.7,0,2,0,0,0,0,0,0,0.0,0,0,0.0,0,0,0,0,0,0,0,nba_boxscorematchupsv3
1,2025-26,Playoffs,Western Conference Finals,2026_okc_sas_api_20261005,0042500313,3,2026-05-22,1610612759,SAS,202687,Bismack Biyombo,1610612760,OKC,1629026,Kenrich Williams,7,0.3,23.33333,16.66667,19.2,0,3,0,0,0,0,0,0,0.0,0,0,0.0,0,0,0,0,0,0,0,nba_boxscorematchupsv3
1,2025-26,Playoffs,Western Conference Finals,2026_okc_sas_api_20261005,0042500313,3,2026-05-22,1610612759,SAS,1630322,Lindy Waters III,1610612760,OKC,1628983,Shai Gilgeous-Alexander,5,0.7,0.67385,13.15789,31.8,0,0,0,0,0,0,0,0,0.0,0,0,0.0,0,0,0,0,0,0,0,nba_boxscorematchupsv3
1,2025-26,Playoffs,Western Conference Finals,2026_okc_sas_api_20261005,0042500313,3,2026-05-22,1610612759,SAS,1630322,Lindy Waters III,1610612760,OKC,1630198,Isaiah Joe,23,1.4,9.66387,60.52632,73.9,0,2,0,0,0,0,0,0,0.0,0,0,0.0,0,0,0,0,0,0,0,nba_boxscorematchupsv3
1,2025-26,Playoffs,Western Conference Finals,2026_okc_sas_api_20261005,0042500313,3,2026-05-22,1610612759,SAS,1630322,Lindy Waters III,1610612760,OKC,1642272,Jared McCain,2,0.4,0.36832000000000004,5.26316,25.900000000000002,0,0,0,0,0,0,0,0,0.0,0,0,0.0,0,0,0,0,0,0,0,nba_boxscorematchupsv3
1,2025-26,Playoffs,Western Conference Finals,2026_okc_sas_api_20261005,0042500313,3,2026-05-22,1610612759,SAS,1630322,Lindy Waters III,1610612760,OKC,1642260,Nikola Topić,6,0.3,20.68966,15.78947,12.4,0,3,0,0,0,0,0,0,0.0,0,0,0.0,0,0,0,0,0,0,0,nba_boxscorematchupsv3
1,2025-26,Playoffs,Western Conference Finals,2026_okc_sas_api_20261005,0042500313,3,2026-05-22,1610612759,SAS,1630322,Lindy Waters III,1610612760,OKC,1641717,Cason Wallace,2,0.1,0.31299,5.26316,11.600000000000001,0,0,0,0,0,0,0,0,0.0,0,0,0.0,0,0,0,0,0,0,0,nba_boxscorematchupsv3
1,2025-26,Playoffs,Western Conference Finals,2026_okc_sas_api_20261005,0042500313,3,2026-05-22,1610612759,SAS,203486,Mason Plumlee,1610612760,OKC,1627936,Alex Caruso,8,1.0,1.54739,20.51282,65.4,0,0,0,0,0,0,0,0,0.0,0,0,0.0,0,0,0,0,0,0,0,nba_boxscorematchupsv3
1,2025-26,Playoffs,Western Conference Finals,2026_okc_sas_api_20261005,0042500313,3,2026-05-22,1610612759,SAS,203486,Mason Plumlee,1610612760,OKC,1628392,Isaiah Hartenstein,3,0.4,0.6383,7.692309999999999,19.0,0,0,0,0,0,0,0,0,0.0,0,0,0.0,0,0,0,0,0,0,0,nba_boxscorematchupsv3
1,2025-26,Playoffs,Western Conference Finals,2026_okc_sas_api_20261005,0042500313,3,2026-05-22,1610612759,SAS,203486,Mason Plumlee,1610612760,OKC,1642260,Nikola Topić,6,0.3,20.68966,15.384619999999998,16.1,0,0,0,0,0,0,0,0,0.0,0,0,0.0,0,0,0,0,0,0,0,nba_boxscorematchupsv3
1,2025-26,Playoffs,Western Conference Finals,2026_okc_sas_api_20261005,0042500313,3,2026-05-22,1610612759,SAS,203486,Mason Plumlee,1610612760,OKC,1631119,Jaylin Williams,5,0.4,1.0989,12.820509999999999,16.2,0,3,0,0,0,0,0,0,0.0,0,0,0.0,0,0,0,0,0,0,0,nba_boxscorematchupsv3
1,2025-26,Playoffs,Western Conference Finals,2026_okc_sas_api_20261005,0042500313,3,2026-05-22,1610612759,SAS,203486,Mason Plumlee,1610612760,OKC,1629026,Kenrich Williams,17,1.4,56.666669999999996,43.58974,65.0,2,2,1,0,0,0,1,1,100.0,0,0,0.0,0,0,0,0,0,0,0,nba_boxscorematchupsv3
1,2025-26,Playoffs,Western Conference Finals,2026_okc_sas_api_20261005,0042500313,3,2026-05-22,1610612760,OKC,1642349,Ajay Mitchell,1610612759,SAS,1642868,Carter Bryant,15,1.1,6.07287,3.9682500000000003,44.1,2,3,0,0,0,0,1,1,100.0,0,0,0.0,0,0,0,0,0,0,0,nba_boxscorematchupsv3
1,2025-26,Playoffs,Western Conference Finals,2026_okc_sas_api_20261005,0042500313,3,2026-05-22,1610612760,OKC,1642349,Ajay Mitchell,1610612759,SAS,1642264,Stephon Castle,114,8.1,13.411760000000001,30.15873,32.300000000000004,0,9,0,0,0,1,0,2,0.0,0,0,0.0,0,0,0,0,0,0,0,nba_boxscorematchupsv3
1,2025-26,Playoffs,Western Conference Finals,2026_okc_sas_api_20261005,0042500313,3,2026-05-22,1610612760,OKC,1642349,Ajay Mitchell,1610612759,SAS,1630577,Julian Champagnie,18,2.4,2.0979,4.7619,9.700000000000001,0,2,0,0,1,0,0,0,0.0,0,0,0.0,0,0,0,0,0,0,0,nba_boxscorematchupsv3
1,2025-26,Playoffs,Western Conference Finals,2026_okc_sas_api_20261005,0042500313,3,2026-05-22,1610612760,OKC,1642349,Ajay Mitchell,1610612759,SAS,1628368,De'Aaron Fox,127,11.1,18.3526,33.59788,38.9,0,2,1,0,1,0,0,2,0.0,0,1,0.0,0,0,0,0,0,0,0,nba_boxscorematchupsv3
1,2025-26,Playoffs,Western Conference Finals,2026_okc_sas_api_20261005,0042500313,3,2026-05-22,1610612760,OKC,1642349,Ajay Mitchell,1610612759,SAS,1629640,Keldon Johnson,8,0.6,2.83688,2.1164,9.4,0,2,0,0,0,0,0,0,0.0,0,0,0.0,0,0,0,0,0,0,0,nba_boxscorematchupsv3
1,2025-26,Playoffs,Western Conference Finals,2026_okc_sas_api_20261005,0042500313,3,2026-05-22,1610612760,OKC,1642349,Ajay Mitchell,1610612759,SAS,1630170,Devin Vassell,83,7.9,9.35738,21.95767,23.1,0,10,0,0,1,0,0,0,0.0,0,0,0.0,0,0,0,0,0,0,0,nba_boxscorematchupsv3
1,2025-26,Playoffs,Western Conference Finals,2026_okc_sas_api_20261005,0042500313,3,2026-05-22,1610612760,OKC,1642349,Ajay Mitchell,1610612759,SAS,1641705,Victor Wembanyama,13,1.8,1.3800400000000002,3.4391499999999997,4.8,0,0,0,0,0,0,0,0,0.0,0,0,0.0,0,0,0,0,0,0,0,nba_boxscorematchupsv3
1,2025-26,Playoffs,Western Conference Finals,2026_okc_sas_api_20261005,0042500313,3,2026-05-22,1610612760,OKC,1631096,Chet Holmgren,1610612759,SAS,203084,Harrison Barnes,13,1.0,19.69697,1.8678199999999998,30.2,0,2,0,0,0,0,0,0,0.0,0,0,0.0,0,0,0,0,0,0,0,nba_boxscorematchupsv3
1,2025-26,Playoffs,Western Conference Finals,2026_okc_sas_api_20261005,0042500313,3,2026-05-22,1610612760,OKC,1631096,Chet Holmgren,1610612759,SAS,1642868,Carter Bryant,10,1.3,4.04858,1.43678,6.800000000000001,1,1,0,0,0,0,0,0,0.0,0,0,0.0,1,2,0,0,0,0,0,nba_boxscorematchupsv3
1,2025-26,Playoffs,Western Conference Finals,2026_okc_sas_api_20261005,0042500313,3,2026-05-22,1610612760,OKC,1631096,Chet Holmgren,1610612759,SAS,1642264,Stephon Castle,62,5.2,7.2941199999999995,8.908050000000001,10.8,4,9,0,0,0,0,2,2,100.0,0,0,0.0,0,0,0,0,0,0,0,nba_boxscorematchupsv3
1,2025-26,Playoffs,Western Conference Finals,2026_okc_sas_api_20261005,0042500313,3,2026-05-22,1610612760,OKC,1631096,Chet Holmgren,1610612759,SAS,1630577,Julian Champagnie,81,5.9,9.440560000000001,11.63793,12.3,4,9,1,0,0,1,2,3,66.7,0,1,0.0,0,0,0,0,0,0,0,nba_boxscorematchupsv3
1,2025-26,Playoffs,Western Conference Finals,2026_okc_sas_api_20261005,0042500313,3,2026-05-22,1610612760,OKC,1631096,Chet Holmgren,1610612759,SAS,1628368,De'Aaron Fox,50,4.4,7.225429999999999,7.18391,12.2,0,3,0,0,0,0,0,0,0.0,0,0,0.0,0,0,0,0,0,0,0,nba_boxscorematchupsv3
1,2025-26,Playoffs,Western Conference Finals,2026_okc_sas_api_20261005,0042500313,3,2026-05-22,1610612760,OKC,1631096,Chet Holmgren,1610612759,SAS,1642844,Dylan Harper,18,1.8,4.53401,2.58621,10.9,0,3,0,0,0,0,0,0,0.0,0,0,0.0,0,0,0,0,0,0,0,nba_boxscorematchupsv3
1,2025-26,Playoffs,Western Conference Finals,2026_okc_sas_api_20261005,0042500313,3,2026-05-22,1610612760,OKC,1631096,Chet Holmgren,1610612759,SAS,1629640,Keldon Johnson,4,0.4,1.41844,0.5747099999999999,3.5999999999999996,2,2,0,0,0,0,0,0,0.0,0,0,0.0,2,2,0,0,0,0,0,nba_boxscorematchupsv3
1,2025-26,Playoffs,Western Conference Finals,2026_okc_sas_api_20261005,0042500313,3,2026-05-22,1610612760,OKC,1631096,Chet Holmgren,1610612759,SAS,1628436,Luke Kornet,24,1.6,7.76699,3.44828,20.7,0,2,0,0,0,0,0,0,0.0,0,0,0.0,0,0,0,0,0,0,0,nba_boxscorematchupsv3
1,2025-26,Playoffs,Western Conference Finals,2026_okc_sas_api_20261005,0042500313,3,2026-05-22,1610612760,OKC,1631096,Chet Holmgren,1610612759,SAS,1630170,Devin Vassell,187,12.9,21.0823,26.86782,33.800000000000004,0,16,0,0,0,0,0,1,0.0,0,0,0.0,0,0,0,0,0,0,0,nba_boxscorematchupsv3
1,2025-26,Playoffs,Western Conference Finals,2026_okc_sas_api_20261005,0042500313,3,2026-05-22,1610612760,OKC,1631096,Chet Holmgren,1610612759,SAS,1641705,Victor Wembanyama,247,18.6,26.22081,35.48851,35.9,0,20,0,0,0,0,0,0,0.0,0,0,0.0,0,0,0,0,0,0,0,nba_boxscorematchupsv3
1,2025-26,Playoffs,Western Conference Finals,2026_okc_sas_api_20261005,0042500313,3,2026-05-22,1610612760,OKC,1628392,Isaiah Hartenstein,1610612759,SAS,203084,Harrison Barnes,1,0.6,1.51515,0.20576000000000003,15.0,0,0,0,0,0,0,0,0,0.0,0,0,0.0,0,0,0,0,0,0,0,nba_boxscorematchupsv3
1,2025-26,Playoffs,Western Conference Finals,2026_okc_sas_api_20261005,0042500313,3,2026-05-22,1610612760,OKC,1628392,Isaiah Hartenstein,1610612759,SAS,202687,Bismack Biyombo,1,0.5,2.12766,0.20576000000000003,52.0,0,0,0,0,0,0,0,0,0.0,0,0,0.0,0,0,0,0,0,0,0,nba_boxscorematchupsv3
1,2025-26,Playoffs,Western Conference Finals,2026_okc_sas_api_20261005,0042500313,3,2026-05-22,1610612760,OKC,1628392,Isaiah Hartenstein,1610612759,SAS,1642264,Stephon Castle,20,2.9,2.35294,4.11523,9.2,0,5,0,0,0,0,0,0,0.0,0,0,0.0,0,0,0,0,0,0,0,nba_boxscorematchupsv3
1,2025-26,Playoffs,Western Conference Finals,2026_okc_sas_api_20261005,0042500313,3,2026-05-22,1610612760,OKC,1628392,Isaiah Hartenstein,1610612759,SAS,1630577,Julian Champagnie,11,1.8,1.2820500000000001,2.26337,4.1000000000000005,0,2,0,0,0,0,0,0,0.0,0,0,0.0,0,0,0,0,0,0,0,nba_boxscorematchupsv3
1,2025-26,Playoffs,Western Conference Finals,2026_okc_sas_api_20261005,0042500313,3,2026-05-22,1610612760,OKC,1628392,Isaiah Hartenstein,1610612759,SAS,1628368,De'Aaron Fox,20,2.5,2.89017,4.11523,8.6,1,1,0,0,0,0,0,0,0.0,0,0,0.0,1,2,1,0,0,0,0,nba_boxscorematchupsv3
1,2025-26,Playoffs,Western Conference Finals,2026_okc_sas_api_20261005,0042500313,3,2026-05-22,1610612760,OKC,1628392,Isaiah Hartenstein,1610612759,SAS,1642844,Dylan Harper,9,1.1,2.267,1.85185,8.6,0,2,0,0,0,0,0,0,0.0,0,0,0.0,0,0,0,0,0,0,0,nba_boxscorematchupsv3
1,2025-26,Playoffs,Western Conference Finals,2026_okc_sas_api_20261005,0042500313,3,2026-05-22,1610612760,OKC,1628392,Isaiah Hartenstein,1610612759,SAS,1628436,Luke Kornet,131,8.7,42.39482,26.954729999999998,75.4,0,12,1,0,0,0,0,0,0.0,0,0,0.0,0,0,0,0,0,0,0,nba_boxscorematchupsv3
1,2025-26,Playoffs,Western Conference Finals,2026_okc_sas_api_20261005,0042500313,3,2026-05-22,1610612760,OKC,1628392,Isaiah Hartenstein,1610612759,SAS,1629162,Jordan McLaughlin,2,0.5,4.25532,0.41152000000000005,48.0,0,0,0,0,0,0,0,0,0.0,0,0,0.0,0,0,0,0,0,0,0,nba_boxscorematchupsv3
1,2025-26,Playoffs,Western Conference Finals,2026_okc_sas_api_20261005,0042500313,3,2026-05-22,1610612760,OKC,1628392,Isaiah Hartenstein,1610612759,SAS,1630170,Devin Vassell,12,2.7,1.35287,2.46914,8.9,0,0,0,0,0,0,0,0,0.0,0,0,0.0,0,0,0,0,0,0,0,nba_boxscorematchupsv3
1,2025-26,Playoffs,Western Conference Finals,2026_okc_sas_api_20261005,0042500313,3,2026-05-22,1610612760,OKC,1628392,Isaiah Hartenstein,1610612759,SAS,1641705,Victor Wembanyama,279,19.6,29.61783,57.407410000000006,60.099999999999994,4,17,2,0,1,1,2,4,50.0,0,1,0.0,0,0,0,0,0,0,0,nba_boxscorematchupsv3
1,2025-26,Playoffs,Western Conference Finals,2026_okc_sas_api_20261005,0042500313,3,2026-05-22,1610612760,OKC,1629652,Luguentz Dort,1610612759,SAS,203084,Harrison Barnes,1,0.1,1.51515,0.19530999999999998,11.0,0,0,0,0,0,0,0,0,0.0,0,0,0.0,0,0,0,0,0,0,0,nba_boxscorematchupsv3
1,2025-26,Playoffs,Western Conference Finals,2026_okc_sas_api_20261005,0042500313,3,2026-05-22,1610612760,OKC,1629652,Luguentz Dort,1610612759,SAS,1642868,Carter Bryant,20,1.0,8.09717,3.90625,11.3,0,5,1,0,0,0,0,0,0.0,0,0,0.0,0,0,0,0,0,0,0,nba_boxscorematchupsv3
1,2025-26,Playoffs,Western Conference Finals,2026_okc_sas_api_20261005,0042500313,3,2026-05-22,1610612760,OKC,1629652,Luguentz Dort,1610612759,SAS,1642264,Stephon Castle,78,5.7,9.17647,15.23438,13.5,0,6,1,0,1,0,0,0,0.0,0,0,0.0,0,0,0,0,0,0,0,nba_boxscorematchupsv3
1,2025-26,Playoffs,Western Conference Finals,2026_okc_sas_api_20261005,0042500313,3,2026-05-22,1610612760,OKC,1629652,Luguentz Dort,1610612759,SAS,1630577,Julian Champagnie,184,13.6,21.445220000000003,35.9375,35.099999999999994,0,10,0,0,0,0,0,0,0.0,0,0,0.0,0,0,0,0,0,0,0,nba_boxscorematchupsv3
1,2025-26,Playoffs,Western Conference Finals,2026_okc_sas_api_20261005,0042500313,3,2026-05-22,1610612760,OKC,1629652,Luguentz Dort,1610612759,SAS,1628368,De'Aaron Fox,62,6.4,8.95954,12.10938,15.299999999999999,0,15,0,0,0,0,0,1,0.0,0,1,0.0,0,0,0,0,0,0,0,nba_boxscorematchupsv3
1,2025-26,Playoffs,Western Conference Finals,2026_okc_sas_api_20261005,0042500313,3,2026-05-22,1610612760,OKC,1629652,Luguentz Dort,1610612759,SAS,1642844,Dylan Harper,9,1.0,2.267,1.7578099999999999,16.900000000000002,0,5,0,0,0,0,0,0,0.0,0,0,0.0,0,0,0,0,0,0,0,nba_boxscorematchupsv3
1,2025-26,Playoffs,Western Conference Finals,2026_okc_sas_api_20261005,0042500313,3,2026-05-22,1610612760,OKC,1629652,Luguentz Dort,1610612759,SAS,1629640,Keldon Johnson,55,4.0,19.50355,10.74219,54.900000000000006,0,7,0,0,0,0,0,0,0.0,0,0,0.0,0,0,0,0,0,0,0,nba_boxscorematchupsv3
1,2025-26,Playoffs,Western Conference Finals,2026_okc_sas_api_20261005,0042500313,3,2026-05-22,1610612760,OKC,1629652,Luguentz Dort,1610612759,SAS,1630170,Devin Vassell,32,3.0,3.60767,6.25,8.9,0,3,0,0,0,0,0,0,0.0,0,0,0.0,0,0,0,0,0,0,0,nba_boxscorematchupsv3
1,2025-26,Playoffs,Western Conference Finals,2026_okc_sas_api_20261005,0042500313,3,2026-05-22,1610612760,OKC,1629652,Luguentz Dort,1610612759,SAS,1641705,Victor Wembanyama,71,7.2,7.53715,13.867189999999999,18.2,0,0,1,0,0,0,0,0,0.0,0,0,0.0,0,0,0,0,0,0,0,nba_boxscorematchupsv3
1,2025-26,Playoffs,Western Conference Finals,2026_okc_sas_api_20261005,0042500313,3,2026-05-22,1610612760,OKC,1628983,Shai Gilgeous-Alexander,1610612759,SAS,1642868,Carter Bryant,124,9.1,50.20243,12.84974,57.3,5,12,0,0,0,0,1,2,50.0,1,2,50.0,2,2,1,0,0,0,0,nba_boxscorematchupsv3
1,2025-26,Playoffs,Western Conference Finals,2026_okc_sas_api_20261005,0042500313,3,2026-05-22,1610612760,OKC,1628983,Shai Gilgeous-Alexander,1610612759,SAS,1642264,Stephon Castle,261,20.5,30.70588,27.04663,37.6,9,30,3,0,0,1,2,4,50.0,0,0,0.0,5,5,2,0,0,0,0,nba_boxscorematchupsv3
1,2025-26,Playoffs,Western Conference Finals,2026_okc_sas_api_20261005,0042500313,3,2026-05-22,1610612760,OKC,1628983,Shai Gilgeous-Alexander,1610612759,SAS,1630577,Julian Champagnie,150,13.6,17.482519999999997,15.54404,22.3,2,15,1,0,1,0,1,2,50.0,0,1,0.0,0,0,0,0,0,0,0,nba_boxscorematchupsv3
1,2025-26,Playoffs,Western Conference Finals,2026_okc_sas_api_20261005,0042500313,3,2026-05-22,1610612760,OKC,1628983,Shai Gilgeous-Alexander,1610612759,SAS,1628368,De'Aaron Fox,96,6.6,13.87283,9.94819,12.9,3,15,1,0,0,0,1,1,100.0,1,1,100.0,0,0,0,0,0,0,0,nba_boxscorematchupsv3
1,2025-26,Playoffs,Western Conference Finals,2026_okc_sas_api_20261005,0042500313,3,2026-05-22,1610612760,OKC,1628983,Shai Gilgeous-Alexander,1610612759,SAS,1642844,Dylan Harper,44,2.5,11.083120000000001,4.55959,14.099999999999998,0,3,1,0,0,0,0,0,0.0,0,0,0.0,0,0,0,0,0,0,0,nba_boxscorematchupsv3
1,2025-26,Playoffs,Western Conference Finals,2026_okc_sas_api_20261005,0042500313,3,2026-05-22,1610612760,OKC,1628983,Shai Gilgeous-Alexander,1610612759,SAS,1629640,Keldon Johnson,33,1.6,11.70213,3.41969,17.4,2,2,0,0,0,0,0,0,0.0,0,0,0.0,2,2,0,0,0,0,0,nba_boxscorematchupsv3
1,2025-26,Playoffs,Western Conference Finals,2026_okc_sas_api_20261005,0042500313,3,2026-05-22,1610612760,OKC,1628983,Shai Gilgeous-Alexander,1610612759,SAS,1628436,Luke Kornet,24,1.4,7.76699,2.48705,9.3,0,9,0,0,0,0,0,0,0.0,0,0,0.0,0,0,0,0,0,0,0,nba_boxscorematchupsv3
1,2025-26,Playoffs,Western Conference Finals,2026_okc_sas_api_20261005,0042500313,3,2026-05-22,1610612760,OKC,1628983,Shai Gilgeous-Alexander,1610612759,SAS,203486,Mason Plumlee,2,0.5,4.16667,0.20725000000000002,48.0,0,0,0,0,0,0,0,1,0.0,0,0,0.0,0,0,0,0,0,0,0,nba_boxscorematchupsv3
1,2025-26,Playoffs,Western Conference Finals,2026_okc_sas_api_20261005,0042500313,3,2026-05-22,1610612760,OKC,1628983,Shai Gilgeous-Alexander,1610612759,SAS,1630170,Devin Vassell,177,15.0,19.954900000000002,18.34197,24.9,4,7,2,0,1,0,1,5,20.0,0,0,0.0,2,2,1,0,0,0,0,nba_boxscorematchupsv3
1,2025-26,Playoffs,Western Conference Finals,2026_okc_sas_api_20261005,0042500313,3,2026-05-22,1610612760,OKC,1628983,Shai Gilgeous-Alexander,1610612759,SAS,1630322,Lindy Waters III,1,0.2,2.12766,0.10363,20.9,0,0,0,0,0,0,0,0,0.0,0,0,0.0,0,0,0,0,0,0,0,nba_boxscorematchupsv3
1,2025-26,Playoffs,Western Conference Finals,2026_okc_sas_api_20261005,0042500313,3,2026-05-22,1610612760,OKC,1628983,Shai Gilgeous-Alexander,1610612759,SAS,1641705,Victor Wembanyama,53,4.4,5.62633,5.49223,6.7,0,11,2,0,0,1,0,2,0.0,0,0,0.0,0,0,0,0,0,0,0,nba_boxscorematchupsv3
1,2025-26,Playoffs,Western Conference Finals,2026_okc_sas_api_20261005,0042500313,3,2026-05-22,1610612760,OKC,1627936,Alex Caruso,1610612759,SAS,203084,Harrison Barnes,5,0.3,7.57576,0.86059,13.8,0,0,0,0,0,0,0,0,0.0,0,0,0.0,0,0,0,0,0,0,0,nba_boxscorematchupsv3
1,2025-26,Playoffs,Western Conference Finals,2026_okc_sas_api_20261005,0042500313,3,2026-05-22,1610612760,OKC,1627936,Alex Caruso,1610612759,SAS,1642868,Carter Bryant,2,0.0,0.8097200000000001,0.34423000000000004,4.1000000000000005,0,0,0,0,0,0,0,0,0.0,0,0,0.0,0,0,0,0,0,0,0,nba_boxscorematchupsv3
1,2025-26,Playoffs,Western Conference Finals,2026_okc_sas_api_20261005,0042500313,3,2026-05-22,1610612760,OKC,1627936,Alex Caruso,1610612759,SAS,1642264,Stephon Castle,76,7.0,8.94118,13.080900000000002,17.9,3,11,0,0,0,0,1,1,100.0,1,1,100.0,0,0,0,0,0,0,0,nba_boxscorematchupsv3
1,2025-26,Playoffs,Western Conference Finals,2026_okc_sas_api_20261005,0042500313,3,2026-05-22,1610612760,OKC,1627936,Alex Caruso,1610612759,SAS,1630577,Julian Champagnie,95,9.2,11.07226,16.351119999999998,22.2,3,7,0,0,1,0,1,1,100.0,1,1,100.0,0,0,0,0,0,0,0,nba_boxscorematchupsv3
1,2025-26,Playoffs,Western Conference Finals,2026_okc_sas_api_20261005,0042500313,3,2026-05-22,1610612760,OKC,1627936,Alex Caruso,1610612759,SAS,1628368,De'Aaron Fox,37,3.8,5.34682,6.36833,15.0,0,4,0,0,0,0,0,1,0.0,0,1,0.0,0,0,0,0,0,0,0,nba_boxscorematchupsv3
1,2025-26,Playoffs,Western Conference Finals,2026_okc_sas_api_20261005,0042500313,3,2026-05-22,1610612760,OKC,1627936,Alex Caruso,1610612759,SAS,1642844,Dylan Harper,92,6.5,23.1738,15.83477,33.0,1,13,0,0,0,0,0,0,0.0,0,0,0.0,1,2,0,0,0,0,0,nba_boxscorematchupsv3
1,2025-26,Playoffs,Western Conference Finals,2026_okc_sas_api_20261005,0042500313,3,2026-05-22,1610612760,OKC,1627936,Alex Caruso,1610612759,SAS,1629640,Keldon Johnson,40,2.0,14.1844,6.88468,28.299999999999997,2,4,0,0,0,0,0,0,0.0,0,0,0.0,2,2,1,0,0,0,0,nba_boxscorematchupsv3
1,2025-26,Playoffs,Western Conference Finals,2026_okc_sas_api_20261005,0042500313,3,2026-05-22,1610612760,OKC,1627936,Alex Caruso,1610612759,SAS,1628436,Luke Kornet,33,2.3,10.67961,5.67986,16.6,0,2,0,0,0,0,0,1,0.0,0,1,0.0,0,0,0,0,0,0,0,nba_boxscorematchupsv3
1,2025-26,Playoffs,Western Conference Finals,2026_okc_sas_api_20261005,0042500313,3,2026-05-22,1610612760,OKC,1627936,Alex Caruso,1610612759,SAS,203486,Mason Plumlee,1,0.5,2.08333,0.17212,52.0,0,0,0,0,0,0,0,0,0.0,0,0,0.0,0,0,0,0,0,0,0,nba_boxscorematchupsv3
1,2025-26,Playoffs,Western Conference Finals,2026_okc_sas_api_20261005,0042500313,3,2026-05-22,1610612760,OKC,1627936,Alex Caruso,1610612759,SAS,1630170,Devin Vassell,123,8.0,13.86697,21.1704,18.7,0,14,0,0,0,0,0,1,0.0,0,0,0.0,0,0,0,0,0,0,0,nba_boxscorematchupsv3
1,2025-26,Playoffs,Western Conference Finals,2026_okc_sas_api_20261005,0042500313,3,2026-05-22,1610612760,OKC,1627936,Alex Caruso,1610612759,SAS,1630322,Lindy Waters III,2,0.5,4.25532,0.34423000000000004,48.0,0,0,0,0,0,0,0,0,0.0,0,0,0.0,0,0,0,0,0,0,0,nba_boxscorematchupsv3
1,2025-26,Playoffs,Western Conference Finals,2026_okc_sas_api_20261005,0042500313,3,2026-05-22,1610612760,OKC,1627936,Alex Caruso,1610612759,SAS,1641705,Victor Wembanyama,75,6.1,7.96178,12.90878,14.799999999999999,6,11,1,0,0,0,2,2,100.0,1,1,100.0,1,2,1,0,0,0,0,nba_boxscorematchupsv3
1,2025-26,Playoffs,Western Conference Finals,2026_okc_sas_api_20261005,0042500313,3,2026-05-22,1610612760,OKC,1642272,Jared McCain,1610612759,SAS,203084,Harrison Barnes,35,2.0,53.0303,5.22388,44.2,0,0,0,0,0,0,0,0,0.0,0,0,0.0,0,0,0,0,0,0,0,nba_boxscorematchupsv3
1,2025-26,Playoffs,Western Conference Finals,2026_okc_sas_api_20261005,0042500313,3,2026-05-22,1610612760,OKC,1642272,Jared McCain,1610612759,SAS,202687,Bismack Biyombo,2,0.5,4.25532,0.29851,48.0,0,0,0,0,0,0,0,0,0.0,0,0,0.0,0,0,0,0,0,0,0,nba_boxscorematchupsv3
1,2025-26,Playoffs,Western Conference Finals,2026_okc_sas_api_20261005,0042500313,3,2026-05-22,1610612760,OKC,1642272,Jared McCain,1610612759,SAS,1642868,Carter Bryant,19,1.2,7.692309999999999,2.83582,10.6,5,5,0,0,0,0,2,2,100.0,1,1,100.0,0,0,0,0,0,0,0,nba_boxscorematchupsv3
1,2025-26,Playoffs,Western Conference Finals,2026_okc_sas_api_20261005,0042500313,3,2026-05-22,1610612760,OKC,1642272,Jared McCain,1610612759,SAS,1642264,Stephon Castle,120,8.0,14.117650000000001,17.91045,22.3,3,6,0,0,1,0,1,2,50.0,1,2,50.0,0,0,0,0,0,0,0,nba_boxscorematchupsv3
1,2025-26,Playoffs,Western Conference Finals,2026_okc_sas_api_20261005,0042500313,3,2026-05-22,1610612760,OKC,1642272,Jared McCain,1610612759,SAS,1630577,Julian Champagnie,109,8.1,12.70396,16.268659999999997,25.7,2,5,0,0,0,0,0,4,0.0,0,4,0.0,2,2,0,0,0,0,0,nba_boxscorematchupsv3
1,2025-26,Playoffs,Western Conference Finals,2026_okc_sas_api_20261005,0042500313,3,2026-05-22,1610612760,OKC,1642272,Jared McCain,1610612759,SAS,1628368,De'Aaron Fox,103,7.5,14.88439,15.373129999999998,33.2,0,4,0,0,0,0,0,1,0.0,0,0,0.0,0,0,0,0,0,0,0,nba_boxscorematchupsv3
1,2025-26,Playoffs,Western Conference Finals,2026_okc_sas_api_20261005,0042500313,3,2026-05-22,1610612760,OKC,1642272,Jared McCain,1610612759,SAS,1642844,Dylan Harper,91,8.0,22.92191,13.582089999999999,26.0,2,8,1,0,0,0,1,2,50.0,0,0,0.0,0,0,0,0,0,0,0,nba_boxscorematchupsv3
1,2025-26,Playoffs,Western Conference Finals,2026_okc_sas_api_20261005,0042500313,3,2026-05-22,1610612760,OKC,1642272,Jared McCain,1610612759,SAS,1629640,Keldon Johnson,13,1.1,4.60993,1.9403,6.7,2,7,0,0,0,0,1,1,100.0,0,0,0.0,0,0,0,0,0,0,0,nba_boxscorematchupsv3
1,2025-26,Playoffs,Western Conference Finals,2026_okc_sas_api_20261005,0042500313,3,2026-05-22,1610612760,OKC,1642272,Jared McCain,1610612759,SAS,1628436,Luke Kornet,18,0.5,5.82524,2.68657,7.3999999999999995,2,2,0,0,0,0,1,1,100.0,0,0,0.0,0,0,0,0,0,0,0,nba_boxscorematchupsv3
1,2025-26,Playoffs,Western Conference Finals,2026_okc_sas_api_20261005,0042500313,3,2026-05-22,1610612760,OKC,1642272,Jared McCain,1610612759,SAS,1629162,Jordan McLaughlin,1,0.5,2.12766,0.14925,52.0,0,0,0,0,0,0,0,0,0.0,0,0,0.0,0,0,0,0,0,0,0,nba_boxscorematchupsv3
1,2025-26,Playoffs,Western Conference Finals,2026_okc_sas_api_20261005,0042500313,3,2026-05-22,1610612760,OKC,1642272,Jared McCain,1610612759,SAS,1630170,Devin Vassell,123,8.1,13.86697,18.35821,22.5,2,15,0,0,0,0,1,5,20.0,0,3,0.0,0,0,0,0,0,0,0,nba_boxscorematchupsv3
1,2025-26,Playoffs,Western Conference Finals,2026_okc_sas_api_20261005,0042500313,3,2026-05-22,1610612760,OKC,1642272,Jared McCain,1610612759,SAS,1641705,Victor Wembanyama,36,3.4,3.8216600000000005,5.373130000000001,8.1,6,11,0,0,0,0,3,3,100.0,0,0,0.0,0,0,0,0,0,0,0,nba_boxscorematchupsv3
1,2025-26,Playoffs,Western Conference Finals,2026_okc_sas_api_20261005,0042500313,3,2026-05-22,1610612760,OKC,1641717,Cason Wallace,1610612759,SAS,203084,Harrison Barnes,11,0.1,16.66667,1.7543900000000001,31.3,0,2,0,0,0,0,0,0,0.0,0,0,0.0,0,0,0,0,0,0,0,nba_boxscorematchupsv3
1,2025-26,Playoffs,Western Conference Finals,2026_okc_sas_api_20261005,0042500313,3,2026-05-22,1610612760,OKC,1641717,Cason Wallace,1610612759,SAS,1642868,Carter Bryant,9,0.4,3.64372,1.43541,3.6999999999999997,0,3,0,0,0,0,0,1,0.0,0,1,0.0,0,0,0,0,0,0,0,nba_boxscorematchupsv3
1,2025-26,Playoffs,Western Conference Finals,2026_okc_sas_api_20261005,0042500313,3,2026-05-22,1610612760,OKC,1641717,Cason Wallace,1610612759,SAS,1642264,Stephon Castle,60,5.7,7.058820000000001,9.569379999999999,17.1,0,5,1,0,0,0,0,1,0.0,0,1,0.0,0,0,0,0,0,0,0,nba_boxscorematchupsv3
1,2025-26,Playoffs,Western Conference Finals,2026_okc_sas_api_20261005,0042500313,3,2026-05-22,1610612760,OKC,1641717,Cason Wallace,1610612759,SAS,1630577,Julian Champagnie,77,5.2,8.97436,12.2807,15.2,3,6,0,0,0,0,1,1,100.0,1,1,100.0,0,0,0,0,0,0,0,nba_boxscorematchupsv3
1,2025-26,Playoffs,Western Conference Finals,2026_okc_sas_api_20261005,0042500313,3,2026-05-22,1610612760,OKC,1641717,Cason Wallace,1610612759,SAS,1628368,De'Aaron Fox,155,12.9,22.39884,24.72089,36.0,2,12,0,0,0,0,1,1,100.0,0,0,0.0,0,0,0,0,0,0,0,nba_boxscorematchupsv3
1,2025-26,Playoffs,Western Conference Finals,2026_okc_sas_api_20261005,0042500313,3,2026-05-22,1610612760,OKC,1641717,Cason Wallace,1610612759,SAS,1642844,Dylan Harper,101,6.6,25.440810000000003,16.108449999999998,32.0,0,8,1,0,0,0,0,1,0.0,0,1,0.0,0,0,0,0,0,0,0,nba_boxscorematchupsv3
1,2025-26,Playoffs,Western Conference Finals,2026_okc_sas_api_20261005,0042500313,3,2026-05-22,1610612760,OKC,1641717,Cason Wallace,1610612759,SAS,1629640,Keldon Johnson,17,1.1,6.028370000000001,2.71132,11.0,1,1,0,0,0,0,0,0,0.0,0,0,0.0,1,2,1,0,0,0,0,nba_boxscorematchupsv3
1,2025-26,Playoffs,Western Conference Finals,2026_okc_sas_api_20261005,0042500313,3,2026-05-22,1610612760,OKC,1641717,Cason Wallace,1610612759,SAS,1628436,Luke Kornet,31,2.1,10.03236,4.94418,13.100000000000001,0,6,0,0,0,0,0,0,0.0,0,0,0.0,0,0,0,0,0,0,0,nba_boxscorematchupsv3
1,2025-26,Playoffs,Western Conference Finals,2026_okc_sas_api_20261005,0042500313,3,2026-05-22,1610612760,OKC,1641717,Cason Wallace,1610612759,SAS,203482,Kelly Olynyk,3,0.8,6.382980000000001,0.47847,79.80000000000001,0,0,0,0,0,0,0,0,0.0,0,0,0.0,0,0,0,0,0,0,0,nba_boxscorematchupsv3
1,2025-26,Playoffs,Western Conference Finals,2026_okc_sas_api_20261005,0042500313,3,2026-05-22,1610612760,OKC,1641717,Cason Wallace,1610612759,SAS,1630170,Devin Vassell,68,6.6,7.666290000000001,10.8453,17.9,5,10,1,0,0,0,1,1,100.0,1,1,100.0,2,2,0,0,0,0,0,nba_boxscorematchupsv3
1,2025-26,Playoffs,Western Conference Finals,2026_okc_sas_api_20261005,0042500313,3,2026-05-22,1610612760,OKC,1641717,Cason Wallace,1610612759,SAS,1641705,Victor Wembanyama,95,8.9,10.08493,15.15152,20.200000000000003,0,8,1,0,0,0,0,2,0.0,0,1,0.0,0,0,0,0,0,0,0,nba_boxscorematchupsv3
1,2025-26,Playoffs,Western Conference Finals,2026_okc_sas_api_20261005,0042500313,3,2026-05-22,1610612760,OKC,1631119,Jaylin Williams,1610612759,SAS,202687,Bismack Biyombo,42,2.0,89.3617,8.10811,100.0,0,5,0,0,0,0,0,0,0.0,0,0,0.0,0,0,0,0,0,0,0,nba_boxscorematchupsv3
1,2025-26,Playoffs,Western Conference Finals,2026_okc_sas_api_20261005,0042500313,3,2026-05-22,1610612760,OKC,1631119,Jaylin Williams,1610612759,SAS,1642868,Carter Bryant,48,3.9,19.4332,9.26641,29.9,1,3,0,0,0,0,0,1,0.0,0,0,0.0,1,1,0,0,0,0,0,nba_boxscorematchupsv3
1,2025-26,Playoffs,Western Conference Finals,2026_okc_sas_api_20261005,0042500313,3,2026-05-22,1610612760,OKC,1631119,Jaylin Williams,1610612759,SAS,1642264,Stephon Castle,55,3.0,6.47059,10.61776,15.4,3,10,1,0,0,0,1,1,100.0,1,1,100.0,0,0,0,0,0,0,0,nba_boxscorematchupsv3
1,2025-26,Playoffs,Western Conference Finals,2026_okc_sas_api_20261005,0042500313,3,2026-05-22,1610612760,OKC,1631119,Jaylin Williams,1610612759,SAS,1630577,Julian Champagnie,88,6.2,10.25641,16.98842,24.8,3,15,0,0,0,0,1,1,100.0,1,1,100.0,0,0,0,0,0,0,0,nba_boxscorematchupsv3
1,2025-26,Playoffs,Western Conference Finals,2026_okc_sas_api_20261005,0042500313,3,2026-05-22,1610612760,OKC,1631119,Jaylin Williams,1610612759,SAS,1628368,De'Aaron Fox,6,0.8,0.86705,1.1582999999999999,7.6,0,0,0,0,0,0,0,0,0.0,0,0,0.0,0,0,0,0,0,0,0,nba_boxscorematchupsv3
1,2025-26,Playoffs,Western Conference Finals,2026_okc_sas_api_20261005,0042500313,3,2026-05-22,1610612760,OKC,1631119,Jaylin Williams,1610612759,SAS,1642844,Dylan Harper,15,1.1,3.77834,2.89575,6.4,0,2,0,0,0,0,0,0,0.0,0,0,0.0,0,0,0,0,0,0,0,nba_boxscorematchupsv3
1,2025-26,Playoffs,Western Conference Finals,2026_okc_sas_api_20261005,0042500313,3,2026-05-22,1610612760,OKC,1631119,Jaylin Williams,1610612759,SAS,1629640,Keldon Johnson,102,7.1,36.170210000000004,19.69112,50.6,6,12,0,0,0,0,2,2,100.0,2,2,100.0,0,0,0,0,0,0,0,nba_boxscorematchupsv3
1,2025-26,Playoffs,Western Conference Finals,2026_okc_sas_api_20261005,0042500313,3,2026-05-22,1610612760,OKC,1631119,Jaylin Williams,1610612759,SAS,1628436,Luke Kornet,48,4.2,15.53398,9.26641,30.8,4,5,0,0,0,0,1,2,50.0,1,2,50.0,1,1,1,0,0,0,0,nba_boxscorematchupsv3
1,2025-26,Playoffs,Western Conference Finals,2026_okc_sas_api_20261005,0042500313,3,2026-05-22,1610612760,OKC,1631119,Jaylin Williams,1610612759,SAS,1630170,Devin Vassell,40,2.1,4.50958,7.72201,9.1,0,2,0,0,0,0,0,0,0.0,0,0,0.0,0,0,0,0,0,0,0,nba_boxscorematchupsv3
1,2025-26,Playoffs,Western Conference Finals,2026_okc_sas_api_20261005,0042500313,3,2026-05-22,1610612760,OKC,1631119,Jaylin Williams,1610612759,SAS,1630322,Lindy Waters III,2,0.0,4.25532,0.3861,0.0,0,0,0,0,0,0,0,0,0.0,0,0,0.0,0,0,0,0,0,0,0,nba_boxscorematchupsv3
1,2025-26,Playoffs,Western Conference Finals,2026_okc_sas_api_20261005,0042500313,3,2026-05-22,1610612760,OKC,1631119,Jaylin Williams,1610612759,SAS,1641705,Victor Wembanyama,72,6.9,7.6433100000000005,13.899610000000001,18.5,2,4,0,0,0,0,0,0,0.0,0,0,0.0,2,2,0,0,0,0,0,nba_boxscorematchupsv3
1,2025-26,Playoffs,Western Conference Finals,2026_okc_sas_api_20261005,0042500313,3,2026-05-22,1610612760,OKC,1630198,Isaiah Joe,1610612759,SAS,1642264,Stephon Castle,4,0.3,0.47059,2.0,2.6,0,0,0,0,0,0,0,0,0.0,0,0,0.0,0,0,0,0,0,0,0,nba_boxscorematchupsv3
1,2025-26,Playoffs,Western Conference Finals,2026_okc_sas_api_20261005,0042500313,3,2026-05-22,1610612760,OKC,1630198,Isaiah Joe,1610612759,SAS,1630577,Julian Champagnie,45,3.2,5.244759999999999,22.5,40.9,0,4,0,0,0,0,0,0,0.0,0,0,0.0,0,0,0,0,0,0,0,nba_boxscorematchupsv3
1,2025-26,Playoffs,Western Conference Finals,2026_okc_sas_api_20261005,0042500313,3,2026-05-22,1610612760,OKC,1630198,Isaiah Joe,1610612759,SAS,1628368,De'Aaron Fox,36,4.7,5.202310000000001,18.0,41.0,0,2,0,0,0,0,0,0,0.0,0,0,0.0,0,0,0,0,0,0,0,nba_boxscorematchupsv3
1,2025-26,Playoffs,Western Conference Finals,2026_okc_sas_api_20261005,0042500313,3,2026-05-22,1610612760,OKC,1630198,Isaiah Joe,1610612759,SAS,1642844,Dylan Harper,18,1.0,4.53401,9.0,17.4,0,0,0,0,0,0,0,0,0.0,0,0,0.0,0,0,0,0,0,0,0,nba_boxscorematchupsv3
1,2025-26,Playoffs,Western Conference Finals,2026_okc_sas_api_20261005,0042500313,3,2026-05-22,1610612760,OKC,1630198,Isaiah Joe,1610612759,SAS,1629640,Keldon Johnson,10,2.1,3.5461,5.0,19.1,0,1,0,0,0,0,0,0,0.0,0,0,0.0,0,0,0,0,0,0,0,nba_boxscorematchupsv3
1,2025-26,Playoffs,Western Conference Finals,2026_okc_sas_api_20261005,0042500313,3,2026-05-22,1610612760,OKC,1630198,Isaiah Joe,1610612759,SAS,203482,Kelly Olynyk,15,0.3,31.91489,7.5,16.2,0,2,0,0,0,0,0,0,0.0,0,0,0.0,0,0,0,0,0,0,0,nba_boxscorematchupsv3
1,2025-26,Playoffs,Western Conference Finals,2026_okc_sas_api_20261005,0042500313,3,2026-05-22,1610612760,OKC,1630198,Isaiah Joe,1610612759,SAS,1630170,Devin Vassell,42,3.9,4.73506,21.0,30.8,0,5,0,0,0,0,0,0,0.0,0,0,0.0,0,0,0,0,0,0,0,nba_boxscorematchupsv3
1,2025-26,Playoffs,Western Conference Finals,2026_okc_sas_api_20261005,0042500313,3,2026-05-22,1610612760,OKC,1630198,Isaiah Joe,1610612759,SAS,1630322,Lindy Waters III,29,1.7,61.70213,14.499999999999998,83.8,0,3,1,0,0,0,0,0,0.0,0,0,0.0,0,0,0,0,0,0,0,nba_boxscorematchupsv3
1,2025-26,Playoffs,Western Conference Finals,2026_okc_sas_api_20261005,0042500313,3,2026-05-22,1610612760,OKC,1630198,Isaiah Joe,1610612759,SAS,1641705,Victor Wembanyama,1,0.4,0.10616,0.5,4.8,0,0,0,0,0,0,0,0,0.0,0,0,0.0,0,0,0,0,0,0,0,nba_boxscorematchupsv3
1,2025-26,Playoffs,Western Conference Finals,2026_okc_sas_api_20261005,0042500313,3,2026-05-22,1610612760,OKC,1630598,Aaron Wiggins,1610612759,SAS,1629162,Jordan McLaughlin,18,1.0,38.29787,45.0,55.00000000000001,0,3,0,0,0,0,0,0,0.0,0,0,0.0,0,0,0,0,0,0,0,nba_boxscorematchupsv3
1,2025-26,Playoffs,Western Conference Finals,2026_okc_sas_api_20261005,0042500313,3,2026-05-22,1610612760,OKC,1630598,Aaron Wiggins,1610612759,SAS,203482,Kelly Olynyk,11,0.7,23.40426,27.500000000000004,28.799999999999997,0,0,0,0,0,0,0,0,0.0,0,0,0.0,0,0,0,0,0,0,0,nba_boxscorematchupsv3
1,2025-26,Playoffs,Western Conference Finals,2026_okc_sas_api_20261005,0042500313,3,2026-05-22,1610612760,OKC,1630598,Aaron Wiggins,1610612759,SAS,1630322,Lindy Waters III,11,0.3,23.40426,27.500000000000004,11.799999999999999,0,0,0,0,0,0,0,0,0.0,0,0,0.0,0,0,0,0,0,0,0,nba_boxscorematchupsv3
1,2025-26,Playoffs,Western Conference Finals,2026_okc_sas_api_20261005,0042500313,3,2026-05-22,1610612760,OKC,1642260,Nikola Topić,1610612759,SAS,1629162,Jordan McLaughlin,19,0.7,40.425529999999995,40.425529999999995,30.9,0,0,0,0,0,0,0,0,0.0,0,0,0.0,0,0,0,0,0,0,0,nba_boxscorematchupsv3
1,2025-26,Playoffs,Western Conference Finals,2026_okc_sas_api_20261005,0042500313,3,2026-05-22,1610612760,OKC,1642260,Nikola Topić,1610612759,SAS,203486,Mason Plumlee,28,1.2,58.333330000000004,59.574470000000005,65.2,0,5,0,0,0,1,0,1,0.0,0,0,0.0,0,0,0,0,0,0,0,nba_boxscorematchupsv3
1,2025-26,Playoffs,Western Conference Finals,2026_okc_sas_api_20261005,0042500313,3,2026-05-22,1610612760,OKC,1629026,Kenrich Williams,1610612759,SAS,202687,Bismack Biyombo,2,0.0,4.25532,4.34783,0.0,0,0,0,0,0,0,0,0,0.0,0,0,0.0,0,0,0,0,0,0,0,nba_boxscorematchupsv3
1,2025-26,Playoffs,Western Conference Finals,2026_okc_sas_api_20261005,0042500313,3,2026-05-22,1610612760,OKC,1629026,Kenrich Williams,1610612759,SAS,1629162,Jordan McLaughlin,7,0.3,14.893619999999999,15.21739,14.099999999999998,2,2,0,0,0,0,1,1,100.0,0,0,0.0,0,0,0,0,0,0,0,nba_boxscorematchupsv3
1,2025-26,Playoffs,Western Conference Finals,2026_okc_sas_api_20261005,0042500313,3,2026-05-22,1610612760,OKC,1629026,Kenrich Williams,1610612759,SAS,203482,Kelly Olynyk,18,1.0,38.29787,39.13043,55.00000000000001,3,3,0,0,0,0,1,1,100.0,1,1,100.0,0,0,0,0,0,0,0,nba_boxscorematchupsv3
1,2025-26,Playoffs,Western Conference Finals,2026_okc_sas_api_20261005,0042500313,3,2026-05-22,1610612760,OKC,1629026,Kenrich Williams,1610612759,SAS,203486,Mason Plumlee,17,0.8,35.41667,36.95652,34.8,0,0,0,0,0,0,0,0,0.0,0,0,0.0,0,0,0,0,0,0,0,nba_boxscorematchupsv3
1,2025-26,Playoffs,Western Conference Finals,2026_okc_sas_api_20261005,0042500313,3,2026-05-22,1610612760,OKC,1629026,Kenrich Williams,1610612759,SAS,1630322,Lindy Waters III,2,0.0,4.25532,4.34783,4.3999999999999995,0,0,0,0,0,0,0,0,0.0,0,0,0.0,0,0,0,0,0,0,0,nba_boxscorematchupsv3
1,2025-26,Playoffs,Western Conference Finals,2026_okc_sas_api_20261005,0042500314,4,2026-05-24,1610612759,SAS,1630170,Devin Vassell,1610612760,OKC,1627936,Alex Caruso,63,3.2,22.66187,9.87461,32.6,0,4,0,0,0,0,0,0,0.0,0,0,0.0,0,0,0,0,0,0,0,nba_boxscorematchupsv3
1,2025-26,Playoffs,Western Conference Finals,2026_okc_sas_api_20261005,0042500314,4,2026-05-24,1610612759,SAS,1630170,Devin Vassell,1610612760,OKC,1629652,Luguentz Dort,34,3.4,8.67347,5.32915,12.8,3,9,0,0,0,0,1,1,100.0,1,1,100.0,0,0,0,0,0,0,0,nba_boxscorematchupsv3
1,2025-26,Playoffs,Western Conference Finals,2026_okc_sas_api_20261005,0042500314,4,2026-05-24,1610612759,SAS,1630170,Devin Vassell,1610612760,OKC,1628983,Shai Gilgeous-Alexander,146,12.5,22.53086,22.88401,27.900000000000002,3,15,1,0,0,0,0,0,0.0,0,0,0.0,3,4,1,0,0,0,0,nba_boxscorematchupsv3
1,2025-26,Playoffs,Western Conference Finals,2026_okc_sas_api_20261005,0042500314,4,2026-05-24,1610612759,SAS,1630170,Devin Vassell,1610612760,OKC,1628392,Isaiah Hartenstein,13,1.2,3.29114,2.03762,6.2,0,2,0,0,0,0,0,0,0.0,0,0,0.0,0,0,0,0,0,0,0,nba_boxscorematchupsv3
1,2025-26,Playoffs,Western Conference Finals,2026_okc_sas_api_20261005,0042500314,4,2026-05-24,1610612759,SAS,1630170,Devin Vassell,1610612760,OKC,1631096,Chet Holmgren,35,4.0,6.80934,5.48589,9.9,0,6,0,0,0,0,0,2,0.0,0,0,0.0,0,0,0,0,0,0,0,nba_boxscorematchupsv3
1,2025-26,Playoffs,Western Conference Finals,2026_okc_sas_api_20261005,0042500314,4,2026-05-24,1610612759,SAS,1630170,Devin Vassell,1610612760,OKC,1630198,Isaiah Joe,53,5.2,12.5,8.30721,28.9,0,4,0,0,0,0,0,2,0.0,0,2,0.0,0,0,0,0,0,0,0,nba_boxscorematchupsv3
1,2025-26,Playoffs,Western Conference Finals,2026_okc_sas_api_20261005,0042500314,4,2026-05-24,1610612759,SAS,1630170,Devin Vassell,1610612760,OKC,1642272,Jared McCain,103,7.7,20.641280000000002,16.1442,31.7,2,12,1,0,0,0,1,1,100.0,0,0,0.0,0,0,0,0,0,0,0,nba_boxscorematchupsv3
1,2025-26,Playoffs,Western Conference Finals,2026_okc_sas_api_20261005,0042500314,4,2026-05-24,1610612759,SAS,1630170,Devin Vassell,1610612760,OKC,1641717,Cason Wallace,33,3.1,7.71028,5.17241,11.1,0,2,0,0,0,0,0,0,0.0,0,0,0.0,0,0,0,0,0,0,0,nba_boxscorematchupsv3
1,2025-26,Playoffs,Western Conference Finals,2026_okc_sas_api_20261005,0042500314,4,2026-05-24,1610612759,SAS,1630170,Devin Vassell,1610612760,OKC,1630598,Aaron Wiggins,70,7.2,15.08621,10.971789999999999,26.0,0,2,0,0,1,0,0,0,0.0,0,0,0.0,0,0,0,0,0,0,0,nba_boxscorematchupsv3
1,2025-26,Playoffs,Western Conference Finals,2026_okc_sas_api_20261005,0042500314,4,2026-05-24,1610612759,SAS,1630170,Devin Vassell,1610612760,OKC,1631119,Jaylin Williams,14,3.5,3.0172399999999997,2.19436,10.4,3,5,0,0,0,0,1,1,100.0,1,1,100.0,0,0,0,0,0,0,0,nba_boxscorematchupsv3
1,2025-26,Playoffs,Western Conference Finals,2026_okc_sas_api_20261005,0042500314,4,2026-05-24,1610612759,SAS,1630170,Devin Vassell,1610612760,OKC,1629026,Kenrich Williams,74,8.9,14.88934,11.598749999999999,22.900000000000002,2,9,0,0,0,0,0,0,0.0,0,0,0.0,2,2,0,0,0,0,0,nba_boxscorematchupsv3
1,2025-26,Playoffs,Western Conference Finals,2026_okc_sas_api_20261005,0042500314,4,2026-05-24,1610612759,SAS,1630577,Julian Champagnie,1610612760,OKC,1627936,Alex Caruso,14,1.6,5.03597,2.42215,12.6,0,0,0,0,0,0,0,0,0.0,0,0,0.0,0,0,0,0,0,0,0,nba_boxscorematchupsv3
1,2025-26,Playoffs,Western Conference Finals,2026_okc_sas_api_20261005,0042500314,4,2026-05-24,1610612759,SAS,1630577,Julian Champagnie,1610612760,OKC,1629652,Luguentz Dort,27,3.2,6.88776,4.671279999999999,13.5,0,2,0,0,0,0,0,1,0.0,0,1,0.0,0,0,0,0,0,0,0,nba_boxscorematchupsv3
1,2025-26,Playoffs,Western Conference Finals,2026_okc_sas_api_20261005,0042500314,4,2026-05-24,1610612759,SAS,1630577,Julian Champagnie,1610612760,OKC,1628983,Shai Gilgeous-Alexander,41,3.3,6.32716,7.093430000000001,9.5,0,5,1,0,0,0,0,0,0.0,0,0,0.0,0,0,0,0,0,0,0,nba_boxscorematchupsv3
1,2025-26,Playoffs,Western Conference Finals,2026_okc_sas_api_20261005,0042500314,4,2026-05-24,1610612759,SAS,1630577,Julian Champagnie,1610612760,OKC,1628392,Isaiah Hartenstein,32,2.3,8.101270000000001,5.5363299999999995,9.8,2,2,0,0,0,0,1,1,100.0,0,0,0.0,0,0,0,0,0,0,0,nba_boxscorematchupsv3
1,2025-26,Playoffs,Western Conference Finals,2026_okc_sas_api_20261005,0042500314,4,2026-05-24,1610612759,SAS,1630577,Julian Champagnie,1610612760,OKC,1631096,Chet Holmgren,112,8.8,21.78988,19.37716,32.5,0,17,0,0,0,0,0,1,0.0,0,1,0.0,0,0,0,0,0,0,0,nba_boxscorematchupsv3
1,2025-26,Playoffs,Western Conference Finals,2026_okc_sas_api_20261005,0042500314,4,2026-05-24,1610612759,SAS,1630577,Julian Champagnie,1610612760,OKC,1630198,Isaiah Joe,34,5.1,8.01887,5.88235,16.1,0,5,0,0,0,0,0,0,0.0,0,0,0.0,0,0,0,0,0,0,0,nba_boxscorematchupsv3
1,2025-26,Playoffs,Western Conference Finals,2026_okc_sas_api_20261005,0042500314,4,2026-05-24,1610612759,SAS,1630577,Julian Champagnie,1610612760,OKC,1642272,Jared McCain,117,8.2,23.44689,20.24221,37.5,0,7,0,0,0,0,0,0,0.0,0,0,0.0,0,0,0,0,0,0,0,nba_boxscorematchupsv3
1,2025-26,Playoffs,Western Conference Finals,2026_okc_sas_api_20261005,0042500314,4,2026-05-24,1610612759,SAS,1630577,Julian Champagnie,1610612760,OKC,1641717,Cason Wallace,45,4.2,10.51402,7.78547,13.8,0,3,0,0,0,0,0,0,0.0,0,0,0.0,0,0,0,0,0,0,0,nba_boxscorematchupsv3
1,2025-26,Playoffs,Western Conference Finals,2026_okc_sas_api_20261005,0042500314,4,2026-05-24,1610612759,SAS,1630577,Julian Champagnie,1610612760,OKC,1630598,Aaron Wiggins,87,5.9,18.75,15.051899999999998,32.2,0,2,1,0,0,0,0,2,0.0,0,2,0.0,0,0,0,0,0,0,0,nba_boxscorematchupsv3
1,2025-26,Playoffs,Western Conference Finals,2026_okc_sas_api_20261005,0042500314,4,2026-05-24,1610612759,SAS,1630577,Julian Champagnie,1610612760,OKC,1631119,Jaylin Williams,15,1.9,3.23276,2.59516,9.0,0,0,0,0,0,0,0,1,0.0,0,1,0.0,0,0,0,0,0,0,0,nba_boxscorematchupsv3
1,2025-26,Playoffs,Western Conference Finals,2026_okc_sas_api_20261005,0042500314,4,2026-05-24,1610612759,SAS,1630577,Julian Champagnie,1610612760,OKC,1629026,Kenrich Williams,54,4.2,10.86519,9.342559999999999,22.400000000000002,0,6,0,0,0,0,0,0,0.0,0,0,0.0,0,0,0,0,0,0,0,nba_boxscorematchupsv3
1,2025-26,Playoffs,Western Conference Finals,2026_okc_sas_api_20261005,0042500314,4,2026-05-24,1610612759,SAS,1641705,Victor Wembanyama,1610612760,OKC,1627936,Alex Caruso,20,2.1,7.194240000000001,2.87356,10.7,2,12,1,0,0,0,0,1,0.0,0,1,0.0,2,2,1,0,0,0,0,nba_boxscorematchupsv3
1,2025-26,Playoffs,Western Conference Finals,2026_okc_sas_api_20261005,0042500314,4,2026-05-24,1610612759,SAS,1641705,Victor Wembanyama,1610612760,OKC,1629652,Luguentz Dort,14,0.3,3.57143,2.0114900000000002,4.5,5,7,0,0,0,0,2,2,100.0,0,0,0.0,1,1,1,0,0,0,0,nba_boxscorematchupsv3
1,2025-26,Playoffs,Western Conference Finals,2026_okc_sas_api_20261005,0042500314,4,2026-05-24,1610612759,SAS,1641705,Victor Wembanyama,1610612760,OKC,1628983,Shai Gilgeous-Alexander,30,3.1,4.62963,4.31034,7.3999999999999995,8,8,0,0,0,0,3,4,75.0,2,2,100.0,0,0,0,0,0,0,0,nba_boxscorematchupsv3
1,2025-26,Playoffs,Western Conference Finals,2026_okc_sas_api_20261005,0042500314,4,2026-05-24,1610612759,SAS,1641705,Victor Wembanyama,1610612760,OKC,1628392,Isaiah Hartenstein,257,17.4,65.06329,36.92529,70.3,7,19,1,0,0,0,3,5,60.0,1,2,50.0,0,0,0,0,0,0,0,nba_boxscorematchupsv3
1,2025-26,Playoffs,Western Conference Finals,2026_okc_sas_api_20261005,0042500314,4,2026-05-24,1610612759,SAS,1641705,Victor Wembanyama,1610612760,OKC,1631096,Chet Holmgren,106,6.6,20.62257,15.22989,28.599999999999998,2,6,0,0,0,0,0,2,0.0,0,0,0.0,2,2,1,0,0,0,0,nba_boxscorematchupsv3
1,2025-26,Playoffs,Western Conference Finals,2026_okc_sas_api_20261005,0042500314,4,2026-05-24,1610612759,SAS,1641705,Victor Wembanyama,1610612760,OKC,1630198,Isaiah Joe,19,0.8,4.48113,2.72989,10.0,0,0,0,0,0,0,0,1,0.0,0,0,0.0,0,0,0,0,0,0,0,nba_boxscorematchupsv3
1,2025-26,Playoffs,Western Conference Finals,2026_okc_sas_api_20261005,0042500314,4,2026-05-24,1610612759,SAS,1641705,Victor Wembanyama,1610612760,OKC,1642272,Jared McCain,27,3.4,5.41082,3.87931,8.799999999999999,2,2,0,0,0,0,1,1,100.0,0,0,0.0,0,0,0,0,0,0,0,nba_boxscorematchupsv3
1,2025-26,Playoffs,Western Conference Finals,2026_okc_sas_api_20261005,0042500314,4,2026-05-24,1610612759,SAS,1641705,Victor Wembanyama,1610612760,OKC,1641717,Cason Wallace,16,3.0,3.73832,2.29885,7.5,0,1,1,0,1,0,0,0,0.0,0,0,0.0,0,0,0,0,0,0,0,nba_boxscorematchupsv3
1,2025-26,Playoffs,Western Conference Finals,2026_okc_sas_api_20261005,0042500314,4,2026-05-24,1610612759,SAS,1641705,Victor Wembanyama,1610612760,OKC,1630598,Aaron Wiggins,25,2.3,5.38793,3.59195,12.0,4,6,0,0,1,0,2,4,50.0,0,1,0.0,0,0,0,0,0,0,0,nba_boxscorematchupsv3
1,2025-26,Playoffs,Western Conference Finals,2026_okc_sas_api_20261005,0042500314,4,2026-05-24,1610612759,SAS,1641705,Victor Wembanyama,1610612760,OKC,1631119,Jaylin Williams,153,9.2,32.97414,21.982760000000003,57.199999999999996,0,9,1,0,1,0,0,1,0.0,0,1,0.0,0,0,0,0,0,0,0,nba_boxscorematchupsv3
1,2025-26,Playoffs,Western Conference Finals,2026_okc_sas_api_20261005,0042500314,4,2026-05-24,1610612759,SAS,1641705,Victor Wembanyama,1610612760,OKC,1629026,Kenrich Williams,29,3.2,5.8350100000000005,4.16667,13.4,3,5,0,0,0,0,0,0,0.0,0,0,0.0,3,4,1,0,0,0,0,nba_boxscorematchupsv3
1,2025-26,Playoffs,Western Conference Finals,2026_okc_sas_api_20261005,0042500314,4,2026-05-24,1610612759,SAS,1642264,Stephon Castle,1610612760,OKC,1627936,Alex Caruso,77,6.7,27.697840000000003,12.5,34.5,3,7,1,0,1,0,1,2,50.0,1,2,50.0,0,0,0,0,0,0,0,nba_boxscorematchupsv3
1,2025-26,Playoffs,Western Conference Finals,2026_okc_sas_api_20261005,0042500314,4,2026-05-24,1610612759,SAS,1642264,Stephon Castle,1610612760,OKC,1629652,Luguentz Dort,72,4.4,18.36735,11.68831,23.7,0,5,0,0,0,0,0,0,0.0,0,0,0.0,0,0,0,0,0,0,0,nba_boxscorematchupsv3
1,2025-26,Playoffs,Western Conference Finals,2026_okc_sas_api_20261005,0042500314,4,2026-05-24,1610612759,SAS,1642264,Stephon Castle,1610612760,OKC,1628983,Shai Gilgeous-Alexander,145,13.4,22.37654,23.53896,33.7,4,15,1,0,0,0,1,3,33.300000000000004,0,1,0.0,2,2,1,0,0,0,0,nba_boxscorematchupsv3
1,2025-26,Playoffs,Western Conference Finals,2026_okc_sas_api_20261005,0042500314,4,2026-05-24,1610612759,SAS,1642264,Stephon Castle,1610612760,OKC,1628392,Isaiah Hartenstein,20,1.3,5.06329,3.2467500000000005,5.2,0,6,0,0,0,0,0,0,0.0,0,0,0.0,0,0,0,0,0,0,0,nba_boxscorematchupsv3
1,2025-26,Playoffs,Western Conference Finals,2026_okc_sas_api_20261005,0042500314,4,2026-05-24,1610612759,SAS,1642264,Stephon Castle,1610612760,OKC,1631096,Chet Holmgren,19,1.3,3.6965,3.0844199999999997,7.5,0,0,0,0,0,0,0,1,0.0,0,0,0.0,0,0,0,0,0,0,0,nba_boxscorematchupsv3
1,2025-26,Playoffs,Western Conference Finals,2026_okc_sas_api_20261005,0042500314,4,2026-05-24,1610612759,SAS,1642264,Stephon Castle,1610612760,OKC,1630198,Isaiah Joe,47,2.5,11.08491,7.6298699999999995,36.1,0,2,1,0,0,0,0,0,0.0,0,0,0.0,0,0,0,0,0,0,0,nba_boxscorematchupsv3
1,2025-26,Playoffs,Western Conference Finals,2026_okc_sas_api_20261005,0042500314,4,2026-05-24,1610612759,SAS,1642264,Stephon Castle,1610612760,OKC,1642272,Jared McCain,50,4.7,10.02004,8.11688,18.8,0,9,0,0,0,0,0,1,0.0,0,0,0.0,0,0,0,0,0,0,0,nba_boxscorematchupsv3
1,2025-26,Playoffs,Western Conference Finals,2026_okc_sas_api_20261005,0042500314,4,2026-05-24,1610612759,SAS,1642264,Stephon Castle,1610612760,OKC,1641717,Cason Wallace,105,7.5,24.532709999999998,17.045450000000002,30.2,2,11,0,0,0,0,1,2,50.0,0,0,0.0,0,0,0,0,0,0,0,nba_boxscorematchupsv3
1,2025-26,Playoffs,Western Conference Finals,2026_okc_sas_api_20261005,0042500314,4,2026-05-24,1610612759,SAS,1642264,Stephon Castle,1610612760,OKC,1630598,Aaron Wiggins,50,2.9,10.77586,8.11688,15.2,4,7,0,0,0,0,2,2,100.0,0,0,0.0,0,0,0,0,0,0,0,nba_boxscorematchupsv3
1,2025-26,Playoffs,Western Conference Finals,2026_okc_sas_api_20261005,0042500314,4,2026-05-24,1610612759,SAS,1642264,Stephon Castle,1610612760,OKC,1631119,Jaylin Williams,9,1.2,1.93966,1.4610400000000001,8.799999999999999,0,0,0,0,0,0,0,0,0.0,0,0,0.0,0,0,0,0,0,0,0,nba_boxscorematchupsv3
1,2025-26,Playoffs,Western Conference Finals,2026_okc_sas_api_20261005,0042500314,4,2026-05-24,1610612759,SAS,1642264,Stephon Castle,1610612760,OKC,1629026,Kenrich Williams,22,1.8,4.42656,3.57143,9.8,0,2,1,0,0,0,0,0,0.0,0,0,0.0,0,0,0,0,0,0,0,nba_boxscorematchupsv3
1,2025-26,Playoffs,Western Conference Finals,2026_okc_sas_api_20261005,0042500314,4,2026-05-24,1610612759,SAS,1628368,De'Aaron Fox,1610612760,OKC,1627936,Alex Caruso,49,4.4,17.6259,7.7287099999999995,34.8,0,0,0,0,0,1,0,0,0.0,0,0,0.0,0,0,0,0,0,0,0,nba_boxscorematchupsv3
1,2025-26,Playoffs,Western Conference Finals,2026_okc_sas_api_20261005,0042500314,4,2026-05-24,1610612759,SAS,1628368,De'Aaron Fox,1610612760,OKC,1629652,Luguentz Dort,118,10.2,30.102040000000002,18.61199,53.300000000000004,3,5,0,0,0,0,1,2,50.0,0,0,0.0,1,1,1,0,0,0,0,nba_boxscorematchupsv3
1,2025-26,Playoffs,Western Conference Finals,2026_okc_sas_api_20261005,0042500314,4,2026-05-24,1610612759,SAS,1628368,De'Aaron Fox,1610612760,OKC,1628983,Shai Gilgeous-Alexander,43,4.1,6.6358,6.78233,10.299999999999999,0,5,0,0,0,0,0,0,0.0,0,0,0.0,0,0,0,0,0,0,0,nba_boxscorematchupsv3
1,2025-26,Playoffs,Western Conference Finals,2026_okc_sas_api_20261005,0042500314,4,2026-05-24,1610612759,SAS,1628368,De'Aaron Fox,1610612760,OKC,1628392,Isaiah Hartenstein,13,1.2,3.29114,2.0504700000000002,4.5,0,2,1,0,0,0,0,0,0.0,0,0,0.0,0,0,0,0,0,0,0,nba_boxscorematchupsv3
1,2025-26,Playoffs,Western Conference Finals,2026_okc_sas_api_20261005,0042500314,4,2026-05-24,1610612759,SAS,1628368,De'Aaron Fox,1610612760,OKC,1631096,Chet Holmgren,33,1.9,6.42023,5.20505,7.3,3,3,0,0,0,1,1,2,50.0,1,1,100.0,0,0,0,0,0,0,0,nba_boxscorematchupsv3
1,2025-26,Playoffs,Western Conference Finals,2026_okc_sas_api_20261005,0042500314,4,2026-05-24,1610612759,SAS,1628368,De'Aaron Fox,1610612760,OKC,1630198,Isaiah Joe,68,6.5,16.03774,10.72555,29.099999999999998,2,3,0,0,0,0,1,3,33.300000000000004,0,0,0.0,0,0,0,0,0,0,0,nba_boxscorematchupsv3
1,2025-26,Playoffs,Western Conference Finals,2026_okc_sas_api_20261005,0042500314,4,2026-05-24,1610612759,SAS,1628368,De'Aaron Fox,1610612760,OKC,1642272,Jared McCain,61,4.9,12.224450000000001,9.62145,18.6,0,5,0,0,0,0,0,0,0.0,0,0,0.0,0,0,0,0,0,0,0,nba_boxscorematchupsv3
1,2025-26,Playoffs,Western Conference Finals,2026_okc_sas_api_20261005,0042500314,4,2026-05-24,1610612759,SAS,1628368,De'Aaron Fox,1610612760,OKC,1641717,Cason Wallace,140,9.9,32.710280000000004,22.08202,38.9,2,13,1,0,0,0,1,1,100.0,0,0,0.0,0,0,0,0,0,0,0,nba_boxscorematchupsv3
1,2025-26,Playoffs,Western Conference Finals,2026_okc_sas_api_20261005,0042500314,4,2026-05-24,1610612759,SAS,1628368,De'Aaron Fox,1610612760,OKC,1630598,Aaron Wiggins,74,5.9,15.94828,11.67192,26.400000000000002,2,4,2,0,0,1,1,3,33.300000000000004,0,1,0.0,0,0,0,0,0,0,0,nba_boxscorematchupsv3
1,2025-26,Playoffs,Western Conference Finals,2026_okc_sas_api_20261005,0042500314,4,2026-05-24,1610612759,SAS,1628368,De'Aaron Fox,1610612760,OKC,1631119,Jaylin Williams,18,2.3,3.87931,2.83912,7.5,0,5,0,0,0,0,0,0,0.0,0,0,0.0,0,0,0,0,0,0,0,nba_boxscorematchupsv3
1,2025-26,Playoffs,Western Conference Finals,2026_okc_sas_api_20261005,0042500314,4,2026-05-24,1610612759,SAS,1628368,De'Aaron Fox,1610612760,OKC,1629026,Kenrich Williams,17,0.9,3.42052,2.6813900000000004,6.800000000000001,0,3,0,0,0,0,0,0,0.0,0,0,0.0,0,0,0,0,0,0,0,nba_boxscorematchupsv3
1,2025-26,Playoffs,Western Conference Finals,2026_okc_sas_api_20261005,0042500314,4,2026-05-24,1610612759,SAS,1642844,Dylan Harper,1610612760,OKC,1627936,Alex Caruso,22,3.7,7.913670000000001,5.1401900000000005,13.200000000000001,0,2,0,0,0,0,0,0,0.0,0,0,0.0,0,2,1,0,0,0,0,nba_boxscorematchupsv3
1,2025-26,Playoffs,Western Conference Finals,2026_okc_sas_api_20261005,0042500314,4,2026-05-24,1610612759,SAS,1642844,Dylan Harper,1610612760,OKC,1629652,Luguentz Dort,44,3.1,11.22449,10.28037,24.0,0,2,0,0,0,0,0,0,0.0,0,0,0.0,0,0,0,0,0,0,0,nba_boxscorematchupsv3
1,2025-26,Playoffs,Western Conference Finals,2026_okc_sas_api_20261005,0042500314,4,2026-05-24,1610612759,SAS,1642844,Dylan Harper,1610612760,OKC,1628983,Shai Gilgeous-Alexander,109,8.2,16.82099,25.46729,40.1,0,13,1,0,0,0,0,1,0.0,0,1,0.0,0,0,0,0,0,0,0,nba_boxscorematchupsv3
1,2025-26,Playoffs,Western Conference Finals,2026_okc_sas_api_20261005,0042500314,4,2026-05-24,1610612759,SAS,1642844,Dylan Harper,1610612760,OKC,1628392,Isaiah Hartenstein,2,0.4,0.50633,0.46729,6.0,0,0,0,0,0,0,0,0,0.0,0,0,0.0,0,0,0,0,0,0,0,nba_boxscorematchupsv3
1,2025-26,Playoffs,Western Conference Finals,2026_okc_sas_api_20261005,0042500314,4,2026-05-24,1610612759,SAS,1642844,Dylan Harper,1610612760,OKC,1631096,Chet Holmgren,29,2.5,5.64202,6.7757,12.0,1,3,0,0,0,0,0,0,0.0,0,0,0.0,1,2,1,0,0,0,0,nba_boxscorematchupsv3
1,2025-26,Playoffs,Western Conference Finals,2026_okc_sas_api_20261005,0042500314,4,2026-05-24,1610612759,SAS,1642844,Dylan Harper,1610612760,OKC,1630198,Isaiah Joe,17,2.0,4.00943,3.97196,13.3,0,0,0,0,0,0,0,0,0.0,0,0,0.0,0,0,0,0,0,0,0,nba_boxscorematchupsv3
1,2025-26,Playoffs,Western Conference Finals,2026_okc_sas_api_20261005,0042500314,4,2026-05-24,1610612759,SAS,1642844,Dylan Harper,1610612760,OKC,1642272,Jared McCain,42,4.5,8.416830000000001,9.813080000000001,17.7,0,3,0,0,0,0,0,0,0.0,0,0,0.0,0,0,0,0,0,0,0,nba_boxscorematchupsv3
1,2025-26,Playoffs,Western Conference Finals,2026_okc_sas_api_20261005,0042500314,4,2026-05-24,1610612759,SAS,1642844,Dylan Harper,1610612760,OKC,1641717,Cason Wallace,68,6.2,15.88785,15.88785,34.9,2,8,0,0,1,0,0,0,0.0,0,0,0.0,2,2,0,0,0,0,0,nba_boxscorematchupsv3
1,2025-26,Playoffs,Western Conference Finals,2026_okc_sas_api_20261005,0042500314,4,2026-05-24,1610612759,SAS,1642844,Dylan Harper,1610612760,OKC,1630598,Aaron Wiggins,23,2.7,4.9569,5.37383,14.799999999999999,0,5,0,0,0,0,0,0,0.0,0,0,0.0,0,0,0,0,0,0,0,nba_boxscorematchupsv3
1,2025-26,Playoffs,Western Conference Finals,2026_okc_sas_api_20261005,0042500314,4,2026-05-24,1610612759,SAS,1642844,Dylan Harper,1610612760,OKC,1631119,Jaylin Williams,19,2.1,4.09483,4.43925,10.6,4,6,1,0,0,0,2,2,100.0,0,0,0.0,0,0,0,0,0,0,0,nba_boxscorematchupsv3
1,2025-26,Playoffs,Western Conference Finals,2026_okc_sas_api_20261005,0042500314,4,2026-05-24,1610612759,SAS,1642844,Dylan Harper,1610612760,OKC,1629026,Kenrich Williams,53,5.4,10.66398,12.383180000000001,24.7,0,2,0,0,1,0,0,1,0.0,0,0,0.0,0,0,0,0,0,0,0,nba_boxscorematchupsv3
1,2025-26,Playoffs,Western Conference Finals,2026_okc_sas_api_20261005,0042500314,4,2026-05-24,1610612759,SAS,1629640,Keldon Johnson,1610612760,OKC,1627936,Alex Caruso,1,0.3,0.35971000000000003,0.23364000000000001,4.9,0,2,0,0,0,1,0,0,0.0,0,0,0.0,0,0,0,0,0,0,0,nba_boxscorematchupsv3
1,2025-26,Playoffs,Western Conference Finals,2026_okc_sas_api_20261005,0042500314,4,2026-05-24,1610612759,SAS,1629640,Keldon Johnson,1610612760,OKC,1629652,Luguentz Dort,23,0.7,5.86735,5.37383,12.9,0,3,0,0,0,0,0,0,0.0,0,0,0.0,0,0,0,0,0,0,0,nba_boxscorematchupsv3
1,2025-26,Playoffs,Western Conference Finals,2026_okc_sas_api_20261005,0042500314,4,2026-05-24,1610612759,SAS,1629640,Keldon Johnson,1610612760,OKC,1628983,Shai Gilgeous-Alexander,33,1.9,5.09259,7.71028,13.5,0,0,0,0,0,0,0,1,0.0,0,0,0.0,0,0,0,0,0,0,0,nba_boxscorematchupsv3
1,2025-26,Playoffs,Western Conference Finals,2026_okc_sas_api_20261005,0042500314,4,2026-05-24,1610612759,SAS,1629640,Keldon Johnson,1610612760,OKC,1628392,Isaiah Hartenstein,19,0.7,4.81013,4.43925,18.099999999999998,0,0,0,0,0,0,0,0,0.0,0,0,0.0,0,2,0,0,0,0,0,nba_boxscorematchupsv3
1,2025-26,Playoffs,Western Conference Finals,2026_okc_sas_api_20261005,0042500314,4,2026-05-24,1610612759,SAS,1629640,Keldon Johnson,1610612760,OKC,1631096,Chet Holmgren,40,3.2,7.7821,9.34579,28.799999999999997,0,1,0,0,0,0,0,1,0.0,0,0,0.0,0,0,0,0,0,0,0,nba_boxscorematchupsv3
1,2025-26,Playoffs,Western Conference Finals,2026_okc_sas_api_20261005,0042500314,4,2026-05-24,1610612759,SAS,1629640,Keldon Johnson,1610612760,OKC,1630198,Isaiah Joe,69,6.4,16.273580000000003,16.1215,27.1,2,10,0,0,0,1,1,3,33.300000000000004,0,2,0.0,0,0,0,0,0,0,0,nba_boxscorematchupsv3
1,2025-26,Playoffs,Western Conference Finals,2026_okc_sas_api_20261005,0042500314,4,2026-05-24,1610612759,SAS,1629640,Keldon Johnson,1610612760,OKC,1642272,Jared McCain,28,2.0,5.61122,6.542059999999999,14.899999999999999,0,0,0,0,0,0,0,1,0.0,0,1,0.0,0,0,0,0,0,0,0,nba_boxscorematchupsv3
1,2025-26,Playoffs,Western Conference Finals,2026_okc_sas_api_20261005,0042500314,4,2026-05-24,1610612759,SAS,1629640,Keldon Johnson,1610612760,OKC,1642260,Nikola Topić,27,0.9,30.0,6.30841,21.0,0,3,0,0,0,0,0,1,0.0,0,1,0.0,0,0,0,0,0,0,0,nba_boxscorematchupsv3
1,2025-26,Playoffs,Western Conference Finals,2026_okc_sas_api_20261005,0042500314,4,2026-05-24,1610612759,SAS,1629640,Keldon Johnson,1610612760,OKC,1641717,Cason Wallace,8,0.6,1.86916,1.86916,11.600000000000001,0,0,0,0,0,0,0,1,0.0,0,0,0.0,0,0,0,0,0,0,0,nba_boxscorematchupsv3
1,2025-26,Playoffs,Western Conference Finals,2026_okc_sas_api_20261005,0042500314,4,2026-05-24,1610612759,SAS,1629640,Keldon Johnson,1610612760,OKC,1630598,Aaron Wiggins,19,0.7,4.09483,4.43925,12.1,0,0,0,0,0,0,0,0,0.0,0,0,0.0,0,0,0,0,0,0,0,nba_boxscorematchupsv3
1,2025-26,Playoffs,Western Conference Finals,2026_okc_sas_api_20261005,0042500314,4,2026-05-24,1610612759,SAS,1629640,Keldon Johnson,1610612760,OKC,1631119,Jaylin Williams,47,4.5,10.12931,10.98131,18.6,2,7,0,0,0,0,1,1,100.0,0,0,0.0,0,0,0,0,0,0,0,nba_boxscorematchupsv3
1,2025-26,Playoffs,Western Conference Finals,2026_okc_sas_api_20261005,0042500314,4,2026-05-24,1610612759,SAS,1629640,Keldon Johnson,1610612760,OKC,1629026,Kenrich Williams,114,7.9,22.937630000000002,26.63551,33.0,2,11,0,0,1,0,1,3,33.300000000000004,0,0,0.0,0,0,0,0,0,0,0,nba_boxscorematchupsv3
1,2025-26,Playoffs,Western Conference Finals,2026_okc_sas_api_20261005,0042500314,4,2026-05-24,1610612759,SAS,1628436,Luke Kornet,1610612760,OKC,1627936,Alex Caruso,9,0.5,3.23741,3.2846699999999998,12.6,2,2,0,0,0,0,1,1,100.0,0,0,0.0,0,0,0,0,0,0,0,nba_boxscorematchupsv3
1,2025-26,Playoffs,Western Conference Finals,2026_okc_sas_api_20261005,0042500314,4,2026-05-24,1610612759,SAS,1628436,Luke Kornet,1610612760,OKC,1629652,Luguentz Dort,16,1.6,4.08163,5.83942,12.7,2,4,0,0,0,0,1,1,100.0,0,0,0.0,0,0,0,0,0,0,0,nba_boxscorematchupsv3
1,2025-26,Playoffs,Western Conference Finals,2026_okc_sas_api_20261005,0042500314,4,2026-05-24,1610612759,SAS,1628436,Luke Kornet,1610612760,OKC,1628983,Shai Gilgeous-Alexander,4,0.3,0.61728,1.45985,7.5,0,0,0,0,0,0,0,0,0.0,0,0,0.0,0,0,0,0,0,0,0,nba_boxscorematchupsv3
1,2025-26,Playoffs,Western Conference Finals,2026_okc_sas_api_20261005,0042500314,4,2026-05-24,1610612759,SAS,1628436,Luke Kornet,1610612760,OKC,1628392,Isaiah Hartenstein,21,3.2,5.31646,7.66423,65.60000000000001,0,0,0,0,0,0,0,0,0.0,0,0,0.0,0,0,0,0,0,0,0,nba_boxscorematchupsv3
1,2025-26,Playoffs,Western Conference Finals,2026_okc_sas_api_20261005,0042500314,4,2026-05-24,1610612759,SAS,1628436,Luke Kornet,1610612760,OKC,1631096,Chet Holmgren,110,10.4,21.40078,40.14599,62.4,0,2,0,0,0,0,0,1,0.0,0,0,0.0,0,0,0,0,0,0,0,nba_boxscorematchupsv3
1,2025-26,Playoffs,Western Conference Finals,2026_okc_sas_api_20261005,0042500314,4,2026-05-24,1610612759,SAS,1628436,Luke Kornet,1610612760,OKC,1630198,Isaiah Joe,17,1.3,4.00943,6.2043800000000005,9.9,0,2,0,0,0,0,0,0,0.0,0,0,0.0,0,0,0,0,0,0,0,nba_boxscorematchupsv3
1,2025-26,Playoffs,Western Conference Finals,2026_okc_sas_api_20261005,0042500314,4,2026-05-24,1610612759,SAS,1628436,Luke Kornet,1610612760,OKC,1642272,Jared McCain,11,0.7,2.20441,4.0146,6.7,0,3,0,0,0,0,0,0,0.0,0,0,0.0,0,0,0,0,0,0,0,nba_boxscorematchupsv3
1,2025-26,Playoffs,Western Conference Finals,2026_okc_sas_api_20261005,0042500314,4,2026-05-24,1610612759,SAS,1628436,Luke Kornet,1610612760,OKC,1641717,Cason Wallace,3,0.9,0.70093,1.09489,5.800000000000001,0,0,0,0,0,0,0,0,0.0,0,0,0.0,0,0,0,0,0,0,0,nba_boxscorematchupsv3
1,2025-26,Playoffs,Western Conference Finals,2026_okc_sas_api_20261005,0042500314,4,2026-05-24,1610612759,SAS,1628436,Luke Kornet,1610612760,OKC,1630598,Aaron Wiggins,10,1.0,2.15517,3.6496399999999998,10.0,0,5,0,0,0,0,0,0,0.0,0,0,0.0,0,0,0,0,0,0,0,nba_boxscorematchupsv3
1,2025-26,Playoffs,Western Conference Finals,2026_okc_sas_api_20261005,0042500314,4,2026-05-24,1610612759,SAS,1628436,Luke Kornet,1610612760,OKC,1631119,Jaylin Williams,62,6.8,13.362070000000001,22.62774,37.1,0,3,0,0,0,0,0,0,0.0,0,0,0.0,0,0,0,0,0,0,0,nba_boxscorematchupsv3
1,2025-26,Playoffs,Western Conference Finals,2026_okc_sas_api_20261005,0042500314,4,2026-05-24,1610612759,SAS,1628436,Luke Kornet,1610612760,OKC,1629026,Kenrich Williams,11,2.5,2.21328,4.0146,14.6,2,2,0,0,0,0,1,1,100.0,0,0,0.0,0,0,0,0,0,0,0,nba_boxscorematchupsv3
1,2025-26,Playoffs,Western Conference Finals,2026_okc_sas_api_20261005,0042500314,4,2026-05-24,1610612759,SAS,1642868,Carter Bryant,1610612760,OKC,1627936,Alex Caruso,1,0.3,0.35971000000000003,0.72464,10.100000000000001,0,0,0,0,0,0,0,0,0.0,0,0,0.0,0,0,0,0,0,0,0,nba_boxscorematchupsv3
1,2025-26,Playoffs,Western Conference Finals,2026_okc_sas_api_20261005,0042500314,4,2026-05-24,1610612759,SAS,1642868,Carter Bryant,1610612760,OKC,1628983,Shai Gilgeous-Alexander,4,0.6,0.61728,2.89855,15.6,0,2,0,0,0,0,0,0,0.0,0,0,0.0,0,0,0,0,0,0,0,nba_boxscorematchupsv3
1,2025-26,Playoffs,Western Conference Finals,2026_okc_sas_api_20261005,0042500314,4,2026-05-24,1610612759,SAS,1642868,Carter Bryant,1610612760,OKC,1631096,Chet Holmgren,7,0.5,1.36187,5.07246,11.600000000000001,0,0,0,0,0,0,0,0,0.0,0,0,0.0,0,0,0,0,0,0,0,nba_boxscorematchupsv3
1,2025-26,Playoffs,Western Conference Finals,2026_okc_sas_api_20261005,0042500314,4,2026-05-24,1610612759,SAS,1642868,Carter Bryant,1610612760,OKC,1630198,Isaiah Joe,20,1.3,4.7169799999999995,14.49275,13.0,0,3,0,0,0,0,0,0,0.0,0,0,0.0,0,0,0,0,0,0,0,nba_boxscorematchupsv3
1,2025-26,Playoffs,Western Conference Finals,2026_okc_sas_api_20261005,0042500314,4,2026-05-24,1610612759,SAS,1642868,Carter Bryant,1610612760,OKC,1642272,Jared McCain,6,1.1,1.2024,4.34783,19.7,0,0,0,0,0,0,0,1,0.0,0,1,0.0,0,0,0,0,0,0,0,nba_boxscorematchupsv3
1,2025-26,Playoffs,Western Conference Finals,2026_okc_sas_api_20261005,0042500314,4,2026-05-24,1610612759,SAS,1642868,Carter Bryant,1610612760,OKC,1642260,Nikola Topić,32,1.5,35.55556,23.18841,19.900000000000002,0,2,0,0,0,0,0,0,0.0,0,0,0.0,0,0,0,0,0,0,0,nba_boxscorematchupsv3
1,2025-26,Playoffs,Western Conference Finals,2026_okc_sas_api_20261005,0042500314,4,2026-05-24,1610612759,SAS,1642868,Carter Bryant,1610612760,OKC,1630598,Aaron Wiggins,13,1.2,2.80172,9.420290000000001,24.4,0,0,0,0,0,0,0,0,0.0,0,0,0.0,0,0,0,0,0,0,0,nba_boxscorematchupsv3
1,2025-26,Playoffs,Western Conference Finals,2026_okc_sas_api_20261005,0042500314,4,2026-05-24,1610612759,SAS,1642868,Carter Bryant,1610612760,OKC,1631119,Jaylin Williams,44,3.2,9.482759999999999,31.884059999999998,32.6,0,0,0,0,1,0,0,0,0.0,0,0,0.0,0,0,0,0,0,0,0,nba_boxscorematchupsv3
1,2025-26,Playoffs,Western Conference Finals,2026_okc_sas_api_20261005,0042500314,4,2026-05-24,1610612759,SAS,1642868,Carter Bryant,1610612760,OKC,1629026,Kenrich Williams,11,1.4,2.21328,7.971010000000001,20.0,0,3,1,0,0,0,0,0,0.0,0,0,0.0,0,0,0,0,0,0,0,nba_boxscorematchupsv3
1,2025-26,Playoffs,Western Conference Finals,2026_okc_sas_api_20261005,0042500314,4,2026-05-24,1610612759,SAS,203084,Harrison Barnes,1610612760,OKC,1627936,Alex Caruso,22,1.8,7.913670000000001,5.68475,13.100000000000001,2,7,0,0,0,0,0,0,0.0,0,0,0.0,2,2,1,0,0,0,0,nba_boxscorematchupsv3
1,2025-26,Playoffs,Western Conference Finals,2026_okc_sas_api_20261005,0042500314,4,2026-05-24,1610612759,SAS,203084,Harrison Barnes,1610612760,OKC,1629652,Luguentz Dort,44,3.4,11.22449,11.36951,25.0,1,3,0,0,1,0,0,0,0.0,0,0,0.0,1,2,0,0,0,0,0,nba_boxscorematchupsv3
1,2025-26,Playoffs,Western Conference Finals,2026_okc_sas_api_20261005,0042500314,4,2026-05-24,1610612759,SAS,203084,Harrison Barnes,1610612760,OKC,1628983,Shai Gilgeous-Alexander,93,4.7,14.351849999999999,24.03101,38.2,0,4,0,0,0,0,0,0,0.0,0,0,0.0,0,0,0,0,0,0,0,nba_boxscorematchupsv3
1,2025-26,Playoffs,Western Conference Finals,2026_okc_sas_api_20261005,0042500314,4,2026-05-24,1610612759,SAS,203084,Harrison Barnes,1610612760,OKC,1628392,Isaiah Hartenstein,18,2.4,4.55696,4.65116,9.4,0,6,0,0,0,0,0,0,0.0,0,0,0.0,0,0,0,0,0,0,0,nba_boxscorematchupsv3
1,2025-26,Playoffs,Western Conference Finals,2026_okc_sas_api_20261005,0042500314,4,2026-05-24,1610612759,SAS,203084,Harrison Barnes,1610612760,OKC,1631096,Chet Holmgren,23,2.4,4.47471,5.94315,24.2,0,2,0,0,0,0,0,1,0.0,0,0,0.0,0,0,0,0,0,0,0,nba_boxscorematchupsv3
1,2025-26,Playoffs,Western Conference Finals,2026_okc_sas_api_20261005,0042500314,4,2026-05-24,1610612759,SAS,203084,Harrison Barnes,1610612760,OKC,1630198,Isaiah Joe,23,2.7,5.424530000000001,5.94315,13.700000000000001,0,2,0,0,0,0,0,0,0.0,0,0,0.0,0,0,0,0,0,0,0,nba_boxscorematchupsv3
1,2025-26,Playoffs,Western Conference Finals,2026_okc_sas_api_20261005,0042500314,4,2026-05-24,1610612759,SAS,203084,Harrison Barnes,1610612760,OKC,1642272,Jared McCain,54,4.1,10.82164,13.953489999999999,20.7,0,3,0,0,0,0,0,1,0.0,0,1,0.0,0,0,0,0,0,0,0,nba_boxscorematchupsv3
1,2025-26,Playoffs,Western Conference Finals,2026_okc_sas_api_20261005,0042500314,4,2026-05-24,1610612759,SAS,203084,Harrison Barnes,1610612760,OKC,1641717,Cason Wallace,10,1.5,2.33645,2.58398,8.799999999999999,0,2,0,0,0,0,0,0,0.0,0,0,0.0,0,0,0,0,0,0,0,nba_boxscorematchupsv3
1,2025-26,Playoffs,Western Conference Finals,2026_okc_sas_api_20261005,0042500314,4,2026-05-24,1610612759,SAS,203084,Harrison Barnes,1610612760,OKC,1630598,Aaron Wiggins,22,2.7,4.7413799999999995,5.68475,15.9,2,4,0,0,0,0,0,0,0.0,0,0,0.0,2,2,1,0,0,0,0,nba_boxscorematchupsv3
1,2025-26,Playoffs,Western Conference Finals,2026_okc_sas_api_20261005,0042500314,4,2026-05-24,1610612759,SAS,203084,Harrison Barnes,1610612760,OKC,1631119,Jaylin Williams,39,1.5,8.40517,10.07752,26.6,0,7,0,0,0,0,0,1,0.0,0,0,0.0,0,0,0,0,0,0,0,nba_boxscorematchupsv3
1,2025-26,Playoffs,Western Conference Finals,2026_okc_sas_api_20261005,0042500314,4,2026-05-24,1610612759,SAS,203084,Harrison Barnes,1610612760,OKC,1629026,Kenrich Williams,39,1.1,7.847079999999999,10.07752,23.400000000000002,0,0,0,0,0,0,0,1,0.0,0,1,0.0,0,0,0,0,0,0,0,nba_boxscorematchupsv3
1,2025-26,Playoffs,Western Conference Finals,2026_okc_sas_api_20261005,0042500314,4,2026-05-24,1610612759,SAS,1629162,Jordan McLaughlin,1610612760,OKC,1630198,Isaiah Joe,19,0.9,4.48113,20.21277,15.4,0,0,0,0,0,0,0,0,0.0,0,0,0.0,0,0,0,0,0,0,0,nba_boxscorematchupsv3
1,2025-26,Playoffs,Western Conference Finals,2026_okc_sas_api_20261005,0042500314,4,2026-05-24,1610612759,SAS,1629162,Jordan McLaughlin,1610612760,OKC,1642260,Nikola Topić,19,2.0,21.11111,20.21277,33.1,0,0,0,0,0,0,0,1,0.0,0,1,0.0,0,0,0,0,0,0,0,nba_boxscorematchupsv3
1,2025-26,Playoffs,Western Conference Finals,2026_okc_sas_api_20261005,0042500314,4,2026-05-24,1610612759,SAS,1629162,Jordan McLaughlin,1610612760,OKC,1630598,Aaron Wiggins,23,1.3,4.9569,24.46809,24.6,0,0,0,0,0,0,0,0,0.0,0,0,0.0,0,0,0,0,0,0,0,nba_boxscorematchupsv3
1,2025-26,Playoffs,Western Conference Finals,2026_okc_sas_api_20261005,0042500314,4,2026-05-24,1610612759,SAS,1629162,Jordan McLaughlin,1610612760,OKC,1631119,Jaylin Williams,13,0.5,2.80172,13.829790000000001,9.700000000000001,3,3,0,0,0,0,1,1,100.0,1,1,100.0,0,0,0,0,0,0,0,nba_boxscorematchupsv3
1,2025-26,Playoffs,Western Conference Finals,2026_okc_sas_api_20261005,0042500314,4,2026-05-24,1610612759,SAS,1629162,Jordan McLaughlin,1610612760,OKC,1629026,Kenrich Williams,20,1.6,4.02414,21.276600000000002,20.9,0,5,0,0,0,0,0,0,0.0,0,0,0.0,0,0,0,0,0,0,0,nba_boxscorematchupsv3
1,2025-26,Playoffs,Western Conference Finals,2026_okc_sas_api_20261005,0042500314,4,2026-05-24,1610612759,SAS,203482,Kelly Olynyk,1610612760,OKC,1630198,Isaiah Joe,6,0.6,1.41509,6.81818,9.700000000000001,0,0,0,0,0,0,0,0,0.0,0,0,0.0,0,0,0,0,0,0,0,nba_boxscorematchupsv3
1,2025-26,Playoffs,Western Conference Finals,2026_okc_sas_api_20261005,0042500314,4,2026-05-24,1610612759,SAS,203482,Kelly Olynyk,1610612760,OKC,1642260,Nikola Topić,6,1.3,6.66667,6.81818,11.899999999999999,0,3,0,0,0,0,0,0,0.0,0,0,0.0,0,0,0,0,0,0,0,nba_boxscorematchupsv3
1,2025-26,Playoffs,Western Conference Finals,2026_okc_sas_api_20261005,0042500314,4,2026-05-24,1610612759,SAS,203482,Kelly Olynyk,1610612760,OKC,1630598,Aaron Wiggins,12,1.0,2.58621,13.63636,12.1,0,2,0,0,0,0,0,0,0.0,0,0,0.0,0,0,0,0,0,0,0,nba_boxscorematchupsv3
1,2025-26,Playoffs,Western Conference Finals,2026_okc_sas_api_20261005,0042500314,4,2026-05-24,1610612759,SAS,203482,Kelly Olynyk,1610612760,OKC,1631119,Jaylin Williams,24,2.1,5.17241,27.27273,33.2,3,3,0,0,0,0,1,3,33.300000000000004,1,2,50.0,0,0,0,0,0,0,0,nba_boxscorematchupsv3
1,2025-26,Playoffs,Western Conference Finals,2026_okc_sas_api_20261005,0042500314,4,2026-05-24,1610612759,SAS,203482,Kelly Olynyk,1610612760,OKC,1629026,Kenrich Williams,40,0.2,8.04829,45.45455,34.300000000000004,0,0,0,0,0,0,0,0,0.0,0,0,0.0,0,0,0,0,0,0,0,nba_boxscorematchupsv3
1,2025-26,Playoffs,Western Conference Finals,2026_okc_sas_api_20261005,0042500314,4,2026-05-24,1610612759,SAS,1630322,Lindy Waters III,1610612760,OKC,1630198,Isaiah Joe,32,0.7,7.54717,34.04255,35.199999999999996,0,0,0,0,0,0,0,0,0.0,0,0,0.0,0,0,0,0,0,0,0,nba_boxscorematchupsv3
1,2025-26,Playoffs,Western Conference Finals,2026_okc_sas_api_20261005,0042500314,4,2026-05-24,1610612759,SAS,1630322,Lindy Waters III,1610612760,OKC,1642260,Nikola Topić,6,0.1,6.66667,6.382980000000001,10.2,0,0,0,0,0,0,0,0,0.0,0,0,0.0,0,0,0,0,0,0,0,nba_boxscorematchupsv3
1,2025-26,Playoffs,Western Conference Finals,2026_okc_sas_api_20261005,0042500314,4,2026-05-24,1610612759,SAS,1630322,Lindy Waters III,1610612760,OKC,1630598,Aaron Wiggins,36,1.9,7.75862,38.29787,25.0,0,6,1,0,0,0,0,0,0.0,0,0,0.0,0,0,0,0,0,0,0,nba_boxscorematchupsv3
1,2025-26,Playoffs,Western Conference Finals,2026_okc_sas_api_20261005,0042500314,4,2026-05-24,1610612759,SAS,1630322,Lindy Waters III,1610612760,OKC,1631119,Jaylin Williams,7,0.8,1.5086199999999999,7.446809999999999,11.799999999999999,0,2,0,0,0,0,0,0,0.0,0,0,0.0,0,0,0,0,0,0,0,nba_boxscorematchupsv3
1,2025-26,Playoffs,Western Conference Finals,2026_okc_sas_api_20261005,0042500314,4,2026-05-24,1610612759,SAS,1630322,Lindy Waters III,1610612760,OKC,1629026,Kenrich Williams,13,1.5,2.61569,13.829790000000001,17.1,0,0,0,0,0,0,0,0,0.0,0,0,0.0,0,0,0,0,0,0,0,nba_boxscorematchupsv3
1,2025-26,Playoffs,Western Conference Finals,2026_okc_sas_api_20261005,0042500314,4,2026-05-24,1610612760,OKC,1641717,Cason Wallace,1610612759,SAS,203084,Harrison Barnes,44,3.4,11.79625,8.28625,37.6,0,2,0,0,0,0,0,0,0.0,0,0,0.0,0,0,0,0,0,0,0,nba_boxscorematchupsv3
1,2025-26,Playoffs,Western Conference Finals,2026_okc_sas_api_20261005,0042500314,4,2026-05-24,1610612760,OKC,1641717,Cason Wallace,1610612759,SAS,1642868,Carter Bryant,1,0.3,0.72464,0.18832000000000002,9.0,0,0,0,0,0,0,0,0,0.0,0,0,0.0,0,0,0,0,0,0,0,nba_boxscorematchupsv3
1,2025-26,Playoffs,Western Conference Finals,2026_okc_sas_api_20261005,0042500314,4,2026-05-24,1610612760,OKC,1641717,Cason Wallace,1610612759,SAS,1642264,Stephon Castle,36,3.8,4.57433,6.77966,11.3,0,2,0,0,0,0,0,0,0.0,0,0,0.0,0,0,0,0,0,0,0,nba_boxscorematchupsv3
1,2025-26,Playoffs,Western Conference Finals,2026_okc_sas_api_20261005,0042500314,4,2026-05-24,1610612760,OKC,1641717,Cason Wallace,1610612759,SAS,1630577,Julian Champagnie,101,7.2,13.969570000000001,19.02072,22.5,0,6,0,0,0,1,0,3,0.0,0,0,0.0,0,0,0,0,0,0,0,nba_boxscorematchupsv3
1,2025-26,Playoffs,Western Conference Finals,2026_okc_sas_api_20261005,0042500314,4,2026-05-24,1610612760,OKC,1641717,Cason Wallace,1610612759,SAS,1628368,De'Aaron Fox,156,11.7,20.41885,29.37853,33.5,3,12,0,0,0,0,1,3,33.300000000000004,1,3,33.300000000000004,0,0,0,0,0,0,0,nba_boxscorematchupsv3
1,2025-26,Playoffs,Western Conference Finals,2026_okc_sas_api_20261005,0042500314,4,2026-05-24,1610612760,OKC,1641717,Cason Wallace,1610612759,SAS,1642844,Dylan Harper,84,6.9,15.555559999999998,15.81921,35.6,0,3,0,0,0,0,0,1,0.0,0,0,0.0,0,0,0,0,0,0,0,nba_boxscorematchupsv3
1,2025-26,Playoffs,Western Conference Finals,2026_okc_sas_api_20261005,0042500314,4,2026-05-24,1610612760,OKC,1641717,Cason Wallace,1610612759,SAS,1629640,Keldon Johnson,36,2.1,8.633090000000001,6.77966,43.8,0,2,0,0,0,0,0,0,0.0,0,0,0.0,0,0,0,0,0,0,0,nba_boxscorematchupsv3
1,2025-26,Playoffs,Western Conference Finals,2026_okc_sas_api_20261005,0042500314,4,2026-05-24,1610612760,OKC,1641717,Cason Wallace,1610612759,SAS,1628436,Luke Kornet,22,1.6,6.26781,4.143129999999999,12.9,0,2,1,0,0,0,0,0,0.0,0,0,0.0,0,0,0,0,0,0,0,nba_boxscorematchupsv3
1,2025-26,Playoffs,Western Conference Finals,2026_okc_sas_api_20261005,0042500314,4,2026-05-24,1610612760,OKC,1641717,Cason Wallace,1610612759,SAS,1630170,Devin Vassell,31,2.5,3.65566,5.8380399999999995,8.0,0,4,0,0,0,0,0,0,0.0,0,0,0.0,0,0,0,0,0,0,0,nba_boxscorematchupsv3
1,2025-26,Playoffs,Western Conference Finals,2026_okc_sas_api_20261005,0042500314,4,2026-05-24,1610612760,OKC,1641717,Cason Wallace,1610612759,SAS,1641705,Victor Wembanyama,20,2.0,2.59403,3.7664799999999996,6.4,2,2,0,0,0,0,1,1,100.0,0,0,0.0,0,0,0,0,0,0,0,nba_boxscorematchupsv3
1,2025-26,Playoffs,Western Conference Finals,2026_okc_sas_api_20261005,0042500314,4,2026-05-24,1610612760,OKC,1631096,Chet Holmgren,1610612759,SAS,203084,Harrison Barnes,4,1.2,1.07239,0.59259,8.0,0,0,0,0,0,0,0,0,0.0,0,0,0.0,0,0,0,0,0,0,0,nba_boxscorematchupsv3
1,2025-26,Playoffs,Western Conference Finals,2026_okc_sas_api_20261005,0042500314,4,2026-05-24,1610612760,OKC,1631096,Chet Holmgren,1610612759,SAS,1642264,Stephon Castle,78,5.7,9.911050000000001,11.55556,15.6,0,3,0,0,1,0,0,0,0.0,0,0,0.0,0,0,0,0,0,0,0,nba_boxscorematchupsv3
1,2025-26,Playoffs,Western Conference Finals,2026_okc_sas_api_20261005,0042500314,4,2026-05-24,1610612760,OKC,1631096,Chet Holmgren,1610612759,SAS,1630577,Julian Champagnie,45,5.6,6.22407,6.66667,11.899999999999999,2,4,0,0,0,0,1,1,100.0,0,0,0.0,0,0,0,0,0,0,0,nba_boxscorematchupsv3
1,2025-26,Playoffs,Western Conference Finals,2026_okc_sas_api_20261005,0042500314,4,2026-05-24,1610612760,OKC,1631096,Chet Holmgren,1610612759,SAS,1628368,De'Aaron Fox,49,4.9,6.41361,7.259259999999999,10.6,2,6,0,0,0,0,0,0,0.0,0,0,0.0,2,2,1,0,0,0,0,nba_boxscorematchupsv3
1,2025-26,Playoffs,Western Conference Finals,2026_okc_sas_api_20261005,0042500314,4,2026-05-24,1610612760,OKC,1631096,Chet Holmgren,1610612759,SAS,1642844,Dylan Harper,34,2.9,6.2963000000000005,5.03704,11.200000000000001,0,0,0,0,1,0,0,0,0.0,0,0,0.0,0,0,0,0,0,0,0,nba_boxscorematchupsv3
1,2025-26,Playoffs,Western Conference Finals,2026_okc_sas_api_20261005,0042500314,4,2026-05-24,1610612760,OKC,1631096,Chet Holmgren,1610612759,SAS,1629640,Keldon Johnson,36,2.1,8.633090000000001,5.33333,23.200000000000003,1,5,0,0,0,0,0,0,0.0,0,0,0.0,1,2,0,0,0,0,0,nba_boxscorematchupsv3
1,2025-26,Playoffs,Western Conference Finals,2026_okc_sas_api_20261005,0042500314,4,2026-05-24,1610612760,OKC,1631096,Chet Holmgren,1610612759,SAS,1628436,Luke Kornet,92,7.9,26.21083,13.62963,39.0,0,7,0,0,0,1,0,1,0.0,0,0,0.0,0,0,0,0,0,0,0,nba_boxscorematchupsv3
1,2025-26,Playoffs,Western Conference Finals,2026_okc_sas_api_20261005,0042500314,4,2026-05-24,1610612760,OKC,1631096,Chet Holmgren,1610612759,SAS,1630170,Devin Vassell,212,12.4,25.0,31.407410000000002,33.5,0,17,2,0,0,0,0,2,0.0,0,1,0.0,0,0,0,0,0,0,0,nba_boxscorematchupsv3
1,2025-26,Playoffs,Western Conference Finals,2026_okc_sas_api_20261005,0042500314,4,2026-05-24,1610612760,OKC,1631096,Chet Holmgren,1610612759,SAS,1641705,Victor Wembanyama,125,8.6,16.21271,18.51852,27.200000000000003,5,7,0,0,1,1,2,4,50.0,0,0,0.0,1,2,1,0,0,0,0,nba_boxscorematchupsv3
1,2025-26,Playoffs,Western Conference Finals,2026_okc_sas_api_20261005,0042500314,4,2026-05-24,1610612760,OKC,1628392,Isaiah Hartenstein,1610612759,SAS,203084,Harrison Barnes,5,1.3,1.34048,1.19617,6.5,0,0,0,0,0,0,0,0,0.0,0,0,0.0,0,0,0,0,0,0,0,nba_boxscorematchupsv3
1,2025-26,Playoffs,Western Conference Finals,2026_okc_sas_api_20261005,0042500314,4,2026-05-24,1610612760,OKC,1628392,Isaiah Hartenstein,1610612759,SAS,1642264,Stephon Castle,23,3.6,2.9224900000000003,5.50239,8.7,0,0,0,0,1,0,0,0,0.0,0,0,0.0,0,0,0,0,0,0,0,nba_boxscorematchupsv3
1,2025-26,Playoffs,Western Conference Finals,2026_okc_sas_api_20261005,0042500314,4,2026-05-24,1610612760,OKC,1628392,Isaiah Hartenstein,1610612759,SAS,1630577,Julian Champagnie,15,1.9,2.07469,3.58852,5.2,2,2,0,0,0,0,1,1,100.0,0,0,0.0,0,0,0,0,0,0,0,nba_boxscorematchupsv3
1,2025-26,Playoffs,Western Conference Finals,2026_okc_sas_api_20261005,0042500314,4,2026-05-24,1610612760,OKC,1628392,Isaiah Hartenstein,1610612759,SAS,1628368,De'Aaron Fox,20,1.3,2.6178,4.784689999999999,7.5,0,2,0,0,0,0,0,0,0.0,0,0,0.0,0,0,0,0,0,0,0,nba_boxscorematchupsv3
1,2025-26,Playoffs,Western Conference Finals,2026_okc_sas_api_20261005,0042500314,4,2026-05-24,1610612760,OKC,1628392,Isaiah Hartenstein,1610612759,SAS,1642844,Dylan Harper,1,0.8,0.18519000000000002,0.23923,7.000000000000001,0,0,0,0,0,0,0,0,0.0,0,0,0.0,0,0,0,0,0,0,0,nba_boxscorematchupsv3
1,2025-26,Playoffs,Western Conference Finals,2026_okc_sas_api_20261005,0042500314,4,2026-05-24,1610612760,OKC,1628392,Isaiah Hartenstein,1610612759,SAS,1629640,Keldon Johnson,12,1.3,2.8777,2.87081,16.0,0,4,0,0,0,0,0,0,0.0,0,0,0.0,0,0,0,0,0,0,0,nba_boxscorematchupsv3
1,2025-26,Playoffs,Western Conference Finals,2026_okc_sas_api_20261005,0042500314,4,2026-05-24,1610612760,OKC,1628392,Isaiah Hartenstein,1610612759,SAS,1628436,Luke Kornet,29,2.1,8.26211,6.937799999999999,61.5,0,0,0,0,0,0,0,1,0.0,0,0,0.0,0,0,0,0,0,0,0,nba_boxscorematchupsv3
1,2025-26,Playoffs,Western Conference Finals,2026_okc_sas_api_20261005,0042500314,4,2026-05-24,1610612760,OKC,1628392,Isaiah Hartenstein,1610612759,SAS,1630170,Devin Vassell,27,1.6,3.1839600000000003,6.4593300000000005,8.0,0,0,0,0,0,0,0,1,0.0,0,0,0.0,0,0,0,0,0,0,0,nba_boxscorematchupsv3
1,2025-26,Playoffs,Western Conference Finals,2026_okc_sas_api_20261005,0042500314,4,2026-05-24,1610612760,OKC,1628392,Isaiah Hartenstein,1610612759,SAS,1641705,Victor Wembanyama,286,19.9,37.094680000000004,68.42105000000001,69.89999999999999,10,15,3,0,0,1,5,8,62.5,0,0,0.0,0,0,0,0,0,0,0,nba_boxscorematchupsv3
1,2025-26,Playoffs,Western Conference Finals,2026_okc_sas_api_20261005,0042500314,4,2026-05-24,1610612760,OKC,1629652,Luguentz Dort,1610612759,SAS,203084,Harrison Barnes,38,3.2,10.18767,8.7963,36.9,0,2,0,0,0,0,0,0,0.0,0,0,0.0,0,0,0,0,0,0,0,nba_boxscorematchupsv3
1,2025-26,Playoffs,Western Conference Finals,2026_okc_sas_api_20261005,0042500314,4,2026-05-24,1610612760,OKC,1629652,Luguentz Dort,1610612759,SAS,1642264,Stephon Castle,51,2.1,6.4803,11.80556,12.5,2,2,0,0,1,0,1,1,100.0,0,0,0.0,0,0,0,0,0,0,0,nba_boxscorematchupsv3
1,2025-26,Playoffs,Western Conference Finals,2026_okc_sas_api_20261005,0042500314,4,2026-05-24,1610612760,OKC,1629652,Luguentz Dort,1610612759,SAS,1630577,Julian Champagnie,160,9.1,22.13001,37.03704,59.699999999999996,0,11,0,0,0,0,0,1,0.0,0,1,0.0,0,0,0,0,0,0,0,nba_boxscorematchupsv3
1,2025-26,Playoffs,Western Conference Finals,2026_okc_sas_api_20261005,0042500314,4,2026-05-24,1610612760,OKC,1629652,Luguentz Dort,1610612759,SAS,1628368,De'Aaron Fox,44,4.7,5.75916,10.185189999999999,17.9,0,5,0,0,0,0,0,0,0.0,0,0,0.0,0,0,0,0,0,0,0,nba_boxscorematchupsv3
1,2025-26,Playoffs,Western Conference Finals,2026_okc_sas_api_20261005,0042500314,4,2026-05-24,1610612760,OKC,1629652,Luguentz Dort,1610612759,SAS,1642844,Dylan Harper,27,2.2,5.0,6.25,12.8,0,4,0,0,0,0,0,0,0.0,0,0,0.0,0,0,0,0,0,0,0,nba_boxscorematchupsv3
1,2025-26,Playoffs,Western Conference Finals,2026_okc_sas_api_20261005,0042500314,4,2026-05-24,1610612760,OKC,1629652,Luguentz Dort,1610612759,SAS,1629640,Keldon Johnson,57,2.8,13.66906,13.194439999999998,32.2,0,0,0,0,0,0,0,0,0.0,0,0,0.0,0,0,0,0,0,0,0,nba_boxscorematchupsv3
1,2025-26,Playoffs,Western Conference Finals,2026_okc_sas_api_20261005,0042500314,4,2026-05-24,1610612760,OKC,1629652,Luguentz Dort,1610612759,SAS,1628436,Luke Kornet,2,0.7,0.5698,0.46296000000000004,5.6000000000000005,0,0,0,0,0,0,0,0,0.0,0,0,0.0,0,0,0,0,0,0,0,nba_boxscorematchupsv3
1,2025-26,Playoffs,Western Conference Finals,2026_okc_sas_api_20261005,0042500314,4,2026-05-24,1610612760,OKC,1629652,Luguentz Dort,1610612759,SAS,1630170,Devin Vassell,48,3.5,5.66038,11.11111,11.899999999999999,0,2,0,0,0,0,0,0,0.0,0,0,0.0,0,0,0,0,0,0,0,nba_boxscorematchupsv3
1,2025-26,Playoffs,Western Conference Finals,2026_okc_sas_api_20261005,0042500314,4,2026-05-24,1610612760,OKC,1629652,Luguentz Dort,1610612759,SAS,1641705,Victor Wembanyama,5,1.3,0.6485099999999999,1.15741,4.3,0,0,0,0,0,0,0,0,0.0,0,0,0.0,0,0,0,0,0,0,0,nba_boxscorematchupsv3
1,2025-26,Playoffs,Western Conference Finals,2026_okc_sas_api_20261005,0042500314,4,2026-05-24,1610612760,OKC,1628983,Shai Gilgeous-Alexander,1610612759,SAS,203084,Harrison Barnes,37,3.2,9.91957,4.44178,11.799999999999999,0,3,0,0,0,0,0,1,0.0,0,1,0.0,0,0,0,0,0,0,0,nba_boxscorematchupsv3
1,2025-26,Playoffs,Western Conference Finals,2026_okc_sas_api_20261005,0042500314,4,2026-05-24,1610612760,OKC,1628983,Shai Gilgeous-Alexander,1610612759,SAS,1642868,Carter Bryant,12,1.3,8.69565,1.44058,23.599999999999998,2,2,0,0,0,0,0,0,0.0,0,0,0.0,2,2,1,0,0,0,0,nba_boxscorematchupsv3
1,2025-26,Playoffs,Western Conference Finals,2026_okc_sas_api_20261005,0042500314,4,2026-05-24,1610612760,OKC,1628983,Shai Gilgeous-Alexander,1610612759,SAS,1642264,Stephon Castle,291,22.0,36.97586,34.933969999999995,49.4,6,21,3,0,1,0,2,6,33.300000000000004,0,0,0.0,2,2,1,0,0,0,0,nba_boxscorematchupsv3
1,2025-26,Playoffs,Western Conference Finals,2026_okc_sas_api_20261005,0042500314,4,2026-05-24,1610612760,OKC,1628983,Shai Gilgeous-Alexander,1610612759,SAS,1630577,Julian Champagnie,60,3.6,8.29876,7.20288,10.7,2,5,1,0,0,0,1,2,50.0,0,0,0.0,0,0,0,0,0,0,0,nba_boxscorematchupsv3
1,2025-26,Playoffs,Western Conference Finals,2026_okc_sas_api_20261005,0042500314,4,2026-05-24,1610612760,OKC,1628983,Shai Gilgeous-Alexander,1610612759,SAS,1628368,De'Aaron Fox,134,11.7,17.539270000000002,16.08643,21.8,2,12,0,0,1,0,0,0,0.0,0,0,0.0,2,2,1,0,0,0,0,nba_boxscorematchupsv3
1,2025-26,Playoffs,Western Conference Finals,2026_okc_sas_api_20261005,0042500314,4,2026-05-24,1610612760,OKC,1628983,Shai Gilgeous-Alexander,1610612759,SAS,1642844,Dylan Harper,129,9.9,23.88889,15.48619,40.8,4,4,1,0,0,0,2,2,100.0,0,0,0.0,0,0,0,0,0,0,0,nba_boxscorematchupsv3
1,2025-26,Playoffs,Western Conference Finals,2026_okc_sas_api_20261005,0042500314,4,2026-05-24,1610612760,OKC,1628983,Shai Gilgeous-Alexander,1610612759,SAS,1629640,Keldon Johnson,2,1.7,0.47961999999999994,0.24009999999999998,5.8999999999999995,0,0,0,0,0,0,0,0,0.0,0,0,0.0,0,0,0,0,0,0,0,nba_boxscorematchupsv3
1,2025-26,Playoffs,Western Conference Finals,2026_okc_sas_api_20261005,0042500314,4,2026-05-24,1610612760,OKC,1628983,Shai Gilgeous-Alexander,1610612759,SAS,1628436,Luke Kornet,11,1.5,3.1338999999999997,1.32053,13.0,2,2,0,0,0,0,1,1,100.0,0,0,0.0,0,0,0,0,0,0,0,nba_boxscorematchupsv3
1,2025-26,Playoffs,Western Conference Finals,2026_okc_sas_api_20261005,0042500314,4,2026-05-24,1610612760,OKC,1628983,Shai Gilgeous-Alexander,1610612759,SAS,1630170,Devin Vassell,98,10.0,11.5566,11.764710000000001,15.9,0,7,1,0,0,0,0,1,0.0,0,0,0.0,0,0,0,0,0,0,0,nba_boxscorematchupsv3
1,2025-26,Playoffs,Western Conference Finals,2026_okc_sas_api_20261005,0042500314,4,2026-05-24,1610612760,OKC,1628983,Shai Gilgeous-Alexander,1610612759,SAS,1641705,Victor Wembanyama,59,4.4,7.652399999999999,7.0828299999999995,7.9,0,0,1,0,1,0,0,2,0.0,0,0,0.0,0,0,0,0,0,0,0,nba_boxscorematchupsv3
1,2025-26,Playoffs,Western Conference Finals,2026_okc_sas_api_20261005,0042500314,4,2026-05-24,1610612760,OKC,1631119,Jaylin Williams,1610612759,SAS,203084,Harrison Barnes,74,5.0,19.83914,13.57798,40.2,0,7,1,0,0,0,0,1,0.0,0,1,0.0,0,0,0,0,0,0,0,nba_boxscorematchupsv3
1,2025-26,Playoffs,Western Conference Finals,2026_okc_sas_api_20261005,0042500314,4,2026-05-24,1610612760,OKC,1631119,Jaylin Williams,1610612759,SAS,1642868,Carter Bryant,20,2.7,14.49275,3.66972,20.8,0,0,0,0,0,0,0,0,0.0,0,0,0.0,0,0,0,0,0,0,0,nba_boxscorematchupsv3
1,2025-26,Playoffs,Western Conference Finals,2026_okc_sas_api_20261005,0042500314,4,2026-05-24,1610612760,OKC,1631119,Jaylin Williams,1610612759,SAS,1642264,Stephon Castle,73,3.5,9.27573,13.3945,22.5,3,3,0,0,0,0,1,1,100.0,1,1,100.0,0,0,0,0,0,0,0,nba_boxscorematchupsv3
1,2025-26,Playoffs,Western Conference Finals,2026_okc_sas_api_20261005,0042500314,4,2026-05-24,1610612760,OKC,1631119,Jaylin Williams,1610612759,SAS,1630577,Julian Champagnie,47,5.3,6.5006900000000005,8.62385,18.8,0,4,0,0,0,0,0,0,0.0,0,0,0.0,0,0,0,0,0,0,0,nba_boxscorematchupsv3
1,2025-26,Playoffs,Western Conference Finals,2026_okc_sas_api_20261005,0042500314,4,2026-05-24,1610612760,OKC,1631119,Jaylin Williams,1610612759,SAS,1628368,De'Aaron Fox,33,2.5,4.31937,6.05505,9.700000000000001,0,6,0,0,0,0,0,1,0.0,0,1,0.0,0,0,0,0,0,0,0,nba_boxscorematchupsv3
1,2025-26,Playoffs,Western Conference Finals,2026_okc_sas_api_20261005,0042500314,4,2026-05-24,1610612760,OKC,1631119,Jaylin Williams,1610612759,SAS,1642844,Dylan Harper,40,3.1,7.4074100000000005,7.33945,13.4,0,1,0,0,0,0,0,0,0.0,0,0,0.0,0,0,0,0,0,0,0,nba_boxscorematchupsv3
1,2025-26,Playoffs,Western Conference Finals,2026_okc_sas_api_20261005,0042500314,4,2026-05-24,1610612760,OKC,1631119,Jaylin Williams,1610612759,SAS,1629640,Keldon Johnson,55,6.2,13.189449999999999,10.09174,20.8,0,5,0,0,0,0,0,1,0.0,0,1,0.0,0,0,0,0,0,0,0,nba_boxscorematchupsv3
1,2025-26,Playoffs,Western Conference Finals,2026_okc_sas_api_20261005,0042500314,4,2026-05-24,1610612760,OKC,1631119,Jaylin Williams,1610612759,SAS,1628436,Luke Kornet,22,4.0,6.26781,4.0367,15.4,0,5,0,0,0,0,0,0,0.0,0,0,0.0,0,0,0,0,0,0,0,nba_boxscorematchupsv3
1,2025-26,Playoffs,Western Conference Finals,2026_okc_sas_api_20261005,0042500314,4,2026-05-24,1610612760,OKC,1631119,Jaylin Williams,1610612759,SAS,1629162,Jordan McLaughlin,8,0.5,12.903229999999999,1.46789,11.600000000000001,0,3,0,0,0,0,0,0,0.0,0,0,0.0,0,0,0,0,0,0,0,nba_boxscorematchupsv3
1,2025-26,Playoffs,Western Conference Finals,2026_okc_sas_api_20261005,0042500314,4,2026-05-24,1610612760,OKC,1631119,Jaylin Williams,1610612759,SAS,203482,Kelly Olynyk,25,4.4,47.16981,4.58716,50.5,0,0,0,0,0,0,0,0,0.0,0,0,0.0,0,0,0,0,0,0,0,nba_boxscorematchupsv3
1,2025-26,Playoffs,Western Conference Finals,2026_okc_sas_api_20261005,0042500314,4,2026-05-24,1610612760,OKC,1631119,Jaylin Williams,1610612759,SAS,1630170,Devin Vassell,74,5.5,8.72642,13.57798,17.2,0,2,0,0,0,0,0,0,0.0,0,0,0.0,0,0,0,0,0,0,0,nba_boxscorematchupsv3
1,2025-26,Playoffs,Western Conference Finals,2026_okc_sas_api_20261005,0042500314,4,2026-05-24,1610612760,OKC,1631119,Jaylin Williams,1610612759,SAS,1630322,Lindy Waters III,3,0.1,5.66038,0.5504600000000001,1.4000000000000001,0,2,0,0,0,0,0,0,0.0,0,0,0.0,0,0,0,0,0,0,0,nba_boxscorematchupsv3
1,2025-26,Playoffs,Western Conference Finals,2026_okc_sas_api_20261005,0042500314,4,2026-05-24,1610612760,OKC,1631119,Jaylin Williams,1610612759,SAS,1641705,Victor Wembanyama,71,6.0,9.20882,13.02752,25.4,0,0,0,0,1,0,0,3,0.0,0,3,0.0,0,0,0,0,0,0,0,nba_boxscorematchupsv3
1,2025-26,Playoffs,Western Conference Finals,2026_okc_sas_api_20261005,0042500314,4,2026-05-24,1610612760,OKC,1627936,Alex Caruso,1610612759,SAS,203084,Harrison Barnes,48,2.3,12.86863,12.903229999999999,19.400000000000002,0,0,0,0,0,0,0,0,0.0,0,0,0.0,0,0,0,0,0,0,0,nba_boxscorematchupsv3
1,2025-26,Playoffs,Western Conference Finals,2026_okc_sas_api_20261005,0042500314,4,2026-05-24,1610612760,OKC,1627936,Alex Caruso,1610612759,SAS,1642868,Carter Bryant,4,0.0,2.89855,1.07527,14.799999999999999,0,0,0,0,0,0,0,0,0.0,0,0,0.0,0,0,0,0,0,0,0,nba_boxscorematchupsv3
1,2025-26,Playoffs,Western Conference Finals,2026_okc_sas_api_20261005,0042500314,4,2026-05-24,1610612760,OKC,1627936,Alex Caruso,1610612759,SAS,1642264,Stephon Castle,66,4.5,8.38628,17.74194,20.0,0,2,0,0,0,0,0,0,0.0,0,0,0.0,0,0,0,0,0,0,0,nba_boxscorematchupsv3
1,2025-26,Playoffs,Western Conference Finals,2026_okc_sas_api_20261005,0042500314,4,2026-05-24,1610612760,OKC,1627936,Alex Caruso,1610612759,SAS,1630577,Julian Champagnie,60,3.9,8.29876,16.12903,34.4,0,2,0,0,0,0,0,1,0.0,0,0,0.0,0,0,0,0,0,0,0,nba_boxscorematchupsv3
1,2025-26,Playoffs,Western Conference Finals,2026_okc_sas_api_20261005,0042500314,4,2026-05-24,1610612760,OKC,1627936,Alex Caruso,1610612759,SAS,1628368,De'Aaron Fox,9,3.1,1.17801,2.41935,13.600000000000001,0,0,0,0,0,0,0,0,0.0,0,0,0.0,0,0,0,0,0,0,0,nba_boxscorematchupsv3
1,2025-26,Playoffs,Western Conference Finals,2026_okc_sas_api_20261005,0042500314,4,2026-05-24,1610612760,OKC,1627936,Alex Caruso,1610612759,SAS,1642844,Dylan Harper,30,2.3,5.55556,8.06452,11.5,0,2,0,0,0,0,0,0,0.0,0,0,0.0,0,0,0,0,0,0,0,nba_boxscorematchupsv3
1,2025-26,Playoffs,Western Conference Finals,2026_okc_sas_api_20261005,0042500314,4,2026-05-24,1610612760,OKC,1627936,Alex Caruso,1610612759,SAS,1629640,Keldon Johnson,18,1.0,4.31655,4.83871,14.000000000000002,0,0,0,0,0,0,0,0,0.0,0,0,0.0,0,0,0,0,0,0,0,nba_boxscorematchupsv3
1,2025-26,Playoffs,Western Conference Finals,2026_okc_sas_api_20261005,0042500314,4,2026-05-24,1610612760,OKC,1627936,Alex Caruso,1610612759,SAS,1628436,Luke Kornet,15,2.0,4.2735,4.03226,14.499999999999998,0,3,1,0,0,0,0,0,0.0,0,0,0.0,0,0,0,0,0,0,0,nba_boxscorematchupsv3
1,2025-26,Playoffs,Western Conference Finals,2026_okc_sas_api_20261005,0042500314,4,2026-05-24,1610612760,OKC,1627936,Alex Caruso,1610612759,SAS,1630170,Devin Vassell,63,4.7,7.42925,16.93548,28.999999999999996,0,1,0,0,0,0,0,0,0.0,0,0,0.0,0,0,0,0,0,0,0,nba_boxscorematchupsv3
1,2025-26,Playoffs,Western Conference Finals,2026_okc_sas_api_20261005,0042500314,4,2026-05-24,1610612760,OKC,1627936,Alex Caruso,1610612759,SAS,1641705,Victor Wembanyama,59,4.8,7.652399999999999,15.86022,21.7,0,2,0,0,0,0,0,0,0.0,0,0,0.0,0,0,0,0,0,0,0,nba_boxscorematchupsv3
1,2025-26,Playoffs,Western Conference Finals,2026_okc_sas_api_20261005,0042500314,4,2026-05-24,1610612760,OKC,1642272,Jared McCain,1610612759,SAS,203084,Harrison Barnes,29,4.2,7.7748,5.123670000000001,14.7,0,0,0,0,0,0,0,1,0.0,0,1,0.0,0,0,0,0,0,0,0,nba_boxscorematchupsv3
1,2025-26,Playoffs,Western Conference Finals,2026_okc_sas_api_20261005,0042500314,4,2026-05-24,1610612760,OKC,1642272,Jared McCain,1610612759,SAS,1642868,Carter Bryant,21,2.1,15.21739,3.71025,28.1,2,6,0,0,1,0,0,0,0.0,0,0,0.0,2,2,0,0,0,0,0,nba_boxscorematchupsv3
1,2025-26,Playoffs,Western Conference Finals,2026_okc_sas_api_20261005,0042500314,4,2026-05-24,1610612760,OKC,1642272,Jared McCain,1610612759,SAS,1642264,Stephon Castle,66,3.6,8.38628,11.660779999999999,15.7,0,0,0,0,0,0,0,3,0.0,0,1,0.0,0,0,0,0,0,0,0,nba_boxscorematchupsv3
1,2025-26,Playoffs,Western Conference Finals,2026_okc_sas_api_20261005,0042500314,4,2026-05-24,1610612760,OKC,1642272,Jared McCain,1610612759,SAS,1630577,Julian Champagnie,69,8.0,9.543569999999999,12.19081,24.4,0,3,0,0,0,0,0,2,0.0,0,1,0.0,0,0,0,0,0,0,0,nba_boxscorematchupsv3
1,2025-26,Playoffs,Western Conference Finals,2026_okc_sas_api_20261005,0042500314,4,2026-05-24,1610612760,OKC,1642272,Jared McCain,1610612759,SAS,1628368,De'Aaron Fox,107,8.0,14.005239999999999,18.90459,28.9,0,5,0,0,0,0,0,0,0.0,0,0,0.0,0,0,0,0,0,0,0,nba_boxscorematchupsv3
1,2025-26,Playoffs,Western Conference Finals,2026_okc_sas_api_20261005,0042500314,4,2026-05-24,1610612760,OKC,1642272,Jared McCain,1610612759,SAS,1642844,Dylan Harper,100,7.8,18.51852,17.66784,28.199999999999996,0,6,0,0,0,0,0,0,0.0,0,0,0.0,0,0,0,0,0,0,0,nba_boxscorematchupsv3
1,2025-26,Playoffs,Western Conference Finals,2026_okc_sas_api_20261005,0042500314,4,2026-05-24,1610612760,OKC,1642272,Jared McCain,1610612759,SAS,1629640,Keldon Johnson,46,3.9,11.03118,8.12721,15.299999999999999,0,4,0,0,0,0,0,0,0.0,0,0,0.0,0,0,0,0,0,0,0,nba_boxscorematchupsv3
1,2025-26,Playoffs,Western Conference Finals,2026_okc_sas_api_20261005,0042500314,4,2026-05-24,1610612760,OKC,1642272,Jared McCain,1610612759,SAS,1628436,Luke Kornet,11,1.0,3.1338999999999997,1.94346,11.0,0,2,0,0,0,0,0,1,0.0,0,1,0.0,0,0,0,0,0,0,0,nba_boxscorematchupsv3
1,2025-26,Playoffs,Western Conference Finals,2026_okc_sas_api_20261005,0042500314,4,2026-05-24,1610612760,OKC,1642272,Jared McCain,1610612759,SAS,1630170,Devin Vassell,68,7.1,8.01887,12.014130000000002,20.599999999999998,0,3,0,0,0,1,0,1,0.0,0,0,0.0,0,0,0,0,0,0,0,nba_boxscorematchupsv3
1,2025-26,Playoffs,Western Conference Finals,2026_okc_sas_api_20261005,0042500314,4,2026-05-24,1610612760,OKC,1642272,Jared McCain,1610612759,SAS,1641705,Victor Wembanyama,49,4.2,6.355379999999999,8.65724,11.600000000000001,2,2,0,0,0,0,1,2,50.0,0,1,0.0,0,0,0,0,0,0,0,nba_boxscorematchupsv3
1,2025-26,Playoffs,Western Conference Finals,2026_okc_sas_api_20261005,0042500314,4,2026-05-24,1610612760,OKC,1629026,Kenrich Williams,1610612759,SAS,203084,Harrison Barnes,8,2.3,2.14477,1.5009400000000002,10.4,0,2,0,0,0,0,0,0,0.0,0,0,0.0,0,0,0,0,0,0,0,nba_boxscorematchupsv3
1,2025-26,Playoffs,Western Conference Finals,2026_okc_sas_api_20261005,0042500314,4,2026-05-24,1610612760,OKC,1629026,Kenrich Williams,1610612759,SAS,1642868,Carter Bryant,18,1.5,13.043479999999999,3.37711,21.0,0,5,0,0,0,0,0,0,0.0,0,0,0.0,0,0,0,0,0,0,0,nba_boxscorematchupsv3
1,2025-26,Playoffs,Western Conference Finals,2026_okc_sas_api_20261005,0042500314,4,2026-05-24,1610612760,OKC,1629026,Kenrich Williams,1610612759,SAS,1642264,Stephon Castle,19,2.0,2.41423,3.56473,6.6000000000000005,0,0,0,0,0,0,0,1,0.0,0,1,0.0,0,0,0,0,0,0,0,nba_boxscorematchupsv3
1,2025-26,Playoffs,Western Conference Finals,2026_okc_sas_api_20261005,0042500314,4,2026-05-24,1610612760,OKC,1629026,Kenrich Williams,1610612759,SAS,1630577,Julian Champagnie,36,5.2,4.97925,6.75422,14.6,3,11,0,0,0,0,1,1,100.0,1,1,100.0,0,0,0,0,0,0,0,nba_boxscorematchupsv3
1,2025-26,Playoffs,Western Conference Finals,2026_okc_sas_api_20261005,0042500314,4,2026-05-24,1610612760,OKC,1629026,Kenrich Williams,1610612759,SAS,1628368,De'Aaron Fox,31,1.6,4.057589999999999,5.81614,9.700000000000001,0,0,0,0,0,0,0,0,0.0,0,0,0.0,0,0,0,0,0,0,0,nba_boxscorematchupsv3
1,2025-26,Playoffs,Western Conference Finals,2026_okc_sas_api_20261005,0042500314,4,2026-05-24,1610612760,OKC,1629026,Kenrich Williams,1610612759,SAS,1642844,Dylan Harper,34,2.6,6.2963000000000005,6.37899,12.9,0,2,0,0,0,0,0,0,0.0,0,0,0.0,0,0,0,0,0,0,0,nba_boxscorematchupsv3
1,2025-26,Playoffs,Western Conference Finals,2026_okc_sas_api_20261005,0042500314,4,2026-05-24,1610612760,OKC,1629026,Kenrich Williams,1610612759,SAS,1629640,Keldon Johnson,91,9.0,21.82254,17.073169999999998,30.0,0,0,0,0,0,0,0,1,0.0,0,1,0.0,0,0,0,0,0,0,0,nba_boxscorematchupsv3
1,2025-26,Playoffs,Western Conference Finals,2026_okc_sas_api_20261005,0042500314,4,2026-05-24,1610612760,OKC,1629026,Kenrich Williams,1610612759,SAS,1628436,Luke Kornet,89,5.8,25.35613,16.69794,38.9,2,6,1,0,0,1,0,1,0.0,0,0,0.0,2,2,1,0,0,0,0,nba_boxscorematchupsv3
1,2025-26,Playoffs,Western Conference Finals,2026_okc_sas_api_20261005,0042500314,4,2026-05-24,1610612760,OKC,1629026,Kenrich Williams,1610612759,SAS,1629162,Jordan McLaughlin,14,3.1,22.58065,2.62664,25.2,0,0,1,0,1,0,0,0,0.0,0,0,0.0,0,0,0,0,0,0,0,nba_boxscorematchupsv3
1,2025-26,Playoffs,Western Conference Finals,2026_okc_sas_api_20261005,0042500314,4,2026-05-24,1610612760,OKC,1629026,Kenrich Williams,1610612759,SAS,203482,Kelly Olynyk,9,1.3,16.98113,1.68856,18.9,2,4,0,0,0,0,1,1,100.0,0,0,0.0,0,0,0,0,0,0,0,nba_boxscorematchupsv3
1,2025-26,Playoffs,Western Conference Finals,2026_okc_sas_api_20261005,0042500314,4,2026-05-24,1610612760,OKC,1629026,Kenrich Williams,1610612759,SAS,1630170,Devin Vassell,103,7.8,12.14623,19.32458,24.7,0,6,0,0,0,0,0,1,0.0,0,0,0.0,0,0,0,0,0,0,0,nba_boxscorematchupsv3
1,2025-26,Playoffs,Western Conference Finals,2026_okc_sas_api_20261005,0042500314,4,2026-05-24,1610612760,OKC,1629026,Kenrich Williams,1610612759,SAS,1630322,Lindy Waters III,3,0.2,5.66038,0.56285,3.6999999999999997,0,0,0,0,0,0,0,0,0.0,0,0,0.0,0,0,0,0,0,0,0,nba_boxscorematchupsv3
1,2025-26,Playoffs,Western Conference Finals,2026_okc_sas_api_20261005,0042500314,4,2026-05-24,1610612760,OKC,1629026,Kenrich Williams,1610612759,SAS,1641705,Victor Wembanyama,78,6.3,10.11673,14.634150000000002,27.500000000000004,3,8,0,0,0,0,1,1,100.0,1,1,100.0,0,0,0,0,0,0,0,nba_boxscorematchupsv3
1,2025-26,Playoffs,Western Conference Finals,2026_okc_sas_api_20261005,0042500314,4,2026-05-24,1610612760,OKC,1630598,Aaron Wiggins,1610612759,SAS,203084,Harrison Barnes,68,3.3,18.23056,13.203880000000002,48.3,0,4,0,0,0,0,0,0,0.0,0,0,0.0,0,0,0,0,0,0,0,nba_boxscorematchupsv3
1,2025-26,Playoffs,Western Conference Finals,2026_okc_sas_api_20261005,0042500314,4,2026-05-24,1610612760,OKC,1630598,Aaron Wiggins,1610612759,SAS,1642868,Carter Bryant,19,3.3,13.76812,3.68932,34.1,0,2,0,0,0,0,0,0,0.0,0,0,0.0,0,0,0,0,0,0,0,nba_boxscorematchupsv3
1,2025-26,Playoffs,Western Conference Finals,2026_okc_sas_api_20261005,0042500314,4,2026-05-24,1610612760,OKC,1630598,Aaron Wiggins,1610612759,SAS,1642264,Stephon Castle,63,5.8,8.005080000000001,12.23301,20.200000000000003,0,2,0,0,1,1,0,2,0.0,0,1,0.0,0,0,0,0,0,0,0,nba_boxscorematchupsv3
1,2025-26,Playoffs,Western Conference Finals,2026_okc_sas_api_20261005,0042500314,4,2026-05-24,1610612760,OKC,1630598,Aaron Wiggins,1610612759,SAS,1630577,Julian Champagnie,96,7.0,13.278010000000002,18.64078,28.4,0,6,0,0,0,0,0,1,0.0,0,1,0.0,0,0,0,0,0,0,0,nba_boxscorematchupsv3
1,2025-26,Playoffs,Western Conference Finals,2026_okc_sas_api_20261005,0042500314,4,2026-05-24,1610612760,OKC,1630598,Aaron Wiggins,1610612759,SAS,1628368,De'Aaron Fox,78,6.9,10.20942,15.145629999999999,25.4,0,5,0,0,0,1,0,1,0.0,0,1,0.0,0,0,0,0,0,0,0,nba_boxscorematchupsv3
1,2025-26,Playoffs,Western Conference Finals,2026_okc_sas_api_20261005,0042500314,4,2026-05-24,1610612760,OKC,1630598,Aaron Wiggins,1610612759,SAS,1642844,Dylan Harper,29,2.1,5.37037,5.63107,14.7,0,2,0,0,0,0,0,0,0.0,0,0,0.0,0,0,0,0,0,0,0,nba_boxscorematchupsv3
1,2025-26,Playoffs,Western Conference Finals,2026_okc_sas_api_20261005,0042500314,4,2026-05-24,1610612760,OKC,1630598,Aaron Wiggins,1610612759,SAS,1629640,Keldon Johnson,8,0.6,1.91847,1.5534,3.6999999999999997,0,3,0,0,0,0,0,0,0.0,0,0,0.0,0,0,0,0,0,0,0,nba_boxscorematchupsv3
1,2025-26,Playoffs,Western Conference Finals,2026_okc_sas_api_20261005,0042500314,4,2026-05-24,1610612760,OKC,1630598,Aaron Wiggins,1610612759,SAS,1628436,Luke Kornet,43,1.7,12.25071,8.34951,15.299999999999999,2,2,0,0,0,0,1,3,33.300000000000004,0,0,0.0,0,0,0,0,0,0,0,nba_boxscorematchupsv3
1,2025-26,Playoffs,Western Conference Finals,2026_okc_sas_api_20261005,0042500314,4,2026-05-24,1610612760,OKC,1630598,Aaron Wiggins,1610612759,SAS,1629162,Jordan McLaughlin,16,2.4,25.806449999999998,3.1068,27.6,0,2,0,0,0,0,0,0,0.0,0,0,0.0,0,0,0,0,0,0,0,nba_boxscorematchupsv3
1,2025-26,Playoffs,Western Conference Finals,2026_okc_sas_api_20261005,0042500314,4,2026-05-24,1610612760,OKC,1630598,Aaron Wiggins,1610612759,SAS,203482,Kelly Olynyk,5,0.9,9.433959999999999,0.9708700000000001,10.299999999999999,0,0,0,0,0,0,0,0,0.0,0,0,0.0,0,0,0,0,0,0,0,nba_boxscorematchupsv3
1,2025-26,Playoffs,Western Conference Finals,2026_okc_sas_api_20261005,0042500314,4,2026-05-24,1610612760,OKC,1630598,Aaron Wiggins,1610612759,SAS,1630170,Devin Vassell,65,5.3,7.665089999999999,12.621360000000001,19.1,0,5,0,0,0,0,0,2,0.0,0,1,0.0,0,0,0,0,0,0,0,nba_boxscorematchupsv3
1,2025-26,Playoffs,Western Conference Finals,2026_okc_sas_api_20261005,0042500314,4,2026-05-24,1610612760,OKC,1630598,Aaron Wiggins,1610612759,SAS,1630322,Lindy Waters III,14,2.3,26.415090000000003,2.71845,27.700000000000003,0,2,0,0,1,0,0,0,0.0,0,0,0.0,0,0,0,0,0,0,0,nba_boxscorematchupsv3
1,2025-26,Playoffs,Western Conference Finals,2026_okc_sas_api_20261005,0042500314,4,2026-05-24,1610612760,OKC,1630598,Aaron Wiggins,1610612759,SAS,1641705,Victor Wembanyama,11,1.3,1.42672,2.13592,5.800000000000001,2,2,0,0,0,1,1,1,100.0,0,0,0.0,0,0,0,0,0,0,0,nba_boxscorematchupsv3
1,2025-26,Playoffs,Western Conference Finals,2026_okc_sas_api_20261005,0042500314,4,2026-05-24,1610612760,OKC,1630198,Isaiah Joe,1610612759,SAS,203084,Harrison Barnes,18,1.5,4.82574,4.52261,10.9,0,0,0,0,0,0,0,0,0.0,0,0,0.0,0,0,0,0,0,0,0,nba_boxscorematchupsv3
1,2025-26,Playoffs,Western Conference Finals,2026_okc_sas_api_20261005,0042500314,4,2026-05-24,1610612760,OKC,1630198,Isaiah Joe,1610612759,SAS,1642868,Carter Bryant,36,5.2,26.086959999999998,9.04523,25.5,3,3,0,0,0,0,1,1,100.0,0,0,0.0,1,1,1,0,0,0,0,nba_boxscorematchupsv3
1,2025-26,Playoffs,Western Conference Finals,2026_okc_sas_api_20261005,0042500314,4,2026-05-24,1610612760,OKC,1630198,Isaiah Joe,1610612759,SAS,1642264,Stephon Castle,21,1.7,2.66836,5.27638,13.3,0,4,1,0,0,0,0,0,0.0,0,0,0.0,0,0,0,0,0,0,0,nba_boxscorematchupsv3
1,2025-26,Playoffs,Western Conference Finals,2026_okc_sas_api_20261005,0042500314,4,2026-05-24,1610612760,OKC,1630198,Isaiah Joe,1610612759,SAS,1630577,Julian Champagnie,34,4.2,4.70263,8.542710000000001,13.700000000000001,0,4,0,0,0,0,0,1,0.0,0,1,0.0,0,0,0,0,0,0,0,nba_boxscorematchupsv3
1,2025-26,Playoffs,Western Conference Finals,2026_okc_sas_api_20261005,0042500314,4,2026-05-24,1610612760,OKC,1630198,Isaiah Joe,1610612759,SAS,1628368,De'Aaron Fox,95,8.2,12.43455,23.86935,35.9,1,9,0,0,0,0,0,2,0.0,0,2,0.0,1,1,0,0,0,0,0,nba_boxscorematchupsv3
1,2025-26,Playoffs,Western Conference Finals,2026_okc_sas_api_20261005,0042500314,4,2026-05-24,1610612760,OKC,1630198,Isaiah Joe,1610612759,SAS,1642844,Dylan Harper,32,2.3,5.92593,8.0402,17.5,3,3,0,0,0,0,1,2,50.0,1,2,50.0,0,0,0,0,0,0,0,nba_boxscorematchupsv3
1,2025-26,Playoffs,Western Conference Finals,2026_okc_sas_api_20261005,0042500314,4,2026-05-24,1610612760,OKC,1630198,Isaiah Joe,1610612759,SAS,1629640,Keldon Johnson,49,6.9,11.7506,12.31156,24.3,0,4,0,0,1,0,0,0,0.0,0,0,0.0,0,0,0,0,0,0,0,nba_boxscorematchupsv3
1,2025-26,Playoffs,Western Conference Finals,2026_okc_sas_api_20261005,0042500314,4,2026-05-24,1610612760,OKC,1630198,Isaiah Joe,1610612759,SAS,1628436,Luke Kornet,15,1.7,4.2735,3.7688399999999995,8.4,2,2,0,0,0,0,1,1,100.0,0,0,0.0,0,0,0,0,0,0,0,nba_boxscorematchupsv3
1,2025-26,Playoffs,Western Conference Finals,2026_okc_sas_api_20261005,0042500314,4,2026-05-24,1610612760,OKC,1630198,Isaiah Joe,1610612759,SAS,1629162,Jordan McLaughlin,16,2.0,25.806449999999998,4.0201,22.900000000000002,0,0,0,0,0,0,0,0,0.0,0,0,0.0,0,0,0,0,0,0,0,nba_boxscorematchupsv3
1,2025-26,Playoffs,Western Conference Finals,2026_okc_sas_api_20261005,0042500314,4,2026-05-24,1610612760,OKC,1630198,Isaiah Joe,1610612759,SAS,203482,Kelly Olynyk,10,0.6,18.867919999999998,2.51256,12.6,3,3,0,0,0,0,1,1,100.0,1,1,100.0,0,0,0,0,0,0,0,nba_boxscorematchupsv3
1,2025-26,Playoffs,Western Conference Finals,2026_okc_sas_api_20261005,0042500314,4,2026-05-24,1610612760,OKC,1630198,Isaiah Joe,1610612759,SAS,1630170,Devin Vassell,59,6.3,6.9575499999999995,14.824119999999999,39.1,0,4,0,0,0,0,0,0,0.0,0,0,0.0,0,0,0,0,0,0,0,nba_boxscorematchupsv3
1,2025-26,Playoffs,Western Conference Finals,2026_okc_sas_api_20261005,0042500314,4,2026-05-24,1610612760,OKC,1630198,Isaiah Joe,1610612759,SAS,1630322,Lindy Waters III,5,1.4,9.433959999999999,1.25628,16.7,0,0,0,0,0,0,0,0,0.0,0,0,0.0,0,0,0,0,0,0,0,nba_boxscorematchupsv3
1,2025-26,Playoffs,Western Conference Finals,2026_okc_sas_api_20261005,0042500314,4,2026-05-24,1610612760,OKC,1630198,Isaiah Joe,1610612759,SAS,1641705,Victor Wembanyama,8,1.0,1.03761,2.01005,7.3,0,3,1,0,0,0,0,1,0.0,0,1,0.0,0,0,0,0,0,0,0,nba_boxscorematchupsv3
1,2025-26,Playoffs,Western Conference Finals,2026_okc_sas_api_20261005,0042500314,4,2026-05-24,1610612760,OKC,1642260,Nikola Topić,1610612759,SAS,1642868,Carter Bryant,7,0.8,5.07246,11.29032,9.1,0,2,1,0,0,1,0,1,0.0,0,0,0.0,0,0,0,0,0,0,0,nba_boxscorematchupsv3
1,2025-26,Playoffs,Western Conference Finals,2026_okc_sas_api_20261005,0042500314,4,2026-05-24,1610612760,OKC,1642260,Nikola Topić,1610612759,SAS,1628368,De'Aaron Fox,8,0.9,1.04712,12.903229999999999,91.7,0,2,1,0,0,0,0,0,0.0,0,0,0.0,0,0,0,0,0,0,0,nba_boxscorematchupsv3
1,2025-26,Playoffs,Western Conference Finals,2026_okc_sas_api_20261005,0042500314,4,2026-05-24,1610612760,OKC,1642260,Nikola Topić,1610612759,SAS,1629640,Keldon Johnson,7,1.2,1.6786599999999998,11.29032,13.8,0,0,0,0,0,0,0,0,0.0,0,0,0.0,0,0,0,0,0,0,0,nba_boxscorematchupsv3
1,2025-26,Playoffs,Western Conference Finals,2026_okc_sas_api_20261005,0042500314,4,2026-05-24,1610612760,OKC,1642260,Nikola Topić,1610612759,SAS,1629162,Jordan McLaughlin,8,1.0,12.903229999999999,12.903229999999999,12.7,2,2,0,0,0,0,1,1,100.0,0,0,0.0,0,0,0,0,0,0,0,nba_boxscorematchupsv3
1,2025-26,Playoffs,Western Conference Finals,2026_okc_sas_api_20261005,0042500314,4,2026-05-24,1610612760,OKC,1642260,Nikola Topić,1610612759,SAS,203482,Kelly Olynyk,4,0.8,7.54717,6.4516100000000005,7.7,0,0,0,0,1,0,0,0,0.0,0,0,0.0,0,0,0,0,0,0,0,nba_boxscorematchupsv3
1,2025-26,Playoffs,Western Conference Finals,2026_okc_sas_api_20261005,0042500314,4,2026-05-24,1610612760,OKC,1642260,Nikola Topić,1610612759,SAS,1630322,Lindy Waters III,28,4.0,52.83019,45.16129,50.5,0,3,0,0,0,0,0,0,0.0,0,0,0.0,0,0,0,0,0,0,0,nba_boxscorematchupsv3
1,2025-26,Playoffs,Western Conference Finals,2026_okc_sas_api_20261005,0042500315,5,2026-05-26,1610612760,OKC,1629652,Luguentz Dort,1610612759,SAS,202687,Bismack Biyombo,1,0.1,1.5873000000000002,0.25974,4.7,0,0,0,0,0,0,0,0,0.0,0,0,0.0,0,0,0,0,0,0,0,nba_boxscorematchupsv3
1,2025-26,Playoffs,Western Conference Finals,2026_okc_sas_api_20261005,0042500315,5,2026-05-26,1610612760,OKC,1629652,Luguentz Dort,1610612759,SAS,1642868,Carter Bryant,12,0.9,7.692309999999999,3.11688,36.0,0,0,0,0,0,0,0,0,0.0,0,0,0.0,0,0,0,0,0,0,0,nba_boxscorematchupsv3
1,2025-26,Playoffs,Western Conference Finals,2026_okc_sas_api_20261005,0042500315,5,2026-05-26,1610612760,OKC,1629652,Luguentz Dort,1610612759,SAS,1642264,Stephon Castle,33,1.5,4.09429,8.57143,8.0,0,3,0,0,0,0,0,0,0.0,0,0,0.0,0,0,0,0,0,0,0,nba_boxscorematchupsv3
1,2025-26,Playoffs,Western Conference Finals,2026_okc_sas_api_20261005,0042500315,5,2026-05-26,1610612760,OKC,1629652,Luguentz Dort,1610612759,SAS,1630577,Julian Champagnie,86,9.2,11.99442,22.33766,31.1,2,14,0,0,0,0,1,1,100.0,0,0,0.0,0,0,0,0,0,0,0,nba_boxscorematchupsv3
1,2025-26,Playoffs,Western Conference Finals,2026_okc_sas_api_20261005,0042500315,5,2026-05-26,1610612760,OKC,1629652,Luguentz Dort,1610612759,SAS,1628368,De'Aaron Fox,66,6.7,8.38628,17.14286,24.8,0,5,0,0,0,0,0,2,0.0,0,1,0.0,0,0,0,0,0,0,0,nba_boxscorematchupsv3
1,2025-26,Playoffs,Western Conference Finals,2026_okc_sas_api_20261005,0042500315,5,2026-05-26,1610612760,OKC,1629652,Luguentz Dort,1610612759,SAS,1642844,Dylan Harper,13,2.2,2.0,3.3766200000000004,18.6,3,5,0,0,0,0,1,1,100.0,1,1,100.0,0,0,0,0,0,0,0,nba_boxscorematchupsv3
1,2025-26,Playoffs,Western Conference Finals,2026_okc_sas_api_20261005,0042500315,5,2026-05-26,1610612760,OKC,1629652,Luguentz Dort,1610612759,SAS,1629640,Keldon Johnson,21,2.4,4.375,5.454549999999999,33.4,0,4,0,0,0,0,0,0,0.0,0,0,0.0,0,0,0,0,0,0,0,nba_boxscorematchupsv3
1,2025-26,Playoffs,Western Conference Finals,2026_okc_sas_api_20261005,0042500315,5,2026-05-26,1610612760,OKC,1629652,Luguentz Dort,1610612759,SAS,1628436,Luke Kornet,5,0.1,2.32558,1.2987,7.3,0,0,0,0,0,0,0,0,0.0,0,0,0.0,0,0,0,0,0,0,0,nba_boxscorematchupsv3
1,2025-26,Playoffs,Western Conference Finals,2026_okc_sas_api_20261005,0042500315,5,2026-05-26,1610612760,OKC,1629652,Luguentz Dort,1610612759,SAS,203482,Kelly Olynyk,15,1.9,24.19355,3.8961,57.9,0,1,0,0,0,0,0,0,0.0,0,0,0.0,0,0,0,0,0,0,0,nba_boxscorematchupsv3
1,2025-26,Playoffs,Western Conference Finals,2026_okc_sas_api_20261005,0042500315,5,2026-05-26,1610612760,OKC,1629652,Luguentz Dort,1610612759,SAS,1630170,Devin Vassell,73,6.9,8.54801,18.96104,18.3,2,6,0,0,0,0,1,3,33.300000000000004,0,2,0.0,0,0,0,0,0,0,0,nba_boxscorematchupsv3
1,2025-26,Playoffs,Western Conference Finals,2026_okc_sas_api_20261005,0042500315,5,2026-05-26,1610612760,OKC,1629652,Luguentz Dort,1610612759,SAS,1641705,Victor Wembanyama,60,4.3,6.586169999999999,15.584419999999998,18.0,0,3,0,0,0,0,0,0,0.0,0,0,0.0,0,0,0,0,0,0,0,nba_boxscorematchupsv3
1,2025-26,Playoffs,Western Conference Finals,2026_okc_sas_api_20261005,0042500315,5,2026-05-26,1610612760,OKC,1631096,Chet Holmgren,1610612759,SAS,203084,Harrison Barnes,33,1.8,28.94737,4.26357,27.200000000000003,0,2,0,0,0,0,0,0,0.0,0,0,0.0,0,0,0,0,0,0,0,nba_boxscorematchupsv3
1,2025-26,Playoffs,Western Conference Finals,2026_okc_sas_api_20261005,0042500315,5,2026-05-26,1610612760,OKC,1631096,Chet Holmgren,1610612759,SAS,1642264,Stephon Castle,107,9.5,13.27543,13.82429,16.8,0,10,0,0,0,0,0,0,0.0,0,0,0.0,0,0,0,0,0,0,0,nba_boxscorematchupsv3
1,2025-26,Playoffs,Western Conference Finals,2026_okc_sas_api_20261005,0042500315,5,2026-05-26,1610612760,OKC,1631096,Chet Holmgren,1610612759,SAS,1630577,Julian Champagnie,119,8.5,16.59693,15.37468,20.8,4,15,0,0,0,0,1,1,100.0,0,0,0.0,2,2,1,0,0,0,0,nba_boxscorematchupsv3
1,2025-26,Playoffs,Western Conference Finals,2026_okc_sas_api_20261005,0042500315,5,2026-05-26,1610612760,OKC,1631096,Chet Holmgren,1610612759,SAS,1628368,De'Aaron Fox,46,5.4,5.8449800000000005,5.94315,8.7,0,8,0,0,1,0,0,0,0.0,0,0,0.0,0,0,0,0,0,0,0,nba_boxscorematchupsv3
1,2025-26,Playoffs,Western Conference Finals,2026_okc_sas_api_20261005,0042500315,5,2026-05-26,1610612760,OKC,1631096,Chet Holmgren,1610612759,SAS,1642844,Dylan Harper,59,3.2,9.07692,7.62274,15.2,2,8,1,0,0,0,1,2,50.0,0,0,0.0,0,0,0,0,0,0,0,nba_boxscorematchupsv3
1,2025-26,Playoffs,Western Conference Finals,2026_okc_sas_api_20261005,0042500315,5,2026-05-26,1610612760,OKC,1631096,Chet Holmgren,1610612759,SAS,1629640,Keldon Johnson,79,4.9,16.45833,10.206719999999999,31.5,2,4,0,0,0,0,0,1,0.0,0,1,0.0,2,2,1,0,0,0,0,nba_boxscorematchupsv3
1,2025-26,Playoffs,Western Conference Finals,2026_okc_sas_api_20261005,0042500315,5,2026-05-26,1610612760,OKC,1631096,Chet Holmgren,1610612759,SAS,1628436,Luke Kornet,14,1.0,6.51163,1.8087900000000001,13.3,2,4,0,0,0,0,1,1,100.0,0,0,0.0,0,0,0,0,0,0,0,nba_boxscorematchupsv3
1,2025-26,Playoffs,Western Conference Finals,2026_okc_sas_api_20261005,0042500315,5,2026-05-26,1610612760,OKC,1631096,Chet Holmgren,1610612759,SAS,1630170,Devin Vassell,214,15.4,25.05855,27.64858,34.599999999999994,6,15,0,0,2,0,3,3,100.0,0,0,0.0,0,0,0,0,0,0,0,nba_boxscorematchupsv3
1,2025-26,Playoffs,Western Conference Finals,2026_okc_sas_api_20261005,0042500315,5,2026-05-26,1610612760,OKC,1631096,Chet Holmgren,1610612759,SAS,1641705,Victor Wembanyama,103,9.0,11.30626,13.30749,18.5,0,6,0,0,0,2,0,0,0.0,0,0,0.0,0,0,0,0,0,0,0,nba_boxscorematchupsv3
1,2025-26,Playoffs,Western Conference Finals,2026_okc_sas_api_20261005,0042500315,5,2026-05-26,1610612760,OKC,1628392,Isaiah Hartenstein,1610612759,SAS,203084,Harrison Barnes,2,0.4,1.7543900000000001,0.27248,6.5,0,0,0,0,0,0,0,0,0.0,0,0,0.0,0,0,0,0,0,0,0,nba_boxscorematchupsv3
1,2025-26,Playoffs,Western Conference Finals,2026_okc_sas_api_20261005,0042500315,5,2026-05-26,1610612760,OKC,1628392,Isaiah Hartenstein,1610612759,SAS,202687,Bismack Biyombo,5,1.0,7.936509999999999,0.6812,50.2,0,1,0,0,0,0,0,0,0.0,0,0,0.0,0,0,0,0,0,0,0,nba_boxscorematchupsv3
1,2025-26,Playoffs,Western Conference Finals,2026_okc_sas_api_20261005,0042500315,5,2026-05-26,1610612760,OKC,1628392,Isaiah Hartenstein,1610612759,SAS,1642868,Carter Bryant,10,0.6,6.410259999999999,1.3624,8.4,0,0,0,0,0,0,0,0,0.0,0,0,0.0,0,0,0,0,0,0,0,nba_boxscorematchupsv3
1,2025-26,Playoffs,Western Conference Finals,2026_okc_sas_api_20261005,0042500315,5,2026-05-26,1610612760,OKC,1628392,Isaiah Hartenstein,1610612759,SAS,1642264,Stephon Castle,28,2.9,3.47395,3.8147100000000003,8.3,0,3,0,0,0,0,0,0,0.0,0,0,0.0,0,0,0,0,0,0,0,nba_boxscorematchupsv3
1,2025-26,Playoffs,Western Conference Finals,2026_okc_sas_api_20261005,0042500315,5,2026-05-26,1610612760,OKC,1628392,Isaiah Hartenstein,1610612759,SAS,1630577,Julian Champagnie,38,4.3,5.29986,5.17711,10.2,2,5,1,0,0,0,1,1,100.0,0,0,0.0,0,0,0,0,0,0,0,nba_boxscorematchupsv3
1,2025-26,Playoffs,Western Conference Finals,2026_okc_sas_api_20261005,0042500315,5,2026-05-26,1610612760,OKC,1628392,Isaiah Hartenstein,1610612759,SAS,1628368,De'Aaron Fox,48,6.3,6.09911,6.53951,8.799999999999999,0,7,0,0,0,0,0,0,0.0,0,0,0.0,0,0,0,0,0,0,0,nba_boxscorematchupsv3
1,2025-26,Playoffs,Western Conference Finals,2026_okc_sas_api_20261005,0042500315,5,2026-05-26,1610612760,OKC,1628392,Isaiah Hartenstein,1610612759,SAS,1642844,Dylan Harper,21,1.4,3.23077,2.86104,5.6000000000000005,0,2,0,0,0,0,0,0,0.0,0,0,0.0,0,0,0,0,0,0,0,nba_boxscorematchupsv3
1,2025-26,Playoffs,Western Conference Finals,2026_okc_sas_api_20261005,0042500315,5,2026-05-26,1610612760,OKC,1628392,Isaiah Hartenstein,1610612759,SAS,1629640,Keldon Johnson,37,2.3,7.708329999999999,5.04087,12.6,2,5,0,0,1,0,1,1,100.0,0,0,0.0,0,0,0,0,0,0,0,nba_boxscorematchupsv3
1,2025-26,Playoffs,Western Conference Finals,2026_okc_sas_api_20261005,0042500315,5,2026-05-26,1610612760,OKC,1628392,Isaiah Hartenstein,1610612759,SAS,1628436,Luke Kornet,145,8.4,67.44185999999999,19.75477,73.6,2,14,0,0,0,0,1,2,50.0,0,0,0.0,0,0,0,0,0,0,0,nba_boxscorematchupsv3
1,2025-26,Playoffs,Western Conference Finals,2026_okc_sas_api_20261005,0042500315,5,2026-05-26,1610612760,OKC,1628392,Isaiah Hartenstein,1610612759,SAS,203486,Mason Plumlee,10,1.0,16.12903,1.3624,42.1,0,2,0,0,0,0,0,0,0.0,0,0,0.0,0,0,0,0,0,0,0,nba_boxscorematchupsv3
1,2025-26,Playoffs,Western Conference Finals,2026_okc_sas_api_20261005,0042500315,5,2026-05-26,1610612760,OKC,1628392,Isaiah Hartenstein,1610612759,SAS,1630170,Devin Vassell,26,3.2,3.0445,3.5422299999999995,7.000000000000001,0,3,0,0,0,0,0,0,0.0,0,0,0.0,0,0,0,0,0,0,0,nba_boxscorematchupsv3
1,2025-26,Playoffs,Western Conference Finals,2026_okc_sas_api_20261005,0042500315,5,2026-05-26,1610612760,OKC,1628392,Isaiah Hartenstein,1610612759,SAS,1641705,Victor Wembanyama,364,28.9,39.95609,49.59128,64.1,6,36,2,0,2,0,3,4,75.0,0,0,0.0,0,0,0,0,0,0,0,nba_boxscorematchupsv3
1,2025-26,Playoffs,Western Conference Finals,2026_okc_sas_api_20261005,0042500315,5,2026-05-26,1610612760,OKC,1642272,Jared McCain,1610612759,SAS,203084,Harrison Barnes,10,0.6,8.77193,1.18906,9.0,2,4,0,0,0,0,1,1,100.0,0,0,0.0,0,0,0,0,0,0,0,nba_boxscorematchupsv3
1,2025-26,Playoffs,Western Conference Finals,2026_okc_sas_api_20261005,0042500315,5,2026-05-26,1610612760,OKC,1642272,Jared McCain,1610612759,SAS,202687,Bismack Biyombo,3,0.4,4.7619,0.35672,7.5,2,2,0,0,0,0,0,0,0.0,0,0,0.0,2,2,1,0,0,0,0,nba_boxscorematchupsv3
1,2025-26,Playoffs,Western Conference Finals,2026_okc_sas_api_20261005,0042500315,5,2026-05-26,1610612760,OKC,1642272,Jared McCain,1610612759,SAS,1642868,Carter Bryant,33,1.8,21.15385,3.9239,41.099999999999994,0,2,0,0,0,0,0,2,0.0,0,1,0.0,0,0,0,0,0,0,0,nba_boxscorematchupsv3
1,2025-26,Playoffs,Western Conference Finals,2026_okc_sas_api_20261005,0042500315,5,2026-05-26,1610612760,OKC,1642272,Jared McCain,1610612759,SAS,1642264,Stephon Castle,89,7.3,11.04218,10.58264,11.799999999999999,0,10,0,0,0,0,0,2,0.0,0,2,0.0,0,0,0,0,0,0,0,nba_boxscorematchupsv3
1,2025-26,Playoffs,Western Conference Finals,2026_okc_sas_api_20261005,0042500315,5,2026-05-26,1610612760,OKC,1642272,Jared McCain,1610612759,SAS,1630577,Julian Champagnie,92,11.2,12.83124,10.939359999999999,20.5,0,4,0,0,0,0,0,3,0.0,0,1,0.0,0,0,0,0,0,0,0,nba_boxscorematchupsv3
1,2025-26,Playoffs,Western Conference Finals,2026_okc_sas_api_20261005,0042500315,5,2026-05-26,1610612760,OKC,1642272,Jared McCain,1610612759,SAS,1628368,De'Aaron Fox,204,16.6,25.92122,24.25684,34.699999999999996,4,17,0,0,1,0,2,3,66.7,0,1,0.0,0,1,1,0,0,0,0,nba_boxscorematchupsv3
1,2025-26,Playoffs,Western Conference Finals,2026_okc_sas_api_20261005,0042500315,5,2026-05-26,1610612760,OKC,1642272,Jared McCain,1610612759,SAS,1642844,Dylan Harper,168,10.0,25.84615,19.97622,50.4,0,9,0,0,0,0,0,1,0.0,0,1,0.0,0,0,0,0,0,0,0,nba_boxscorematchupsv3
1,2025-26,Playoffs,Western Conference Finals,2026_okc_sas_api_20261005,0042500315,5,2026-05-26,1610612760,OKC,1642272,Jared McCain,1610612759,SAS,1629640,Keldon Johnson,28,1.9,5.83333,3.3293700000000004,8.5,3,3,0,0,0,0,1,2,50.0,1,1,100.0,0,0,0,0,0,0,0,nba_boxscorematchupsv3
1,2025-26,Playoffs,Western Conference Finals,2026_okc_sas_api_20261005,0042500315,5,2026-05-26,1610612760,OKC,1642272,Jared McCain,1610612759,SAS,1629162,Jordan McLaughlin,26,2.6,42.622949999999996,3.0915600000000003,49.4,0,1,0,0,0,0,0,0,0.0,0,0,0.0,0,0,0,0,0,0,0,nba_boxscorematchupsv3
1,2025-26,Playoffs,Western Conference Finals,2026_okc_sas_api_20261005,0042500315,5,2026-05-26,1610612760,OKC,1642272,Jared McCain,1610612759,SAS,203482,Kelly Olynyk,1,0.1,1.6129,0.11891,1.0,0,0,0,0,0,0,0,0,0.0,0,0,0.0,0,0,0,0,0,0,0,nba_boxscorematchupsv3
1,2025-26,Playoffs,Western Conference Finals,2026_okc_sas_api_20261005,0042500315,5,2026-05-26,1610612760,OKC,1642272,Jared McCain,1610612759,SAS,203486,Mason Plumlee,1,0.2,1.6129,0.11891,3.9,1,1,0,0,0,0,0,0,0.0,0,0,0.0,1,2,0,0,0,0,0,nba_boxscorematchupsv3
1,2025-26,Playoffs,Western Conference Finals,2026_okc_sas_api_20261005,0042500315,5,2026-05-26,1610612760,OKC,1642272,Jared McCain,1610612759,SAS,1630170,Devin Vassell,140,13.2,16.393440000000002,16.64685,24.7,8,25,0,0,0,0,3,4,75.0,2,2,100.0,0,0,0,0,0,0,0,nba_boxscorematchupsv3
1,2025-26,Playoffs,Western Conference Finals,2026_okc_sas_api_20261005,0042500315,5,2026-05-26,1610612760,OKC,1642272,Jared McCain,1610612759,SAS,1641705,Victor Wembanyama,46,4.5,5.0493999999999994,5.469679999999999,5.5,0,3,0,0,1,1,0,1,0.0,0,0,0.0,0,0,0,0,0,0,0,nba_boxscorematchupsv3
1,2025-26,Playoffs,Western Conference Finals,2026_okc_sas_api_20261005,0042500315,5,2026-05-26,1610612760,OKC,1628983,Shai Gilgeous-Alexander,1610612759,SAS,1642868,Carter Bryant,57,5.1,36.53846,6.05739,58.3,7,9,0,0,0,0,1,1,100.0,1,1,100.0,4,4,1,0,0,0,0,nba_boxscorematchupsv3
1,2025-26,Playoffs,Western Conference Finals,2026_okc_sas_api_20261005,0042500315,5,2026-05-26,1610612760,OKC,1628983,Shai Gilgeous-Alexander,1610612759,SAS,1642264,Stephon Castle,370,32.7,45.90571,39.31987,57.99999999999999,13,46,3,0,2,0,4,6,66.7,0,0,0.0,5,6,0,0,0,0,0,nba_boxscorematchupsv3
1,2025-26,Playoffs,Western Conference Finals,2026_okc_sas_api_20261005,0042500315,5,2026-05-26,1610612760,OKC,1628983,Shai Gilgeous-Alexander,1610612759,SAS,1630577,Julian Champagnie,108,8.4,15.06276,11.47715,18.3,5,5,0,0,0,0,1,3,33.300000000000004,1,1,100.0,2,2,0,0,0,0,0,nba_boxscorematchupsv3
1,2025-26,Playoffs,Western Conference Finals,2026_okc_sas_api_20261005,0042500315,5,2026-05-26,1610612760,OKC,1628983,Shai Gilgeous-Alexander,1610612759,SAS,1628368,De'Aaron Fox,62,4.7,7.878019999999999,6.58874,10.2,2,8,1,0,0,0,1,1,100.0,0,0,0.0,0,0,0,0,0,0,0,nba_boxscorematchupsv3
1,2025-26,Playoffs,Western Conference Finals,2026_okc_sas_api_20261005,0042500315,5,2026-05-26,1610612760,OKC,1628983,Shai Gilgeous-Alexander,1610612759,SAS,1642844,Dylan Harper,141,7.7,21.69231,14.98406,21.4,0,18,3,0,1,0,0,2,0.0,0,1,0.0,0,0,0,0,0,0,0,nba_boxscorematchupsv3
1,2025-26,Playoffs,Western Conference Finals,2026_okc_sas_api_20261005,0042500315,5,2026-05-26,1610612760,OKC,1628983,Shai Gilgeous-Alexander,1610612759,SAS,1629640,Keldon Johnson,36,2.7,7.5,3.82572,9.9,0,0,1,0,1,0,0,2,0.0,0,0,0.0,0,0,0,0,0,0,0,nba_boxscorematchupsv3
1,2025-26,Playoffs,Western Conference Finals,2026_okc_sas_api_20261005,0042500315,5,2026-05-26,1610612760,OKC,1628983,Shai Gilgeous-Alexander,1610612759,SAS,1628436,Luke Kornet,15,1.5,6.9767399999999995,1.59405,10.4,2,2,0,0,0,0,0,2,0.0,0,0,0.0,2,2,1,0,0,0,0,nba_boxscorematchupsv3
1,2025-26,Playoffs,Western Conference Finals,2026_okc_sas_api_20261005,0042500315,5,2026-05-26,1610612760,OKC,1628983,Shai Gilgeous-Alexander,1610612759,SAS,203486,Mason Plumlee,2,0.0,3.2258099999999996,0.21254,15.4,0,0,0,0,0,0,0,0,0.0,0,0,0.0,0,0,0,0,0,0,0,nba_boxscorematchupsv3
1,2025-26,Playoffs,Western Conference Finals,2026_okc_sas_api_20261005,0042500315,5,2026-05-26,1610612760,OKC,1628983,Shai Gilgeous-Alexander,1610612759,SAS,1630170,Devin Vassell,96,8.8,11.24122,10.20191,15.1,2,5,1,0,1,0,0,2,0.0,0,0,0.0,2,2,1,0,0,0,0,nba_boxscorematchupsv3
1,2025-26,Playoffs,Western Conference Finals,2026_okc_sas_api_20261005,0042500315,5,2026-05-26,1610612760,OKC,1628983,Shai Gilgeous-Alexander,1610612759,SAS,1641705,Victor Wembanyama,54,4.9,5.92755,5.73858,8.3,0,2,0,0,0,0,0,0,0.0,0,0,0.0,0,0,0,0,0,0,0,nba_boxscorematchupsv3
1,2025-26,Playoffs,Western Conference Finals,2026_okc_sas_api_20261005,0042500315,5,2026-05-26,1610612760,OKC,1631119,Jaylin Williams,1610612759,SAS,203084,Harrison Barnes,9,1.1,7.8947400000000005,2.08333,13.8,0,0,0,0,0,0,0,0,0.0,0,0,0.0,0,0,0,0,0,0,0,nba_boxscorematchupsv3
1,2025-26,Playoffs,Western Conference Finals,2026_okc_sas_api_20261005,0042500315,5,2026-05-26,1610612760,OKC,1631119,Jaylin Williams,1610612759,SAS,202687,Bismack Biyombo,17,1.5,26.98413,3.9351900000000004,74.4,0,0,0,0,0,0,0,0,0.0,0,0,0.0,0,0,0,0,0,0,0,nba_boxscorematchupsv3
1,2025-26,Playoffs,Western Conference Finals,2026_okc_sas_api_20261005,0042500315,5,2026-05-26,1610612760,OKC,1631119,Jaylin Williams,1610612759,SAS,1642264,Stephon Castle,70,3.4,8.68486,16.203699999999998,17.0,0,6,0,0,0,0,0,0,0.0,0,0,0.0,0,0,0,0,0,0,0,nba_boxscorematchupsv3
1,2025-26,Playoffs,Western Conference Finals,2026_okc_sas_api_20261005,0042500315,5,2026-05-26,1610612760,OKC,1631119,Jaylin Williams,1610612759,SAS,1630577,Julian Champagnie,75,3.7,10.46025,17.36111,27.900000000000002,0,8,0,0,0,0,0,0,0.0,0,0,0.0,0,0,0,0,0,0,0,nba_boxscorematchupsv3
1,2025-26,Playoffs,Western Conference Finals,2026_okc_sas_api_20261005,0042500315,5,2026-05-26,1610612760,OKC,1631119,Jaylin Williams,1610612759,SAS,1628368,De'Aaron Fox,36,2.9,4.57433,8.33333,15.0,0,6,0,0,0,0,0,0,0.0,0,0,0.0,0,0,0,0,0,0,0,nba_boxscorematchupsv3
1,2025-26,Playoffs,Western Conference Finals,2026_okc_sas_api_20261005,0042500315,5,2026-05-26,1610612760,OKC,1631119,Jaylin Williams,1610612759,SAS,1642844,Dylan Harper,14,1.3,2.15385,3.24074,7.9,0,5,1,0,0,0,0,1,0.0,0,0,0.0,0,0,0,0,0,0,0,nba_boxscorematchupsv3
1,2025-26,Playoffs,Western Conference Finals,2026_okc_sas_api_20261005,0042500315,5,2026-05-26,1610612760,OKC,1631119,Jaylin Williams,1610612759,SAS,1629640,Keldon Johnson,75,3.9,15.625,17.36111,31.0,0,2,0,0,0,0,0,0,0.0,0,0,0.0,0,0,0,0,0,0,0,nba_boxscorematchupsv3
1,2025-26,Playoffs,Western Conference Finals,2026_okc_sas_api_20261005,0042500315,5,2026-05-26,1610612760,OKC,1631119,Jaylin Williams,1610612759,SAS,1628436,Luke Kornet,10,1.2,4.65116,2.31481,26.900000000000002,0,0,0,0,0,0,0,0,0.0,0,0,0.0,0,2,0,0,0,0,0,nba_boxscorematchupsv3
1,2025-26,Playoffs,Western Conference Finals,2026_okc_sas_api_20261005,0042500315,5,2026-05-26,1610612760,OKC,1631119,Jaylin Williams,1610612759,SAS,203482,Kelly Olynyk,1,0.1,1.6129,0.23148000000000002,3.6999999999999997,0,0,0,0,0,0,0,0,0.0,0,0,0.0,0,0,0,0,0,0,0,nba_boxscorematchupsv3
1,2025-26,Playoffs,Western Conference Finals,2026_okc_sas_api_20261005,0042500315,5,2026-05-26,1610612760,OKC,1631119,Jaylin Williams,1610612759,SAS,203486,Mason Plumlee,4,0.2,6.4516100000000005,0.92593,11.200000000000001,0,0,0,0,0,0,0,0,0.0,0,0,0.0,0,0,0,0,0,0,0,nba_boxscorematchupsv3
1,2025-26,Playoffs,Western Conference Finals,2026_okc_sas_api_20261005,0042500315,5,2026-05-26,1610612760,OKC,1631119,Jaylin Williams,1610612759,SAS,1630170,Devin Vassell,29,1.8,3.3957800000000002,6.71296,10.0,0,2,0,0,0,0,0,0,0.0,0,0,0.0,0,0,0,0,0,0,0,nba_boxscorematchupsv3
1,2025-26,Playoffs,Western Conference Finals,2026_okc_sas_api_20261005,0042500315,5,2026-05-26,1610612760,OKC,1631119,Jaylin Williams,1610612759,SAS,1641705,Victor Wembanyama,92,6.4,10.098790000000001,21.296300000000002,27.1,3,4,0,0,0,0,1,2,50.0,1,2,50.0,0,0,0,0,0,0,0,nba_boxscorematchupsv3
1,2025-26,Playoffs,Western Conference Finals,2026_okc_sas_api_20261005,0042500315,5,2026-05-26,1610612760,OKC,1641717,Cason Wallace,1610612759,SAS,203084,Harrison Barnes,53,3.8,46.49123,7.17185,46.6,3,10,1,0,0,0,1,1,100.0,1,1,100.0,0,0,0,0,0,0,0,nba_boxscorematchupsv3
1,2025-26,Playoffs,Western Conference Finals,2026_okc_sas_api_20261005,0042500315,5,2026-05-26,1610612760,OKC,1641717,Cason Wallace,1610612759,SAS,202687,Bismack Biyombo,11,0.8,17.46032,1.4885000000000002,44.2,0,0,0,0,0,0,0,0,0.0,0,0,0.0,0,0,0,0,0,0,0,nba_boxscorematchupsv3
1,2025-26,Playoffs,Western Conference Finals,2026_okc_sas_api_20261005,0042500315,5,2026-05-26,1610612760,OKC,1641717,Cason Wallace,1610612759,SAS,1642868,Carter Bryant,10,1.0,6.410259999999999,1.35318,12.5,0,1,0,0,0,0,0,0,0.0,0,0,0.0,0,0,0,0,0,0,0,nba_boxscorematchupsv3
1,2025-26,Playoffs,Western Conference Finals,2026_okc_sas_api_20261005,0042500315,5,2026-05-26,1610612760,OKC,1641717,Cason Wallace,1610612759,SAS,1642264,Stephon Castle,43,4.8,5.3349899999999995,5.81867,17.2,0,0,0,0,0,0,0,0,0.0,0,0,0.0,0,0,0,0,0,0,0,nba_boxscorematchupsv3
1,2025-26,Playoffs,Western Conference Finals,2026_okc_sas_api_20261005,0042500315,5,2026-05-26,1610612760,OKC,1641717,Cason Wallace,1610612759,SAS,1630577,Julian Champagnie,84,5.5,11.71548,11.36671,17.0,0,11,0,0,0,0,0,0,0.0,0,0,0.0,0,0,0,0,0,0,0,nba_boxscorematchupsv3
1,2025-26,Playoffs,Western Conference Finals,2026_okc_sas_api_20261005,0042500315,5,2026-05-26,1610612760,OKC,1641717,Cason Wallace,1610612759,SAS,1628368,De'Aaron Fox,121,8.4,15.37484,16.37348,21.2,0,11,1,0,0,0,0,0,0.0,0,0,0.0,0,0,0,0,0,0,0,nba_boxscorematchupsv3
1,2025-26,Playoffs,Western Conference Finals,2026_okc_sas_api_20261005,0042500315,5,2026-05-26,1610612760,OKC,1641717,Cason Wallace,1610612759,SAS,1642844,Dylan Harper,135,11.6,20.76923,18.26793,27.700000000000003,0,10,1,0,0,0,0,1,0.0,0,0,0.0,0,0,0,0,0,0,0,nba_boxscorematchupsv3
1,2025-26,Playoffs,Western Conference Finals,2026_okc_sas_api_20261005,0042500315,5,2026-05-26,1610612760,OKC,1641717,Cason Wallace,1610612759,SAS,1629640,Keldon Johnson,99,7.5,20.625,13.39648,27.1,2,12,0,0,0,0,1,1,100.0,0,0,0.0,0,0,0,0,0,0,0,nba_boxscorematchupsv3
1,2025-26,Playoffs,Western Conference Finals,2026_okc_sas_api_20261005,0042500315,5,2026-05-26,1610612760,OKC,1641717,Cason Wallace,1610612759,SAS,1628436,Luke Kornet,2,0.8,0.9302299999999999,0.27064,4.3,2,5,0,0,0,0,0,0,0.0,0,0,0.0,2,2,1,0,0,0,0,nba_boxscorematchupsv3
1,2025-26,Playoffs,Western Conference Finals,2026_okc_sas_api_20261005,0042500315,5,2026-05-26,1610612760,OKC,1641717,Cason Wallace,1610612759,SAS,1630170,Devin Vassell,91,8.1,10.65574,12.313939999999999,17.599999999999998,0,12,1,0,0,0,0,0,0.0,0,0,0.0,0,0,0,0,0,0,0,nba_boxscorematchupsv3
1,2025-26,Playoffs,Western Conference Finals,2026_okc_sas_api_20261005,0042500315,5,2026-05-26,1610612760,OKC,1641717,Cason Wallace,1610612759,SAS,1641705,Victor Wembanyama,90,8.5,9.87925,12.17862,15.1,0,9,1,0,0,0,0,2,0.0,0,2,0.0,0,0,0,0,0,0,0,nba_boxscorematchupsv3
1,2025-26,Playoffs,Western Conference Finals,2026_okc_sas_api_20261005,0042500315,5,2026-05-26,1610612760,OKC,1627936,Alex Caruso,1610612759,SAS,203084,Harrison Barnes,7,0.3,6.14035,0.95628,5.4,0,0,0,0,0,0,0,0,0.0,0,0,0.0,0,0,0,0,0,0,0,nba_boxscorematchupsv3
1,2025-26,Playoffs,Western Conference Finals,2026_okc_sas_api_20261005,0042500315,5,2026-05-26,1610612760,OKC,1627936,Alex Caruso,1610612759,SAS,1642868,Carter Bryant,13,0.5,8.33333,1.77596,10.100000000000001,0,0,0,0,1,0,0,0,0.0,0,0,0.0,0,0,0,0,0,0,0,nba_boxscorematchupsv3
1,2025-26,Playoffs,Western Conference Finals,2026_okc_sas_api_20261005,0042500315,5,2026-05-26,1610612760,OKC,1627936,Alex Caruso,1610612759,SAS,1642264,Stephon Castle,66,4.1,8.18859,9.016390000000001,13.100000000000001,0,5,0,0,1,0,0,1,0.0,0,1,0.0,0,0,0,0,0,0,0,nba_boxscorematchupsv3
1,2025-26,Playoffs,Western Conference Finals,2026_okc_sas_api_20261005,0042500315,5,2026-05-26,1610612760,OKC,1627936,Alex Caruso,1610612759,SAS,1630577,Julian Champagnie,65,4.3,9.06555,8.87978,16.2,2,10,2,0,0,0,0,0,0.0,0,0,0.0,2,2,1,0,0,0,0,nba_boxscorematchupsv3
1,2025-26,Playoffs,Western Conference Finals,2026_okc_sas_api_20261005,0042500315,5,2026-05-26,1610612760,OKC,1627936,Alex Caruso,1610612759,SAS,1628368,De'Aaron Fox,186,13.4,23.634050000000002,25.40984,46.5,4,19,1,0,0,0,1,1,100.0,0,0,0.0,2,2,0,0,0,0,0,nba_boxscorematchupsv3
1,2025-26,Playoffs,Western Conference Finals,2026_okc_sas_api_20261005,0042500315,5,2026-05-26,1610612760,OKC,1627936,Alex Caruso,1610612759,SAS,1642844,Dylan Harper,95,8.3,14.61538,12.97814,17.0,0,8,0,0,0,0,0,1,0.0,0,0,0.0,0,0,0,0,0,0,0,nba_boxscorematchupsv3
1,2025-26,Playoffs,Western Conference Finals,2026_okc_sas_api_20261005,0042500315,5,2026-05-26,1610612760,OKC,1627936,Alex Caruso,1610612759,SAS,1629640,Keldon Johnson,63,5.0,13.125,8.60656,16.6,3,8,1,0,0,0,1,3,33.300000000000004,1,3,33.300000000000004,0,0,0,0,0,0,0,nba_boxscorematchupsv3
1,2025-26,Playoffs,Western Conference Finals,2026_okc_sas_api_20261005,0042500315,5,2026-05-26,1610612760,OKC,1627936,Alex Caruso,1610612759,SAS,1628436,Luke Kornet,9,0.8,4.18605,1.2295099999999999,6.3,0,0,0,0,0,0,0,1,0.0,0,1,0.0,0,0,0,0,0,0,0,nba_boxscorematchupsv3
1,2025-26,Playoffs,Western Conference Finals,2026_okc_sas_api_20261005,0042500315,5,2026-05-26,1610612760,OKC,1627936,Alex Caruso,1610612759,SAS,1629162,Jordan McLaughlin,2,0.4,3.27869,0.27322,9.3,0,2,0,0,0,0,0,0,0.0,0,0,0.0,0,0,0,0,0,0,0,nba_boxscorematchupsv3
1,2025-26,Playoffs,Western Conference Finals,2026_okc_sas_api_20261005,0042500315,5,2026-05-26,1610612760,OKC,1627936,Alex Caruso,1610612759,SAS,203482,Kelly Olynyk,11,0.9,17.74194,1.5027300000000001,46.5,0,2,0,0,0,0,0,0,0.0,0,0,0.0,0,0,0,0,0,0,0,nba_boxscorematchupsv3
1,2025-26,Playoffs,Western Conference Finals,2026_okc_sas_api_20261005,0042500315,5,2026-05-26,1610612760,OKC,1627936,Alex Caruso,1610612759,SAS,203486,Mason Plumlee,5,1.0,8.06452,0.68306,50.2,2,2,0,0,0,0,0,0,0.0,0,0,0.0,2,2,1,0,0,0,0,nba_boxscorematchupsv3
1,2025-26,Playoffs,Western Conference Finals,2026_okc_sas_api_20261005,0042500315,5,2026-05-26,1610612760,OKC,1627936,Alex Caruso,1610612759,SAS,1630170,Devin Vassell,112,9.3,13.11475,15.30055,23.9,3,11,2,0,0,0,1,1,100.0,1,1,100.0,0,0,0,0,0,0,0,nba_boxscorematchupsv3
1,2025-26,Playoffs,Western Conference Finals,2026_okc_sas_api_20261005,0042500315,5,2026-05-26,1610612760,OKC,1627936,Alex Caruso,1610612759,SAS,1641705,Victor Wembanyama,98,4.8,10.75741,13.387979999999999,14.000000000000002,8,8,0,0,0,0,2,2,100.0,2,2,100.0,2,2,1,0,0,0,0,nba_boxscorematchupsv3
1,2025-26,Playoffs,Western Conference Finals,2026_okc_sas_api_20261005,0042500315,5,2026-05-26,1610612760,OKC,1629026,Kenrich Williams,1610612759,SAS,202687,Bismack Biyombo,4,0.5,6.349209999999999,1.50376,16.400000000000002,0,0,0,0,0,0,0,0,0.0,0,0,0.0,0,0,0,0,0,0,0,nba_boxscorematchupsv3
1,2025-26,Playoffs,Western Conference Finals,2026_okc_sas_api_20261005,0042500315,5,2026-05-26,1610612760,OKC,1629026,Kenrich Williams,1610612759,SAS,1642868,Carter Bryant,21,1.0,13.46154,7.8947400000000005,15.299999999999999,3,3,0,0,0,0,1,1,100.0,1,1,100.0,0,0,0,0,0,0,0,nba_boxscorematchupsv3
1,2025-26,Playoffs,Western Conference Finals,2026_okc_sas_api_20261005,0042500315,5,2026-05-26,1610612760,OKC,1629026,Kenrich Williams,1610612759,SAS,1630577,Julian Champagnie,50,4.2,6.9735000000000005,18.79699,54.800000000000004,3,7,0,0,0,0,1,1,100.0,1,1,100.0,0,0,0,0,0,0,0,nba_boxscorematchupsv3
1,2025-26,Playoffs,Western Conference Finals,2026_okc_sas_api_20261005,0042500315,5,2026-05-26,1610612760,OKC,1629026,Kenrich Williams,1610612759,SAS,1628368,De'Aaron Fox,13,2.0,1.65184,4.88722,6.9,0,2,0,0,0,0,0,0,0.0,0,0,0.0,0,0,0,0,0,0,0,nba_boxscorematchupsv3
1,2025-26,Playoffs,Western Conference Finals,2026_okc_sas_api_20261005,0042500315,5,2026-05-26,1610612760,OKC,1629026,Kenrich Williams,1610612759,SAS,1642844,Dylan Harper,4,0.8,0.61538,1.50376,4.7,0,0,0,0,0,0,0,0,0.0,0,0,0.0,0,0,0,0,0,0,0,nba_boxscorematchupsv3
1,2025-26,Playoffs,Western Conference Finals,2026_okc_sas_api_20261005,0042500315,5,2026-05-26,1610612760,OKC,1629026,Kenrich Williams,1610612759,SAS,1629640,Keldon Johnson,42,2.3,8.75,15.78947,40.2,0,6,0,0,0,0,0,0,0.0,0,0,0.0,0,0,0,0,0,0,0,nba_boxscorematchupsv3
1,2025-26,Playoffs,Western Conference Finals,2026_okc_sas_api_20261005,0042500315,5,2026-05-26,1610612760,OKC,1629026,Kenrich Williams,1610612759,SAS,1628436,Luke Kornet,15,2.2,6.9767399999999995,5.6391,11.600000000000001,0,1,0,0,0,0,0,0,0.0,0,0,0.0,0,0,0,0,0,0,0,nba_boxscorematchupsv3
1,2025-26,Playoffs,Western Conference Finals,2026_okc_sas_api_20261005,0042500315,5,2026-05-26,1610612760,OKC,1629026,Kenrich Williams,1610612759,SAS,1629162,Jordan McLaughlin,15,1.2,24.59016,5.6391,35.8,0,0,0,0,0,0,0,0,0.0,0,0,0.0,0,0,0,0,0,0,0,nba_boxscorematchupsv3
1,2025-26,Playoffs,Western Conference Finals,2026_okc_sas_api_20261005,0042500315,5,2026-05-26,1610612760,OKC,1629026,Kenrich Williams,1610612759,SAS,203486,Mason Plumlee,25,1.3,40.32258,9.3985,44.4,2,2,0,0,0,0,1,1,100.0,0,0,0.0,0,0,0,0,0,0,0,nba_boxscorematchupsv3
1,2025-26,Playoffs,Western Conference Finals,2026_okc_sas_api_20261005,0042500315,5,2026-05-26,1610612760,OKC,1629026,Kenrich Williams,1610612759,SAS,1630170,Devin Vassell,73,4.6,8.54801,27.443610000000003,34.699999999999996,0,11,0,0,0,0,0,0,0.0,0,0,0.0,0,0,0,0,0,0,0,nba_boxscorematchupsv3
1,2025-26,Playoffs,Western Conference Finals,2026_okc_sas_api_20261005,0042500315,5,2026-05-26,1610612760,OKC,1629026,Kenrich Williams,1610612759,SAS,1641705,Victor Wembanyama,4,0.6,0.43908,1.50376,9.1,0,0,0,0,0,0,0,0,0.0,0,0,0.0,0,0,0,0,0,0,0,nba_boxscorematchupsv3
1,2025-26,Playoffs,Western Conference Finals,2026_okc_sas_api_20261005,0042500315,5,2026-05-26,1610612760,OKC,1630198,Isaiah Joe,1610612759,SAS,202687,Bismack Biyombo,8,0.2,12.698409999999999,16.32653,6.3,0,0,0,0,0,0,0,0,0.0,0,0,0.0,0,0,0,0,0,0,0,nba_boxscorematchupsv3
1,2025-26,Playoffs,Western Conference Finals,2026_okc_sas_api_20261005,0042500315,5,2026-05-26,1610612760,OKC,1630198,Isaiah Joe,1610612759,SAS,1628368,De'Aaron Fox,5,0.0,0.63532,10.20408,89.7,0,0,0,0,0,0,0,0,0.0,0,0,0.0,0,0,0,0,0,0,0,nba_boxscorematchupsv3
1,2025-26,Playoffs,Western Conference Finals,2026_okc_sas_api_20261005,0042500315,5,2026-05-26,1610612760,OKC,1630198,Isaiah Joe,1610612759,SAS,203482,Kelly Olynyk,29,1.9,46.77419,59.18367,67.0,0,2,0,0,0,0,0,0,0.0,0,0,0.0,0,0,0,0,0,0,0,nba_boxscorematchupsv3
1,2025-26,Playoffs,Western Conference Finals,2026_okc_sas_api_20261005,0042500315,5,2026-05-26,1610612760,OKC,1630198,Isaiah Joe,1610612759,SAS,203486,Mason Plumlee,7,0.8,11.29032,14.285709999999998,24.5,0,0,0,0,0,0,0,0,0.0,0,0,0.0,0,0,0,0,0,0,0,nba_boxscorematchupsv3
1,2025-26,Playoffs,Western Conference Finals,2026_okc_sas_api_20261005,0042500315,5,2026-05-26,1610612760,OKC,1630598,Aaron Wiggins,1610612759,SAS,202687,Bismack Biyombo,4,0.0,6.349209999999999,22.22222,0.0,0,0,0,0,0,0,0,0,0.0,0,0,0.0,0,0,0,0,0,0,0,nba_boxscorematchupsv3
1,2025-26,Playoffs,Western Conference Finals,2026_okc_sas_api_20261005,0042500315,5,2026-05-26,1610612760,OKC,1630598,Aaron Wiggins,1610612759,SAS,1629162,Jordan McLaughlin,6,0.3,9.83607,33.33333,29.5,0,2,0,0,0,0,0,0,0.0,0,0,0.0,0,0,0,0,0,0,0,nba_boxscorematchupsv3
1,2025-26,Playoffs,Western Conference Finals,2026_okc_sas_api_20261005,0042500315,5,2026-05-26,1610612760,OKC,1630598,Aaron Wiggins,1610612759,SAS,203486,Mason Plumlee,8,0.5,12.903229999999999,44.44444,50.2,0,0,0,0,0,0,0,0,0.0,0,0,0.0,0,0,0,0,0,0,0,nba_boxscorematchupsv3
1,2025-26,Playoffs,Western Conference Finals,2026_okc_sas_api_20261005,0042500315,5,2026-05-26,1610612760,OKC,1642260,Nikola Topić,1610612759,SAS,202687,Bismack Biyombo,10,0.5,15.873019999999999,37.03704,48.8,0,2,0,0,0,0,0,0,0.0,0,0,0.0,0,0,0,0,0,0,0,nba_boxscorematchupsv3
1,2025-26,Playoffs,Western Conference Finals,2026_okc_sas_api_20261005,0042500315,5,2026-05-26,1610612760,OKC,1642260,Nikola Topić,1610612759,SAS,1629162,Jordan McLaughlin,12,0.5,19.67213,44.44444,51.2,0,0,0,0,0,0,0,0,0.0,0,0,0.0,0,0,0,0,0,0,0,nba_boxscorematchupsv3
1,2025-26,Playoffs,Western Conference Finals,2026_okc_sas_api_20261005,0042500315,5,2026-05-26,1610612760,OKC,1642260,Nikola Topić,1610612759,SAS,203482,Kelly Olynyk,5,0.0,8.06452,18.51852,0.0,0,0,0,0,0,0,0,0,0.0,0,0,0.0,0,0,0,0,0,0,0,nba_boxscorematchupsv3
1,2025-26,Playoffs,Western Conference Finals,2026_okc_sas_api_20261005,0042500315,5,2026-05-26,1610612759,SAS,1630170,Devin Vassell,1610612760,OKC,1627936,Alex Caruso,28,3.8,5.1756,3.90516,9.700000000000001,0,2,0,0,0,0,0,1,0.0,0,1,0.0,0,0,0,0,0,0,0,nba_boxscorematchupsv3
1,2025-26,Playoffs,Western Conference Finals,2026_okc_sas_api_20261005,0042500315,5,2026-05-26,1610612759,SAS,1630170,Devin Vassell,1610612760,OKC,1629652,Luguentz Dort,75,7.3,18.337410000000002,10.46025,18.7,0,5,0,0,1,0,0,1,0.0,0,1,0.0,0,0,0,0,0,0,0,nba_boxscorematchupsv3
1,2025-26,Playoffs,Western Conference Finals,2026_okc_sas_api_20261005,0042500315,5,2026-05-26,1610612759,SAS,1630170,Devin Vassell,1610612760,OKC,1628983,Shai Gilgeous-Alexander,159,12.2,20.62257,22.175729999999998,21.9,0,19,0,0,0,0,0,3,0.0,0,3,0.0,0,0,0,0,0,0,0,nba_boxscorematchupsv3
1,2025-26,Playoffs,Western Conference Finals,2026_okc_sas_api_20261005,0042500315,5,2026-05-26,1610612759,SAS,1630170,Devin Vassell,1610612760,OKC,1628392,Isaiah Hartenstein,20,1.9,3.25733,2.7893999999999997,4.5,0,2,0,0,0,0,0,0,0.0,0,0,0.0,0,0,0,0,0,0,0,nba_boxscorematchupsv3
1,2025-26,Playoffs,Western Conference Finals,2026_okc_sas_api_20261005,0042500315,5,2026-05-26,1610612759,SAS,1630170,Devin Vassell,1610612760,OKC,1631096,Chet Holmgren,46,9.7,7.94473,6.41562,13.5,0,10,1,0,0,0,0,0,0.0,0,0,0.0,0,0,0,0,0,0,0,nba_boxscorematchupsv3
1,2025-26,Playoffs,Western Conference Finals,2026_okc_sas_api_20261005,0042500315,5,2026-05-26,1610612759,SAS,1630170,Devin Vassell,1610612760,OKC,1642272,Jared McCain,268,21.9,41.940529999999995,37.37796,52.6,3,21,0,0,0,0,1,4,25.0,1,3,33.300000000000004,0,0,0,0,0,0,0,nba_boxscorematchupsv3
1,2025-26,Playoffs,Western Conference Finals,2026_okc_sas_api_20261005,0042500315,5,2026-05-26,1610612759,SAS,1630170,Devin Vassell,1610612760,OKC,1641717,Cason Wallace,47,4.6,7.253089999999999,6.55509,11.1,0,9,2,0,0,0,0,0,0.0,0,0,0.0,0,0,0,0,0,0,0,nba_boxscorematchupsv3
1,2025-26,Playoffs,Western Conference Finals,2026_okc_sas_api_20261005,0042500315,5,2026-05-26,1610612759,SAS,1630170,Devin Vassell,1610612760,OKC,1631119,Jaylin Williams,1,0.4,0.28818,0.13947,3.4000000000000004,0,0,0,0,0,0,0,0,0.0,0,0,0.0,0,0,0,0,0,0,0,nba_boxscorematchupsv3
1,2025-26,Playoffs,Western Conference Finals,2026_okc_sas_api_20261005,0042500315,5,2026-05-26,1610612759,SAS,1630170,Devin Vassell,1610612760,OKC,1629026,Kenrich Williams,73,6.7,27.137549999999997,10.18131,32.1,3,8,0,0,0,0,1,2,50.0,1,1,100.0,0,1,1,0,0,0,0,nba_boxscorematchupsv3
1,2025-26,Playoffs,Western Conference Finals,2026_okc_sas_api_20261005,0042500315,5,2026-05-26,1610612759,SAS,1630577,Julian Champagnie,1610612760,OKC,1627936,Alex Caruso,15,2.8,2.77264,2.5641000000000003,7.7,0,2,0,0,0,0,0,0,0.0,0,0,0.0,0,0,0,0,0,0,0,nba_boxscorematchupsv3
1,2025-26,Playoffs,Western Conference Finals,2026_okc_sas_api_20261005,0042500315,5,2026-05-26,1610612759,SAS,1630577,Julian Champagnie,1610612760,OKC,1629652,Luguentz Dort,15,2.8,3.66748,2.5641000000000003,7.9,0,0,0,0,1,0,0,2,0.0,0,2,0.0,0,0,0,0,0,0,0,nba_boxscorematchupsv3
1,2025-26,Playoffs,Western Conference Finals,2026_okc_sas_api_20261005,0042500315,5,2026-05-26,1610612759,SAS,1630577,Julian Champagnie,1610612760,OKC,1628983,Shai Gilgeous-Alexander,116,11.0,15.0454,19.829060000000002,23.599999999999998,0,10,0,0,0,0,0,0,0.0,0,0,0.0,0,0,0,0,0,0,0,nba_boxscorematchupsv3
1,2025-26,Playoffs,Western Conference Finals,2026_okc_sas_api_20261005,0042500315,5,2026-05-26,1610612759,SAS,1630577,Julian Champagnie,1610612760,OKC,1628392,Isaiah Hartenstein,19,5.2,3.0944599999999998,3.24786,7.199999999999999,3,9,1,0,0,0,1,1,100.0,1,1,100.0,0,0,0,0,0,0,0,nba_boxscorematchupsv3
1,2025-26,Playoffs,Western Conference Finals,2026_okc_sas_api_20261005,0042500315,5,2026-05-26,1610612759,SAS,1630577,Julian Champagnie,1610612760,OKC,1631096,Chet Holmgren,214,18.9,36.96028,36.5812,43.1,10,19,0,0,1,1,4,7,57.099999999999994,0,0,0.0,2,3,1,0,0,0,0,nba_boxscorematchupsv3
1,2025-26,Playoffs,Western Conference Finals,2026_okc_sas_api_20261005,0042500315,5,2026-05-26,1610612759,SAS,1630577,Julian Champagnie,1610612760,OKC,1642272,Jared McCain,118,10.8,18.466350000000002,20.17094,27.200000000000003,6,11,0,0,1,0,2,3,66.7,2,3,66.7,0,0,0,0,0,0,0,nba_boxscorematchupsv3
1,2025-26,Playoffs,Western Conference Finals,2026_okc_sas_api_20261005,0042500315,5,2026-05-26,1610612759,SAS,1630577,Julian Champagnie,1610612760,OKC,1641717,Cason Wallace,34,3.5,5.24691,5.8119700000000005,9.9,0,4,0,0,0,0,0,1,0.0,0,1,0.0,0,0,0,0,0,0,0,nba_boxscorematchupsv3
1,2025-26,Playoffs,Western Conference Finals,2026_okc_sas_api_20261005,0042500315,5,2026-05-26,1610612759,SAS,1630577,Julian Champagnie,1610612760,OKC,1631119,Jaylin Williams,15,2.1,4.32277,2.5641000000000003,9.0,3,3,0,0,0,0,1,1,100.0,1,1,100.0,0,0,0,0,0,0,0,nba_boxscorematchupsv3
1,2025-26,Playoffs,Western Conference Finals,2026_okc_sas_api_20261005,0042500315,5,2026-05-26,1610612759,SAS,1630577,Julian Champagnie,1610612760,OKC,1629026,Kenrich Williams,39,3.1,14.498140000000001,6.66667,34.8,0,4,0,0,0,0,0,0,0.0,0,0,0.0,0,0,0,0,0,0,0,nba_boxscorematchupsv3
1,2025-26,Playoffs,Western Conference Finals,2026_okc_sas_api_20261005,0042500315,5,2026-05-26,1610612759,SAS,1641705,Victor Wembanyama,1610612760,OKC,1627936,Alex Caruso,30,3.9,5.54529,3.7594000000000003,8.1,0,6,0,0,0,0,0,1,0.0,0,1,0.0,0,0,0,0,0,0,0,nba_boxscorematchupsv3
1,2025-26,Playoffs,Western Conference Finals,2026_okc_sas_api_20261005,0042500315,5,2026-05-26,1610612759,SAS,1641705,Victor Wembanyama,1610612760,OKC,1629652,Luguentz Dort,23,4.6,5.62347,2.88221,9.5,0,8,0,0,1,0,0,0,0.0,0,0,0.0,0,0,0,0,0,0,0,nba_boxscorematchupsv3
1,2025-26,Playoffs,Western Conference Finals,2026_okc_sas_api_20261005,0042500315,5,2026-05-26,1610612759,SAS,1641705,Victor Wembanyama,1610612760,OKC,1628983,Shai Gilgeous-Alexander,50,6.5,6.48508,6.2656600000000005,8.9,5,17,0,0,0,0,2,3,66.7,0,0,0.0,1,1,1,0,0,0,0,nba_boxscorematchupsv3
1,2025-26,Playoffs,Western Conference Finals,2026_okc_sas_api_20261005,0042500315,5,2026-05-26,1610612759,SAS,1641705,Victor Wembanyama,1610612760,OKC,1628392,Isaiah Hartenstein,364,34.1,59.283390000000004,45.61404,74.1,4,16,0,0,0,0,0,6,0.0,0,3,0.0,4,4,2,0,0,0,0,nba_boxscorematchupsv3
1,2025-26,Playoffs,Western Conference Finals,2026_okc_sas_api_20261005,0042500315,5,2026-05-26,1610612759,SAS,1641705,Victor Wembanyama,1610612760,OKC,1631096,Chet Holmgren,55,8.1,9.49914,6.8922300000000005,12.5,4,13,0,0,0,0,1,1,100.0,0,0,0.0,2,2,0,0,0,0,0,nba_boxscorematchupsv3
1,2025-26,Playoffs,Western Conference Finals,2026_okc_sas_api_20261005,0042500315,5,2026-05-26,1610612759,SAS,1641705,Victor Wembanyama,1610612760,OKC,1642272,Jared McCain,32,4.2,5.007820000000001,4.0100299999999995,6.2,0,8,0,0,0,0,0,1,0.0,0,1,0.0,0,0,0,0,0,0,0,nba_boxscorematchupsv3
1,2025-26,Playoffs,Western Conference Finals,2026_okc_sas_api_20261005,0042500315,5,2026-05-26,1610612759,SAS,1641705,Victor Wembanyama,1610612760,OKC,1641717,Cason Wallace,32,3.4,4.93827,4.0100299999999995,7.7,2,2,0,0,0,0,1,1,100.0,0,0,0.0,0,0,0,0,0,0,0,nba_boxscorematchupsv3
1,2025-26,Playoffs,Western Conference Finals,2026_okc_sas_api_20261005,0042500315,5,2026-05-26,1610612759,SAS,1641705,Victor Wembanyama,1610612760,OKC,1631119,Jaylin Williams,210,16.7,60.51873,26.31579,67.30000000000001,4,25,1,0,0,0,0,1,0.0,0,0,0.0,4,4,1,0,0,0,0,nba_boxscorematchupsv3
1,2025-26,Playoffs,Western Conference Finals,2026_okc_sas_api_20261005,0042500315,5,2026-05-26,1610612759,SAS,1641705,Victor Wembanyama,1610612760,OKC,1629026,Kenrich Williams,2,0.2,0.74349,0.25063,3.8,0,0,0,0,0,0,0,0,0.0,0,0,0.0,0,0,0,0,0,0,0,nba_boxscorematchupsv3
1,2025-26,Playoffs,Western Conference Finals,2026_okc_sas_api_20261005,0042500315,5,2026-05-26,1610612759,SAS,1642264,Stephon Castle,1610612760,OKC,1627936,Alex Caruso,123,11.1,22.73567,18.22222,33.800000000000004,6,18,0,0,1,0,1,2,50.0,0,1,0.0,4,4,1,0,0,0,0,nba_boxscorematchupsv3
1,2025-26,Playoffs,Western Conference Finals,2026_okc_sas_api_20261005,0042500315,5,2026-05-26,1610612759,SAS,1642264,Stephon Castle,1610612760,OKC,1629652,Luguentz Dort,41,5.0,10.02445,6.07407,14.099999999999998,0,10,2,0,0,0,0,0,0.0,0,0,0.0,0,0,0,0,0,0,0,nba_boxscorematchupsv3
1,2025-26,Playoffs,Western Conference Finals,2026_okc_sas_api_20261005,0042500315,5,2026-05-26,1610612759,SAS,1642264,Stephon Castle,1610612760,OKC,1628983,Shai Gilgeous-Alexander,201,22.7,26.07004,29.77778,37.7,6,20,1,0,1,0,2,3,66.7,1,1,100.0,1,1,0,0,0,0,0,nba_boxscorematchupsv3
1,2025-26,Playoffs,Western Conference Finals,2026_okc_sas_api_20261005,0042500315,5,2026-05-26,1610612759,SAS,1642264,Stephon Castle,1610612760,OKC,1628392,Isaiah Hartenstein,36,4.3,5.86319,5.33333,7.7,6,11,0,0,0,0,2,2,100.0,1,1,100.0,1,2,1,0,0,0,0,nba_boxscorematchupsv3
1,2025-26,Playoffs,Western Conference Finals,2026_okc_sas_api_20261005,0042500315,5,2026-05-26,1610612759,SAS,1642264,Stephon Castle,1610612760,OKC,1631096,Chet Holmgren,42,4.5,7.25389,6.22222,10.9,2,5,1,0,0,0,1,1,100.0,0,0,0.0,0,0,0,0,0,0,0,nba_boxscorematchupsv3
1,2025-26,Playoffs,Western Conference Finals,2026_okc_sas_api_20261005,0042500315,5,2026-05-26,1610612759,SAS,1642264,Stephon Castle,1610612760,OKC,1642272,Jared McCain,36,4.3,5.6338,5.33333,6.7,3,5,1,0,0,0,1,2,50.0,1,2,50.0,0,0,0,0,0,0,0,nba_boxscorematchupsv3
1,2025-26,Playoffs,Western Conference Finals,2026_okc_sas_api_20261005,0042500315,5,2026-05-26,1610612759,SAS,1642264,Stephon Castle,1610612760,OKC,1641717,Cason Wallace,142,12.0,21.91358,21.03704,34.0,2,6,0,0,1,0,0,1,0.0,0,0,0.0,2,2,1,0,0,0,0,nba_boxscorematchupsv3
1,2025-26,Playoffs,Western Conference Finals,2026_okc_sas_api_20261005,0042500315,5,2026-05-26,1610612759,SAS,1642264,Stephon Castle,1610612760,OKC,1631119,Jaylin Williams,26,3.0,7.492799999999999,3.8518499999999998,12.1,0,2,0,0,0,0,0,0,0.0,0,0,0.0,0,0,0,0,0,0,0,nba_boxscorematchupsv3
1,2025-26,Playoffs,Western Conference Finals,2026_okc_sas_api_20261005,0042500315,5,2026-05-26,1610612759,SAS,1642264,Stephon Castle,1610612760,OKC,1629026,Kenrich Williams,28,1.8,10.40892,4.148149999999999,26.700000000000003,0,4,0,0,0,0,0,0,0.0,0,0,0.0,0,0,0,0,0,0,0,nba_boxscorematchupsv3
1,2025-26,Playoffs,Western Conference Finals,2026_okc_sas_api_20261005,0042500315,5,2026-05-26,1610612759,SAS,1628368,De'Aaron Fox,1610612760,OKC,1627936,Alex Caruso,210,15.8,38.81701,30.25937,55.2,2,12,2,0,0,0,1,3,33.300000000000004,0,0,0.0,0,0,0,0,0,0,0,nba_boxscorematchupsv3
1,2025-26,Playoffs,Western Conference Finals,2026_okc_sas_api_20261005,0042500315,5,2026-05-26,1610612759,SAS,1628368,De'Aaron Fox,1610612760,OKC,1629652,Luguentz Dort,190,13.9,46.45477,27.37752,55.900000000000006,3,19,2,0,0,0,1,3,33.300000000000004,0,1,0.0,1,2,1,0,0,0,0,nba_boxscorematchupsv3
1,2025-26,Playoffs,Western Conference Finals,2026_okc_sas_api_20261005,0042500315,5,2026-05-26,1610612759,SAS,1628368,De'Aaron Fox,1610612760,OKC,1628983,Shai Gilgeous-Alexander,25,4.0,3.24254,3.60231,7.000000000000001,0,5,0,0,1,1,0,2,0.0,0,2,0.0,0,0,0,0,0,0,0,nba_boxscorematchupsv3
1,2025-26,Playoffs,Western Conference Finals,2026_okc_sas_api_20261005,0042500315,5,2026-05-26,1610612759,SAS,1628368,De'Aaron Fox,1610612760,OKC,1628392,Isaiah Hartenstein,23,4.2,3.74593,3.3141200000000004,6.0,0,5,0,0,0,0,0,0,0.0,0,0,0.0,0,0,0,0,0,0,0,nba_boxscorematchupsv3
1,2025-26,Playoffs,Western Conference Finals,2026_okc_sas_api_20261005,0042500315,5,2026-05-26,1610612759,SAS,1628368,De'Aaron Fox,1610612760,OKC,1631096,Chet Holmgren,51,5.0,8.808290000000001,7.3487,10.0,0,0,0,0,0,0,0,1,0.0,0,0,0.0,0,0,0,0,0,0,0,nba_boxscorematchupsv3
1,2025-26,Playoffs,Western Conference Finals,2026_okc_sas_api_20261005,0042500315,5,2026-05-26,1610612759,SAS,1628368,De'Aaron Fox,1610612760,OKC,1642272,Jared McCain,74,10.8,11.58059,10.66282,18.4,0,15,2,0,0,0,0,3,0.0,0,1,0.0,0,0,0,0,0,0,0,nba_boxscorematchupsv3
1,2025-26,Playoffs,Western Conference Finals,2026_okc_sas_api_20261005,0042500315,5,2026-05-26,1610612759,SAS,1628368,De'Aaron Fox,1610612760,OKC,1641717,Cason Wallace,106,11.6,16.35802,15.27378,25.7,4,14,1,0,0,0,2,2,100.0,0,0,0.0,0,0,0,0,0,0,0,nba_boxscorematchupsv3
1,2025-26,Playoffs,Western Conference Finals,2026_okc_sas_api_20261005,0042500315,5,2026-05-26,1610612759,SAS,1628368,De'Aaron Fox,1610612760,OKC,1631119,Jaylin Williams,15,1.3,4.32277,2.16138,8.3,0,0,1,0,0,0,0,1,0.0,0,0,0.0,0,0,0,0,0,0,0,nba_boxscorematchupsv3
1,2025-26,Playoffs,Western Conference Finals,2026_okc_sas_api_20261005,0042500315,5,2026-05-26,1610612759,SAS,1642844,Dylan Harper,1610612760,OKC,1627936,Alex Caruso,60,7.9,11.09057,12.422360000000001,19.0,0,7,0,0,1,0,0,1,0.0,0,0,0.0,0,0,0,0,0,0,0,nba_boxscorematchupsv3
1,2025-26,Playoffs,Western Conference Finals,2026_okc_sas_api_20261005,0042500315,5,2026-05-26,1610612759,SAS,1642844,Dylan Harper,1610612760,OKC,1629652,Luguentz Dort,24,2.4,5.86797,4.96894,22.0,0,2,1,0,0,0,0,0,0.0,0,0,0.0,0,0,0,0,0,0,0,nba_boxscorematchupsv3
1,2025-26,Playoffs,Western Conference Finals,2026_okc_sas_api_20261005,0042500315,5,2026-05-26,1610612759,SAS,1642844,Dylan Harper,1610612760,OKC,1628983,Shai Gilgeous-Alexander,47,4.8,6.09598,9.73085,12.6,2,4,0,0,0,0,0,0,0.0,0,0,0.0,2,2,1,0,0,0,0,nba_boxscorematchupsv3
1,2025-26,Playoffs,Western Conference Finals,2026_okc_sas_api_20261005,0042500315,5,2026-05-26,1610612759,SAS,1642844,Dylan Harper,1610612760,OKC,1628392,Isaiah Hartenstein,17,1.4,2.76873,3.5196699999999996,5.1,0,0,0,0,0,1,0,0,0.0,0,0,0.0,0,0,0,0,0,0,0,nba_boxscorematchupsv3
1,2025-26,Playoffs,Western Conference Finals,2026_okc_sas_api_20261005,0042500315,5,2026-05-26,1610612759,SAS,1642844,Dylan Harper,1610612760,OKC,1631096,Chet Holmgren,29,3.7,5.008640000000001,6.0041400000000005,10.5,0,5,1,0,0,0,0,0,0.0,0,0,0.0,0,0,0,0,0,0,0,nba_boxscorematchupsv3
1,2025-26,Playoffs,Western Conference Finals,2026_okc_sas_api_20261005,0042500315,5,2026-05-26,1610612759,SAS,1642844,Dylan Harper,1610612760,OKC,1630198,Isaiah Joe,3,0.0,11.53846,0.62112,98.1,0,2,0,0,0,0,0,0,0.0,0,0,0.0,0,0,0,0,0,0,0,nba_boxscorematchupsv3
1,2025-26,Playoffs,Western Conference Finals,2026_okc_sas_api_20261005,0042500315,5,2026-05-26,1610612759,SAS,1642844,Dylan Harper,1610612760,OKC,1642272,Jared McCain,36,6.7,5.6338,7.4534199999999995,22.6,0,8,1,0,0,0,0,1,0.0,0,1,0.0,0,0,0,0,0,0,0,nba_boxscorematchupsv3
1,2025-26,Playoffs,Western Conference Finals,2026_okc_sas_api_20261005,0042500315,5,2026-05-26,1610612759,SAS,1642844,Dylan Harper,1610612760,OKC,1641717,Cason Wallace,224,20.5,34.5679,46.37681,49.4,3,19,0,0,2,0,1,2,50.0,1,2,50.0,0,0,0,0,0,0,0,nba_boxscorematchupsv3
1,2025-26,Playoffs,Western Conference Finals,2026_okc_sas_api_20261005,0042500315,5,2026-05-26,1610612759,SAS,1642844,Dylan Harper,1610612760,OKC,1631119,Jaylin Williams,2,0.1,0.57637,0.41408,1.7000000000000002,0,3,0,0,0,0,0,0,0.0,0,0,0.0,0,0,0,0,0,0,0,nba_boxscorematchupsv3
1,2025-26,Playoffs,Western Conference Finals,2026_okc_sas_api_20261005,0042500315,5,2026-05-26,1610612759,SAS,1642844,Dylan Harper,1610612760,OKC,1629026,Kenrich Williams,41,2.5,15.24164,8.488610000000001,19.3,0,2,0,0,0,0,0,0,0.0,0,0,0.0,0,0,0,0,0,0,0,nba_boxscorematchupsv3
1,2025-26,Playoffs,Western Conference Finals,2026_okc_sas_api_20261005,0042500315,5,2026-05-26,1610612759,SAS,1629640,Keldon Johnson,1610612760,OKC,1627936,Alex Caruso,42,4.7,7.7634,10.02387,14.000000000000002,0,5,0,0,0,0,0,1,0.0,0,1,0.0,0,0,0,0,0,0,0,nba_boxscorematchupsv3
1,2025-26,Playoffs,Western Conference Finals,2026_okc_sas_api_20261005,0042500315,5,2026-05-26,1610612759,SAS,1629640,Keldon Johnson,1610612760,OKC,1629652,Luguentz Dort,12,0.8,2.9339899999999997,2.86396,10.100000000000001,0,0,0,0,0,0,0,0,0.0,0,0,0.0,0,0,0,0,0,0,0,nba_boxscorematchupsv3
1,2025-26,Playoffs,Western Conference Finals,2026_okc_sas_api_20261005,0042500315,5,2026-05-26,1610612759,SAS,1629640,Keldon Johnson,1610612760,OKC,1628983,Shai Gilgeous-Alexander,127,8.2,16.47211,30.31026,32.0,2,11,0,0,0,0,1,3,33.300000000000004,0,1,0.0,0,0,0,0,0,0,0,nba_boxscorematchupsv3
1,2025-26,Playoffs,Western Conference Finals,2026_okc_sas_api_20261005,0042500315,5,2026-05-26,1610612759,SAS,1629640,Keldon Johnson,1610612760,OKC,1628392,Isaiah Hartenstein,15,1.7,2.443,3.5799499999999997,6.9,0,2,0,0,0,0,0,0,0.0,0,0,0.0,0,0,0,0,0,0,0,nba_boxscorematchupsv3
1,2025-26,Playoffs,Western Conference Finals,2026_okc_sas_api_20261005,0042500315,5,2026-05-26,1610612759,SAS,1629640,Keldon Johnson,1610612760,OKC,1631096,Chet Holmgren,91,7.5,15.71675,21.71838,48.699999999999996,2,5,1,0,0,0,1,1,100.0,0,0,0.0,0,0,0,0,0,0,0,nba_boxscorematchupsv3
1,2025-26,Playoffs,Western Conference Finals,2026_okc_sas_api_20261005,0042500315,5,2026-05-26,1610612759,SAS,1629640,Keldon Johnson,1610612760,OKC,1642272,Jared McCain,29,2.3,4.53834,6.921239999999999,12.5,7,7,0,0,0,0,3,3,100.0,1,1,100.0,0,0,0,0,0,0,0,nba_boxscorematchupsv3
1,2025-26,Playoffs,Western Conference Finals,2026_okc_sas_api_20261005,0042500315,5,2026-05-26,1610612759,SAS,1629640,Keldon Johnson,1610612760,OKC,1641717,Cason Wallace,29,3.2,4.4753099999999995,6.921239999999999,9.0,2,2,0,0,0,1,1,3,33.300000000000004,0,1,0.0,0,0,0,0,0,0,0,nba_boxscorematchupsv3
1,2025-26,Playoffs,Western Conference Finals,2026_okc_sas_api_20261005,0042500315,5,2026-05-26,1610612759,SAS,1629640,Keldon Johnson,1610612760,OKC,1631119,Jaylin Williams,21,3.9,6.05187,5.0119299999999996,13.700000000000001,2,7,0,0,0,0,1,1,100.0,0,0,0.0,0,0,0,0,0,0,0,nba_boxscorematchupsv3
1,2025-26,Playoffs,Western Conference Finals,2026_okc_sas_api_20261005,0042500315,5,2026-05-26,1610612759,SAS,1629640,Keldon Johnson,1610612760,OKC,1629026,Kenrich Williams,53,3.8,19.7026,12.64916,41.0,0,2,0,0,1,0,0,0,0.0,0,0,0.0,0,0,0,0,0,0,0,nba_boxscorematchupsv3
1,2025-26,Playoffs,Western Conference Finals,2026_okc_sas_api_20261005,0042500315,5,2026-05-26,1610612759,SAS,1642868,Carter Bryant,1610612760,OKC,1629652,Luguentz Dort,1,0.0,0.24450000000000002,1.16279,8.3,0,2,0,0,0,0,0,0,0.0,0,0,0.0,0,0,0,0,0,0,0,nba_boxscorematchupsv3
1,2025-26,Playoffs,Western Conference Finals,2026_okc_sas_api_20261005,0042500315,5,2026-05-26,1610612759,SAS,1642868,Carter Bryant,1610612760,OKC,1628983,Shai Gilgeous-Alexander,36,3.9,4.66926,41.86047,59.699999999999996,3,3,0,0,0,0,1,2,50.0,1,2,50.0,0,0,0,0,0,0,0,nba_boxscorematchupsv3
1,2025-26,Playoffs,Western Conference Finals,2026_okc_sas_api_20261005,0042500315,5,2026-05-26,1610612759,SAS,1642868,Carter Bryant,1610612760,OKC,1628392,Isaiah Hartenstein,2,0.1,0.32572999999999996,2.32558,6.0,0,2,0,0,0,0,0,0,0.0,0,0,0.0,0,0,0,0,0,0,0,nba_boxscorematchupsv3
1,2025-26,Playoffs,Western Conference Finals,2026_okc_sas_api_20261005,0042500315,5,2026-05-26,1610612759,SAS,1642868,Carter Bryant,1610612760,OKC,1642272,Jared McCain,5,1.6,0.78247,5.813949999999999,21.7,0,2,0,0,0,0,0,0,0.0,0,0,0.0,0,0,0,0,0,0,0,nba_boxscorematchupsv3
1,2025-26,Playoffs,Western Conference Finals,2026_okc_sas_api_20261005,0042500315,5,2026-05-26,1610612759,SAS,1642868,Carter Bryant,1610612760,OKC,1642260,Nikola Topić,7,1.0,58.333330000000004,8.13953,52.300000000000004,0,2,0,0,0,0,0,0,0.0,0,0,0.0,0,0,0,0,0,0,0,nba_boxscorematchupsv3
1,2025-26,Playoffs,Western Conference Finals,2026_okc_sas_api_20261005,0042500315,5,2026-05-26,1610612759,SAS,1642868,Carter Bryant,1610612760,OKC,1641717,Cason Wallace,15,1.0,2.31481,17.441860000000002,16.900000000000002,0,2,0,0,0,0,0,0,0.0,0,0,0.0,0,0,0,0,0,0,0,nba_boxscorematchupsv3
1,2025-26,Playoffs,Western Conference Finals,2026_okc_sas_api_20261005,0042500315,5,2026-05-26,1610612759,SAS,1642868,Carter Bryant,1610612760,OKC,1631119,Jaylin Williams,6,1.0,1.72911,6.9767399999999995,46.400000000000006,2,2,0,0,0,0,1,1,100.0,0,0,0.0,0,0,0,0,0,0,0,nba_boxscorematchupsv3
1,2025-26,Playoffs,Western Conference Finals,2026_okc_sas_api_20261005,0042500315,5,2026-05-26,1610612759,SAS,1642868,Carter Bryant,1610612760,OKC,1629026,Kenrich Williams,14,1.6,5.20446,16.27907,19.900000000000002,2,4,0,0,0,0,1,2,50.0,0,1,0.0,0,0,0,0,0,0,0,nba_boxscorematchupsv3
1,2025-26,Playoffs,Western Conference Finals,2026_okc_sas_api_20261005,0042500315,5,2026-05-26,1610612759,SAS,1628436,Luke Kornet,1610612760,OKC,1627936,Alex Caruso,3,0.3,0.5545300000000001,1.63043,3.8,0,2,0,0,0,0,0,0,0.0,0,0,0.0,0,0,0,0,0,0,0,nba_boxscorematchupsv3
1,2025-26,Playoffs,Western Conference Finals,2026_okc_sas_api_20261005,0042500315,5,2026-05-26,1610612759,SAS,1628436,Luke Kornet,1610612760,OKC,1629652,Luguentz Dort,3,0.1,0.7335,1.63043,4.6,0,0,0,0,0,0,0,0,0.0,0,0,0.0,0,0,0,0,0,0,0,nba_boxscorematchupsv3
1,2025-26,Playoffs,Western Conference Finals,2026_okc_sas_api_20261005,0042500315,5,2026-05-26,1610612759,SAS,1628436,Luke Kornet,1610612760,OKC,1628983,Shai Gilgeous-Alexander,10,0.8,1.2970199999999998,5.43478,7.1,0,2,0,0,0,0,0,0,0.0,0,0,0.0,0,0,0,0,0,0,0,nba_boxscorematchupsv3
1,2025-26,Playoffs,Western Conference Finals,2026_okc_sas_api_20261005,0042500315,5,2026-05-26,1610612759,SAS,1628436,Luke Kornet,1610612760,OKC,1628392,Isaiah Hartenstein,104,11.2,16.93811,56.52174,81.6,0,15,0,0,0,0,0,0,0.0,0,0,0.0,0,0,0,0,0,0,0,nba_boxscorematchupsv3
1,2025-26,Playoffs,Western Conference Finals,2026_okc_sas_api_20261005,0042500315,5,2026-05-26,1610612759,SAS,1628436,Luke Kornet,1610612760,OKC,1631096,Chet Holmgren,3,0.4,0.51813,1.63043,5.5,0,2,0,0,0,0,0,0,0.0,0,0,0.0,0,0,0,0,0,0,0,nba_boxscorematchupsv3
1,2025-26,Playoffs,Western Conference Finals,2026_okc_sas_api_20261005,0042500315,5,2026-05-26,1610612759,SAS,1628436,Luke Kornet,1610612760,OKC,1641717,Cason Wallace,15,1.1,2.31481,8.15217,8.9,0,0,0,0,0,1,0,1,0.0,0,0,0.0,0,0,0,0,0,0,0,nba_boxscorematchupsv3
1,2025-26,Playoffs,Western Conference Finals,2026_okc_sas_api_20261005,0042500315,5,2026-05-26,1610612759,SAS,1628436,Luke Kornet,1610612760,OKC,1631119,Jaylin Williams,45,2.2,12.9683,24.45652,75.8,0,3,0,0,0,0,0,0,0.0,0,0,0.0,0,0,0,0,0,0,0,nba_boxscorematchupsv3
1,2025-26,Playoffs,Western Conference Finals,2026_okc_sas_api_20261005,0042500315,5,2026-05-26,1610612759,SAS,1628436,Luke Kornet,1610612760,OKC,1629026,Kenrich Williams,1,0.5,0.37174999999999997,0.54348,3.2,0,0,0,0,0,0,0,0,0.0,0,0,0.0,0,0,0,0,0,0,0,nba_boxscorematchupsv3
1,2025-26,Playoffs,Western Conference Finals,2026_okc_sas_api_20261005,0042500315,5,2026-05-26,1610612759,SAS,203084,Harrison Barnes,1610612760,OKC,1627936,Alex Caruso,15,0.7,2.77264,20.54795,13.8,0,0,0,0,0,0,0,0,0.0,0,0,0.0,0,0,0,0,0,0,0,nba_boxscorematchupsv3
1,2025-26,Playoffs,Western Conference Finals,2026_okc_sas_api_20261005,0042500315,5,2026-05-26,1610612759,SAS,203084,Harrison Barnes,1610612760,OKC,1631096,Chet Holmgren,48,4.6,8.29016,65.75341999999999,56.2,0,7,0,0,0,0,0,0,0.0,0,0,0.0,0,0,0,0,0,0,0,nba_boxscorematchupsv3
1,2025-26,Playoffs,Western Conference Finals,2026_okc_sas_api_20261005,0042500315,5,2026-05-26,1610612759,SAS,203084,Harrison Barnes,1610612760,OKC,1642272,Jared McCain,8,1.1,1.25196,10.9589,9.4,0,0,0,0,0,0,0,0,0.0,0,0,0.0,0,0,0,0,0,0,0,nba_boxscorematchupsv3
1,2025-26,Playoffs,Western Conference Finals,2026_okc_sas_api_20261005,0042500315,5,2026-05-26,1610612759,SAS,203084,Harrison Barnes,1610612760,OKC,1641717,Cason Wallace,2,1.3,0.30864,2.7397299999999998,12.7,0,1,0,0,0,0,0,0,0.0,0,0,0.0,0,0,0,0,0,0,0,nba_boxscorematchupsv3
1,2025-26,Playoffs,Western Conference Finals,2026_okc_sas_api_20261005,0042500315,5,2026-05-26,1610612759,SAS,203486,Mason Plumlee,1610612760,OKC,1627936,Alex Caruso,2,0.3,0.36969,5.128209999999999,19.3,0,0,0,0,0,0,0,0,0.0,0,0,0.0,0,0,0,0,0,0,0,nba_boxscorematchupsv3
1,2025-26,Playoffs,Western Conference Finals,2026_okc_sas_api_20261005,0042500315,5,2026-05-26,1610612759,SAS,203486,Mason Plumlee,1610612760,OKC,1629652,Luguentz Dort,7,0.9,1.71149,17.94872,20.4,0,2,0,0,0,0,0,0,0.0,0,0,0.0,0,0,0,0,0,0,0,nba_boxscorematchupsv3
1,2025-26,Playoffs,Western Conference Finals,2026_okc_sas_api_20261005,0042500315,5,2026-05-26,1610612759,SAS,203486,Mason Plumlee,1610612760,OKC,1628392,Isaiah Hartenstein,8,0.5,1.3029300000000001,20.51282,52.400000000000006,0,2,0,0,1,0,0,0,0.0,0,0,0.0,0,0,0,0,0,0,0,nba_boxscorematchupsv3
1,2025-26,Playoffs,Western Conference Finals,2026_okc_sas_api_20261005,0042500315,5,2026-05-26,1610612759,SAS,203486,Mason Plumlee,1610612760,OKC,1630198,Isaiah Joe,5,0.9,19.23077,12.820509999999999,21.0,0,2,0,0,0,0,0,0,0.0,0,0,0.0,0,0,0,0,0,0,0,nba_boxscorematchupsv3
1,2025-26,Playoffs,Western Conference Finals,2026_okc_sas_api_20261005,0042500315,5,2026-05-26,1610612759,SAS,203486,Mason Plumlee,1610612760,OKC,1642272,Jared McCain,4,0.2,0.62598,10.25641,5.8999999999999995,0,0,0,0,0,0,0,0,0.0,0,0,0.0,0,0,0,0,0,0,0,nba_boxscorematchupsv3
1,2025-26,Playoffs,Western Conference Finals,2026_okc_sas_api_20261005,0042500315,5,2026-05-26,1610612759,SAS,203486,Mason Plumlee,1610612760,OKC,1631119,Jaylin Williams,4,0.7,1.15274,10.25641,28.299999999999997,0,0,0,0,0,0,0,0,0.0,0,0,0.0,0,0,0,0,0,0,0,nba_boxscorematchupsv3
1,2025-26,Playoffs,Western Conference Finals,2026_okc_sas_api_20261005,0042500315,5,2026-05-26,1610612759,SAS,203486,Mason Plumlee,1610612760,OKC,1629026,Kenrich Williams,9,1.6,3.34572,23.07692,47.0,0,4,0,0,0,0,0,0,0.0,0,0,0.0,0,0,0,0,0,0,0,nba_boxscorematchupsv3
1,2025-26,Playoffs,Western Conference Finals,2026_okc_sas_api_20261005,0042500315,5,2026-05-26,1610612759,SAS,202687,Bismack Biyombo,1610612760,OKC,1627936,Alex Caruso,12,0.6,2.21811,34.28571,52.7,0,2,0,0,0,0,0,0,0.0,0,0,0.0,0,0,0,0,0,0,0,nba_boxscorematchupsv3
1,2025-26,Playoffs,Western Conference Finals,2026_okc_sas_api_20261005,0042500315,5,2026-05-26,1610612759,SAS,202687,Bismack Biyombo,1610612760,OKC,1628392,Isaiah Hartenstein,1,0.2,0.16287000000000001,2.8571400000000002,13.8,0,0,0,0,0,0,0,0,0.0,0,0,0.0,0,0,0,0,0,0,0,nba_boxscorematchupsv3
1,2025-26,Playoffs,Western Conference Finals,2026_okc_sas_api_20261005,0042500315,5,2026-05-26,1610612759,SAS,202687,Bismack Biyombo,1610612760,OKC,1630198,Isaiah Joe,7,0.8,26.92308,20.0,22.1,0,0,0,0,1,0,0,0,0.0,0,0,0.0,0,0,0,0,0,0,0,nba_boxscorematchupsv3
1,2025-26,Playoffs,Western Conference Finals,2026_okc_sas_api_20261005,0042500315,5,2026-05-26,1610612759,SAS,202687,Bismack Biyombo,1610612760,OKC,1642272,Jared McCain,6,0.9,0.9389700000000001,17.14286,18.8,0,6,0,0,0,0,0,0,0.0,0,0,0.0,0,0,0,0,0,0,0,nba_boxscorematchupsv3
1,2025-26,Playoffs,Western Conference Finals,2026_okc_sas_api_20261005,0042500315,5,2026-05-26,1610612759,SAS,202687,Bismack Biyombo,1610612760,OKC,1642260,Nikola Topić,5,1.0,41.66667,14.285709999999998,47.699999999999996,0,2,0,0,0,0,0,0,0.0,0,0,0.0,0,0,0,0,0,0,0,nba_boxscorematchupsv3
1,2025-26,Playoffs,Western Conference Finals,2026_okc_sas_api_20261005,0042500315,5,2026-05-26,1610612759,SAS,202687,Bismack Biyombo,1610612760,OKC,1630598,Aaron Wiggins,4,0.7,33.33333,11.42857,38.0,0,0,0,0,0,0,0,0,0.0,0,0,0.0,0,0,0,0,0,0,0,nba_boxscorematchupsv3
1,2025-26,Playoffs,Western Conference Finals,2026_okc_sas_api_20261005,0042500315,5,2026-05-26,1610612759,SAS,203482,Kelly Olynyk,1610612760,OKC,1627936,Alex Caruso,1,0.1,0.18484,2.43902,20.200000000000003,0,0,0,0,0,0,0,0,0.0,0,0,0.0,0,0,0,0,0,0,0,nba_boxscorematchupsv3
1,2025-26,Playoffs,Western Conference Finals,2026_okc_sas_api_20261005,0042500315,5,2026-05-26,1610612759,SAS,203482,Kelly Olynyk,1610612760,OKC,1629652,Luguentz Dort,17,1.2,4.15648,41.46341,47.199999999999996,0,2,0,0,0,0,0,0,0.0,0,0,0.0,0,0,0,0,0,0,0,nba_boxscorematchupsv3
1,2025-26,Playoffs,Western Conference Finals,2026_okc_sas_api_20261005,0042500315,5,2026-05-26,1610612759,SAS,203482,Kelly Olynyk,1610612760,OKC,1630198,Isaiah Joe,6,1.6,23.07692,14.634150000000002,34.300000000000004,0,2,0,0,0,0,0,0,0.0,0,0,0.0,0,0,0,0,0,0,0,nba_boxscorematchupsv3
1,2025-26,Playoffs,Western Conference Finals,2026_okc_sas_api_20261005,0042500315,5,2026-05-26,1610612759,SAS,203482,Kelly Olynyk,1610612760,OKC,1642272,Jared McCain,5,0.7,0.78247,12.19512,15.4,0,0,0,0,0,0,0,0,0.0,0,0,0.0,0,0,0,0,0,0,0,nba_boxscorematchupsv3
1,2025-26,Playoffs,Western Conference Finals,2026_okc_sas_api_20261005,0042500315,5,2026-05-26,1610612759,SAS,203482,Kelly Olynyk,1610612760,OKC,1641717,Cason Wallace,2,0.1,0.30864,4.87805,8.7,0,0,0,0,0,0,0,0,0.0,0,0,0.0,0,0,0,0,0,0,0,nba_boxscorematchupsv3
1,2025-26,Playoffs,Western Conference Finals,2026_okc_sas_api_20261005,0042500315,5,2026-05-26,1610612759,SAS,203482,Kelly Olynyk,1610612760,OKC,1630598,Aaron Wiggins,3,0.3,25.0,7.31707,14.299999999999999,2,2,0,0,0,0,0,0,0.0,0,0,0.0,2,2,1,0,0,0,0,nba_boxscorematchupsv3
1,2025-26,Playoffs,Western Conference Finals,2026_okc_sas_api_20261005,0042500315,5,2026-05-26,1610612759,SAS,203482,Kelly Olynyk,1610612760,OKC,1631119,Jaylin Williams,2,0.1,0.57637,4.87805,18.4,0,2,0,0,0,0,0,0,0.0,0,0,0.0,0,0,0,0,0,0,0,nba_boxscorematchupsv3
1,2025-26,Playoffs,Western Conference Finals,2026_okc_sas_api_20261005,0042500315,5,2026-05-26,1610612759,SAS,203482,Kelly Olynyk,1610612760,OKC,1629026,Kenrich Williams,5,0.9,1.85874,12.19512,21.0,0,2,0,0,0,0,0,0,0.0,0,0,0.0,0,0,0,0,0,0,0,nba_boxscorematchupsv3
1,2025-26,Playoffs,Western Conference Finals,2026_okc_sas_api_20261005,0042500315,5,2026-05-26,1610612759,SAS,1629162,Jordan McLaughlin,1610612760,OKC,1629652,Luguentz Dort,1,0.6,0.24450000000000002,2.63158,15.5,0,0,0,0,0,0,0,0,0.0,0,0,0.0,0,0,0,0,0,0,0,nba_boxscorematchupsv3
1,2025-26,Playoffs,Western Conference Finals,2026_okc_sas_api_20261005,0042500315,5,2026-05-26,1610612759,SAS,1629162,Jordan McLaughlin,1610612760,OKC,1628392,Isaiah Hartenstein,5,0.4,0.8143299999999999,13.15789,25.8,0,0,0,0,0,0,0,0,0.0,0,0,0.0,0,0,0,0,0,0,0,nba_boxscorematchupsv3
1,2025-26,Playoffs,Western Conference Finals,2026_okc_sas_api_20261005,0042500315,5,2026-05-26,1610612759,SAS,1629162,Jordan McLaughlin,1610612760,OKC,1630198,Isaiah Joe,5,0.7,19.23077,13.15789,22.6,2,4,0,0,0,0,0,0,0.0,0,0,0.0,2,2,1,0,0,0,0,nba_boxscorematchupsv3
1,2025-26,Playoffs,Western Conference Finals,2026_okc_sas_api_20261005,0042500315,5,2026-05-26,1610612759,SAS,1629162,Jordan McLaughlin,1610612760,OKC,1642272,Jared McCain,18,1.6,2.8169,47.36842,38.2,2,2,0,0,0,0,1,1,100.0,0,0,0.0,0,0,0,0,0,0,0,nba_boxscorematchupsv3
1,2025-26,Playoffs,Western Conference Finals,2026_okc_sas_api_20261005,0042500315,5,2026-05-26,1610612759,SAS,1629162,Jordan McLaughlin,1610612760,OKC,1630598,Aaron Wiggins,5,1.0,41.66667,13.15789,47.699999999999996,0,2,0,0,0,0,0,0,0.0,0,0,0.0,0,0,0,0,0,0,0,nba_boxscorematchupsv3
1,2025-26,Playoffs,Western Conference Finals,2026_okc_sas_api_20261005,0042500315,5,2026-05-26,1610612759,SAS,1629162,Jordan McLaughlin,1610612760,OKC,1629026,Kenrich Williams,4,0.8,1.48699,10.52632,16.3,0,2,0,0,0,0,0,0,0.0,0,0,0.0,0,0,0,0,0,0,0,nba_boxscorematchupsv3
1,2025-26,Playoffs,Western Conference Finals,2026_okc_sas_api_20261005,0042500316,6,2026-05-28,1610612759,SAS,1630170,Devin Vassell,1610612760,OKC,1627936,Alex Caruso,53,4.9,12.12815,10.45365,16.0,3,12,1,0,0,0,1,1,100.0,1,1,100.0,0,0,0,0,0,0,0,nba_boxscorematchupsv3
1,2025-26,Playoffs,Western Conference Finals,2026_okc_sas_api_20261005,0042500316,6,2026-05-28,1610612759,SAS,1630170,Devin Vassell,1610612760,OKC,1629652,Luguentz Dort,16,3.1,2.91439,3.1558200000000003,7.3999999999999995,3,5,0,0,0,0,1,1,100.0,1,1,100.0,0,0,0,0,0,0,0,nba_boxscorematchupsv3
1,2025-26,Playoffs,Western Conference Finals,2026_okc_sas_api_20261005,0042500316,6,2026-05-28,1610612759,SAS,1630170,Devin Vassell,1610612760,OKC,1628983,Shai Gilgeous-Alexander,113,11.3,19.31624,22.287969999999998,25.0,0,10,0,0,1,0,0,0,0.0,0,0,0.0,0,0,0,0,0,0,0,nba_boxscorematchupsv3
1,2025-26,Playoffs,Western Conference Finals,2026_okc_sas_api_20261005,0042500316,6,2026-05-28,1610612759,SAS,1630170,Devin Vassell,1610612760,OKC,1628392,Isaiah Hartenstein,8,1.8,2.5,1.5779100000000001,4.3999999999999995,0,0,0,0,0,0,0,0,0.0,0,0,0.0,0,0,0,0,0,0,0,nba_boxscorematchupsv3
1,2025-26,Playoffs,Western Conference Finals,2026_okc_sas_api_20261005,0042500316,6,2026-05-28,1610612759,SAS,1630170,Devin Vassell,1610612760,OKC,1631096,Chet Holmgren,66,9.1,12.42938,13.01775,21.2,3,11,0,0,0,0,1,2,50.0,1,2,50.0,0,0,0,0,0,0,0,nba_boxscorematchupsv3
1,2025-26,Playoffs,Western Conference Finals,2026_okc_sas_api_20261005,0042500316,6,2026-05-28,1610612759,SAS,1630170,Devin Vassell,1610612760,OKC,1642272,Jared McCain,168,10.8,23.897579999999998,33.13609,42.9,0,15,0,0,0,0,0,1,0.0,0,1,0.0,0,0,0,0,0,0,0,nba_boxscorematchupsv3
1,2025-26,Playoffs,Western Conference Finals,2026_okc_sas_api_20261005,0042500316,6,2026-05-28,1610612759,SAS,1630170,Devin Vassell,1610612760,OKC,1641717,Cason Wallace,33,4.1,7.1274299999999995,6.50888,14.2,3,7,0,0,0,0,1,2,50.0,1,2,50.0,0,0,0,0,0,0,0,nba_boxscorematchupsv3
1,2025-26,Playoffs,Western Conference Finals,2026_okc_sas_api_20261005,0042500316,6,2026-05-28,1610612759,SAS,1630170,Devin Vassell,1610612760,OKC,1631114,Jalen Williams,47,4.3,22.59615,9.27022,34.1,0,4,1,0,0,0,0,0,0.0,0,0,0.0,0,0,0,0,0,0,0,nba_boxscorematchupsv3
1,2025-26,Playoffs,Western Conference Finals,2026_okc_sas_api_20261005,0042500316,6,2026-05-28,1610612759,SAS,1630170,Devin Vassell,1610612760,OKC,1631119,Jaylin Williams,3,2.2,0.45592999999999995,0.59172,6.3,0,0,0,0,0,0,0,0,0.0,0,0,0.0,0,0,0,0,0,0,0,nba_boxscorematchupsv3
1,2025-26,Playoffs,Western Conference Finals,2026_okc_sas_api_20261005,0042500316,6,2026-05-28,1610612759,SAS,1630577,Julian Champagnie,1610612760,OKC,1627936,Alex Caruso,40,4.3,9.153319999999999,7.194240000000001,12.8,0,0,0,0,0,0,0,0,0.0,0,0,0.0,0,0,0,0,0,0,0,nba_boxscorematchupsv3
1,2025-26,Playoffs,Western Conference Finals,2026_okc_sas_api_20261005,0042500316,6,2026-05-28,1610612759,SAS,1630577,Julian Champagnie,1610612760,OKC,1629652,Luguentz Dort,19,2.3,3.4608399999999997,3.4172700000000003,16.5,0,3,0,0,0,0,0,0,0.0,0,0,0.0,0,0,0,0,0,0,0,nba_boxscorematchupsv3
1,2025-26,Playoffs,Western Conference Finals,2026_okc_sas_api_20261005,0042500316,6,2026-05-28,1610612759,SAS,1630577,Julian Champagnie,1610612760,OKC,1628983,Shai Gilgeous-Alexander,135,10.3,23.07692,24.28058,34.8,3,14,1,0,0,0,1,1,100.0,1,1,100.0,0,0,0,0,0,0,0,nba_boxscorematchupsv3
1,2025-26,Playoffs,Western Conference Finals,2026_okc_sas_api_20261005,0042500316,6,2026-05-28,1610612759,SAS,1630577,Julian Champagnie,1610612760,OKC,1628392,Isaiah Hartenstein,7,2.3,2.1875,1.2589899999999998,4.6,0,2,0,0,0,0,0,0,0.0,0,0,0.0,0,0,0,0,0,0,0,nba_boxscorematchupsv3
1,2025-26,Playoffs,Western Conference Finals,2026_okc_sas_api_20261005,0042500316,6,2026-05-28,1610612759,SAS,1630577,Julian Champagnie,1610612760,OKC,1631096,Chet Holmgren,167,11.5,31.450090000000003,30.03597,37.1,5,21,0,0,1,1,2,3,66.7,1,2,50.0,0,0,0,0,0,0,0,nba_boxscorematchupsv3
1,2025-26,Playoffs,Western Conference Finals,2026_okc_sas_api_20261005,0042500316,6,2026-05-28,1610612759,SAS,1630577,Julian Champagnie,1610612760,OKC,1630198,Isaiah Joe,39,2.3,8.55263,7.01439,52.800000000000004,2,2,0,0,0,0,1,2,50.0,0,1,0.0,0,0,0,0,0,0,0,nba_boxscorematchupsv3
1,2025-26,Playoffs,Western Conference Finals,2026_okc_sas_api_20261005,0042500316,6,2026-05-28,1610612759,SAS,1630577,Julian Champagnie,1610612760,OKC,1642272,Jared McCain,88,7.1,12.51778,15.827340000000001,20.599999999999998,0,6,0,0,0,0,0,1,0.0,0,1,0.0,0,0,0,0,0,0,0,nba_boxscorematchupsv3
1,2025-26,Playoffs,Western Conference Finals,2026_okc_sas_api_20261005,0042500316,6,2026-05-28,1610612759,SAS,1630577,Julian Champagnie,1610612760,OKC,1641717,Cason Wallace,12,2.1,2.59179,2.15827,5.8999999999999995,0,2,1,0,0,0,0,0,0.0,0,0,0.0,0,0,0,0,0,0,0,nba_boxscorematchupsv3
1,2025-26,Playoffs,Western Conference Finals,2026_okc_sas_api_20261005,0042500316,6,2026-05-28,1610612759,SAS,1630577,Julian Champagnie,1610612760,OKC,1631114,Jalen Williams,26,1.7,12.5,4.67626,18.3,0,4,0,0,0,0,0,0,0.0,0,0,0.0,0,0,0,0,0,0,0,nba_boxscorematchupsv3
1,2025-26,Playoffs,Western Conference Finals,2026_okc_sas_api_20261005,0042500316,6,2026-05-28,1610612759,SAS,1630577,Julian Champagnie,1610612760,OKC,1631119,Jaylin Williams,23,2.1,3.4954399999999994,4.13669,7.9,0,3,0,0,0,0,0,1,0.0,0,1,0.0,0,0,0,0,0,0,0,nba_boxscorematchupsv3
1,2025-26,Playoffs,Western Conference Finals,2026_okc_sas_api_20261005,0042500316,6,2026-05-28,1610612759,SAS,1641705,Victor Wembanyama,1610612760,OKC,1627936,Alex Caruso,16,2.2,3.66133,2.3845,11.700000000000001,0,0,0,0,0,0,0,0,0.0,0,0,0.0,0,0,0,0,0,0,0,nba_boxscorematchupsv3
1,2025-26,Playoffs,Western Conference Finals,2026_okc_sas_api_20261005,0042500316,6,2026-05-28,1610612759,SAS,1641705,Victor Wembanyama,1610612760,OKC,1629652,Luguentz Dort,26,3.2,4.73588,3.87481,11.3,0,0,0,0,0,1,0,0,0.0,0,0,0.0,0,0,0,0,0,0,0,nba_boxscorematchupsv3
1,2025-26,Playoffs,Western Conference Finals,2026_okc_sas_api_20261005,0042500316,6,2026-05-28,1610612759,SAS,1641705,Victor Wembanyama,1610612760,OKC,1628983,Shai Gilgeous-Alexander,12,2.6,2.05128,1.7883799999999999,3.8,2,6,0,0,0,0,1,1,100.0,0,0,0.0,0,0,0,0,0,0,0,nba_boxscorematchupsv3
1,2025-26,Playoffs,Western Conference Finals,2026_okc_sas_api_20261005,0042500316,6,2026-05-28,1610612759,SAS,1641705,Victor Wembanyama,1610612760,OKC,1628392,Isaiah Hartenstein,183,14.0,57.1875,27.27273,78.2,13,28,0,0,1,0,4,5,80.0,3,4,75.0,2,2,1,0,0,0,0,nba_boxscorematchupsv3
1,2025-26,Playoffs,Western Conference Finals,2026_okc_sas_api_20261005,0042500316,6,2026-05-28,1610612759,SAS,1641705,Victor Wembanyama,1610612760,OKC,1631096,Chet Holmgren,66,6.8,12.42938,9.83607,17.4,2,5,0,0,1,1,1,3,33.300000000000004,0,0,0.0,0,0,0,0,0,0,0,nba_boxscorematchupsv3
1,2025-26,Playoffs,Western Conference Finals,2026_okc_sas_api_20261005,0042500316,6,2026-05-28,1610612759,SAS,1641705,Victor Wembanyama,1610612760,OKC,1630198,Isaiah Joe,17,1.8,3.7280699999999998,2.5335300000000003,13.8,0,3,0,0,0,0,0,0,0.0,0,0,0.0,0,0,0,0,0,0,0,nba_boxscorematchupsv3
1,2025-26,Playoffs,Western Conference Finals,2026_okc_sas_api_20261005,0042500316,6,2026-05-28,1610612759,SAS,1641705,Victor Wembanyama,1610612760,OKC,1642272,Jared McCain,26,3.7,3.69844,3.87481,9.5,0,5,1,0,0,0,0,0,0.0,0,0,0.0,0,0,0,0,0,0,0,nba_boxscorematchupsv3
1,2025-26,Playoffs,Western Conference Finals,2026_okc_sas_api_20261005,0042500316,6,2026-05-28,1610612759,SAS,1641705,Victor Wembanyama,1610612760,OKC,1641717,Cason Wallace,29,3.5,6.2635,4.32191,13.5,2,2,0,0,0,0,0,1,0.0,0,1,0.0,2,2,0,0,0,0,0,nba_boxscorematchupsv3
1,2025-26,Playoffs,Western Conference Finals,2026_okc_sas_api_20261005,0042500316,6,2026-05-28,1610612759,SAS,1641705,Victor Wembanyama,1610612760,OKC,1631114,Jalen Williams,2,0.3,0.96154,0.29806,4.6,0,2,0,0,0,0,0,0,0.0,0,0,0.0,0,0,0,0,0,0,0,nba_boxscorematchupsv3
1,2025-26,Playoffs,Western Conference Finals,2026_okc_sas_api_20261005,0042500316,6,2026-05-28,1610612759,SAS,1641705,Victor Wembanyama,1610612760,OKC,1631119,Jaylin Williams,289,15.2,43.92097,43.07004,53.0,9,22,1,0,1,0,4,10,40.0,1,4,25.0,0,0,0,0,0,0,0,nba_boxscorematchupsv3
1,2025-26,Playoffs,Western Conference Finals,2026_okc_sas_api_20261005,0042500316,6,2026-05-28,1610612759,SAS,1641705,Victor Wembanyama,1610612760,OKC,1629026,Kenrich Williams,5,0.5,1.12867,0.74516,3.8,0,0,0,0,0,0,0,0,0.0,0,0,0.0,0,0,0,0,0,0,0,nba_boxscorematchupsv3
1,2025-26,Playoffs,Western Conference Finals,2026_okc_sas_api_20261005,0042500316,6,2026-05-28,1610612759,SAS,1642264,Stephon Castle,1610612760,OKC,1627936,Alex Caruso,112,12.2,25.629289999999997,14.85411,32.2,0,13,1,0,0,0,0,2,0.0,0,2,0.0,0,0,0,0,0,0,0,nba_boxscorematchupsv3
1,2025-26,Playoffs,Western Conference Finals,2026_okc_sas_api_20261005,0042500316,6,2026-05-28,1610612759,SAS,1642264,Stephon Castle,1610612760,OKC,1629652,Luguentz Dort,93,7.2,16.93989,12.33422,24.0,3,12,2,0,0,0,1,1,100.0,0,0,0.0,1,1,1,0,0,0,0,nba_boxscorematchupsv3
1,2025-26,Playoffs,Western Conference Finals,2026_okc_sas_api_20261005,0042500316,6,2026-05-28,1610612759,SAS,1642264,Stephon Castle,1610612760,OKC,1628983,Shai Gilgeous-Alexander,103,9.0,17.606840000000002,13.66048,22.6,2,16,3,0,0,0,1,1,100.0,0,0,0.0,0,0,0,0,0,0,0,nba_boxscorematchupsv3
1,2025-26,Playoffs,Western Conference Finals,2026_okc_sas_api_20261005,0042500316,6,2026-05-28,1610612759,SAS,1642264,Stephon Castle,1610612760,OKC,1628392,Isaiah Hartenstein,6,1.4,1.875,0.79576,4.2,0,0,0,0,0,0,0,0,0.0,0,0,0.0,0,0,0,0,0,0,0,nba_boxscorematchupsv3
1,2025-26,Playoffs,Western Conference Finals,2026_okc_sas_api_20261005,0042500316,6,2026-05-28,1610612759,SAS,1642264,Stephon Castle,1610612760,OKC,1631096,Chet Holmgren,42,5.2,7.9096,5.57029,10.5,2,2,0,0,0,0,0,0,0.0,0,0,0.0,2,2,1,0,0,0,0,nba_boxscorematchupsv3
1,2025-26,Playoffs,Western Conference Finals,2026_okc_sas_api_20261005,0042500316,6,2026-05-28,1610612759,SAS,1642264,Stephon Castle,1610612760,OKC,1630198,Isaiah Joe,72,3.2,15.78947,9.54907,30.3,0,5,1,0,0,0,0,0,0.0,0,0,0.0,0,0,0,0,0,0,0,nba_boxscorematchupsv3
1,2025-26,Playoffs,Western Conference Finals,2026_okc_sas_api_20261005,0042500316,6,2026-05-28,1610612759,SAS,1642264,Stephon Castle,1610612760,OKC,1642272,Jared McCain,125,11.1,17.78094,16.57825,20.8,2,17,1,0,0,0,0,0,0.0,0,0,0.0,2,2,1,0,0,0,0,nba_boxscorematchupsv3
1,2025-26,Playoffs,Western Conference Finals,2026_okc_sas_api_20261005,0042500316,6,2026-05-28,1610612759,SAS,1642264,Stephon Castle,1610612760,OKC,1641717,Cason Wallace,118,7.4,25.485960000000002,15.64987,35.0,0,4,0,0,1,0,0,1,0.0,0,0,0.0,0,0,0,0,0,0,0,nba_boxscorematchupsv3
1,2025-26,Playoffs,Western Conference Finals,2026_okc_sas_api_20261005,0042500316,6,2026-05-28,1610612759,SAS,1642264,Stephon Castle,1610612760,OKC,1631114,Jalen Williams,7,0.6,3.3653799999999996,0.92838,7.199999999999999,2,2,0,0,0,0,1,1,100.0,0,0,0.0,0,0,0,0,0,0,0,nba_boxscorematchupsv3
1,2025-26,Playoffs,Western Conference Finals,2026_okc_sas_api_20261005,0042500316,6,2026-05-28,1610612759,SAS,1642264,Stephon Castle,1610612760,OKC,1631119,Jaylin Williams,38,3.9,5.77508,5.03979,10.100000000000001,4,4,1,0,0,0,1,2,50.0,0,0,0.0,2,3,2,0,0,0,0,nba_boxscorematchupsv3
1,2025-26,Playoffs,Western Conference Finals,2026_okc_sas_api_20261005,0042500316,6,2026-05-28,1610612759,SAS,1642264,Stephon Castle,1610612760,OKC,1629026,Kenrich Williams,38,1.7,8.57788,5.03979,14.299999999999999,2,5,0,0,0,0,1,1,100.0,0,0,0.0,0,0,0,0,0,0,0,nba_boxscorematchupsv3
1,2025-26,Playoffs,Western Conference Finals,2026_okc_sas_api_20261005,0042500316,6,2026-05-28,1610612759,SAS,1628368,De'Aaron Fox,1610612760,OKC,1627936,Alex Caruso,110,9.0,25.17162,19.197210000000002,42.6,0,14,0,0,0,0,0,2,0.0,0,1,0.0,0,0,0,0,0,0,0,nba_boxscorematchupsv3
1,2025-26,Playoffs,Western Conference Finals,2026_okc_sas_api_20261005,0042500316,6,2026-05-28,1610612759,SAS,1628368,De'Aaron Fox,1610612760,OKC,1629652,Luguentz Dort,111,8.1,20.21858,19.37173,49.7,0,15,0,0,0,0,0,1,0.0,0,1,0.0,0,0,0,0,0,0,0,nba_boxscorematchupsv3
1,2025-26,Playoffs,Western Conference Finals,2026_okc_sas_api_20261005,0042500316,6,2026-05-28,1610612759,SAS,1628368,De'Aaron Fox,1610612760,OKC,1628983,Shai Gilgeous-Alexander,68,5.6,11.62393,11.86736,14.7,0,7,0,0,0,0,0,3,0.0,0,1,0.0,0,0,0,0,0,0,0,nba_boxscorematchupsv3
1,2025-26,Playoffs,Western Conference Finals,2026_okc_sas_api_20261005,0042500316,6,2026-05-28,1610612759,SAS,1628368,De'Aaron Fox,1610612760,OKC,1628392,Isaiah Hartenstein,21,1.7,6.5625,3.66492,8.4,0,3,0,0,0,0,0,0,0.0,0,0,0.0,0,0,0,0,0,0,0,nba_boxscorematchupsv3
1,2025-26,Playoffs,Western Conference Finals,2026_okc_sas_api_20261005,0042500316,6,2026-05-28,1610612759,SAS,1628368,De'Aaron Fox,1610612760,OKC,1631096,Chet Holmgren,12,2.5,2.25989,2.09424,5.2,2,2,1,0,0,0,1,1,100.0,0,0,0.0,0,0,0,0,0,0,0,nba_boxscorematchupsv3
1,2025-26,Playoffs,Western Conference Finals,2026_okc_sas_api_20261005,0042500316,6,2026-05-28,1610612759,SAS,1628368,De'Aaron Fox,1610612760,OKC,1630198,Isaiah Joe,16,1.0,3.50877,2.7923199999999997,13.900000000000002,0,2,0,0,0,0,0,0,0.0,0,0,0.0,0,0,0,0,0,0,0,nba_boxscorematchupsv3
1,2025-26,Playoffs,Western Conference Finals,2026_okc_sas_api_20261005,0042500316,6,2026-05-28,1610612759,SAS,1628368,De'Aaron Fox,1610612760,OKC,1642272,Jared McCain,50,4.0,7.11238,8.726,14.899999999999999,0,10,1,0,0,0,0,1,0.0,0,0,0.0,0,0,0,0,0,0,0,nba_boxscorematchupsv3
1,2025-26,Playoffs,Western Conference Finals,2026_okc_sas_api_20261005,0042500316,6,2026-05-28,1610612759,SAS,1628368,De'Aaron Fox,1610612760,OKC,1641717,Cason Wallace,130,9.9,28.07775,22.68761,40.699999999999996,1,9,0,0,0,0,0,0,0.0,0,0,0.0,1,2,0,0,0,0,0,nba_boxscorematchupsv3
1,2025-26,Playoffs,Western Conference Finals,2026_okc_sas_api_20261005,0042500316,6,2026-05-28,1610612759,SAS,1628368,De'Aaron Fox,1610612760,OKC,1631114,Jalen Williams,1,0.6,0.48077,0.17451999999999998,3.5999999999999996,0,0,0,0,0,0,0,0,0.0,0,0,0.0,0,0,0,0,0,0,0,nba_boxscorematchupsv3
1,2025-26,Playoffs,Western Conference Finals,2026_okc_sas_api_20261005,0042500316,6,2026-05-28,1610612759,SAS,1628368,De'Aaron Fox,1610612760,OKC,1631119,Jaylin Williams,34,3.9,5.1671700000000005,5.93368,14.2,0,0,1,0,0,0,0,1,0.0,0,0,0.0,0,0,0,0,0,0,0,nba_boxscorematchupsv3
1,2025-26,Playoffs,Western Conference Finals,2026_okc_sas_api_20261005,0042500316,6,2026-05-28,1610612759,SAS,1628368,De'Aaron Fox,1610612760,OKC,1629026,Kenrich Williams,20,1.9,4.51467,3.4903999999999997,15.8,2,2,0,0,0,0,0,0,0.0,0,0,0.0,2,2,0,0,0,0,0,nba_boxscorematchupsv3
1,2025-26,Playoffs,Western Conference Finals,2026_okc_sas_api_20261005,0042500316,6,2026-05-28,1610612759,SAS,1642844,Dylan Harper,1610612760,OKC,1627936,Alex Caruso,76,5.4,17.3913,14.785989999999998,24.6,2,7,0,0,0,0,1,1,100.0,0,0,0.0,0,0,0,0,0,0,0,nba_boxscorematchupsv3
1,2025-26,Playoffs,Western Conference Finals,2026_okc_sas_api_20261005,0042500316,6,2026-05-28,1610612759,SAS,1642844,Dylan Harper,1610612760,OKC,1629652,Luguentz Dort,47,4.0,8.56102,9.14397,22.8,0,3,0,0,0,0,0,0,0.0,0,0,0.0,0,0,0,0,0,0,0,nba_boxscorematchupsv3
1,2025-26,Playoffs,Western Conference Finals,2026_okc_sas_api_20261005,0042500316,6,2026-05-28,1610612759,SAS,1642844,Dylan Harper,1610612760,OKC,1628983,Shai Gilgeous-Alexander,82,8.9,14.01709,15.953310000000002,29.799999999999997,2,12,1,0,0,0,0,2,0.0,0,1,0.0,2,2,1,0,0,0,0,nba_boxscorematchupsv3
1,2025-26,Playoffs,Western Conference Finals,2026_okc_sas_api_20261005,0042500316,6,2026-05-28,1610612759,SAS,1642844,Dylan Harper,1610612760,OKC,1628392,Isaiah Hartenstein,6,0.8,1.875,1.16732,5.7,2,2,0,0,0,0,1,1,100.0,0,0,0.0,0,0,0,0,0,0,0,nba_boxscorematchupsv3
1,2025-26,Playoffs,Western Conference Finals,2026_okc_sas_api_20261005,0042500316,6,2026-05-28,1610612759,SAS,1642844,Dylan Harper,1610612760,OKC,1631096,Chet Holmgren,17,1.7,3.20151,3.3073900000000003,7.6,0,4,1,0,0,0,0,0,0.0,0,0,0.0,0,0,0,0,0,0,0,nba_boxscorematchupsv3
1,2025-26,Playoffs,Western Conference Finals,2026_okc_sas_api_20261005,0042500316,6,2026-05-28,1610612759,SAS,1642844,Dylan Harper,1610612760,OKC,1630198,Isaiah Joe,52,3.9,11.40351,10.11673,39.2,0,3,0,0,0,0,0,1,0.0,0,0,0.0,0,0,0,0,0,0,0,nba_boxscorematchupsv3
1,2025-26,Playoffs,Western Conference Finals,2026_okc_sas_api_20261005,0042500316,6,2026-05-28,1610612759,SAS,1642844,Dylan Harper,1610612760,OKC,1642272,Jared McCain,72,5.9,10.24182,14.00778,23.5,0,4,0,0,0,0,0,0,0.0,0,0,0.0,0,0,0,0,0,0,0,nba_boxscorematchupsv3
1,2025-26,Playoffs,Western Conference Finals,2026_okc_sas_api_20261005,0042500316,6,2026-05-28,1610612759,SAS,1642844,Dylan Harper,1610612760,OKC,1641717,Cason Wallace,89,7.4,19.222459999999998,17.315179999999998,28.499999999999996,8,15,0,0,1,0,3,3,100.0,2,2,100.0,0,0,0,0,0,0,0,nba_boxscorematchupsv3
1,2025-26,Playoffs,Western Conference Finals,2026_okc_sas_api_20261005,0042500316,6,2026-05-28,1610612759,SAS,1642844,Dylan Harper,1610612760,OKC,1631114,Jalen Williams,18,3.2,8.65385,3.5019500000000003,15.2,2,5,0,0,0,0,0,0,0.0,0,0,0.0,2,2,1,0,0,0,0,nba_boxscorematchupsv3
1,2025-26,Playoffs,Western Conference Finals,2026_okc_sas_api_20261005,0042500316,6,2026-05-28,1610612759,SAS,1642844,Dylan Harper,1610612760,OKC,1631119,Jaylin Williams,28,2.9,4.25532,5.44747,9.5,2,6,1,0,0,0,1,1,100.0,0,0,0.0,0,0,0,0,0,0,0,nba_boxscorematchupsv3
1,2025-26,Playoffs,Western Conference Finals,2026_okc_sas_api_20261005,0042500316,6,2026-05-28,1610612759,SAS,1642844,Dylan Harper,1610612760,OKC,1629026,Kenrich Williams,27,2.1,6.09481,5.25292,24.2,0,3,1,0,0,0,0,0,0.0,0,0,0.0,0,0,0,0,0,0,0,nba_boxscorematchupsv3
1,2025-26,Playoffs,Western Conference Finals,2026_okc_sas_api_20261005,0042500316,6,2026-05-28,1610612759,SAS,1629640,Keldon Johnson,1610612760,OKC,1627936,Alex Caruso,8,1.2,1.83066,1.7582400000000002,7.199999999999999,0,0,0,0,0,0,0,0,0.0,0,0,0.0,0,0,0,0,0,0,0,nba_boxscorematchupsv3
1,2025-26,Playoffs,Western Conference Finals,2026_okc_sas_api_20261005,0042500316,6,2026-05-28,1610612759,SAS,1629640,Keldon Johnson,1610612760,OKC,1629652,Luguentz Dort,39,2.3,7.10383,8.57143,16.1,0,2,0,0,0,0,0,1,0.0,0,1,0.0,0,0,0,0,0,0,0,nba_boxscorematchupsv3
1,2025-26,Playoffs,Western Conference Finals,2026_okc_sas_api_20261005,0042500316,6,2026-05-28,1610612759,SAS,1629640,Keldon Johnson,1610612760,OKC,1628983,Shai Gilgeous-Alexander,22,1.8,3.7606800000000002,4.83516,10.7,0,2,0,0,0,0,0,0,0.0,0,0,0.0,0,0,0,0,0,0,0,nba_boxscorematchupsv3
1,2025-26,Playoffs,Western Conference Finals,2026_okc_sas_api_20261005,0042500316,6,2026-05-28,1610612759,SAS,1629640,Keldon Johnson,1610612760,OKC,1628392,Isaiah Hartenstein,6,0.9,1.875,1.31868,8.9,0,0,0,0,0,0,0,0,0.0,0,0,0.0,0,0,0,0,0,0,0,nba_boxscorematchupsv3
1,2025-26,Playoffs,Western Conference Finals,2026_okc_sas_api_20261005,0042500316,6,2026-05-28,1610612759,SAS,1629640,Keldon Johnson,1610612760,OKC,1631096,Chet Holmgren,76,6.3,14.31262,16.7033,45.2,0,6,0,0,0,0,0,1,0.0,0,0,0.0,0,0,0,0,0,0,0,nba_boxscorematchupsv3
1,2025-26,Playoffs,Western Conference Finals,2026_okc_sas_api_20261005,0042500316,6,2026-05-28,1610612759,SAS,1629640,Keldon Johnson,1610612760,OKC,1630198,Isaiah Joe,45,2.7,9.86842,9.89011,12.4,4,6,0,0,0,0,2,2,100.0,0,0,0.0,0,0,0,0,0,0,0,nba_boxscorematchupsv3
1,2025-26,Playoffs,Western Conference Finals,2026_okc_sas_api_20261005,0042500316,6,2026-05-28,1610612759,SAS,1629640,Keldon Johnson,1610612760,OKC,1642272,Jared McCain,63,4.4,8.96159,13.846149999999998,22.7,0,6,0,0,0,0,0,0,0.0,0,0,0.0,0,0,0,0,0,0,0,nba_boxscorematchupsv3
1,2025-26,Playoffs,Western Conference Finals,2026_okc_sas_api_20261005,0042500316,6,2026-05-28,1610612759,SAS,1629640,Keldon Johnson,1610612760,OKC,1642260,Nikola Topić,3,0.2,1.8181800000000001,0.65934,9.9,0,0,0,0,0,0,0,0,0.0,0,0,0.0,0,0,0,0,0,0,0,nba_boxscorematchupsv3
1,2025-26,Playoffs,Western Conference Finals,2026_okc_sas_api_20261005,0042500316,6,2026-05-28,1610612759,SAS,1629640,Keldon Johnson,1610612760,OKC,1641717,Cason Wallace,16,1.5,3.4557200000000003,3.5164800000000005,13.700000000000001,3,5,0,0,1,0,1,1,100.0,1,1,100.0,0,0,0,0,0,0,0,nba_boxscorematchupsv3
1,2025-26,Playoffs,Western Conference Finals,2026_okc_sas_api_20261005,0042500316,6,2026-05-28,1610612759,SAS,1629640,Keldon Johnson,1610612760,OKC,1630598,Aaron Wiggins,8,0.5,4.10256,1.7582400000000002,17.9,0,0,0,0,0,0,0,0,0.0,0,0,0.0,0,0,0,0,0,0,0,nba_boxscorematchupsv3
1,2025-26,Playoffs,Western Conference Finals,2026_okc_sas_api_20261005,0042500316,6,2026-05-28,1610612759,SAS,1629640,Keldon Johnson,1610612760,OKC,1631114,Jalen Williams,52,4.3,25.0,11.42857,68.7,2,7,0,0,0,0,1,1,100.0,0,0,0.0,0,0,0,0,0,0,0,nba_boxscorematchupsv3
1,2025-26,Playoffs,Western Conference Finals,2026_okc_sas_api_20261005,0042500316,6,2026-05-28,1610612759,SAS,1629640,Keldon Johnson,1610612760,OKC,1631119,Jaylin Williams,36,5.8,5.47112,7.912089999999999,14.799999999999999,0,2,0,0,0,0,0,1,0.0,0,1,0.0,0,0,0,0,0,0,0,nba_boxscorematchupsv3
1,2025-26,Playoffs,Western Conference Finals,2026_okc_sas_api_20261005,0042500316,6,2026-05-28,1610612759,SAS,1629640,Keldon Johnson,1610612760,OKC,1629026,Kenrich Williams,81,3.4,18.28442,17.802200000000003,26.700000000000003,0,3,0,0,0,0,0,0,0.0,0,0,0.0,0,0,0,0,0,0,0,nba_boxscorematchupsv3
1,2025-26,Playoffs,Western Conference Finals,2026_okc_sas_api_20261005,0042500316,6,2026-05-28,1610612759,SAS,1628436,Luke Kornet,1610612760,OKC,1627936,Alex Caruso,11,1.8,2.51716,3.0054600000000002,8.0,0,2,0,0,0,0,0,0,0.0,0,0,0.0,0,0,0,0,0,0,0,nba_boxscorematchupsv3
1,2025-26,Playoffs,Western Conference Finals,2026_okc_sas_api_20261005,0042500316,6,2026-05-28,1610612759,SAS,1628436,Luke Kornet,1610612760,OKC,1629652,Luguentz Dort,5,1.3,0.91075,1.36612,9.1,2,2,0,0,0,0,1,1,100.0,0,0,0.0,0,0,0,0,0,0,0,nba_boxscorematchupsv3
1,2025-26,Playoffs,Western Conference Finals,2026_okc_sas_api_20261005,0042500316,6,2026-05-28,1610612759,SAS,1628436,Luke Kornet,1610612760,OKC,1628983,Shai Gilgeous-Alexander,12,1.4,2.05128,3.27869,6.5,0,3,1,0,0,0,0,0,0.0,0,0,0.0,0,0,0,0,0,0,0,nba_boxscorematchupsv3
1,2025-26,Playoffs,Western Conference Finals,2026_okc_sas_api_20261005,0042500316,6,2026-05-28,1610612759,SAS,1628436,Luke Kornet,1610612760,OKC,1628392,Isaiah Hartenstein,83,8.2,25.937500000000004,22.6776,77.8,0,10,0,0,1,0,0,0,0.0,0,0,0.0,0,0,0,0,0,0,0,nba_boxscorematchupsv3
1,2025-26,Playoffs,Western Conference Finals,2026_okc_sas_api_20261005,0042500316,6,2026-05-28,1610612759,SAS,1628436,Luke Kornet,1610612760,OKC,1631096,Chet Holmgren,26,3.5,4.89642,7.10383,27.700000000000003,0,5,0,0,0,0,0,0,0.0,0,0,0.0,0,0,0,0,0,0,0,nba_boxscorematchupsv3
1,2025-26,Playoffs,Western Conference Finals,2026_okc_sas_api_20261005,0042500316,6,2026-05-28,1610612759,SAS,1628436,Luke Kornet,1610612760,OKC,1630198,Isaiah Joe,3,0.2,0.6578900000000001,0.8196699999999999,2.1,1,1,0,0,0,0,0,0,0.0,0,0,0.0,1,2,1,0,0,0,0,nba_boxscorematchupsv3
1,2025-26,Playoffs,Western Conference Finals,2026_okc_sas_api_20261005,0042500316,6,2026-05-28,1610612759,SAS,1628436,Luke Kornet,1610612760,OKC,1642272,Jared McCain,28,1.1,3.9829299999999996,7.650270000000001,10.4,0,1,0,0,0,0,0,0,0.0,0,0,0.0,0,0,0,0,0,0,0,nba_boxscorematchupsv3
1,2025-26,Playoffs,Western Conference Finals,2026_okc_sas_api_20261005,0042500316,6,2026-05-28,1610612759,SAS,1628436,Luke Kornet,1610612760,OKC,1641717,Cason Wallace,7,1.8,1.51188,1.9125699999999999,5.800000000000001,0,0,0,0,0,0,0,1,0.0,0,0,0.0,0,0,0,0,0,0,0,nba_boxscorematchupsv3
1,2025-26,Playoffs,Western Conference Finals,2026_okc_sas_api_20261005,0042500316,6,2026-05-28,1610612759,SAS,1628436,Luke Kornet,1610612760,OKC,1630598,Aaron Wiggins,5,0.0,2.5641000000000003,1.36612,13.100000000000001,0,0,0,0,0,0,0,0,0.0,0,0,0.0,0,0,0,0,0,0,0,nba_boxscorematchupsv3
1,2025-26,Playoffs,Western Conference Finals,2026_okc_sas_api_20261005,0042500316,6,2026-05-28,1610612759,SAS,1628436,Luke Kornet,1610612760,OKC,1631114,Jalen Williams,2,0.3,0.96154,0.54645,3.3000000000000003,0,0,0,0,0,0,0,0,0.0,0,0,0.0,0,0,0,0,0,0,0,nba_boxscorematchupsv3
1,2025-26,Playoffs,Western Conference Finals,2026_okc_sas_api_20261005,0042500316,6,2026-05-28,1610612759,SAS,1628436,Luke Kornet,1610612760,OKC,1631119,Jaylin Williams,181,8.9,27.5076,49.45355,72.7,0,16,0,0,0,0,0,0,0.0,0,0,0.0,0,0,0,0,0,0,0,nba_boxscorematchupsv3
1,2025-26,Playoffs,Western Conference Finals,2026_okc_sas_api_20261005,0042500316,6,2026-05-28,1610612759,SAS,1628436,Luke Kornet,1610612760,OKC,1629026,Kenrich Williams,3,0.1,0.6772,0.8196699999999999,4.3,0,0,0,0,0,0,0,0,0.0,0,0,0.0,0,0,0,0,0,0,0,nba_boxscorematchupsv3
1,2025-26,Playoffs,Western Conference Finals,2026_okc_sas_api_20261005,0042500316,6,2026-05-28,1610612759,SAS,203084,Harrison Barnes,1610612760,OKC,1627936,Alex Caruso,9,0.4,2.0595,2.267,10.0,0,0,0,0,0,0,0,0,0.0,0,0,0.0,0,0,0,0,0,0,0,nba_boxscorematchupsv3
1,2025-26,Playoffs,Western Conference Finals,2026_okc_sas_api_20261005,0042500316,6,2026-05-28,1610612759,SAS,203084,Harrison Barnes,1610612760,OKC,1629652,Luguentz Dort,50,2.3,9.10747,12.59446,25.8,0,1,0,0,0,0,0,0,0.0,0,0,0.0,0,0,0,0,0,0,0,nba_boxscorematchupsv3
1,2025-26,Playoffs,Western Conference Finals,2026_okc_sas_api_20261005,0042500316,6,2026-05-28,1610612759,SAS,203084,Harrison Barnes,1610612760,OKC,1628983,Shai Gilgeous-Alexander,13,0.5,2.22222,3.27456,11.200000000000001,0,2,0,0,0,0,0,0,0.0,0,0,0.0,0,0,0,0,0,0,0,nba_boxscorematchupsv3
1,2025-26,Playoffs,Western Conference Finals,2026_okc_sas_api_20261005,0042500316,6,2026-05-28,1610612759,SAS,203084,Harrison Barnes,1610612760,OKC,1631096,Chet Holmgren,59,2.2,11.11111,14.861460000000001,35.3,0,3,0,0,0,0,0,0,0.0,0,0,0.0,0,0,0,0,0,0,0,nba_boxscorematchupsv3
1,2025-26,Playoffs,Western Conference Finals,2026_okc_sas_api_20261005,0042500316,6,2026-05-28,1610612759,SAS,203084,Harrison Barnes,1610612760,OKC,1630198,Isaiah Joe,36,3.2,7.8947400000000005,9.06801,14.6,3,3,0,0,0,0,1,2,50.0,1,2,50.0,0,0,0,0,0,0,0,nba_boxscorematchupsv3
1,2025-26,Playoffs,Western Conference Finals,2026_okc_sas_api_20261005,0042500316,6,2026-05-28,1610612759,SAS,203084,Harrison Barnes,1610612760,OKC,1642272,Jared McCain,53,2.9,7.5391200000000005,13.350129999999998,15.1,0,2,0,0,0,0,0,1,0.0,0,1,0.0,0,0,0,0,0,0,0,nba_boxscorematchupsv3
1,2025-26,Playoffs,Western Conference Finals,2026_okc_sas_api_20261005,0042500316,6,2026-05-28,1610612759,SAS,203084,Harrison Barnes,1610612760,OKC,1641717,Cason Wallace,16,0.5,3.4557200000000003,4.0302299999999995,9.5,0,0,0,0,0,0,0,0,0.0,0,0,0.0,0,0,0,0,0,0,0,nba_boxscorematchupsv3
1,2025-26,Playoffs,Western Conference Finals,2026_okc_sas_api_20261005,0042500316,6,2026-05-28,1610612759,SAS,203084,Harrison Barnes,1610612760,OKC,1630598,Aaron Wiggins,26,1.6,13.333329999999998,6.54912,47.699999999999996,0,2,0,0,0,0,0,0,0.0,0,0,0.0,0,0,0,0,0,0,0,nba_boxscorematchupsv3
1,2025-26,Playoffs,Western Conference Finals,2026_okc_sas_api_20261005,0042500316,6,2026-05-28,1610612759,SAS,203084,Harrison Barnes,1610612760,OKC,1631114,Jalen Williams,28,1.5,13.46154,7.052899999999999,66.7,0,3,0,0,0,0,0,0,0.0,0,0,0.0,0,0,0,0,0,0,0,nba_boxscorematchupsv3
1,2025-26,Playoffs,Western Conference Finals,2026_okc_sas_api_20261005,0042500316,6,2026-05-28,1610612759,SAS,203084,Harrison Barnes,1610612760,OKC,1631119,Jaylin Williams,25,2.8,3.79939,6.29723,8.9,0,4,0,0,0,0,0,0,0.0,0,0,0.0,0,0,0,0,0,0,0,nba_boxscorematchupsv3
1,2025-26,Playoffs,Western Conference Finals,2026_okc_sas_api_20261005,0042500316,6,2026-05-28,1610612759,SAS,203084,Harrison Barnes,1610612760,OKC,1629026,Kenrich Williams,82,6.1,18.51016,20.65491,32.1,3,9,0,0,1,0,1,1,100.0,1,1,100.0,0,0,0,0,0,0,0,nba_boxscorematchupsv3
1,2025-26,Playoffs,Western Conference Finals,2026_okc_sas_api_20261005,0042500316,6,2026-05-28,1610612759,SAS,1642868,Carter Bryant,1610612760,OKC,1627936,Alex Caruso,2,0.4,0.45767,1.14286,5.5,0,0,0,0,0,0,0,0,0.0,0,0,0.0,0,0,0,0,0,0,0,nba_boxscorematchupsv3
1,2025-26,Playoffs,Western Conference Finals,2026_okc_sas_api_20261005,0042500316,6,2026-05-28,1610612759,SAS,1642868,Carter Bryant,1610612760,OKC,1629652,Luguentz Dort,18,1.0,3.27869,10.28571,16.900000000000002,2,4,0,0,0,0,1,1,100.0,0,0,0.0,0,0,0,0,0,0,0,nba_boxscorematchupsv3
1,2025-26,Playoffs,Western Conference Finals,2026_okc_sas_api_20261005,0042500316,6,2026-05-28,1610612759,SAS,1642868,Carter Bryant,1610612760,OKC,1628983,Shai Gilgeous-Alexander,25,4.5,4.2735,14.285709999999998,44.5,0,3,0,0,0,0,0,0,0.0,0,0,0.0,0,0,0,0,0,0,0,nba_boxscorematchupsv3
1,2025-26,Playoffs,Western Conference Finals,2026_okc_sas_api_20261005,0042500316,6,2026-05-28,1610612759,SAS,1642868,Carter Bryant,1610612760,OKC,1630198,Isaiah Joe,11,0.1,2.41228,6.28571,9.0,0,0,0,0,0,0,0,0,0.0,0,0,0.0,0,0,0,0,0,0,0,nba_boxscorematchupsv3
1,2025-26,Playoffs,Western Conference Finals,2026_okc_sas_api_20261005,0042500316,6,2026-05-28,1610612759,SAS,1642868,Carter Bryant,1610612760,OKC,1642272,Jared McCain,8,0.6,1.13798,4.57143,10.5,0,0,0,0,0,0,0,0,0.0,0,0,0.0,0,0,0,0,0,0,0,nba_boxscorematchupsv3
1,2025-26,Playoffs,Western Conference Finals,2026_okc_sas_api_20261005,0042500316,6,2026-05-28,1610612759,SAS,1642868,Carter Bryant,1610612760,OKC,1642260,Nikola Topić,15,0.9,9.090910000000001,8.57143,33.1,0,2,0,0,1,0,0,0,0.0,0,0,0.0,0,0,0,0,0,0,0,nba_boxscorematchupsv3
1,2025-26,Playoffs,Western Conference Finals,2026_okc_sas_api_20261005,0042500316,6,2026-05-28,1610612759,SAS,1642868,Carter Bryant,1610612760,OKC,1641717,Cason Wallace,13,0.8,2.80778,7.42857,14.2,0,2,0,0,0,0,0,0,0.0,0,0,0.0,0,0,0,0,0,0,0,nba_boxscorematchupsv3
1,2025-26,Playoffs,Western Conference Finals,2026_okc_sas_api_20261005,0042500316,6,2026-05-28,1610612759,SAS,1642868,Carter Bryant,1610612760,OKC,1630598,Aaron Wiggins,13,0.6,6.66667,7.42857,12.6,0,0,0,0,0,0,0,0,0.0,0,0,0.0,0,0,0,0,0,0,0,nba_boxscorematchupsv3
1,2025-26,Playoffs,Western Conference Finals,2026_okc_sas_api_20261005,0042500316,6,2026-05-28,1610612759,SAS,1642868,Carter Bryant,1610612760,OKC,1631114,Jalen Williams,25,1.2,12.01923,14.285709999999998,42.4,0,0,0,0,0,0,0,1,0.0,0,1,0.0,0,0,0,0,0,0,0,nba_boxscorematchupsv3
1,2025-26,Playoffs,Western Conference Finals,2026_okc_sas_api_20261005,0042500316,6,2026-05-28,1610612759,SAS,1642868,Carter Bryant,1610612760,OKC,1631119,Jaylin Williams,1,0.5,0.15198,0.57143,6.0,0,0,0,0,0,0,0,0,0.0,0,0,0.0,0,0,0,0,0,0,0,nba_boxscorematchupsv3
1,2025-26,Playoffs,Western Conference Finals,2026_okc_sas_api_20261005,0042500316,6,2026-05-28,1610612759,SAS,1642868,Carter Bryant,1610612760,OKC,1629026,Kenrich Williams,44,3.3,9.93228,25.14286,46.0,0,3,0,0,0,0,0,1,0.0,0,1,0.0,0,0,0,0,0,0,0,nba_boxscorematchupsv3
1,2025-26,Playoffs,Western Conference Finals,2026_okc_sas_api_20261005,0042500316,6,2026-05-28,1610612759,SAS,1629162,Jordan McLaughlin,1610612760,OKC,1629652,Luguentz Dort,28,2.6,5.10018,14.43299,24.2,0,0,0,0,0,0,0,0,0.0,0,0,0.0,0,0,0,0,0,0,0,nba_boxscorematchupsv3
1,2025-26,Playoffs,Western Conference Finals,2026_okc_sas_api_20261005,0042500316,6,2026-05-28,1610612759,SAS,1629162,Jordan McLaughlin,1610612760,OKC,1630198,Isaiah Joe,84,5.8,18.42105,43.29897,37.3,0,5,0,0,0,0,0,0,0.0,0,0,0.0,0,0,0,0,0,0,0,nba_boxscorematchupsv3
1,2025-26,Playoffs,Western Conference Finals,2026_okc_sas_api_20261005,0042500316,6,2026-05-28,1610612759,SAS,1629162,Jordan McLaughlin,1610612760,OKC,1642272,Jared McCain,20,0.9,2.84495,10.30928,29.7,0,2,0,0,0,0,0,0,0.0,0,0,0.0,0,0,0,0,0,0,0,nba_boxscorematchupsv3
1,2025-26,Playoffs,Western Conference Finals,2026_okc_sas_api_20261005,0042500316,6,2026-05-28,1610612759,SAS,1629162,Jordan McLaughlin,1610612760,OKC,1642260,Nikola Topić,36,2.8,21.81818,18.5567,24.7,0,0,0,0,0,0,0,0,0.0,0,0,0.0,0,0,0,0,0,0,0,nba_boxscorematchupsv3
1,2025-26,Playoffs,Western Conference Finals,2026_okc_sas_api_20261005,0042500316,6,2026-05-28,1610612759,SAS,1629162,Jordan McLaughlin,1610612760,OKC,1630598,Aaron Wiggins,8,1.2,4.10256,4.12371,7.7,0,2,1,0,0,0,0,1,0.0,0,1,0.0,0,0,0,0,0,0,0,nba_boxscorematchupsv3
1,2025-26,Playoffs,Western Conference Finals,2026_okc_sas_api_20261005,0042500316,6,2026-05-28,1610612759,SAS,1629162,Jordan McLaughlin,1610612760,OKC,1629026,Kenrich Williams,18,0.8,4.06321,9.27835,8.200000000000001,0,2,1,0,0,0,0,1,0.0,0,0,0.0,0,0,0,0,0,0,0,nba_boxscorematchupsv3
1,2025-26,Playoffs,Western Conference Finals,2026_okc_sas_api_20261005,0042500316,6,2026-05-28,1610612759,SAS,1630322,Lindy Waters III,1610612760,OKC,1629652,Luguentz Dort,5,0.7,0.91075,3.1055900000000003,7.8,0,0,0,0,0,0,0,1,0.0,0,1,0.0,0,0,0,0,0,0,0,nba_boxscorematchupsv3
1,2025-26,Playoffs,Western Conference Finals,2026_okc_sas_api_20261005,0042500316,6,2026-05-28,1610612759,SAS,1630322,Lindy Waters III,1610612760,OKC,1630198,Isaiah Joe,52,3.2,11.40351,32.29814,30.3,0,2,0,0,0,0,0,0,0.0,0,0,0.0,0,0,0,0,0,0,0,nba_boxscorematchupsv3
1,2025-26,Playoffs,Western Conference Finals,2026_okc_sas_api_20261005,0042500316,6,2026-05-28,1610612759,SAS,1630322,Lindy Waters III,1610612760,OKC,1642272,Jared McCain,2,0.1,0.2845,1.24224,6.9,0,0,0,0,0,0,0,0,0.0,0,0,0.0,0,0,0,0,0,0,0,nba_boxscorematchupsv3
1,2025-26,Playoffs,Western Conference Finals,2026_okc_sas_api_20261005,0042500316,6,2026-05-28,1610612759,SAS,1630322,Lindy Waters III,1610612760,OKC,1642260,Nikola Topić,46,3.0,27.87879,28.57143,28.1,0,0,0,0,0,0,0,0,0.0,0,0,0.0,0,0,0,0,0,0,0,nba_boxscorematchupsv3
1,2025-26,Playoffs,Western Conference Finals,2026_okc_sas_api_20261005,0042500316,6,2026-05-28,1610612759,SAS,1630322,Lindy Waters III,1610612760,OKC,1630598,Aaron Wiggins,22,3.0,11.28205,13.664599999999998,15.4,0,3,1,0,0,0,0,0,0.0,0,0,0.0,0,0,0,0,0,0,0,nba_boxscorematchupsv3
1,2025-26,Playoffs,Western Conference Finals,2026_okc_sas_api_20261005,0042500316,6,2026-05-28,1610612759,SAS,1630322,Lindy Waters III,1610612760,OKC,1629026,Kenrich Williams,34,1.6,7.674939999999999,21.11801,15.0,2,2,0,0,0,0,1,1,100.0,0,0,0.0,0,0,0,0,0,0,0,nba_boxscorematchupsv3
1,2025-26,Playoffs,Western Conference Finals,2026_okc_sas_api_20261005,0042500316,6,2026-05-28,1610612759,SAS,203482,Kelly Olynyk,1610612760,OKC,1629652,Luguentz Dort,2,0.1,0.3643,1.4705899999999998,1.0999999999999999,0,0,0,0,0,0,0,0,0.0,0,0,0.0,0,0,0,0,0,0,0,nba_boxscorematchupsv3
1,2025-26,Playoffs,Western Conference Finals,2026_okc_sas_api_20261005,0042500316,6,2026-05-28,1610612759,SAS,203482,Kelly Olynyk,1610612760,OKC,1630198,Isaiah Joe,12,1.8,2.63158,8.82353,17.7,1,1,0,0,0,0,0,0,0.0,0,0,0.0,1,2,0,0,0,0,0,nba_boxscorematchupsv3
1,2025-26,Playoffs,Western Conference Finals,2026_okc_sas_api_20261005,0042500316,6,2026-05-28,1610612759,SAS,203482,Kelly Olynyk,1610612760,OKC,1642260,Nikola Topić,25,2.9,15.15152,18.38235,18.6,3,5,0,0,0,0,1,1,100.0,0,0,0.0,1,1,1,0,0,0,0,nba_boxscorematchupsv3
1,2025-26,Playoffs,Western Conference Finals,2026_okc_sas_api_20261005,0042500316,6,2026-05-28,1610612759,SAS,203482,Kelly Olynyk,1610612760,OKC,1630598,Aaron Wiggins,86,5.0,44.102560000000004,63.23529,51.2,0,0,0,0,0,0,0,1,0.0,0,0,0.0,0,0,0,0,0,0,0,nba_boxscorematchupsv3
1,2025-26,Playoffs,Western Conference Finals,2026_okc_sas_api_20261005,0042500316,6,2026-05-28,1610612759,SAS,203482,Kelly Olynyk,1610612760,OKC,1629026,Kenrich Williams,11,0.9,2.48307,8.088239999999999,8.9,2,2,0,0,0,0,1,1,100.0,0,0,0.0,0,0,0,0,0,0,0,nba_boxscorematchupsv3
1,2025-26,Playoffs,Western Conference Finals,2026_okc_sas_api_20261005,0042500316,6,2026-05-28,1610612759,SAS,202687,Bismack Biyombo,1610612760,OKC,1629652,Luguentz Dort,42,3.5,7.650270000000001,30.0,36.6,0,2,0,0,0,0,0,1,0.0,0,0,0.0,0,0,0,0,0,0,0,nba_boxscorematchupsv3
1,2025-26,Playoffs,Western Conference Finals,2026_okc_sas_api_20261005,0042500316,6,2026-05-28,1610612759,SAS,202687,Bismack Biyombo,1610612760,OKC,1630198,Isaiah Joe,6,1.1,1.31579,4.28571,7.7,0,0,0,0,0,0,0,0,0.0,0,0,0.0,0,0,0,0,0,0,0,nba_boxscorematchupsv3
1,2025-26,Playoffs,Western Conference Finals,2026_okc_sas_api_20261005,0042500316,6,2026-05-28,1610612759,SAS,202687,Bismack Biyombo,1610612760,OKC,1642260,Nikola Topić,28,1.4,16.9697,20.0,13.600000000000001,0,0,0,0,0,0,0,0,0.0,0,0,0.0,0,0,0,0,0,0,0,nba_boxscorematchupsv3
1,2025-26,Playoffs,Western Conference Finals,2026_okc_sas_api_20261005,0042500316,6,2026-05-28,1610612759,SAS,202687,Bismack Biyombo,1610612760,OKC,1630598,Aaron Wiggins,20,1.5,10.25641,14.285709999999998,17.2,0,2,0,0,0,0,0,0,0.0,0,0,0.0,0,0,0,0,0,0,0,nba_boxscorematchupsv3
1,2025-26,Playoffs,Western Conference Finals,2026_okc_sas_api_20261005,0042500316,6,2026-05-28,1610612759,SAS,202687,Bismack Biyombo,1610612760,OKC,1629026,Kenrich Williams,44,4.0,9.93228,31.42857,28.299999999999997,0,3,0,0,0,0,0,0,0.0,0,0,0.0,0,0,0,0,0,0,0,nba_boxscorematchupsv3
1,2025-26,Playoffs,Western Conference Finals,2026_okc_sas_api_20261005,0042500316,6,2026-05-28,1610612759,SAS,203486,Mason Plumlee,1610612760,OKC,1629652,Luguentz Dort,48,3.3,8.74317,42.10526,27.400000000000002,0,5,0,0,0,0,0,0,0.0,0,0,0.0,0,0,0,0,0,0,0,nba_boxscorematchupsv3
1,2025-26,Playoffs,Western Conference Finals,2026_okc_sas_api_20261005,0042500316,6,2026-05-28,1610612759,SAS,203486,Mason Plumlee,1610612760,OKC,1630198,Isaiah Joe,11,0.7,2.41228,9.64912,10.100000000000001,0,0,0,0,0,0,0,0,0.0,0,0,0.0,0,0,0,0,0,0,0,nba_boxscorematchupsv3
1,2025-26,Playoffs,Western Conference Finals,2026_okc_sas_api_20261005,0042500316,6,2026-05-28,1610612759,SAS,203486,Mason Plumlee,1610612760,OKC,1642260,Nikola Topić,12,0.9,7.272729999999999,10.52632,10.7,0,2,0,0,0,0,0,0,0.0,0,0,0.0,0,0,0,0,0,0,0,nba_boxscorematchupsv3
1,2025-26,Playoffs,Western Conference Finals,2026_okc_sas_api_20261005,0042500316,6,2026-05-28,1610612759,SAS,203486,Mason Plumlee,1610612760,OKC,1630598,Aaron Wiggins,7,0.5,3.5897400000000004,6.14035,7.3,0,0,0,0,0,0,0,0,0.0,0,0,0.0,0,0,0,0,0,0,0,nba_boxscorematchupsv3
1,2025-26,Playoffs,Western Conference Finals,2026_okc_sas_api_20261005,0042500316,6,2026-05-28,1610612759,SAS,203486,Mason Plumlee,1610612760,OKC,1629026,Kenrich Williams,36,3.6,8.12641,31.57895,44.1,0,0,0,0,0,0,0,0,0.0,0,0,0.0,0,0,0,0,0,0,0,nba_boxscorematchupsv3
1,2025-26,Playoffs,Western Conference Finals,2026_okc_sas_api_20261005,0042500316,6,2026-05-28,1610612760,OKC,1629652,Luguentz Dort,1610612759,SAS,202687,Bismack Biyombo,53,6.8,51.45631,10.90535,59.5,0,5,0,0,0,0,0,1,0.0,0,1,0.0,0,0,0,0,0,0,0,nba_boxscorematchupsv3
1,2025-26,Playoffs,Western Conference Finals,2026_okc_sas_api_20261005,0042500316,6,2026-05-28,1610612760,OKC,1629652,Luguentz Dort,1610612759,SAS,1642868,Carter Bryant,14,2.0,6.96517,2.88066,17.299999999999997,0,0,0,0,0,0,0,0,0.0,0,0,0.0,0,0,0,0,0,0,0,nba_boxscorematchupsv3
1,2025-26,Playoffs,Western Conference Finals,2026_okc_sas_api_20261005,0042500316,6,2026-05-28,1610612760,OKC,1629652,Luguentz Dort,1610612759,SAS,1642264,Stephon Castle,25,2.2,3.31126,5.14403,7.8,0,5,0,0,0,0,0,1,0.0,0,1,0.0,0,0,0,0,0,0,0,nba_boxscorematchupsv3
1,2025-26,Playoffs,Western Conference Finals,2026_okc_sas_api_20261005,0042500316,6,2026-05-28,1610612760,OKC,1629652,Luguentz Dort,1610612759,SAS,1630577,Julian Champagnie,98,6.0,17.10297,20.16461,60.9,3,7,0,0,0,0,1,2,50.0,1,2,50.0,0,0,0,0,0,0,0,nba_boxscorematchupsv3
1,2025-26,Playoffs,Western Conference Finals,2026_okc_sas_api_20261005,0042500316,6,2026-05-28,1610612760,OKC,1629652,Luguentz Dort,1610612759,SAS,1628368,De'Aaron Fox,17,2.7,2.92096,3.4979400000000003,8.200000000000001,0,0,0,0,0,0,0,1,0.0,0,1,0.0,0,0,0,0,0,0,0,nba_boxscorematchupsv3
1,2025-26,Playoffs,Western Conference Finals,2026_okc_sas_api_20261005,0042500316,6,2026-05-28,1610612760,OKC,1629652,Luguentz Dort,1610612759,SAS,1642844,Dylan Harper,27,1.6,5.23256,5.55556,13.3,0,4,0,0,1,0,0,1,0.0,0,1,0.0,0,0,0,0,0,0,0,nba_boxscorematchupsv3
1,2025-26,Playoffs,Western Conference Finals,2026_okc_sas_api_20261005,0042500316,6,2026-05-28,1610612760,OKC,1629652,Luguentz Dort,1610612759,SAS,1629640,Keldon Johnson,37,3.4,10.0271,7.613169999999999,22.6,0,3,0,0,0,0,0,0,0.0,0,0,0.0,0,0,0,0,0,0,0,nba_boxscorematchupsv3
1,2025-26,Playoffs,Western Conference Finals,2026_okc_sas_api_20261005,0042500316,6,2026-05-28,1610612760,OKC,1629652,Luguentz Dort,1610612759,SAS,1628436,Luke Kornet,15,0.9,4.7619,3.08642,36.5,0,0,0,0,0,0,0,0,0.0,0,0,0.0,0,0,0,0,0,0,0,nba_boxscorematchupsv3
1,2025-26,Playoffs,Western Conference Finals,2026_okc_sas_api_20261005,0042500316,6,2026-05-28,1610612760,OKC,1629652,Luguentz Dort,1610612759,SAS,1629162,Jordan McLaughlin,14,1.1,9.21053,2.88066,10.5,0,2,0,0,0,0,0,0,0.0,0,0,0.0,0,0,0,0,0,0,0,nba_boxscorematchupsv3
1,2025-26,Playoffs,Western Conference Finals,2026_okc_sas_api_20261005,0042500316,6,2026-05-28,1610612760,OKC,1629652,Luguentz Dort,1610612759,SAS,203482,Kelly Olynyk,3,0.4,2.91262,0.61728,4.1000000000000005,0,0,0,0,0,0,0,0,0.0,0,0,0.0,0,0,0,0,0,0,0,nba_boxscorematchupsv3
1,2025-26,Playoffs,Western Conference Finals,2026_okc_sas_api_20261005,0042500316,6,2026-05-28,1610612760,OKC,1629652,Luguentz Dort,1610612759,SAS,203486,Mason Plumlee,16,0.5,16.49485,3.29218,12.8,0,0,0,0,0,0,0,1,0.0,0,1,0.0,0,0,0,0,0,0,0,nba_boxscorematchupsv3
1,2025-26,Playoffs,Western Conference Finals,2026_okc_sas_api_20261005,0042500316,6,2026-05-28,1610612760,OKC,1629652,Luguentz Dort,1610612759,SAS,1630170,Devin Vassell,25,2.0,3.78215,5.14403,8.0,0,4,0,0,0,0,0,1,0.0,0,1,0.0,0,0,0,0,0,0,0,nba_boxscorematchupsv3
1,2025-26,Playoffs,Western Conference Finals,2026_okc_sas_api_20261005,0042500316,6,2026-05-28,1610612760,OKC,1629652,Luguentz Dort,1610612759,SAS,1630322,Lindy Waters III,13,0.9,10.0,2.6749,9.0,0,0,0,0,0,0,0,0,0.0,0,0,0.0,0,0,0,0,0,0,0,nba_boxscorematchupsv3
1,2025-26,Playoffs,Western Conference Finals,2026_okc_sas_api_20261005,0042500316,6,2026-05-28,1610612760,OKC,1629652,Luguentz Dort,1610612759,SAS,1641705,Victor Wembanyama,129,8.8,19.96904,26.543210000000002,36.6,2,6,0,0,0,0,1,3,33.300000000000004,0,1,0.0,0,0,0,0,0,0,0,nba_boxscorematchupsv3
1,2025-26,Playoffs,Western Conference Finals,2026_okc_sas_api_20261005,0042500316,6,2026-05-28,1610612760,OKC,1631096,Chet Holmgren,1610612759,SAS,203084,Harrison Barnes,7,0.7,2.62172,1.1824299999999999,8.7,0,2,0,0,0,0,0,0,0.0,0,0,0.0,0,0,0,0,0,0,0,nba_boxscorematchupsv3
1,2025-26,Playoffs,Western Conference Finals,2026_okc_sas_api_20261005,0042500316,6,2026-05-28,1610612760,OKC,1631096,Chet Holmgren,1610612759,SAS,1642264,Stephon Castle,72,5.9,9.53642,12.16216,12.1,2,12,0,0,0,0,1,1,100.0,0,0,0.0,0,0,0,0,0,0,0,nba_boxscorematchupsv3
1,2025-26,Playoffs,Western Conference Finals,2026_okc_sas_api_20261005,0042500316,6,2026-05-28,1610612760,OKC,1631096,Chet Holmgren,1610612759,SAS,1630577,Julian Champagnie,40,5.3,6.9807999999999995,6.756760000000001,12.0,2,4,1,0,0,0,1,1,100.0,0,0,0.0,0,0,0,0,0,0,0,nba_boxscorematchupsv3
1,2025-26,Playoffs,Western Conference Finals,2026_okc_sas_api_20261005,0042500316,6,2026-05-28,1610612760,OKC,1631096,Chet Holmgren,1610612759,SAS,1628368,De'Aaron Fox,35,2.1,6.01375,5.91216,11.200000000000001,0,2,0,0,0,0,0,0,0.0,0,0,0.0,0,0,0,0,0,0,0,nba_boxscorematchupsv3
1,2025-26,Playoffs,Western Conference Finals,2026_okc_sas_api_20261005,0042500316,6,2026-05-28,1610612760,OKC,1631096,Chet Holmgren,1610612759,SAS,1642844,Dylan Harper,34,2.9,6.589150000000001,5.74324,14.000000000000002,0,5,0,0,0,0,0,0,0.0,0,0,0.0,0,0,0,0,0,0,0,nba_boxscorematchupsv3
1,2025-26,Playoffs,Western Conference Finals,2026_okc_sas_api_20261005,0042500316,6,2026-05-28,1610612760,OKC,1631096,Chet Holmgren,1610612759,SAS,1629640,Keldon Johnson,25,3.2,6.7750699999999995,4.22297,18.5,4,4,0,0,0,0,1,1,100.0,0,0,0.0,2,2,1,0,0,0,0,nba_boxscorematchupsv3
1,2025-26,Playoffs,Western Conference Finals,2026_okc_sas_api_20261005,0042500316,6,2026-05-28,1610612760,OKC,1631096,Chet Holmgren,1610612759,SAS,1628436,Luke Kornet,39,2.6,12.38095,6.58784,43.3,2,4,0,0,0,0,1,1,100.0,0,0,0.0,0,0,0,0,0,0,0,nba_boxscorematchupsv3
1,2025-26,Playoffs,Western Conference Finals,2026_okc_sas_api_20261005,0042500316,6,2026-05-28,1610612760,OKC,1631096,Chet Holmgren,1610612759,SAS,1630170,Devin Vassell,208,13.9,31.46747,35.13514,48.3,0,14,0,0,0,1,0,3,0.0,0,1,0.0,0,0,0,0,0,0,0,nba_boxscorematchupsv3
1,2025-26,Playoffs,Western Conference Finals,2026_okc_sas_api_20261005,0042500316,6,2026-05-28,1610612760,OKC,1631096,Chet Holmgren,1610612759,SAS,1641705,Victor Wembanyama,132,9.2,20.43344,22.2973,24.5,0,8,0,0,0,1,0,1,0.0,0,0,0.0,0,0,0,0,0,0,0,nba_boxscorematchupsv3
1,2025-26,Playoffs,Western Conference Finals,2026_okc_sas_api_20261005,0042500316,6,2026-05-28,1610612760,OKC,1628392,Isaiah Hartenstein,1610612759,SAS,1642264,Stephon Castle,22,2.3,2.91391,5.4321,10.5,0,0,0,0,0,0,0,0,0.0,0,0,0.0,0,0,0,0,0,0,0,nba_boxscorematchupsv3
1,2025-26,Playoffs,Western Conference Finals,2026_okc_sas_api_20261005,0042500316,6,2026-05-28,1610612760,OKC,1628392,Isaiah Hartenstein,1610612759,SAS,1630577,Julian Champagnie,30,2.7,5.2356,7.4074100000000005,10.0,0,2,0,0,0,0,0,0,0.0,0,0,0.0,0,0,0,0,0,0,0,nba_boxscorematchupsv3
1,2025-26,Playoffs,Western Conference Finals,2026_okc_sas_api_20261005,0042500316,6,2026-05-28,1610612760,OKC,1628392,Isaiah Hartenstein,1610612759,SAS,1628368,De'Aaron Fox,11,1.7,1.8900299999999999,2.71605,6.800000000000001,0,0,0,0,0,0,0,1,0.0,0,0,0.0,0,0,0,0,0,0,0,nba_boxscorematchupsv3
1,2025-26,Playoffs,Western Conference Finals,2026_okc_sas_api_20261005,0042500316,6,2026-05-28,1610612760,OKC,1628392,Isaiah Hartenstein,1610612759,SAS,1642844,Dylan Harper,7,1.4,1.35659,1.7284000000000002,6.4,0,0,0,0,0,0,0,0,0.0,0,0,0.0,0,0,0,0,0,0,0,nba_boxscorematchupsv3
1,2025-26,Playoffs,Western Conference Finals,2026_okc_sas_api_20261005,0042500316,6,2026-05-28,1610612760,OKC,1628392,Isaiah Hartenstein,1610612759,SAS,1629640,Keldon Johnson,2,0.5,0.54201,0.49383,9.5,0,0,0,0,0,0,0,0,0.0,0,0,0.0,0,0,0,0,0,0,0,nba_boxscorematchupsv3
1,2025-26,Playoffs,Western Conference Finals,2026_okc_sas_api_20261005,0042500316,6,2026-05-28,1610612760,OKC,1628392,Isaiah Hartenstein,1610612759,SAS,1628436,Luke Kornet,146,7.5,46.34921,36.04938,69.0,2,5,1,0,0,0,1,2,50.0,0,0,0.0,0,0,0,0,0,0,0,nba_boxscorematchupsv3
1,2025-26,Playoffs,Western Conference Finals,2026_okc_sas_api_20261005,0042500316,6,2026-05-28,1610612760,OKC,1628392,Isaiah Hartenstein,1610612759,SAS,1630170,Devin Vassell,27,2.2,4.08472,6.66667,7.7,0,2,0,0,0,0,0,0,0.0,0,0,0.0,0,0,0,0,0,0,0,nba_boxscorematchupsv3
1,2025-26,Playoffs,Western Conference Finals,2026_okc_sas_api_20261005,0042500316,6,2026-05-28,1610612760,OKC,1628392,Isaiah Hartenstein,1610612759,SAS,1641705,Victor Wembanyama,160,9.0,24.7678,39.506170000000004,63.9,8,13,1,0,0,0,4,7,57.099999999999994,0,0,0.0,0,0,0,0,0,0,0,nba_boxscorematchupsv3
1,2025-26,Playoffs,Western Conference Finals,2026_okc_sas_api_20261005,0042500316,6,2026-05-28,1610612760,OKC,1642272,Jared McCain,1610612759,SAS,203084,Harrison Barnes,9,1.6,3.37079,1.60714,6.800000000000001,0,2,0,0,0,0,0,0,0.0,0,0,0.0,0,0,0,0,0,0,0,nba_boxscorematchupsv3
1,2025-26,Playoffs,Western Conference Finals,2026_okc_sas_api_20261005,0042500316,6,2026-05-28,1610612760,OKC,1642272,Jared McCain,1610612759,SAS,1642868,Carter Bryant,27,1.8,13.432839999999999,4.82143,34.0,0,2,0,0,0,0,0,0,0.0,0,0,0.0,0,0,0,0,0,0,0,nba_boxscorematchupsv3
1,2025-26,Playoffs,Western Conference Finals,2026_okc_sas_api_20261005,0042500316,6,2026-05-28,1610612760,OKC,1642272,Jared McCain,1610612759,SAS,1642264,Stephon Castle,96,8.6,12.71523,17.14286,19.3,8,18,1,0,0,0,2,3,66.7,1,2,50.0,3,3,2,0,0,0,0,nba_boxscorematchupsv3
1,2025-26,Playoffs,Western Conference Finals,2026_okc_sas_api_20261005,0042500316,6,2026-05-28,1610612760,OKC,1642272,Jared McCain,1610612759,SAS,1630577,Julian Champagnie,78,6.2,13.612569999999998,13.92857,17.4,0,7,0,0,0,1,0,0,0.0,0,0,0.0,0,0,0,0,0,0,0,nba_boxscorematchupsv3
1,2025-26,Playoffs,Western Conference Finals,2026_okc_sas_api_20261005,0042500316,6,2026-05-28,1610612760,OKC,1642272,Jared McCain,1610612759,SAS,1628368,De'Aaron Fox,134,10.6,23.02405,23.92857,39.7,0,8,1,0,0,0,0,1,0.0,0,0,0.0,0,0,0,0,0,0,0,nba_boxscorematchupsv3
1,2025-26,Playoffs,Western Conference Finals,2026_okc_sas_api_20261005,0042500316,6,2026-05-28,1610612760,OKC,1642272,Jared McCain,1610612759,SAS,1642844,Dylan Harper,79,6.4,15.310080000000001,14.107140000000001,36.4,0,5,0,0,0,0,0,1,0.0,0,0,0.0,0,0,0,0,0,0,0,nba_boxscorematchupsv3
1,2025-26,Playoffs,Western Conference Finals,2026_okc_sas_api_20261005,0042500316,6,2026-05-28,1610612760,OKC,1642272,Jared McCain,1610612759,SAS,1629640,Keldon Johnson,21,2.7,5.69106,3.75,15.7,0,6,2,0,0,0,0,1,0.0,0,0,0.0,0,0,0,0,0,0,0,nba_boxscorematchupsv3
1,2025-26,Playoffs,Western Conference Finals,2026_okc_sas_api_20261005,0042500316,6,2026-05-28,1610612760,OKC,1642272,Jared McCain,1610612759,SAS,1628436,Luke Kornet,16,1.9,5.07937,2.8571400000000002,13.5,0,2,0,0,0,0,0,0,0.0,0,0,0.0,0,0,0,0,0,0,0,nba_boxscorematchupsv3
1,2025-26,Playoffs,Western Conference Finals,2026_okc_sas_api_20261005,0042500316,6,2026-05-28,1610612760,OKC,1642272,Jared McCain,1610612759,SAS,1630170,Devin Vassell,48,6.9,7.26172,8.57143,18.099999999999998,2,2,0,0,1,0,1,1,100.0,0,0,0.0,0,0,0,0,0,0,0,nba_boxscorematchupsv3
1,2025-26,Playoffs,Western Conference Finals,2026_okc_sas_api_20261005,0042500316,6,2026-05-28,1610612760,OKC,1642272,Jared McCain,1610612759,SAS,1641705,Victor Wembanyama,52,5.6,8.04954,9.28571,11.4,3,8,1,0,1,2,1,4,25.0,1,1,100.0,0,0,0,0,0,0,0,nba_boxscorematchupsv3
1,2025-26,Playoffs,Western Conference Finals,2026_okc_sas_api_20261005,0042500316,6,2026-05-28,1610612760,OKC,1628983,Shai Gilgeous-Alexander,1610612759,SAS,1642868,Carter Bryant,101,5.0,50.248760000000004,13.89271,70.89999999999999,4,7,1,0,0,0,1,2,50.0,0,1,0.0,2,2,0,0,0,0,0,nba_boxscorematchupsv3
1,2025-26,Playoffs,Western Conference Finals,2026_okc_sas_api_20261005,0042500316,6,2026-05-28,1610612760,OKC,1628983,Shai Gilgeous-Alexander,1610612759,SAS,1642264,Stephon Castle,313,20.6,41.45695,43.05365,55.300000000000004,2,12,1,0,1,0,1,5,20.0,0,1,0.0,0,0,0,0,0,0,0,nba_boxscorematchupsv3
1,2025-26,Playoffs,Western Conference Finals,2026_okc_sas_api_20261005,0042500316,6,2026-05-28,1610612760,OKC,1628983,Shai Gilgeous-Alexander,1610612759,SAS,1630577,Julian Champagnie,36,4.1,6.28272,4.95186,10.299999999999999,0,0,0,0,0,0,0,0,0.0,0,0,0.0,0,0,0,0,0,0,0,nba_boxscorematchupsv3
1,2025-26,Playoffs,Western Conference Finals,2026_okc_sas_api_20261005,0042500316,6,2026-05-28,1610612760,OKC,1628983,Shai Gilgeous-Alexander,1610612759,SAS,1628368,De'Aaron Fox,70,6.8,12.02749,9.62861,14.6,3,11,1,0,0,0,1,2,50.0,0,1,0.0,1,1,1,0,0,0,0,nba_boxscorematchupsv3
1,2025-26,Playoffs,Western Conference Finals,2026_okc_sas_api_20261005,0042500316,6,2026-05-28,1610612760,OKC,1628983,Shai Gilgeous-Alexander,1610612759,SAS,1642844,Dylan Harper,68,6.3,13.17829,9.35351,18.5,2,8,1,0,1,0,1,3,33.300000000000004,0,1,0.0,0,0,0,0,0,0,0,nba_boxscorematchupsv3
1,2025-26,Playoffs,Western Conference Finals,2026_okc_sas_api_20261005,0042500316,6,2026-05-28,1610612760,OKC,1628983,Shai Gilgeous-Alexander,1610612759,SAS,1629640,Keldon Johnson,7,0.9,1.89702,0.9628599999999999,4.3999999999999995,0,0,0,0,0,0,0,1,0.0,0,0,0.0,0,0,0,0,0,0,0,nba_boxscorematchupsv3
1,2025-26,Playoffs,Western Conference Finals,2026_okc_sas_api_20261005,0042500316,6,2026-05-28,1610612760,OKC,1628983,Shai Gilgeous-Alexander,1610612759,SAS,1628436,Luke Kornet,12,1.5,3.8095200000000005,1.65062,8.5,0,0,0,0,0,0,0,0,0.0,0,0,0.0,0,0,0,0,0,0,0,nba_boxscorematchupsv3
1,2025-26,Playoffs,Western Conference Finals,2026_okc_sas_api_20261005,0042500316,6,2026-05-28,1610612760,OKC,1628983,Shai Gilgeous-Alexander,1610612759,SAS,1630170,Devin Vassell,86,7.4,13.01059,11.82944,13.3,2,8,0,0,0,0,1,2,50.0,0,0,0.0,0,0,0,0,0,0,0,nba_boxscorematchupsv3
1,2025-26,Playoffs,Western Conference Finals,2026_okc_sas_api_20261005,0042500316,6,2026-05-28,1610612760,OKC,1628983,Shai Gilgeous-Alexander,1610612759,SAS,1641705,Victor Wembanyama,34,2.8,5.26316,4.676749999999999,7.199999999999999,2,2,0,0,0,0,1,3,33.300000000000004,0,1,0.0,0,0,0,0,0,0,0,nba_boxscorematchupsv3
1,2025-26,Playoffs,Western Conference Finals,2026_okc_sas_api_20261005,0042500316,6,2026-05-28,1610612760,OKC,1631119,Jaylin Williams,1610612759,SAS,203084,Harrison Barnes,32,3.2,11.98502,5.92593,10.299999999999999,0,5,0,0,0,0,0,0,0.0,0,0,0.0,0,0,0,0,0,0,0,nba_boxscorematchupsv3
1,2025-26,Playoffs,Western Conference Finals,2026_okc_sas_api_20261005,0042500316,6,2026-05-28,1610612760,OKC,1631119,Jaylin Williams,1610612759,SAS,1642868,Carter Bryant,25,1.7,12.43781,4.62963,14.499999999999998,2,2,0,0,0,0,1,1,100.0,0,0,0.0,0,0,0,0,0,0,0,nba_boxscorematchupsv3
1,2025-26,Playoffs,Western Conference Finals,2026_okc_sas_api_20261005,0042500316,6,2026-05-28,1610612760,OKC,1631119,Jaylin Williams,1610612759,SAS,1642264,Stephon Castle,81,6.2,10.72848,15.0,17.299999999999997,2,8,0,0,0,0,1,1,100.0,0,0,0.0,0,0,0,0,0,0,0,nba_boxscorematchupsv3
1,2025-26,Playoffs,Western Conference Finals,2026_okc_sas_api_20261005,0042500316,6,2026-05-28,1610612760,OKC,1631119,Jaylin Williams,1610612759,SAS,1630577,Julian Champagnie,56,5.3,9.77312,10.37037,26.8,0,5,0,0,0,0,0,0,0.0,0,0,0.0,0,0,0,0,0,0,0,nba_boxscorematchupsv3
1,2025-26,Playoffs,Western Conference Finals,2026_okc_sas_api_20261005,0042500316,6,2026-05-28,1610612760,OKC,1631119,Jaylin Williams,1610612759,SAS,1628368,De'Aaron Fox,42,3.3,7.21649,7.777779999999999,14.000000000000002,0,5,1,0,0,0,0,0,0.0,0,0,0.0,0,0,0,0,0,0,0,nba_boxscorematchupsv3
1,2025-26,Playoffs,Western Conference Finals,2026_okc_sas_api_20261005,0042500316,6,2026-05-28,1610612760,OKC,1631119,Jaylin Williams,1610612759,SAS,1642844,Dylan Harper,29,4.1,5.620159999999999,5.37037,10.8,0,4,0,0,0,0,0,1,0.0,0,1,0.0,0,0,0,0,0,0,0,nba_boxscorematchupsv3
1,2025-26,Playoffs,Western Conference Finals,2026_okc_sas_api_20261005,0042500316,6,2026-05-28,1610612760,OKC,1631119,Jaylin Williams,1610612759,SAS,1629640,Keldon Johnson,130,9.9,35.23035,24.07407,45.6,0,2,0,0,0,0,0,1,0.0,0,1,0.0,0,0,0,0,0,0,0,nba_boxscorematchupsv3
1,2025-26,Playoffs,Western Conference Finals,2026_okc_sas_api_20261005,0042500316,6,2026-05-28,1610612760,OKC,1631119,Jaylin Williams,1610612759,SAS,1628436,Luke Kornet,22,2.9,6.9841299999999995,4.07407,22.1,0,11,1,0,0,0,0,1,0.0,0,1,0.0,0,0,0,0,0,0,0,nba_boxscorematchupsv3
1,2025-26,Playoffs,Western Conference Finals,2026_okc_sas_api_20261005,0042500316,6,2026-05-28,1610612760,OKC,1631119,Jaylin Williams,1610612759,SAS,1630170,Devin Vassell,63,2.4,9.53101,11.66667,21.7,0,0,0,0,0,0,0,0,0.0,0,0,0.0,0,0,0,0,0,0,0,nba_boxscorematchupsv3
1,2025-26,Playoffs,Western Conference Finals,2026_okc_sas_api_20261005,0042500316,6,2026-05-28,1610612760,OKC,1631119,Jaylin Williams,1610612759,SAS,1641705,Victor Wembanyama,60,6.6,9.28793,11.11111,17.299999999999997,0,8,0,0,0,0,0,1,0.0,0,1,0.0,0,0,0,0,0,0,0,nba_boxscorematchupsv3
1,2025-26,Playoffs,Western Conference Finals,2026_okc_sas_api_20261005,0042500316,6,2026-05-28,1610612760,OKC,1627936,Alex Caruso,1610612759,SAS,203084,Harrison Barnes,18,1.4,6.741569999999999,3.2491,21.6,0,4,0,0,0,0,0,0,0.0,0,0,0.0,0,0,0,0,0,0,0,nba_boxscorematchupsv3
1,2025-26,Playoffs,Western Conference Finals,2026_okc_sas_api_20261005,0042500316,6,2026-05-28,1610612760,OKC,1627936,Alex Caruso,1610612759,SAS,1642868,Carter Bryant,3,0.0,1.49254,0.54152,4.9,0,0,0,0,0,0,0,0,0.0,0,0,0.0,0,0,0,0,0,0,0,nba_boxscorematchupsv3
1,2025-26,Playoffs,Western Conference Finals,2026_okc_sas_api_20261005,0042500316,6,2026-05-28,1610612760,OKC,1627936,Alex Caruso,1610612759,SAS,1642264,Stephon Castle,108,5.5,14.30464,19.49458,21.2,3,12,0,0,0,0,1,2,50.0,1,2,50.0,0,0,0,0,0,0,0,nba_boxscorematchupsv3
1,2025-26,Playoffs,Western Conference Finals,2026_okc_sas_api_20261005,0042500316,6,2026-05-28,1610612760,OKC,1627936,Alex Caruso,1610612759,SAS,1630577,Julian Champagnie,57,3.9,9.94764,10.28881,16.2,2,5,0,0,0,0,1,1,100.0,0,0,0.0,0,0,0,0,0,0,0,nba_boxscorematchupsv3
1,2025-26,Playoffs,Western Conference Finals,2026_okc_sas_api_20261005,0042500316,6,2026-05-28,1610612760,OKC,1627936,Alex Caruso,1610612759,SAS,1628368,De'Aaron Fox,59,4.7,10.137459999999999,10.64982,22.2,0,7,0,0,0,0,0,0,0.0,0,0,0.0,0,0,0,0,0,0,0,nba_boxscorematchupsv3
1,2025-26,Playoffs,Western Conference Finals,2026_okc_sas_api_20261005,0042500316,6,2026-05-28,1610612760,OKC,1627936,Alex Caruso,1610612759,SAS,1642844,Dylan Harper,82,7.9,15.89147,14.80144,23.7,0,4,0,0,0,0,0,0,0.0,0,0,0.0,0,0,0,0,0,0,0,nba_boxscorematchupsv3
1,2025-26,Playoffs,Western Conference Finals,2026_okc_sas_api_20261005,0042500316,6,2026-05-28,1610612760,OKC,1627936,Alex Caruso,1610612759,SAS,1629640,Keldon Johnson,52,4.1,14.09214,9.38628,28.999999999999996,2,8,0,0,0,0,1,1,100.0,0,0,0.0,0,0,0,0,0,0,0,nba_boxscorematchupsv3
1,2025-26,Playoffs,Western Conference Finals,2026_okc_sas_api_20261005,0042500316,6,2026-05-28,1610612760,OKC,1627936,Alex Caruso,1610612759,SAS,1628436,Luke Kornet,24,2.6,7.61905,4.33213,9.4,0,0,0,0,0,0,0,0,0.0,0,0,0.0,0,0,0,0,0,0,0,nba_boxscorematchupsv3
1,2025-26,Playoffs,Western Conference Finals,2026_okc_sas_api_20261005,0042500316,6,2026-05-28,1610612760,OKC,1627936,Alex Caruso,1610612759,SAS,1630170,Devin Vassell,135,9.1,20.4236,24.36823,30.7,0,9,0,0,0,1,0,0,0.0,0,0,0.0,0,0,0,0,0,0,0,nba_boxscorematchupsv3
1,2025-26,Playoffs,Western Conference Finals,2026_okc_sas_api_20261005,0042500316,6,2026-05-28,1610612760,OKC,1627936,Alex Caruso,1610612759,SAS,1641705,Victor Wembanyama,16,1.7,2.4767799999999998,2.88809,8.0,0,0,0,0,0,0,0,1,0.0,0,0,0.0,0,0,0,0,0,0,0,nba_boxscorematchupsv3
1,2025-26,Playoffs,Western Conference Finals,2026_okc_sas_api_20261005,0042500316,6,2026-05-28,1610612760,OKC,1641717,Cason Wallace,1610612759,SAS,203084,Harrison Barnes,42,4.1,15.730340000000002,9.15033,41.6,0,3,0,0,0,0,0,0,0.0,0,0,0.0,0,0,0,0,0,0,0,nba_boxscorematchupsv3
1,2025-26,Playoffs,Western Conference Finals,2026_okc_sas_api_20261005,0042500316,6,2026-05-28,1610612760,OKC,1641717,Cason Wallace,1610612759,SAS,1642868,Carter Bryant,7,0.3,3.48259,1.52505,7.000000000000001,0,0,0,0,0,0,0,0,0.0,0,0,0.0,0,0,0,0,0,0,0,nba_boxscorematchupsv3
1,2025-26,Playoffs,Western Conference Finals,2026_okc_sas_api_20261005,0042500316,6,2026-05-28,1610612760,OKC,1641717,Cason Wallace,1610612759,SAS,1642264,Stephon Castle,24,4.0,3.17881,5.228759999999999,11.0,0,0,0,0,0,0,0,0,0.0,0,0,0.0,0,0,0,0,0,0,0,nba_boxscorematchupsv3
1,2025-26,Playoffs,Western Conference Finals,2026_okc_sas_api_20261005,0042500316,6,2026-05-28,1610612760,OKC,1641717,Cason Wallace,1610612759,SAS,1630577,Julian Champagnie,133,7.0,23.21117,28.97603,36.6,5,13,0,0,0,1,2,4,50.0,1,2,50.0,0,0,0,0,0,0,0,nba_boxscorematchupsv3
1,2025-26,Playoffs,Western Conference Finals,2026_okc_sas_api_20261005,0042500316,6,2026-05-28,1610612760,OKC,1641717,Cason Wallace,1610612759,SAS,1628368,De'Aaron Fox,117,7.1,20.10309,25.4902,37.1,0,9,0,0,1,0,0,0,0.0,0,0,0.0,0,0,0,0,0,0,0,nba_boxscorematchupsv3
1,2025-26,Playoffs,Western Conference Finals,2026_okc_sas_api_20261005,0042500316,6,2026-05-28,1610612760,OKC,1641717,Cason Wallace,1610612759,SAS,1642844,Dylan Harper,14,2.0,2.71318,3.05011,7.1,0,0,0,0,0,0,0,0,0.0,0,0,0.0,0,0,0,0,0,0,0,nba_boxscorematchupsv3
1,2025-26,Playoffs,Western Conference Finals,2026_okc_sas_api_20261005,0042500316,6,2026-05-28,1610612760,OKC,1641717,Cason Wallace,1610612759,SAS,1629640,Keldon Johnson,21,2.6,5.69106,4.57516,19.0,0,1,0,0,1,0,0,0,0.0,0,0,0.0,0,0,0,0,0,0,0,nba_boxscorematchupsv3
1,2025-26,Playoffs,Western Conference Finals,2026_okc_sas_api_20261005,0042500316,6,2026-05-28,1610612760,OKC,1641717,Cason Wallace,1610612759,SAS,1628436,Luke Kornet,13,1.6,4.1269800000000005,2.83224,8.5,3,3,0,0,0,0,1,1,100.0,1,1,100.0,0,0,0,0,0,0,0,nba_boxscorematchupsv3
1,2025-26,Playoffs,Western Conference Finals,2026_okc_sas_api_20261005,0042500316,6,2026-05-28,1610612760,OKC,1641717,Cason Wallace,1610612759,SAS,1630170,Devin Vassell,54,4.2,8.16944,11.764710000000001,16.8,3,7,0,0,0,0,1,1,100.0,1,1,100.0,0,0,0,0,0,0,0,nba_boxscorematchupsv3
1,2025-26,Playoffs,Western Conference Finals,2026_okc_sas_api_20261005,0042500316,6,2026-05-28,1610612760,OKC,1641717,Cason Wallace,1610612759,SAS,1641705,Victor Wembanyama,34,3.6,5.26316,7.4074100000000005,16.400000000000002,0,2,0,0,0,0,0,0,0.0,0,0,0.0,0,0,0,0,0,0,0,nba_boxscorematchupsv3
1,2025-26,Playoffs,Western Conference Finals,2026_okc_sas_api_20261005,0042500316,6,2026-05-28,1610612760,OKC,1631114,Jalen Williams,1610612759,SAS,1642868,Carter Bryant,5,0.0,2.48756,1.85874,6.4,0,0,0,0,0,0,0,0,0.0,0,0,0.0,0,0,0,0,0,0,0,nba_boxscorematchupsv3
1,2025-26,Playoffs,Western Conference Finals,2026_okc_sas_api_20261005,0042500316,6,2026-05-28,1610612760,OKC,1631114,Jalen Williams,1610612759,SAS,1630577,Julian Champagnie,11,0.7,1.91972,4.08922,7.3,0,0,0,0,0,0,0,0,0.0,0,0,0.0,0,0,0,0,0,0,0,nba_boxscorematchupsv3
1,2025-26,Playoffs,Western Conference Finals,2026_okc_sas_api_20261005,0042500316,6,2026-05-28,1610612760,OKC,1631114,Jalen Williams,1610612759,SAS,1628368,De'Aaron Fox,78,3.5,13.402059999999999,28.996280000000002,40.400000000000006,0,4,0,0,1,0,0,0,0.0,0,0,0.0,0,0,0,0,0,0,0,nba_boxscorematchupsv3
1,2025-26,Playoffs,Western Conference Finals,2026_okc_sas_api_20261005,0042500316,6,2026-05-28,1610612760,OKC,1631114,Jalen Williams,1610612759,SAS,1642844,Dylan Harper,143,7.4,27.713179999999998,53.15985,52.6,1,3,1,0,1,0,0,1,0.0,0,1,0.0,1,2,1,0,0,0,0,nba_boxscorematchupsv3
1,2025-26,Playoffs,Western Conference Finals,2026_okc_sas_api_20261005,0042500316,6,2026-05-28,1610612760,OKC,1631114,Jalen Williams,1610612759,SAS,1629640,Keldon Johnson,11,1.7,2.98103,4.08922,17.599999999999998,0,2,0,0,0,0,0,0,0.0,0,0,0.0,0,0,0,0,0,0,0,nba_boxscorematchupsv3
1,2025-26,Playoffs,Western Conference Finals,2026_okc_sas_api_20261005,0042500316,6,2026-05-28,1610612760,OKC,1631114,Jalen Williams,1610612759,SAS,1628436,Luke Kornet,5,0.8,1.5873000000000002,1.85874,5.6000000000000005,0,0,0,0,0,0,0,0,0.0,0,0,0.0,0,0,0,0,0,0,0,nba_boxscorematchupsv3
1,2025-26,Playoffs,Western Conference Finals,2026_okc_sas_api_20261005,0042500316,6,2026-05-28,1610612760,OKC,1631114,Jalen Williams,1610612759,SAS,1630170,Devin Vassell,15,1.2,2.26929,5.5762100000000006,8.4,0,0,0,0,0,0,0,0,0.0,0,0,0.0,0,0,0,0,0,0,0,nba_boxscorematchupsv3
1,2025-26,Playoffs,Western Conference Finals,2026_okc_sas_api_20261005,0042500316,6,2026-05-28,1610612760,OKC,1631114,Jalen Williams,1610612759,SAS,1641705,Victor Wembanyama,1,0.5,0.1548,0.37174999999999997,8.200000000000001,0,0,0,0,0,0,0,0,0.0,0,0,0.0,0,0,0,0,0,0,0,nba_boxscorematchupsv3
1,2025-26,Playoffs,Western Conference Finals,2026_okc_sas_api_20261005,0042500316,6,2026-05-28,1610612760,OKC,1629026,Kenrich Williams,1610612759,SAS,203084,Harrison Barnes,102,8.5,38.20225,36.29893,55.2,3,8,0,0,1,0,1,3,33.300000000000004,1,1,100.0,0,0,0,0,0,0,0,nba_boxscorematchupsv3
1,2025-26,Playoffs,Western Conference Finals,2026_okc_sas_api_20261005,0042500316,6,2026-05-28,1610612760,OKC,1629026,Kenrich Williams,1610612759,SAS,202687,Bismack Biyombo,30,2.2,29.126210000000004,10.67616,21.7,0,2,0,0,0,0,0,1,0.0,0,0,0.0,0,0,0,0,0,0,0,nba_boxscorematchupsv3
1,2025-26,Playoffs,Western Conference Finals,2026_okc_sas_api_20261005,0042500316,6,2026-05-28,1610612760,OKC,1629026,Kenrich Williams,1610612759,SAS,1642868,Carter Bryant,12,0.8,5.970149999999999,4.27046,17.5,0,3,0,0,0,0,0,0,0.0,0,0,0.0,0,0,0,0,0,0,0,nba_boxscorematchupsv3
1,2025-26,Playoffs,Western Conference Finals,2026_okc_sas_api_20261005,0042500316,6,2026-05-28,1610612760,OKC,1629026,Kenrich Williams,1610612759,SAS,1642264,Stephon Castle,2,0.7,0.26489999999999997,0.71174,7.000000000000001,0,0,0,0,0,0,0,0,0.0,0,0,0.0,0,0,0,0,0,0,0,nba_boxscorematchupsv3
1,2025-26,Playoffs,Western Conference Finals,2026_okc_sas_api_20261005,0042500316,6,2026-05-28,1610612760,OKC,1629026,Kenrich Williams,1610612759,SAS,1629640,Keldon Johnson,20,3.0,5.42005,7.11744,10.6,0,5,1,0,0,0,0,0,0.0,0,0,0.0,0,0,0,0,0,0,0,nba_boxscorematchupsv3
1,2025-26,Playoffs,Western Conference Finals,2026_okc_sas_api_20261005,0042500316,6,2026-05-28,1610612760,OKC,1629026,Kenrich Williams,1610612759,SAS,1628436,Luke Kornet,21,2.2,6.66667,7.47331,37.6,0,0,0,0,0,0,0,0,0.0,0,0,0.0,0,0,0,0,0,0,0,nba_boxscorematchupsv3
1,2025-26,Playoffs,Western Conference Finals,2026_okc_sas_api_20261005,0042500316,6,2026-05-28,1610612760,OKC,1629026,Kenrich Williams,1610612759,SAS,1629162,Jordan McLaughlin,3,0.7,1.9736799999999999,1.06762,4.7,0,0,0,0,0,0,0,0,0.0,0,0,0.0,0,0,0,0,0,0,0,nba_boxscorematchupsv3
1,2025-26,Playoffs,Western Conference Finals,2026_okc_sas_api_20261005,0042500316,6,2026-05-28,1610612760,OKC,1629026,Kenrich Williams,1610612759,SAS,203482,Kelly Olynyk,10,1.1,9.70874,3.55872,11.5,2,5,0,0,0,0,1,1,100.0,0,0,0.0,0,0,0,0,0,0,0,nba_boxscorematchupsv3
1,2025-26,Playoffs,Western Conference Finals,2026_okc_sas_api_20261005,0042500316,6,2026-05-28,1610612760,OKC,1629026,Kenrich Williams,1610612759,SAS,203486,Mason Plumlee,56,5.7,57.73196,19.92883,57.099999999999994,0,0,1,0,0,0,0,2,0.0,0,2,0.0,0,0,0,0,0,0,0,nba_boxscorematchupsv3
1,2025-26,Playoffs,Western Conference Finals,2026_okc_sas_api_20261005,0042500316,6,2026-05-28,1610612760,OKC,1629026,Kenrich Williams,1610612759,SAS,1630322,Lindy Waters III,15,1.2,11.53846,5.33808,10.6,2,2,0,0,0,0,0,1,0.0,0,1,0.0,2,2,1,0,0,0,0,nba_boxscorematchupsv3
1,2025-26,Playoffs,Western Conference Finals,2026_okc_sas_api_20261005,0042500316,6,2026-05-28,1610612760,OKC,1629026,Kenrich Williams,1610612759,SAS,1641705,Victor Wembanyama,10,0.9,1.54799,3.55872,10.299999999999999,0,0,0,0,0,0,0,0,0.0,0,0,0.0,0,0,0,0,0,0,0,nba_boxscorematchupsv3
1,2025-26,Playoffs,Western Conference Finals,2026_okc_sas_api_20261005,0042500316,6,2026-05-28,1610612760,OKC,1630198,Isaiah Joe,1610612759,SAS,203084,Harrison Barnes,25,2.9,9.363299999999999,8.16993,15.9,0,2,0,0,0,0,0,0,0.0,0,0,0.0,0,0,0,0,0,0,0,nba_boxscorematchupsv3
1,2025-26,Playoffs,Western Conference Finals,2026_okc_sas_api_20261005,0042500316,6,2026-05-28,1610612760,OKC,1630198,Isaiah Joe,1610612759,SAS,1642264,Stephon Castle,12,2.6,1.5894,3.92157,15.6,0,0,0,0,0,0,0,0,0.0,0,0,0.0,0,0,0,0,0,0,0,nba_boxscorematchupsv3
1,2025-26,Playoffs,Western Conference Finals,2026_okc_sas_api_20261005,0042500316,6,2026-05-28,1610612760,OKC,1630198,Isaiah Joe,1610612759,SAS,1630577,Julian Champagnie,34,3.3,5.93368,11.11111,57.3,0,0,0,0,0,0,0,0,0.0,0,0,0.0,0,0,0,0,0,0,0,nba_boxscorematchupsv3
1,2025-26,Playoffs,Western Conference Finals,2026_okc_sas_api_20261005,0042500316,6,2026-05-28,1610612760,OKC,1630198,Isaiah Joe,1610612759,SAS,1628368,De'Aaron Fox,19,2.1,3.2646,6.20915,21.3,0,3,0,0,0,0,0,0,0.0,0,0,0.0,0,0,0,0,0,0,0,nba_boxscorematchupsv3
1,2025-26,Playoffs,Western Conference Finals,2026_okc_sas_api_20261005,0042500316,6,2026-05-28,1610612760,OKC,1630198,Isaiah Joe,1610612759,SAS,1642844,Dylan Harper,33,3.0,6.39535,10.78431,40.2,0,3,0,0,1,0,0,1,0.0,0,1,0.0,0,0,0,0,0,0,0,nba_boxscorematchupsv3
1,2025-26,Playoffs,Western Conference Finals,2026_okc_sas_api_20261005,0042500316,6,2026-05-28,1610612760,OKC,1630198,Isaiah Joe,1610612759,SAS,1629640,Keldon Johnson,14,1.1,3.79404,4.57516,7.1,0,2,1,0,0,0,0,0,0.0,0,0,0.0,0,0,0,0,0,0,0,nba_boxscorematchupsv3
1,2025-26,Playoffs,Western Conference Finals,2026_okc_sas_api_20261005,0042500316,6,2026-05-28,1610612760,OKC,1630198,Isaiah Joe,1610612759,SAS,1628436,Luke Kornet,2,0.0,0.63492,0.65359,2.9000000000000004,0,0,0,0,0,0,0,0,0.0,0,0,0.0,0,0,0,0,0,0,0,nba_boxscorematchupsv3
1,2025-26,Playoffs,Western Conference Finals,2026_okc_sas_api_20261005,0042500316,6,2026-05-28,1610612760,OKC,1630198,Isaiah Joe,1610612759,SAS,1629162,Jordan McLaughlin,59,5.2,38.81579,19.28105,37.8,3,8,0,0,0,0,1,2,50.0,1,2,50.0,0,0,0,0,0,0,0,nba_boxscorematchupsv3
1,2025-26,Playoffs,Western Conference Finals,2026_okc_sas_api_20261005,0042500316,6,2026-05-28,1610612760,OKC,1630198,Isaiah Joe,1610612759,SAS,203482,Kelly Olynyk,21,2.5,20.38835,6.862749999999999,18.2,0,0,0,0,0,0,0,1,0.0,0,1,0.0,0,0,0,0,0,0,0,nba_boxscorematchupsv3
1,2025-26,Playoffs,Western Conference Finals,2026_okc_sas_api_20261005,0042500316,6,2026-05-28,1610612760,OKC,1630198,Isaiah Joe,1610612759,SAS,203486,Mason Plumlee,6,0.5,6.18557,1.9607800000000002,3.8,0,0,0,0,0,0,0,0,0.0,0,0,0.0,0,0,0,0,0,0,0,nba_boxscorematchupsv3
1,2025-26,Playoffs,Western Conference Finals,2026_okc_sas_api_20261005,0042500316,6,2026-05-28,1610612760,OKC,1630198,Isaiah Joe,1610612759,SAS,1630322,Lindy Waters III,63,6.6,48.46154,20.58824,52.900000000000006,0,4,0,0,0,0,0,0,0.0,0,0,0.0,0,0,0,0,0,0,0,nba_boxscorematchupsv3
1,2025-26,Playoffs,Western Conference Finals,2026_okc_sas_api_20261005,0042500316,6,2026-05-28,1610612760,OKC,1630198,Isaiah Joe,1610612759,SAS,1641705,Victor Wembanyama,18,1.5,2.7863800000000003,5.88235,11.799999999999999,0,5,1,0,0,0,0,0,0.0,0,0,0.0,0,0,0,0,0,0,0,nba_boxscorematchupsv3
1,2025-26,Playoffs,Western Conference Finals,2026_okc_sas_api_20261005,0042500316,6,2026-05-28,1610612760,OKC,1630598,Aaron Wiggins,1610612759,SAS,203084,Harrison Barnes,14,0.9,5.24345,8.97436,27.400000000000002,0,3,0,0,0,0,0,0,0.0,0,0,0.0,0,0,0,0,0,0,0,nba_boxscorematchupsv3
1,2025-26,Playoffs,Western Conference Finals,2026_okc_sas_api_20261005,0042500316,6,2026-05-28,1610612760,OKC,1630598,Aaron Wiggins,1610612759,SAS,202687,Bismack Biyombo,8,1.0,7.76699,5.128209999999999,9.5,0,0,0,0,0,0,0,0,0.0,0,0,0.0,0,0,0,0,0,0,0,nba_boxscorematchupsv3
1,2025-26,Playoffs,Western Conference Finals,2026_okc_sas_api_20261005,0042500316,6,2026-05-28,1610612760,OKC,1630598,Aaron Wiggins,1610612759,SAS,1642868,Carter Bryant,5,0.7,2.48756,3.2051299999999996,12.1,0,0,0,0,0,0,0,0,0.0,0,0,0.0,0,0,0,0,0,0,0,nba_boxscorematchupsv3
1,2025-26,Playoffs,Western Conference Finals,2026_okc_sas_api_20261005,0042500316,6,2026-05-28,1610612760,OKC,1630598,Aaron Wiggins,1610612759,SAS,1629640,Keldon Johnson,29,2.3,7.8590800000000005,18.58974,53.900000000000006,0,2,0,0,0,0,0,0,0.0,0,0,0.0,0,0,0,0,0,0,0,nba_boxscorematchupsv3
1,2025-26,Playoffs,Western Conference Finals,2026_okc_sas_api_20261005,0042500316,6,2026-05-28,1610612760,OKC,1630598,Aaron Wiggins,1610612759,SAS,1629162,Jordan McLaughlin,25,2.6,16.44737,16.02564,13.5,0,0,0,0,1,0,0,0,0.0,0,0,0.0,0,0,0,0,0,0,0,nba_boxscorematchupsv3
1,2025-26,Playoffs,Western Conference Finals,2026_okc_sas_api_20261005,0042500316,6,2026-05-28,1610612760,OKC,1630598,Aaron Wiggins,1610612759,SAS,203482,Kelly Olynyk,62,6.0,60.19417,39.74359,58.9,2,2,0,0,0,0,1,1,100.0,0,0,0.0,0,0,0,0,0,0,0,nba_boxscorematchupsv3
1,2025-26,Playoffs,Western Conference Finals,2026_okc_sas_api_20261005,0042500316,6,2026-05-28,1610612760,OKC,1630598,Aaron Wiggins,1610612759,SAS,203486,Mason Plumlee,9,0.7,9.27835,5.76923,8.1,3,3,0,0,0,0,1,2,50.0,1,1,100.0,0,0,0,0,0,0,0,nba_boxscorematchupsv3
1,2025-26,Playoffs,Western Conference Finals,2026_okc_sas_api_20261005,0042500316,6,2026-05-28,1610612760,OKC,1630598,Aaron Wiggins,1610612759,SAS,1630322,Lindy Waters III,4,0.9,3.07692,2.5641000000000003,6.6000000000000005,0,0,0,0,0,0,0,0,0.0,0,0,0.0,0,0,0,0,0,0,0,nba_boxscorematchupsv3
1,2025-26,Playoffs,Western Conference Finals,2026_okc_sas_api_20261005,0042500316,6,2026-05-28,1610612760,OKC,1642260,Nikola Topić,1610612759,SAS,203084,Harrison Barnes,18,1.0,6.741569999999999,13.333329999999998,56.89999999999999,0,2,0,0,0,0,0,0,0.0,0,0,0.0,0,0,0,0,0,0,0,nba_boxscorematchupsv3
1,2025-26,Playoffs,Western Conference Finals,2026_okc_sas_api_20261005,0042500316,6,2026-05-28,1610612760,OKC,1642260,Nikola Topić,1610612759,SAS,202687,Bismack Biyombo,12,1.0,11.65049,8.88889,9.4,0,0,0,0,0,0,0,1,0.0,0,1,0.0,0,0,0,0,0,0,0,nba_boxscorematchupsv3
1,2025-26,Playoffs,Western Conference Finals,2026_okc_sas_api_20261005,0042500316,6,2026-05-28,1610612760,OKC,1642260,Nikola Topić,1610612759,SAS,1642868,Carter Bryant,2,0.3,0.9950199999999999,1.48148,9.5,0,0,0,0,0,0,0,0,0.0,0,0,0.0,0,0,0,0,0,0,0,nba_boxscorematchupsv3
1,2025-26,Playoffs,Western Conference Finals,2026_okc_sas_api_20261005,0042500316,6,2026-05-28,1610612760,OKC,1642260,Nikola Topić,1610612759,SAS,1629162,Jordan McLaughlin,51,5.4,33.55263,37.77778,43.2,0,0,0,0,0,0,0,0,0.0,0,0,0.0,0,0,0,0,0,0,0,nba_boxscorematchupsv3
1,2025-26,Playoffs,Western Conference Finals,2026_okc_sas_api_20261005,0042500316,6,2026-05-28,1610612760,OKC,1642260,Nikola Topić,1610612759,SAS,203482,Kelly Olynyk,7,1.0,6.79612,5.1851899999999995,7.199999999999999,0,0,0,0,0,0,0,0,0.0,0,0,0.0,0,0,0,0,0,0,0,nba_boxscorematchupsv3
1,2025-26,Playoffs,Western Conference Finals,2026_okc_sas_api_20261005,0042500316,6,2026-05-28,1610612760,OKC,1642260,Nikola Topić,1610612759,SAS,203486,Mason Plumlee,10,1.5,10.30928,7.4074100000000005,18.099999999999998,0,4,0,0,0,0,0,0,0.0,0,0,0.0,0,0,0,0,0,0,0,nba_boxscorematchupsv3
1,2025-26,Playoffs,Western Conference Finals,2026_okc_sas_api_20261005,0042500316,6,2026-05-28,1610612760,OKC,1642260,Nikola Topić,1610612759,SAS,1630322,Lindy Waters III,35,3.4,26.92308,25.92593,21.6,0,3,0,0,0,0,0,0,0.0,0,0,0.0,0,0,0,0,0,0,0,nba_boxscorematchupsv3
1,2025-26,Playoffs,Western Conference Finals,2026_okc_sas_api_20261005,0042500317,7,2026-05-30,1610612760,OKC,1629652,Luguentz Dort,1610612759,SAS,1642264,Stephon Castle,60,4.0,7.07547,16.94915,17.8,3,14,1,0,0,0,1,2,50.0,1,2,50.0,0,0,0,0,0,0,0,nba_boxscorematchupsv3
1,2025-26,Playoffs,Western Conference Finals,2026_okc_sas_api_20261005,0042500317,7,2026-05-30,1610612760,OKC,1629652,Luguentz Dort,1610612759,SAS,1630577,Julian Champagnie,118,8.3,13.096559999999998,33.33333,41.5,0,6,0,0,0,0,0,1,0.0,0,1,0.0,0,0,0,0,0,0,0,nba_boxscorematchupsv3
1,2025-26,Playoffs,Western Conference Finals,2026_okc_sas_api_20261005,0042500317,7,2026-05-30,1610612760,OKC,1629652,Luguentz Dort,1610612759,SAS,1628368,De'Aaron Fox,18,2.4,2.03851,5.08475,9.2,0,0,0,0,0,0,0,0,0.0,0,0,0.0,0,0,0,0,0,0,0,nba_boxscorematchupsv3
1,2025-26,Playoffs,Western Conference Finals,2026_okc_sas_api_20261005,0042500317,7,2026-05-30,1610612760,OKC,1629652,Luguentz Dort,1610612759,SAS,1642844,Dylan Harper,15,1.4,2.52101,4.23729,16.400000000000002,0,0,0,0,0,0,0,0,0.0,0,0,0.0,0,0,0,0,0,0,0,nba_boxscorematchupsv3
1,2025-26,Playoffs,Western Conference Finals,2026_okc_sas_api_20261005,0042500317,7,2026-05-30,1610612760,OKC,1629652,Luguentz Dort,1610612759,SAS,1629640,Keldon Johnson,47,5.2,14.02985,13.27684,54.900000000000006,0,6,0,0,0,0,0,0,0.0,0,0,0.0,0,0,0,0,0,0,0,nba_boxscorematchupsv3
1,2025-26,Playoffs,Western Conference Finals,2026_okc_sas_api_20261005,0042500317,7,2026-05-30,1610612760,OKC,1629652,Luguentz Dort,1610612759,SAS,1630170,Devin Vassell,45,2.9,5.7398,12.71186,11.799999999999999,0,3,0,0,0,0,0,0,0.0,0,0,0.0,0,0,0,0,0,0,0,nba_boxscorematchupsv3
1,2025-26,Playoffs,Western Conference Finals,2026_okc_sas_api_20261005,0042500317,7,2026-05-30,1610612760,OKC,1629652,Luguentz Dort,1610612759,SAS,1641705,Victor Wembanyama,51,2.9,5.06958,14.40678,12.9,0,2,1,0,0,0,0,1,0.0,0,0,0.0,0,0,0,0,0,0,0,nba_boxscorematchupsv3
1,2025-26,Playoffs,Western Conference Finals,2026_okc_sas_api_20261005,0042500317,7,2026-05-30,1610612760,OKC,1631096,Chet Holmgren,1610612759,SAS,203084,Harrison Barnes,34,1.0,32.07547,4.35339,97.8,0,2,0,0,0,0,0,0,0.0,0,0,0.0,0,0,0,0,0,0,0,nba_boxscorematchupsv3
1,2025-26,Playoffs,Western Conference Finals,2026_okc_sas_api_20261005,0042500317,7,2026-05-30,1610612760,OKC,1631096,Chet Holmgren,1610612759,SAS,1642868,Carter Bryant,26,1.7,35.61644,3.3290699999999998,39.0,0,2,0,0,0,0,0,0,0.0,0,0,0.0,0,0,0,0,0,0,0,nba_boxscorematchupsv3
1,2025-26,Playoffs,Western Conference Finals,2026_okc_sas_api_20261005,0042500317,7,2026-05-30,1610612760,OKC,1631096,Chet Holmgren,1610612759,SAS,1642264,Stephon Castle,60,3.8,7.07547,7.682460000000001,9.5,0,6,0,0,0,0,0,0,0.0,0,0,0.0,0,0,0,0,0,0,0,nba_boxscorematchupsv3
1,2025-26,Playoffs,Western Conference Finals,2026_okc_sas_api_20261005,0042500317,7,2026-05-30,1610612760,OKC,1631096,Chet Holmgren,1610612759,SAS,1630577,Julian Champagnie,40,4.1,4.43951,5.12164,9.5,0,4,0,0,0,0,0,0,0.0,0,0,0.0,0,2,1,0,0,0,0,nba_boxscorematchupsv3
1,2025-26,Playoffs,Western Conference Finals,2026_okc_sas_api_20261005,0042500317,7,2026-05-30,1610612760,OKC,1631096,Chet Holmgren,1610612759,SAS,1628368,De'Aaron Fox,40,4.6,4.53001,5.12164,9.1,0,3,0,0,0,0,0,0,0.0,0,0,0.0,0,0,0,0,0,0,0,nba_boxscorematchupsv3
1,2025-26,Playoffs,Western Conference Finals,2026_okc_sas_api_20261005,0042500317,7,2026-05-30,1610612760,OKC,1631096,Chet Holmgren,1610612759,SAS,1642844,Dylan Harper,43,4.3,7.22689,5.5057599999999995,10.6,0,2,0,0,0,0,0,0,0.0,0,0,0.0,0,0,0,0,0,0,0,nba_boxscorematchupsv3
1,2025-26,Playoffs,Western Conference Finals,2026_okc_sas_api_20261005,0042500317,7,2026-05-30,1610612760,OKC,1631096,Chet Holmgren,1610612759,SAS,1629640,Keldon Johnson,84,5.8,25.07463,10.75544,27.6,2,5,0,0,1,0,0,0,0.0,0,0,0.0,2,2,0,0,0,0,0,nba_boxscorematchupsv3
1,2025-26,Playoffs,Western Conference Finals,2026_okc_sas_api_20261005,0042500317,7,2026-05-30,1610612760,OKC,1631096,Chet Holmgren,1610612759,SAS,1628436,Luke Kornet,33,0.7,26.6129,4.22535,63.0,0,7,0,0,0,0,0,0,0.0,0,0,0.0,0,0,0,0,0,0,0,nba_boxscorematchupsv3
1,2025-26,Playoffs,Western Conference Finals,2026_okc_sas_api_20261005,0042500317,7,2026-05-30,1610612760,OKC,1631096,Chet Holmgren,1610612759,SAS,1630170,Devin Vassell,135,10.3,17.21939,17.285529999999998,26.0,2,12,0,0,1,0,1,1,100.0,0,0,0.0,0,0,0,0,0,0,0,nba_boxscorematchupsv3
1,2025-26,Playoffs,Western Conference Finals,2026_okc_sas_api_20261005,0042500317,7,2026-05-30,1610612760,OKC,1631096,Chet Holmgren,1610612759,SAS,1641705,Victor Wembanyama,286,16.7,28.42942,36.61972,36.4,0,24,0,0,0,0,0,1,0.0,0,0,0.0,0,0,0,0,0,0,0,nba_boxscorematchupsv3
1,2025-26,Playoffs,Western Conference Finals,2026_okc_sas_api_20261005,0042500317,7,2026-05-30,1610612760,OKC,1628392,Isaiah Hartenstein,1610612759,SAS,203084,Harrison Barnes,4,0.1,3.77358,0.85288,4.7,0,0,0,0,0,0,0,0,0.0,0,0,0.0,0,0,0,0,0,0,0,nba_boxscorematchupsv3
1,2025-26,Playoffs,Western Conference Finals,2026_okc_sas_api_20261005,0042500317,7,2026-05-30,1610612760,OKC,1628392,Isaiah Hartenstein,1610612759,SAS,1642868,Carter Bryant,3,0.2,4.10959,0.63966,8.9,0,0,0,0,0,0,0,0,0.0,0,0,0.0,0,0,0,0,0,0,0,nba_boxscorematchupsv3
1,2025-26,Playoffs,Western Conference Finals,2026_okc_sas_api_20261005,0042500317,7,2026-05-30,1610612760,OKC,1628392,Isaiah Hartenstein,1610612759,SAS,1642264,Stephon Castle,47,5.7,5.5424500000000005,10.02132,13.700000000000001,0,6,0,0,0,0,0,0,0.0,0,0,0.0,0,0,0,0,0,0,0,nba_boxscorematchupsv3
1,2025-26,Playoffs,Western Conference Finals,2026_okc_sas_api_20261005,0042500317,7,2026-05-30,1610612760,OKC,1628392,Isaiah Hartenstein,1610612759,SAS,1630577,Julian Champagnie,35,2.0,3.8845699999999996,7.462689999999999,8.6,2,2,0,0,1,0,1,2,50.0,0,0,0.0,0,0,0,0,0,0,0,nba_boxscorematchupsv3
1,2025-26,Playoffs,Western Conference Finals,2026_okc_sas_api_20261005,0042500317,7,2026-05-30,1610612760,OKC,1628392,Isaiah Hartenstein,1610612759,SAS,1628368,De'Aaron Fox,8,0.8,0.906,1.70576,3.5999999999999996,0,0,0,0,0,0,0,0,0.0,0,0,0.0,0,0,0,0,0,0,0,nba_boxscorematchupsv3
1,2025-26,Playoffs,Western Conference Finals,2026_okc_sas_api_20261005,0042500317,7,2026-05-30,1610612760,OKC,1628392,Isaiah Hartenstein,1610612759,SAS,1642844,Dylan Harper,14,1.8,2.35294,2.98507,5.800000000000001,0,4,0,0,0,0,0,0,0.0,0,0,0.0,0,0,0,0,0,0,0,nba_boxscorematchupsv3
1,2025-26,Playoffs,Western Conference Finals,2026_okc_sas_api_20261005,0042500317,7,2026-05-30,1610612760,OKC,1628392,Isaiah Hartenstein,1610612759,SAS,1629640,Keldon Johnson,2,0.5,0.59701,0.42644,2.3,2,2,0,0,0,0,1,1,100.0,0,0,0.0,0,0,0,0,0,0,0,nba_boxscorematchupsv3
1,2025-26,Playoffs,Western Conference Finals,2026_okc_sas_api_20261005,0042500317,7,2026-05-30,1610612760,OKC,1628392,Isaiah Hartenstein,1610612759,SAS,1628436,Luke Kornet,54,4.8,43.54839,11.51386,68.8,0,3,0,0,0,1,0,1,0.0,0,0,0.0,0,0,0,0,0,0,0,nba_boxscorematchupsv3
1,2025-26,Playoffs,Western Conference Finals,2026_okc_sas_api_20261005,0042500317,7,2026-05-30,1610612760,OKC,1628392,Isaiah Hartenstein,1610612759,SAS,1630170,Devin Vassell,17,1.0,2.16837,3.6247300000000005,4.3999999999999995,0,2,0,0,0,0,0,0,0.0,0,0,0.0,0,0,0,0,0,0,0,nba_boxscorematchupsv3
1,2025-26,Playoffs,Western Conference Finals,2026_okc_sas_api_20261005,0042500317,7,2026-05-30,1610612760,OKC,1628392,Isaiah Hartenstein,1610612759,SAS,1641705,Victor Wembanyama,285,21.4,28.33002,60.767590000000006,72.7,3,18,0,0,1,0,1,3,33.300000000000004,0,0,0.0,1,1,1,0,0,0,0,nba_boxscorematchupsv3
1,2025-26,Playoffs,Western Conference Finals,2026_okc_sas_api_20261005,0042500317,7,2026-05-30,1610612760,OKC,1641717,Cason Wallace,1610612759,SAS,203084,Harrison Barnes,20,0.8,18.867919999999998,2.3584899999999998,25.900000000000002,0,2,0,0,0,0,0,0,0.0,0,0,0.0,0,0,0,0,0,0,0,nba_boxscorematchupsv3
1,2025-26,Playoffs,Western Conference Finals,2026_okc_sas_api_20261005,0042500317,7,2026-05-30,1610612760,OKC,1641717,Cason Wallace,1610612759,SAS,1642868,Carter Bryant,3,0.5,4.10959,0.35377,6.4,0,0,0,0,0,0,0,0,0.0,0,0,0.0,0,0,0,0,0,0,0,nba_boxscorematchupsv3
1,2025-26,Playoffs,Western Conference Finals,2026_okc_sas_api_20261005,0042500317,7,2026-05-30,1610612760,OKC,1641717,Cason Wallace,1610612759,SAS,1642264,Stephon Castle,101,5.7,11.91038,11.91038,15.0,0,5,0,0,0,0,0,0,0.0,0,0,0.0,0,0,0,0,0,0,0,nba_boxscorematchupsv3
1,2025-26,Playoffs,Western Conference Finals,2026_okc_sas_api_20261005,0042500317,7,2026-05-30,1610612760,OKC,1641717,Cason Wallace,1610612759,SAS,1630577,Julian Champagnie,214,12.5,23.75139,25.23585,28.199999999999996,9,24,2,0,0,0,3,4,75.0,3,4,75.0,0,0,0,0,0,0,0,nba_boxscorematchupsv3
1,2025-26,Playoffs,Western Conference Finals,2026_okc_sas_api_20261005,0042500317,7,2026-05-30,1610612760,OKC,1641717,Cason Wallace,1610612759,SAS,1628368,De'Aaron Fox,221,15.4,25.028309999999998,26.06132,28.4,3,21,2,0,0,0,1,2,50.0,1,2,50.0,0,0,0,0,0,0,0,nba_boxscorematchupsv3
1,2025-26,Playoffs,Western Conference Finals,2026_okc_sas_api_20261005,0042500317,7,2026-05-30,1610612760,OKC,1641717,Cason Wallace,1610612759,SAS,1642844,Dylan Harper,114,9.4,19.159660000000002,13.4434,27.6,3,5,0,0,1,0,1,2,50.0,1,2,50.0,0,0,0,0,0,0,0,nba_boxscorematchupsv3
1,2025-26,Playoffs,Western Conference Finals,2026_okc_sas_api_20261005,0042500317,7,2026-05-30,1610612760,OKC,1641717,Cason Wallace,1610612759,SAS,1629640,Keldon Johnson,36,3.4,10.746269999999999,4.24528,23.7,0,2,0,0,0,0,0,0,0.0,0,0,0.0,0,0,0,0,0,0,0,nba_boxscorematchupsv3
1,2025-26,Playoffs,Western Conference Finals,2026_okc_sas_api_20261005,0042500317,7,2026-05-30,1610612760,OKC,1641717,Cason Wallace,1610612759,SAS,1628436,Luke Kornet,7,1.8,5.64516,0.82547,6.800000000000001,0,0,0,0,0,0,0,0,0.0,0,0,0.0,0,0,0,0,0,0,0,nba_boxscorematchupsv3
1,2025-26,Playoffs,Western Conference Finals,2026_okc_sas_api_20261005,0042500317,7,2026-05-30,1610612760,OKC,1641717,Cason Wallace,1610612759,SAS,1630170,Devin Vassell,75,7.1,9.56633,8.84434,12.7,2,8,0,0,1,0,1,2,50.0,0,1,0.0,0,0,0,0,0,0,0,nba_boxscorematchupsv3
1,2025-26,Playoffs,Western Conference Finals,2026_okc_sas_api_20261005,0042500317,7,2026-05-30,1610612760,OKC,1641717,Cason Wallace,1610612759,SAS,1641705,Victor Wembanyama,57,5.6,5.666,6.7217,9.6,0,2,0,0,0,0,0,0,0.0,0,0,0.0,0,0,0,0,0,0,0,nba_boxscorematchupsv3
1,2025-26,Playoffs,Western Conference Finals,2026_okc_sas_api_20261005,0042500317,7,2026-05-30,1610612760,OKC,1628983,Shai Gilgeous-Alexander,1610612759,SAS,203084,Harrison Barnes,1,0.1,0.9434,0.09355000000000001,0.8,0,0,0,0,0,0,0,0,0.0,0,0,0.0,0,0,0,0,0,0,0,nba_boxscorematchupsv3
1,2025-26,Playoffs,Western Conference Finals,2026_okc_sas_api_20261005,0042500317,7,2026-05-30,1610612760,OKC,1628983,Shai Gilgeous-Alexander,1610612759,SAS,1642868,Carter Bryant,10,1.1,13.698630000000001,0.93545,33.6,3,3,0,0,0,0,1,1,100.0,1,1,100.0,0,0,0,0,0,0,0,nba_boxscorematchupsv3
1,2025-26,Playoffs,Western Conference Finals,2026_okc_sas_api_20261005,0042500317,7,2026-05-30,1610612760,OKC,1628983,Shai Gilgeous-Alexander,1610612759,SAS,1642264,Stephon Castle,416,32.5,49.0566,38.91487,51.1,4,29,3,0,2,0,1,2,50.0,0,0,0.0,2,2,1,0,0,0,0,nba_boxscorematchupsv3
1,2025-26,Playoffs,Western Conference Finals,2026_okc_sas_api_20261005,0042500317,7,2026-05-30,1610612760,OKC,1628983,Shai Gilgeous-Alexander,1610612759,SAS,1630577,Julian Champagnie,179,13.5,19.866809999999997,16.744619999999998,20.7,7,17,3,0,0,0,3,6,50.0,1,2,50.0,0,0,0,0,0,0,0,nba_boxscorematchupsv3
1,2025-26,Playoffs,Western Conference Finals,2026_okc_sas_api_20261005,0042500317,7,2026-05-30,1610612760,OKC,1628983,Shai Gilgeous-Alexander,1610612759,SAS,1628368,De'Aaron Fox,100,5.6,11.32503,9.35454,11.899999999999999,4,4,0,0,0,0,2,3,66.7,0,1,0.0,0,2,1,0,0,0,0,nba_boxscorematchupsv3
1,2025-26,Playoffs,Western Conference Finals,2026_okc_sas_api_20261005,0042500317,7,2026-05-30,1610612760,OKC,1628983,Shai Gilgeous-Alexander,1610612759,SAS,1642844,Dylan Harper,37,4.4,6.21849,3.4611799999999997,9.6,2,5,0,0,0,0,0,1,0.0,0,1,0.0,2,2,1,0,0,0,0,nba_boxscorematchupsv3
1,2025-26,Playoffs,Western Conference Finals,2026_okc_sas_api_20261005,0042500317,7,2026-05-30,1610612760,OKC,1628983,Shai Gilgeous-Alexander,1610612759,SAS,1629640,Keldon Johnson,41,3.1,12.23881,3.83536,11.5,0,0,0,0,1,0,0,1,0.0,0,0,0.0,0,0,0,0,0,0,0,nba_boxscorematchupsv3
1,2025-26,Playoffs,Western Conference Finals,2026_okc_sas_api_20261005,0042500317,7,2026-05-30,1610612760,OKC,1628983,Shai Gilgeous-Alexander,1610612759,SAS,1628436,Luke Kornet,4,0.8,3.2258099999999996,0.37418,5.6000000000000005,0,0,0,0,0,0,0,0,0.0,0,0,0.0,0,0,0,0,0,0,0,nba_boxscorematchupsv3
1,2025-26,Playoffs,Western Conference Finals,2026_okc_sas_api_20261005,0042500317,7,2026-05-30,1610612760,OKC,1628983,Shai Gilgeous-Alexander,1610612759,SAS,1630170,Devin Vassell,179,14.5,22.83163,16.744619999999998,24.5,5,17,1,0,0,0,1,1,100.0,0,0,0.0,3,3,1,0,0,0,0,nba_boxscorematchupsv3
1,2025-26,Playoffs,Western Conference Finals,2026_okc_sas_api_20261005,0042500317,7,2026-05-30,1610612760,OKC,1628983,Shai Gilgeous-Alexander,1610612759,SAS,1641705,Victor Wembanyama,102,7.1,10.13917,9.54163,10.5,10,12,1,0,0,1,4,6,66.7,0,0,0.0,2,2,1,0,0,0,0,nba_boxscorematchupsv3
1,2025-26,Playoffs,Western Conference Finals,2026_okc_sas_api_20261005,0042500317,7,2026-05-30,1610612760,OKC,1627936,Alex Caruso,1610612759,SAS,203084,Harrison Barnes,3,1.0,2.83019,0.34091,5.5,0,0,0,0,0,0,0,1,0.0,0,1,0.0,0,0,0,0,0,0,0,nba_boxscorematchupsv3
1,2025-26,Playoffs,Western Conference Finals,2026_okc_sas_api_20261005,0042500317,7,2026-05-30,1610612760,OKC,1627936,Alex Caruso,1610612759,SAS,1642868,Carter Bryant,5,0.3,6.8493200000000005,0.56818,5.3,0,0,0,0,0,0,0,0,0.0,0,0,0.0,0,0,0,0,0,0,0,nba_boxscorematchupsv3
1,2025-26,Playoffs,Western Conference Finals,2026_okc_sas_api_20261005,0042500317,7,2026-05-30,1610612760,OKC,1627936,Alex Caruso,1610612759,SAS,1642264,Stephon Castle,81,6.4,9.55189,9.204550000000001,12.5,2,12,0,0,0,0,0,1,0.0,0,1,0.0,2,2,1,0,0,0,0,nba_boxscorematchupsv3
1,2025-26,Playoffs,Western Conference Finals,2026_okc_sas_api_20261005,0042500317,7,2026-05-30,1610612760,OKC,1627936,Alex Caruso,1610612759,SAS,1630577,Julian Champagnie,150,9.8,16.64817,17.045450000000002,22.8,2,8,0,0,0,0,1,4,25.0,0,1,0.0,0,0,0,0,0,0,0,nba_boxscorematchupsv3
1,2025-26,Playoffs,Western Conference Finals,2026_okc_sas_api_20261005,0042500317,7,2026-05-30,1610612760,OKC,1627936,Alex Caruso,1610612759,SAS,1628368,De'Aaron Fox,323,24.1,36.579840000000004,36.704550000000005,49.0,3,25,1,0,1,0,1,3,33.300000000000004,1,2,50.0,0,0,0,0,0,0,0,nba_boxscorematchupsv3
1,2025-26,Playoffs,Western Conference Finals,2026_okc_sas_api_20261005,0042500317,7,2026-05-30,1610612760,OKC,1627936,Alex Caruso,1610612759,SAS,1642844,Dylan Harper,116,7.5,19.4958,13.18182,20.1,0,18,1,0,0,0,0,0,0.0,0,0,0.0,0,0,0,0,0,0,0,nba_boxscorematchupsv3
1,2025-26,Playoffs,Western Conference Finals,2026_okc_sas_api_20261005,0042500317,7,2026-05-30,1610612760,OKC,1627936,Alex Caruso,1610612759,SAS,1629640,Keldon Johnson,21,4.5,6.26866,2.38636,11.899999999999999,2,2,0,0,0,0,0,1,0.0,0,1,0.0,2,2,0,0,0,0,0,nba_boxscorematchupsv3
1,2025-26,Playoffs,Western Conference Finals,2026_okc_sas_api_20261005,0042500317,7,2026-05-30,1610612760,OKC,1627936,Alex Caruso,1610612759,SAS,1628436,Luke Kornet,7,1.2,5.64516,0.79545,6.6000000000000005,2,2,0,0,0,0,1,2,50.0,0,0,0.0,0,0,0,0,0,0,0,nba_boxscorematchupsv3
1,2025-26,Playoffs,Western Conference Finals,2026_okc_sas_api_20261005,0042500317,7,2026-05-30,1610612760,OKC,1627936,Alex Caruso,1610612759,SAS,1630170,Devin Vassell,94,7.2,11.9898,10.68182,17.7,0,5,1,0,0,0,0,0,0.0,0,0,0.0,0,0,0,0,0,0,0,nba_boxscorematchupsv3
1,2025-26,Playoffs,Western Conference Finals,2026_okc_sas_api_20261005,0042500317,7,2026-05-30,1610612760,OKC,1627936,Alex Caruso,1610612759,SAS,1641705,Victor Wembanyama,80,6.5,7.95229,9.090910000000001,10.100000000000001,1,8,1,0,1,0,0,2,0.0,0,0,0.0,1,2,1,0,0,0,0,nba_boxscorematchupsv3
1,2025-26,Playoffs,Western Conference Finals,2026_okc_sas_api_20261005,0042500317,7,2026-05-30,1610612760,OKC,1642272,Jared McCain,1610612759,SAS,203084,Harrison Barnes,6,0.1,5.66038,1.12782,5.3,0,2,0,0,0,0,0,0,0.0,0,0,0.0,0,0,0,0,0,0,0,nba_boxscorematchupsv3
1,2025-26,Playoffs,Western Conference Finals,2026_okc_sas_api_20261005,0042500317,7,2026-05-30,1610612760,OKC,1642272,Jared McCain,1610612759,SAS,1642868,Carter Bryant,3,0.3,4.10959,0.56391,14.099999999999998,0,0,0,0,0,0,0,0,0.0,0,0,0.0,0,0,0,0,0,0,0,nba_boxscorematchupsv3
1,2025-26,Playoffs,Western Conference Finals,2026_okc_sas_api_20261005,0042500317,7,2026-05-30,1610612760,OKC,1642272,Jared McCain,1610612759,SAS,1642264,Stephon Castle,25,0.8,2.94811,4.69925,8.7,0,4,0,0,0,0,0,0,0.0,0,0,0.0,0,0,0,0,0,0,0,nba_boxscorematchupsv3
1,2025-26,Playoffs,Western Conference Finals,2026_okc_sas_api_20261005,0042500317,7,2026-05-30,1610612760,OKC,1642272,Jared McCain,1610612759,SAS,1630577,Julian Champagnie,69,4.2,7.65816,12.969919999999998,17.9,2,4,0,0,0,0,1,2,50.0,0,1,0.0,0,0,0,0,0,0,0,nba_boxscorematchupsv3
1,2025-26,Playoffs,Western Conference Finals,2026_okc_sas_api_20261005,0042500317,7,2026-05-30,1610612760,OKC,1642272,Jared McCain,1610612759,SAS,1628368,De'Aaron Fox,121,6.5,13.703280000000001,22.74436,30.8,3,3,0,0,0,0,1,2,50.0,1,1,100.0,0,0,0,0,0,0,0,nba_boxscorematchupsv3
1,2025-26,Playoffs,Western Conference Finals,2026_okc_sas_api_20261005,0042500317,7,2026-05-30,1610612760,OKC,1642272,Jared McCain,1610612759,SAS,1642844,Dylan Harper,207,12.9,34.78992,38.90977,53.2,2,14,0,0,0,0,1,3,33.300000000000004,0,1,0.0,0,0,0,0,0,0,0,nba_boxscorematchupsv3
1,2025-26,Playoffs,Western Conference Finals,2026_okc_sas_api_20261005,0042500317,7,2026-05-30,1610612760,OKC,1642272,Jared McCain,1610612759,SAS,1629640,Keldon Johnson,9,1.7,2.68657,1.69173,5.3,0,2,0,0,0,0,0,0,0.0,0,0,0.0,0,0,0,0,0,0,0,nba_boxscorematchupsv3
1,2025-26,Playoffs,Western Conference Finals,2026_okc_sas_api_20261005,0042500317,7,2026-05-30,1610612760,OKC,1642272,Jared McCain,1610612759,SAS,1628436,Luke Kornet,10,0.5,8.06452,1.8797000000000001,9.1,5,5,0,0,0,0,2,2,100.0,1,1,100.0,0,0,0,0,0,0,0,nba_boxscorematchupsv3
1,2025-26,Playoffs,Western Conference Finals,2026_okc_sas_api_20261005,0042500317,7,2026-05-30,1610612760,OKC,1642272,Jared McCain,1610612759,SAS,1630170,Devin Vassell,68,9.6,8.67347,12.78195,23.9,0,2,0,0,1,0,0,1,0.0,0,1,0.0,0,0,0,0,0,0,0,nba_boxscorematchupsv3
1,2025-26,Playoffs,Western Conference Finals,2026_okc_sas_api_20261005,0042500317,7,2026-05-30,1610612760,OKC,1642272,Jared McCain,1610612759,SAS,1641705,Victor Wembanyama,14,1.3,1.39165,2.63158,3.4000000000000004,0,0,0,0,0,0,0,2,0.0,0,2,0.0,0,0,0,0,0,0,0,nba_boxscorematchupsv3
1,2025-26,Playoffs,Western Conference Finals,2026_okc_sas_api_20261005,0042500317,7,2026-05-30,1610612760,OKC,1631119,Jaylin Williams,1610612759,SAS,1642868,Carter Bryant,23,0.3,31.506849999999996,3.97237,39.4,2,4,0,0,0,0,1,1,100.0,0,0,0.0,0,0,0,0,0,0,0,nba_boxscorematchupsv3
1,2025-26,Playoffs,Western Conference Finals,2026_okc_sas_api_20261005,0042500317,7,2026-05-30,1610612760,OKC,1631119,Jaylin Williams,1610612759,SAS,1642264,Stephon Castle,45,3.0,5.3066,7.77202,11.200000000000001,4,4,0,0,0,0,2,2,100.0,0,0,0.0,0,0,0,0,0,0,0,nba_boxscorematchupsv3
1,2025-26,Playoffs,Western Conference Finals,2026_okc_sas_api_20261005,0042500317,7,2026-05-30,1610612760,OKC,1631119,Jaylin Williams,1610612759,SAS,1630577,Julian Champagnie,83,4.6,9.21199,14.335059999999999,16.2,0,3,0,0,0,0,0,0,0.0,0,0,0.0,0,0,0,0,0,0,0,nba_boxscorematchupsv3
1,2025-26,Playoffs,Western Conference Finals,2026_okc_sas_api_20261005,0042500317,7,2026-05-30,1610612760,OKC,1631119,Jaylin Williams,1610612759,SAS,1628368,De'Aaron Fox,39,2.8,4.41676,6.73575,9.1,5,10,0,0,0,0,2,2,100.0,1,1,100.0,0,0,0,0,0,0,0,nba_boxscorematchupsv3
1,2025-26,Playoffs,Western Conference Finals,2026_okc_sas_api_20261005,0042500317,7,2026-05-30,1610612760,OKC,1631119,Jaylin Williams,1610612759,SAS,1642844,Dylan Harper,34,1.5,5.71429,5.87219,11.200000000000001,0,0,0,0,0,0,0,1,0.0,0,0,0.0,0,0,0,0,0,0,0,nba_boxscorematchupsv3
1,2025-26,Playoffs,Western Conference Finals,2026_okc_sas_api_20261005,0042500317,7,2026-05-30,1610612760,OKC,1631119,Jaylin Williams,1610612759,SAS,1629640,Keldon Johnson,90,6.4,26.86567,15.54404,38.4,0,8,1,0,0,0,0,1,0.0,0,1,0.0,0,0,0,0,0,0,0,nba_boxscorematchupsv3
1,2025-26,Playoffs,Western Conference Finals,2026_okc_sas_api_20261005,0042500317,7,2026-05-30,1610612760,OKC,1631119,Jaylin Williams,1610612759,SAS,1628436,Luke Kornet,9,1.1,7.2580599999999995,1.5544,22.2,0,0,0,0,0,0,0,0,0.0,0,0,0.0,0,0,0,0,0,0,0,nba_boxscorematchupsv3
1,2025-26,Playoffs,Western Conference Finals,2026_okc_sas_api_20261005,0042500317,7,2026-05-30,1610612760,OKC,1631119,Jaylin Williams,1610612759,SAS,1630170,Devin Vassell,152,8.6,19.38776,26.252160000000003,32.9,0,15,2,0,0,0,0,1,0.0,0,0,0.0,0,0,0,0,0,0,0,nba_boxscorematchupsv3
1,2025-26,Playoffs,Western Conference Finals,2026_okc_sas_api_20261005,0042500317,7,2026-05-30,1610612760,OKC,1631119,Jaylin Williams,1610612759,SAS,1641705,Victor Wembanyama,104,9.5,10.33797,17.962,22.8,0,11,1,0,0,0,0,1,0.0,0,1,0.0,0,0,0,0,0,0,0,nba_boxscorematchupsv3
1,2025-26,Playoffs,Western Conference Finals,2026_okc_sas_api_20261005,0042500317,7,2026-05-30,1610612760,OKC,1629026,Kenrich Williams,1610612759,SAS,203084,Harrison Barnes,38,0.9,35.84906,26.57343,78.2,0,3,0,0,0,0,0,0,0.0,0,0,0.0,0,0,0,0,0,0,0,nba_boxscorematchupsv3
1,2025-26,Playoffs,Western Conference Finals,2026_okc_sas_api_20261005,0042500317,7,2026-05-30,1610612760,OKC,1629026,Kenrich Williams,1610612759,SAS,1642264,Stephon Castle,13,1.6,1.53302,9.090910000000001,10.8,0,0,0,0,0,0,0,0,0.0,0,0,0.0,0,0,0,0,0,0,0,nba_boxscorematchupsv3
1,2025-26,Playoffs,Western Conference Finals,2026_okc_sas_api_20261005,0042500317,7,2026-05-30,1610612760,OKC,1629026,Kenrich Williams,1610612759,SAS,1630577,Julian Champagnie,13,1.2,1.44284,9.090910000000001,18.0,0,0,0,0,0,0,0,0,0.0,0,0,0.0,0,0,0,0,0,0,0,nba_boxscorematchupsv3
1,2025-26,Playoffs,Western Conference Finals,2026_okc_sas_api_20261005,0042500317,7,2026-05-30,1610612760,OKC,1629026,Kenrich Williams,1610612759,SAS,1628368,De'Aaron Fox,13,0.7,1.4722499999999998,9.090910000000001,8.7,2,2,0,0,0,0,1,1,100.0,0,0,0.0,0,0,0,0,0,0,0,nba_boxscorematchupsv3
1,2025-26,Playoffs,Western Conference Finals,2026_okc_sas_api_20261005,0042500317,7,2026-05-30,1610612760,OKC,1629026,Kenrich Williams,1610612759,SAS,1642844,Dylan Harper,15,1.3,2.52101,10.489510000000001,19.7,0,2,0,0,0,0,0,2,0.0,0,1,0.0,0,0,0,0,0,0,0,nba_boxscorematchupsv3
1,2025-26,Playoffs,Western Conference Finals,2026_okc_sas_api_20261005,0042500317,7,2026-05-30,1610612760,OKC,1629026,Kenrich Williams,1610612759,SAS,1629640,Keldon Johnson,5,1.5,1.49254,3.4965,16.3,0,0,0,0,0,0,0,0,0.0,0,0,0.0,0,0,0,0,0,0,0,nba_boxscorematchupsv3
1,2025-26,Playoffs,Western Conference Finals,2026_okc_sas_api_20261005,0042500317,7,2026-05-30,1610612760,OKC,1629026,Kenrich Williams,1610612759,SAS,1630170,Devin Vassell,19,0.9,2.42347,13.28671,24.7,0,0,0,0,0,0,0,1,0.0,0,1,0.0,0,0,0,0,0,0,0,nba_boxscorematchupsv3
1,2025-26,Playoffs,Western Conference Finals,2026_okc_sas_api_20261005,0042500317,7,2026-05-30,1610612760,OKC,1629026,Kenrich Williams,1610612759,SAS,1641705,Victor Wembanyama,27,1.1,2.6839,18.881120000000003,15.0,0,0,0,0,0,0,0,0,0.0,0,0,0.0,0,0,0,0,0,0,0,nba_boxscorematchupsv3
1,2025-26,Playoffs,Western Conference Finals,2026_okc_sas_api_20261005,0042500317,7,2026-05-30,1610612759,SAS,1630170,Devin Vassell,1610612760,OKC,1627936,Alex Caruso,57,4.2,6.58199,7.99439,8.799999999999999,0,8,1,0,0,0,0,0,0.0,0,0,0.0,0,0,0,0,0,0,0,nba_boxscorematchupsv3
1,2025-26,Playoffs,Western Conference Finals,2026_okc_sas_api_20261005,0042500317,7,2026-05-30,1610612759,SAS,1630170,Devin Vassell,1610612760,OKC,1629652,Luguentz Dort,22,2.2,6.14525,3.08555,7.6,0,3,0,0,0,0,0,0,0.0,0,0,0.0,0,0,0,0,0,0,0,nba_boxscorematchupsv3
1,2025-26,Playoffs,Western Conference Finals,2026_okc_sas_api_20261005,0042500317,7,2026-05-30,1610612759,SAS,1630170,Devin Vassell,1610612760,OKC,1628983,Shai Gilgeous-Alexander,300,20.8,31.64557,42.07574,39.800000000000004,2,25,1,0,0,0,1,3,33.300000000000004,0,1,0.0,0,0,0,0,0,0,0,nba_boxscorematchupsv3
1,2025-26,Playoffs,Western Conference Finals,2026_okc_sas_api_20261005,0042500317,7,2026-05-30,1610612759,SAS,1630170,Devin Vassell,1610612760,OKC,1628392,Isaiah Hartenstein,10,0.4,2.1231400000000002,1.40252,2.1,0,0,0,0,0,0,0,1,0.0,0,1,0.0,0,0,0,0,0,0,0,nba_boxscorematchupsv3
1,2025-26,Playoffs,Western Conference Finals,2026_okc_sas_api_20261005,0042500317,7,2026-05-30,1610612759,SAS,1630170,Devin Vassell,1610612760,OKC,1631096,Chet Holmgren,94,10.3,13.62319,13.183729999999999,22.400000000000002,0,10,0,0,0,0,0,3,0.0,0,1,0.0,0,0,0,0,0,0,0,nba_boxscorematchupsv3
1,2025-26,Playoffs,Western Conference Finals,2026_okc_sas_api_20261005,0042500317,7,2026-05-30,1610612759,SAS,1630170,Devin Vassell,1610612760,OKC,1642272,Jared McCain,143,11.1,27.03214,20.0561,39.900000000000006,5,12,0,0,0,0,1,3,33.300000000000004,1,2,50.0,2,2,1,0,0,0,0,nba_boxscorematchupsv3
1,2025-26,Playoffs,Western Conference Finals,2026_okc_sas_api_20261005,0042500317,7,2026-05-30,1610612759,SAS,1630170,Devin Vassell,1610612760,OKC,1641717,Cason Wallace,59,7.0,7.6129,8.27489,12.9,2,2,1,0,0,0,1,3,33.300000000000004,0,1,0.0,0,0,0,0,0,0,0,nba_boxscorematchupsv3
1,2025-26,Playoffs,Western Conference Finals,2026_okc_sas_api_20261005,0042500317,7,2026-05-30,1610612759,SAS,1630170,Devin Vassell,1610612760,OKC,1631119,Jaylin Williams,22,2.2,3.9497299999999997,3.08555,9.4,2,2,0,0,0,0,1,1,100.0,0,0,0.0,0,0,0,0,0,0,0,nba_boxscorematchupsv3
1,2025-26,Playoffs,Western Conference Finals,2026_okc_sas_api_20261005,0042500317,7,2026-05-30,1610612759,SAS,1630170,Devin Vassell,1610612760,OKC,1629026,Kenrich Williams,6,0.4,8.0,0.84151,25.3,0,0,0,0,0,0,0,0,0.0,0,0,0.0,0,0,0,0,0,0,0,nba_boxscorematchupsv3
1,2025-26,Playoffs,Western Conference Finals,2026_okc_sas_api_20261005,0042500317,7,2026-05-30,1610612759,SAS,1630577,Julian Champagnie,1610612760,OKC,1627936,Alex Caruso,49,7.0,5.6582,6.422020000000001,9.2,3,13,0,0,0,0,1,2,50.0,1,2,50.0,0,0,0,0,0,0,0,nba_boxscorematchupsv3
1,2025-26,Playoffs,Western Conference Finals,2026_okc_sas_api_20261005,0042500317,7,2026-05-30,1610612759,SAS,1630577,Julian Champagnie,1610612760,OKC,1629652,Luguentz Dort,36,3.3,10.05587,4.71822,13.900000000000002,2,4,0,0,0,0,0,0,0.0,0,0,0.0,2,3,1,0,0,0,0,nba_boxscorematchupsv3
1,2025-26,Playoffs,Western Conference Finals,2026_okc_sas_api_20261005,0042500317,7,2026-05-30,1610612759,SAS,1630577,Julian Champagnie,1610612760,OKC,1628983,Shai Gilgeous-Alexander,216,13.8,22.78481,28.30931,30.099999999999998,3,18,0,0,0,0,1,3,33.300000000000004,1,3,33.300000000000004,0,0,0,0,0,0,0,nba_boxscorematchupsv3
1,2025-26,Playoffs,Western Conference Finals,2026_okc_sas_api_20261005,0042500317,7,2026-05-30,1610612759,SAS,1630577,Julian Champagnie,1610612760,OKC,1628392,Isaiah Hartenstein,14,1.5,2.9724,1.83486,5.4,3,5,0,0,0,0,1,1,100.0,1,1,100.0,0,0,0,0,0,0,0,nba_boxscorematchupsv3
1,2025-26,Playoffs,Western Conference Finals,2026_okc_sas_api_20261005,0042500317,7,2026-05-30,1610612759,SAS,1630577,Julian Champagnie,1610612760,OKC,1631096,Chet Holmgren,171,9.7,24.78261,22.41153,31.6,0,11,0,0,0,0,0,0,0.0,0,0,0.0,0,0,0,0,0,0,0,nba_boxscorematchupsv3
1,2025-26,Playoffs,Western Conference Finals,2026_okc_sas_api_20261005,0042500317,7,2026-05-30,1610612759,SAS,1630577,Julian Champagnie,1610612760,OKC,1642272,Jared McCain,206,13.5,38.9414,26.998689999999996,52.5,6,15,0,0,0,0,2,3,66.7,2,3,66.7,0,0,0,0,0,0,0,nba_boxscorematchupsv3
1,2025-26,Playoffs,Western Conference Finals,2026_okc_sas_api_20261005,0042500317,7,2026-05-30,1610612759,SAS,1630577,Julian Champagnie,1610612760,OKC,1641717,Cason Wallace,43,3.9,5.54839,5.63565,7.3999999999999995,3,15,0,0,0,0,1,2,50.0,1,1,100.0,0,0,0,0,0,0,0,nba_boxscorematchupsv3
1,2025-26,Playoffs,Western Conference Finals,2026_okc_sas_api_20261005,0042500317,7,2026-05-30,1610612759,SAS,1630577,Julian Champagnie,1610612760,OKC,1631119,Jaylin Williams,17,3.3,3.05206,2.22805,5.6000000000000005,0,5,1,0,0,0,0,0,0.0,0,0,0.0,0,0,0,0,0,0,0,nba_boxscorematchupsv3
1,2025-26,Playoffs,Western Conference Finals,2026_okc_sas_api_20261005,0042500317,7,2026-05-30,1610612759,SAS,1630577,Julian Champagnie,1610612760,OKC,1629026,Kenrich Williams,11,1.2,14.666670000000002,1.44168,16.6,0,3,0,0,1,0,0,0,0.0,0,0,0.0,0,0,0,0,0,0,0,nba_boxscorematchupsv3
1,2025-26,Playoffs,Western Conference Finals,2026_okc_sas_api_20261005,0042500317,7,2026-05-30,1610612759,SAS,1641705,Victor Wembanyama,1610612760,OKC,1627936,Alex Caruso,27,4.1,3.1177799999999998,2.82427,4.7,0,8,0,0,0,0,0,0,0.0,0,0,0.0,0,0,0,0,0,0,0,nba_boxscorematchupsv3
1,2025-26,Playoffs,Western Conference Finals,2026_okc_sas_api_20261005,0042500317,7,2026-05-30,1610612759,SAS,1641705,Victor Wembanyama,1610612760,OKC,1629652,Luguentz Dort,14,2.4,3.9106099999999997,1.46444,6.9,0,5,0,0,0,0,0,0,0.0,0,0,0.0,0,0,0,0,0,0,0,nba_boxscorematchupsv3
1,2025-26,Playoffs,Western Conference Finals,2026_okc_sas_api_20261005,0042500317,7,2026-05-30,1610612759,SAS,1641705,Victor Wembanyama,1610612760,OKC,1628983,Shai Gilgeous-Alexander,37,3.0,3.90295,3.87029,4.7,0,1,0,0,0,0,0,0,0.0,0,0,0.0,0,0,0,0,0,0,0,nba_boxscorematchupsv3
1,2025-26,Playoffs,Western Conference Finals,2026_okc_sas_api_20261005,0042500317,7,2026-05-30,1610612759,SAS,1641705,Victor Wembanyama,1610612760,OKC,1628392,Isaiah Hartenstein,327,25.3,69.42675,34.205020000000005,84.3,3,35,1,0,1,0,1,2,50.0,1,2,50.0,0,0,0,0,0,0,0,nba_boxscorematchupsv3
1,2025-26,Playoffs,Western Conference Finals,2026_okc_sas_api_20261005,0042500317,7,2026-05-30,1610612759,SAS,1641705,Victor Wembanyama,1610612760,OKC,1631096,Chet Holmgren,58,6.0,8.4058,6.06695,11.1,5,13,0,0,0,0,2,4,50.0,0,0,0.0,1,2,1,0,0,0,0,nba_boxscorematchupsv3
1,2025-26,Playoffs,Western Conference Finals,2026_okc_sas_api_20261005,0042500317,7,2026-05-30,1610612759,SAS,1641705,Victor Wembanyama,1610612760,OKC,1642272,Jared McCain,18,1.4,3.40265,1.8828500000000001,4.5,0,0,0,0,0,0,0,0,0.0,0,0,0.0,0,0,0,0,0,0,0,nba_boxscorematchupsv3
1,2025-26,Playoffs,Western Conference Finals,2026_okc_sas_api_20261005,0042500317,7,2026-05-30,1610612759,SAS,1641705,Victor Wembanyama,1610612760,OKC,1641717,Cason Wallace,42,2.9,5.41935,4.3933100000000005,6.4,0,4,0,0,0,0,0,0,0.0,0,0,0.0,0,0,0,0,0,0,0,nba_boxscorematchupsv3
1,2025-26,Playoffs,Western Conference Finals,2026_okc_sas_api_20261005,0042500317,7,2026-05-30,1610612759,SAS,1641705,Victor Wembanyama,1610612760,OKC,1631119,Jaylin Williams,428,24.1,76.84022,44.76987,76.3,13,30,1,0,0,0,4,9,44.4,2,3,66.7,3,4,1,0,0,0,0,nba_boxscorematchupsv3
1,2025-26,Playoffs,Western Conference Finals,2026_okc_sas_api_20261005,0042500317,7,2026-05-30,1610612759,SAS,1641705,Victor Wembanyama,1610612760,OKC,1629026,Kenrich Williams,5,0.9,6.66667,0.52301,9.2,0,0,0,0,0,0,0,0,0.0,0,0,0.0,0,0,0,0,0,0,0,nba_boxscorematchupsv3
1,2025-26,Playoffs,Western Conference Finals,2026_okc_sas_api_20261005,0042500317,7,2026-05-30,1610612759,SAS,1642264,Stephon Castle,1610612760,OKC,1627936,Alex Caruso,200,15.2,23.09469,25.47771,35.3,5,11,1,0,2,0,2,2,100.0,0,0,0.0,1,2,1,0,0,0,0,nba_boxscorematchupsv3
1,2025-26,Playoffs,Western Conference Finals,2026_okc_sas_api_20261005,0042500317,7,2026-05-30,1610612759,SAS,1642264,Stephon Castle,1610612760,OKC,1629652,Luguentz Dort,146,11.3,40.78212,18.59873,43.4,2,9,1,0,0,0,1,1,100.0,0,0,0.0,0,0,0,0,0,0,0,nba_boxscorematchupsv3
1,2025-26,Playoffs,Western Conference Finals,2026_okc_sas_api_20261005,0042500317,7,2026-05-30,1610612759,SAS,1642264,Stephon Castle,1610612760,OKC,1628983,Shai Gilgeous-Alexander,135,16.4,14.24051,17.19745,20.0,5,17,1,0,1,1,2,6,33.300000000000004,0,2,0.0,1,1,1,0,0,0,0,nba_boxscorematchupsv3
1,2025-26,Playoffs,Western Conference Finals,2026_okc_sas_api_20261005,0042500317,7,2026-05-30,1610612759,SAS,1642264,Stephon Castle,1610612760,OKC,1628392,Isaiah Hartenstein,24,2.7,5.09554,3.05732,6.2,0,1,0,0,0,0,0,1,0.0,0,1,0.0,0,0,0,0,0,0,0,nba_boxscorematchupsv3
1,2025-26,Playoffs,Western Conference Finals,2026_okc_sas_api_20261005,0042500317,7,2026-05-30,1610612759,SAS,1642264,Stephon Castle,1610612760,OKC,1631096,Chet Holmgren,39,3.0,5.65217,4.9681500000000005,6.9,0,3,0,0,0,0,0,0,0.0,0,0,0.0,0,0,0,0,0,0,0,nba_boxscorematchupsv3
1,2025-26,Playoffs,Western Conference Finals,2026_okc_sas_api_20261005,0042500317,7,2026-05-30,1610612759,SAS,1642264,Stephon Castle,1610612760,OKC,1642272,Jared McCain,18,1.4,3.40265,2.29299,8.0,0,0,1,0,1,0,0,0,0.0,0,0,0.0,0,0,0,0,0,0,0,nba_boxscorematchupsv3
1,2025-26,Playoffs,Western Conference Finals,2026_okc_sas_api_20261005,0042500317,7,2026-05-30,1610612759,SAS,1642264,Stephon Castle,1610612760,OKC,1641717,Cason Wallace,193,12.4,24.90323,24.58599,30.3,4,21,1,0,1,1,2,4,50.0,0,0,0.0,0,0,0,0,0,0,0,nba_boxscorematchupsv3
1,2025-26,Playoffs,Western Conference Finals,2026_okc_sas_api_20261005,0042500317,7,2026-05-30,1610612759,SAS,1642264,Stephon Castle,1610612760,OKC,1631119,Jaylin Williams,11,1.4,1.9748700000000001,1.40127,4.2,0,0,1,0,1,0,0,0,0.0,0,0,0.0,0,0,0,0,0,0,0,nba_boxscorematchupsv3
1,2025-26,Playoffs,Western Conference Finals,2026_okc_sas_api_20261005,0042500317,7,2026-05-30,1610612759,SAS,1642264,Stephon Castle,1610612760,OKC,1629026,Kenrich Williams,19,2.9,25.333329999999997,2.42038,38.800000000000004,0,0,0,0,0,0,0,0,0.0,0,0,0.0,0,0,0,0,0,0,0,nba_boxscorematchupsv3
1,2025-26,Playoffs,Western Conference Finals,2026_okc_sas_api_20261005,0042500317,7,2026-05-30,1610612759,SAS,1628368,De'Aaron Fox,1610612760,OKC,1627936,Alex Caruso,238,16.4,27.48268,31.2336,42.1,5,26,1,0,0,1,2,5,40.0,1,3,33.300000000000004,0,0,0,0,0,0,0,nba_boxscorematchupsv3
1,2025-26,Playoffs,Western Conference Finals,2026_okc_sas_api_20261005,0042500317,7,2026-05-30,1610612759,SAS,1628368,De'Aaron Fox,1610612760,OKC,1629652,Luguentz Dort,117,7.0,32.68156,15.35433,38.7,0,7,1,0,2,0,0,0,0.0,0,0,0.0,0,0,0,0,0,0,0,nba_boxscorematchupsv3
1,2025-26,Playoffs,Western Conference Finals,2026_okc_sas_api_20261005,0042500317,7,2026-05-30,1610612759,SAS,1628368,De'Aaron Fox,1610612760,OKC,1628983,Shai Gilgeous-Alexander,90,7.7,9.49367,11.81102,12.6,0,4,1,0,0,0,0,0,0.0,0,0,0.0,0,0,0,0,0,0,0,nba_boxscorematchupsv3
1,2025-26,Playoffs,Western Conference Finals,2026_okc_sas_api_20261005,0042500317,7,2026-05-30,1610612759,SAS,1628368,De'Aaron Fox,1610612760,OKC,1628392,Isaiah Hartenstein,8,0.6,1.69851,1.0498699999999999,3.5000000000000004,0,2,0,0,0,0,0,0,0.0,0,0,0.0,0,0,0,0,0,0,0,nba_boxscorematchupsv3
1,2025-26,Playoffs,Western Conference Finals,2026_okc_sas_api_20261005,0042500317,7,2026-05-30,1610612759,SAS,1628368,De'Aaron Fox,1610612760,OKC,1631096,Chet Holmgren,46,4.0,6.66667,6.03675,7.7,0,4,0,0,0,0,0,0,0.0,0,0,0.0,0,0,0,0,0,0,0,nba_boxscorematchupsv3
1,2025-26,Playoffs,Western Conference Finals,2026_okc_sas_api_20261005,0042500317,7,2026-05-30,1610612759,SAS,1628368,De'Aaron Fox,1610612760,OKC,1642272,Jared McCain,49,2.8,9.26276,6.43045,11.4,2,10,1,0,0,0,1,1,100.0,0,0,0.0,0,0,0,0,0,0,0,nba_boxscorematchupsv3
1,2025-26,Playoffs,Western Conference Finals,2026_okc_sas_api_20261005,0042500317,7,2026-05-30,1610612759,SAS,1628368,De'Aaron Fox,1610612760,OKC,1641717,Cason Wallace,199,17.8,25.67742,26.11549,35.5,5,15,0,0,0,0,2,5,40.0,1,3,33.300000000000004,0,0,0,0,0,0,0,nba_boxscorematchupsv3
1,2025-26,Playoffs,Western Conference Finals,2026_okc_sas_api_20261005,0042500317,7,2026-05-30,1610612759,SAS,1628368,De'Aaron Fox,1610612760,OKC,1631119,Jaylin Williams,14,1.5,2.51346,1.83727,4.5,0,2,0,0,0,0,0,0,0.0,0,0,0.0,0,0,0,0,0,0,0,nba_boxscorematchupsv3
1,2025-26,Playoffs,Western Conference Finals,2026_okc_sas_api_20261005,0042500317,7,2026-05-30,1610612759,SAS,1628368,De'Aaron Fox,1610612760,OKC,1629026,Kenrich Williams,1,0.2,1.33333,0.13122999999999999,1.5,0,2,0,0,0,0,0,0,0.0,0,0,0.0,0,0,0,0,0,0,0,nba_boxscorematchupsv3
1,2025-26,Playoffs,Western Conference Finals,2026_okc_sas_api_20261005,0042500317,7,2026-05-30,1610612759,SAS,1642844,Dylan Harper,1610612760,OKC,1627936,Alex Caruso,206,14.3,23.78753,32.7504,32.0,4,17,1,0,0,0,2,2,100.0,0,0,0.0,0,0,0,0,0,0,0,nba_boxscorematchupsv3
1,2025-26,Playoffs,Western Conference Finals,2026_okc_sas_api_20261005,0042500317,7,2026-05-30,1610612759,SAS,1642844,Dylan Harper,1610612760,OKC,1629652,Luguentz Dort,11,1.3,3.07263,1.74881,9.4,0,1,0,0,0,0,0,0,0.0,0,0,0.0,0,0,0,0,0,0,0,nba_boxscorematchupsv3
1,2025-26,Playoffs,Western Conference Finals,2026_okc_sas_api_20261005,0042500317,7,2026-05-30,1610612759,SAS,1642844,Dylan Harper,1610612760,OKC,1628983,Shai Gilgeous-Alexander,65,4.9,6.85654,10.33386,12.8,3,8,1,0,0,0,1,1,100.0,1,1,100.0,0,0,0,0,0,0,0,nba_boxscorematchupsv3
1,2025-26,Playoffs,Western Conference Finals,2026_okc_sas_api_20261005,0042500317,7,2026-05-30,1610612759,SAS,1642844,Dylan Harper,1610612760,OKC,1628392,Isaiah Hartenstein,1,0.8,0.21231000000000003,0.15897999999999998,3.5000000000000004,0,0,0,0,0,0,0,0,0.0,0,0,0.0,0,0,0,0,0,0,0,nba_boxscorematchupsv3
1,2025-26,Playoffs,Western Conference Finals,2026_okc_sas_api_20261005,0042500317,7,2026-05-30,1610612759,SAS,1642844,Dylan Harper,1610612760,OKC,1631096,Chet Holmgren,37,1.4,5.36232,5.88235,9.0,0,3,0,0,0,2,0,3,0.0,0,1,0.0,0,0,0,0,0,0,0,nba_boxscorematchupsv3
1,2025-26,Playoffs,Western Conference Finals,2026_okc_sas_api_20261005,0042500317,7,2026-05-30,1610612759,SAS,1642844,Dylan Harper,1610612760,OKC,1642272,Jared McCain,65,7.9,12.28733,10.33386,15.9,0,17,1,0,0,0,0,0,0.0,0,0,0.0,0,0,0,0,0,0,0,nba_boxscorematchupsv3
1,2025-26,Playoffs,Western Conference Finals,2026_okc_sas_api_20261005,0042500317,7,2026-05-30,1610612759,SAS,1642844,Dylan Harper,1610612760,OKC,1641717,Cason Wallace,196,11.1,25.29032,31.16057,43.2,3,16,0,0,2,0,1,1,100.0,1,1,100.0,0,0,0,0,0,0,0,nba_boxscorematchupsv3
1,2025-26,Playoffs,Western Conference Finals,2026_okc_sas_api_20261005,0042500317,7,2026-05-30,1610612759,SAS,1642844,Dylan Harper,1610612760,OKC,1631119,Jaylin Williams,19,2.2,3.4111299999999996,3.02067,6.1,0,2,0,0,0,0,0,0,0.0,0,0,0.0,0,0,0,0,0,0,0,nba_boxscorematchupsv3
1,2025-26,Playoffs,Western Conference Finals,2026_okc_sas_api_20261005,0042500317,7,2026-05-30,1610612759,SAS,1642844,Dylan Harper,1610612760,OKC,1629026,Kenrich Williams,29,1.4,38.666669999999996,4.6104899999999995,53.1,2,2,0,0,0,0,1,1,100.0,0,0,0.0,0,0,0,0,0,0,0,nba_boxscorematchupsv3
1,2025-26,Playoffs,Western Conference Finals,2026_okc_sas_api_20261005,0042500317,7,2026-05-30,1610612759,SAS,1628436,Luke Kornet,1610612760,OKC,1627936,Alex Caruso,2,0.3,0.23095,1.44928,3.3000000000000003,0,0,0,0,0,0,0,0,0.0,0,0,0.0,0,0,0,0,0,0,0,nba_boxscorematchupsv3
1,2025-26,Playoffs,Western Conference Finals,2026_okc_sas_api_20261005,0042500317,7,2026-05-30,1610612759,SAS,1628436,Luke Kornet,1610612760,OKC,1628983,Shai Gilgeous-Alexander,1,0.6,0.10548999999999999,0.72464,4.1000000000000005,0,0,0,0,0,0,0,0,0.0,0,0,0.0,0,0,0,0,0,0,0,nba_boxscorematchupsv3
1,2025-26,Playoffs,Western Conference Finals,2026_okc_sas_api_20261005,0042500317,7,2026-05-30,1610612759,SAS,1628436,Luke Kornet,1610612760,OKC,1628392,Isaiah Hartenstein,86,5.7,18.25902,62.318839999999994,84.39999999999999,0,9,0,0,0,0,0,3,0.0,0,0,0.0,0,0,0,0,0,0,0,nba_boxscorematchupsv3
1,2025-26,Playoffs,Western Conference Finals,2026_okc_sas_api_20261005,0042500317,7,2026-05-30,1610612759,SAS,1628436,Luke Kornet,1610612760,OKC,1631096,Chet Holmgren,32,2.6,4.6376800000000005,23.18841,70.5,2,2,0,0,0,0,0,0,0.0,0,0,0.0,2,2,1,0,0,0,0,nba_boxscorematchupsv3
1,2025-26,Playoffs,Western Conference Finals,2026_okc_sas_api_20261005,0042500317,7,2026-05-30,1610612759,SAS,1628436,Luke Kornet,1610612760,OKC,1642272,Jared McCain,2,0.5,0.37807,1.44928,5.5,0,0,0,0,0,0,0,0,0.0,0,0,0.0,0,0,0,0,0,0,0,nba_boxscorematchupsv3
1,2025-26,Playoffs,Western Conference Finals,2026_okc_sas_api_20261005,0042500317,7,2026-05-30,1610612759,SAS,1628436,Luke Kornet,1610612760,OKC,1641717,Cason Wallace,12,1.7,1.54839,8.69565,6.2,0,5,0,0,0,0,0,0,0.0,0,0,0.0,0,0,0,0,0,0,0,nba_boxscorematchupsv3
1,2025-26,Playoffs,Western Conference Finals,2026_okc_sas_api_20261005,0042500317,7,2026-05-30,1610612759,SAS,1628436,Luke Kornet,1610612760,OKC,1631119,Jaylin Williams,3,0.3,0.5386,2.1739100000000002,12.5,0,0,0,0,0,0,0,0,0.0,0,0,0.0,0,0,0,0,0,0,0,nba_boxscorematchupsv3
1,2025-26,Playoffs,Western Conference Finals,2026_okc_sas_api_20261005,0042500317,7,2026-05-30,1610612759,SAS,1629640,Keldon Johnson,1610612760,OKC,1627936,Alex Caruso,85,3.7,9.81524,20.884520000000002,16.8,3,8,0,0,0,0,1,2,50.0,1,1,100.0,0,0,0,0,0,0,0,nba_boxscorematchupsv3
1,2025-26,Playoffs,Western Conference Finals,2026_okc_sas_api_20261005,0042500317,7,2026-05-30,1610612759,SAS,1629640,Keldon Johnson,1610612760,OKC,1629652,Luguentz Dort,12,1.4,3.3519599999999996,2.9484,11.4,2,2,1,0,0,0,1,1,100.0,0,0,0.0,0,0,0,0,0,0,0,nba_boxscorematchupsv3
1,2025-26,Playoffs,Western Conference Finals,2026_okc_sas_api_20261005,0042500317,7,2026-05-30,1610612759,SAS,1629640,Keldon Johnson,1610612760,OKC,1628983,Shai Gilgeous-Alexander,92,7.2,9.704640000000001,22.60442,25.4,0,13,0,0,0,0,0,2,0.0,0,2,0.0,0,0,0,0,0,0,0,nba_boxscorematchupsv3
1,2025-26,Playoffs,Western Conference Finals,2026_okc_sas_api_20261005,0042500317,7,2026-05-30,1610612759,SAS,1629640,Keldon Johnson,1610612760,OKC,1628392,Isaiah Hartenstein,1,0.1,0.21231000000000003,0.2457,1.6,0,0,0,0,0,0,0,0,0.0,0,0,0.0,0,0,0,0,0,0,0,nba_boxscorematchupsv3
1,2025-26,Playoffs,Western Conference Finals,2026_okc_sas_api_20261005,0042500317,7,2026-05-30,1610612759,SAS,1629640,Keldon Johnson,1610612760,OKC,1631096,Chet Holmgren,179,10.7,25.94203,43.98034,62.1,3,15,0,0,0,0,1,2,50.0,1,2,50.0,0,0,0,0,0,0,0,nba_boxscorematchupsv3
1,2025-26,Playoffs,Western Conference Finals,2026_okc_sas_api_20261005,0042500317,7,2026-05-30,1610612759,SAS,1629640,Keldon Johnson,1610612760,OKC,1642272,Jared McCain,10,0.9,1.89036,2.4570000000000003,7.3,0,1,0,0,0,0,0,0,0.0,0,0,0.0,0,0,0,0,0,0,0,nba_boxscorematchupsv3
1,2025-26,Playoffs,Western Conference Finals,2026_okc_sas_api_20261005,0042500317,7,2026-05-30,1610612759,SAS,1629640,Keldon Johnson,1610612760,OKC,1641717,Cason Wallace,16,1.6,2.06452,3.9312,8.4,3,3,0,0,0,0,1,1,100.0,0,0,0.0,1,2,1,0,0,0,0,nba_boxscorematchupsv3
1,2025-26,Playoffs,Western Conference Finals,2026_okc_sas_api_20261005,0042500317,7,2026-05-30,1610612759,SAS,1629640,Keldon Johnson,1610612760,OKC,1631119,Jaylin Williams,8,1.4,1.4362700000000002,1.9656,5.8999999999999995,0,0,0,0,0,0,0,0,0.0,0,0,0.0,0,0,0,0,0,0,0,nba_boxscorematchupsv3
1,2025-26,Playoffs,Western Conference Finals,2026_okc_sas_api_20261005,0042500317,7,2026-05-30,1610612759,SAS,1629640,Keldon Johnson,1610612760,OKC,1629026,Kenrich Williams,4,1.0,5.33333,0.9828,12.4,0,0,0,0,0,0,0,0,0.0,0,0,0.0,0,0,0,0,0,0,0,nba_boxscorematchupsv3
1,2025-26,Playoffs,Western Conference Finals,2026_okc_sas_api_20261005,0042500317,7,2026-05-30,1610612759,SAS,203084,Harrison Barnes,1610612760,OKC,1627936,Alex Caruso,1,0.1,0.11547,1.5625,2.9000000000000004,0,0,0,0,0,0,0,0,0.0,0,0,0.0,0,0,0,0,0,0,0,nba_boxscorematchupsv3
1,2025-26,Playoffs,Western Conference Finals,2026_okc_sas_api_20261005,0042500317,7,2026-05-30,1610612759,SAS,203084,Harrison Barnes,1610612760,OKC,1628983,Shai Gilgeous-Alexander,12,0.8,1.26582,18.75,29.7,0,3,0,0,0,0,0,0,0.0,0,0,0.0,0,0,0,0,0,0,0,nba_boxscorematchupsv3
1,2025-26,Playoffs,Western Conference Finals,2026_okc_sas_api_20261005,0042500317,7,2026-05-30,1610612759,SAS,203084,Harrison Barnes,1610612760,OKC,1631096,Chet Holmgren,21,0.0,3.04348,32.8125,71.3,0,0,0,0,0,0,0,1,0.0,0,1,0.0,0,0,0,0,0,0,0,nba_boxscorematchupsv3
1,2025-26,Playoffs,Western Conference Finals,2026_okc_sas_api_20261005,0042500317,7,2026-05-30,1610612759,SAS,203084,Harrison Barnes,1610612760,OKC,1642272,Jared McCain,18,2.0,3.40265,28.125,27.6,0,0,0,0,0,0,0,0,0.0,0,0,0.0,0,0,0,0,0,0,0,nba_boxscorematchupsv3
1,2025-26,Playoffs,Western Conference Finals,2026_okc_sas_api_20261005,0042500317,7,2026-05-30,1610612759,SAS,203084,Harrison Barnes,1610612760,OKC,1641717,Cason Wallace,12,0.7,1.54839,18.75,21.6,0,0,0,0,0,0,0,0,0.0,0,0,0.0,0,0,0,0,0,0,0,nba_boxscorematchupsv3
1,2025-26,Playoffs,Western Conference Finals,2026_okc_sas_api_20261005,0042500317,7,2026-05-30,1610612759,SAS,1642868,Carter Bryant,1610612760,OKC,1627936,Alex Caruso,1,0.8,0.11547,1.92308,8.799999999999999,0,0,0,0,0,0,0,0,0.0,0,0,0.0,0,0,0,0,0,0,0,nba_boxscorematchupsv3
1,2025-26,Playoffs,Western Conference Finals,2026_okc_sas_api_20261005,0042500317,7,2026-05-30,1610612759,SAS,1642868,Carter Bryant,1610612760,OKC,1631096,Chet Holmgren,13,2.4,1.8840599999999998,25.0,29.2,0,3,0,0,0,0,0,0,0.0,0,0,0.0,0,0,0,0,0,0,0,nba_boxscorematchupsv3
1,2025-26,Playoffs,Western Conference Finals,2026_okc_sas_api_20261005,0042500317,7,2026-05-30,1610612759,SAS,1642868,Carter Bryant,1610612760,OKC,1641717,Cason Wallace,3,0.4,0.3871,5.76923,5.3,0,2,0,0,0,0,0,0,0.0,0,0,0.0,0,0,0,0,0,0,0,nba_boxscorematchupsv3
1,2025-26,Playoffs,Western Conference Finals,2026_okc_sas_api_20261005,0042500317,7,2026-05-30,1610612759,SAS,1642868,Carter Bryant,1610612760,OKC,1631119,Jaylin Williams,35,2.5,6.28366,67.30769,72.5,2,2,0,0,0,0,1,1,100.0,0,0,0.0,0,0,0,0,0,0,0,nba_boxscorematchupsv3
