series_id,off_player_id,off_player_time,off_team_time,from_game,to_game,game_gap_time,possessions_before_time,possessions_after_time,tvd_time,null_median_time,null_p95_time,excess_tvd_time,p_value_time,high_noise_time,q_value_time,q_value_league_time,off_player_poss,off_team_poss,game_gap_poss,possessions_before_poss,possessions_after_poss,tvd_poss,null_median_poss,null_p95_poss,excess_tvd_poss,p_value_poss,high_noise_poss,q_value_poss,q_value_league_poss
2025_okc_ind_api_20261005,201949,James Johnson,IND,2,6,4,4,3,0.7962962962962963,0.33333333333333337,0.75,0.4629629629629629,0.019245188702824295,True,0.09408758921380767,0.08140356215294003,James Johnson,IND,4,4,3,0.6764705882352942,0.33333333333333337,0.75,0.3431372549019608,0.07348162959260185,True,0.24206448387903023,0.22931193807052822
2025_okc_ind_api_20261005,204456,T.J. McConnell,IND,1,2,1,34,35,0.20248163681442172,0.2747899159663866,0.3949579831932773,-0.07230827915196486,0.8422894276430892,True,0.855247726529906,0.8865519323414895,T.J. McConnell,IND,1,34,35,0.21126443677816112,0.2773109243697479,0.39831932773109247,-0.0660464875915868,0.8695326168457885,True,0.9199100224943765,0.9185284822534706
2025_okc_ind_api_20261005,204456,T.J. McConnell,IND,2,3,1,35,31,0.4004002725259751,0.26820276497695855,0.3953917050691244,0.13219750754901655,0.04573856535866033,True,0.14532081265397936,0.1409410090916185,T.J. McConnell,IND,1,35,31,0.35403982228073066,0.2691244239631336,0.3990783410138249,0.08491539831759709,0.13571607098225444,True,0.29903541063886574,0.31038704970222086
2025_okc_ind_api_20261005,204456,T.J. McConnell,IND,3,4,1,31,33,0.36033711730306156,0.24144672531769307,0.37438905180840665,0.1188903919853685,0.06748312921769557,False,0.18179128687215948,0.1788171634134268,T.J. McConnell,IND,1,31,33,0.35601612309361863,0.24731182795698922,0.38220918866080156,0.10870429513662941,0.0857285678580355,False,0.26205405170446516,0.24733603833084283
2025_okc_ind_api_20261005,204456,T.J. McConnell,IND,4,5,1,33,42,0.35389433551198257,0.24675324675324675,0.36796536796536794,0.10714108875873582,0.07173206698325418,False,0.18565946748606968,0.1842847558786995,T.J. McConnell,IND,1,33,42,0.344254886453508,0.2510822510822511,0.3680735930735925,0.09317263537125692,0.09097725568607848,True,0.26205405170446516,0.25143104467785493
2025_okc_ind_api_20261005,204456,T.J. McConnell,IND,5,6,1,42,49,0.37983409276784674,0.25,0.3571428571428572,0.12983409276784674,0.029242689327668082,True,0.11353044091918196,0.10592697570288277,T.J. McConnell,IND,1,42,49,0.41790527531767413,0.26530612244897955,0.37414965986394555,0.15259915286869458,0.014496375906023495,True,0.08566040308104793,0.08190452386903274
2025_okc_ind_api_20261005,204456,T.J. McConnell,IND,6,7,1,49,47,0.43514489520620214,0.2470690403821103,0.3543204515848893,0.18807585482409184,0.003749062734316421,False,0.027493126718320424,0.025030507079112575,T.J. McConnell,IND,1,49,47,0.47267742918062744,0.251411202778984,0.3560573165436387,0.22126622640164345,0.00024993751562109475,True,0.006498375406148463,0.006052058413967937
2025_okc_ind_api_20261005,1626167,Myles Turner,IND,1,2,1,55,48,0.34221795516542464,0.16174242424242424,0.2696969696969697,0.1804755309230004,0.005498625343664084,False,0.036133823686935414,0.033433605884243225,Myles Turner,IND,1,55,48,0.3576196530741985,0.16969696969696968,0.27462121212121215,0.18792268337722884,0.0029992501874531365,False,0.029992501874531365,0.029470893146278643
2025_okc_ind_api_20261005,1626167,Myles Turner,IND,2,3,1,48,54,0.28167471819645734,0.15740740740740738,0.2638888888888889,0.12426731078904996,0.030992251937015745,False,0.11688506444817366,0.11108275562688276,Myles Turner,IND,1,48,54,0.23872751579970836,0.16435185185185186,0.27083333333333337,0.0743756639478565,0.11747063234191452,False,0.28279967045275717,0.29154001822125114
2025_okc_ind_api_20261005,1626167,Myles Turner,IND,3,4,1,54,53,0.21055555555555555,0.17435359888190077,0.2739343116701607,0.03620195667365478,0.26268432891777055,False,0.42807816564377427,0.41796268222663957,Myles Turner,IND,1,54,53,0.18378910552985242,0.17662473794549266,0.28687980433263444,0.00716436758435976,0.4346413396650837,False,0.6075631629726977,0.6190899754053083
2025_okc_ind_api_20261005,1626167,Myles Turner,IND,4,5,1,53,48,0.22586274211057575,0.18592767295597484,0.2904874213836478,0.039935069154600905,0.2509372656835791,False,0.41928758316749926,0.40303839134555985,Myles Turner,IND,1,53,48,0.2441829292331954,0.18121069182389937,0.2885220125786163,0.06297223740929603,0.15496125968507873,False,0.33077796124739306,0.3411088975328983
2025_okc_ind_api_20261005,1626167,Myles Turner,IND,5,6,1,48,53,0.3136943963027152,0.21069182389937108,0.3132861635220126,0.1030025724033441,0.04973756560859785,False,0.14809630925601933,0.14599690594592732,Myles Turner,IND,1,48,53,0.3403201921152691,0.21501572327044025,0.3180031446540881,0.12530446884482885,0.02499375156210947,False,0.11204095527842177,0.11449840242642043
2025_okc_ind_api_20261005,1626167,Myles Turner,IND,6,7,1,53,42,0.34624207858048167,0.22596585804132976,0.33513027852650495,0.1202762205391519,0.03624093976505874,False,0.1328129506085017,0.125279593807132,Myles Turner,IND,1,53,42,0.3114150112979482,0.23450134770889486,0.3360736747529198,0.07691366358905333,0.10797300674831292,False,0.273056735816046,0.27631711475116294
2025_okc_ind_api_20261005,1627783,Pascal Siakam,IND,1,2,1,73,55,0.19116077799818001,0.18530510585305104,0.28343711083437106,0.005855672145128971,0.4596350912271932,False,0.572268147916292,0.5883674758002229,Pascal Siakam,IND,1,73,55,0.15823674042852132,0.18804483188044832,0.28443337484433373,-0.029808091451927005,0.7138215446138465,False,0.8140070245596495,0.816139978496101
2025_okc_ind_api_20261005,1627783,Pascal Siakam,IND,2,3,1,55,65,0.2695240752365674,0.193006993006993,0.28958041958041925,0.0765170822295744,0.09072731817045739,False,0.21562466526225585,0.21246984172324265,Pascal Siakam,IND,1,55,65,0.18062123634879051,0.19440559440559443,0.29230769230769227,-0.01378435805680392,0.604348912771807,False,0.7394910531626353,0.7396183445113451
2025_okc_ind_api_20261005,1627783,Pascal Siakam,IND,3,4,1,65,66,0.20095251306237571,0.1771561771561772,0.2682983682983683,0.023796335906198507,0.34341414646338414,False,0.48112971757060735,0.4899695578197501,Pascal Siakam,IND,1,65,66,0.2346430729310595,0.17855477855477858,0.26946386946386947,0.056088294376280906,0.1894526368407898,False,0.3848256685828543,0.3940149931842193
2025_okc_ind_api_20261005,1627783,Pascal Siakam,IND,4,5,1,66,68,0.21984026243346444,0.17959001782531198,0.2727495543672013,0.04025024460815246,0.23719070232441888,False,0.40139965008747813,0.3868351094044671,Pascal Siakam,IND,1,66,68,0.16421684913480564,0.18137254901960784,0.27317290552584667,-0.0171556998848022,0.633341664583854,False,0.7553616183110184,0.7600099975006248
2025_okc_ind_api_20261005,1627783,Pascal Siakam,IND,5,6,1,68,61,0.2036096167895331,0.20901639344262293,0.30279652844744454,-0.005406776653089834,0.5398650337415646,False,0.628869098514845,0.6588675411792213,Pascal Siakam,IND,1,68,61,0.15762601990583236,0.20660559305689488,0.296046287367406,-0.04897957315106252,0.844538865283679,False,0.914917104057319,0.9074442958198643
2025_okc_ind_api_20261005,1627783,Pascal Siakam,IND,6,7,1,61,62,0.20781015557134963,0.20676890534108935,0.3032786885245901,0.0010412502302602766,0.49412646838290425,False,0.5876098542931835,0.6208489390567488,Pascal Siakam,IND,1,61,62,0.2207604997967436,0.20597567424643043,0.3019566367001586,0.014784825550313158,0.416895776055986,False,0.589091857470415,0.6039643935170054
2025_okc_ind_api_20261005,1627936,Alex Caruso,OKC,1,2,1,51,51,0.2252845713131925,0.2156862745098039,0.3137254901960785,0.009598296803388584,0.4046488377905524,False,0.5259461833570734,0.5447978556541967,Alex Caruso,OKC,1,51,51,0.2684524410414903,0.2156862745098039,0.3137254901960785,0.05276616653168639,0.19670082479380155,False,0.3874410185332455,0.4022066772463511
2025_okc_ind_api_20261005,1627936,Alex Caruso,OKC,2,3,1,51,60,0.2448972204122322,0.20490196078431375,0.3069117647058821,0.039995259627918445,0.2569357660584854,False,0.42394401399650083,0.41073534433293085,Alex Caruso,OKC,1,51,60,0.2813143451115922,0.20931372549019608,0.3088235294117647,0.07200061962139612,0.11522119470132466,False,0.28261802473909825,0.2893332222499931
2025_okc_ind_api_20261005,1627936,Alex Caruso,OKC,3,4,1,60,59,0.25448693522372967,0.17966101694915254,0.27768361581920903,0.07482591827457713,0.10822294426393402,False,0.23418735480064412,0.23356542567828076,Alex Caruso,OKC,1,60,59,0.19699291460139995,0.18093220338983051,0.2788276836158191,0.016060711211569434,0.38115471132216944,False,0.5804728593132615,0.5794235297677823
2025_okc_ind_api_20261005,1627936,Alex Caruso,OKC,4,5,1,59,53,0.3163384661637182,0.19315637991685325,0.29486728493763986,0.12318208624686494,0.02649337665583604,False,0.10597350662334416,0.09913181045397991,Alex Caruso,OKC,1,59,53,0.2757714132008044,0.1973137192196994,0.2986888391429485,0.078457693981105,0.09772556860784803,False,0.2703047642344733,0.2618890731862489
2025_okc_ind_api_20261005,1627936,Alex Caruso,OKC,5,6,1,53,42,0.34665011198753526,0.20889487870619944,0.31900269541778953,0.13775523328133582,0.021494626343414147,False,0.09783760956312647,0.08817976228834358,Alex Caruso,OKC,1,53,42,0.3213153365341064,0.21293800539083554,0.32120395327942497,0.10837733114327083,0.04998750312421894,False,0.18566786874709892,0.18123811293166014
2025_okc_ind_api_20261005,1627936,Alex Caruso,OKC,6,7,1,42,57,0.5039231031645697,0.21177944862155387,0.3208020050125313,0.29214365454301583,0.0004998750312421895,False,0.00899775056235941,0.007916625494789093,Alex Caruso,OKC,1,42,57,0.5132403740837477,0.21929824561403508,0.32587719298245577,0.29394212846971257,0.00024993751562109475,False,0.006498375406148463,0.006052058413967937
2025_okc_ind_api_20261005,1628392,Isaiah Hartenstein,OKC,1,2,1,34,44,0.35712530438085033,0.2232620320855615,0.3502673796791444,0.13386327229528883,0.04448887778055486,False,0.14532081265397936,0.13834212679706784,Isaiah Hartenstein,OKC,1,34,44,0.4163783856261733,0.23663101604278075,0.3609625668449198,0.17974736958339255,0.010247438140464884,False,0.06985753561609598,0.06680541403110761
2025_okc_ind_api_20261005,1628392,Isaiah Hartenstein,OKC,2,3,1,44,34,0.2987797875394775,0.21925133689839577,0.338235294117647,0.07952845064108172,0.13071732066983255,False,0.26545671274489074,0.2673228089374053,Isaiah Hartenstein,OKC,1,44,34,0.20125231910946198,0.23529411764705882,0.3542780748663102,-0.03404179853759684,0.6973256685828543,False,0.8022330700510714,0.8109550656932679
2025_okc_ind_api_20261005,1628392,Isaiah Hartenstein,OKC,3,4,1,34,38,0.396470999301188,0.20743034055727552,0.32972136222910214,0.1890406587439125,0.009997500624843789,False,0.057376960107799135,0.05277750329859396,Isaiah Hartenstein,OKC,1,34,38,0.31523986217863775,0.22445820433436534,0.34674922600619196,0.09078165784427242,0.1092226943264184,False,0.273056735816046,0.27631711475116294
2025_okc_ind_api_20261005,1628392,Isaiah Hartenstein,OKC,4,5,1,38,36,0.5230899138131841,0.2149122807017544,0.3362573099415205,0.30817763311142976,0.00024993751562109475,False,0.006598350412396902,0.005673581604598851,Isaiah Hartenstein,OKC,1,38,36,0.5244391971664699,0.22953216374269006,0.35526315789473684,0.2949070334237799,0.00024993751562109475,False,0.006498375406148463,0.006052058413967937
2025_okc_ind_api_20261005,1628392,Isaiah Hartenstein,OKC,5,6,1,36,30,0.3474210406725744,0.23333333333333336,0.3666666666666667,0.11408770733924103,0.07823044238940265,False,0.1985849691423298,0.19691883598443455,Isaiah Hartenstein,OKC,1,36,30,0.34209273007424007,0.25555555555555554,0.3833333333333333,0.08653717451868453,0.1284678830292427,True,0.2969085314878177,0.3034885877833678
2025_okc_ind_api_20261005,1628392,Isaiah Hartenstein,OKC,6,7,1,30,31,0.29740626353815836,0.25161290322580643,0.38494623655913973,0.04579336031235193,0.303424143964009,True,0.4551362159460135,0.45513621594601356,Isaiah Hartenstein,OKC,1,30,31,0.31386159991363494,0.2731182795698925,0.40645161290322585,0.04074332034374245,0.2711822044488878,True,0.46386429708362387,0.4813129178438375
2025_okc_ind_api_20261005,1628396,Tony Bradley,IND,5,6,1,23,12,0.3793347487615003,0.286231884057971,0.4528985507246377,0.0931028647035293,0.16370907273181703,True,0.30436052958591336,0.30712363231506173,Tony Bradley,IND,1,23,12,0.31048387096774194,0.28985507246376807,0.47826086956521735,0.020628798503973866,0.41439640089977503,True,0.589091857470415,0.6029200854292864
2025_okc_ind_api_20261005,1628396,Tony Bradley,IND,6,7,1,12,8,0.348994135082298,0.33333333333333337,0.5833333333333333,0.015660801748964615,0.4768807798050487,True,0.5775069993969397,0.6036353365190301,Tony Bradley,IND,1,12,8,0.30346475507765835,0.33333333333333337,0.5416666666666667,-0.029868578255675016,0.6023494126468383,True,0.7394910531626353,0.7391172098476284
2025_okc_ind_api_20261005,1628418,Thomas Bryant,IND,1,2,1,14,24,0.684224339820722,0.25,0.4404761904761905,0.43422433982072195,0.0007498125468632841,True,0.00899775056235941,0.009634383856865972,Thomas Bryant,IND,1,14,24,0.6612888412674116,0.25595238095238093,0.44047619047619047,0.4053364603150307,0.0004998750312421895,True,0.009283393437354947,0.00941431308839457
2025_okc_ind_api_20261005,1628418,Thomas Bryant,IND,2,3,1,24,4,0.67875157629256,0.41666666666666663,0.7083333333333331,0.26208490962589337,0.050487378155461136,True,0.14809630925601933,0.14756182199085421,Thomas Bryant,IND,1,24,4,0.7224586288416075,0.375,0.6666666666666667,0.3474586288416075,0.02074481379655086,True,0.09988243679820785,0.09975165783022329
2025_okc_ind_api_20261005,1628418,Thomas Bryant,IND,3,5,2,4,4,0.9615384615384618,0.5,0.75,0.4615384615384618,0.03824043989002749,True,0.1328129506085017,0.12765558610347413,Thomas Bryant,IND,2,4,4,0.9111111111111111,0.5,0.75,0.4111111111111111,0.01749562609347663,True,0.09476797467299841,0.09414313088394567
2025_okc_ind_api_20261005,1628418,Thomas Bryant,IND,5,6,1,4,11,1.0,0.4545454545454546,0.7499999999999999,0.5454545454545454,0.0032491877030742314,True,0.026805798550362407,0.02257853903870971,Thomas Bryant,IND,1,4,11,1.0,0.5,0.8181818181818181,0.5,0.002749312671832042,True,0.029784220611513788,0.029470893146278643
2025_okc_ind_api_20261005,1628418,Thomas Bryant,IND,6,7,1,11,2,0.9555555555555555,0.5,0.9090909090909092,0.4555555555555555,0.03749062734316421,True,0.1328129506085017,0.12639166940938035,Thomas Bryant,IND,1,11,2,0.8818181818181818,0.5454545454545454,0.9090909090909091,0.3363636363636364,0.06248437890527368,True,0.2195397096671778,0.20972479652364137
2025_okc_ind_api_20261005,1628983,Shai Gilgeous-Alexander,OKC,1,2,1,76,72,0.22647288260108905,0.16228070175438594,0.24565058479532148,0.06419218084670311,0.09622594351412148,False,0.21752189071376224,0.21835823938752155,Shai Gilgeous-Alexander,OKC,1,76,72,0.27300290200871696,0.16447368421052633,0.25073099415204675,0.10852921779819064,0.02274431392151962,False,0.10559860034991252,0.10634927475027794
2025_okc_ind_api_20261005,1628983,Shai Gilgeous-Alexander,OKC,2,3,1,72,84,0.3462693357597816,0.15575396825396826,0.2380952380952381,0.19051536750581333,0.0004998750312421895,False,0.00899775056235941,0.007916625494789093,Shai Gilgeous-Alexander,OKC,1,72,84,0.34386987172648115,0.15873015873015875,0.24404761904761907,0.1851397129963224,0.000999750062484379,False,0.012996750812296926,0.014421926433285298
2025_okc_ind_api_20261005,1628983,Shai Gilgeous-Alexander,OKC,3,4,1,84,74,0.16045412920412916,0.12676962676962683,0.20532496782496762,0.03368450243450233,0.22044488877780555,False,0.37790552361909524,0.3706739981671249,Shai Gilgeous-Alexander,OKC,1,84,74,0.16289507865492858,0.13063063063063063,0.21171171171171171,0.032264448024297954,0.23919020244938766,False,0.42195532198031577,0.45299150072816996
2025_okc_ind_api_20261005,1628983,Shai Gilgeous-Alexander,OKC,4,5,1,74,69,0.1612379588283202,0.1484528006267137,0.22953388170779476,0.0127851582016065,0.3776555861034741,False,0.5139230656253462,0.5237952222738612,Shai Gilgeous-Alexander,OKC,1,74,69,0.10842451363994915,0.14022718370544462,0.22091656874265575,-0.031802670065495475,0.7910522369407648,False,0.8714982271381306,0.8759910999448834
2025_okc_ind_api_20261005,1628983,Shai Gilgeous-Alexander,OKC,5,6,1,69,61,0.15033262395897914,0.15894511760513186,0.24352577809455925,-0.008612493646152714,0.577855536115971,False,0.663277658846158,0.687971363802406,Shai Gilgeous-Alexander,OKC,1,69,61,0.056261889962517214,0.15585649798051796,0.24094796863863133,-0.09959460801800074,0.9967508122969257,False,0.9967508122969257,0.9982231177803776
2025_okc_ind_api_20261005,1628983,Shai Gilgeous-Alexander,OKC,6,7,1,61,73,0.2146710498588107,0.14720413204581181,0.23311250842128897,0.06746691781299888,0.09372656835791052,False,0.2170510004077928,0.21636540017537986,Shai Gilgeous-Alexander,OKC,1,61,73,0.1802105038200567,0.1549517179429598,0.245463732315293,0.0252587858770969,0.3176705823544114,False,0.5098416753836232,0.5172704437255842
2025_okc_ind_api_20261005,1629026,Kenrich Williams,OKC,1,2,1,1,16,0.6809815950920245,0.875,1.0,-0.1940184049079755,0.9745063734066484,True,0.9745063734066484,0.9817142607839164,Kenrich Williams,OKC,1,1,16,0.8834355828220859,0.875,1.0,0.008435582822085896,0.3881529617595601,True,0.5804728593132615,0.5847586243482893
2025_okc_ind_api_20261005,1629026,Kenrich Williams,OKC,2,3,1,16,2,0.7150306748466257,0.75,0.9375,-0.03496932515337425,0.6255936015996001,True,0.6998165712809086,0.7294189273194522,Kenrich Williams,OKC,1,16,2,0.735276073619632,0.75,0.9375,-0.014723926380368013,0.504123969007748,True,0.6756300615567757,0.669208431747249
2025_okc_ind_api_20261005,1629026,Kenrich Williams,OKC,3,4,1,2,17,0.6964912280701754,0.47058823529411764,0.8823529411764707,0.22590299277605774,0.19670082479380155,True,0.3508717415240784,0.34613245913327867,Kenrich Williams,OKC,1,2,17,0.7777777777777776,0.5,0.8823529411764706,0.27777777777777757,0.09272681829542614,True,0.26205405170446516,0.2535031564689473
2025_okc_ind_api_20261005,1629026,Kenrich Williams,OKC,4,5,1,17,16,0.20569569084000328,0.2610294117647059,0.44117647058823534,-0.05533372092470262,0.725568607848038,True,0.7834870550655019,0.7987926281757509,Kenrich Williams,OKC,1,17,16,0.26551133932391957,0.2610294117647059,0.44485294117647056,0.004481927559213672,0.46738315421144716,True,0.6395769478682961,0.6383584826684895
2025_okc_ind_api_20261005,1629026,Kenrich Williams,OKC,5,6,1,16,35,0.47520112473639,0.3089285714285714,0.46428571428571425,0.1662725533078186,0.03924018995251187,True,0.1328129506085017,0.1297212104740805,Kenrich Williams,OKC,1,16,35,0.48544229032033914,0.3089285714285714,0.4642857142857143,0.17651371889176776,0.0332416895776056,True,0.1394006337125396,0.1399867424448236
2025_okc_ind_api_20261005,1629026,Kenrich Williams,OKC,6,7,1,35,8,0.35965588084232153,0.41428571428571426,0.600357142857141,-0.05462983344339273,0.6995751062234441,True,0.7631728431528482,0.7848610335060385,Kenrich Williams,OKC,1,35,8,0.34489693313222725,0.41785714285714287,0.6,-0.07296020972491563,0.7568107973006748,True,0.8555252491225019,0.8523550175579029
2025_okc_ind_api_20261005,1629614,Andrew Nembhard,IND,1,2,1,60,54,0.214649209486166,0.1925925925925926,0.2962962962962962,0.02205661689357341,0.34991252186953264,False,0.48112971757060735,0.4933549221390305,Andrew Nembhard,IND,1,60,54,0.20647064302791318,0.19259259259259257,0.2944444444444444,0.013878050435320616,0.3974006498375406,False,0.5804728593132615,0.585734001282288
2025_okc_ind_api_20261005,1629614,Andrew Nembhard,IND,2,3,1,54,62,0.20941593382940776,0.1845878136200717,0.2807646356033453,0.024828120209336058,0.335166208447888,False,0.4808906469034915,0.4815362615042442,Andrew Nembhard,IND,1,54,62,0.26270040270496164,0.1869772998805257,0.28733572281959374,0.07572310282443595,0.10847288177955511,False,0.273056735816046,0.27631711475116294
2025_okc_ind_api_20261005,1629614,Andrew Nembhard,IND,3,4,1,62,63,0.19540909314812077,0.1840757808499744,0.27982590885816694,0.01133331229814638,0.4258935266183454,False,0.5405571684002076,0.5586463269019598,Andrew Nembhard,IND,1,62,63,0.22915508901924464,0.18253968253968256,0.27956989247311825,0.04661540647956208,0.21594601349662584,False,0.3953941092191741,0.4268553852790447
2025_okc_ind_api_20261005,1629614,Andrew Nembhard,IND,4,5,1,63,72,0.21705883846075744,0.1845238095238095,0.27579365079365076,0.03253502893694793,0.2701824543864034,False,0.4285046385462458,0.4259126190674554,Andrew Nembhard,IND,1,63,72,0.182141730074687,0.18055555555555558,0.2757936507936508,0.001586174519131428,0.4976255936015996,False,0.6738679913354995,0.6641538434289065
2025_okc_ind_api_20261005,1629614,Andrew Nembhard,IND,5,6,1,72,56,0.19969203897775326,0.19246031746031741,0.2837301587301587,0.007231721517435841,0.44738815296175954,False,0.562430820866212,0.5779961259685079,Andrew Nembhard,IND,1,72,56,0.17494668202877942,0.18849206349206346,0.28174603174603174,-0.013545381463284045,0.5921019745063734,False,0.7394910531626353,0.737950622638458
2025_okc_ind_api_20261005,1629614,Andrew Nembhard,IND,6,7,1,56,60,0.33819796205117303,0.19880952380952382,0.3000595238095235,0.1393884382416492,0.011247188202949263,False,0.06185953511622095,0.057588986212093594,Andrew Nembhard,IND,1,56,60,0.32335259270094346,0.19523809523809524,0.29523809523809524,0.12811449746284823,0.01949512621844539,False,0.09872531867033243,0.09975165783022329
2025_okc_ind_api_20261005,1629652,Luguentz Dort,OKC,1,2,1,65,46,0.3925679583574321,0.18595317725752508,0.29102006688963183,0.206614781099907,0.0007498125468632841,False,0.00899775056235941,0.009634383856865972,Luguentz Dort,OKC,1,65,46,0.3301898444724113,0.1916387959866221,0.2990133779264213,0.1385510484857892,0.019745063734066485,False,0.09872531867033243,0.09975165783022329
2025_okc_ind_api_20261005,1629652,Luguentz Dort,OKC,2,3,1,46,68,0.25419355499297336,0.19085677749360613,0.29028132992327366,0.06333677749936723,0.142464383904024,False,0.28067609963180845,0.28121230561924737,Luguentz Dort,OKC,1,46,68,0.18272074423115575,0.19373401534526857,0.29731457800511507,-0.011013271114112821,0.5838540364908773,False,0.7394910531626353,0.7377876201340726
2025_okc_ind_api_20261005,1629652,Luguentz Dort,OKC,3,4,1,68,63,0.26956479447159354,0.15102707749766572,0.23832866479925302,0.11853771697392781,0.015996000999750064,False,0.08445888527868034,0.07310923946865633,Luguentz Dort,OKC,1,68,63,0.25234228312825846,0.15686274509803919,0.24510971055088698,0.09547953803021927,0.04023994001499625,False,0.16347475631092226,0.16336933730639197
2025_okc_ind_api_20261005,1629652,Luguentz Dort,OKC,4,5,1,63,57,0.17089226560568155,0.1570593149540518,0.24477861319966582,0.01383295065162976,0.38690327418145465,False,0.5158710322419395,0.5297621377788083,Luguentz Dort,OKC,1,63,57,0.1569781619730746,0.1595655806182122,0.24398496240601483,-0.0025874186451375902,0.5286178455386153,False,0.6872031992001999,0.6852827902011113
2025_okc_ind_api_20261005,1629652,Luguentz Dort,OKC,5,6,1,57,35,0.19353042646581614,0.18847117794486212,0.2957393483709273,0.005059248520954018,0.46388402899275183,False,0.572268147916292,0.5926923522402702,Luguentz Dort,OKC,1,57,35,0.13288280349076717,0.1849624060150376,0.2927568922305763,-0.052079602524270435,0.8412896775806048,False,0.914917104057319,0.9053879387296033
2025_okc_ind_api_20261005,1629652,Luguentz Dort,OKC,6,7,1,35,61,0.4908499155440201,0.2224824355971897,0.3297423887587822,0.2683674799468304,0.00024993751562109475,False,0.006598350412396902,0.005673581604598851,Luguentz Dort,OKC,1,35,61,0.4702480933090558,0.22622950819672127,0.33723653395784536,0.24401858511233454,0.000999750062484379,False,0.012996750812296926,0.014421926433285298
2025_okc_ind_api_20261005,1630167,Obi Toppin,IND,1,2,1,47,33,0.4853133951546342,0.2559638942617667,0.3778207607994842,0.22934950089286749,0.0007498125468632841,True,0.00899775056235941,0.009634383856865972,Obi Toppin,IND,1,47,33,0.4369828446235402,0.2562862669245648,0.3811734364925847,0.1806965776989754,0.0069982504373906525,True,0.05351603275651676,0.04891560615000889
2025_okc_ind_api_20261005,1630167,Obi Toppin,IND,2,3,1,33,51,0.309451826198672,0.23351158645276293,0.3565953654188944,0.07594023974590908,0.14971257185703574,False,0.2906185218401282,0.29381631537360614,Obi Toppin,IND,1,33,51,0.2572377110627209,0.2388591800356506,0.3565062388591801,0.01837853102707032,0.39215196200949765,False,0.5804728593132615,0.5847586243482893
2025_okc_ind_api_20261005,1630167,Obi Toppin,IND,3,4,1,51,47,0.31627252629463387,0.21985815602836878,0.32790988735919896,0.09641437026626509,0.06723319170207448,False,0.18179128687215948,0.1788171634134268,Obi Toppin,IND,1,51,47,0.2713532760002313,0.22152690863579472,0.327909887359199,0.049826367364436575,0.20894776305923518,False,0.39366969851739964,0.41789552611847036
2025_okc_ind_api_20261005,1630167,Obi Toppin,IND,4,5,1,47,40,0.2879278046659719,0.22606382978723405,0.3356382978723404,0.06186397487873785,0.1707073231692077,False,0.31296342581021414,0.31722587064405566,Obi Toppin,IND,1,47,40,0.27608712746716985,0.2226063829787234,0.33571808510638257,0.05348074448844645,0.2124468882779305,False,0.39454422108758525,0.4224017309455627
2025_okc_ind_api_20261005,1630167,Obi Toppin,IND,5,6,1,40,47,0.42375605843997344,0.2771276595744681,0.38829787234042556,0.14662839886550533,0.017245688577855536,True,0.0875550343183435,0.07726522316789224,Obi Toppin,IND,1,40,47,0.4918833727344365,0.27446808510638293,0.38829787234042545,0.21741528762805357,0.0017495626093476631,True,0.02067664901956329,0.021182204448887777
2025_okc_ind_api_20261005,1630167,Obi Toppin,IND,6,7,1,47,32,0.38901613742842267,0.2958776595744681,0.420877659574468,0.09313847785395457,0.11047238190452387,True,0.23519926469995403,0.23657764804081996,Obi Toppin,IND,1,47,32,0.4142460684551342,0.29886968085106386,0.41954787234042556,0.11537638760407032,0.05573606598350413,True,0.20126912716265377,0.19579820070889015
2025_okc_ind_api_20261005,1630169,Tyrese Haliburton,IND,1,2,1,75,60,0.23833219351193835,0.16666666666666669,0.26,0.07166552684527167,0.1039740064983754,False,0.22874281429642587,0.22767298529065483,Tyrese Haliburton,IND,1,75,60,0.21568453384940425,0.16999999999999998,0.26,0.04568453384940427,0.19645088727818044,False,0.3874410185332455,0.4022066772463511
2025_okc_ind_api_20261005,1630169,Tyrese Haliburton,IND,2,3,1,60,70,0.13232201105779523,0.17619047619047618,0.26904761904761904,-0.043868465132680945,0.8115471132216946,False,0.8369079605098726,0.8648882380343881,Tyrese Haliburton,IND,1,60,70,0.16039876003945325,0.1738095238095238,0.2690476190476191,-0.013410763770070555,0.5891027243189203,False,0.7394910531626353,0.737950622638458
2025_okc_ind_api_20261005,1630169,Tyrese Haliburton,IND,3,4,1,70,68,0.2208726945569051,0.1592436974789916,0.25212184873949567,0.0616289970779135,0.13021744563859036,False,0.26545671274489074,0.26710265204783146,Tyrese Haliburton,IND,1,70,68,0.21369777915825433,0.16008403361344536,0.2542016806722689,0.053613745544808966,0.1552111972006998,False,0.33077796124739306,0.3411088975328983
2025_okc_ind_api_20261005,1630169,Tyrese Haliburton,IND,4,5,1,68,69,0.1844332691790319,0.15558397271952257,0.24275362318840576,0.028849296459509344,0.2856785803549113,False,0.43799394978841494,0.4371845240936957,Tyrese Haliburton,IND,1,68,69,0.1390463275878508,0.1526001705029838,0.2425511508951406,-0.013553842915133008,0.6143464133966509,False,0.7394910531626353,0.7451285658013046
2025_okc_ind_api_20261005,1630169,Tyrese Haliburton,IND,5,6,1,69,44,0.17050170685828595,0.18675889328063242,0.29051383399209485,-0.01625718642234647,0.6133466633341664,False,0.6919808509411108,0.718914075267758,Tyrese Haliburton,IND,1,69,44,0.09637352764037396,0.18478260869565216,0.2859025032938076,-0.0884090810552782,0.9712571857035741,False,0.9787863111741444,0.9799291248616419
2025_okc_ind_api_20261005,1630169,Tyrese Haliburton,IND,6,7,1,44,10,0.5099558539501517,0.33181818181818185,0.5045454545454545,0.1781376721319699,0.046238440389902526,True,0.14532081265397936,0.14183954011497127,Tyrese Haliburton,IND,1,44,10,0.5178249994155739,0.3318181818181818,0.5136363636363637,0.18600681759739213,0.04848787803049238,True,0.18539482776364732,0.18123811293166014
2025_okc_ind_api_20261005,1630174,Aaron Nesmith,IND,1,2,1,61,48,0.12073318813484188,0.19125683060109291,0.2940744535519125,-0.07052364246625104,0.9220194951262184,False,0.929057811882907,0.9413722281573534,Aaron Nesmith,IND,1,61,48,0.14025582991100233,0.20167349726775954,0.30293715846994534,-0.061417667356757216,0.8845288677830543,False,0.9199100224943765,0.9240532701955483
2025_okc_ind_api_20261005,1630174,Aaron Nesmith,IND,2,3,1,48,38,0.2493680781758958,0.20942982456140352,0.3300438596491228,0.03993825361449227,0.2759310172456886,False,0.4285046385462458,0.4293869714389585,Aaron Nesmith,IND,1,48,38,0.13059913059913056,0.22368421052631582,0.3366228070175438,-0.09308507992718526,0.9502624343914021,False,0.9727095785108841,0.9673842800561121
2025_okc_ind_api_20261005,1630174,Aaron Nesmith,IND,3,4,1,38,52,0.24469985775248937,0.2054655870445344,0.3208502024291498,0.03923427070795496,0.2756810797300675,False,0.4285046385462458,0.4293869714389585,Aaron Nesmith,IND,1,38,52,0.11046718214348271,0.208502024291498,0.32186234817813764,-0.09803484214801529,0.9650087478130467,False,0.9787863111741444,0.9750759031553586
2025_okc_ind_api_20261005,1630174,Aaron Nesmith,IND,4,5,1,52,46,0.22405821118806363,0.1964882943143813,0.3043478260869565,0.02756991687368232,0.32291927018245437,False,0.46841036993498875,0.47190562874302877,Aaron Nesmith,IND,1,52,46,0.20562418930321005,0.1923076923076923,0.3001672240802675,0.013316496995517763,0.4136465883529118,False,0.589091857470415,0.6029200854292864
2025_okc_ind_api_20261005,1630174,Aaron Nesmith,IND,5,6,1,46,48,0.3042804814945941,0.21739130434782605,0.3252264492753621,0.08688917714676803,0.0894776305923519,False,0.21562466526225585,0.21157731400483212,Aaron Nesmith,IND,1,46,48,0.28226309997080157,0.21105072463768115,0.3215579710144927,0.07121237533312041,0.13146713321669581,False,0.2969085314878177,0.30525587781136904
2025_okc_ind_api_20261005,1630174,Aaron Nesmith,IND,6,7,1,48,52,0.3010119807954896,0.2115384615384615,0.3189102564102564,0.08947351925702807,0.08322919270182455,False,0.20728780069133662,0.202425286535509,Aaron Nesmith,IND,1,48,52,0.3036092406094193,0.20833333333333337,0.3189102564102564,0.09527590727608592,0.07448137965508622,False,0.24206448387903023,0.23003298949018403
2025_okc_ind_api_20261005,1630198,Isaiah Joe,OKC,1,2,1,22,10,0.3832920672690441,0.3636363636363636,0.5727272727272726,0.019655703632680488,0.41039740064983754,True,0.5259461833570734,0.5478552236940765,Isaiah Joe,OKC,1,22,10,0.36024762908324554,0.4,0.5909090909090909,-0.03975237091675449,0.6465883529117721,True,0.7572656385453186,0.7704238563826643
2025_okc_ind_api_20261005,1630198,Isaiah Joe,OKC,2,3,1,10,5,0.4708413369189397,0.49999999999999994,0.7999999999999999,-0.029158663081060243,0.5296175956010998,True,0.6241921662441533,0.6522053934979185,Isaiah Joe,OKC,1,10,5,0.46346153846153854,0.4,0.7000000000000001,0.06346153846153851,0.4651337165708573,True,0.6395769478682961,0.6383584826684895
2025_okc_ind_api_20261005,1630198,Isaiah Joe,OKC,3,4,1,5,9,0.6230576441102758,0.4666666666666667,0.7777777777777778,0.15639097744360908,0.1612096975756061,True,0.30399542971400006,0.3032701769309054,Isaiah Joe,OKC,1,5,9,0.49534883720930234,0.4,0.6666666666666667,0.09534883720930232,0.23094226443389151,True,0.41697908856119303,0.44609360480392724
2025_okc_ind_api_20261005,1630198,Isaiah Joe,OKC,4,6,2,9,29,0.6403100775193798,0.4061302681992337,0.6053639846743295,0.23417980932014615,0.024493876530867282,True,0.10429650651853166,0.09531617095726068,Isaiah Joe,OKC,2,9,29,0.6664795509222132,0.4137931034482758,0.6130268199233716,0.2526864474739374,0.016245938515371157,True,0.09182486986948915,0.08882859930178746
2025_okc_ind_api_20261005,1630598,Aaron Wiggins,OKC,1,2,1,18,41,0.35283904661370075,0.3008130081300813,0.44308943089430886,0.05202603848361942,0.2689327668082979,True,0.4285046385462458,0.4249262510358489,Aaron Wiggins,OKC,1,18,41,0.2843012800169259,0.3143631436314363,0.4607046070460704,-0.03006186361451041,0.6403399150212447,True,0.7567653541160164,0.7670502868982401
2025_okc_ind_api_20261005,1630598,Aaron Wiggins,OKC,2,3,1,41,20,0.21444513471848323,0.2829268292682927,0.4292682926829269,-0.06848169454980949,0.7950512371907024,True,0.8263524670013599,0.853990366761622,Aaron Wiggins,OKC,1,41,20,0.20864043676933122,0.2878048780487805,0.43536585365853664,-0.0791644412794493,0.8790302424393901,True,0.9199100224943765,0.9197260869967693
2025_okc_ind_api_20261005,1630598,Aaron Wiggins,OKC,3,4,1,20,18,0.5905205905205905,0.3111111111111111,0.47777777777777775,0.27940947940947936,0.0029992501874531365,True,0.0263934016495876,0.02127593101724569,Aaron Wiggins,OKC,1,20,18,0.4490009645859171,0.31111111111111106,0.4777777777777778,0.13788985347480603,0.08347913021744564,True,0.26205405170446516,0.24396056158374202
2025_okc_ind_api_20261005,1630598,Aaron Wiggins,OKC,4,5,1,18,39,0.4102877850201191,0.2948717948717948,0.4401709401709402,0.11541599014832427,0.09147713071732066,True,0.21562466526225585,0.21246984172324265,Aaron Wiggins,OKC,1,18,39,0.42111347118066095,0.2905982905982906,0.4401709401709402,0.13051518058237033,0.07373156710822294,True,0.24206448387903023,0.22931193807052822
2025_okc_ind_api_20261005,1630598,Aaron Wiggins,OKC,5,6,1,39,36,0.4375563122359907,0.23717948717948717,0.35256410256410253,0.2003768250565035,0.003749062734316421,False,0.027493126718320424,0.025030507079112575,Aaron Wiggins,OKC,1,39,36,0.4574000168629324,0.24145299145299148,0.3654914529914524,0.21594702540994093,0.0069982504373906525,False,0.05351603275651676,0.04891560615000889
2025_okc_ind_api_20261005,1630598,Aaron Wiggins,OKC,6,7,1,36,22,0.5081607707794076,0.26262626262626265,0.404166666666666,0.24553450815314493,0.00424893776555861,True,0.029518936055459813,0.02729742092778692,Aaron Wiggins,OKC,1,36,22,0.4400897267869744,0.27525252525252525,0.4217171717171717,0.16483720153444914,0.03274181454636341,True,0.1394006337125396,0.13980254936265935
2025_okc_ind_api_20261005,1631096,Chet Holmgren,OKC,1,2,1,44,51,0.505729564553094,0.17736185383244207,0.28565062388591794,0.32836771072065196,0.00024993751562109475,False,0.006598350412396902,0.005673581604598851,Chet Holmgren,OKC,1,44,51,0.5444017166462942,0.19674688057040995,0.2990196078431373,0.34765483607588427,0.00024993751562109475,False,0.006498375406148463,0.006052058413967937
2025_okc_ind_api_20261005,1631096,Chet Holmgren,OKC,2,3,1,51,64,0.29168794688457605,0.1749387254901961,0.275735294117647,0.11674922139437996,0.02599350162459385,False,0.10597350662334416,0.0977987547312067,Chet Holmgren,OKC,1,51,64,0.32324874096511635,0.18933823529411767,0.28799019607843135,0.1339105056709987,0.01324668832791802,False,0.08200330869663536,0.07742460936490016
2025_okc_ind_api_20261005,1631096,Chet Holmgren,OKC,3,4,1,64,71,0.27288699635010377,0.1538292253521127,0.24803036971830977,0.11905777099799109,0.02024493876530867,False,0.09544042560788372,0.08406587377545856,Chet Holmgren,OKC,1,64,71,0.310711515964089,0.1588908450704225,0.2526408450704225,0.15182067089366652,0.006248437890527368,False,0.05351603275651676,0.045068520104016546
2025_okc_ind_api_20261005,1631096,Chet Holmgren,OKC,4,5,1,71,61,0.2506197034859455,0.16301085199722928,0.2616024012930039,0.0876088514887162,0.07173206698325418,False,0.18565946748606968,0.1842847558786995,Chet Holmgren,OKC,1,71,61,0.2355964289107158,0.16970676518125147,0.26829831447702607,0.06588966372946434,0.12221944513871533,False,0.28888232487332716,0.29489246905355515
2025_okc_ind_api_20261005,1631096,Chet Holmgren,OKC,5,6,1,61,45,0.18617480946248072,0.18488160291438982,0.28706739526411656,0.0012932065480908972,0.4921269682579355,False,0.5876098542931835,0.6194796032969576,Chet Holmgren,OKC,1,61,45,0.13388684624924083,0.19344262295081965,0.2990892531876138,-0.05955577670157883,0.8765308672831792,False,0.9199100224943765,0.9185284822534706
2025_okc_ind_api_20261005,1631096,Chet Holmgren,OKC,6,7,1,45,50,0.3073630136986301,0.19111111111111112,0.30666666666666664,0.116251902587519,0.04848787803049238,False,0.14809630925601933,0.14493647330525447,Chet Holmgren,OKC,1,45,50,0.22868445784975847,0.19555555555555557,0.31111111111111106,0.0331289022942029,0.30017495626093477,False,0.4910334916270932,0.5000457502332034
2025_okc_ind_api_20261005,1631097,Bennedict Mathurin,IND,1,2,1,31,42,0.3550073883407216,0.2818740399385561,0.4070660522273426,0.07313334840216551,0.15821044738815296,True,0.3026634645686404,0.3005891981043736,Bennedict Mathurin,IND,1,31,42,0.3549560144529466,0.28955453149001537,0.41013824884792627,0.06540148296293125,0.1759560109972507,True,0.3656625526158143,0.37397547164932904
2025_okc_ind_api_20261005,1631097,Bennedict Mathurin,IND,2,3,1,42,42,0.3863648924998618,0.26190476190476186,0.3571428571428572,0.12446013059509992,0.022494376405898527,True,0.09897525618595353,0.08958286744103448,Bennedict Mathurin,IND,1,42,42,0.3467709407072111,0.26190476190476186,0.3571428571428572,0.08486617880244923,0.0899775056235941,True,0.26205405170446516,0.25143104467785493
2025_okc_ind_api_20261005,1631097,Bennedict Mathurin,IND,3,4,1,42,28,0.28937291555152966,0.25,0.380952380952381,0.039372915551529664,0.3111722069482629,True,0.4615138350243899,0.4626818186283123,Bennedict Mathurin,IND,1,42,28,0.24269035193362776,0.24999999999999997,0.38095238095238093,-0.007309648066372215,0.5186203449137715,False,0.6810166145332353,0.6775040343960252
2025_okc_ind_api_20261005,1631097,Bennedict Mathurin,IND,4,5,1,28,43,0.5135564841782393,0.2583056478405316,0.3870431893687708,0.2552508363377077,0.0012496875781054736,True,0.012689135408455577,0.013297456885778556,Bennedict Mathurin,IND,1,28,43,0.5172488248874716,0.25830564784053156,0.3887043189368771,0.25894317704694003,0.0007498125468632841,True,0.012184453886528368,0.012709322669332664
2025_okc_ind_api_20261005,1631097,Bennedict Mathurin,IND,5,6,1,43,29,0.6450461696032775,0.3079390537289495,0.4354450681635926,0.33710711587432807,0.00024993751562109475,True,0.006598350412396902,0.005673581604598851,Bennedict Mathurin,IND,1,43,29,0.5930913348946136,0.30633520449077783,0.4322373696872494,0.2867561304038358,0.0004998750312421895,True,0.009283393437354947,0.00941431308839457
2025_okc_ind_api_20261005,1631097,Bennedict Mathurin,IND,6,7,1,29,56,0.6764383421281827,0.29802955665024633,0.41687192118226596,0.3784087854779363,0.00024993751562109475,True,0.006598350412396902,0.005673581604598851,Bennedict Mathurin,IND,1,29,56,0.6521846579675759,0.2980295566502463,0.41810344827586204,0.3541551013173296,0.00024993751562109475,True,0.006498375406148463,0.006052058413967937
2025_okc_ind_api_20261005,1631114,Jalen Williams,OKC,1,2,1,68,63,0.1637555700510048,0.17740429505135386,0.2707749766573296,-0.013648725000349055,0.6058485378655336,False,0.6894138534331934,0.7125783321009126,Jalen Williams,OKC,1,68,63,0.16435963282321095,0.18020541549953312,0.26844070961718014,-0.015845782676322168,0.6115971007248188,False,0.7394910531626353,0.74312335894521
2025_okc_ind_api_20261005,1631114,Jalen Williams,OKC,2,3,1,63,72,0.19532250944229165,0.17956349206349206,0.2738095238095237,0.01575901737879959,0.38540364908772806,False,0.5158710322419395,0.5297621377788083,Jalen Williams,OKC,1,63,72,0.17864739159981288,0.18055555555555555,0.27182539682539686,-0.00190816395574267,0.509372656835791,False,0.6756984223331922,0.6725658391227436
2025_okc_ind_api_20261005,1631114,Jalen Williams,OKC,3,4,1,72,73,0.13176557248745455,0.16866438356164382,0.2545757229832572,-0.03689881107418927,0.7723069232691827,False,0.8181954511372156,0.8388213951296865,Jalen Williams,OKC,1,72,73,0.11655401521944045,0.1725646879756469,0.26601027397260263,-0.05601067275620644,0.9022744313921519,False,0.9309180641347599,0.9353854197001207
2025_okc_ind_api_20261005,1631114,Jalen Williams,OKC,4,5,1,73,66,0.1907900529553087,0.17725197177251975,0.2671336654213366,0.013538081182788958,0.3926518370407398,False,0.5183004248937766,0.5358635291077031,Jalen Williams,OKC,1,73,66,0.23303428940230647,0.18555417185554168,0.2731631382316313,0.04748011754676479,0.17720569857535617,False,0.3656625526158143,0.3754545738565359
2025_okc_ind_api_20261005,1631114,Jalen Williams,OKC,5,6,1,66,48,0.39147376699999287,0.1912878787878788,0.2916666666666667,0.20018588821211405,0.0012496875781054736,False,0.012689135408455577,0.013297456885778556,Jalen Williams,OKC,1,66,48,0.30450195079226056,0.2007575757575758,0.3011363636363636,0.10374437503468475,0.045238690327418146,False,0.17821302250195029,0.17526761166851146
2025_okc_ind_api_20261005,1631114,Jalen Williams,OKC,6,7,1,48,66,0.2815871100833734,0.1875,0.2897727272727273,0.0940871100833734,0.06473381654586353,False,0.18179128687215948,0.17493543280846455,Jalen Williams,OKC,1,48,66,0.1693791556516863,0.1912878787878788,0.2935606060606061,-0.02190872313619252,0.6625843539115222,False,0.7690711250758738,0.7840003349947854
2025_okc_ind_api_20261005,1631172,Ousmane Dieng,OKC,2,6,4,3,6,0.39270253555967843,0.49999999999999994,0.8333333333333333,-0.10729746444032151,0.5431142214446388,True,0.628869098514845,0.6604656871496412,Ousmane Dieng,OKC,4,3,6,0.6630952380952381,0.49999999999999994,0.8333333333333334,0.16309523809523813,0.24518870282429392,True,0.42499375156210945,0.45842258443653555
2025_okc_ind_api_20261005,1631172,Ousmane Dieng,OKC,6,7,1,6,1,0.707070707070707,0.6666666666666667,1.0,0.04040404040404022,0.41014746313421646,True,0.5259461833570734,0.5478552236940765,Ousmane Dieng,OKC,1,6,1,0.7678571428571428,0.6666666666666667,1.0,0.10119047619047605,0.3731567108222944,True,0.5804728593132615,0.568539887500035
2025_okc_ind_api_20261005,1641717,Cason Wallace,OKC,1,2,1,58,41,0.15560155322358077,0.17535744322960475,0.277565180824222,-0.019755890006023985,0.651587103224194,False,0.7227688876100303,0.7494294217339426,Cason Wallace,OKC,1,58,41,0.19739742856181205,0.18166526492851132,0.28805719091673676,0.01573216363330074,0.3934016495876031,False,0.5804728593132615,0.5847586243482893
2025_okc_ind_api_20261005,1641717,Cason Wallace,OKC,2,3,1,41,47,0.4266216917488324,0.1904514789828749,0.3061754021795537,0.2361702127659575,0.0017495626093476631,False,0.016495876030992253,0.016321262150215874,Cason Wallace,OKC,1,41,47,0.2894485394485395,0.21120913336792946,0.3274519979242345,0.07823940608061003,0.13246688327918021,False,0.2969085314878177,0.3060612397920928
2025_okc_ind_api_20261005,1641717,Cason Wallace,OKC,3,4,1,47,31,0.2397169834823987,0.212079615648593,0.336993822923816,0.027637367833805687,0.3464133966508373,False,0.48112971757060735,0.4904522310170898,Cason Wallace,OKC,1,47,31,0.29166666666666663,0.23026767330130404,0.35827041866849685,0.061398993365362586,0.20294926268432892,False,0.3879912374847465,0.41053129574749175
2025_okc_ind_api_20261005,1641717,Cason Wallace,OKC,4,5,1,31,29,0.17605913995607475,0.2224694104560623,0.36040044493882084,-0.046410270499987555,0.7748062984253936,False,0.8181954511372156,0.8401960019549253,Cason Wallace,OKC,1,31,29,0.2668241883258949,0.24471635150166848,0.371523915461624,0.0221078368242264,0.35766058485378655,False,0.5670228784267347,0.5574571874272811
2025_okc_ind_api_20261005,1641717,Cason Wallace,OKC,5,6,1,29,29,0.3129904008804288,0.2413793103448276,0.3793103448275862,0.07161109053560119,0.12571857035741066,False,0.2634103378917176,0.26101934882133127,Cason Wallace,OKC,1,29,29,0.2961016568843961,0.2413793103448276,0.3793103448275862,0.054722346539568506,0.24018995251187203,False,0.42195532198031577,0.45361779332325697
2025_okc_ind_api_20261005,1641717,Cason Wallace,OKC,6,7,1,29,40,0.2014976254290685,0.24224137931034484,0.36724137931034484,-0.04074375388127635,0.7300674831292177,False,0.7834870550655019,0.8018967032435439,Cason Wallace,OKC,1,29,40,0.2719566691589435,0.25258620689655176,0.3801724137931034,0.019370462262391752,0.3941514621344664,True,0.5804728593132615,0.5847586243482893
2025_okc_ind_api_20261005,1641767,Ben Sheppard,IND,1,2,1,18,22,0.4161719733765066,0.36363636363636365,0.5303030303030303,0.05253560974014293,0.2886778305423644,True,0.43799394978841494,0.44078386233038147,Ben Sheppard,IND,1,18,22,0.4314285714285714,0.37878787878787873,0.5404040404040403,0.052640692640692655,0.2759310172456886,True,0.46585756158363006,0.4859252719287711
2025_okc_ind_api_20261005,1641767,Ben Sheppard,IND,2,3,1,22,38,0.4344135565453335,0.3014354066985646,0.4449760765550239,0.13297814984676887,0.06198450387403149,True,0.17786857633417733,0.16952388408921867,Ben Sheppard,IND,1,22,38,0.41723809523809524,0.2990430622009569,0.44258373205741625,0.11819503303713835,0.08772806798300425,True,0.26205405170446516,0.2499144121532642
2025_okc_ind_api_20261005,1641767,Ben Sheppard,IND,3,4,1,38,18,0.31764240133470323,0.2865497076023391,0.43567251461988304,0.03109269373236412,0.3406648337915521,True,0.48112971757060735,0.48840579328851996,Ben Sheppard,IND,1,38,18,0.19965027322404372,0.283625730994152,0.4327485380116959,-0.08397545777010829,0.8682829292676831,True,0.9199100224943765,0.9185284822534706
2025_okc_ind_api_20261005,1641767,Ben Sheppard,IND,4,5,1,18,10,0.2536602486963498,0.3444444444444444,0.5444444444444444,-0.0907841957480946,0.7858035491127218,True,0.823222765737137,0.8480700743989913,Ben Sheppard,IND,1,18,10,0.35162040794243354,0.37777777777777777,0.5777777777777777,-0.026157369835344224,0.585603599100225,True,0.7394910531626353,0.737950622638458
2025_okc_ind_api_20261005,1641767,Ben Sheppard,IND,5,6,1,10,40,0.696974697469747,0.44999999999999996,0.6000000000000001,0.2469746974697471,0.009247688077980504,True,0.05548612846788303,0.049981552230989865,Ben Sheppard,IND,1,10,40,0.6804387205637857,0.45,0.6249999999999999,0.23043872056378573,0.0094976255936016,True,0.06859396262045599,0.06251835099477558
2025_okc_ind_api_20261005,1641767,Ben Sheppard,IND,6,7,1,40,28,0.5875687568756875,0.3035714285714286,0.43214285714285705,0.28399732830425894,0.0007498125468632841,True,0.00899775056235941,0.009634383856865972,Ben Sheppard,IND,1,40,28,0.49419745014710703,0.3142857142857142,0.4392857142857142,0.1799117358613928,0.010747313171707074,True,0.06985753561609598,0.06869904145585226
2025_okc_ind_api_20261005,1641794,Dillon Jones,OKC,2,6,4,3,14,0.5505952380952381,0.5238095238095237,0.857142857142857,0.026785714285714413,0.4738815296175956,True,0.5775069993969397,0.6020770926671317,Dillon Jones,OKC,4,3,14,0.49712230215827335,0.5714285714285714,0.857142857142857,-0.07430626927029804,0.7673081729567608,True,0.859914331761887,0.861292941227503
2025_okc_ind_api_20261005,1642277,Johnny Furphy,IND,2,5,3,8,5,0.7355769230769231,0.55,0.875,0.18557692307692308,0.19045238690327418,True,0.34437965851003005,0.34041489627593097,Johnny Furphy,IND,3,8,5,0.64,0.55,0.8749999999999999,0.08999999999999997,0.2934266433391652,True,0.4890444055652753,0.49365574239194543
2025_okc_ind_api_20261005,1642277,Johnny Furphy,IND,5,6,1,5,9,1.0000000000000002,0.5555555555555556,0.7999999999999999,0.44444444444444464,0.005748562859285179,True,0.036133823686935414,0.03464399386878944,Johnny Furphy,IND,1,5,9,1.0,0.5555555555555556,0.7999999999999999,0.4444444444444444,0.0047488127968008,True,0.04409611882743599,0.04024618845288678
2025_okc_ind_api_20261005,1642277,Johnny Furphy,IND,6,7,1,9,2,0.8451612903225807,0.5555555555555556,0.8888888888888888,0.2896057347670251,0.09722569357660585,True,0.21752189071376224,0.21835823938752155,Johnny Furphy,IND,1,9,2,0.8586956521739131,0.5555555555555556,0.888888888888889,0.3031400966183575,0.10472381904523868,True,0.273056735816046,0.27414188923811517
2025_okc_ind_api_20261005,1642349,Ajay Mitchell,OKC,1,2,1,9,5,0.5498960498960499,0.44444444444444453,0.688888888888889,0.10545160545160537,0.31917020744813795,True,0.468116304257269,0.4714563294660206,Ajay Mitchell,OKC,1,9,5,0.5234782608695652,0.4444444444444444,0.6888888888888889,0.07903381642512075,0.3021744563859035,True,0.4910334916270932,0.5021428466412808
2025_okc_ind_api_20261005,1642349,Ajay Mitchell,OKC,2,6,4,5,26,0.6149482816149483,0.45384615384615384,0.6923076923076923,0.16110212776879446,0.13696575856035992,True,0.27393151712071984,0.2719349317189653,Ajay Mitchell,OKC,4,5,26,0.5807751937984496,0.4846153846153846,0.6923076923076924,0.09615980918306494,0.20044988752811796,True,0.3879912374847465,0.40740862688519486
2025_okc_ind_api_20261005,1642349,Ajay Mitchell,OKC,6,7,1,26,1,0.6502057613168724,0.8076923076923077,1.0,-0.15748654637543535,0.8405398650337416,True,0.855247726529906,0.8860799506005852,Ajay Mitchell,OKC,1,26,1,0.7635658914728682,0.8461538461538461,1.0,-0.0825879546809779,0.7773056735816046,True,0.8636729706462273,0.8667660671039136
2026_cle_nyk_api_20261005,201935,James Harden,CLE,1,2,1,74,57,0.10866261398176288,0.14817449027975343,0.24110953058321477,-0.03951187629799055,0.8095476130967258,False,0.8451247843776761,0.864109599559358,James Harden,CLE,1,74,57,0.09687722453261402,0.15860597439544807,0.2532005689900426,-0.061728749862834054,0.9305173706573356,False,0.9305173706573356,0.9558951171298083
2026_cle_nyk_api_20261005,201935,James Harden,CLE,2,3,1,57,80,0.10114285714285715,0.13728070175438595,0.2287280701754386,-0.0361378446115288,0.8060484878780305,False,0.8451247843776761,0.8625269114432538,James Harden,CLE,1,57,80,0.16208623693379784,0.15087719298245617,0.24167763157894734,0.011209043951341674,0.4046488377905524,False,0.6372130371662404,0.5938353074069145
2026_cle_nyk_api_20261005,201935,James Harden,CLE,3,4,1,80,67,0.16656968641114986,0.1434701492537313,0.2305970149253731,0.023099537157418554,0.3026743314171457,False,0.45401149712571864,0.45513621594601356,James Harden,CLE,1,80,67,0.14178678678678674,0.1488805970149254,0.23861940298507456,-0.007093810228138653,0.5658585353661585,False,0.6990017201581957,0.7201154683186614
2026_cle_nyk_api_20261005,203471,Dennis Schröder,CLE,1,2,1,38,26,0.19035497783273517,0.2408906882591093,0.3785425101214575,-0.05053571042637414,0.7675581104723819,False,0.8337269130993114,0.8349953246512654,Dennis Schröder,CLE,1,38,26,0.27307375980421655,0.2510121457489879,0.3846153846153846,0.022061614055228662,0.3891527118220445,True,0.6338799915405764,0.5847586243482893
2026_cle_nyk_api_20261005,203471,Dennis Schröder,CLE,2,3,1,26,14,0.3095589933040868,0.2857142857142857,0.46703296703296704,0.023844707589801117,0.4128967758060485,True,0.5419270182454387,0.5481144333799591,Dennis Schröder,CLE,1,26,14,0.3113701365279802,0.2912087912087912,0.4560439560439561,0.020161345319189006,0.42614346413396653,True,0.6372130371662404,0.612129806531418
2026_cle_nyk_api_20261005,203903,Jordan Clarkson,NYK,1,2,1,34,12,0.4620535714285715,0.3088235294117647,0.4852941176470589,0.1532300420168068,0.0757310672331917,True,0.20847788052986752,0.19315676698802828,Jordan Clarkson,NYK,1,34,12,0.4710682492581602,0.3235294117647059,0.49019607843137253,0.1475388374934543,0.07148212946763309,True,0.3464133966508373,0.2275346656293673
2026_cle_nyk_api_20261005,203903,Jordan Clarkson,NYK,2,3,1,12,4,0.42857142857142855,0.41666666666666663,0.6666666666666667,0.011904761904761918,0.3474131467133217,True,0.4974324600668015,0.49084720521114533,Jordan Clarkson,NYK,1,12,4,0.45689655172413796,0.4166666666666667,0.75,0.04022988505747127,0.46313421644588854,True,0.6372130371662404,0.6376144300638835
2026_cle_nyk_api_20261005,203903,Jordan Clarkson,NYK,3,4,1,4,17,0.9642857142857142,0.47058823529411764,0.7058823529411765,0.49369747899159655,0.0007498125468632841,True,0.019682579355161208,0.009634383856865972,Jordan Clarkson,NYK,1,4,17,0.9590643274853801,0.45588235294117646,0.7058823529411764,0.5031819745442037,0.0012496875781054736,True,0.026243439140214944,0.015986569395387003
2026_cle_nyk_api_20261005,1626157,Karl-Anthony Towns,NYK,1,2,1,71,59,0.2888815915496812,0.16137502984005725,0.25757937455239915,0.12750656170962393,0.0142464383904024,False,0.1121907023244189,0.06784492688016808,Karl-Anthony Towns,NYK,1,71,59,0.2177978898275928,0.16280735259011697,0.25853425638577227,0.05499053723747582,0.1707073231692077,False,0.4455552778472049,0.3651090381978638
2026_cle_nyk_api_20261005,1626157,Karl-Anthony Towns,NYK,2,3,1,59,67,0.20142721305968717,0.16164938021755626,0.2539843157095876,0.039777832842130906,0.23019245188702825,False,0.3903366263697234,0.3813142588139373,Karl-Anthony Towns,NYK,1,59,67,0.16493815509417292,0.16190235264356184,0.2580571717682772,0.0030358024506110803,0.4753811547113222,False,0.6372130371662404,0.6419966154706382
2026_cle_nyk_api_20261005,1626157,Karl-Anthony Towns,NYK,3,4,1,67,51,0.251103624535316,0.16505706760316066,0.2671934445419959,0.08604655693215532,0.07973006748312922,False,0.20847788052986752,0.19744063984003998,Karl-Anthony Towns,NYK,1,67,51,0.17620036553328175,0.16681299385425813,0.270441908106526,0.00938737167902362,0.43414146463384157,False,0.6372130371662404,0.6190899754053083
2026_cle_nyk_api_20261005,1628378,Donovan Mitchell,CLE,1,2,1,78,67,0.33588368153585546,0.16379640260237274,0.25315729047072333,0.17208727893348272,0.0012496875781054736,False,0.019682579355161208,0.013297456885778556,Donovan Mitchell,CLE,1,78,67,0.24764326181851956,0.16762342135476463,0.25468809797168007,0.08001984046375493,0.06498375406148463,False,0.3464133966508373,0.2147011790741635
2026_cle_nyk_api_20261005,1628378,Donovan Mitchell,CLE,2,3,1,67,74,0.21150899537338086,0.16458249294070187,0.2529245663574022,0.046926502432678985,0.184703824043989,False,0.3691062528485526,0.33453006429243753,Donovan Mitchell,CLE,1,67,74,0.18887308360992577,0.16680112948769665,0.25696853569987893,0.02207195412222912,0.31967008247938017,False,0.5923298587117927,0.5172704437255842
2026_cle_nyk_api_20261005,1628378,Donovan Mitchell,CLE,3,4,1,74,68,0.13230573302038712,0.16375198728139906,0.25757154213036554,-0.03144625426101194,0.7390652336915771,False,0.8168615740801641,0.810472502647285,Donovan Mitchell,CLE,1,74,68,0.11947778629902436,0.1717011128775835,0.26194356120826706,-0.05222332657855913,0.8727818045488628,False,0.9013976014193172,0.9185284822534706
2026_cle_nyk_api_20261005,1628384,OG Anunoby,NYK,1,2,1,60,60,0.15449076520355423,0.16666666666666669,0.2666666666666667,-0.012175901463112454,0.612096975756061,False,0.7141131383820712,0.7186862767066855,OG Anunoby,NYK,1,60,60,0.1202653399668325,0.18333333333333332,0.2666666666666667,-0.06306799336650082,0.8492876780804799,False,0.9013976014193172,0.9082287787674533
2026_cle_nyk_api_20261005,1628384,OG Anunoby,NYK,2,3,1,60,64,0.214599790812254,0.16979166666666667,0.2635416666666667,0.044808124145587325,0.1987003249187703,False,0.3691062528485526,0.3469279363832511,OG Anunoby,NYK,1,60,64,0.12106135986732994,0.17291666666666666,0.26776041666666645,-0.051855306799336726,0.8592851787053236,False,0.9013976014193172,0.9160304263556752
2026_cle_nyk_api_20261005,1628384,OG Anunoby,NYK,3,4,1,64,55,0.2908904619970194,0.1809659090909091,0.2770028409090909,0.1099245529061103,0.02799300174956261,False,0.1469632591852037,0.10249050640565666,OG Anunoby,NYK,1,64,55,0.25201846909814885,0.18125,0.2821022727272727,0.07076846909814885,0.11997000749812547,False,0.410972256935766,0.29154001822125114
2026_cle_nyk_api_20261005,1628386,Jarrett Allen,CLE,1,2,1,62,51,0.16552071864420728,0.15654648956356737,0.2621758380771664,0.008974229080639912,0.43814046488377906,False,0.5520569857535615,0.5683307744492448,Jarrett Allen,CLE,1,62,51,0.20919625246548323,0.15876027830487036,0.2599620493358634,0.05043597416061288,0.19095226193451637,False,0.4455552778472049,0.39522893666827197
2026_cle_nyk_api_20261005,1628386,Jarrett Allen,CLE,2,3,1,51,69,0.17370764754361764,0.15686274509803919,0.2591645353793691,0.016844902445578458,0.3836540864783804,False,0.5254392923508253,0.5288834673922612,Jarrett Allen,CLE,1,51,69,0.16226970879305447,0.1628303495311168,0.2651321398124467,-0.0005606407380623346,0.5088727818045489,False,0.6678955261184704,0.6725658391227436
2026_cle_nyk_api_20261005,1628386,Jarrett Allen,CLE,3,4,1,69,51,0.14888462150760168,0.1577152600170503,0.2591645353793691,-0.008830638509448624,0.5673581604598851,False,0.6744068699806182,0.6790349864203545,Jarrett Allen,CLE,1,69,51,0.12158124569064584,0.16538789428815007,0.27024722932651324,-0.04380664859750423,0.8112971757060735,False,0.9013976014193172,0.8886259856683648
2026_cle_nyk_api_20261005,1628404,Josh Hart,NYK,1,2,1,55,56,0.13184023889511012,0.17532467532467533,0.27629870129870127,-0.043484436429565204,0.8182954261434642,False,0.8451247843776761,0.8707174768807798,Josh Hart,NYK,1,55,56,0.14943210266951273,0.18863636363636366,0.2837662337662338,-0.03920426096685092,0.799550112471882,False,0.9013976014193172,0.8785980166222626
2026_cle_nyk_api_20261005,1628404,Josh Hart,NYK,2,3,1,56,64,0.23330289293934375,0.1763392857142857,0.27455357142857145,0.056963607225058055,0.15846038490377407,False,0.3369657585603599,0.3005891981043736,Josh Hart,NYK,1,56,64,0.19663708285707882,0.17857142857142855,0.27901785714285715,0.018065654285650268,0.3664083979005249,False,0.6338799915405764,0.5642212471712771
2026_cle_nyk_api_20261005,1628404,Josh Hart,NYK,3,4,1,64,46,0.3848214779725652,0.1956521739130435,0.29823369565217395,0.18916930405952173,0.0017495626093476631,False,0.022044488877780554,0.016321262150215874,Josh Hart,NYK,1,64,46,0.3252384166002031,0.18953804347826086,0.2934782608695652,0.13570037312194222,0.019245188702824295,False,0.16336540864783802,0.09975165783022329
2026_cle_nyk_api_20261005,1628418,Thomas Bryant,CLE,2,4,2,1,17,0.8641975308641975,0.7647058823529412,1.0,0.09949164851125625,0.4118970257435641,True,0.5419270182454387,0.5478552236940765,Thomas Bryant,CLE,2,1,17,0.8583333333333334,0.7647058823529412,1.0,0.09362745098039216,0.3924018995251187,True,0.6338799915405764,0.5847586243482893
2026_cle_nyk_api_20261005,1628969,Mikal Bridges,NYK,1,2,1,72,71,0.2361124889149419,0.17429577464788734,0.26154147104851333,0.06181671426705457,0.1087228192951762,False,0.24462634341414646,0.23356542567828076,Mikal Bridges,NYK,1,72,71,0.17323299597643532,0.17605633802816903,0.2713223787167449,-0.002823342051733707,0.5518620344913772,False,0.6953461634591352,0.7086410215627912
2026_cle_nyk_api_20261005,1628969,Mikal Bridges,NYK,2,3,1,71,81,0.24356787491115847,0.16136324117544776,0.24934793948878456,0.08220463373571071,0.06198450387403149,False,0.19525118720319917,0.16952388408921867,Mikal Bridges,NYK,1,71,81,0.19536775106082035,0.16310206920535558,0.2509215788558511,0.03226568185546477,0.2636840789802549,False,0.535874095992131,0.4792970658139754
2026_cle_nyk_api_20261005,1628969,Mikal Bridges,NYK,3,4,1,81,60,0.16668294297324715,0.17098765432098767,0.26052469135802453,-0.00430471134774052,0.533116720819795,False,0.6458914117624439,0.6550686652661158,Mikal Bridges,NYK,1,81,60,0.11164928785237328,0.1691358024691358,0.2598765432098765,-0.057486514616762505,0.9000249937515621,False,0.9145415259088453,0.9344823059166296
2026_cle_nyk_api_20261005,1628973,Jalen Brunson,NYK,1,2,1,88,74,0.18046616373822258,0.15294840294840295,0.24325859950859943,0.02751776078981963,0.292926768307923,False,0.4501069854487598,0.44428313856947793,Jalen Brunson,NYK,1,88,74,0.10708897073076173,0.15294840294840295,0.23958845208845192,-0.045859432217641216,0.8480379905023744,False,0.9013976014193172,0.9082287787674533
2026_cle_nyk_api_20261005,1628973,Jalen Brunson,NYK,2,3,1,74,87,0.18040212910187592,0.1543957750854303,0.2423112767940354,0.026006354016445632,0.29192701824543865,False,0.4501069854487598,0.4437551326454101,Jalen Brunson,NYK,1,74,87,0.13671573089672462,0.14973594283939112,0.23827275551413485,-0.013020211942666504,0.6218445388652837,False,0.7533885759329398,0.751742915334996
2026_cle_nyk_api_20261005,1628973,Jalen Brunson,NYK,3,4,1,87,60,0.2762379687762017,0.1781609195402299,0.2660919540229885,0.09807704923597182,0.03424143964008998,False,0.1552111972006998,0.12045450175917559,Jalen Brunson,NYK,1,87,60,0.31452360000386803,0.17126436781609194,0.2591954022988505,0.1432592321877761,0.005998500374906273,False,0.07558110472381904,0.04420633971941797
2026_cle_nyk_api_20261005,1629011,Mitchell Robinson,NYK,1,2,1,29,20,0.4023226616446955,0.2517241379310345,0.4172413793103449,0.150598523713661,0.06523369157710572,True,0.19570107473131715,0.17558950183402766,Mitchell Robinson,NYK,1,29,20,0.262510483645513,0.2586206896551724,0.4120689655172414,0.0038897939903406176,0.4686328417895526,True,0.6372130371662404,0.6383584826684895
2026_cle_nyk_api_20261005,1629011,Mitchell Robinson,NYK,2,3,1,20,19,0.35193271874494575,0.21447368421052632,0.3894736842105263,0.13745903453441943,0.08272931767058235,False,0.20847788052986752,0.20193070012066874,Mitchell Robinson,NYK,1,20,19,0.35354141656662663,0.2342105263157895,0.431578947368421,0.11933089025083712,0.12621844538865284,False,0.410972256935766,0.30132431680812194
2026_cle_nyk_api_20261005,1629011,Mitchell Robinson,NYK,3,4,1,19,37,0.3027885706426434,0.24893314366998576,0.3946657183499254,0.05385542697265766,0.27643089227693074,False,0.4465422106011958,0.4293869714389585,Mitchell Robinson,NYK,1,19,37,0.291479885264569,0.27169274537695587,0.4139402560455192,0.01978713988761316,0.38540364908772806,True,0.6338799915405764,0.5832671296461599
2026_cle_nyk_api_20261005,1629013,Landry Shamet,NYK,1,2,1,29,22,0.41450620217670264,0.27115987460815044,0.4184952978056426,0.1433463275685522,0.05798550362409398,True,0.19226772254304847,0.16183659003281967,Landry Shamet,NYK,1,29,22,0.4808476863243113,0.2774294670846395,0.42789968652037613,0.2034182192396718,0.011247188202949263,True,0.11809547613096727,0.06869904145585226
2026_cle_nyk_api_20261005,1629013,Landry Shamet,NYK,2,3,1,22,50,0.38189672172013883,0.2381818181818182,0.37636363636363634,0.14371490353832064,0.04173956510872282,False,0.17530617345663585,0.13344903210817016,Landry Shamet,NYK,1,22,50,0.30580457614403594,0.22545454545454546,0.3654545454545455,0.08035003068949048,0.15796050987253188,False,0.4326744400856308,0.3454749215921826
2026_cle_nyk_api_20261005,1629013,Landry Shamet,NYK,3,4,1,50,34,0.39077149373002973,0.22823529411764706,0.34470588235294114,0.16253619961238266,0.0142464383904024,False,0.1121907023244189,0.06784492688016808,Landry Shamet,NYK,1,50,34,0.2960820895522388,0.22470588235294117,0.3412352941176468,0.07137620719929763,0.14796300924768807,False,0.4326744400856308,0.32999644825635693
2026_cle_nyk_api_20261005,1629622,Max Strus,CLE,1,2,1,49,46,0.351860231271996,0.22493345164152617,0.32970275066548327,0.12692677963046983,0.025743564108972758,False,0.1469632591852037,0.0977987547312067,Max Strus,CLE,1,49,46,0.3110543153672421,0.22227151730257322,0.3336291038154392,0.08878279806466888,0.09122719320169957,False,0.35660202596409724,0.25143104467785493
2026_cle_nyk_api_20261005,1629622,Max Strus,CLE,2,3,1,46,57,0.31847548222170574,0.19679633867276886,0.3047292143401983,0.12167914354893689,0.03449137715571107,False,0.1552111972006998,0.12045450175917559,Max Strus,CLE,1,46,57,0.2160029608262842,0.19260106788710907,0.2978642257818459,0.023401892939175134,0.3474131467133217,False,0.625343664083979,0.5503413866159629
2026_cle_nyk_api_20261005,1629622,Max Strus,CLE,3,4,1,57,42,0.3266341664377918,0.18295739348370926,0.2944862155388471,0.14367677295408254,0.01949512621844539,False,0.12281929517620596,0.08195173428865006,Max Strus,CLE,1,57,42,0.25794826889397826,0.1904761904761905,0.3008145363408518,0.06747207841778777,0.15246188452886777,False,0.4326744400856308,0.33780770493651097
2026_cle_nyk_api_20261005,1629731,Dean Wade,CLE,1,2,1,45,33,0.3146425724156258,0.1939393939393939,0.3131313131313131,0.12070317847623191,0.04773806548362909,False,0.17691165443933135,0.14493647330525447,Dean Wade,CLE,1,45,33,0.24467538090985355,0.19797979797979798,0.31919191919191914,0.046695582930055574,0.2376905773556611,False,0.5154211447138216,0.4526803692335344
2026_cle_nyk_api_20261005,1629731,Dean Wade,CLE,2,3,1,33,31,0.24825296995108315,0.14956011730205276,0.27370478983382207,0.09869285264903038,0.10047488127968009,False,0.23444138965258685,0.22072062629503914,Dean Wade,CLE,1,33,31,0.25466019984806865,0.1710654936461388,0.3000977517106549,0.08359470620192985,0.13046738315421144,False,0.410972256935766,0.305023744063984
2026_cle_nyk_api_20261005,1629731,Dean Wade,CLE,3,4,1,31,25,0.29615162037037035,0.1987096774193548,0.327741935483871,0.09744194295101555,0.09997500624843789,False,0.23444138965258685,0.22072062629503914,Dean Wade,CLE,1,31,25,0.2760643647334898,0.2116129032258064,0.3419354838709678,0.06445146150768338,0.18695326168457885,False,0.4455552778472049,0.39001326591429064
2026_cle_nyk_api_20261005,1630241,Sam Merrill,CLE,1,2,1,53,37,0.34286151203961845,0.23023967363590003,0.34421213666496686,0.11262183840371842,0.051237190702324416,False,0.17933016745813546,0.14847883773737416,Sam Merrill,CLE,1,53,37,0.35427555716688314,0.22794492605813363,0.34678735339112693,0.1263306311087495,0.0427393151712072,False,0.29917520619845045,0.16847241677952607
2026_cle_nyk_api_20261005,1630241,Sam Merrill,CLE,2,3,1,37,45,0.3470574276222117,0.22822822822822822,0.3441441441441442,0.11882919939398348,0.04698825293676581,False,0.17691165443933135,0.14349327466339692,Sam Merrill,CLE,1,37,45,0.3818964392852484,0.23123123123123127,0.34834834834834827,0.15066520805401715,0.02074481379655086,False,0.16336540864783802,0.09975165783022329
2026_cle_nyk_api_20261005,1630241,Sam Merrill,CLE,3,4,1,45,36,0.38317524192775704,0.21111111111111114,0.3333333333333333,0.1720641308166459,0.013496625843539115,False,0.1121907023244189,0.0656514442817867,Sam Merrill,CLE,1,45,36,0.3174768798872098,0.21111111111111108,0.3333333333333333,0.10636576877609871,0.06748312921769557,False,0.3464133966508373,0.22053816689368325
2026_cle_nyk_api_20261005,1630540,Miles McBride,NYK,1,2,1,33,22,0.24934428098985062,0.24242424242424238,0.3939393939393939,0.006920038565608244,0.4271432141964509,False,0.549184132538294,0.5586463269019598,Miles McBride,NYK,1,33,22,0.28622713622713625,0.2272727272727273,0.3787878787878788,0.058954408954408954,0.2934266433391652,False,0.5601781372838609,0.49365574239194543
2026_cle_nyk_api_20261005,1630540,Miles McBride,NYK,2,3,1,22,22,0.3209537457208821,0.2272727272727273,0.40909090909090906,0.0936810184481548,0.1604598850287428,False,0.3369657585603599,0.30269579419549547,Miles McBride,NYK,1,22,22,0.3875976964212258,0.22727272727272727,0.409090909090909,0.16032496914849856,0.05373656585853537,False,0.3385403649087728,0.1927692680004602
2026_cle_nyk_api_20261005,1630540,Miles McBride,NYK,3,4,1,22,31,0.5898439319822968,0.29912023460410553,0.44428152492668616,0.29072369737819126,0.000999750062484379,True,0.019682579355161208,0.011539488009353595,Miles McBride,NYK,1,22,31,0.6337355455002514,0.281524926686217,0.42961876832844564,0.35221061881403437,0.0004998750312421895,True,0.01574606348412897,0.00941431308839457
2026_cle_nyk_api_20261005,1630596,Evan Mobley,CLE,1,2,1,76,61,0.1556513117754728,0.1562769628990509,0.24784296807592748,-0.000625651123578097,0.5096225943514121,False,0.6295337930223326,0.6379650491788817,Evan Mobley,CLE,1,76,61,0.12670991795870126,0.16975841242450387,0.2616479723899913,-0.04304849446580261,0.8222944263934017,False,0.9013976014193172,0.894888637391214
2026_cle_nyk_api_20261005,1630596,Evan Mobley,CLE,2,3,1,61,66,0.17021537921656354,0.15226030799801293,0.2468951813214108,0.01795507121855061,0.36065983504123966,False,0.5049237690577355,0.5043313093697828,Evan Mobley,CLE,1,61,66,0.11591145416733323,0.1549925484351714,0.252856433184302,-0.03908109426783818,0.7960509872531867,False,0.9013976014193172,0.8775976737522935
2026_cle_nyk_api_20261005,1630596,Evan Mobley,CLE,3,4,1,66,70,0.13333333333333336,0.14935064935064934,0.24285714285714285,-0.016017316017315986,0.6323419145213697,False,0.7243189202699325,0.7323551765119944,Evan Mobley,CLE,1,66,70,0.23234130021210994,0.16017316017316016,0.2545454545454546,0.07216814003894978,0.09097725568607848,False,0.35660202596409724,0.25143104467785493
2026_cle_nyk_api_20261005,1630631,Jose Alvarado,NYK,1,2,1,10,10,0.6522577996715927,0.30000000000000004,0.6000000000000001,0.35225779967159265,0.01699575106223444,True,0.11897025743564107,0.07664971174424937,Jose Alvarado,NYK,1,10,10,0.70334008097166,0.39999999999999997,0.6000000000000001,0.30334008097166004,0.005998500374906273,True,0.07558110472381904,0.04420633971941797
2026_cle_nyk_api_20261005,1630631,Jose Alvarado,NYK,2,3,1,10,7,0.44450526059721457,0.3285714285714285,0.5714285714285714,0.11593383202578605,0.20619845038740314,True,0.37115721069732566,0.3528169465171396,Jose Alvarado,NYK,1,10,7,0.3468970934799686,0.3285714285714285,0.6,0.018325664908540096,0.4528867783054236,True,0.6372130371662404,0.6289685247399807
2026_cle_nyk_api_20261005,1630631,Jose Alvarado,NYK,3,4,1,7,22,0.9219793564055859,0.48701298701298706,0.6818181818181818,0.43496636939259886,0.00024993751562109475,True,0.01574606348412897,0.005673581604598851,Jose Alvarado,NYK,1,7,22,0.9483773791592498,0.45454545454545453,0.6818181818181817,0.49383192461379527,0.00024993751562109475,True,0.01574606348412897,0.006052058413967937
2026_cle_nyk_api_20261005,1631165,Keon Ellis,CLE,1,2,1,8,1,0.9642857142857142,0.75,1.0,0.2142857142857142,0.19845038740314921,True,0.3691062528485526,0.3469279363832511,Keon Ellis,CLE,1,8,1,1.0,0.625,1.0,0.375,0.24543864033991503,True,0.5154211447138216,0.45842258443653555
2026_cle_nyk_api_20261005,1631165,Keon Ellis,CLE,2,4,2,1,29,0.7337772397094432,0.8965517241379309,1.0,-0.16277448442848774,0.839290177455636,True,0.8528271158016947,0.8860799506005852,Keon Ellis,CLE,2,1,29,0.8253424657534246,0.8620689655172413,1.0,-0.0367264997638167,0.6908272931767058,True,0.8211720654741975,0.8047781868965748
2026_cle_nyk_api_20261005,1641772,Nae'Qwan Tomlin,CLE,2,4,2,1,14,0.8928571428571429,0.7142857142857143,1.0,0.1785714285714286,0.23544113971507125,True,0.3903366263697234,0.3854216734277969,Nae'Qwan Tomlin,CLE,2,1,14,1.0,0.6428571428571428,1.0,0.3571428571428572,0.09622594351412148,True,0.35660202596409724,0.25889360993085064
2026_cle_nyk_api_20261005,1641854,Craig Porter Jr.,CLE,2,4,2,1,17,0.6666666666666666,0.7647058823529411,1.0,-0.0980392156862745,0.6440889777555611,True,0.7246000999750063,0.7446937077275673,Craig Porter Jr.,CLE,2,1,17,0.888235294117647,0.6470588235294118,1.0,0.24117647058823521,0.18595351162209448,True,0.4455552778472049,0.3891249409869755
2026_cle_nyk_api_20261005,1642278,Tyler Kolek,NYK,2,4,2,1,16,0.8875,0.75,1.0,0.13749999999999996,0.22994251437140714,True,0.3903366263697234,0.3813142588139373,Tyler Kolek,NYK,2,1,16,0.8403409090909091,0.625,1.0,0.21534090909090908,0.2846788302924269,True,0.5601781372838609,0.48987879933569906
2026_cle_nyk_api_20261005,1642281,Jaylon Tyson,CLE,2,3,1,15,16,0.5279594047093746,0.35833333333333334,0.55,0.1696260713760413,0.08122969257685579,True,0.20847788052986752,0.19970187958425556,Jaylon Tyson,CLE,1,15,16,0.40164336521952415,0.36666666666666664,0.5541666666666667,0.03497669855285751,0.4361409647588103,True,0.6372130371662404,0.6199236354433405
2026_cle_nyk_api_20261005,1642281,Jaylon Tyson,CLE,3,4,1,16,31,0.413663833500307,0.3306451612903226,0.49193548387096775,0.08301867220998438,0.1992001999500125,True,0.3691062528485526,0.3469279363832511,Jaylon Tyson,CLE,1,16,31,0.4851732761700608,0.33669354838709675,0.4959677419354839,0.14847972778296403,0.08397900524868783,True,0.35660202596409724,0.24404796236838228
2026_cle_nyk_api_20261005,1642359,Pacôme Dadiet,NYK,2,4,2,1,14,0.36516853932584276,0.7142857142857143,1.0,-0.34911717495987155,0.96575856035991,True,0.96575856035991,0.9743430808964425,Pacôme Dadiet,NYK,2,1,14,0.7571428571428572,0.7857142857142856,1.0,-0.02857142857142836,0.5353661584603849,True,0.688327918020495,0.692032706109187
2026_cle_nyk_api_20261005,1642878,Tyrese Proctor,CLE,2,4,2,1,15,0.8721804511278195,0.7333333333333334,1.0,0.1388471177944861,0.3186703324168958,True,0.46688909168056825,0.4714563294660206,Tyrese Proctor,CLE,2,1,15,0.9019607843137254,0.4666666666666667,1.0,0.4352941176470587,0.21919520119970007,True,0.49318920269932515,0.4295212324086608
2026_den_min_api_20261005,201144,Mike Conley,MIN,1,2,1,21,8,0.3225280695400217,0.36904761904761907,0.5892857142857143,-0.046519549507597346,0.6278430392401899,True,0.7324835457802216,0.7296264671033607,Mike Conley,MIN,1,21,8,0.30774912291499973,0.3571428571428571,0.5714285714285714,-0.04939373422785737,0.6683329167708073,True,0.7327505473029333,0.7880516827314911
2026_den_min_api_20261005,201144,Mike Conley,MIN,2,4,2,8,39,0.3057513914656772,0.3621794871794872,0.5641025641025641,-0.05642809571381002,0.7145713571607099,True,0.7834457048388506,0.792545756069126,Mike Conley,MIN,2,8,39,0.3822275915299171,0.38461538461538464,0.5705128205128205,-0.002387793085467549,0.5043739065233691,True,0.6039213880740341,0.669208431747249
2026_den_min_api_20261005,201144,Mike Conley,MIN,4,5,1,39,32,0.46036217303822935,0.23157051282051283,0.3541666666666667,0.22879166021771652,0.0017495626093476631,False,0.005896673979653234,0.016321262150215874,Mike Conley,MIN,1,39,32,0.4427217915590008,0.2459935897435897,0.37099358974358976,0.19672820181541112,0.005748562859285179,False,0.018682829292676832,0.04420633971941797
2026_den_min_api_20261005,201144,Mike Conley,MIN,5,6,1,32,40,0.507559851864812,0.23750000000000004,0.36875,0.27005985186481196,0.0007498125468632841,False,0.003101497352934493,0.009634383856865972,Mike Conley,MIN,1,32,40,0.41446644664466453,0.24999999999999994,0.3687500000000001,0.1644664466446646,0.013996500874781305,False,0.041086502567906406,0.07974476968993045
2026_den_min_api_20261005,202685,Jonas Valanciunas,DEN,1,2,1,16,4,0.13372093023255813,0.1875,0.5,-0.05377906976744187,0.6625843539115222,False,0.7443848914314631,0.7570804446539373,Jonas Valanciunas,DEN,1,16,4,0.22028301886792448,0.25,0.5,-0.02971698113207552,0.6900774806298425,True,0.7387888322037138,0.8047781868965748
2026_den_min_api_20261005,202685,Jonas Valanciunas,DEN,2,5,3,4,21,0.9413680781758959,0.45238095238095233,0.7142857142857143,0.4889871257949435,0.0024993751562109472,True,0.007581437973839874,0.019791563736972734,Jonas Valanciunas,DEN,3,4,21,0.9375,0.46428571428571425,0.7142857142857143,0.47321428571428575,0.0007498125468632841,True,0.004013702456738756,0.012709322669332664
2026_den_min_api_20261005,202685,Jonas Valanciunas,DEN,5,6,1,21,6,0.30434949223989266,0.3333333333333333,0.5714285714285714,-0.028983841093440654,0.588352911772057,True,0.6953261684578855,0.6968144920291666,Jonas Valanciunas,DEN,1,21,6,0.4127281616688396,0.33333333333333337,0.5714285714285715,0.0793948283355062,0.2864283929017746,True,0.3910664125013522,0.49049044271595416
2026_den_min_api_20261005,203497,Rudy Gobert,MIN,1,2,1,78,57,0.16456814576775458,0.14439946018893385,0.22874493927125508,0.020168685578820733,0.3339165208697826,False,0.41062707296148937,0.4815362615042442,Rudy Gobert,MIN,1,78,57,0.13972471190781044,0.1511470985155196,0.2415654520917679,-0.011422386607709167,0.5921019745063734,False,0.675117805914375,0.737950622638458
2026_den_min_api_20261005,203497,Rudy Gobert,MIN,2,3,1,57,74,0.23242907751397493,0.1510194404931247,0.2306780464675202,0.08140963702085022,0.047988002999250184,False,0.09097725568607846,0.14493647330525447,Rudy Gobert,MIN,1,57,74,0.24597992815190745,0.15765765765765766,0.24276908487434806,0.08832227049424979,0.04648837790552362,False,0.10576105973506625,0.17707370910081469
2026_den_min_api_20261005,203497,Rudy Gobert,MIN,3,4,1,74,64,0.0773042756576929,0.1224662162162162,0.1942989864864863,-0.045161940558523295,0.9097725568607848,False,0.9302168839812519,0.9316618213867586,Rudy Gobert,MIN,1,74,64,0.13301703778677468,0.13555743243243243,0.21494932432432437,-0.002540394645657751,0.5248687828042989,False,0.6202994705868987,0.6830346156263237
2026_den_min_api_20261005,203497,Rudy Gobert,MIN,4,5,1,64,65,0.1002574608930704,0.11177884615384617,0.18966346153846153,-0.011521385260775771,0.651587103224194,False,0.7437390652336916,0.7494294217339426,Rudy Gobert,MIN,1,64,65,0.11643625192012287,0.13725961538461537,0.221875,-0.020823363464492498,0.6880779805048738,False,0.7387888322037138,0.8043394323832834
2026_den_min_api_20261005,203497,Rudy Gobert,MIN,5,6,1,65,78,0.0967236517715668,0.11538461538461539,0.1897435897435898,-0.018660963613048587,0.7113221694576356,False,0.7834457048388506,0.790229033280016,Rudy Gobert,MIN,1,65,78,0.09787140662716703,0.13076923076923078,0.2102564102564103,-0.03289782414206374,0.7993001749562609,False,0.8265490445570425,0.8785980166222626
2026_den_min_api_20261005,203501,Tim Hardaway Jr.,DEN,1,2,1,50,52,0.3038809410176121,0.19076923076923075,0.2953846153846154,0.11311171024838135,0.04023994001499625,False,0.07960509872531867,0.1311167423455141,Tim Hardaway Jr.,DEN,1,50,52,0.3103588397099275,0.19538461538461538,0.29846153846153844,0.11497422432531212,0.03924018995251187,False,0.0915604432225277,0.16222468773050638
2026_den_min_api_20261005,203501,Tim Hardaway Jr.,DEN,2,3,1,52,56,0.33444605789505893,0.18543956043956042,0.28983516483516486,0.14900649745549852,0.010747313171707074,False,0.02445013746563359,0.05544636568130695,Tim Hardaway Jr.,DEN,1,52,56,0.26418439716312053,0.1923076923076923,0.2995192307692304,0.07187670485542824,0.11897025743564109,False,0.20175048830384995,0.29154001822125114
2026_den_min_api_20261005,203501,Tim Hardaway Jr.,DEN,3,4,1,56,51,0.4747702589807853,0.2079831932773109,0.3077731092436975,0.2667870657034744,0.00024993751562109475,False,0.001624593851537116,0.005673581604598851,Tim Hardaway Jr.,DEN,1,56,51,0.36727654055247394,0.211484593837535,0.3112745098039215,0.15579194671493893,0.005748562859285179,False,0.018682829292676832,0.04420633971941797
2026_den_min_api_20261005,203501,Tim Hardaway Jr.,DEN,4,5,1,51,23,0.5445773524720893,0.2710997442455243,0.39897698209718674,0.27347760822656497,0.0004998750312421895,True,0.002527145991279958,0.007916625494789093,Tim Hardaway Jr.,DEN,1,51,23,0.6046812595347881,0.2728047740835464,0.4015345268542199,0.3318764854512417,0.0004998750312421895,True,0.002843039240189953,0.00941431308839457
2026_den_min_api_20261005,203501,Tim Hardaway Jr.,DEN,5,6,1,23,34,0.5628205128205129,0.29539641943734013,0.4309462915601023,0.2674240933831728,0.0014996250937265683,True,0.0052486878280429885,0.015018304247467544,Tim Hardaway Jr.,DEN,1,23,34,0.47652463191818384,0.2877237851662404,0.4424552429667519,0.18880084675194342,0.02074481379655086,True,0.055522883984886126,0.09975165783022329
2026_den_min_api_20261005,203932,Aaron Gordon,DEN,1,2,1,67,78,0.1755960729312763,0.1520283199387677,0.2420589360887868,0.0235677529925086,0.3201699575106223,False,0.41062707296148937,0.4714563294660206,Aaron Gordon,DEN,1,67,78,0.22848294723294724,0.16379640260237274,0.25086107921928813,0.0646865446305745,0.1092226943264184,False,0.19488755262164853,0.27631711475116294
2026_den_min_api_20261005,203932,Aaron Gordon,DEN,2,4,2,78,45,0.2138590203106332,0.15512820512820513,0.2547008547008547,0.058730815182428064,0.15746063484128967,False,0.23490029132061244,0.30036608494935085,Aaron Gordon,DEN,2,78,45,0.1860293990338833,0.16666666666666663,0.26666666666666666,0.019362732367216667,0.35766058485378655,False,0.4704823794051487,0.5574571874272811
2026_den_min_api_20261005,203937,Kyle Anderson,MIN,1,2,1,12,10,0.4261943102522812,0.35,0.5833333333333333,0.07619431025228124,0.27743064233941517,True,0.3768087828789072,0.4293869714389585,Kyle Anderson,MIN,1,12,10,0.5255284552845528,0.39999999999999997,0.6166666666666667,0.12552845528455286,0.16470882279430143,True,0.2603831800670522,0.35792494184146273
2026_den_min_api_20261005,203937,Kyle Anderson,MIN,2,3,1,10,9,0.9153846153846152,0.4888888888888889,0.7000000000000001,0.42649572649572637,0.0007498125468632841,True,0.003101497352934493,0.009634383856865972,Kyle Anderson,MIN,1,10,9,0.8043478260869565,0.4888888888888889,0.7000000000000001,0.31545893719806767,0.006248437890527368,True,0.019607167173723808,0.045068520104016546
2026_den_min_api_20261005,203937,Kyle Anderson,MIN,3,4,1,9,6,0.9384615384615383,0.5555555555555556,0.8333333333333334,0.38290598290598277,0.005248687828042989,True,0.013267516454219778,0.03249414918997523,Kyle Anderson,MIN,1,9,6,0.9138198757763975,0.611111111111111,0.8333333333333334,0.3027087646652864,0.0032491877030742314,True,0.01343982186271614,0.030596517537282344
2026_den_min_api_20261005,203937,Kyle Anderson,MIN,4,5,1,6,35,0.7327648330530867,0.4380952380952381,0.657142857142857,0.2946695949578486,0.012246938265433641,True,0.027182228833035643,0.060435977962031234,Kyle Anderson,MIN,1,6,35,0.6793831168831168,0.46190476190476193,0.661904761904762,0.21747835497835488,0.04998750312421894,True,0.10830625676914105,0.18123811293166014
2026_den_min_api_20261005,203944,Julius Randle,MIN,1,2,1,63,79,0.2718735421582481,0.16033755274261605,0.25176813341370297,0.11153598941563206,0.02324418895276181,False,0.04807320897048466,0.091498801600178,Julius Randle,MIN,1,63,79,0.23407396650208145,0.16576250753465943,0.25839863371508937,0.06831145896742202,0.1039740064983754,False,0.18923269182704325,0.27389082961817685
2026_den_min_api_20261005,203944,Julius Randle,MIN,2,3,1,79,67,0.6350861766903126,0.19384092197241637,0.28377101832609103,0.4412452547178963,0.00024993751562109475,False,0.001624593851537116,0.005673581604598851,Julius Randle,MIN,1,79,67,0.6441197691197691,0.19648592480634802,0.2837710183260911,0.44763384431342107,0.00024993751562109475,False,0.001624593851537116,0.006052058413967937
2026_den_min_api_20261005,203944,Julius Randle,MIN,3,4,1,67,61,0.46843367767520966,0.20626376315145584,0.3019329581600195,0.2621699145237538,0.00024993751562109475,False,0.001624593851537116,0.005673581604598851,Julius Randle,MIN,1,67,61,0.45433590102707755,0.2109126498654269,0.3048690971372645,0.24342325116165064,0.00024993751562109475,False,0.001624593851537116,0.006052058413967937
2026_den_min_api_20261005,203944,Julius Randle,MIN,4,5,1,61,67,0.5816355696417781,0.16735992170296063,0.2630291167115243,0.41427564793881744,0.00024993751562109475,False,0.001624593851537116,0.005673581604598851,Julius Randle,MIN,1,61,67,0.5285935572842312,0.17714705162711036,0.2706141424027404,0.3514465056571208,0.00024993751562109475,False,0.001624593851537116,0.006052058413967937
2026_den_min_api_20261005,203944,Julius Randle,MIN,5,6,1,67,67,0.1853088958631181,0.14925373134328357,0.23880597014925373,0.03605516451983454,0.2139465133716571,False,0.30903385264794914,0.36243178011467286,Julius Randle,MIN,1,67,67,0.17762645006962996,0.16417910447761191,0.23880597014925375,0.013447345592018045,0.3919020244938765,False,0.5016384792690717,0.5847586243482893
2026_den_min_api_20261005,203999,Nikola Jokić,DEN,1,2,1,89,88,0.18821419365924907,0.1341292134831461,0.21834141981613886,0.05408498017610297,0.12346913271682079,False,0.2006373406648338,0.2579217158900459,Nikola Jokić,DEN,1,89,88,0.1958628253688896,0.14396067415730335,0.2215270684371808,0.051902151211586256,0.14846288427893026,False,0.24125218695326164,0.3300256902987368
2026_den_min_api_20261005,203999,Nikola Jokić,DEN,2,3,1,88,73,0.4195849699493635,0.13325031133250312,0.2129514321295143,0.28633465861686036,0.00024993751562109475,False,0.001624593851537116,0.005673581604598851,Nikola Jokić,DEN,1,88,73,0.41924141173568885,0.1421232876712329,0.22400373599003737,0.27711812406445596,0.00024993751562109475,False,0.001624593851537116,0.006052058413967937
2026_den_min_api_20261005,203999,Nikola Jokić,DEN,3,4,1,73,77,0.1705697953162456,0.1174168297455969,0.19195872620530152,0.053152965570648705,0.1132216945763559,False,0.18939810501919974,0.2417052476692739,Nikola Jokić,DEN,1,73,77,0.18973986875462368,0.1307596513075965,0.20281088774239459,0.05898021744702717,0.08422894276430892,False,0.15968403732400233,0.24404796236838228
2026_den_min_api_20261005,203999,Nikola Jokić,DEN,4,5,1,77,83,0.22067617217784075,0.14583007354091693,0.2214051009231732,0.07484609863692382,0.05298675331167208,False,0.09840397043596243,0.15225307597151344,Nikola Jokić,DEN,1,77,83,0.19625657673088856,0.15271475512439367,0.2315991237677984,0.04354182160649489,0.17170707323169207,False,0.26483633328955897,0.36609243915436235
2026_den_min_api_20261005,203999,Nikola Jokić,DEN,5,6,1,83,84,0.2671986417657046,0.13080895008605853,0.2010900745840505,0.1363896916796461,0.002749312671832042,False,0.008070563004410187,0.020132063758253986,Nikola Jokić,DEN,1,83,84,0.24456638537472963,0.14099254159495123,0.21815834767641998,0.10357384377977841,0.011497125718570358,False,0.03487461467966342,0.06959867176063127
2026_den_min_api_20261005,1626145,Tyus Jones,DEN,3,5,2,7,26,0.43186629526462395,0.34615384615384615,0.5604395604395604,0.0857124491107778,0.22869282679330166,True,0.3251726130967258,0.38078194387833353,Tyus Jones,DEN,2,7,26,0.5902754729505477,0.34615384615384615,0.5604395604395604,0.24412162679670157,0.03074231442139465,True,0.0777097392318587,0.1344728334045521
2026_den_min_api_20261005,1626145,Tyus Jones,DEN,5,6,1,26,21,0.6963788300835654,0.3003663003663003,0.45421245421245415,0.3960125297172651,0.0004998750312421895,True,0.002527145991279958,0.007916625494789093,Tyus Jones,DEN,1,26,21,0.725596489287163,0.30036630036630035,0.4616300366300361,0.4252301889208627,0.00024993751562109475,True,0.001624593851537116,0.006052058413967937
2026_den_min_api_20261005,1627750,Jamal Murray,DEN,1,2,1,85,88,0.07881110658888436,0.13850267379679143,0.217379679144385,-0.05969156720790707,0.9397650587353161,False,0.9502068927212641,0.953770499252981,Jamal Murray,DEN,1,85,88,0.11396623759267757,0.14585561497326205,0.2286096256684492,-0.03188937738058448,0.7720569857535616,False,0.8169440198090012,0.863786528615371
2026_den_min_api_20261005,1627750,Jamal Murray,DEN,2,3,1,88,67,0.2671117829847989,0.13687245590230665,0.22048846675712347,0.13023932708249222,0.007498125468632842,False,0.017495626093476633,0.042909440707050134,Jamal Murray,DEN,1,88,67,0.28394190577877176,0.1416214382632293,0.2264501356852102,0.14232046751554248,0.00424893776555861,False,0.01611055569440973,0.037412724740892696
2026_den_min_api_20261005,1627750,Jamal Murray,DEN,3,4,1,67,78,0.3118118048953059,0.14561806352851128,0.22981247608113278,0.16619374136679463,0.0022494376405898524,False,0.007058580182540571,0.01914833791552112,Jamal Murray,DEN,1,67,78,0.3267485134635822,0.15116724071947954,0.23655759663222325,0.17558127274410265,0.0014996250937265683,False,0.007182414922585143,0.018828626176789133
2026_den_min_api_20261005,1627750,Jamal Murray,DEN,4,5,1,78,78,0.3535470347166611,0.16666666666666666,0.2564102564102564,0.18688036804999444,0.0007498125468632841,False,0.003101497352934493,0.009634383856865972,Jamal Murray,DEN,1,78,78,0.3073117931828757,0.16666666666666666,0.2564102564102564,0.14064512651620906,0.005748562859285179,False,0.018682829292676832,0.04420633971941797
2026_den_min_api_20261005,1627750,Jamal Murray,DEN,5,6,1,78,74,0.453190703628933,0.15557865557865558,0.24081774081774082,0.2976120480502774,0.00024993751562109475,False,0.001624593851537116,0.005673581604598851,Jamal Murray,DEN,1,78,74,0.4706899299468538,0.16250866250866253,0.24533957033957027,0.3081812674381913,0.00024993751562109475,False,0.001624593851537116,0.006052058413967937
2026_den_min_api_20261005,1628971,Bruce Brown,DEN,1,2,1,39,28,0.3731866360572461,0.26373626373626374,0.39560439560439553,0.10945037232098237,0.0802299425143714,True,0.14040239940014995,0.19795866250828598,Bruce Brown,DEN,1,39,28,0.37827470229979093,0.27289377289377287,0.39652014652014655,0.10538092940601806,0.07998000499875031,True,0.15485490329545273,0.23783527802259963
2026_den_min_api_20261005,1628971,Bruce Brown,DEN,2,3,1,28,43,0.22855427473583095,0.24003322259136214,0.3745847176079734,-0.01147894785553119,0.5673581604598851,False,0.6793367447611782,0.6790349864203545,Bruce Brown,DEN,1,28,43,0.22078460038986353,0.2383720930232558,0.3688538205980062,-0.017587492633392265,0.6083479130217445,False,0.675117805914375,0.7411109520644974
2026_den_min_api_20261005,1628971,Bruce Brown,DEN,3,4,1,43,35,0.36818502824858756,0.23853820598006648,0.3601328903654485,0.1296468222685211,0.04123969007748063,False,0.07984705951171782,0.13344903210817016,Bruce Brown,DEN,1,43,35,0.2821679438058749,0.23853820598006645,0.3568106312292359,0.04362973782580845,0.2519370157460635,False,0.37584046611297994,0.4679816347283042
2026_den_min_api_20261005,1628971,Bruce Brown,DEN,4,5,1,35,42,0.3834613071016595,0.2476190476190476,0.37142857142857144,0.1358422594826119,0.037740564858785304,False,0.07631980893665473,0.12660751068390538,Bruce Brown,DEN,1,35,42,0.39687703318152245,0.24761904761904757,0.36666666666666664,0.14925798556247488,0.02074481379655086,False,0.055522883984886126,0.09975165783022329
2026_den_min_api_20261005,1628971,Bruce Brown,DEN,5,6,1,42,24,0.5583152185610055,0.2857142857142857,0.4166666666666667,0.2726009328467198,0.0014996250937265683,True,0.0052486878280429885,0.015018304247467544,Bruce Brown,DEN,1,42,24,0.41130528920507264,0.27976190476190477,0.42261904761904756,0.13154338444316788,0.05773556610847288,True,0.11675414479713403,0.19870413107383053
2026_den_min_api_20261005,1628978,Donte DiVincenzo,MIN,1,2,1,64,64,0.12599073597529592,0.15625,0.25,-0.03025926402470408,0.7260684828792802,False,0.7865741897858869,0.7987926281757509,Donte DiVincenzo,MIN,1,64,64,0.09458275044616807,0.171875,0.265625,-0.07729224955383193,0.9200199950012496,False,0.9355494459718403,0.9494270268049425
2026_den_min_api_20261005,1628978,Donte DiVincenzo,MIN,2,3,1,64,71,0.37198440515102593,0.18948063380281688,0.282350352112676,0.18250377134820905,0.000999750062484379,False,0.003955532855916456,0.011539488009353595,Donte DiVincenzo,MIN,1,64,71,0.31456351211794953,0.1993838028169014,0.29292473591549295,0.11517970930104812,0.02224443889027743,False,0.05783554111472132,0.1062093631521697
2026_den_min_api_20261005,1628978,Donte DiVincenzo,MIN,3,4,1,71,2,0.6292875989445911,0.7464788732394365,0.9014084507042254,-0.11719127429484544,0.876030992251937,True,0.9058956851696167,0.9063094620881956,Donte DiVincenzo,MIN,1,71,2,0.6619718309859154,0.7464788732394365,0.9154929577464788,-0.08450704225352113,0.7905523619095226,True,0.8265490445570425,0.8759910999448834
2026_den_min_api_20261005,1629661,Cameron Johnson,DEN,1,2,1,70,55,0.22947540189664234,0.19090909090909092,0.287012987012987,0.03856631098755142,0.24393901524618844,False,0.3415146213446638,0.3953987750093356,Cameron Johnson,DEN,1,70,55,0.17901566588454174,0.19220779220779222,0.287012987012987,-0.01319212632325048,0.6028492876780804,False,0.675117805914375,0.7391172098476284
2026_den_min_api_20261005,1629661,Cameron Johnson,DEN,2,3,1,55,46,0.238724948605947,0.21185770750988142,0.3142292490118577,0.026867241096065586,0.3209197700574856,False,0.41062707296148937,0.4714563294660206,Cameron Johnson,DEN,1,55,46,0.2267043691984633,0.2126482213438735,0.32450592885375495,0.014056147854589779,0.4136465883529118,False,0.5156416375358215,0.6029200854292864
2026_den_min_api_20261005,1629661,Cameron Johnson,DEN,3,4,1,46,49,0.31433072128337763,0.2302573203194321,0.3393966282165039,0.08407340096394553,0.10022494376405898,False,0.17208433740621448,0.22072062629503914,Cameron Johnson,DEN,1,46,49,0.3333613824990921,0.2373558118899734,0.3473824312333629,0.09600557060911868,0.06948262934266433,False,0.1374547667430968,0.22326645826694985
2026_den_min_api_20261005,1629661,Cameron Johnson,DEN,4,5,1,49,76,0.338332281929231,0.22073039742212672,0.31632653061224486,0.11760188450710427,0.020494876280929768,False,0.04337287771080486,0.08458794392311013,Cameron Johnson,DEN,1,49,76,0.3323191345503718,0.22878625134264233,0.3241138560687432,0.10353288320772949,0.036740814796300925,False,0.087984582801668,0.15282375725087133
2026_den_min_api_20261005,1629661,Cameron Johnson,DEN,5,6,1,76,69,0.5391743014431576,0.19012204424103737,0.27974828375286037,0.3490522572021202,0.00024993751562109475,False,0.001624593851537116,0.005673581604598851,Cameron Johnson,DEN,1,76,69,0.43248591755263593,0.19660564454614798,0.2866609458428678,0.23588027300648795,0.00024993751562109475,False,0.001624593851537116,0.006052058413967937
2026_den_min_api_20261005,1629675,Naz Reid,MIN,1,2,1,34,50,0.18605290890493753,0.22705882352941176,0.34588235294117653,-0.04100591462447423,0.7533116720819795,False,0.8064866136407074,0.8221237959740834,Naz Reid,MIN,1,34,50,0.23127327309990472,0.22823529411764704,0.34705882352941175,0.0030379789822576886,0.4768807798050487,False,0.5786153461634591,0.6419966154706382
2026_den_min_api_20261005,1629675,Naz Reid,MIN,2,3,1,50,36,0.27410521443998764,0.24555555555555553,0.35555555555555557,0.028549658884432116,0.3319170207448138,False,0.41062707296148937,0.4815362615042442,Naz Reid,MIN,1,50,36,0.23636614357814612,0.25,0.37,-0.013633856421853885,0.5843539115221195,True,0.675117805914375,0.7377876201340726
2026_den_min_api_20261005,1629675,Naz Reid,MIN,3,4,1,36,50,0.3843357499552902,0.2288888888888889,0.3422222222222222,0.1554468610664013,0.014496375906023495,False,0.0314088144630509,0.06855577772223612,Naz Reid,MIN,1,36,50,0.3843064066852368,0.23777777777777778,0.35555555555555557,0.14652862890745902,0.02024493876530867,False,0.055522883984886126,0.09975165783022329
2026_den_min_api_20261005,1629675,Naz Reid,MIN,4,5,1,50,54,0.4385581933989577,0.21111111111111108,0.31481481481481477,0.2274470822878466,0.0007498125468632841,False,0.003101497352934493,0.009634383856865972,Naz Reid,MIN,1,50,54,0.4286125461254613,0.22037037037037036,0.32814814814814813,0.20824217575509094,0.0004998750312421895,False,0.002843039240189953,0.00941431308839457
2026_den_min_api_20261005,1629675,Naz Reid,MIN,5,6,1,54,60,0.18109439720950515,0.20185185185185184,0.3018518518518518,-0.020757454642346684,0.6538365408647838,False,0.7437390652336916,0.7496004786682118,Naz Reid,MIN,1,54,60,0.2418880688806888,0.20925925925925923,0.31111111111111106,0.03262880962142958,0.28242939265183703,False,0.3910664125013522,0.48983174053814793
2026_den_min_api_20261005,1630162,Anthony Edwards,MIN,1,2,1,79,86,0.053948497854077244,0.1399764498086547,0.22078304386223135,-0.08602795195457746,0.9940014996250938,False,0.9940014996250938,0.9940014996250938,Anthony Edwards,MIN,1,79,86,0.08441241901317953,0.13924050632911394,0.22328525169267,-0.054828087315934415,0.9252686828292926,False,0.9355494459718403,0.9533923510003957
2026_den_min_api_20261005,1630162,Anthony Edwards,MIN,2,3,1,86,48,0.24833876654393083,0.1802325581395349,0.2742248062015504,0.06810620840439593,0.11447138215446138,False,0.18939810501919974,0.24360941014746312,Anthony Edwards,MIN,1,86,48,0.34467334467334476,0.18653100775193798,0.2815164728682169,0.15814233692140678,0.003749062734316421,False,0.01483324820968671,0.03482006210776074
2026_den_min_api_20261005,1630162,Anthony Edwards,MIN,3,4,1,48,32,0.1615144418423107,0.22916666666666666,0.34375000000000006,-0.06765222482435596,0.8580354911272182,False,0.8974853987652512,0.8948272120331326,Anthony Edwards,MIN,1,48,32,0.1391549777625727,0.23958333333333334,0.3541666666666667,-0.10042835557076063,0.955011247188203,False,0.955011247188203,0.9703225391256975
2026_den_min_api_20261005,1630183,Jaden McDaniels,MIN,1,2,1,66,78,0.2182345279887873,0.162004662004662,0.2529137529137529,0.05622986598412533,0.14096475881029744,False,0.22116884571960457,0.2790610486913156,Jaden McDaniels,MIN,1,66,78,0.2235298235516025,0.16083916083916083,0.24825174825174826,0.06269066271244167,0.11772056985753562,False,0.20175048830384995,0.29154001822125114
2026_den_min_api_20261005,1630183,Jaden McDaniels,MIN,2,3,1,78,82,0.3382782139532928,0.17761100687929957,0.2617260787992496,0.1606672070739932,0.0022494376405898524,False,0.007058580182540571,0.01914833791552112,Jaden McDaniels,MIN,1,78,82,0.3339871996301699,0.175422138836773,0.2589274546591619,0.15856506079339688,0.002749312671832042,False,0.011913688244605515,0.029470893146278643
2026_den_min_api_20261005,1630183,Jaden McDaniels,MIN,3,4,1,82,59,0.3595786108840634,0.18664737494832578,0.2809011988424969,0.17293123593573761,0.0014996250937265683,False,0.0052486878280429885,0.015018304247467544,Jaden McDaniels,MIN,1,82,59,0.2747672490230206,0.18664737494832576,0.27821413807358414,0.08811987407469482,0.05548612846788303,False,0.11675414479713403,0.19579820070889015
2026_den_min_api_20261005,1630183,Jaden McDaniels,MIN,4,5,1,59,57,0.3711307727636768,0.18733273862622657,0.2902170680939637,0.18379803413745022,0.00424893776555861,False,0.01137215696075981,0.02729742092778692,Jaden McDaniels,MIN,1,59,57,0.2614363480087862,0.1909009812667261,0.29200118941421344,0.07053536674206007,0.11972006998250437,False,0.20175048830384995,0.29154001822125114
2026_den_min_api_20261005,1630183,Jaden McDaniels,MIN,5,6,1,57,80,0.19232755825901568,0.16929824561403506,0.2618421052631579,0.02302931264498062,0.32941764558860287,False,0.41062707296148937,0.4800722896199027,Jaden McDaniels,MIN,1,57,80,0.20779693520606562,0.1758771929824562,0.2690899122807017,0.03191974222360944,0.2666833291677081,False,0.38520925324224503,0.4796816668848661
2026_den_min_api_20261005,1630192,Zeke Nnaji,DEN,3,6,3,32,5,0.6372697724810401,0.4375,0.65625,0.1997697724810401,0.07173206698325418,True,0.12799251167600256,0.1842847558786995,Zeke Nnaji,DEN,3,32,5,0.5496894409937889,0.4375,0.6571874999999949,0.11218944099378891,0.2184453886528368,True,0.3313088394568025,0.4292926768307923
2026_den_min_api_20261005,1630245,Ayo Dosunmu,MIN,1,2,1,52,43,0.22928005410253016,0.19856887298747766,0.31084525939177093,0.0307111811150525,0.3084228942764309,False,0.40676062868340884,0.4613517673213276,Ayo Dosunmu,MIN,1,52,43,0.21632620242025186,0.20080500894454378,0.3121645796064401,0.015521193475708073,0.39690077480629843,False,0.5016384792690717,0.585734001282288
2026_den_min_api_20261005,1630245,Ayo Dosunmu,MIN,2,3,1,43,69,0.40370995410725025,0.22817660936973372,0.3323222109875295,0.17553334473751653,0.0029992501874531365,False,0.008529117720569857,0.02127593101724569,Ayo Dosunmu,MIN,1,43,69,0.39674931369558597,0.2308729356252107,0.3380687563195146,0.16587637807037528,0.005748562859285179,False,0.018682829292676832,0.04420633971941797
2026_den_min_api_20261005,1630245,Ayo Dosunmu,MIN,3,4,1,69,80,0.4237768929302542,0.18858695652173912,0.27663043478260874,0.2351899364085151,0.00024993751562109475,False,0.001624593851537116,0.005673581604598851,Ayo Dosunmu,MIN,1,69,80,0.398988367307151,0.19275362318840578,0.2786231884057971,0.2062347441187452,0.00024993751562109475,False,0.001624593851537116,0.006052058413967937
2026_den_min_api_20261005,1630245,Ayo Dosunmu,MIN,4,5,1,80,79,0.3660431027729908,0.15854430379746837,0.24509493670886076,0.20749879897552242,0.0004998750312421895,False,0.002527145991279958,0.007916625494789093,Ayo Dosunmu,MIN,1,80,79,0.3680072917853481,0.16740506329113924,0.2553876582278481,0.20060222849420883,0.00024993751562109475,False,0.001624593851537116,0.006052058413967937
2026_den_min_api_20261005,1630538,Bones Hyland,MIN,1,2,1,9,17,0.17839635854341737,0.27450980392156865,0.49019607843137253,-0.09611344537815128,0.8367908022994252,True,0.8854414303400894,0.8860799506005852,Bones Hyland,MIN,1,9,17,0.26824116743471577,0.30718954248366015,0.49673202614379086,-0.038948375048944384,0.6018495376155961,True,0.675117805914375,0.7391172098476284
2026_den_min_api_20261005,1630538,Bones Hyland,MIN,2,3,1,17,33,0.383768014978012,0.2887700534759358,0.43859180035650586,0.09499796150207618,0.15696075981004748,True,0.23490029132061244,0.30036608494935085,Bones Hyland,MIN,1,17,33,0.3280780780780781,0.2905525846702318,0.45811051693404636,0.03752549340784628,0.36190952261934517,True,0.4704823794051487,0.5627859090273304
2026_den_min_api_20261005,1630538,Bones Hyland,MIN,3,4,1,33,34,0.301544511358156,0.25490196078431376,0.37789661319073087,0.046642550573842256,0.27718070482379403,True,0.3768087828789072,0.4293869714389585,Bones Hyland,MIN,1,33,34,0.30992599742599736,0.2584670231729055,0.3805704099821747,0.05145897425309187,0.2879280179955011,True,0.3910664125013522,0.49049044271595416
2026_den_min_api_20261005,1630538,Bones Hyland,MIN,4,5,1,34,52,0.3325245513642735,0.22850678733031676,0.34621040723981866,0.10401776403395674,0.06973256685828542,False,0.12691327168207947,0.182645684732663,Bones Hyland,MIN,1,34,52,0.29873583862945563,0.2330316742081448,0.34847285067873274,0.06570416442131083,0.1659585103724069,False,0.2603831800670522,0.35948840265971843
2026_den_min_api_20261005,1630538,Bones Hyland,MIN,5,6,1,52,19,0.492248892110509,0.27024291497975705,0.4048582995951417,0.22200597713075193,0.005998500374906273,True,0.014364829845170285,0.03583314697641379,Bones Hyland,MIN,1,52,19,0.4076402321083172,0.2753036437246963,0.409919028340081,0.1323365883836209,0.056485878530367406,True,0.11675414479713403,0.19726606809836006
2026_den_min_api_20261005,1630545,Terrence Shannon Jr,MIN,4,5,1,13,32,0.3722059758423395,0.28125,0.454326923076923,0.0909559758423395,0.1789552611847038,True,0.2626601414162588,0.3258516921571746,Terrence Shannon Jr,MIN,1,13,32,0.2744360902255639,0.26682692307692313,0.4400240384615379,0.007609167148640794,0.4483879030242439,True,0.5513959348000838,0.6280719347883768
2026_den_min_api_20261005,1630545,Terrence Shannon Jr,MIN,5,6,1,32,63,0.47535117056856185,0.21279761904761904,0.32490079365079366,0.26255355152094284,0.00024993751562109475,False,0.001624593851537116,0.005673581604598851,Terrence Shannon Jr,MIN,1,32,63,0.3260583067092653,0.19766865079365079,0.3194444444444445,0.1283896559156145,0.03549112721819545,False,0.0872889885636699,0.1485369398391143
2026_den_min_api_20261005,1631124,Julian Strawther,DEN,3,5,2,26,7,0.789679715302491,0.4340659340659341,0.6538461538461539,0.35561378123655696,0.0032491877030742314,True,0.00895988124181076,0.02257853903870971,Julian Strawther,DEN,2,26,7,0.7904985731072687,0.434065934065934,0.6538461538461539,0.35643263904133465,0.0024993751562109472,True,0.01137215696075981,0.027779940260836432
2026_den_min_api_20261005,1631128,Christian Braun,DEN,1,2,1,80,75,0.29575513561486677,0.15083333333333332,0.24,0.14492180228153345,0.004498875281179705,False,0.011697075731067232,0.02836790802299425,Christian Braun,DEN,1,80,75,0.17809715242881075,0.15,0.23833333333333334,0.02809715242881075,0.27993001749562607,False,0.3910664125013522,0.4891560615000889
2026_den_min_api_20261005,1631128,Christian Braun,DEN,2,3,1,75,47,0.346276648000786,0.17702127659574468,0.27519148936170207,0.16925537140504132,0.005498625343664084,False,0.013523646115498151,0.033433605884243225,Christian Braun,DEN,1,75,47,0.27799859055673015,0.17730496453900707,0.2757446808510638,0.10069362601772308,0.049237690577355664,False,0.10830625676914105,0.18123811293166014
2026_den_min_api_20261005,1631128,Christian Braun,DEN,3,4,1,47,60,0.5642229597813354,0.22907801418439716,0.3319148936170213,0.33514494559693825,0.00024993751562109475,False,0.001624593851537116,0.005673581604598851,Christian Braun,DEN,1,47,60,0.5443782433211609,0.22163120567375888,0.32340425531914896,0.32274703764740204,0.00024993751562109475,False,0.001624593851537116,0.006052058413967937
2026_den_min_api_20261005,1631128,Christian Braun,DEN,4,5,1,60,64,0.24507363239663535,0.21510416666666665,0.3135416666666667,0.029969465729968697,0.2941764558860285,False,0.39367731596512634,0.4451870365741898,Christian Braun,DEN,1,60,64,0.22908260570598232,0.209375,0.3052083333333333,0.019707605705982317,0.35616095976005996,False,0.4704823794051487,0.5574571874272811
2026_den_min_api_20261005,1631128,Christian Braun,DEN,5,6,1,64,51,0.6320471010180359,0.20465686274509803,0.3069852941176471,0.4273902382729378,0.00024993751562109475,False,0.001624593851537116,0.005673581604598851,Christian Braun,DEN,1,64,51,0.5920557130211915,0.20955882352941174,0.31096813725490197,0.3824968894917798,0.00024993751562109475,False,0.001624593851537116,0.006052058413967937
2026_den_min_api_20261005,1641740,Jaylen Clark,MIN,5,6,1,24,19,0.3263407844100549,0.30043859649122806,0.46710526315789475,0.025902187918826813,0.4053986503374156,True,0.49188369574273094,0.5447978556541967,Jaylen Clark,MIN,1,24,19,0.35397216459197783,0.2982456140350877,0.45614035087719296,0.05572655055689013,0.26318420394901276,True,0.38520925324224503,0.4792970658139754
2026_den_min_api_20261005,1641763,Julian Phillips,MIN,3,5,2,2,5,1.0,0.6000000000000001,1.0,0.3999999999999999,0.1269682579355161,True,0.20270371003740292,0.26201631410329235,Julian Phillips,MIN,2,2,5,1.0,0.6,1.0,0.4,0.09547613096725818,True,0.17731281465347948,0.25889360993085064
2026_den_min_api_20261005,1642461,Spencer Jones,DEN,1,2,1,16,17,0.7215780873083806,0.29411764705882354,0.5073529411764706,0.42746044024955704,0.0004998750312421895,True,0.002527145991279958,0.007916625494789093,Spencer Jones,DEN,1,16,17,0.6735119047619047,0.2941176470588235,0.4670955882352931,0.3793942577030812,0.000999750062484379,True,0.005054291982559916,0.014421926433285298
2026_den_min_api_20261005,1642461,Spencer Jones,DEN,2,3,1,17,55,0.6412495485734923,0.25133689839572193,0.4,0.3899126501777703,0.00024993751562109475,True,0.001624593851537116,0.005673581604598851,Spencer Jones,DEN,1,17,55,0.6580205074730622,0.2684491978609626,0.41497326203208557,0.38957130961209957,0.00024993751562109475,True,0.001624593851537116,0.006052058413967937
2026_den_min_api_20261005,1642461,Spencer Jones,DEN,3,4,1,55,45,0.5561198877897534,0.18181818181818182,0.2868686868686869,0.3743017059715716,0.00024993751562109475,False,0.001624593851537116,0.005673581604598851,Spencer Jones,DEN,1,55,45,0.5206281944512483,0.18787878787878792,0.29696969696969694,0.3327494065724604,0.00024993751562109475,False,0.001624593851537116,0.006052058413967937
2026_den_min_api_20261005,1642461,Spencer Jones,DEN,4,5,1,45,74,0.581441198075875,0.1855855855855856,0.2843843843843844,0.39585561249028944,0.00024993751562109475,False,0.001624593851537116,0.005673581604598851,Spencer Jones,DEN,1,45,74,0.5817011368305711,0.18588588588588587,0.28918918918918923,0.3958152509446853,0.00024993751562109475,False,0.001624593851537116,0.006052058413967937
2026_den_min_api_20261005,1642461,Spencer Jones,DEN,5,6,1,74,59,0.2156828967590482,0.16445258818140174,0.2560696289509849,0.05123030857764646,0.15721069732566859,False,0.23490029132061244,0.30036608494935085,Spencer Jones,DEN,1,74,59,0.22145739651792917,0.16376546037562983,0.24942739349519008,0.05769193614229934,0.1282179455136216,False,0.21214241894071936,0.3034885877833678
2026_lal_okc_api_20261005,2544,LeBron James,LAL,1,2,1,63,72,0.05515296904784421,0.1468253968253968,0.23809523809523808,-0.09167242777755259,0.9940014996250938,False,0.9940014996250939,0.9940014996250938,LeBron James,LAL,1,63,72,0.12713723494337997,0.1607142857142857,0.25595238095238093,-0.033577050770905725,0.7685578605348663,False,0.8553305222081576,0.861292941227503
2026_lal_okc_api_20261005,2544,LeBron James,LAL,2,3,1,72,68,0.18379334317181156,0.15359477124183007,0.24836601307189538,0.030198571929981488,0.2766808297925519,False,0.4545470775163353,0.4293869714389585,LeBron James,LAL,1,72,68,0.23693387653287712,0.1625816993464052,0.2549019607843137,0.07435217718647191,0.08197950512371907,False,0.41592543040710406,0.2416613237994849
2026_lal_okc_api_20261005,2544,LeBron James,LAL,3,4,1,68,77,0.18898029344956724,0.1514514896867838,0.23758594346829642,0.03752880376278345,0.22019495126218444,False,0.3979774287197432,0.3706739981671249,LeBron James,LAL,1,68,77,0.26541794671924435,0.1545072574484339,0.24350649350649348,0.11091068927081044,0.02324418895276181,False,0.4009622594351412,0.10720789190457487
2026_lal_okc_api_20261005,203935,Marcus Smart,LAL,1,2,1,56,62,0.16848248070295016,0.18001152073732718,0.2805299539170507,-0.01152904003437702,0.5793551612096975,False,0.7268273840630751,0.6885529926418918,Marcus Smart,LAL,1,56,62,0.2198062216088782,0.18433179723502302,0.2816820276497696,0.03547442437385517,0.2704323919020245,False,0.5873388795658228,0.4812418942508468
2026_lal_okc_api_20261005,203935,Marcus Smart,LAL,2,3,1,62,58,0.36227216466572126,0.18631813125695218,0.2814516129032257,0.17595403340876908,0.0017495626093476631,False,0.03794051487128218,0.016321262150215874,Marcus Smart,LAL,1,62,58,0.3653001792114695,0.19243604004449388,0.29313125695216896,0.17286413916697563,0.001999500124968758,False,0.1379655086228443,0.022977306520827422
2026_lal_okc_api_20261005,203935,Marcus Smart,LAL,3,4,1,58,69,0.2445396616128323,0.17453773113443277,0.2658670664667666,0.07000193047839953,0.0997250687328168,False,0.2993851537115721,0.22072062629503914,Marcus Smart,LAL,1,58,69,0.26335061863173215,0.17841079460269865,0.2736131934032983,0.0849398240290335,0.06773306673331667,False,0.41592543040710406,0.22053816689368325
2026_lal_okc_api_20261005,1627936,Alex Caruso,OKC,1,2,1,37,36,0.32924789695714035,0.234984984984985,0.36786786786786785,0.09426291197215536,0.10022494376405898,False,0.2993851537115721,0.22072062629503914,Alex Caruso,OKC,1,37,36,0.2606031543052003,0.234984984984985,0.36715465465465447,0.025618169320215323,0.36815796050987254,False,0.622527295005517,0.5642212471712771
2026_lal_okc_api_20261005,1627936,Alex Caruso,OKC,2,3,1,36,36,0.29838178810411053,0.22222222222222224,0.3611111111111111,0.0761595658818883,0.18820294926268433,False,0.37102867140357765,0.33951670393747213,Alex Caruso,OKC,1,36,36,0.16040827289820034,0.22222222222222224,0.3611111111111111,-0.0618139493240219,0.8762809297675581,False,0.916111881120629,0.9185284822534706
2026_lal_okc_api_20261005,1627936,Alex Caruso,OKC,3,4,1,36,37,0.22387984981226536,0.2304804804804805,0.3445945945945946,-0.006600630668215146,0.5358660334916271,False,0.6976369115268353,0.6551611648254902,Alex Caruso,OKC,1,36,37,0.21992528019925275,0.23423423423423423,0.36268768768768733,-0.014308954034981475,0.5768557860534866,False,0.7510009290130298,0.731043407372456
2026_lal_okc_api_20261005,1628379,Luke Kennard,LAL,1,2,1,49,51,0.2897462311788891,0.20208083233293317,0.3157262905162065,0.08766539884595592,0.09122719320169957,False,0.2993851537115721,0.21246984172324265,Luke Kennard,LAL,1,49,51,0.31793191449140656,0.21388555422168867,0.32052821128451386,0.10404636026971789,0.059485128717820544,False,0.41592543040710406,0.20250187453136714
2026_lal_okc_api_20261005,1628379,Luke Kennard,LAL,2,3,1,51,54,0.33231943083982063,0.20043572984749455,0.303921568627451,0.13188370099232608,0.018245438640339916,False,0.13988169624260602,0.07914104276478652,Luke Kennard,LAL,1,51,54,0.27355526732958635,0.2091503267973856,0.31154684095860563,0.06440494053220075,0.14096475881029744,False,0.4421167435413874,0.3159853600956196
2026_lal_okc_api_20261005,1628379,Luke Kennard,LAL,3,4,1,54,49,0.1780183176598135,0.201058201058201,0.3050075585789871,-0.0230398833983875,0.6600849787553111,False,0.7981879530117469,0.7554922193821292,Luke Kennard,LAL,1,54,49,0.14629629629629629,0.21560846560846558,0.32010582010582006,-0.0693121693121693,0.8920269932516871,False,0.918654664692036,0.9290235044925406
2026_lal_okc_api_20261005,1628392,Isaiah Hartenstein,OKC,1,2,1,44,49,0.37390498628496205,0.20732838589981445,0.3167903525046382,0.1665766003851476,0.007248187953011747,False,0.07144642410825865,0.04218817090599145,Isaiah Hartenstein,OKC,1,44,49,0.30237487443669303,0.2054730983302412,0.3140074211502782,0.09690177610645184,0.06798300424893776,False,0.41592543040710406,0.22053816689368325
2026_lal_okc_api_20261005,1628392,Isaiah Hartenstein,OKC,2,3,1,49,58,0.2655314653089209,0.19704433497536944,0.30513722730471465,0.06848713033355147,0.1334666333416646,False,0.34108139631758727,0.26953672139149965,Isaiah Hartenstein,OKC,1,49,58,0.24395168394421385,0.19809992962702322,0.3022519352568614,0.04585175431719063,0.23019245188702825,False,0.5873388795658228,0.44591566394115756
2026_lal_okc_api_20261005,1628392,Isaiah Hartenstein,OKC,3,4,1,58,53,0.2873677940002922,0.19486011711125573,0.29245283018867924,0.0925076768890365,0.05798550362409398,False,0.2793801549612597,0.16183659003281967,Isaiah Hartenstein,OKC,1,58,53,0.28890778644458776,0.1948601171112557,0.2973324658425504,0.09404766933333206,0.06373406648337916,False,0.41592543040710406,0.21286550283611366
2026_lal_okc_api_20261005,1628467,Maxi Kleber,LAL,3,4,1,15,1,0.9414893617021275,0.8,1.0,0.14148936170212745,0.19645088727818044,True,0.37653086728317914,0.34613245913327867,Maxi Kleber,LAL,1,15,1,1.0000000000000002,0.8666666666666667,1.0,0.13333333333333353,0.2181954511372157,True,0.5790571587872263,0.4292926768307923
2026_lal_okc_api_20261005,1628983,Shai Gilgeous-Alexander,OKC,1,2,1,74,56,0.15264918930420063,0.16554054054054052,0.25629826254826243,-0.012891351236339887,0.5986003499125219,False,0.7375611454279287,0.7052713465232309,Shai Gilgeous-Alexander,OKC,1,74,56,0.1632569954817817,0.16505791505791506,0.25868725868725867,-0.0018009195761333474,0.5178705323669083,False,0.7146613346663334,0.6775040343960252
2026_lal_okc_api_20261005,1628983,Shai Gilgeous-Alexander,OKC,2,3,1,56,70,0.22096260031160975,0.16785714285714282,0.2571428571428571,0.05310545745446693,0.15471132216945763,False,0.3525221635767529,0.30016641138860584,Shai Gilgeous-Alexander,OKC,1,56,70,0.15433343225846075,0.16428571428571426,0.2571428571428572,-0.009952282027253512,0.5616095976005998,False,0.7452127352777189,0.7184364286286918
2026_lal_okc_api_20261005,1628983,Shai Gilgeous-Alexander,OKC,3,4,1,70,82,0.11038846871551049,0.14425087108013934,0.23414634146341462,-0.033862402364628855,0.7948012996750812,False,0.881446305090394,0.853990366761622,Shai Gilgeous-Alexander,OKC,1,70,82,0.06391435348419772,0.1414634146341463,0.22926829268292684,-0.07754906114994858,0.9817545613596601,False,0.9832541864533867,0.9883773501069176
2026_lal_okc_api_20261005,1629020,Jarred Vanderbilt,LAL,1,4,3,11,4,0.6106442577030813,0.4090909090909091,0.7272727272727273,0.20155334861217217,0.1709572606848288,True,0.3525221635767529,0.31722587064405566,Jarred Vanderbilt,LAL,3,11,4,0.6263761467889907,0.4772727272727273,0.8181818181818181,0.14910341951626338,0.24243939015246188,True,0.5873388795658228,0.45659418478713654
2026_lal_okc_api_20261005,1629026,Kenrich Williams,OKC,1,2,1,1,4,0.2570175438596491,0.75,1.0,-0.4929824561403509,0.8822794301424643,True,0.9223830406034854,0.9089747230363362,Kenrich Williams,OKC,1,1,4,0.9500000000000001,0.75,1.0,0.20000000000000007,0.36365908522869284,True,0.622527295005517,0.5642124937873083
2026_lal_okc_api_20261005,1629026,Kenrich Williams,OKC,2,3,1,4,6,0.39333706606942886,0.5,0.8333333333333333,-0.10666293393057114,0.6930767308172957,True,0.7981879530117469,0.781662257702901,Kenrich Williams,OKC,1,4,6,0.3790983606557377,0.5,0.8333333333333333,-0.12090163934426229,0.7463134216445888,True,0.8553305222081576,0.8447420699082324
2026_lal_okc_api_20261005,1629028,Deandre Ayton,LAL,1,2,1,48,48,0.0714073200133371,0.16666666666666669,0.27083333333333337,-0.09525934665332958,0.9870032491877031,False,0.9940014996250939,0.990411822670253,Deandre Ayton,LAL,1,48,48,0.12678165049706552,0.1875,0.2916666666666667,-0.06071834950293448,0.8267933016745813,False,0.9055355208816843,0.895472617468636
2026_lal_okc_api_20261005,1629028,Deandre Ayton,LAL,2,3,1,48,41,0.15129156979358005,0.17632113821138212,0.2876016260162601,-0.025029568417802073,0.6830792301924519,False,0.7981879530117469,0.7752949262684329,Deandre Ayton,LAL,1,48,41,0.2186030456446481,0.19918699186991867,0.3079268292682927,0.019416053774729436,0.36665833541614595,False,0.622527295005517,0.5642212471712771
2026_lal_okc_api_20261005,1629028,Deandre Ayton,LAL,3,4,1,41,37,0.14539197331493992,0.17666446934739619,0.2940013183915623,-0.03127249603245627,0.69407648087978,False,0.7981879530117469,0.781662257702901,Deandre Ayton,LAL,1,41,37,0.17241424810814732,0.1990771259063942,0.3211272247857609,-0.026662877798246887,0.672831792051987,False,0.8004378215790879,0.7906065078184527
2026_lal_okc_api_20261005,1629060,Rui Hachimura,LAL,1,2,1,64,61,0.1641154682513575,0.16572745901639346,0.25665983606557374,-0.0016119907650359588,0.514371407148213,False,0.6825312902543594,0.6410006273568719,Rui Hachimura,LAL,1,64,61,0.20388658314262442,0.1761014344262295,0.2674180327868852,0.027785148716394925,0.2979255186203449,False,0.5873388795658228,0.4975209399620538
2026_lal_okc_api_20261005,1629060,Rui Hachimura,LAL,2,3,1,61,67,0.15413554417113137,0.1592855395155371,0.25250795204306337,-0.005149995344405717,0.5523619095226193,False,0.7057957732789025,0.6669476247959287,Rui Hachimura,LAL,1,61,67,0.18662766830870278,0.16760459995106436,0.2603376559823831,0.019023068357638423,0.3676580854786303,False,0.622527295005517,0.5642212471712771
2026_lal_okc_api_20261005,1629060,Rui Hachimura,LAL,3,4,1,67,79,0.23672464400941218,0.1624787455129416,0.24749669374645758,0.07424589849647056,0.07873031742064483,False,0.2993851537115721,0.19691883598443455,Rui Hachimura,LAL,1,67,79,0.16900833937635967,0.1660683922161345,0.25656527489136594,0.0029399471602251648,0.47813046738315423,False,0.6887496875781055,0.6419966154706382
2026_lal_okc_api_20261005,1629637,Jaxson Hayes,LAL,1,2,1,34,29,0.2895496937639198,0.21602434077079108,0.35192697768762676,0.07352535299312873,0.16920769807548114,False,0.3525221635767529,0.315699842162747,Jaxson Hayes,LAL,1,34,29,0.35385395537525355,0.2494929006085193,0.3904665314401623,0.10436105476673424,0.0994751312171957,False,0.41592543040710406,0.2655281061624358
2026_lal_okc_api_20261005,1629637,Jaxson Hayes,LAL,2,3,1,29,14,0.17925768608414241,0.2684729064039409,0.4458128078817734,-0.08921522031979848,0.8822794301424643,True,0.9223830406034854,0.9089747230363362,Jaxson Hayes,LAL,1,29,14,0.13448275862068962,0.30295566502463056,0.4754926108374378,-0.16847290640394094,0.9832541864533867,True,0.9832541864533867,0.9883773501069176
2026_lal_okc_api_20261005,1629637,Jaxson Hayes,LAL,3,4,1,14,53,0.43123747881029434,0.28436657681940697,0.44204851752021557,0.14687090199088737,0.06073481629592602,True,0.2793801549612597,0.16813174755091717,Jaxson Hayes,LAL,1,14,53,0.41864285248680005,0.29245283018867924,0.4502695417789751,0.12619002229812082,0.09222694326418396,True,0.41592543040710406,0.25315735843367093
2026_lal_okc_api_20261005,1629652,Luguentz Dort,OKC,1,2,1,51,41,0.39628347630411564,0.18938307030129123,0.3012912482065997,0.20690040600282442,0.002749312671832042,False,0.03794051487128218,0.020132063758253986,Luguentz Dort,OKC,1,51,41,0.29630089255882774,0.1836441893830703,0.29555236728837875,0.11265670317575743,0.048987753061734564,False,0.41592543040710406,0.18123811293166014
2026_lal_okc_api_20261005,1629652,Luguentz Dort,OKC,2,3,1,41,37,0.2547064699554326,0.1852340145023072,0.30982201713909036,0.06947245545312541,0.17370657335666084,False,0.3525221635767529,0.31885222764389765,Luguentz Dort,OKC,1,41,37,0.1661021382331786,0.17402768622280818,0.2933421226104153,-0.007925547989629578,0.556610847288178,False,0.7452127352777189,0.7133878156169843
2026_lal_okc_api_20261005,1629652,Luguentz Dort,OKC,3,4,1,37,58,0.34880604288499023,0.16775396085740915,0.2791239515377446,0.18105208202758108,0.006248437890527368,False,0.07144642410825865,0.03668263968490636,Luguentz Dort,OKC,1,37,58,0.22443774203157585,0.1705498602050326,0.2819198508853681,0.05388788182654325,0.20069982504373907,False,0.5539315171207199,0.40740862688519486
2026_lal_okc_api_20261005,1630198,Isaiah Joe,OKC,1,2,1,21,15,0.2617508813160987,0.34285714285714286,0.5147619047619022,-0.08110626154104417,0.804798800299925,True,0.881446305090394,0.8625269114432538,Isaiah Joe,OKC,1,21,15,0.28566401126147745,0.3142857142857143,0.48571428571428577,-0.028621703024236833,0.6250937265683579,True,0.7705127289606171,0.751742915334996
2026_lal_okc_api_20261005,1630198,Isaiah Joe,OKC,2,3,1,15,39,0.4798661046367469,0.3589743589743589,0.5128205128205128,0.12089174566238797,0.09722569357660585,True,0.2993851537115721,0.21835823938752155,Isaiah Joe,OKC,1,15,39,0.46473680617191226,0.34358974358974353,0.49230769230769234,0.12114706258216873,0.09072731817045739,True,0.41592543040710406,0.25143104467785493
2026_lal_okc_api_20261005,1630198,Isaiah Joe,OKC,3,4,1,39,15,0.37128371387183556,0.34871794871794864,0.5025641025641027,0.02256576515388692,0.3871532116970757,True,0.5683738639808132,0.5297621377788083,Isaiah Joe,OKC,1,39,15,0.3890195807098872,0.3435897435897436,0.5076923076923077,0.04542983712014359,0.3181704573856536,True,0.6098267099891693,0.5172704437255842
2026_lal_okc_api_20261005,1630559,Austin Reaves,LAL,1,2,1,61,68,0.238578498629241,0.1627290260366442,0.2582208293153326,0.0758494725925968,0.08647838040489877,False,0.2993851537115721,0.20736541216808474,Austin Reaves,LAL,1,61,68,0.22626345911339607,0.16706846673095468,0.2569913211186114,0.059194992382441386,0.13146713321669581,False,0.4377120005712857,0.30525587781136904
2026_lal_okc_api_20261005,1630559,Austin Reaves,LAL,2,3,1,68,68,0.32058045988809586,0.14705882352941174,0.24999999999999994,0.17352163635868412,0.0024993751562109472,False,0.03794051487128218,0.019791563736972734,Austin Reaves,LAL,1,68,68,0.28387660472680715,0.16176470588235292,0.25,0.12211189884445423,0.015496125968507872,False,0.4009622594351412,0.08541766997275071
2026_lal_okc_api_20261005,1630559,Austin Reaves,LAL,3,4,1,68,86,0.15778668258163525,0.14534883720930236,0.23153214774281805,0.01243784537233289,0.3979005248687828,False,0.5719820044988753,0.5408587972767287,Austin Reaves,LAL,1,68,86,0.14481825212683683,0.15526675786593708,0.243861149110807,-0.01044850573910025,0.5986003499125219,False,0.7648782248882223,0.7385271863852219
2026_lal_okc_api_20261005,1630598,Aaron Wiggins,OKC,1,2,1,6,4,0.6933760683760685,0.5833333333333334,0.8333333333333334,0.1100427350427351,0.2564358910272432,True,0.43156284099706776,0.41073534433293085,Aaron Wiggins,OKC,1,6,4,0.8387096774193549,0.6666666666666666,0.9999999999999999,0.17204301075268824,0.05723569107723069,True,0.41592543040710406,0.19798876811409394
2026_lal_okc_api_20261005,1630598,Aaron Wiggins,OKC,2,3,1,4,6,0.3473684210526316,0.5,0.8333333333333333,-0.1526315789473684,0.7450637340664834,True,0.8427770106653665,0.8157369821531756,Aaron Wiggins,OKC,1,4,6,0.49453322119428095,0.5,0.8333333333333334,-0.0054667788057190525,0.6455886028492877,True,0.7815019929228219,0.7704238563826643
2026_lal_okc_api_20261005,1630598,Aaron Wiggins,OKC,3,4,1,6,1,1.0,0.8333333333333334,1.0,0.16666666666666663,0.33491627093226695,True,0.5135382820961426,0.4815362615042442,Aaron Wiggins,OKC,1,6,1,1.0,0.8333333333333334,1.0,0.16666666666666663,0.2826793301674581,True,0.5873388795658228,0.48983174053814793
2026_lal_okc_api_20261005,1631096,Chet Holmgren,OKC,1,2,1,60,61,0.3618121009425357,0.1879781420765027,0.2855191256830601,0.17383395886603298,0.002749312671832042,False,0.03794051487128218,0.020132063758253986,Chet Holmgren,OKC,1,60,61,0.2875341393597399,0.1762295081967213,0.27568306010928956,0.11130463116301861,0.04348912771807048,False,0.41592543040710406,0.16945763559110222
2026_lal_okc_api_20261005,1631096,Chet Holmgren,OKC,2,3,1,61,54,0.3025784588183292,0.1863995142683667,0.2853673345476624,0.11617894454996247,0.02799300174956261,False,0.17559246551998364,0.10249050640565666,Chet Holmgren,OKC,1,61,54,0.2110366799108441,0.17972070431086823,0.27625986642380085,0.03131597559997587,0.29517620594851285,False,0.5873388795658228,0.49536996938884087
2026_lal_okc_api_20261005,1631096,Chet Holmgren,OKC,3,4,1,54,67,0.2475115774783309,0.17302377003869537,0.27200110558319496,0.07448780743963554,0.10497375656085979,False,0.2993851537115721,0.22839338088800482,Chet Holmgren,OKC,1,54,67,0.24770910616498854,0.17689331122166943,0.27252625760088445,0.0708157949433191,0.11072231942014496,False,0.4244355577772223,0.2790696377950122
2026_lal_okc_api_20261005,1631119,Jaylin Williams,OKC,1,2,1,36,25,0.33679726503147384,0.28222222222222226,0.41788888888888837,0.05457504280925157,0.24443889027743065,True,0.42165708572856786,0.3953987750093356,Jaylin Williams,OKC,1,36,25,0.2197486656307006,0.2733333333333333,0.40777777777777785,-0.053584667702632705,0.765308672831792,True,0.8553305222081576,0.8604963187063931
2026_lal_okc_api_20261005,1631119,Jaylin Williams,OKC,2,3,1,25,21,0.19040590405904054,0.3142857142857143,0.4666666666666667,-0.12387981022667374,0.939265183704074,True,0.9673029503818076,0.953770499252981,Jaylin Williams,OKC,1,25,21,0.3101156973108192,0.3142857142857142,0.4647619047619047,-0.004170016974894997,0.5028742814296426,True,0.7081290901764355,0.669208431747249
2026_lal_okc_api_20261005,1631119,Jaylin Williams,OKC,3,4,1,21,15,0.4265306122448979,0.35238095238095235,0.5238095238095237,0.07414965986394556,0.22494376405898525,True,0.3979774287197432,0.3754576061866886,Jaylin Williams,OKC,1,21,15,0.33115766683647485,0.3142857142857143,0.4952380952380952,0.01687195255076057,0.4491377155711072,True,0.6886778305423644,0.6280719347883768
2026_lal_okc_api_20261005,1631222,Jake LaRavia,LAL,1,2,1,28,18,0.45407668840102894,0.2857142857142857,0.4484126984126984,0.16836240268674324,0.04173956510872282,True,0.24000249937515625,0.13344903210817016,Jake LaRavia,LAL,1,28,18,0.4032508833922261,0.28174603174603174,0.44047619047619035,0.12150485164619435,0.10247438140464883,True,0.41592543040710406,0.27139699450137467
2026_lal_okc_api_20261005,1641717,Cason Wallace,OKC,1,2,1,41,54,0.28543246139800743,0.21906052393857278,0.32610659439927736,0.06637193745943465,0.1507123219195201,False,0.3525221635767529,0.294083355951843,Cason Wallace,OKC,1,41,54,0.27708060354725844,0.21589882565492322,0.32339656729900634,0.061181777892335226,0.1702074481379655,False,0.5106223444138965,0.3651090381978638
2026_lal_okc_api_20261005,1641717,Cason Wallace,OKC,2,3,1,54,48,0.2759407312653235,0.19907407407407407,0.30092592592592593,0.07686665719124941,0.10847288177955511,False,0.2993851537115721,0.23356542567828076,Cason Wallace,OKC,1,54,48,0.224081673200217,0.2013888888888889,0.3101851851851852,0.022692784311328096,0.3699075231192202,False,0.622527295005517,0.5648587853036741
2026_lal_okc_api_20261005,1641717,Cason Wallace,OKC,3,4,1,48,34,0.4342883764267412,0.21200980392156865,0.3297181372549017,0.22227857250517252,0.0017495626093476631,False,0.03794051487128218,0.016321262150215874,Cason Wallace,OKC,1,48,34,0.29070195683665206,0.21078431372549017,0.3333333333333333,0.0799176431111619,0.13321669582604348,False,0.4377120005712857,0.3061726093900254
2026_lal_okc_api_20261005,1641733,Nick Smith Jr.,LAL,1,2,1,3,4,0.7559183673469387,0.6666666666666666,1.0,0.0892517006802721,0.1232191952011997,True,0.3270047872647223,0.2579217158900459,Nick Smith Jr.,LAL,1,3,4,0.675,0.6666666666666666,1.0,0.008333333333333415,0.43739065233691576,True,0.6859080684374361,0.6203992934820688
2026_lal_okc_api_20261005,1641733,Nick Smith Jr.,LAL,2,3,1,4,9,0.2796153846153846,0.4444444444444444,0.7777777777777777,-0.16482905982905982,0.8580354911272182,True,0.9223830406034854,0.8948272120331326,Nick Smith Jr.,LAL,1,4,9,0.4396551724137931,0.5,0.7777777777777778,-0.060344827586206906,0.625343664083979,True,0.7705127289606171,0.751742915334996
2026_lal_okc_api_20261005,1642260,Nikola Topić,OKC,2,3,1,2,5,0.8933333333333333,0.6,1.0,0.29333333333333333,0.10672331917020744,True,0.2993851537115721,0.23146044699016324,Nikola Topić,OKC,1,2,5,0.826923076923077,0.6000000000000001,1.0,0.2269230769230769,0.12096975756060985,True,0.4377120005712857,0.29291962723604814
2026_lal_okc_api_20261005,1642261,Dalton Knecht,LAL,1,2,1,3,3,0.7051338306274681,0.3333333333333333,0.9999999999999999,0.37180049729413484,0.056485878530367406,True,0.2793801549612597,0.1596136235650631,Dalton Knecht,LAL,1,3,3,0.5524193548387097,0.33333333333333337,0.9999999999999999,0.21908602150537637,0.3911522119470133,True,0.6426072053415218,0.5847586243482893
2026_lal_okc_api_20261005,1642261,Dalton Knecht,LAL,2,3,1,3,8,0.574374725756911,0.5416666666666666,0.875,0.032708059090244324,0.419645088727818,True,0.5791102224443889,0.5538339252396204,Dalton Knecht,LAL,1,3,8,0.327134724857685,0.5416666666666666,0.875,-0.2145319418089816,0.8677830542364409,True,0.916111881120629,0.9185284822534706
2026_lal_okc_api_20261005,1642272,Jared McCain,OKC,1,2,1,26,34,0.3335171568627451,0.3167420814479638,0.44796380090497734,0.016775075414781293,0.40639840039990005,True,0.5722752985223083,0.5447978556541967,Jared McCain,OKC,1,26,34,0.34173998044965787,0.3009049773755656,0.4343891402714932,0.04083500307409227,0.2834291427143214,True,0.5873388795658228,0.48983174053814793
2026_lal_okc_api_20261005,1642272,Jared McCain,OKC,2,3,1,34,14,0.4821490543119903,0.3949579831932773,0.5504201680672268,0.08719107111871299,0.17320669832541866,True,0.3525221635767529,0.3187939501611084,Jared McCain,OKC,1,34,14,0.3927446508091671,0.37815126050420167,0.5336134453781513,0.014593390304965426,0.4296425893526618,True,0.6859080684374361,0.6158513225816168
2026_lal_okc_api_20261005,1642272,Jared McCain,OKC,3,4,1,14,27,0.5897483740270818,0.3783068783068783,0.5343915343915343,0.2114414957202035,0.02224443889027743,True,0.15348662834291427,0.08958286744103448,Jared McCain,OKC,1,14,27,0.5110300081103,0.37566137566137564,0.5291005291005291,0.13536863244892433,0.08672831792051987,True,0.41592543040710406,0.24810885886123404
2026_lal_okc_api_20261005,1642349,Ajay Mitchell,OKC,1,2,1,47,52,0.2583704935379034,0.21031096563011453,0.32037643207855976,0.04805952790778889,0.22394401399650088,False,0.3979774287197432,0.3751255060927643,Ajay Mitchell,OKC,1,47,52,0.14715966163322564,0.20703764320785595,0.31546644844517185,-0.05987798157463031,0.862784303924019,False,0.916111881120629,0.9183167316491128
2026_lal_okc_api_20261005,1642349,Ajay Mitchell,OKC,2,3,1,52,53,0.22630976950046,0.2006531204644412,0.30914368650217705,0.025656649036018803,0.31442139465133717,False,0.49306991433959696,0.4664944874892388,Ajay Mitchell,OKC,1,52,53,0.1592104198689426,0.1950290275761974,0.29608127721335264,-0.035818607707254785,0.7410647338165459,False,0.8553305222081576,0.8402038286415019
2026_lal_okc_api_20261005,1642349,Ajay Mitchell,OKC,3,4,1,53,62,0.21142829988163023,0.189592209373098,0.29254412659768664,0.02183609050853222,0.34391402149462635,False,0.5158710322419395,0.4899695578197501,Ajay Mitchell,OKC,1,53,62,0.23669818774381512,0.18411442483262325,0.281208155812538,0.05258376291119188,0.18145463634091477,False,0.5216820794801299,0.38206907900354103
2026_lal_okc_api_20261005,1642355,Bronny James,LAL,1,2,1,3,4,0.7799999999999999,0.5,1.0,0.2799999999999999,0.08822794301424644,True,0.2993851537115721,0.2108183480445678,Bronny James,LAL,1,3,4,0.6555555555555557,0.5,1.0,0.15555555555555567,0.4791302174456386,True,0.6887496875781055,0.6419966154706382
2026_lal_okc_api_20261005,1642355,Bronny James,LAL,2,3,1,4,9,0.6101886792452831,0.5277777777777778,0.7777777777777778,0.0824109014675053,0.30192451887028243,True,0.4844835302802207,0.45513621594601356,Bronny James,LAL,1,4,9,0.6170212765957447,0.5,0.7777777777777778,0.11702127659574468,0.2654336415896026,True,0.5873388795658228,0.4796816668848661
2026_lal_okc_api_20261005,1642876,Adou Thiero,LAL,1,2,1,3,13,0.9591836734693878,0.6923076923076923,0.923076923076923,0.26687598116169553,0.01699575106223444,True,0.13988169624260602,0.07664971174424937,Adou Thiero,LAL,1,3,13,0.9847328244274811,0.6923076923076923,0.923076923076923,0.2924251321197888,0.02274431392151962,True,0.4009622594351412,0.10634927475027794
2026_lal_okc_api_20261005,1642876,Adou Thiero,LAL,2,3,1,13,23,0.5012587412587413,0.4013377926421404,0.5852842809364548,0.09992094861660084,0.17270682329417644,True,0.3525221635767529,0.3187939501611084,Adou Thiero,LAL,1,13,23,0.4195139837994599,0.40802675585284276,0.5852842809364549,0.011487227946617162,0.4636340914771307,True,0.6887496875781055,0.6376144300638835
2026_lal_okc_api_20261005,1642876,Adou Thiero,LAL,3,4,1,23,4,0.5702834008097167,0.5652173913043478,0.782608695652174,0.005066009505368951,0.44813796550862284,True,0.6063043062763721,0.5779961259685079,Adou Thiero,LAL,1,23,4,0.6579723828632125,0.608695652173913,0.826086956521739,0.0492767306892995,0.2961759560109973,True,0.5873388795658228,0.4958204893221139
2026_min_sas_api_20261005,201144,Mike Conley,MIN,1,2,1,44,30,0.300532378538574,0.2181818181818182,0.3454545454545455,0.08235056035675581,0.13371657085728567,False,0.2493444435501294,0.26953672139149965,Mike Conley,MIN,1,44,30,0.2644643749905313,0.2181818181818182,0.346969696969697,0.04628255680871313,0.25868532866783306,False,0.397136631335124,0.47920396949942845
2026_min_sas_api_20261005,201144,Mike Conley,MIN,2,3,1,30,8,0.15843066786463011,0.30833333333333335,0.5166666666666666,-0.14990266546870323,0.9507623094226444,True,0.9507623094226444,0.9634957332095547,Mike Conley,MIN,1,30,8,0.20861297539149892,0.30833333333333335,0.5166666666666666,-0.09972035794183443,0.8387903024243939,True,0.8791167592717206,0.9041332671601575
2026_min_sas_api_20261005,201144,Mike Conley,MIN,3,4,1,8,24,0.353696819496076,0.375,0.5833333333333334,-0.02130318050392399,0.5633591602099475,True,0.6602811662675728,0.6766271395114184,Mike Conley,MIN,1,8,24,0.41453900709219854,0.375,0.5833333333333334,0.03953900709219854,0.3929017745563609,True,0.5287196719338684,0.5847586243482893
2026_min_sas_api_20261005,201144,Mike Conley,MIN,4,5,1,24,32,0.2569675106134928,0.28125,0.4166666666666667,-0.024282489386507178,0.6205948512871782,True,0.7189334245386023,0.7249143974726729,Mike Conley,MIN,1,24,32,0.2199165095610019,0.2708333333333333,0.4166666666666667,-0.05091682377233142,0.7343164208947763,True,0.8164783804048987,0.8350826866147784
2026_min_sas_api_20261005,201144,Mike Conley,MIN,5,6,1,32,42,0.16975606810771643,0.23214285714285715,0.3630952380952381,-0.06238678903514072,0.8452886778305424,False,0.8906427239344009,0.8869670101734968,Mike Conley,MIN,1,32,42,0.1801386377335744,0.23660714285714288,0.3630952380952381,-0.05646850512356846,0.8215446138465383,False,0.8694015816434241,0.894888637391214
2026_min_sas_api_20261005,202687,Bismack Biyombo,SAS,2,5,3,7,4,0.38636363636363635,0.2857142857142857,0.6071428571428572,0.10064935064935066,0.34266433391652085,True,0.4446477666297711,0.4899695578197501,Bismack Biyombo,SAS,3,7,4,0.41666666666666663,0.2857142857142857,0.6071428571428572,0.13095238095238093,0.34866283429142714,True,0.48084228942764307,0.551033570278759
2026_min_sas_api_20261005,202687,Bismack Biyombo,SAS,5,6,1,4,13,0.3114754098360656,0.25,0.5384615384615385,0.061475409836065587,0.32991752061984503,True,0.43326517768148326,0.4800722896199027,Bismack Biyombo,SAS,1,4,13,0.29457364341085274,0.25,0.5384615384615384,0.04457364341085274,0.445888527868033,True,0.5749580046848752,0.6280719347883768
2026_min_sas_api_20261005,203084,Harrison Barnes,SAS,1,2,1,15,32,0.630389363722697,0.36249999999999993,0.5229166666666667,0.2678893637226971,0.0022494376405898524,True,0.01664861562387181,0.01914833791552112,Harrison Barnes,SAS,1,15,32,0.6053391053391054,0.3625,0.5229166666666667,0.2428391053391054,0.006748312921769558,True,0.040216136442079956,0.04816164379957642
2026_min_sas_api_20261005,203084,Harrison Barnes,SAS,2,3,1,32,11,0.6156075808249721,0.41761363636363635,0.5965909090909091,0.19799394446133578,0.03449137715571107,True,0.10443222527701408,0.12045450175917559,Harrison Barnes,SAS,1,32,11,0.6088741646845622,0.4147727272727273,0.5965909090909091,0.19410143741183494,0.03224193951512122,True,0.10041061163280608,0.13923589166402667
2026_min_sas_api_20261005,203084,Harrison Barnes,SAS,3,4,1,11,17,0.52899748472871,0.34224598930481287,0.5508021390374331,0.18675149542389713,0.06098475381154711,True,0.1414327269246518,0.16814015119701853,Harrison Barnes,SAS,1,11,17,0.5283643667553335,0.33689839572192515,0.5240641711229946,0.19146597103340834,0.048987753061734564,True,0.13349162709322668,0.18123811293166014
2026_min_sas_api_20261005,203084,Harrison Barnes,SAS,4,5,1,17,5,0.6974584555229717,0.411764705882353,0.6488235294117553,0.2856937496406187,0.036740814796300925,True,0.10478149693345895,0.12573113003156244,Harrison Barnes,SAS,1,17,5,0.6201415477433577,0.4235294117647058,0.6470588235294118,0.1966121359786519,0.09597600599850037,True,0.20922769307673078,0.25889360993085064
2026_min_sas_api_20261005,203084,Harrison Barnes,SAS,5,6,1,5,14,0.4668458781362007,0.44285714285714284,0.7142857142857143,0.02398873527905787,0.4061484628842789,True,0.5030702551634818,0.5447978556541967,Harrison Barnes,SAS,1,5,14,0.5833333333333334,0.4571428571428571,0.7142857142857143,0.1261904761904763,0.195201199700075,True,0.32237773889860866,0.4022066772463511
2026_min_sas_api_20261005,203482,Kelly Olynyk,SAS,2,5,3,20,5,0.6165950316893714,0.4,0.65,0.21659503168937133,0.06723319170207448,True,0.14583118926150818,0.1788171634134268,Kelly Olynyk,SAS,3,20,5,0.6960784313725491,0.44999999999999996,0.6500000000000001,0.24607843137254914,0.047488127968008,True,0.132723229449048,0.17987123330899119
2026_min_sas_api_20261005,203482,Kelly Olynyk,SAS,5,6,1,5,15,0.5782251512142277,0.3333333333333333,0.6,0.24489181788089437,0.071232191952012,True,0.14803846208259255,0.1842847558786995,Kelly Olynyk,SAS,1,5,15,0.6633545310015897,0.3333333333333333,0.6,0.3300211976682564,0.02799300174956261,True,0.09411283542750676,0.1256904316967116
2026_min_sas_api_20261005,203486,Mason Plumlee,SAS,2,6,4,7,10,0.7721139430284858,0.37142857142857144,0.6142857142857143,0.40068537159991435,0.007748062984253936,True,0.03838813024016723,0.04360686687832174,Mason Plumlee,SAS,4,7,10,0.6675631256536679,0.3714285714285714,0.6164285714285599,0.29613455422509655,0.029742564358910272,True,0.09535116220944764,0.13180038323752394
2026_min_sas_api_20261005,203497,Rudy Gobert,MIN,1,2,1,55,63,0.25080833884135123,0.1492063492063492,0.2467532467532467,0.10160198963500203,0.043989002749312674,False,0.11277413204838325,0.13834212679706784,Rudy Gobert,MIN,1,55,63,0.1472597593258349,0.15930735930735931,0.2571428571428571,-0.01204759998152441,0.5878530367408148,False,0.7155877697242357,0.737950622638458
2026_min_sas_api_20261005,203497,Rudy Gobert,MIN,2,3,1,63,66,0.09093876097792547,0.1486291486291486,0.2481962481962482,-0.05769038765122314,0.9075231192201949,False,0.9244861681775817,0.9307578978749288,Rudy Gobert,MIN,1,63,66,0.0848649374568337,0.15404040404040403,0.2532467532467532,-0.06917546658357034,0.9560109972506873,False,0.9648629509289344,0.9703225391256975
2026_min_sas_api_20261005,203497,Rudy Gobert,MIN,3,4,1,66,65,0.39576633701960073,0.14965034965034965,0.2515151515151515,0.24611598736925108,0.00024993751562109475,False,0.009081063067566442,0.005673581604598851,Rudy Gobert,MIN,1,66,65,0.35044040148228156,0.15897435897435896,0.25198135198135196,0.1914660425079226,0.0012496875781054736,False,0.015135105112610736,0.015986569395387003
2026_min_sas_api_20261005,203497,Rudy Gobert,MIN,4,5,1,65,44,0.3968656896833692,0.17027972027972027,0.2720454545454545,0.22658596940364895,0.000999750062484379,False,0.01210808409008859,0.011539488009353595,Rudy Gobert,MIN,1,65,44,0.41183813913152945,0.1770979020979021,0.2825174825174825,0.23474023703362734,0.0007498125468632841,False,0.015135105112610736,0.012709322669332664
2026_min_sas_api_20261005,203497,Rudy Gobert,MIN,5,6,1,44,51,0.10335851733270862,0.17691622103386806,0.28431372549019607,-0.07355770370115944,0.9332666833291677,False,0.9419080415081416,0.9500068928956102,Rudy Gobert,MIN,1,44,51,0.11372079511241792,0.18404634581105167,0.29188948306595364,-0.07032555069863375,0.9162709322669332,False,0.9333974917485581,0.9469995306051535
2026_min_sas_api_20261005,203937,Kyle Anderson,MIN,2,5,3,32,8,0.5332740213523132,0.46875,0.65625,0.06452402135231317,0.27918020494876283,True,0.39013644024891214,0.4301396370364423,Kyle Anderson,MIN,3,32,8,0.5310157036815994,0.5,0.6875,0.03101570368159945,0.42314421394651336,True,0.5563518758864501,0.6111291326104644
2026_min_sas_api_20261005,203937,Kyle Anderson,MIN,5,6,1,8,14,0.5810344827586207,0.4107142857142857,0.625,0.170320197044335,0.09847538115471133,True,0.18831257098006202,0.21987453956183087,Kyle Anderson,MIN,1,8,14,0.5419940632093592,0.3928571428571428,0.6071428571428572,0.14913692035221637,0.12946763309172707,True,0.243309862189625,0.3047883862367742
2026_min_sas_api_20261005,203944,Julius Randle,MIN,1,2,1,82,59,0.20995740911104294,0.17858619264158743,0.27015295576684584,0.03137121646945551,0.2741814546363409,False,0.3881269942254696,0.4293869714389585,Julius Randle,MIN,1,82,59,0.24937813400718598,0.17796610169491528,0.2701529557668458,0.0714120323122707,0.08922769307673081,False,0.20545905190369074,0.25143104467785493
2026_min_sas_api_20261005,203944,Julius Randle,MIN,2,3,1,59,65,0.4002469135802469,0.18252933507170796,0.2792698826597132,0.21771757850853893,0.0007498125468632841,False,0.011675652515442567,0.009634383856865972,Julius Randle,MIN,1,59,65,0.33854872457853713,0.18265971316818774,0.28109517601043027,0.1558890114103494,0.005248687828042989,False,0.03575668582854286,0.042874823462809
2026_min_sas_api_20261005,203944,Julius Randle,MIN,3,4,1,65,76,0.23691345151199164,0.16740890688259108,0.2536538461538461,0.06950454462940056,0.09547613096725818,False,0.18583746920412755,0.21818538653927122,Julius Randle,MIN,1,65,76,0.16001197522975963,0.17165991902834005,0.2625506072874494,-0.011647943798580418,0.590852286928268,False,0.7155877697242357,0.737950622638458
2026_min_sas_api_20261005,203944,Julius Randle,MIN,4,5,1,76,70,0.28352670132172475,0.17443609022556394,0.26165413533834586,0.1090906110961608,0.023994001499625092,False,0.08172956760809796,0.09390755759336028,Julius Randle,MIN,1,76,70,0.30161075948175564,0.17781954887218043,0.26468045112781946,0.12379121060957521,0.012246938265433641,False,0.051342933497394876,0.07283705389442113
2026_min_sas_api_20261005,203944,Julius Randle,MIN,5,6,1,70,51,0.18970204738389831,0.1801120448179272,0.2826330532212885,0.009590002565971117,0.43289177705573606,False,0.530170828079497,0.5636697900094766,Julius Randle,MIN,1,70,51,0.2108311694126074,0.1861344537815126,0.2862745098039215,0.024696715631094796,0.3346663334166458,False,0.4737484460053817,0.5364155415046947
2026_min_sas_api_20261005,1628368,De'Aaron Fox,SAS,1,2,1,61,53,0.38979293631276957,0.20878441076399634,0.3031240334055057,0.18100852554877322,0.0022494376405898524,False,0.01664861562387181,0.01914833791552112,De'Aaron Fox,SAS,1,61,53,0.357115182376709,0.2103309619548407,0.3096504794308691,0.14678422042186828,0.010997250687328168,False,0.04903774056485879,0.06869904145585226
2026_min_sas_api_20261005,1628368,De'Aaron Fox,SAS,2,3,1,53,78,0.3158746471798558,0.19206579583938074,0.28858248669569425,0.12380885134047506,0.01849537615596101,False,0.06719986669999166,0.07971741241904713,De'Aaron Fox,SAS,1,53,78,0.33185111274998913,0.1942428640541848,0.2929487179487179,0.13760824869580432,0.011247188202949263,False,0.04903774056485879,0.06869904145585226
2026_min_sas_api_20261005,1628368,De'Aaron Fox,SAS,3,4,1,78,74,0.2588899813062361,0.14414414414414412,0.22593555093555087,0.11474583716209197,0.012246938265433641,False,0.055621511288844454,0.060435977962031234,De'Aaron Fox,SAS,1,78,74,0.21607937489498727,0.15003465003465,0.23665973665973664,0.06604472486033727,0.10522369407648088,False,0.21441398909531875,0.27439101763020785
2026_min_sas_api_20261005,1628368,De'Aaron Fox,SAS,4,5,1,74,68,0.25363011174388606,0.14507154213036566,0.23449920508744038,0.1085585696135204,0.02699325168707823,False,0.08406469811118648,0.10045029726175013,De'Aaron Fox,SAS,1,74,68,0.23172646999127045,0.1573926868044515,0.25119236883942764,0.07433378318681894,0.09047738065483629,False,0.20545905190369074,0.25143104467785493
2026_min_sas_api_20261005,1628368,De'Aaron Fox,SAS,5,6,1,68,54,0.24951705105460278,0.16775599128540303,0.2636165577342048,0.08176105976919976,0.07898025493626594,False,0.15942310718616642,0.19691883598443455,De'Aaron Fox,SAS,1,68,54,0.23150015020175757,0.17647058823529413,0.2761710239651415,0.05502956196646344,0.16970757310672333,False,0.29362103918464827,0.3651090381978638
2026_min_sas_api_20261005,1628436,Luke Kornet,SAS,1,2,1,15,30,0.31545477903391567,0.23333333333333336,0.39999999999999997,0.0821214457005823,0.20969757560609847,False,0.3219300808600667,0.35701012246938263,Luke Kornet,SAS,1,15,30,0.2525704472013196,0.2666666666666666,0.4,-0.014096219465347004,0.5101224693826544,True,0.6327849855717889,0.6725658391227436
2026_min_sas_api_20261005,1628436,Luke Kornet,SAS,2,3,1,30,26,0.2766277952367348,0.2128205128205128,0.33602564102564036,0.063807282416222,0.2026993251687078,False,0.31563180633413074,0.3512423420862341,Luke Kornet,SAS,1,30,26,0.2604682604682604,0.20769230769230768,0.3282051282051282,0.052775952775952706,0.22319420144963759,False,0.3475452565430071,0.43609702761629476
2026_min_sas_api_20261005,1628436,Luke Kornet,SAS,3,4,1,26,54,0.20740728067023684,0.16524216524216526,0.2777777777777778,0.04216511542807158,0.27243189202699325,False,0.3881269942254696,0.42846678630573304,Luke Kornet,SAS,1,26,54,0.22054737921896586,0.1752136752136752,0.2792022792022792,0.04533370400529066,0.20744813796550862,False,0.3325271623270653,0.41612377970596104
2026_min_sas_api_20261005,1628436,Luke Kornet,SAS,4,5,1,54,24,0.4149154967361173,0.19907407407407407,0.3194444444444445,0.2158414226620432,0.003749062734316421,False,0.020432391902024494,0.025030507079112575,Luke Kornet,SAS,1,54,24,0.3456977875218083,0.19907407407407407,0.3148148148148148,0.14662371344773423,0.022994251437140716,False,0.08354578022161127,0.10678152379713292
2026_min_sas_api_20261005,1628436,Luke Kornet,SAS,5,6,1,24,33,0.24687876354877558,0.27651515151515155,0.41287878787878785,-0.029636387966375966,0.6505873531617096,True,0.7386877239023577,0.7494294217339426,Luke Kornet,SAS,1,24,33,0.19727211821663776,0.28787878787878785,0.428030303030303,-0.09060666966215009,0.8915271182204448,True,0.9167590177927216,0.9290235044925406
2026_min_sas_api_20261005,1629162,Jordan McLaughlin,SAS,2,5,3,20,7,0.3664552501761804,0.29999999999999993,0.5,0.06645525017618048,0.26493376655836043,True,0.38503707406481713,0.42055919586536933,Jordan McLaughlin,SAS,3,20,7,0.34030636345232473,0.2785714285714286,0.5,0.06173493488089615,0.30867283179205196,True,0.44860451553778213,0.5100221295041203
2026_min_sas_api_20261005,1629162,Jordan McLaughlin,SAS,5,6,1,7,15,0.275228008237717,0.30476190476190473,0.5333333333333332,-0.029533896524187753,0.5431142214446388,True,0.6434722841028873,0.6604656871496412,Jordan McLaughlin,SAS,1,7,15,0.33469085523880043,0.3047619047619048,0.5333333333333333,0.029928950476895644,0.35291177205698576,True,0.48084228942764307,0.5551605138158615
2026_min_sas_api_20261005,1629640,Keldon Johnson,SAS,1,2,1,45,43,0.22084065031439412,0.18914728682170542,0.30439276485788114,0.0316933634926887,0.3031742064483879,False,0.4130748562859285,0.45513621594601356,Keldon Johnson,SAS,1,45,43,0.2459446663098522,0.2098191214470284,0.32403100775193794,0.036125544862823794,0.30692326918270435,False,0.44860451553778213,0.5087872286207177
2026_min_sas_api_20261005,1629640,Keldon Johnson,SAS,2,3,1,43,40,0.29316416714784355,0.19069767441860463,0.30122093023255786,0.10246649272923891,0.06573356660834791,False,0.14583118926150818,0.17623842070978316,Keldon Johnson,SAS,1,43,40,0.38161408193380647,0.1994186046511628,0.31401162790697645,0.18219547728264368,0.007498125468632842,False,0.040216136442079956,0.051350798663970375
2026_min_sas_api_20261005,1629640,Keldon Johnson,SAS,3,4,1,40,37,0.23762629655935857,0.17635135135135135,0.2918918918918919,0.06127494520800722,0.1797050737315671,False,0.2923560154737435,0.32634441389652585,Keldon Johnson,SAS,1,40,37,0.21699409814859733,0.1804054054054054,0.2905405405405405,0.03658869274319193,0.2781804548862784,False,0.41536533674800474,0.48823065551441597
2026_min_sas_api_20261005,1629640,Keldon Johnson,SAS,4,5,1,37,40,0.2765363587108214,0.2148648648648649,0.33445945945945943,0.06167149384595649,0.1944513871532117,False,0.3071768289811605,0.34613245913327867,Keldon Johnson,SAS,1,37,40,0.34461833280102205,0.23040540540540538,0.3527027027027027,0.11421292739561667,0.05973506623344164,False,0.15142144696384044,0.20250187453136714
2026_min_sas_api_20261005,1629640,Keldon Johnson,SAS,5,6,1,40,21,0.4386053003353134,0.2488095238095238,0.39404761904761904,0.1897957765257896,0.02024493876530867,False,0.07118381694898855,0.08406587377545856,Keldon Johnson,SAS,1,40,21,0.4444564021619554,0.2714285714285714,0.41202380952380896,0.173027830733384,0.02274431392151962,True,0.08354578022161127,0.10634927475027794
2026_min_sas_api_20261005,1629675,Naz Reid,MIN,1,2,1,53,45,0.1645869994134272,0.22264150943396224,0.330398322851153,-0.05805451002053505,0.849787553111722,False,0.8906427239344009,0.8889482698449812,Naz Reid,MIN,1,53,45,0.1821502677584086,0.22054507337526205,0.3283018867924528,-0.03839480561685346,0.7490627343164209,False,0.8164783804048987,0.8450325022737659
2026_min_sas_api_20261005,1629675,Naz Reid,MIN,2,3,1,45,62,0.1814595173379458,0.2111111111111111,0.3157706093189964,-0.029651593773165313,0.7008247938015496,False,0.7856046192533499,0.7849698759520646,Naz Reid,MIN,1,45,62,0.1984826078570051,0.210752688172043,0.3179390681003583,-0.012270080315037901,0.599100224943764,False,0.7176035661414316,0.7385271863852219
2026_min_sas_api_20261005,1629675,Naz Reid,MIN,3,4,1,62,62,0.25342321307524296,0.1935483870967742,0.29032258064516125,0.05987482597846877,0.16520869782554362,False,0.281371063484129,0.3090855033494374,Naz Reid,MIN,1,62,62,0.26047112272840434,0.1935483870967742,0.29032258064516125,0.06692273563163015,0.1042239440139965,False,0.21441398909531875,0.27389082961817685
2026_min_sas_api_20261005,1629675,Naz Reid,MIN,4,5,1,62,62,0.3433448642472905,0.1935483870967742,0.29032258064516125,0.1497964771505163,0.003749062734316421,False,0.020432391902024494,0.025030507079112575,Naz Reid,MIN,1,62,62,0.3821471267210817,0.1935483870967742,0.29032258064516125,0.1885987396243075,0.0012496875781054736,False,0.015135105112610736,0.015986569395387003
2026_min_sas_api_20261005,1629675,Naz Reid,MIN,5,6,1,62,67,0.3273892839146745,0.19619643716899376,0.2905633124699085,0.1311928467456807,0.012246938265433641,False,0.055621511288844454,0.060435977962031234,Naz Reid,MIN,1,62,67,0.34130014546011334,0.19860375541646608,0.292284545016851,0.14269639004364726,0.008747813046738315,False,0.04334143736793074,0.058147227898907625
2026_min_sas_api_20261005,1630162,Anthony Edwards,MIN,1,2,1,49,56,0.3066152204797099,0.211734693877551,0.3112244897959184,0.0948805266021589,0.05773556610847288,False,0.13680818925703356,0.16183659003281967,Anthony Edwards,MIN,1,49,56,0.3078000116679307,0.21173469387755103,0.3113520408163259,0.09606531779037966,0.056735816045988506,False,0.14724295116697017,0.19726606809836006
2026_min_sas_api_20261005,1630162,Anthony Edwards,MIN,2,3,1,56,95,0.36119070610104775,0.1755639097744361,0.26710526315789473,0.18562679632661166,0.000999750062484379,False,0.01210808409008859,0.011539488009353595,Anthony Edwards,MIN,1,56,95,0.40269093031871306,0.17556390977443612,0.26203007518796995,0.22712702054427694,0.0004998750312421895,False,0.013621594601349664,0.00941431308839457
2026_min_sas_api_20261005,1630162,Anthony Edwards,MIN,3,4,1,95,84,0.2502398007550218,0.143483709273183,0.2231829573934837,0.10675609148183879,0.01799550112471882,False,0.06719986669999166,0.07906410494150655,Anthony Edwards,MIN,1,95,84,0.3099328352690663,0.14498746867167916,0.22645989974937336,0.16494536659738712,0.0012496875781054736,False,0.015135105112610736,0.015986569395387003
2026_min_sas_api_20261005,1630162,Anthony Edwards,MIN,4,5,1,84,84,0.34811493217465034,0.15476190476190474,0.23809523809523805,0.1933530274127456,0.0004998750312421895,False,0.009081063067566442,0.007916625494789093,Anthony Edwards,MIN,1,84,84,0.3661892480302588,0.15476190476190474,0.23809523809523808,0.21142734326835408,0.00024993751562109475,False,0.009081063067566442,0.006052058413967937
2026_min_sas_api_20261005,1630162,Anthony Edwards,MIN,5,6,1,84,84,0.2628002528445006,0.15476190476190477,0.2380952380952381,0.10803834808259583,0.015746063484128967,False,0.0635674414729651,0.072453170491161,Anthony Edwards,MIN,1,84,84,0.23872867760021316,0.15476190476190477,0.2380952380952381,0.08396677283830839,0.042989252686828294,False,0.12664401467200767,0.16847811168595134
2026_min_sas_api_20261005,1630170,Devin Vassell,SAS,1,2,1,65,51,0.14653110047846887,0.18371040723981902,0.278129713423831,-0.037179306761350145,0.7845538615346164,False,0.8551637090727319,0.8480653646112283,Devin Vassell,SAS,1,65,51,0.17885702612906518,0.19517345399698344,0.2959276018099547,-0.01631642786791826,0.6230942264433892,False,0.7302932331433271,0.751742915334996
2026_min_sas_api_20261005,1630170,Devin Vassell,SAS,2,3,1,51,73,0.3945406309653318,0.18318560300832662,0.27746441042170294,0.2113550279570052,0.0004998750312421895,False,0.009081063067566442,0.007916625494789093,Devin Vassell,SAS,1,51,73,0.45015977789662953,0.19124362073596565,0.2855761482675259,0.25891615716066385,0.00024993751562109475,False,0.009081063067566442,0.006052058413967937
2026_min_sas_api_20261005,1630170,Devin Vassell,SAS,3,4,1,73,70,0.205297854488793,0.15714285714285714,0.24559686888454013,0.04815499734593587,0.17845538615346163,False,0.2923560154737435,0.32581264871449694,Devin Vassell,SAS,1,73,70,0.19764240183950865,0.15675146771037185,0.24621330724070434,0.0408909341291368,0.21194701324668833,False,0.33481484701288444,0.4224017309455627
2026_min_sas_api_20261005,1630170,Devin Vassell,SAS,4,5,1,70,62,0.2754927293914982,0.16405529953917053,0.25437788018433183,0.11143742985232769,0.025743564108972758,False,0.0825308378787656,0.0977987547312067,Devin Vassell,SAS,1,70,62,0.2514879934323048,0.16221198156682026,0.25391705069124426,0.08927601186548456,0.055236190952261933,False,0.1468474344828427,0.19579820070889015
2026_min_sas_api_20261005,1630170,Devin Vassell,SAS,5,6,1,62,60,0.26455509761672713,0.1736559139784946,0.27741935483870966,0.09089918363823252,0.06423394151462135,False,0.14583118926150818,0.17493543280846455,Devin Vassell,SAS,1,62,60,0.3277663131288894,0.17795698924731182,0.2768817204301075,0.14980932388157756,0.005998500374906273,False,0.0384609729920461,0.04420633971941797
2026_min_sas_api_20261005,1630183,Jaden McDaniels,MIN,1,2,1,70,40,0.25510596395420915,0.1892857142857143,0.3,0.06582024966849484,0.15571107223194203,False,0.27545891304951536,0.30036608494935085,Jaden McDaniels,MIN,1,70,40,0.20001424602891943,0.1964285714285714,0.3,0.003585674600348032,0.4496375906023494,False,0.5749580046848752,0.6280719347883768
2026_min_sas_api_20261005,1630183,Jaden McDaniels,MIN,2,3,1,40,82,0.31918173773574465,0.1975609756097561,0.2981707317073171,0.12162076212598855,0.02499375156210947,False,0.0825308378787656,0.09670877735111677,Jaden McDaniels,MIN,1,40,82,0.21933393339333931,0.19573170731707318,0.3,0.023602226076266136,0.34716320919770055,False,0.48084228942764307,0.5503413866159629
2026_min_sas_api_20261005,1630183,Jaden McDaniels,MIN,3,4,1,82,80,0.27429612615585053,0.16646341463414632,0.24847560975609756,0.1078327115217042,0.01799550112471882,False,0.06719986669999166,0.07906410494150655,Jaden McDaniels,MIN,1,82,80,0.31984281719942564,0.17103658536585367,0.2564024390243902,0.14880623183357197,0.0029992501874531365,False,0.023351305030885134,0.029470893146278643
2026_min_sas_api_20261005,1630183,Jaden McDaniels,MIN,4,5,1,80,56,0.2280424557752341,0.1875,0.28214285714285714,0.040542455775234104,0.23069232691827044,False,0.34924255047349273,0.3813142588139373,Jaden McDaniels,MIN,1,80,56,0.2004974099759578,0.19107142857142856,0.2857142857142857,0.009425981404529243,0.4236440889777556,False,0.5563518758864501,0.6111291326104644
2026_min_sas_api_20261005,1630183,Jaden McDaniels,MIN,5,6,1,56,51,0.30266900175131345,0.19712885154061627,0.30218837535014,0.10554015021069718,0.04873781554611347,False,0.11805381987836373,0.14493647330525447,Jaden McDaniels,MIN,1,56,51,0.26224797981388737,0.2027310924369748,0.30777310924369744,0.059516887376912575,0.16970757310672333,False,0.29362103918464827,0.3651090381978638
2026_min_sas_api_20261005,1630245,Ayo Dosunmu,MIN,2,3,1,22,66,0.2180944826370527,0.22727272727272724,0.34848484848484845,-0.009178244635674543,0.5106223444138965,False,0.611624566385876,0.6380437000841532,Ayo Dosunmu,MIN,1,22,66,0.1821826433778022,0.22727272727272727,0.3484848484848485,-0.045090083894925054,0.7133216695826043,False,0.8046570831518925,0.816139978496101
2026_min_sas_api_20261005,1630245,Ayo Dosunmu,MIN,3,4,1,66,56,0.12270894428152493,0.16829004329004327,0.26571969696969683,-0.04558109900851834,0.836290927268183,False,0.8906427239344009,0.8860799506005852,Ayo Dosunmu,MIN,1,66,56,0.12983278218842464,0.16883116883116883,0.26515151515151514,-0.03899838664274419,0.8052986753311672,False,0.8605642706970317,0.8834830127419601
2026_min_sas_api_20261005,1630245,Ayo Dosunmu,MIN,4,5,1,56,65,0.1943461251862892,0.1802197802197802,0.27859890109890095,0.014126344966508997,0.39515121219695076,False,0.49507450723526014,0.5381959510122469,Ayo Dosunmu,MIN,1,56,65,0.2608643879732619,0.18365384615384614,0.28520604395604376,0.07721054181941575,0.09372656835791052,False,0.20849379491861725,0.2552072825167202
2026_min_sas_api_20261005,1630245,Ayo Dosunmu,MIN,5,6,1,65,50,0.12320696721311478,0.18615384615384617,0.28615384615384615,-0.0629468789407314,0.905023744063984,False,0.9244861681775817,0.9295945244458116,Ayo Dosunmu,MIN,1,65,50,0.08179054734567567,0.19076923076923077,0.28769230769230775,-0.1089786834235551,0.9940014996250938,False,0.9940014996250939,0.9969423324642213
2026_min_sas_api_20261005,1630322,Lindy Waters III,SAS,2,5,3,17,5,0.47627801120448177,0.4117647058823529,0.6823529411764705,0.06451330532212884,0.3089227693076731,True,0.4157108870930416,0.4613517673213276,Lindy Waters III,SAS,3,17,5,0.6118421052631577,0.411764705882353,0.6823529411764706,0.20007739938080477,0.10622344413896526,True,0.21441398909531875,0.2748835691840399
2026_min_sas_api_20261005,1630322,Lindy Waters III,SAS,5,6,1,5,15,0.4659690799396682,0.33333333333333337,0.6666666666666666,0.13263574660633481,0.32191952011997,True,0.42791741089117963,0.4714563294660206,Lindy Waters III,SAS,1,5,15,0.48252237136465326,0.33333333333333337,0.6000000000000001,0.1491890380313199,0.1799550112471882,True,0.30554284505796625,0.38009189291462186
2026_min_sas_api_20261005,1630538,Bones Hyland,MIN,1,2,1,25,26,0.31453911941716817,0.25846153846153846,0.41230769230769226,0.0560775809556297,0.25818545363659084,True,0.38030019522146485,0.4117664963150313,Bones Hyland,MIN,1,25,26,0.3374384236453202,0.26,0.4123076923076924,0.07743842364532016,0.18220444888777806,True,0.30554284505796625,0.3824601125260481
2026_min_sas_api_20261005,1630538,Bones Hyland,MIN,2,5,3,26,7,0.9069105691056911,0.39560439560439553,0.6153846153846154,0.5113061735012956,0.0004998750312421895,True,0.009081063067566442,0.007916625494789093,Bones Hyland,MIN,3,26,7,0.8443486590038312,0.3956043956043956,0.6263736263736263,0.4487442633994356,0.000999750062484379,True,0.015135105112610736,0.014421926433285298
2026_min_sas_api_20261005,1630538,Bones Hyland,MIN,5,6,1,7,16,0.47590361445783136,0.3125,0.5625,0.16340361445783136,0.13496625843539115,True,0.2493444435501294,0.26953672139149965,Bones Hyland,MIN,1,7,16,0.4968553459119497,0.3571428571428571,0.5625,0.1397124887690926,0.137215696075981,True,0.24742175111959716,0.311144621871288
2026_min_sas_api_20261005,1630545,Terrence Shannon Jr,MIN,1,2,1,68,51,0.15633522292017774,0.196078431372549,0.29901960784313725,-0.039743208452371254,0.7760559860034991,False,0.8544454795392061,0.8402132376285897,Terrence Shannon Jr,MIN,1,68,51,0.16905872364181954,0.20098039215686272,0.29901960784313725,-0.03192166851504319,0.7160709822544364,False,0.8046570831518925,0.8173335454015285
2026_min_sas_api_20261005,1630545,Terrence Shannon Jr,MIN,2,3,1,51,54,0.1726927570093458,0.2037037037037037,0.30827886710239655,-0.031010946694357888,0.7063234191452137,False,0.7856046192533499,0.787244269129117,Terrence Shannon Jr,MIN,1,51,54,0.1785091669814336,0.2091503267973856,0.31590413943355117,-0.030641159815952,0.7025743564108973,False,0.8046570831518925,0.8128761325027104
2026_min_sas_api_20261005,1630545,Terrence Shannon Jr,MIN,3,4,1,54,42,0.40918961864406783,0.2142857142857143,0.3253968253968254,0.19490390435835353,0.002749312671832042,False,0.01664861562387181,0.020132063758253986,Terrence Shannon Jr,MIN,1,54,42,0.4297926550694078,0.2142857142857143,0.328042328042328,0.21550694078369348,0.001999500124968758,False,0.018162126135132885,0.022977306520827422
2026_min_sas_api_20261005,1630545,Terrence Shannon Jr,MIN,4,5,1,42,35,0.3578788995332842,0.23333333333333334,0.3523809523809524,0.12454556619995089,0.04448887778055486,False,0.11277413204838325,0.13834212679706784,Terrence Shannon Jr,MIN,1,42,35,0.3282889426957223,0.23333333333333334,0.3571428571428571,0.09495560936238895,0.09997500624843789,False,0.2136720721780339,0.26581589896643487
2026_min_sas_api_20261005,1630545,Terrence Shannon Jr,MIN,5,6,1,35,48,0.311328933747412,0.23750000000000002,0.3601190476190476,0.07382893374741198,0.15746063484128967,False,0.27545891304951536,0.30036608494935085,Terrence Shannon Jr,MIN,1,35,48,0.30552115400493013,0.23035714285714282,0.3446726190476189,0.07516401114778731,0.1327168207948013,False,0.24518870282429392,0.3060612397920928
2026_min_sas_api_20261005,1630577,Julian Champagnie,SAS,1,2,1,55,47,0.212262288609594,0.20541586073500967,0.30870406189555116,0.006846427874584338,0.4508872781804549,False,0.5460745924629953,0.5804427910035723,Julian Champagnie,SAS,1,55,47,0.17698354212724152,0.2077369439071567,0.3114119922630561,-0.030753401779915174,0.7123219195201199,False,0.8046570831518925,0.816139978496101
2026_min_sas_api_20261005,1630577,Julian Champagnie,SAS,2,3,1,47,57,0.4598460611118839,0.21724524076147814,0.3198954833893244,0.24260082035040578,0.0004998750312421895,False,0.009081063067566442,0.007916625494789093,Julian Champagnie,SAS,1,47,57,0.4133850644901849,0.21724524076147814,0.322508398656215,0.19613982372870678,0.001999500124968758,False,0.018162126135132885,0.022977306520827422
2026_min_sas_api_20261005,1630577,Julian Champagnie,SAS,3,4,1,57,59,0.23586497890295355,0.1855486173059768,0.28339280404400824,0.05031636159697675,0.18895276180954762,False,0.30288016231236314,0.33951670393747213,Julian Champagnie,SAS,1,57,59,0.1909633800796241,0.18673803151947665,0.2840023788284268,0.004225348560147446,0.4536365908522869,False,0.5749580046848752,0.6289685247399807
2026_min_sas_api_20261005,1630577,Julian Champagnie,SAS,4,5,1,59,52,0.22424242424242427,0.18953715775749674,0.2943285528031291,0.03470526648492753,0.2846788302924269,False,0.3927847152136017,0.4371845240936957,Julian Champagnie,SAS,1,59,52,0.23125296630280012,0.19361147327249023,0.29791395045632335,0.03764149303030989,0.26343414146463384,False,0.3988100197172929,0.4792970658139754
2026_min_sas_api_20261005,1630577,Julian Champagnie,SAS,5,6,1,52,51,0.31480423933734625,0.20098039215686275,0.3035444947209653,0.1138238471804835,0.04448887778055486,False,0.11277413204838325,0.13834212679706784,Julian Champagnie,SAS,1,52,51,0.31545827633378937,0.20475113122171945,0.3035633484162895,0.11070714511206992,0.04648837790552362,False,0.132723229449048,0.17707370910081469
2026_min_sas_api_20261005,1641705,Victor Wembanyama,SAS,1,2,1,75,60,0.2579070582994493,0.15333333333333332,0.24666666666666667,0.104573724966116,0.03549112721819545,False,0.10455494234549471,0.12331355936526074,Victor Wembanyama,SAS,1,75,60,0.2308161160253806,0.16999999999999993,0.26,0.06081611602538067,0.12496875781054737,False,0.24324276073838685,0.2993951158853396
2026_min_sas_api_20261005,1641705,Victor Wembanyama,SAS,2,3,1,60,82,0.23490906874741702,0.15487804878048778,0.24432926829268284,0.08003101996692924,0.06823294176455887,False,0.14583118926150818,0.1801032300064519,Victor Wembanyama,SAS,1,60,82,0.27244505203883174,0.16463414634146345,0.2544918699186991,0.10781090569736829,0.027243189202699324,False,0.09411283542750676,0.12313921519620095
2026_min_sas_api_20261005,1641705,Victor Wembanyama,SAS,3,4,1,82,27,0.1300788252549598,0.18834688346883469,0.3112014453477868,-0.058268058213874874,0.8437890527368158,False,0.8906427239344009,0.8867597915335981,Victor Wembanyama,SAS,1,82,27,0.13070083969046706,0.2009936766034327,0.3143631436314363,-0.07029283691296564,0.8712821794551362,False,0.9044738815296176,0.9185284822534706
2026_min_sas_api_20261005,1641705,Victor Wembanyama,SAS,4,5,1,27,63,0.13180241381802416,0.19576719576719576,0.31746031746031744,-0.0639647819491716,0.8672831792051987,False,0.9003225384130158,0.902489263180388,Victor Wembanyama,SAS,1,27,63,0.20868838763575606,0.21164021164021163,0.328042328042328,-0.0029518240044555666,0.5108722819295176,False,0.6327849855717889,0.6725658391227436
2026_min_sas_api_20261005,1641705,Victor Wembanyama,SAS,5,6,1,63,61,0.24916396506907326,0.1621129326047359,0.2604735883424408,0.08705103246433737,0.07198200449887528,False,0.14803846208259255,0.1842847558786995,Victor Wembanyama,SAS,1,63,61,0.12926292629262925,0.16419463960447567,0.2641165755919854,-0.03493171331184641,0.7778055486128468,False,0.8394139088990129,0.8667660671039136
2026_min_sas_api_20261005,1641740,Jaylen Clark,MIN,1,2,1,15,29,0.7371176519086488,0.32413793103448274,0.49885057471264366,0.412979720874166,0.00024993751562109475,True,0.009081063067566442,0.005673581604598851,Jaylen Clark,MIN,1,15,29,0.7440213392200147,0.3540229885057471,0.5218390804597701,0.3899983507142676,0.00024993751562109475,True,0.009081063067566442,0.006052058413967937
2026_min_sas_api_20261005,1641740,Jaylen Clark,MIN,2,5,3,29,8,0.7841510216782492,0.39655172413793105,0.5991379310344829,0.3875992975403182,0.002749312671832042,True,0.01664861562387181,0.020132063758253986,Jaylen Clark,MIN,3,29,8,0.703525641025641,0.4137931034482758,0.6120689655172413,0.28973253757736517,0.007248187953011747,True,0.040216136442079956,0.050145626858591474
2026_min_sas_api_20261005,1641740,Jaylen Clark,MIN,5,6,1,8,16,0.7903225806451613,0.4375,0.625,0.35282258064516125,0.003999000249937516,True,0.02075671558300901,0.026439991943761634,Jaylen Clark,MIN,1,8,16,0.6794871794871794,0.375,0.625,0.3044871794871794,0.0284928767808048,True,0.09411283542750676,0.12709322669332668
2026_min_sas_api_20261005,1641763,Julian Phillips,MIN,2,5,3,20,8,0.5942447383125349,0.4,0.625,0.19424473831253486,0.0852286928267933,True,0.16890777305673582,0.2058182262944902,Julian Phillips,MIN,3,20,8,0.5448979591836733,0.375,0.6000000000000001,0.16989795918367334,0.1184703824043989,True,0.23478675785599057,0.29154001822125114
2026_min_sas_api_20261005,1641763,Julian Phillips,MIN,5,6,1,8,14,0.6651397159871736,0.46428571428571425,0.6607142857142858,0.20085400170145934,0.04873781554611347,True,0.11805381987836373,0.14493647330525447,Julian Phillips,MIN,1,8,14,0.676056338028169,0.4464285714285714,0.6607142857142857,0.2296277665995976,0.03949012746813297,True,0.11956733038962482,0.16226852377814638
2026_min_sas_api_20261005,1642264,Stephon Castle,SAS,1,2,1,47,53,0.1881216013571851,0.20674427940586113,0.3111200321156162,-0.01862267804867604,0.6265933516620845,False,0.7189334245386023,0.7294189273194522,Stephon Castle,SAS,1,47,53,0.1859474635956981,0.2039341629867523,0.31031714171015656,-0.017986699391054184,0.6063484128967758,False,0.7183910544103105,0.7407283314306559
2026_min_sas_api_20261005,1642264,Stephon Castle,SAS,2,3,1,53,84,0.3824828194401127,0.18598382749326148,0.2794249775381851,0.19649899194685122,0.0012496875781054736,False,0.012383267819408784,0.013297456885778556,Stephon Castle,SAS,1,53,84,0.32273744860371567,0.1830637915543576,0.2765049415992812,0.13967365704935808,0.011247188202949263,False,0.04903774056485879,0.06869904145585226
2026_min_sas_api_20261005,1642264,Stephon Castle,SAS,3,4,1,84,75,0.16855042535639034,0.15095238095238095,0.2380952380952381,0.01759804440400939,0.3579105223694076,False,0.4589676110384169,0.5035889787883607,Stephon Castle,SAS,1,84,75,0.1749299580144027,0.1523809523809524,0.23714285714285713,0.022549005633450303,0.32391902024493874,False,0.46456806850918847,0.5216558093255783
2026_min_sas_api_20261005,1642264,Stephon Castle,SAS,4,5,1,75,53,0.34812115118763354,0.17685534591194965,0.2724528301886792,0.17126580527568389,0.0024993751562109472,False,0.01664861562387181,0.019791563736972734,Stephon Castle,SAS,1,75,53,0.32868385918066195,0.1748427672955975,0.2714465408805032,0.15384109188506445,0.005248687828042989,False,0.03575668582854286,0.042874823462809
2026_min_sas_api_20261005,1642264,Stephon Castle,SAS,5,6,1,53,65,0.3149506358982222,0.1834542815674891,0.28069666182873726,0.1314963543307331,0.013996500874781305,False,0.06102474381404649,0.06760012124628419,Stephon Castle,SAS,1,53,65,0.32103133023984154,0.1849056603773585,0.2841799709724238,0.13612566986248303,0.012996750812296926,False,0.05246836439038388,0.07662432218032449
2026_min_sas_api_20261005,1642844,Dylan Harper,SAS,1,2,1,54,51,0.27245711832457925,0.21677559912854028,0.32026143790849676,0.055681519196038975,0.17820544863784055,False,0.2923560154737435,0.32581264871449694,Dylan Harper,SAS,1,54,51,0.29325184619302264,0.2222222222222222,0.32788671023965144,0.07102962397080043,0.1282179455136216,False,0.243309862189625,0.3034885877833678
2026_min_sas_api_20261005,1642844,Dylan Harper,SAS,2,3,1,51,40,0.3411643455511218,0.2240196078431373,0.3377450980392157,0.1171447377079845,0.042989252686828294,False,0.11277413204838325,0.13616595851037241,Dylan Harper,SAS,1,51,40,0.32206502854306285,0.2274509803921569,0.3382352941176471,0.09461404815090596,0.07473131717070733,False,0.18512985390016132,0.23003298949018403
2026_min_sas_api_20261005,1642844,Dylan Harper,SAS,3,4,1,40,58,0.32008365831467755,0.2,0.30689655172413793,0.12008365831467754,0.03749062734316421,False,0.10478149693345895,0.12639166940938035,Dylan Harper,SAS,1,40,58,0.29726279346532514,0.20344827586206896,0.3146982758620688,0.09381451760325618,0.07648087978005498,False,0.18525368657835542,0.23357674094989764
2026_min_sas_api_20261005,1642844,Dylan Harper,SAS,4,5,1,58,49,0.4039905599656726,0.1938775510204082,0.29732582688247716,0.2101130089452644,0.0012496875781054736,False,0.012383267819408784,0.013297456885778556,Dylan Harper,SAS,1,58,49,0.3833071690214548,0.1984517945109078,0.30049261083743845,0.18485537451054698,0.0024993751562109472,False,0.020956299386691787,0.027779940260836432
2026_min_sas_api_20261005,1642844,Dylan Harper,SAS,5,6,1,49,56,0.20800522604787225,0.18877551020408165,0.29591836734693877,0.0192297158437906,0.3736565858535366,False,0.47358799834924986,0.5203683741641277,Dylan Harper,SAS,1,49,56,0.1576530612244898,0.19132653061224492,0.2959183673469388,-0.03367346938775512,0.7475631092226943,False,0.8164783804048987,0.8447463134216445
2026_min_sas_api_20261005,1642866,Joan Beringer,MIN,2,5,3,18,8,0.5238095238095238,0.375,0.611111111111111,0.14880952380952384,0.15921019745063733,True,0.27545891304951536,0.30117262351078894,Joan Beringer,MIN,3,18,8,0.566871609403255,0.3888888888888889,0.5972222222222223,0.1779827205143661,0.0902274431392152,True,0.20545905190369074,0.25143104467785493
2026_min_sas_api_20261005,1642866,Joan Beringer,MIN,5,6,1,8,20,0.4706304753698119,0.375,0.6,0.0956304753698119,0.23869032741814547,True,0.3564006258709295,0.38794299038605506,Joan Beringer,MIN,1,8,20,0.4866102665224859,0.39999999999999997,0.6,0.08661026652248593,0.20594851287178206,True,0.3325271623270653,0.41434151847794726
2026_min_sas_api_20261005,1642868,Carter Bryant,SAS,2,3,1,33,14,0.6700033255736614,0.3917748917748918,0.5541125541125541,0.2782284337987696,0.002749312671832042,True,0.01664861562387181,0.020132063758253986,Carter Bryant,SAS,1,33,14,0.6343526625216765,0.40259740259740256,0.5627705627705627,0.23175525992427398,0.007748062984253936,True,0.040216136442079956,0.05201174953786306
2026_min_sas_api_20261005,1642868,Carter Bryant,SAS,3,4,1,14,23,0.4138753866548829,0.298136645962733,0.4813664596273292,0.1157387406921499,0.14546363409147714,True,0.26425893526618344,0.2863027017812021,Carter Bryant,SAS,1,14,23,0.4330528626303274,0.3198757763975155,0.49378881987577633,0.11317708623281186,0.13846538365408648,True,0.24742175111959716,0.3118921266361151
2026_min_sas_api_20261005,1642868,Carter Bryant,SAS,4,5,1,23,28,0.49436722994367227,0.2950310559006211,0.44565217391304346,0.19933617404305115,0.014996250937265684,True,0.06286889816007536,0.07043066819502021,Carter Bryant,SAS,1,23,28,0.498729531338227,0.3027950310559006,0.45341614906832295,0.1959345002823264,0.019745063734066485,True,0.07686471239333025,0.09975165783022329
2026_min_sas_api_20261005,1642868,Carter Bryant,SAS,5,6,1,28,28,0.5140081580077287,0.25,0.39285714285714285,0.2640081580077287,0.002749312671832042,True,0.01664861562387181,0.020132063758253986,Carter Bryant,SAS,1,28,28,0.5230285213265253,0.25,0.39285714285714285,0.27302852132652533,0.0017495626093476631,True,0.018162126135132885,0.021182204448887777
2026_nyk_sas_api_20261005,203084,Harrison Barnes,SAS,1,2,1,24,10,0.6795933188090051,0.38333333333333336,0.5750000000000001,0.2962599854756717,0.007748062984253936,True,0.09382029492626844,0.04360686687832174,Harrison Barnes,SAS,1,24,10,0.7074683544303796,0.4,0.5833333333333334,0.30746835443037956,0.003999000249937516,True,0.060943097558943594,0.03615096225943515
2026_nyk_sas_api_20261005,203903,Jordan Clarkson,NYK,1,3,2,12,25,0.7882478632478632,0.3433333333333334,0.5166666666666666,0.44491452991452984,0.00024993751562109475,True,0.006415062900941432,0.005673581604598851,Jordan Clarkson,NYK,2,12,25,0.8044611215342923,0.34,0.5166666666666667,0.46446112153429225,0.00024993751562109475,True,0.019245188702824295,0.006052058413967937
2026_nyk_sas_api_20261005,203903,Jordan Clarkson,NYK,3,4,1,25,7,0.21501670843776105,0.4171428571428571,0.6171428571428572,-0.20212614870509604,0.9765058735316171,True,0.9875031242189451,0.9822754798744922,Jordan Clarkson,NYK,1,25,7,0.278910326416697,0.4171428571428571,0.6171428571428571,-0.1382325307261601,0.8935266183454137,True,0.9840706490044157,0.929158047911335
2026_nyk_sas_api_20261005,203903,Jordan Clarkson,NYK,4,5,1,7,12,0.3521432447097124,0.42857142857142855,0.6666666666666666,-0.07642818386171613,0.7238190452386903,True,0.8586314959721607,0.7987926281757509,Jordan Clarkson,NYK,1,7,12,0.3521090201168073,0.41666666666666663,0.6666666666666666,-0.06455764654985935,0.6683329167708073,True,0.9254000059307207,0.7880516827314911
2026_nyk_sas_api_20261005,1626157,Karl-Anthony Towns,NYK,1,2,1,67,66,0.1757402499385685,0.17639077340569875,0.27453640886476705,-0.0006505234671302651,0.5088727818045489,False,0.7684328917770558,0.6379650491788817,Karl-Anthony Towns,NYK,1,67,66,0.1797919222207078,0.175033921302578,0.2763455450022614,0.004758000918129807,0.4688827793051737,False,0.7951948183166974,0.6383584826684895
2026_nyk_sas_api_20261005,1626157,Karl-Anthony Towns,NYK,2,3,1,66,69,0.3022772245370743,0.18774703557312253,0.27799736495388666,0.11453018896395176,0.027243189202699324,False,0.14983754061484628,0.10082941221216435,Karl-Anthony Towns,NYK,1,66,69,0.25932061136142764,0.17918313570487487,0.2714097496706192,0.08013747565655277,0.07198200449887528,False,0.40002499375156214,0.22805513574877306
2026_nyk_sas_api_20261005,1626157,Karl-Anthony Towns,NYK,3,4,1,69,44,0.11355975594146007,0.1999341238471673,0.30500658761528326,-0.08637436790570723,0.960509872531867,False,0.9861234691327169,0.9704854943534146,Karl-Anthony Towns,NYK,1,69,44,0.16869328790906413,0.20191040843214755,0.3073122529644269,-0.03321712052308343,0.7233191702074482,False,0.9281859862903127,0.8242191552952098
2026_nyk_sas_api_20261005,1626157,Karl-Anthony Towns,NYK,4,5,1,44,38,0.18831941645071504,0.2248803827751196,0.3385167464114832,-0.03656096632440456,0.720319920019995,False,0.8586314959721607,0.7976225455831164,Karl-Anthony Towns,NYK,1,44,38,0.20195534802276377,0.22607655502392343,0.34330143540669855,-0.02412120700115966,0.6485878530367408,False,0.9254000059307207,0.7704238563826643
2026_nyk_sas_api_20261005,1628368,De'Aaron Fox,SAS,1,2,1,73,62,0.30840329601990046,0.1818382677861246,0.274425541316836,0.12656502823377586,0.012996750812296926,False,0.10007498125468632,0.06367472879981444,De'Aaron Fox,SAS,1,73,62,0.2931401694990461,0.18824569155987625,0.2784025629695095,0.10489447793916984,0.030242439390152462,False,0.21869532616845788,0.13314528510729462
2026_nyk_sas_api_20261005,1628368,De'Aaron Fox,SAS,2,3,1,62,65,0.19329566364937453,0.18585607940446647,0.2803970223325062,0.007439584244908065,0.4423894026493377,False,0.756977422311089,0.5727512988672984,De'Aaron Fox,SAS,1,62,65,0.20316616134002685,0.18883374689826302,0.2861166253101737,0.014332414441763835,0.3974006498375406,False,0.7632360202632269,0.585734001282288
2026_nyk_sas_api_20261005,1628368,De'Aaron Fox,SAS,3,4,1,65,60,0.2730270743969374,0.19102564102564099,0.2833974358974356,0.08200143337129642,0.07923019245188703,False,0.25249687578105473,0.19691883598443455,De'Aaron Fox,SAS,1,65,60,0.1950920498744364,0.19358974358974357,0.291025641025641,0.0015023062846928337,0.485378655336166,False,0.7951948183166974,0.6490862491477722
2026_nyk_sas_api_20261005,1628368,De'Aaron Fox,SAS,4,5,1,60,67,0.2664728682170543,0.18383084577114428,0.2811069651741293,0.08264202244591001,0.07873031742064483,False,0.25249687578105473,0.19691883598443455,De'Aaron Fox,SAS,1,60,67,0.22423778083241322,0.1880597014925373,0.28457711442786066,0.03617807933987591,0.26193451637090726,False,0.7098078421571078,0.4792970658139754
2026_nyk_sas_api_20261005,1628384,OG Anunoby,NYK,1,2,1,57,72,0.361112079016846,0.18128654970760233,0.2741228070175439,0.17982552930924367,0.0024993751562109472,False,0.03849037740564859,0.019791563736972734,OG Anunoby,NYK,1,57,72,0.21954394040782113,0.18494152046783624,0.2799707602339181,0.03460241993998489,0.2601849537615596,False,0.7098078421571078,0.4792970658139754
2026_nyk_sas_api_20261005,1628384,OG Anunoby,NYK,2,3,1,72,70,0.23038798849042552,0.1714285714285714,0.2571428571428571,0.05895941706185412,0.12496875781054737,False,0.3436640839790052,0.26025603690820415,OG Anunoby,NYK,1,72,70,0.20813508667065153,0.178968253968254,0.26825396825396824,0.029166832702397533,0.2899275181204699,False,0.7098078421571078,0.49142714321419645
2026_nyk_sas_api_20261005,1628384,OG Anunoby,NYK,3,4,1,70,79,0.17476092396866214,0.16726943942133815,0.2569620253164557,0.007491484547323984,0.43439140214946265,False,0.756977422311089,0.5645430245492062,OG Anunoby,NYK,1,70,79,0.19897491821155944,0.16835443037974684,0.2582278481012658,0.030620487831812593,0.2666833291677081,False,0.7098078421571078,0.4796816668848661
2026_nyk_sas_api_20261005,1628384,OG Anunoby,NYK,4,5,1,79,59,0.21164629170752886,0.17506972752628192,0.26497532718300787,0.03657656418124694,0.23319170207448137,False,0.5897719118607445,0.3835834519630962,OG Anunoby,NYK,1,79,59,0.1830004883439998,0.17549881999570907,0.26861188586140305,0.007501668348290719,0.4506373406648338,False,0.7951948183166974,0.6280719347883768
2026_nyk_sas_api_20261005,1628404,Josh Hart,NYK,1,2,1,54,35,0.1768504812406703,0.2105820105820106,0.32698412698412704,-0.0337315293413403,0.7048237940514871,False,0.8586314959721607,0.7868606618837093,Josh Hart,NYK,1,54,35,0.12866091078381584,0.22275132275132276,0.33394179894179854,-0.09409041196750692,0.9475131217195701,False,0.9840706490044157,0.9660359346253663
2026_nyk_sas_api_20261005,1628404,Josh Hart,NYK,2,3,1,35,60,0.24125439916023486,0.21190476190476193,0.33095238095238094,0.029349637255472932,0.34466383404148965,False,0.701436482984517,0.49001267428445605,Josh Hart,NYK,1,35,60,0.22920454545454544,0.22142857142857142,0.33571428571428574,0.0077759740259740195,0.45113721569607595,False,0.7951948183166974,0.6280719347883768
2026_nyk_sas_api_20261005,1628404,Josh Hart,NYK,3,4,1,60,58,0.22302353422540117,0.1850574712643678,0.28390804597701147,0.03796606296103336,0.23744063984004,False,0.5897719118607445,0.3868351094044671,Josh Hart,NYK,1,60,58,0.1569844020797227,0.18333333333333332,0.285632183908046,-0.026348931253610625,0.6765808547863035,False,0.9254000059307207,0.7922656641539098
2026_nyk_sas_api_20261005,1628404,Josh Hart,NYK,4,5,1,58,69,0.17852291004798682,0.18590704647676165,0.2791104447776112,-0.0073841364287748346,0.5568607848037991,False,0.7684328917770558,0.6711897246927206,Josh Hart,NYK,1,58,69,0.17861502524301107,0.1831584207896052,0.2756121939030485,-0.004543395546594137,0.5358660334916271,False,0.8596184287261518,0.692032706109187
2026_nyk_sas_api_20261005,1628436,Luke Kornet,SAS,1,2,1,21,14,0.24662381743337905,0.26190476190476186,0.45238095238095233,-0.015280944471382812,0.5353661584603849,True,0.7684328917770558,0.6551611648254902,Luke Kornet,SAS,1,21,14,0.205607476635514,0.2857142857142857,0.47619047619047616,-0.08010680907877168,0.8200449887528118,True,0.9493335621318552,0.894888637391214
2026_nyk_sas_api_20261005,1628436,Luke Kornet,SAS,2,3,1,14,20,0.44767963461381616,0.27142857142857146,0.46428571428571425,0.1762510631852447,0.06448387903024244,True,0.22569357660584854,0.17493543280846455,Luke Kornet,SAS,1,14,20,0.35722124670763816,0.29285714285714287,0.4857142857142857,0.06436410385049529,0.2614346413396651,True,0.7098078421571078,0.4792970658139754
2026_nyk_sas_api_20261005,1628436,Luke Kornet,SAS,3,4,1,20,7,0.31094527363184077,0.32142857142857145,0.55,-0.010483297796730684,0.5186203449137715,True,0.7684328917770558,0.6444898811793401,Luke Kornet,SAS,1,20,7,0.2742171495463856,0.37142857142857144,0.6,-0.09721142188218584,0.818045488627843,True,0.9493335621318552,0.8945723246607702
2026_nyk_sas_api_20261005,1628436,Luke Kornet,SAS,4,5,1,7,27,0.44871289729445757,0.3756613756613756,0.5978835978835978,0.07305152163308198,0.28517870532366907,True,0.6654169790885611,0.4371845240936957,Luke Kornet,SAS,1,7,27,0.3946886446886447,0.38095238095238093,0.5978835978835979,0.013736263736263743,0.47663084228942765,True,0.7951948183166974,0.6419966154706382
2026_nyk_sas_api_20261005,1628969,Mikal Bridges,NYK,1,2,1,50,76,0.08754912552648474,0.18526315789473685,0.2847368421052632,-0.09771403236825212,0.9875031242189453,False,0.9875031242189451,0.990411822670253,Mikal Bridges,NYK,1,50,76,0.12448766674118783,0.18894736842105264,0.2905263157894737,-0.06445970167986481,0.9085228692826793,False,0.9840706490044157,0.9404251990437505
2026_nyk_sas_api_20261005,1628969,Mikal Bridges,NYK,2,3,1,76,52,0.2544225247754006,0.18927125506072878,0.2884615384615385,0.06515126971467183,0.13421644588852788,False,0.35636780460057405,0.26953672139149965,Mikal Bridges,NYK,1,76,52,0.1923834133136459,0.18724696356275303,0.2844129554655871,0.005136449750892863,0.4573856535866033,False,0.7951948183166974,0.6328723941463613
2026_nyk_sas_api_20261005,1628969,Mikal Bridges,NYK,3,4,1,52,53,0.21505578202102552,0.1999274310595065,0.29791364296081274,0.015128350961519016,0.41914521369657587,False,0.756977422311089,0.5538339252396204,Mikal Bridges,NYK,1,52,53,0.23088243865477653,0.19793178519593613,0.29571843251088537,0.032950653458840407,0.2741814546363409,False,0.7098078421571078,0.4841016308422894
2026_nyk_sas_api_20261005,1628969,Mikal Bridges,NYK,4,5,1,53,64,0.18101003203949786,0.19044811320754718,0.2886497641509433,-0.009438081168049312,0.5763559110222445,False,0.7785860552405759,0.6873876977340604,Mikal Bridges,NYK,1,53,64,0.25544092790114825,0.18838443396226415,0.28862028301886794,0.0670564939388841,0.12421894526368409,False,0.5626387520766867,0.298654059889283
2026_nyk_sas_api_20261005,1628973,Jalen Brunson,NYK,1,2,1,73,76,0.1159259624228091,0.1665465032444124,0.2501802451333814,-0.05062054082160329,0.8680329917520619,False,0.9511460163128231,0.902489263180388,Jalen Brunson,NYK,1,73,76,0.14196808049267062,0.16744772891131937,0.25414563806777213,-0.025479648418648748,0.7023244188952762,False,0.9254000059307207,0.8128761325027104
2026_nyk_sas_api_20261005,1628973,Jalen Brunson,NYK,2,3,1,76,68,0.1825732407127756,0.16021671826625386,0.25154798761609903,0.022356522446521726,0.33441639590102473,False,0.701436482984517,0.4815362615042442,Jalen Brunson,NYK,1,76,68,0.22470868438610372,0.16176470588235298,0.2523606811145509,0.06294397850375075,0.11872031992002,False,0.5626387520766867,0.29154001822125114
2026_nyk_sas_api_20261005,1628973,Jalen Brunson,NYK,3,4,1,68,86,0.2606591521685861,0.15834473324213405,0.24863201094391243,0.10231441892645204,0.033741564608847786,False,0.17320669832541866,0.12030369371008033,Jalen Brunson,NYK,1,68,86,0.20240550762361398,0.16073871409028728,0.2486320109439124,0.041666793533326696,0.2034491377155711,False,0.7098078421571078,0.41053129574749175
2026_nyk_sas_api_20261005,1628973,Jalen Brunson,NYK,4,5,1,86,76,0.24317904167232252,0.16034271725826194,0.2460373317013463,0.08283632441406058,0.05598600349912522,False,0.21627926351745397,0.159524972313407,Jalen Brunson,NYK,1,86,76,0.19044070312559166,0.1597307221542228,0.24787331701346382,0.030709980971368872,0.26718320419895025,False,0.7098078421571078,0.4796816668848661
2026_nyk_sas_api_20261005,1629011,Mitchell Robinson,NYK,1,2,1,25,25,0.17434210526315788,0.2,0.36000000000000004,-0.02565789473684213,0.6645838540364909,False,0.8586314959721607,0.7571100535902814,Mitchell Robinson,NYK,1,25,25,0.27192019324277694,0.24,0.4,0.03192019324277695,0.40639840039990005,False,0.7632360202632269,0.5951147202400264
2026_nyk_sas_api_20261005,1629011,Mitchell Robinson,NYK,2,3,1,25,14,0.16878774805867125,0.2657142857142857,0.44857142857142857,-0.09692653765561443,0.8745313671582104,True,0.9511460163128231,0.9063094620881956,Mitchell Robinson,NYK,1,25,14,0.08931919381298332,0.3,0.4742857142857143,-0.21068080618701668,0.9982504373906523,True,0.9982504373906524,0.9982504373906524
2026_nyk_sas_api_20261005,1629011,Mitchell Robinson,NYK,3,4,1,14,26,0.19234972677595624,0.23626373626373626,0.38461538461538464,-0.043914009487780015,0.6855786053486629,False,0.8586314959721607,0.7768369887561387,Mitchell Robinson,NYK,1,14,26,0.28143242029636284,0.2472527472527473,0.42307692307692313,0.03417967304361555,0.3501624593851537,False,0.7287164695312658,0.5521166220072888
2026_nyk_sas_api_20261005,1629011,Mitchell Robinson,NYK,4,5,1,26,42,0.17802228181240146,0.184981684981685,0.3131868131868132,-0.0069594031692835345,0.5588602849287678,False,0.7684328917770558,0.6724096361068743,Mitchell Robinson,NYK,1,26,42,0.22571294829324495,0.19780219780219782,0.32417582417582413,0.02791075049104713,0.3459135216195951,False,0.7287164695312658,0.5503413866159629
2026_nyk_sas_api_20261005,1629013,Landry Shamet,NYK,1,2,1,65,55,0.12420302537817228,0.193006993006993,0.2909090909090909,-0.06880396762882073,0.9245188702824294,False,0.961999365023609,0.9425110039855306,Landry Shamet,NYK,1,65,55,0.18360451676002487,0.1916083916083916,0.2895104895104895,-0.008003874848366732,0.5508622844288927,False,0.8656407326739743,0.7086410215627912
2026_nyk_sas_api_20261005,1629013,Landry Shamet,NYK,2,3,1,55,42,0.3586466165413534,0.21212121212121213,0.3199134199134199,0.14652540442014125,0.015496125968507872,False,0.10847288177955511,0.07227987523667029,Landry Shamet,NYK,1,55,42,0.39233954451345754,0.2082251082251082,0.31991341991341987,0.18411443628834934,0.0047488127968008,False,0.060943097558943594,0.04024618845288678
2026_nyk_sas_api_20261005,1629013,Landry Shamet,NYK,3,4,1,42,37,0.3163813673617596,0.21879021879021882,0.3404440154440153,0.09759114857154078,0.09122719320169957,False,0.2601664398715136,0.21246984172324265,Landry Shamet,NYK,1,42,37,0.26078167115902967,0.2216859716859717,0.34684684684684686,0.039095699473057965,0.29117720569857536,False,0.7098078421571078,0.4923145772160451
2026_nyk_sas_api_20261005,1629013,Landry Shamet,NYK,4,5,1,37,23,0.1907620263942103,0.26321974148061106,0.399529964747356,-0.07245771508640075,0.8477880529867533,True,0.9511460163128231,0.8882210216676599,Landry Shamet,NYK,1,37,23,0.1919590678148033,0.2679200940070505,0.4101057579318449,-0.07596102619224723,0.8485378655336165,True,0.9608443477365952,0.9082287787674533
2026_nyk_sas_api_20261005,1629640,Keldon Johnson,SAS,1,2,1,14,28,0.47010011878499913,0.3214285714285714,0.49999999999999994,0.14867154735642774,0.05623594101474631,True,0.21627926351745397,0.15956948262934265,Keldon Johnson,SAS,1,14,28,0.37660427807486635,0.3214285714285714,0.4642857142857143,0.05517570664629495,0.26743314171457133,True,0.7098078421571078,0.4796816668848661
2026_nyk_sas_api_20261005,1629640,Keldon Johnson,SAS,2,3,1,28,33,0.36510461183990484,0.2510822510822511,0.3917748917748917,0.11402236075765376,0.08647838040489877,True,0.2561090496606618,0.20736541216808474,Keldon Johnson,SAS,1,28,33,0.27046683046683045,0.23809523809523808,0.38095238095238093,0.03237159237159237,0.33366658335416144,False,0.7287164695312658,0.5360804348675864
2026_nyk_sas_api_20261005,1629640,Keldon Johnson,SAS,3,4,1,33,27,0.2547430581731373,0.2592592592592592,0.4006734006734006,-0.004516201086121885,0.5211197200699825,True,0.7684328917770558,0.6464162647862625,Keldon Johnson,SAS,1,33,27,0.2878498936893097,0.24579124579124578,0.3872053872053872,0.042058647898063906,0.3091727068232942,False,0.7098078421571078,0.5100221295041203
2026_nyk_sas_api_20261005,1629640,Keldon Johnson,SAS,4,5,1,27,28,0.16378066378066378,0.2685185185185185,0.4166666666666666,-0.10473785473785471,0.9202699325168708,True,0.961999365023609,0.9409967327987823,Keldon Johnson,SAS,1,27,28,0.15140771637122005,0.2671957671957672,0.38756613756613756,-0.11578805082454716,0.9347663084228943,True,0.9840706490044157,0.9588071968392169
2026_nyk_sas_api_20261005,1630170,Devin Vassell,SAS,1,2,1,64,69,0.14312807881773398,0.1723278985507246,0.26268115942028986,-0.02919981973299063,0.7248187953011747,False,0.8586314959721607,0.7987926281757509,Devin Vassell,SAS,1,64,69,0.1344968221059842,0.17821557971014493,0.270606884057971,-0.04371875760416072,0.8237940514871283,False,0.9493335621318552,0.8950839213273605
2026_nyk_sas_api_20261005,1630170,Devin Vassell,SAS,2,3,1,69,72,0.4784896968496137,0.17874396135265702,0.2693236714975845,0.29974573549695666,0.00024993751562109475,False,0.006415062900941432,0.005673581604598851,Devin Vassell,SAS,1,69,72,0.4043854733965146,0.1739130434782609,0.26509661835748793,0.2304724299182537,0.0004998750312421895,False,0.019245188702824295,0.00941431308839457
2026_nyk_sas_api_20261005,1630170,Devin Vassell,SAS,3,4,1,72,67,0.27230839055963374,0.18200663349917082,0.2709369817578773,0.09030175706046292,0.04873781554611347,False,0.20848954428059652,0.14493647330525447,Devin Vassell,SAS,1,72,67,0.268708264252275,0.1824212271973466,0.2750829187396351,0.0862870370549284,0.05898525368657836,False,0.37848871115554444,0.20197980807828347
2026_nyk_sas_api_20261005,1630170,Devin Vassell,SAS,4,5,1,67,70,0.45450928787832423,0.179317697228145,0.2735607675906183,0.27519159065017923,0.00024993751562109475,False,0.006415062900941432,0.005673581604598851,Devin Vassell,SAS,1,67,70,0.3287470550439067,0.18528784648187635,0.2748400852878465,0.14345920856203037,0.005998500374906273,False,0.065983504123969,0.04420633971941797
2026_nyk_sas_api_20261005,1630540,Miles McBride,NYK,1,2,1,40,34,0.3929480386562689,0.2426470588235294,0.3676470588235294,0.15030097983273952,0.022494376405898527,False,0.13323592178878357,0.08958286744103448,Miles McBride,NYK,1,40,34,0.32991427726869643,0.23823529411764707,0.3602941176470588,0.09167898315104936,0.10722319420144964,False,0.5504123969007748,0.27631711475116294
2026_nyk_sas_api_20261005,1630540,Miles McBride,NYK,2,3,1,34,14,0.2669145655722837,0.3067226890756303,0.47058823529411764,-0.03980812350334656,0.6803299175206199,True,0.8586314959721607,0.7734635623231088,Miles McBride,NYK,1,34,14,0.16979390296264482,0.2899159663865546,0.46218487394957986,-0.12012206342390977,0.9375156210947263,True,0.9840706490044157,0.9601746089157469
2026_nyk_sas_api_20261005,1630540,Miles McBride,NYK,3,4,1,14,14,0.33085585585585586,0.3571428571428571,0.5,-0.026287001287001233,0.5456135966008497,True,0.7684328917770558,0.6614467379596383,Miles McBride,NYK,1,14,14,0.2855642493304626,0.3571428571428571,0.5714285714285713,-0.0715786078123945,0.7873031742064484,True,0.9493335621318552,0.8750681182163476
2026_nyk_sas_api_20261005,1630540,Miles McBride,NYK,4,5,1,14,23,0.2578173374613003,0.33850931677018636,0.5093167701863355,-0.08069197930888605,0.8067983004248938,True,0.9412646838290427,0.8625269114432538,Miles McBride,NYK,1,14,23,0.2796762589928058,0.33850931677018636,0.5124223602484472,-0.05883305777738057,0.7353161709572607,True,0.9281859862903127,0.8350826866147784
2026_nyk_sas_api_20261005,1630574,Ariel Hukporti,NYK,4,5,1,7,4,0.4032258064516129,0.35714285714285715,0.75,0.04608294930875573,0.49112721819545113,True,0.7684328917770558,0.6193659918353746,Ariel Hukporti,NYK,1,7,4,0.37787701820680175,0.49999999999999994,0.75,-0.1221229817931982,0.7038240439890028,True,0.9254000059307207,0.8129347560895125
2026_nyk_sas_api_20261005,1630577,Julian Champagnie,SAS,1,2,1,59,66,0.17784552845528454,0.15998972778633797,0.25115562403698,0.01785580066894657,0.3594101474631342,False,0.7096046501195215,0.5036179226798239,Julian Champagnie,SAS,1,59,66,0.19670945301197396,0.17167437082691317,0.2668335901386748,0.025035082185060786,0.3119220194951262,False,0.7098078421571078,0.5120656881784397
2026_nyk_sas_api_20261005,1630577,Julian Champagnie,SAS,2,3,1,66,54,0.26266412169587594,0.17508417508417506,0.26936026936026936,0.08757994661170088,0.05898525368657836,False,0.21627926351745397,0.1639549296349382,Julian Champagnie,SAS,1,66,54,0.3029459424604843,0.18855218855218855,0.2895622895622896,0.11439375390829573,0.03124218945263684,False,0.21869532616845788,0.13578336185184472
2026_nyk_sas_api_20261005,1630577,Julian Champagnie,SAS,3,4,1,54,55,0.2520732748038952,0.1717171717171717,0.2697138047138047,0.08035610308672347,0.08197950512371907,False,0.25249687578105473,0.20082029852249167,Julian Champagnie,SAS,1,54,55,0.21207100910511284,0.18855218855218853,0.2841919191919191,0.023518820552924313,0.3134216445888528,False,0.7098078421571078,0.5132847222976865
2026_nyk_sas_api_20261005,1630577,Julian Champagnie,SAS,4,5,1,55,58,0.17359989597800463,0.16677115987460817,0.2655172413793103,0.00682873610339646,0.45863534116470883,False,0.7677156797757082,0.5881933471434402,Julian Champagnie,SAS,1,55,58,0.15700483091787443,0.18197492163009402,0.2811912225705329,-0.02497009071221959,0.7083229192701824,False,0.9254000059307207,0.8148327324948423
2026_nyk_sas_api_20261005,1630631,Jose Alvarado,NYK,1,2,1,18,18,0.20422790668584653,0.2777777777777778,0.5,-0.07354987109193126,0.8770307423144214,True,0.9511460163128231,0.9063094620881956,Jose Alvarado,NYK,1,18,18,0.27069020866773674,0.2777777777777778,0.5,-0.007087569110041048,0.7090727318170458,True,0.9254000059307207,0.8148327324948423
2026_nyk_sas_api_20261005,1630631,Jose Alvarado,NYK,2,3,1,18,21,0.2201200825567578,0.3253968253968254,0.49999999999999994,-0.1052767428400676,0.8942764308922769,True,0.9563789608153517,0.9199429749813302,Jose Alvarado,NYK,1,18,21,0.14190476190476192,0.30952380952380953,0.47619047619047616,-0.1676190476190476,0.9840039990002499,True,0.996951420039727,0.9883773501069176
2026_nyk_sas_api_20261005,1630631,Jose Alvarado,NYK,3,4,1,21,24,0.3008961620884473,0.3035714285714286,0.46428571428571425,-0.0026752664829812756,0.5241189702574356,True,0.7684328917770558,0.6472199884811406,Jose Alvarado,NYK,1,21,24,0.2720462243474796,0.2976190476190476,0.45238095238095233,-0.025572823271568013,0.6238440389902524,True,0.9254000059307207,0.751742915334996
2026_nyk_sas_api_20261005,1630631,Jose Alvarado,NYK,4,5,1,24,18,0.4790053952615529,0.3055555555555555,0.4722222222222222,0.17344983970599737,0.03974006498375406,True,0.19124906273431644,0.13011050122084863,Jose Alvarado,NYK,1,24,18,0.4959538369580211,0.2916666666666667,0.45833333333333337,0.2042871702913544,0.019995001249687578,True,0.17106834402510485,0.09975165783022329
2026_nyk_sas_api_20261005,1641705,Victor Wembanyama,SAS,1,2,1,72,78,0.15140849660422617,0.13354700854700852,0.22115384615384617,0.017861488057217656,0.3461634591352162,False,0.701436482984517,0.4904522310170898,Victor Wembanyama,SAS,1,72,78,0.08351897475872574,0.14957264957264954,0.2329059829059829,-0.0660536748139238,0.9585103724068983,False,0.9840706490044157,0.9714051307800853
2026_nyk_sas_api_20261005,1641705,Victor Wembanyama,SAS,2,3,1,78,75,0.15495737813456925,0.13333333333333333,0.2123076923076923,0.02162404480123592,0.32191952011997,False,0.701436482984517,0.4714563294660206,Victor Wembanyama,SAS,1,78,75,0.13103136231277987,0.1471794871794872,0.23282051282051286,-0.01614812486670733,0.6610847288177956,False,0.9254000059307207,0.7835934373050094
2026_nyk_sas_api_20261005,1641705,Victor Wembanyama,SAS,3,4,1,75,72,0.28957599780724874,0.15999999999999998,0.24444444444444446,0.12957599780724877,0.0094976255936016,False,0.09382029492626844,0.05092821282868259,Victor Wembanyama,SAS,1,75,72,0.32238749271588635,0.17388888888888887,0.2583333333333333,0.14849860382699748,0.0029992501874531365,False,0.060943097558943594,0.029470893146278643
2026_nyk_sas_api_20261005,1641705,Victor Wembanyama,SAS,4,5,1,72,70,0.19482170766843357,0.16924603174603176,0.25636904761904755,0.025575675922401814,0.31092226943264184,False,0.701436482984517,0.4626818186283123,Victor Wembanyama,SAS,1,72,70,0.21713571669954332,0.17936507936507937,0.26865079365079364,0.03777063733446395,0.22844288927768058,False,0.7098078421571078,0.44379449550219896
2026_nyk_sas_api_20261005,1642264,Stephon Castle,SAS,1,2,1,60,50,0.1736301369863014,0.18999999999999997,0.29000000000000004,-0.016369863013698582,0.5953511622094476,False,0.7903799912090943,0.7026588240288282,Stephon Castle,SAS,1,60,50,0.12304247604076543,0.19666666666666663,0.29349999999999915,-0.0736241906259012,0.9270182454386403,False,0.9840706490044157,0.95374563036024
2026_nyk_sas_api_20261005,1642264,Stephon Castle,SAS,2,3,1,50,76,0.19003626107977437,0.17894736842105263,0.27160526315789457,0.011088892658721733,0.4118970257435641,False,0.756977422311089,0.5478552236940765,Stephon Castle,SAS,1,50,76,0.19895422708136914,0.1805263157894737,0.27736842105263154,0.018427911291895444,0.3686578355411147,False,0.7470171930701535,0.5642212471712771
2026_nyk_sas_api_20261005,1642264,Stephon Castle,SAS,3,4,1,76,44,0.2211798128342246,0.18062200956937796,0.2834928229665072,0.04055780326484665,0.2466883279180205,False,0.5935937890527369,0.39809182775396196,Stephon Castle,SAS,1,76,44,0.17302443706875537,0.18301435406698563,0.28349282296650713,-0.009989916998230264,0.5658585353661585,False,0.8714221444638841,0.7201154683186614
2026_nyk_sas_api_20261005,1642264,Stephon Castle,SAS,4,5,1,44,60,0.19955422125181949,0.18787878787878787,0.28939393939393937,0.011675433373031618,0.42464383904023995,False,0.756977422311089,0.5586463269019598,Stephon Castle,SAS,1,44,60,0.21580206110544686,0.18333333333333335,0.28939393939393937,0.032468727772113515,0.2889277680579855,False,0.7098078421571078,0.49095996677522347
2026_nyk_sas_api_20261005,1642844,Dylan Harper,SAS,1,2,1,55,67,0.3280454797952936,0.18724559023066484,0.2871099050203528,0.14079988956462874,0.012246938265433641,False,0.10007498125468632,0.060435977962031234,Dylan Harper,SAS,1,55,67,0.2801364484146461,0.19565807327001355,0.2930800542740841,0.08447837514463252,0.07273181704573857,False,0.40002499375156214,0.22829709239356827
2026_nyk_sas_api_20261005,1642844,Dylan Harper,SAS,2,3,1,67,60,0.3202293048020896,0.18905472636815923,0.2890547263681592,0.13117457843393038,0.0189952511872032,False,0.12188619511788719,0.08084853786553362,Dylan Harper,SAS,1,67,60,0.24915343442468296,0.18656716417910446,0.2848258706467662,0.0625862702455785,0.13696575856035992,False,0.5859090782859842,0.311144621871288
2026_nyk_sas_api_20261005,1642844,Dylan Harper,SAS,3,4,1,60,49,0.1424738182028583,0.19931972789115643,0.3047619047619048,-0.05684590968829814,0.8737815546113472,False,0.9511460163128231,0.9063094620881956,Dylan Harper,SAS,1,60,49,0.15381929757420726,0.20510204081632652,0.30680272108843537,-0.05128274324211926,0.8260434891277181,False,0.9493335621318552,0.895472617468636
2026_nyk_sas_api_20261005,1642844,Dylan Harper,SAS,4,5,1,49,59,0.20563274277465848,0.19249394673123488,0.30370114147353855,0.013138796043423606,0.41489627593101724,False,0.756977422311089,0.5496972060486824,Dylan Harper,SAS,1,49,59,0.16011938483646765,0.20200622621930128,0.3013836042891727,-0.041886841382833634,0.77855536115971,False,0.9493335621318552,0.8667660671039136
2026_nyk_sas_api_20261005,1642868,Carter Bryant,SAS,1,2,1,9,6,0.7125262054507336,0.22222222222222224,0.5555555555555556,0.49030398322851143,0.009747563109222694,False,0.09382029492626844,0.05186008185453637,Carter Bryant,SAS,1,9,6,0.7139436360287347,0.2777777777777778,0.5583333333333182,0.4361658582509569,0.01799550112471882,True,0.17106834402510485,0.095319920019995
2026_nyk_sas_api_20261005,1642868,Carter Bryant,SAS,2,3,1,6,5,0.9694444444444444,0.39999999999999997,0.6666666666666667,0.5694444444444444,0.0022494376405898524,True,0.03849037740564859,0.01914833791552112,Carter Bryant,SAS,1,6,5,0.932301153612629,0.4,0.6666666666666667,0.532301153612629,0.00424893776555861,True,0.060943097558943594,0.037412724740892696
2026_nyk_sas_api_20261005,1642868,Carter Bryant,SAS,3,4,1,5,9,0.7027210884353742,0.44444444444444453,0.6888888888888889,0.25827664399092964,0.04548862784303924,True,0.2060367261125895,0.14080797982322601,Carter Bryant,SAS,1,5,9,0.5776583034647551,0.4666666666666667,0.7777777777777777,0.11099163679808843,0.2839290177455636,True,0.7098078421571078,0.48983174053814793
2026_nyk_sas_api_20261005,1642868,Carter Bryant,SAS,4,5,1,9,12,0.3421768707482993,0.3611111111111111,0.5833333333333334,-0.018934240362811827,0.5238690327418145,True,0.7684328917770558,0.6472199884811406,Carter Bryant,SAS,1,9,12,0.4110835401157982,0.36111111111111116,0.611111111111111,0.04997242900468701,0.4021494626343414,True,0.7632360202632269,0.5914475827897689
2026_okc_sas_api_20261005,202687,Bismack Biyombo,SAS,3,5,2,4,4,0.7809523809523808,0.75,1.0,0.030952380952380842,0.11672081979505124,True,0.24185130188041223,0.24762267377080963,Bismack Biyombo,SAS,2,4,4,0.5523809523809524,0.75,1.0,-0.19761904761904758,0.5153711572106974,True,0.6466266316303807,0.6771737298233582
2026_okc_sas_api_20261005,202687,Bismack Biyombo,SAS,5,6,1,4,12,0.7000000000000001,0.5,0.7500000000000001,0.20000000000000007,0.12621844538865284,True,0.24766535638817566,0.2612606726737769,Bismack Biyombo,SAS,1,4,12,0.6521739130434783,0.5,0.7500000000000001,0.15217391304347827,0.24368907773056736,True,0.4234097725568608,0.4576764396158578
2026_okc_sas_api_20261005,203084,Harrison Barnes,SAS,1,2,1,12,24,0.5832006369426751,0.3333333333333333,0.5416666666666666,0.24986730360934178,0.025743564108972758,True,0.09835378993089566,0.0977987547312067,Harrison Barnes,SAS,1,12,24,0.5413265306122449,0.3333333333333334,0.5416666666666666,0.20799319727891147,0.0614846288427893,True,0.18183751934356834,0.20739591221597586
2026_okc_sas_api_20261005,203084,Harrison Barnes,SAS,2,3,1,24,4,0.5459890463917525,0.45833333333333337,0.7083333333333335,0.08765571305841913,0.27843039240189954,True,0.3937399488511711,0.4299571365661986,Harrison Barnes,SAS,1,24,4,0.6757369614512472,0.5,0.7916666666666665,0.17573696145124718,0.13046738315421144,True,0.278999480899006,0.305023744063984
2026_okc_sas_api_20261005,203084,Harrison Barnes,SAS,3,4,1,4,28,0.5867497802285622,0.6071428571428572,0.8214285714285715,-0.02039307691429504,0.5843539115221195,True,0.6544763809047738,0.6932839960741521,Harrison Barnes,SAS,1,4,28,0.6400471142520613,0.6428571428571428,0.8214285714285715,-0.002810028605081505,0.5221194701324668,True,0.6479875566822579,0.6807634629804087
2026_okc_sas_api_20261005,203084,Harrison Barnes,SAS,4,5,1,28,8,0.7482920958550139,0.4642857142857143,0.6607142857142857,0.2840063815692996,0.011997000749812546,True,0.05998500374906273,0.060435977962031234,Harrison Barnes,SAS,1,28,8,0.6557294295810197,0.4821428571428571,0.6607142857142858,0.17358657243816256,0.06498375406148463,True,0.18505067610648357,0.2147011790741635
2026_okc_sas_api_20261005,203084,Harrison Barnes,SAS,5,6,1,8,24,0.6917290638694317,0.4583333333333333,0.6666666666666666,0.23339573053609836,0.03074231442139465,True,0.11035702612808336,0.11076992656597756,Harrison Barnes,SAS,1,8,24,0.7499999999999999,0.4583333333333333,0.6666666666666666,0.2916666666666666,0.014996250937265684,True,0.0769271967722355,0.08402857963195152
2026_okc_sas_api_20261005,203084,Harrison Barnes,SAS,6,7,1,24,4,0.6292112720403022,0.625,0.8333333333333334,0.00421127204030225,0.427393151712072,True,0.53424143964009,0.5586463269019598,Harrison Barnes,SAS,1,24,4,0.8208333333333333,0.6249999999999999,0.8333333333333334,0.19583333333333341,0.06923269182704324,True,0.19167621887631542,0.22326645826694985
2026_okc_sas_api_20261005,203482,Kelly Olynyk,SAS,3,4,1,4,5,0.5022727272727272,0.55,0.8,-0.04772727272727284,0.6315921019745063,True,0.6908038615346163,0.7323551765119944,Kelly Olynyk,SAS,1,4,5,0.5326923076923078,0.55,0.8,-0.017307692307692246,0.6088477880529868,True,0.6936872339292226,0.7411109520644974
2026_okc_sas_api_20261005,203482,Kelly Olynyk,SAS,4,5,1,5,5,0.6879157427937914,0.6,0.8,0.08791574279379144,0.1887028242939265,True,0.31644262847331645,0.33951670393747213,Kelly Olynyk,SAS,1,5,5,0.7661538461538461,0.6,0.8,0.1661538461538461,0.2316920769807548,True,0.41997412039395215,0.44627053463906746
2026_okc_sas_api_20261005,203482,Kelly Olynyk,SAS,5,6,1,5,11,0.7430057388809181,0.4363636363636364,0.7090909090909091,0.30664210251728174,0.02224443889027743,True,0.0915947483717306,0.08958286744103448,Kelly Olynyk,SAS,1,5,11,0.6783177570093458,0.4363636363636364,0.7272727272727272,0.24195412064570943,0.07998000499875031,True,0.19167621887631542,0.23783527802259963
2026_okc_sas_api_20261005,203486,Mason Plumlee,SAS,3,5,2,4,5,0.5384615384615384,0.6,0.9999999999999999,-0.06153846153846154,0.6955761059735066,True,0.7377322336082646,0.781662257702901,Mason Plumlee,SAS,2,4,5,0.41512605042016804,0.55,0.8,-0.134873949579832,0.7023244188952762,True,0.7664802549362659,0.8128761325027104
2026_okc_sas_api_20261005,203486,Mason Plumlee,SAS,5,6,1,5,9,0.49325236167341424,0.4666666666666667,0.7777777777777778,0.026585695006747567,0.4001499625093727,True,0.5165981231964736,0.5428329172686909,Mason Plumlee,SAS,1,5,9,0.43202614379084964,0.4666666666666666,0.7777777777777777,-0.03464052287581698,0.5683579105223694,True,0.6810495651949082,0.7216229650452556
2026_okc_sas_api_20261005,1627936,Alex Caruso,OKC,1,2,1,60,49,0.4480197095822912,0.19693877551020406,0.2997108843537412,0.25108093407208715,0.00024993751562109475,False,0.006998250437390653,0.005673581604598851,Alex Caruso,OKC,1,60,49,0.4077118736532009,0.20102040816326533,0.30680272108843537,0.20669146548993556,0.000999750062484379,False,0.015440584298369855,0.014421926433285298
2026_okc_sas_api_20261005,1627936,Alex Caruso,OKC,2,3,1,49,46,0.36304687187287354,0.2346938775510204,0.3433895297249335,0.12835299432185315,0.028742814296425893,False,0.10589457898683224,0.10467302960356167,Alex Caruso,OKC,1,49,46,0.3458324462422823,0.24401064773735584,0.35270629991126884,0.10182179850492648,0.06523369157710572,False,0.18505067610648357,0.2147011790741635
2026_okc_sas_api_20261005,1627936,Alex Caruso,OKC,3,4,1,46,29,0.20386152906557103,0.260119940029985,0.38905547226386805,-0.056258410964413974,0.7950512371907024,True,0.8124611182970681,0.853990366761622,Alex Caruso,OKC,1,46,29,0.16183816183816183,0.260119940029985,0.3868065967016492,-0.09828177819182318,0.9437640589852537,True,0.9506029289779006,0.9636626987831356
2026_okc_sas_api_20261005,1627936,Alex Caruso,OKC,4,5,1,29,53,0.34831658734355725,0.2654521795705921,0.3820104098893944,0.08286440777296517,0.12121969507623094,True,0.2424393901524619,0.2547858405768928,Alex Caruso,OKC,1,29,53,0.3425849103815206,0.2654521795705921,0.3845152895250488,0.07713273081092853,0.13771557110722318,True,0.2857084236403586,0.3112371907023244
2026_okc_sas_api_20261005,1627936,Alex Caruso,OKC,5,6,1,53,41,0.2895336450257442,0.23331799355729407,0.34560515416474924,0.05621565146845012,0.1997000749812547,False,0.31644262847331645,0.3469279363832511,Alex Caruso,OKC,1,53,41,0.23900100838478855,0.23469857340082834,0.34429360331339126,0.004302434983960213,0.46613346663334165,False,0.6103634641798266,0.6383584826684895
2026_okc_sas_api_20261005,1627936,Alex Caruso,OKC,6,7,1,41,68,0.39040859862159494,0.2026542324246772,0.31061692969870874,0.18775436619691774,0.0024993751562109472,False,0.02332750145796884,0.019791563736972734,Alex Caruso,OKC,1,41,68,0.34232684311031,0.2065997130559541,0.31061692969870874,0.13572713005435588,0.01799550112471882,False,0.0833791552111972,0.095319920019995
2026_okc_sas_api_20261005,1628368,De'Aaron Fox,SAS,3,4,1,61,52,0.41059383803394567,0.20901639344262293,0.308953341740227,0.20157744459132274,0.000999750062484379,False,0.013996500874781307,0.011539488009353595,De'Aaron Fox,SAS,1,61,52,0.40311986863711,0.2140605296343001,0.3203026481715006,0.1890593390028099,0.0029992501874531365,False,0.028227318170457386,0.029470893146278643
2026_okc_sas_api_20261005,1628368,De'Aaron Fox,SAS,4,5,1,52,67,0.357448704079128,0.20407577497129736,0.3082807118254879,0.15337292910783062,0.008247938015496127,False,0.047588102974256426,0.04529714345607147,De'Aaron Fox,SAS,1,52,67,0.31329605467536503,0.2078071182548794,0.30654420206659017,0.10548893642048562,0.04148962759310172,False,0.14150730610030418,0.1654703971066057
2026_okc_sas_api_20261005,1628368,De'Aaron Fox,SAS,5,6,1,67,48,0.26259235229918876,0.19278606965174128,0.29633084577114427,0.06980628264744748,0.11747063234191452,False,0.24185130188041223,0.24843944293429746,De'Aaron Fox,SAS,1,67,48,0.22134998068608033,0.20398009950248752,0.30845771144278605,0.01736988118359281,0.38315421144713824,False,0.5434534223586961,0.5811600791077398
2026_okc_sas_api_20261005,1628368,De'Aaron Fox,SAS,6,7,1,48,58,0.1940676918003051,0.1968390804597701,0.3017241379310345,-0.002771388659465024,0.5148712821794551,False,0.6057309202111236,0.6410006273568719,De'Aaron Fox,SAS,1,48,58,0.23121333524109314,0.2033045977011494,0.30747126436781613,0.027908737539943745,0.3226693326668333,False,0.4822692176418261,0.5208804941621737
2026_okc_sas_api_20261005,1628392,Isaiah Hartenstein,OKC,1,2,1,27,49,0.6288439979777108,0.199546485260771,0.3287981859410431,0.42929751271693983,0.00024993751562109475,False,0.006998250437390653,0.005673581604598851,Isaiah Hartenstein,OKC,1,27,49,0.6231450838048469,0.21844293272864704,0.345427059712774,0.4047021510761999,0.00024993751562109475,False,0.008685328667833043,0.006052058413967937
2026_okc_sas_api_20261005,1628392,Isaiah Hartenstein,OKC,2,3,1,49,41,0.3127572016460905,0.16625186660029861,0.26779492284718764,0.14650533504579188,0.010747313171707074,False,0.05572680903848112,0.05544636568130695,Isaiah Hartenstein,OKC,1,49,41,0.31359323933603456,0.19462419113987056,0.2986560477849677,0.118969048196164,0.03299175206198451,False,0.12738482046155128,0.13980254936265935
2026_okc_sas_api_20261005,1628392,Isaiah Hartenstein,OKC,3,4,1,41,34,0.22246834819934236,0.17001434720229558,0.28984935437589654,0.05245400099704678,0.2079480129967508,False,0.31644262847331645,0.3549187890997175,Isaiah Hartenstein,OKC,1,41,34,0.21960041087368523,0.21162123385939746,0.33070301291248205,0.00797917701428777,0.4468882779305174,False,0.5986195758752619,0.6280719347883768
2026_okc_sas_api_20261005,1628392,Isaiah Hartenstein,OKC,4,5,1,34,61,0.24358238921554567,0.1923818707810993,0.30231436837029896,0.05120051843444637,0.2041989502624344,False,0.31644262847331645,0.35248023437178677,Isaiah Hartenstein,OKC,1,34,61,0.2044247097472291,0.20829315332690457,0.3168756027000959,-0.0038684435796754735,0.5286178455386153,False,0.65024673035281,0.6852827902011113
2026_okc_sas_api_20261005,1628392,Isaiah Hartenstein,OKC,5,6,1,61,27,0.23266727217680894,0.2143290831815422,0.3339708561020035,0.018338188995266735,0.3806548362909273,False,0.5027516705729228,0.5258132728481165,Isaiah Hartenstein,OKC,1,61,27,0.2569594052295865,0.23132969034608378,0.35154826958105645,0.025629714883502713,0.3556610847288178,False,0.5149676122636008,0.5574571874272811
2026_okc_sas_api_20261005,1628392,Isaiah Hartenstein,OKC,6,7,1,27,38,0.2865513701334597,0.19980506822612087,0.334307992202729,0.08674630190733884,0.13496625843539115,False,0.24766535638817566,0.26953672139149965,Isaiah Hartenstein,OKC,1,27,38,0.3014852858194895,0.2183235867446394,0.3469785575048733,0.08316169907485013,0.13596600849787552,False,0.2857084236403586,0.31038704970222086
2026_okc_sas_api_20261005,1628436,Luke Kornet,SAS,1,2,1,21,18,0.8426076912623996,0.26190476190476186,0.4285714285714286,0.5807029293576378,0.00024993751562109475,True,0.006998250437390653,0.005673581604598851,Luke Kornet,SAS,1,21,18,0.7962085308056873,0.2698412698412698,0.45238095238095233,0.5263672609644174,0.00024993751562109475,True,0.008685328667833043,0.006052058413967937
2026_okc_sas_api_20261005,1628436,Luke Kornet,SAS,2,3,1,18,21,0.3580654958640773,0.2777777777777778,0.46031746031746024,0.08028771808629953,0.21219695076230943,True,0.3194362699647669,0.3603643976786352,Luke Kornet,SAS,1,18,21,0.3825940773309195,0.30158730158730157,0.46825396825396826,0.08100677574361792,0.19120219945013747,True,0.37432543272632546,0.39522893666827197
2026_okc_sas_api_20261005,1628436,Luke Kornet,SAS,3,4,1,21,29,0.42850495826911333,0.2791461412151067,0.4302134646962233,0.1493588170540066,0.05273681579605099,True,0.14613993560433422,0.1521769981233505,Luke Kornet,SAS,1,21,29,0.4140230713770727,0.2824302134646962,0.43842364532019706,0.13159285791237652,0.07748062984253937,True,0.19167621887631542,0.2355689104629672
2026_okc_sas_api_20261005,1628436,Luke Kornet,SAS,4,5,1,29,17,0.6171850206283719,0.30831643002028397,0.4746450304259635,0.3088685906080879,0.0022494376405898524,True,0.02332750145796884,0.01914833791552112,Luke Kornet,SAS,1,29,17,0.6394206964845683,0.3022312373225152,0.46450304259634884,0.3371894591620531,0.000999750062484379,True,0.015440584298369855,0.014421926433285298
2026_okc_sas_api_20261005,1628436,Luke Kornet,SAS,5,6,1,17,29,0.4250415775718698,0.2515212981744422,0.41987829614604466,0.1735202793974276,0.048987753061734564,True,0.14360993085062068,0.14504634710887496,Luke Kornet,SAS,1,17,29,0.41793748420254445,0.27586206896551724,0.43417849898580074,0.1420754152370272,0.07048237940514872,True,0.19167621887631542,0.22541062847495674
2026_okc_sas_api_20261005,1628436,Luke Kornet,SAS,6,7,1,29,12,0.6250890947968639,0.29310344827586204,0.47413793103448276,0.3319856465210019,0.0024993751562109472,True,0.02332750145796884,0.019791563736972734,Luke Kornet,SAS,1,29,12,0.3892773892773893,0.3218390804597701,0.5028735632183908,0.0674383088176192,0.2681829542614346,True,0.44632371318934977,0.4797573693647828
2026_okc_sas_api_20261005,1628983,Shai Gilgeous-Alexander,OKC,1,2,1,108,77,0.18118953427922957,0.14730639730639733,0.22499398749398747,0.03388313697283224,0.22419395151212196,False,0.33390588523081993,0.3751255060927643,Shai Gilgeous-Alexander,OKC,1,108,77,0.1628078304406198,0.14760702260702258,0.2273929773929774,0.01520080783359723,0.36790802299425146,False,0.5272084040845458,0.5642212471712771
2026_okc_sas_api_20261005,1628983,Shai Gilgeous-Alexander,OKC,2,3,1,77,75,0.2835431030965689,0.17246753246753246,0.2616450216450216,0.11107557062903642,0.021994501374656337,False,0.0915947483717306,0.08958286744103448,Shai Gilgeous-Alexander,OKC,1,77,75,0.30216247808299235,0.17454545454545456,0.2616450216450216,0.1276170235375378,0.010997250687328168,False,0.06797213740043251,0.06869904145585226
2026_okc_sas_api_20261005,1628983,Shai Gilgeous-Alexander,OKC,3,4,1,75,69,0.3098458036064166,0.17739130434782613,0.2631884057971014,0.13245449925859049,0.007498125468632842,False,0.047588102974256426,0.042909440707050134,Shai Gilgeous-Alexander,OKC,1,75,69,0.29427660462143224,0.17971014492753626,0.2707246376811594,0.11456645969389598,0.02024493876530867,False,0.08737967023395665,0.09975165783022329
2026_okc_sas_api_20261005,1628983,Shai Gilgeous-Alexander,OKC,4,5,1,69,76,0.17348661037209784,0.16933638443935928,0.2597254004576659,0.0041502259327385604,0.46613346663334165,False,0.5674668289449377,0.5944511063245425,Shai Gilgeous-Alexander,OKC,1,69,76,0.22707749766573296,0.17067124332570557,0.2585812356979405,0.056406254340027384,0.14121469632591852,False,0.28865945278386285,0.3159853600956196
2026_okc_sas_api_20261005,1628983,Shai Gilgeous-Alexander,OKC,5,6,1,76,55,0.16293065266106033,0.1720095693779904,0.26486842105263136,-0.009078916716930063,0.569857535616096,False,0.6433875402117212,0.680829792551862,Shai Gilgeous-Alexander,OKC,1,76,55,0.12396592812817064,0.17248803827751197,0.26555023923444976,-0.048522110149341324,0.855036240939765,False,0.8936093044408071,0.9129363328459223
2026_okc_sas_api_20261005,1628983,Shai Gilgeous-Alexander,OKC,6,7,1,55,83,0.2453886765067302,0.16582694414019716,0.2578313253012048,0.07956173236653305,0.06973256685828542,False,0.1877415261569223,0.182645684732663,Shai Gilgeous-Alexander,OKC,1,55,83,0.20989702242457836,0.16779846659364728,0.2633077765607886,0.042098555830931084,0.21469632591852036,False,0.408805332913347,0.42562604962794387
2026_okc_sas_api_20261005,1629026,Kenrich Williams,OKC,3,4,1,2,49,0.9512195121951218,0.7755102040816327,0.9387755102040817,0.17570930811348906,0.03449137715571107,True,0.12071982004498875,0.12045450175917559,Kenrich Williams,OKC,1,2,49,0.9096509240246407,0.7959183673469389,0.9387755102040817,0.11373255667770177,0.10572356910772307,True,0.2370254210640888,0.274638236992476
2026_okc_sas_api_20261005,1629026,Kenrich Williams,OKC,4,5,1,49,21,0.38594140134576593,0.3197278911564626,0.44897959183673475,0.06621351018930333,0.20444888777805548,True,0.31644262847331645,0.35248023437178677,Kenrich Williams,OKC,1,49,21,0.3264093483716731,0.3333333333333333,0.46258503401360546,-0.00692398496166019,0.5511122219445139,True,0.6719701653533985,0.7086410215627912
2026_okc_sas_api_20261005,1629026,Kenrich Williams,OKC,5,6,1,21,27,0.6949937120381023,0.3650793650793651,0.5132275132275131,0.3299143469587372,0.0004998750312421895,True,0.008747813046738316,0.007916625494789093,Kenrich Williams,OKC,1,21,27,0.6359098228663445,0.39153439153439146,0.5396825396825397,0.244375431331953,0.0029992501874531365,True,0.028227318170457386,0.029470893146278643
2026_okc_sas_api_20261005,1629026,Kenrich Williams,OKC,6,7,1,27,9,0.6565960729661798,0.4444444444444444,0.6296296296296298,0.2121516285217354,0.049237690577355664,True,0.14360993085062068,0.1451552696241524,Kenrich Williams,OKC,1,27,9,0.7318035426731079,0.4814814814814814,0.6666666666666666,0.2503220611916265,0.015496125968507872,True,0.0769271967722355,0.08541766997275071
2026_okc_sas_api_20261005,1629162,Jordan McLaughlin,SAS,2,3,1,15,3,0.7209302325581395,0.5333333333333333,0.8,0.18759689922480616,0.19595101224693826,True,0.31644262847331645,0.34613245913327867,Jordan McLaughlin,SAS,1,15,3,0.6573113687207647,0.5333333333333333,0.8666666666666666,0.12397803538743135,0.2786803299175206,True,0.44844248707937956,0.48823065551441597
2026_okc_sas_api_20261005,1629162,Jordan McLaughlin,SAS,3,4,1,3,6,0.5227610094012864,0.5,0.8333333333333334,0.022761009401286447,0.47888027993001747,True,0.5681630439847665,0.6050416894848644,Jordan McLaughlin,SAS,1,3,6,0.5209235209235209,0.5,0.8333333333333334,0.0209235209235209,0.4786303424143964,True,0.6103634641798266,0.6419966154706382
2026_okc_sas_api_20261005,1629162,Jordan McLaughlin,SAS,4,5,1,6,5,0.631578947368421,0.5,0.8333333333333334,0.13157894736842102,0.4323919020244939,True,0.5357067812692845,0.5636697900094766,Jordan McLaughlin,SAS,1,6,5,0.5098039215686274,0.5,0.8333333333333334,0.009803921568627416,0.4746313421644589,True,0.6103634641798266,0.6419966154706382
2026_okc_sas_api_20261005,1629162,Jordan McLaughlin,SAS,5,6,1,5,14,0.604991861096039,0.44285714285714284,0.7142857142857143,0.16213471823889614,0.1334666333416646,True,0.24766535638817566,0.26953672139149965,Jordan McLaughlin,SAS,1,5,14,0.5394242803504381,0.4428571428571429,0.7142857142857143,0.09656713749329521,0.2636840789802549,True,0.44632371318934977,0.4792970658139754
2026_okc_sas_api_20261005,1629640,Keldon Johnson,SAS,1,2,1,39,51,0.41320989048210455,0.24132730015082954,0.35444947209653094,0.171882590331275,0.008247938015496127,False,0.047588102974256426,0.04529714345607147,Keldon Johnson,SAS,1,39,51,0.4240076513572051,0.248868778280543,0.36206636500754114,0.1751388730766621,0.005498625343664084,False,0.038215446138465385,0.04420633971941797
2026_okc_sas_api_20261005,1629640,Keldon Johnson,SAS,2,3,1,51,27,0.4941176470588235,0.2570806100217865,0.38344226579520696,0.237037037037037,0.0029992501874531365,True,0.026243439140214944,0.02127593101724569,Keldon Johnson,SAS,1,51,27,0.48135710977304313,0.2657952069716776,0.3921568627450981,0.21556190280136556,0.0049987503124218945,True,0.03656980491719176,0.04184139150397586
2026_okc_sas_api_20261005,1629640,Keldon Johnson,SAS,3,4,1,27,30,0.5962250320689023,0.3259259259259259,0.4666666666666667,0.2702991061429764,0.0014996250937265683,True,0.019086137556519958,0.015018304247467544,Keldon Johnson,SAS,1,27,30,0.5641778523489933,0.30740740740740735,0.4444444444444445,0.25677044494158596,0.0029992501874531365,True,0.028227318170457386,0.029470893146278643
2026_okc_sas_api_20261005,1629640,Keldon Johnson,SAS,4,5,1,30,36,0.5019405348738654,0.2972222222222222,0.42777777777777776,0.20471831265164314,0.004498875281179705,True,0.03499125218695326,0.02836790802299425,Keldon Johnson,SAS,1,30,36,0.4759988101656473,0.28888888888888886,0.41666666666666674,0.18710992127675846,0.013496625843539115,True,0.07215503816353604,0.07754840950779254
2026_okc_sas_api_20261005,1629640,Keldon Johnson,SAS,5,6,1,36,35,0.4442183115214142,0.2912698412698413,0.40952380952380957,0.15294847025157293,0.015746063484128967,True,0.07601547888889845,0.072453170491161,Keldon Johnson,SAS,1,36,35,0.3783321431654282,0.2936507936507936,0.40952380952380957,0.08468134951463457,0.11997000749812547,True,0.26055986003499126,0.29154001822125114
2026_okc_sas_api_20261005,1629640,Keldon Johnson,SAS,6,7,1,35,28,0.6458730458730458,0.29285714285714287,0.4214285714285715,0.35301590301590297,0.00024993751562109475,True,0.006998250437390653,0.005673581604598851,Keldon Johnson,SAS,1,35,28,0.522622420072845,0.3,0.4357142857142857,0.222622420072845,0.0032491877030742314,True,0.028227318170457386,0.030596517537282344
2026_okc_sas_api_20261005,1629652,Luguentz Dort,OKC,1,2,1,42,27,0.30509915830739076,0.21957671957671954,0.3492063492063492,0.08552243873067122,0.1284678830292427,False,0.24766535638817566,0.2643100554166594,Luguentz Dort,OKC,1,42,27,0.35290125551408214,0.21693121693121695,0.35185185185185186,0.1359700385828652,0.04998750312421894,False,0.15791506668787347,0.18123811293166014
2026_okc_sas_api_20261005,1629652,Luguentz Dort,OKC,2,3,1,27,42,0.3169642857142857,0.2433862433862434,0.3756613756613757,0.0735780423280423,0.17295676080979755,False,0.2989376112761933,0.3187939501611084,Luguentz Dort,OKC,1,27,42,0.35494505494505496,0.24603174603174605,0.3756613756613756,0.10891330891330891,0.07948012996750813,False,0.19167621887631542,0.23783527802259963
2026_okc_sas_api_20261005,1629652,Luguentz Dort,OKC,3,4,1,42,30,0.2196903935185185,0.23809523809523808,0.3571428571428571,-0.018404844576719592,0.5898525368657835,False,0.6553917076286483,0.6973777388986087,Luguentz Dort,OKC,1,42,30,0.2331081081081081,0.2476190476190476,0.37142857142857133,-0.014510939510939513,0.5871032241939516,False,0.687074099243784,0.737950622638458
2026_okc_sas_api_20261005,1629652,Luguentz Dort,OKC,4,5,1,30,36,0.37343073593073595,0.26666666666666666,0.4,0.10676406926406928,0.08897775556110972,True,0.20994751312171958,0.21112840256834745,Luguentz Dort,OKC,1,30,36,0.25363968941317006,0.2722222222222222,0.4002777777777764,-0.018582532809052144,0.5981004748812797,True,0.687074099243784,0.7385271863852219
2026_okc_sas_api_20261005,1629652,Luguentz Dort,OKC,5,6,1,36,39,0.3657741435519214,0.28632478632478636,0.405982905982906,0.07944935722713503,0.1327168207948013,True,0.24766535638817566,0.26953672139149965,Luguentz Dort,OKC,1,36,39,0.4199387063669464,0.28205128205128205,0.41025641025641024,0.13788742431566436,0.04073981504623844,True,0.14150730610030418,0.1644142535794623
2026_okc_sas_api_20261005,1629652,Luguentz Dort,OKC,6,7,1,39,27,0.3979214619515937,0.2962962962962963,0.42165242165242167,0.10162516565529744,0.08897775556110972,True,0.20994751312171958,0.21112840256834745,Luguentz Dort,OKC,1,39,27,0.437518191975813,0.2962962962962963,0.43019943019943024,0.1412218956795167,0.04023994001499625,True,0.14150730610030418,0.16336933730639197
2026_okc_sas_api_20261005,1630170,Devin Vassell,SAS,1,2,1,98,70,0.2714107419521432,0.16530612244897958,0.2510204081632653,0.10610461950316363,0.022994251437140716,False,0.09197700574856287,0.09104119319007457,Devin Vassell,SAS,1,98,70,0.36121822227085393,0.17142857142857143,0.2510204081632653,0.1897896508422825,0.0007498125468632841,False,0.015440584298369855,0.012709322669332664
2026_okc_sas_api_20261005,1630170,Devin Vassell,SAS,2,3,1,70,65,0.25858126030539824,0.18791208791208794,0.2780769230769228,0.0706691723933103,0.09547613096725818,False,0.20994751312171958,0.21818538653927122,Devin Vassell,SAS,1,70,65,0.22105919684867048,0.19450549450549454,0.28681318681318685,0.026553702343175944,0.3111722069482629,False,0.48058818628676164,0.5120656881784397
2026_okc_sas_api_20261005,1630170,Devin Vassell,SAS,3,4,1,65,60,0.37243790692066553,0.21410256410256412,0.3076923076923077,0.1583353428181014,0.0047488127968008,False,0.03499125218695326,0.02966918820753527,Devin Vassell,SAS,1,65,60,0.41635546423526393,0.2217948717948718,0.3166666666666666,0.19456059244039212,0.00024993751562109475,False,0.008685328667833043,0.006052058413967937
2026_okc_sas_api_20261005,1630170,Devin Vassell,SAS,4,5,1,60,68,0.2942904736296743,0.1970588235294118,0.28823529411764703,0.09723165010026252,0.04148962759310172,False,0.12907884140076092,0.13344903210817016,Devin Vassell,SAS,1,60,68,0.3409526826950026,0.20588235294117646,0.30098039215686273,0.13507032975382616,0.011747063234191453,False,0.06803507456469217,0.07048237940514872
2026_okc_sas_api_20261005,1630170,Devin Vassell,SAS,5,6,1,68,52,0.22985318511549604,0.18212669683257918,0.2816742081447964,0.04772648828291687,0.20594851287178206,False,0.31644262847331645,0.3528169465171396,Devin Vassell,SAS,1,68,52,0.25470774627963555,0.19683257918552038,0.29411764705882354,0.057875167094115165,0.15546113471632092,False,0.31317532935606673,0.3411088975328983
2026_okc_sas_api_20261005,1630170,Devin Vassell,SAS,6,7,1,52,59,0.25055118937954196,0.18252933507170793,0.28552803129074317,0.06802185430783403,0.13621594601349662,False,0.24766535638817566,0.27123701530757666,Devin Vassell,SAS,1,52,59,0.18277905653887871,0.1926336375488918,0.2956486310299869,-0.009854581010013075,0.5661084728817796,False,0.6810495651949082,0.7201154683186614
2026_okc_sas_api_20261005,1630198,Isaiah Joe,OKC,1,2,1,1,19,0.8429054054054053,0.894736842105263,1.0,-0.05183143669985779,0.5246188452886779,True,0.6120553195034576,0.6472199884811406,Isaiah Joe,OKC,1,1,19,0.8139784946236559,0.8421052631578947,1.0,-0.02812676853423879,0.6445888527868033,True,0.7273262329578896,0.7704238563826643
2026_okc_sas_api_20261005,1630198,Isaiah Joe,OKC,2,3,1,19,18,0.46554054054054056,0.4005847953216374,0.567251461988304,0.06495574521890318,0.19770057485628592,True,0.31644262847331645,0.3469279363832511,Isaiah Joe,OKC,1,19,18,0.44831378299120234,0.35964912280701755,0.5263157894736842,0.08866466018418478,0.24893776555861036,True,0.4271894989215659,0.4636807831009281
2026_okc_sas_api_20261005,1630198,Isaiah Joe,OKC,3,4,1,18,43,0.3932412060301508,0.34496124031007747,0.4844961240310078,0.048279965720073315,0.26868282929267684,True,0.3838326132752526,0.4249262510358489,Isaiah Joe,OKC,1,18,43,0.30602536997885843,0.34108527131782945,0.4844961240310077,-0.03505990133897102,0.6740814796300925,True,0.7436295687982766,0.7907045729917002
2026_okc_sas_api_20261005,1630198,Isaiah Joe,OKC,4,5,1,43,3,0.8728335555327659,0.6976744186046512,0.8837209302325582,0.1751591369281147,0.07648087978005498,True,0.19828376239273512,0.19434134003812478,Isaiah Joe,OKC,1,43,3,0.986046511627907,0.7209302325581395,0.8837209302325583,0.26511627906976754,0.0012496875781054736,True,0.01579150666878735,0.015986569395387003
2026_okc_sas_api_20261005,1630198,Isaiah Joe,OKC,5,6,1,3,31,0.8496732026143792,0.7096774193548385,0.8709677419354839,0.13999578325954065,0.09172706823294176,True,0.20994751312171958,0.21246984172324265,Isaiah Joe,OKC,1,3,31,0.9041533546325877,0.7096774193548386,0.9032258064516127,0.1944759352777491,0.02074481379655086,True,0.08737967023395665,0.09975165783022329
2026_okc_sas_api_20261005,1630322,Lindy Waters III,SAS,3,4,1,3,5,0.5957446808510638,0.4666666666666667,0.9999999999999999,0.12907801418439713,0.472381904523869,True,0.5681630439847665,0.6012936018331865,Lindy Waters III,SAS,1,3,5,0.8400000000000002,0.6,1.0,0.2400000000000002,0.07873031742064483,True,0.19167621887631542,0.23783527802259963
2026_okc_sas_api_20261005,1630322,Lindy Waters III,SAS,4,6,2,5,12,0.33824501123298534,0.38333333333333336,0.6666666666666667,-0.04508832210034802,0.6525868532866783,True,0.7082337942646121,0.7494294217339426,Lindy Waters III,SAS,2,5,12,0.4434482758620689,0.4333333333333333,0.7166666666666666,0.010114942528735626,0.44788802799300176,True,0.5986195758752619,0.6280719347883768
2026_okc_sas_api_20261005,1630577,Julian Champagnie,SAS,1,2,1,84,64,0.3044515803746689,0.1875,0.27752976190476186,0.1169515803746689,0.018745313671582105,False,0.0820107473131717,0.08028653214054977,Julian Champagnie,SAS,1,84,64,0.30169706937799046,0.1875,0.271577380952381,0.11419706937799046,0.013496625843539115,False,0.07215503816353604,0.07754840950779254
2026_okc_sas_api_20261005,1630577,Julian Champagnie,SAS,2,3,1,64,66,0.257083138020333,0.18347537878787878,0.27651515151515155,0.07360775923245422,0.09672581854536366,False,0.20994751312171958,0.21835823938752155,Julian Champagnie,SAS,1,64,66,0.21838651812688822,0.18607954545454547,0.2807765151515152,0.032306972672342754,0.27293176705823546,False,0.44632371318934977,0.4831533630952576
2026_okc_sas_api_20261005,1630577,Julian Champagnie,SAS,3,4,1,66,49,0.4139249192940403,0.21490414347557205,0.31914038342609763,0.19902077581846825,0.000999750062484379,False,0.013996500874781307,0.011539488009353595,Julian Champagnie,SAS,1,66,49,0.43342307859327406,0.22356215213358072,0.3243970315398886,0.20986092645969334,0.000999750062484379,False,0.015440584298369855,0.014421926433285298
2026_okc_sas_api_20261005,1630577,Julian Champagnie,SAS,4,5,1,49,60,0.30081625410345136,0.2141156462585034,0.31768707482993197,0.08670060784494796,0.08397900524868783,False,0.20994751312171958,0.20352207321835022,Julian Champagnie,SAS,1,49,60,0.3120501818032977,0.223469387755102,0.3238775510204078,0.08858079404819569,0.07498125468632842,False,0.19167621887631542,0.23003298949018403
2026_okc_sas_api_20261005,1630577,Julian Champagnie,SAS,5,6,1,60,46,0.23198056939064132,0.2043478260869565,0.313768115942029,0.027632743303684815,0.33441639590102473,False,0.463547479466767,0.4815362615042442,Julian Champagnie,SAS,1,60,46,0.18936877076411962,0.21231884057971012,0.31884057971014496,-0.0229500698155905,0.6488377905523619,False,0.7273262329578896,0.7704238563826643
2026_okc_sas_api_20261005,1630577,Julian Champagnie,SAS,6,7,1,46,57,0.21995955005327322,0.20175438596491227,0.3112128146453089,0.018205164088360953,0.3791552111972007,False,0.5027516705729228,0.5248062984253937,Julian Champagnie,SAS,1,46,57,0.1911523259349347,0.21586575133485886,0.32078565980167795,-0.02471342539992416,0.670082479380155,False,0.7436295687982766,0.7887429184370575
2026_okc_sas_api_20261005,1630598,Aaron Wiggins,OKC,3,4,1,2,43,0.9320388349514563,0.7906976744186047,0.930232558139535,0.14134116053285162,0.0424893776555861,True,0.12931549721265337,0.13521152422174829,Aaron Wiggins,OKC,1,2,43,0.8694638694638694,0.813953488372093,0.930232558139535,0.05551038109177642,0.23519120219945014,True,0.41997412039395215,0.4504509465853876
2026_okc_sas_api_20261005,1630598,Aaron Wiggins,OKC,4,5,1,43,1,0.9689320388349514,0.8837209302325583,1.0,0.08521110860239312,0.1507123219195201,True,0.2705092957529848,0.294083355951843,Aaron Wiggins,OKC,1,43,1,0.9440559440559441,0.9069767441860465,0.9999999999999999,0.037079199869897606,0.28692826793301673,True,0.44929497962588,0.49049044271595416
2026_okc_sas_api_20261005,1630598,Aaron Wiggins,OKC,5,6,1,1,15,0.7307692307692306,0.8,1.0,-0.06923076923076943,0.6953261684578855,True,0.7377322336082646,0.781662257702901,Aaron Wiggins,OKC,1,1,15,0.7814569536423841,0.8,1.0,-0.018543046357615944,0.5981004748812797,True,0.687074099243784,0.7385271863852219
2026_okc_sas_api_20261005,1631096,Chet Holmgren,OKC,1,2,1,83,52,0.1726030566055591,0.17701575532900835,0.2731696014828545,-0.004412698723449238,0.5338665333666583,False,0.6176968154655551,0.6550686652661158,Chet Holmgren,OKC,1,83,52,0.2696041666182914,0.1860518999073216,0.28012048192771083,0.0835522667109698,0.07248187953011748,False,0.19167621887631542,0.22829709239356827
2026_okc_sas_api_20261005,1631096,Chet Holmgren,OKC,2,3,1,52,53,0.30890804597701144,0.20174165457184323,0.3120645863570391,0.1071663914051682,0.053236690827293175,False,0.14613993560433422,0.15232851451002793,Chet Holmgren,OKC,1,52,53,0.3572326219278978,0.21661828737300434,0.31494920174165464,0.14061433455489344,0.011247188202949263,False,0.06797213740043251,0.06869904145585226
2026_okc_sas_api_20261005,1631096,Chet Holmgren,OKC,3,4,1,53,51,0.24653256704980844,0.1942286348501665,0.29670736219015914,0.05230393219964194,0.19570107473131718,False,0.31644262847331645,0.34613245913327867,Chet Holmgren,OKC,1,53,51,0.21029504080351538,0.1994080651128376,0.3066962634110248,0.010886975690677786,0.43889027743064235,False,0.5980955741456793,0.6212267392442077
2026_okc_sas_api_20261005,1631096,Chet Holmgren,OKC,4,5,1,51,59,0.22106804478897504,0.1984047856430708,0.3000997008973081,0.022663259145904252,0.35891027243189205,False,0.49262194255357733,0.5036179226798239,Chet Holmgren,OKC,1,51,59,0.15681879314982516,0.1994017946161516,0.29910269192422734,-0.04258300146632643,0.7933016745813547,False,0.8482225597446793,0.8759910999448834
2026_okc_sas_api_20261005,1631096,Chet Holmgren,OKC,5,6,1,59,46,0.21255412389133324,0.20228445099484157,0.30361090641120114,0.010269672896491666,0.42614346413396653,False,0.53424143964009,0.5586463269019598,Chet Holmgren,OKC,1,59,46,0.13723097981744195,0.20154753131908623,0.30619012527634487,-0.06431655150164428,0.8762809297675581,False,0.8956106561594895,0.9185284822534706
2026_okc_sas_api_20261005,1631096,Chet Holmgren,OKC,6,7,1,46,53,0.27354915735197427,0.2095980311730927,0.31542247744052504,0.06395112617888157,0.15421144713821544,False,0.2716195951012247,0.3000514157174992,Chet Holmgren,OKC,1,46,53,0.24819971986487604,0.21082854799015588,0.3182936833470057,0.037371171874720166,0.2701824543864034,False,0.44632371318934977,0.4812418942508468
2026_okc_sas_api_20261005,1631114,Jalen Williams,OKC,1,2,1,72,14,0.24353546045667626,0.2857142857142857,0.43849206349206343,-0.04217882525760944,0.7048237940514871,True,0.7419197832120917,0.7868606618837093,Jalen Williams,OKC,1,72,14,0.16165777514325225,0.28968253968253965,0.43650793650793657,-0.1280247645392874,0.9637590602349413,True,0.9637590602349412,0.9750759031553586
2026_okc_sas_api_20261005,1631114,Jalen Williams,OKC,2,6,4,14,16,0.40391427946643343,0.3035714285714286,0.49999999999999994,0.10034285089500483,0.189952511872032,True,0.31644262847331645,0.34041489627593097,Jalen Williams,OKC,4,14,16,0.3976491862567812,0.33035714285714285,0.5178571428571429,0.06729204339963835,0.28767808047988,True,0.44929497962588,0.49049044271595416
2026_okc_sas_api_20261005,1631119,Jaylin Williams,OKC,1,2,1,18,20,0.44541315687611743,0.3277777777777778,0.49444444444444446,0.11763537909833965,0.11922019495126218,True,0.24189604772719864,0.2513589868786673,Jaylin Williams,OKC,1,18,20,0.49438669438669436,0.3277777777777778,0.5111111111111111,0.16660891660891658,0.05448637840539865,True,0.16464362170326982,0.19443033978347518
2026_okc_sas_api_20261005,1631119,Jaylin Williams,OKC,2,3,1,20,37,0.3337472148044835,0.3135135135135135,0.45675675675675675,0.02023370129097002,0.4031492126968258,True,0.5165981231964736,0.5447978556541967,Jaylin Williams,OKC,1,20,37,0.3416924451776998,0.30675675675675673,0.4567567567567567,0.03493568842094308,0.3364158960259935,True,0.4955208566279483,0.5379480601547726
2026_okc_sas_api_20261005,1631119,Jaylin Williams,OKC,3,4,1,37,49,0.37770535935673555,0.2813017098731384,0.3971318257032543,0.09640364948359714,0.07848037990502374,True,0.19976823975824226,0.19691883598443455,Jaylin Williams,OKC,1,37,49,0.32513844328220454,0.27523441809156096,0.39051296194153334,0.049904025190643575,0.23869032741814547,True,0.41997412039395215,0.45299150072816996
2026_okc_sas_api_20261005,1631119,Jaylin Williams,OKC,4,5,1,49,28,0.3422400611620795,0.29591836734693877,0.42346938775510207,0.04632169381514073,0.24793801549612596,True,0.357848682159357,0.39916262069234465,Jaylin Williams,OKC,1,49,28,0.31844262295081965,0.30612244897959184,0.42857142857142855,0.01232017397122781,0.432641839540115,True,0.5954179771888711,0.61884212491181
2026_okc_sas_api_20261005,1631119,Jaylin Williams,OKC,5,6,1,28,46,0.24027777777777778,0.27639751552795033,0.4021739130434782,-0.03611973775017255,0.7105723569107723,True,0.7423890296082696,0.790229033280016,Jaylin Williams,OKC,1,28,46,0.2176714513556619,0.281055900621118,0.4083850931677019,-0.06338444926545611,0.8367908022994252,True,0.8811660721183341,0.9034142738200801
2026_okc_sas_api_20261005,1631119,Jaylin Williams,OKC,6,7,1,46,38,0.25902897716369216,0.24027459954233404,0.3535469107551487,0.01875437762135812,0.37640589852536865,False,0.5027516705729228,0.5231273814199512,Jaylin Williams,OKC,1,46,38,0.2886382623224728,0.2414187643020595,0.35697940503432496,0.04721949802041331,0.23744063984004,False,0.41997412039395215,0.4526803692335344
2026_okc_sas_api_20261005,1641705,Victor Wembanyama,SAS,1,2,1,105,69,0.6475990633748073,0.16687370600414075,0.25175983436853,0.4807253573706666,0.00024993751562109475,False,0.006998250437390653,0.005673581604598851,Victor Wembanyama,SAS,1,105,69,0.5969672520695409,0.1714285714285714,0.2534368530020703,0.42553868064096956,0.00024993751562109475,False,0.008685328667833043,0.006052058413967937
2026_okc_sas_api_20261005,1641705,Victor Wembanyama,SAS,2,3,1,69,73,0.3158549969186922,0.15128052412150086,0.24283303553702587,0.1645744727971913,0.00424893776555861,False,0.03499125218695326,0.02729742092778692,Victor Wembanyama,SAS,1,69,73,0.307520776828005,0.16239825292833032,0.2557077625570776,0.14512252389967467,0.007748062984253936,False,0.051284797848157,0.05201174953786306
2026_okc_sas_api_20261005,1641705,Victor Wembanyama,SAS,3,4,1,73,51,0.24773424098761432,0.1834542035992479,0.28122481869460114,0.0642800373883664,0.13421644588852788,False,0.24766535638817566,0.26953672139149965,Victor Wembanyama,SAS,1,73,51,0.29822693714170134,0.19500402900886382,0.29337899543378965,0.10322290813283752,0.04648837790552362,False,0.15385439354447103,0.17707370910081469
2026_okc_sas_api_20261005,1641705,Victor Wembanyama,SAS,4,5,1,51,82,0.1857553366174056,0.17240554758488763,0.2690100430416069,0.013349789032517961,0.40589852536865784,False,0.5165981231964736,0.5447978556541967,Victor Wembanyama,SAS,1,51,82,0.18087193823850178,0.18316594930655183,0.27546628407460544,-0.0022940110680500503,0.5163709072731817,False,0.6466266316303807,0.677175000253805
2026_okc_sas_api_20261005,1641705,Victor Wembanyama,SAS,5,6,1,82,54,0.24328705519387142,0.15582655826558267,0.2529358626919602,0.08746049692828875,0.071232191952012,False,0.18816050704305054,0.1842847558786995,Victor Wembanyama,SAS,1,82,54,0.1952332634127031,0.17299006323396568,0.26425022583559155,0.022243200178737432,0.33866533366658336,False,0.4955208566279483,0.5402708146492788
2026_okc_sas_api_20261005,1641705,Victor Wembanyama,SAS,6,7,1,54,70,0.11225205619539938,0.15555555555555556,0.255026455026455,-0.04330349936015618,0.839290177455636,False,0.8453282362862521,0.8860799506005852,Victor Wembanyama,SAS,1,54,70,0.1830974338305872,0.1777777777777778,0.2740740740740741,0.005319656052809374,0.46088477880529866,False,0.6101236595613002,0.6364152342769704
2026_okc_sas_api_20261005,1641717,Cason Wallace,OKC,1,2,1,50,47,0.34110406461957204,0.22085106382978723,0.3319361702127659,0.12025300078978482,0.03949012746813297,False,0.1256504055804231,0.12991679616327803,Cason Wallace,OKC,1,50,47,0.362335782676464,0.22085106382978725,0.3331914893617021,0.14148471884667674,0.01949512621844539,False,0.08737967023395665,0.09975165783022329
2026_okc_sas_api_20261005,1641717,Cason Wallace,OKC,2,3,1,47,50,0.36828704980963717,0.23702127659574468,0.3472978723404252,0.1312657732138925,0.02599350162459385,False,0.09835378993089566,0.0977987547312067,Cason Wallace,OKC,1,47,50,0.4253663003663003,0.23829787234042554,0.34212765957446806,0.18706842802587476,0.0032491877030742314,False,0.028227318170457386,0.030596517537282344
2026_okc_sas_api_20261005,1641717,Cason Wallace,OKC,3,4,1,50,42,0.21997855450130205,0.22666666666666668,0.33999999999999997,-0.006688112165364635,0.5458635341164709,False,0.6264007768549666,0.6614467379596383,Cason Wallace,OKC,1,50,42,0.24032797858099064,0.22666666666666666,0.3371428571428571,0.013661311914323987,0.4161459635091227,False,0.5842857467451319,0.6039643935170054
2026_okc_sas_api_20261005,1641717,Cason Wallace,OKC,4,5,1,42,61,0.2660693307238111,0.22092115534738485,0.32708821233411395,0.045148175376426264,0.23494126468382903,False,0.34262267766391735,0.3854216734277969,Cason Wallace,OKC,1,42,61,0.284246195307546,0.22287275565964088,0.33294301327088216,0.06137343964790515,0.16470882279430143,False,0.3270646624058271,0.35792494184146273
2026_okc_sas_api_20261005,1641717,Cason Wallace,OKC,5,6,1,61,36,0.3143799693986751,0.2354280510018215,0.3451730418943533,0.07895191839685359,0.10497375656085979,False,0.2226716048260662,0.22839338088800482,Cason Wallace,OKC,1,61,36,0.26883111031002155,0.24043715846994534,0.3501821493624772,0.028393951840076204,0.31942014496375903,False,0.4822692176418261,0.5172704437255842
2026_okc_sas_api_20261005,1641717,Cason Wallace,OKC,6,7,1,36,62,0.17646031158794756,0.21594982078853042,0.3271057347670248,-0.03948950920058286,0.7533116720819795,False,0.77855536115971,0.8221237959740834,Cason Wallace,OKC,1,36,62,0.15858256618068098,0.2275985663082437,0.3396057347670251,-0.06901600012756273,0.876030992251937,False,0.8956106561594895,0.9185284822534706
2026_okc_sas_api_20261005,1642260,Nikola Topić,OKC,3,4,1,2,9,0.8709677419354838,0.6666666666666667,1.0,0.20430107526881702,0.195201199700075,True,0.31644262847331645,0.34613245913327867,Nikola Topić,OKC,1,2,9,0.8850574712643678,0.6666666666666666,1.0,0.21839080459770122,0.19695076230942266,True,0.38022438834735767,0.4022066772463511
2026_okc_sas_api_20261005,1642260,Nikola Topić,OKC,4,5,1,9,1,0.8064516129032258,0.7777777777777779,1.0,0.028673835125447855,0.4536365908522869,True,0.5570975677133349,0.5828802233403914,Nikola Topić,OKC,1,9,1,0.8850574712643678,0.7777777777777779,1.0,0.10727969348658994,0.47063234191452136,True,0.6103634641798266,0.6394563683728366
2026_okc_sas_api_20261005,1642260,Nikola Topić,OKC,5,6,1,1,14,0.4814814814814814,0.7857142857142856,1.0,-0.3042328042328042,0.9542614346413396,True,0.9542614346413395,0.9656048097930939,Nikola Topić,OKC,1,1,14,0.5294117647058822,0.7857142857142857,1.0,-0.25630252100840345,0.8687828042989253,True,0.8956106561594895,0.9185284822534706
2026_okc_sas_api_20261005,1642264,Stephon Castle,SAS,1,2,1,94,70,0.27006857273783613,0.17507598784194528,0.2604863221884498,0.09499258489589085,0.036740814796300925,False,0.12496875781054737,0.12573113003156244,Stephon Castle,SAS,1,94,70,0.2757369190365786,0.17446808510638298,0.25653495440729485,0.10126883393019562,0.027243189202699324,False,0.11137656762280017,0.12313921519620095
2026_okc_sas_api_20261005,1642264,Stephon Castle,SAS,2,3,1,70,63,0.19898509763617675,0.19603174603174606,0.2857142857142857,0.002953351604430693,0.4756310922269433,False,0.5681630439847665,0.6031746253380789,Stephon Castle,SAS,1,70,63,0.14568326523934394,0.19206349206349202,0.2857142857142857,-0.04638022682414808,0.8330417395651087,False,0.8811660721183341,0.900801115510596
2026_okc_sas_api_20261005,1642264,Stephon Castle,SAS,3,4,1,63,48,0.3086377651125852,0.22321428571428575,0.32837301587301587,0.08542347939829947,0.0899775056235941,False,0.20994751312171958,0.2120231187877771,Stephon Castle,SAS,1,63,48,0.2643083435475984,0.2222222222222222,0.3244047619047619,0.0420861213253762,0.2329417645588603,False,0.41997412039395215,0.4474065619572444
2026_okc_sas_api_20261005,1642264,Stephon Castle,SAS,4,5,1,48,69,0.24144540644540644,0.21014492753623187,0.30797101449275366,0.03130047890917456,0.2909272681829543,False,0.407298175456136,0.44322476427872903,Stephon Castle,SAS,1,48,69,0.18014702516638742,0.20742753623188404,0.3070652173913044,-0.027280511065496615,0.7058235441139715,False,0.7664802549362659,0.8138577600497835
2026_okc_sas_api_20261005,1642264,Stephon Castle,SAS,5,6,1,69,63,0.3006208861381275,0.19461697722567287,0.2878191856452724,0.10600390891245462,0.03749062734316421,False,0.12496875781054737,0.12639166940938035,Stephon Castle,SAS,1,69,63,0.2846967182954853,0.19254658385093168,0.2836438923395445,0.09215013444455364,0.04848787803049238,False,0.15673988479624282,0.18123811293166014
2026_okc_sas_api_20261005,1642264,Stephon Castle,SAS,6,7,1,63,67,0.31622767744006486,0.19355602937692484,0.2850153991945036,0.12267164806314002,0.018245438640339916,False,0.0820107473131717,0.07914104276478652,Stephon Castle,SAS,1,63,67,0.29460150687772174,0.19189765458422176,0.28879412461502013,0.10270385229349999,0.04123969007748063,False,0.14150730610030418,0.1654468039794785
2026_okc_sas_api_20261005,1642272,Jared McCain,OKC,1,2,1,35,54,0.3987355811889974,0.23439153439153437,0.35079365079365077,0.164344046797463,0.010497375656085979,False,0.05572680903848112,0.054990098629188855,Jared McCain,OKC,1,35,54,0.2666413633836548,0.22804232804232802,0.33915343915343915,0.038599035341326776,0.28067983004248936,False,0.44844248707937956,0.4892054621306113
2026_okc_sas_api_20261005,1642272,Jared McCain,OKC,2,3,1,54,49,0.31636228793918614,0.23431594860166288,0.3420256991685563,0.08204633933752326,0.09747563109222694,False,0.20994751312171958,0.21835823938752155,Jared McCain,OKC,1,54,49,0.32102142660928484,0.23431594860166283,0.3416477702191988,0.08670547800762202,0.08647838040489877,False,0.19705729305378575,0.24810885886123404
2026_okc_sas_api_20261005,1642272,Jared McCain,OKC,3,4,1,49,50,0.17962660197246982,0.21877551020408162,0.33346938775510204,-0.039148908231611795,0.7563109222694326,False,0.77855536115971,0.8240763809047738,Jared McCain,OKC,1,49,50,0.14787448106847648,0.23142857142857143,0.33510204081632655,-0.08355409036009495,0.9415146213446638,False,0.9506029289779006,0.9628158571216924
2026_okc_sas_api_20261005,1642272,Jared McCain,OKC,4,5,1,50,70,0.16193073196556348,0.2085714285714286,0.30857142857142855,-0.04664069660586512,0.8227943014246438,False,0.8347188565177546,0.874138719610269,Jared McCain,OKC,1,50,70,0.19911413736564043,0.21142857142857144,0.31142857142857144,-0.012314434062931007,0.5953511622094476,False,0.687074099243784,0.7385271863852219
2026_okc_sas_api_20261005,1642272,Jared McCain,OKC,5,6,1,70,52,0.17958850008493288,0.2010989010989011,0.30164835164835163,-0.021510401013968228,0.664833791552112,False,0.715974852440736,0.7571100535902814,Jared McCain,OKC,1,70,52,0.1957810055623153,0.2076923076923077,0.306043956043956,-0.01191130212999239,0.5973506623344164,False,0.687074099243784,0.7385271863852219
2026_okc_sas_api_20261005,1642272,Jared McCain,OKC,6,7,1,52,38,0.2901315789473684,0.22368421052631576,0.3360323886639676,0.06644736842105264,0.1552111972006998,False,0.2716195951012247,0.30028075367521756,Jared McCain,OKC,1,52,38,0.3393654429236645,0.23076923076923075,0.3400809716599191,0.10859621215443374,0.051487128217945516,False,0.15903801827320949,0.1856823028285482
2026_okc_sas_api_20261005,1642349,Ajay Mitchell,OKC,1,2,1,61,57,0.4213292117465224,0.19729651998849584,0.29536957146965775,0.22403269175802654,0.0004998750312421895,False,0.008747813046738316,0.007916625494789093,Ajay Mitchell,OKC,1,61,57,0.41789245099719985,0.2030486051193558,0.3025596778832327,0.21484384587784405,0.0004998750312421895,False,0.013896525868532869,0.00941431308839457
2026_okc_sas_api_20261005,1642349,Ajay Mitchell,OKC,2,3,1,57,33,0.46412863756613765,0.2472089314194577,0.36363636363636365,0.21691970614667994,0.0022494376405898524,False,0.02332750145796884,0.01914833791552112,Ajay Mitchell,OKC,1,57,33,0.45645933014354073,0.2535885167464115,0.3700956937799039,0.20287081339712926,0.003999000249937516,True,0.03269770792595969,0.03615096225943515
2026_okc_sas_api_20261005,1642844,Dylan Harper,SAS,1,2,1,89,48,0.34202444862447884,0.20435393258426968,0.29729634831460666,0.13767051604020916,0.00849787553111722,False,0.047588102974256426,0.046296425893526616,Dylan Harper,SAS,1,89,48,0.40559631041154,0.20926966292134835,0.30249297752808957,0.19632664749019163,0.0012496875781054736,False,0.01579150666878735,0.015986569395387003
2026_okc_sas_api_20261005,1642844,Dylan Harper,SAS,2,3,1,48,33,0.3327333479671228,0.24053030303030304,0.3541666666666667,0.09220304493681974,0.0947263184203949,False,0.20994751312171958,0.21793453663611123,Dylan Harper,SAS,1,48,33,0.34585368627921814,0.24431818181818182,0.36553030303030304,0.10153550446103632,0.08172956760809798,False,0.19254932029704439,0.2416613237994849
2026_okc_sas_api_20261005,1642844,Dylan Harper,SAS,3,4,1,33,41,0.5276055838163966,0.2764227642276422,0.39763488543976344,0.2511828195887543,0.0004998750312421895,True,0.008747813046738316,0.007916625494789093,Dylan Harper,SAS,1,33,41,0.4066392514452589,0.2756836659275684,0.39837398373983735,0.13095558551769054,0.04173956510872282,True,0.14150730610030418,0.1654937142907256
2026_okc_sas_api_20261005,1642844,Dylan Harper,SAS,4,5,1,41,50,0.4082351347690641,0.2302439024390244,0.34107317073170684,0.1779912323300397,0.006248437890527368,False,0.043739065233691574,0.03668263968490636,Dylan Harper,SAS,1,41,50,0.37998039215686263,0.23414634146341462,0.3448780487804878,0.14583405069344801,0.017245688577855536,False,0.08266036939041102,0.09354061484628844
2026_okc_sas_api_20261005,1642844,Dylan Harper,SAS,5,6,1,50,46,0.37346432398031115,0.22608695652173916,0.3391304347826087,0.147377367458572,0.01749562609347663,False,0.08164625510289093,0.07787268869057246,Dylan Harper,SAS,1,50,46,0.3496709956709956,0.2304347826086956,0.3356521739130434,0.11923621306229998,0.03299175206198451,False,0.12738482046155128,0.13980254936265935
2026_okc_sas_api_20261005,1642844,Dylan Harper,SAS,6,7,1,46,45,0.34384762423215154,0.22898550724637678,0.3410628019323671,0.11486211698577475,0.03849037740564859,False,0.12531750783234424,0.12786315616217897,Dylan Harper,SAS,1,46,45,0.33068145982053265,0.23236714975845407,0.34396135265700484,0.09831431006207858,0.08347913021744564,False,0.1933933183370824,0.24396056158374202
2026_okc_sas_api_20261005,1642868,Carter Bryant,SAS,1,2,1,24,17,0.3281648543428648,0.35539215686274506,0.5147058823529412,-0.02722730251988026,0.6158460384903774,True,0.678885396761046,0.7206033543160602,Carter Bryant,SAS,1,24,17,0.4093322442311619,0.3382352941176471,0.5073529411764706,0.0710969501135148,0.22669332666833292,True,0.41997412039395215,0.4416611364400279
2026_okc_sas_api_20261005,1642868,Carter Bryant,SAS,2,3,1,17,19,0.36584700131510384,0.33126934984520123,0.5077399380804953,0.034577651469902604,0.36665833541614595,True,0.4983705529928197,0.5116687016770398,Carter Bryant,SAS,1,17,19,0.33287075001576993,0.3173374613003096,0.48916408668730654,0.015533288715460336,0.42614346413396653,True,0.5923394151462135,0.612129806531418
2026_okc_sas_api_20261005,1642868,Carter Bryant,SAS,3,4,1,19,11,0.554055910433409,0.3971291866028708,0.5933014354066986,0.15692672383053818,0.09647588102974257,True,0.20994751312171958,0.21835823938752155,Carter Bryant,SAS,1,19,11,0.5867647752464507,0.4258373205741627,0.6220095693779903,0.16092745467228797,0.07948012996750813,True,0.19167621887631542,0.23783527802259963
2026_okc_sas_api_20261005,1642868,Carter Bryant,SAS,4,5,1,11,10,0.6966632962588473,0.4363636363636364,0.7,0.26029965989521087,0.05073731567108223,True,0.14496375906023493,0.14765859817097007,Carter Bryant,SAS,1,11,10,0.5246422893481717,0.4363636363636364,0.6363636363636365,0.0882786529845353,0.31917020744813795,True,0.4822692176418261,0.5172704437255842
2026_okc_sas_api_20261005,1642868,Carter Bryant,SAS,5,6,1,10,14,0.4756146179401994,0.44285714285714284,0.6428571428571428,0.03275747508305654,0.3874031492126968,True,0.506882625138108,0.5297621377788083,Carter Bryant,SAS,1,10,14,0.31795739878685286,0.41428571428571426,0.6285714285714286,-0.0963283154988614,0.7930517370657336,True,0.8482225597446793,0.8759910999448834
2026_okc_sas_api_20261005,1642868,Carter Bryant,SAS,6,7,1,14,6,0.9251648351648352,0.5476190476190477,0.7857142857142856,0.3775457875457875,0.008247938015496127,True,0.047588102974256426,0.04529714345607147,Carter Bryant,SAS,1,14,6,0.8776978417266187,0.5476190476190476,0.7857142857142856,0.3300787941075711,0.004498875281179705,True,0.034741314671332166,0.039105608213331276
