series_id,off_player_id,off_player,from_game,to_game,game_gap,tvd,rotation,assignment,entry_exit,comparable_share_before,comparable_share_after
2025_okc_ind_api_20261005,201949,James Johnson,2,6,4,0.7962962962962963,0.0,0.0,0.7962962962962963,0.925,0.2037037037037037
2025_okc_ind_api_20261005,204456,T.J. McConnell,1,2,1,0.20248163681442172,0.08705380652975245,0.11100178802310445,0.004426042261564839,1.0,0.9902912621359222
2025_okc_ind_api_20261005,204456,T.J. McConnell,2,3,1,0.4004002725259751,0.1925622906903617,0.17064301988336997,0.037194961952243456,0.8980582524271844,1.0
2025_okc_ind_api_20261005,204456,T.J. McConnell,3,4,1,0.36033711730306156,0.11892233374352992,0.22580854106253284,0.015606242496998782,1.0,0.9607843137254902
2025_okc_ind_api_20261005,204456,T.J. McConnell,4,5,1,0.35389433551198257,0.08753784854739032,0.21319833845928848,0.05315814850530377,0.8970588235294118,1.0
2025_okc_ind_api_20261005,204456,T.J. McConnell,5,6,1,0.37983409276784674,0.06728164404986144,0.22609429218321764,0.08645815653476763,1.0,0.8501577287066246
2025_okc_ind_api_20261005,204456,T.J. McConnell,6,7,1,0.43514489520620214,0.1739366522241214,0.18364610255378433,0.07756214042829634,0.8501577287066246,1.0
2025_okc_ind_api_20261005,1626167,Myles Turner,1,2,1,0.34221795516542464,0.22836617496256378,0.11385178020286094,-4.163336342344337e-17,1.0,1.0
2025_okc_ind_api_20261005,1626167,Myles Turner,2,3,1,0.28167471819645734,0.19412085150367533,0.087553866692782,-3.469446951953614e-18,1.0,1.0
2025_okc_ind_api_20261005,1626167,Myles Turner,3,4,1,0.21055555555555555,0.013550818055152562,0.15386964205253223,0.04313509544787076,1.0,0.9354395604395604
2025_okc_ind_api_20261005,1626167,Myles Turner,4,5,1,0.22586274211057575,0.08795837590014921,0.09799255262019886,0.03991181359022767,0.9354395604395604,1.0
2025_okc_ind_api_20261005,1626167,Myles Turner,5,6,1,0.3136943963027152,0.04590767329304817,0.12220701286473952,0.14557971014492754,1.0,0.7666666666666666
2025_okc_ind_api_20261005,1626167,Myles Turner,6,7,1,0.34624207858048167,0.04739523064350418,0.14616568851668757,0.15268115942028987,0.7666666666666666,1.0
2025_okc_ind_api_20261005,1627783,Pascal Siakam,1,2,1,0.19116077799818001,0.10669659304732741,0.071768146188293,0.012696038762559612,0.9930475086906141,0.9632768361581922
2025_okc_ind_api_20261005,1627783,Pascal Siakam,2,3,1,0.2695240752365674,0.06723368020110959,0.1942599013636348,0.008030493671822986,0.9703389830508474,1.0
2025_okc_ind_api_20261005,1627783,Pascal Siakam,3,4,1,0.20095251306237571,0.06741594537499271,0.13353656768738303,-5.204170427930421e-18,1.0,0.9999999999999999
2025_okc_ind_api_20261005,1627783,Pascal Siakam,4,5,1,0.21984026243346447,0.07822795930625326,0.14161230312721124,-5.204170427930421e-17,0.9999999999999999,1.0
2025_okc_ind_api_20261005,1627783,Pascal Siakam,5,6,1,0.2036096167895331,0.056387623186735084,0.08544546348565656,0.06177653011714149,1.0,0.9087301587301587
2025_okc_ind_api_20261005,1627783,Pascal Siakam,6,7,1,0.20781015557134963,0.15109584363639159,-0.007984978746865415,0.06469929068182342,0.9087301587301587,1.0
2025_okc_ind_api_20261005,1627936,Alex Caruso,1,2,1,0.22528457131319246,0.016348159498516694,0.19249945619052372,0.016436955624152077,0.9999999999999999,0.9661921708185053
2025_okc_ind_api_20261005,1627936,Alex Caruso,2,3,1,0.2448972204122322,0.11732501913182578,0.11672830471348476,0.01084389656692169,0.9626334519572954,1.0
2025_okc_ind_api_20261005,1627936,Alex Caruso,3,4,1,0.2544869352237296,0.10237387309471732,0.15211306212901232,3.469446951953614e-18,1.0,1.0
2025_okc_ind_api_20261005,1627936,Alex Caruso,4,5,1,0.31633846616371825,0.09851453781143733,0.21042798834290133,0.007395940009379501,1.0,0.9831288343558283
2025_okc_ind_api_20261005,1627936,Alex Caruso,5,6,1,0.34665011198753526,0.22349907051712953,0.11738694587590714,0.005764095594498616,0.9831288343558283,1.0
2025_okc_ind_api_20261005,1627936,Alex Caruso,6,7,1,0.5039231031645697,0.22182318018202973,0.2788628691846384,0.0032370537979015505,1.0,0.9924146649810366
2025_okc_ind_api_20261005,1628392,Isaiah Hartenstein,1,2,1,0.35712530438085033,0.3028968286652369,0.05422847571561343,9.107298248878237e-18,1.0,0.9999999999999999
2025_okc_ind_api_20261005,1628392,Isaiah Hartenstein,2,3,1,0.2987797875394775,0.16740671695392564,0.1313730705855518,-1.1926223897340549e-17,0.9999999999999999,0.9999999999999999
2025_okc_ind_api_20261005,1628392,Isaiah Hartenstein,3,4,1,0.396470999301188,0.24385089901374052,0.07677709310115671,0.07584300718629078,0.8271604938271604,1.0
2025_okc_ind_api_20261005,1628392,Isaiah Hartenstein,4,5,1,0.5230899138131843,0.09608580409041932,0.07081458686657541,0.3561895228561895,1.0,0.5481481481481482
2025_okc_ind_api_20261005,1628392,Isaiah Hartenstein,5,6,1,0.3474210406725744,0.27252310836498866,0.04446792813280761,0.030430004174778126,0.9407407407407408,0.9754601226993864
2025_okc_ind_api_20261005,1628392,Isaiah Hartenstein,6,7,1,0.29740626353815836,0.12240715109840034,0.09419531240091007,0.08080380003884798,0.9999999999999999,0.8815489749430524
2025_okc_ind_api_20261005,1628396,Tony Bradley,5,6,1,0.3793347487615003,0.14562545127741602,0.15502814349382582,0.07868115399025849,1.0,0.8662420382165605
2025_okc_ind_api_20261005,1628396,Tony Bradley,6,7,1,0.348994135082298,0.22264313373264336,0.045702818509639725,0.08064818284001493,0.8662420382165605,1.0
2025_okc_ind_api_20261005,1628418,Thomas Bryant,1,2,1,0.684224339820722,0.18966238548788303,0.2395658575334634,0.25499609679937546,0.9999999999999998,0.430327868852459
2025_okc_ind_api_20261005,1628418,Thomas Bryant,2,3,1,0.6787515762925599,0.022039745671364925,0.14485680605277299,0.5118550245684219,0.35655737704918034,0.9615384615384616
2025_okc_ind_api_20261005,1628418,Thomas Bryant,3,5,2,0.9615384615384617,0.0,0.0,0.9615384615384617,0.038461538461538464,0.5833333333333334
2025_okc_ind_api_20261005,1628418,Thomas Bryant,5,6,1,1.0,0.0,0.0,1.0,0.0,0.0
2025_okc_ind_api_20261005,1628418,Thomas Bryant,6,7,1,0.9555555555555555,0.0,0.0,0.9555555555555555,0.044444444444444446,0.4090909090909091
2025_okc_ind_api_20261005,1628983,Shai Gilgeous-Alexander,1,2,1,0.22647288260108905,0.03168243244888262,0.18780218503921908,0.006988265112987353,1.0,0.9859872611464968
2025_okc_ind_api_20261005,1628983,Shai Gilgeous-Alexander,2,3,1,0.3462693357597816,0.11793517136468536,0.2215812553610437,0.0067529090340525556,0.9859872611464968,1.0
2025_okc_ind_api_20261005,1628983,Shai Gilgeous-Alexander,3,4,1,0.16045412920412916,0.06520067594915849,0.09101964693783104,0.004233806317139639,0.9944196428571428,0.9999999999999999
2025_okc_ind_api_20261005,1628983,Shai Gilgeous-Alexander,4,5,1,0.1612379588283202,0.06133369335590087,0.057642205797889,0.04226205967453036,0.9999999999999999,0.9481927710843375
2025_okc_ind_api_20261005,1628983,Shai Gilgeous-Alexander,5,6,1,0.15033262395897914,0.076884631185021,0.04230500974474169,0.03114298302921648,0.955421686746988,1.0
2025_okc_ind_api_20261005,1628983,Shai Gilgeous-Alexander,6,7,1,0.21467104985881066,0.14101171579478722,0.07181273120687504,0.001846602857148428,0.9888734353268429,1.0
2025_okc_ind_api_20261005,1629026,Kenrich Williams,1,2,1,0.6809815950920245,-1.3877787807814457e-17,-1.3877787807814457e-17,0.6809815950920245,1.0,0.31901840490797545
2025_okc_ind_api_20261005,1629026,Kenrich Williams,2,3,1,0.7150306748466257,0.3709717981792242,0.24246906203582952,0.10158981463157196,0.5705521472392638,1.0
2025_okc_ind_api_20261005,1629026,Kenrich Williams,3,4,1,0.6964912280701755,0.4951850271321846,0.17624354429638683,0.02506265664160398,1.0,0.8596491228070176
2025_okc_ind_api_20261005,1629026,Kenrich Williams,4,5,1,0.20569569084000328,0.025982998495012156,0.12826607779275137,0.051446614552239776,0.9385964912280702,0.9907834101382489
2025_okc_ind_api_20261005,1629026,Kenrich Williams,5,6,1,0.47520112473639,0.015565147312165914,0.36969604671768486,0.08993993070653919,0.9262672811059908,0.8135593220338984
2025_okc_ind_api_20261005,1629026,Kenrich Williams,6,7,1,0.35965588084232153,0.011218625371158314,0.1340194698669369,0.21441778560422634,0.7118644067796609,0.8712121212121211
2025_okc_ind_api_20261005,1629614,Andrew Nembhard,1,2,1,0.214649209486166,0.0836186123420476,0.11782468905763648,0.013205908086481942,0.9832167832167831,0.9836956521739131
2025_okc_ind_api_20261005,1629614,Andrew Nembhard,2,3,1,0.20941593382940776,0.11345513499966936,0.0959607988297384,-3.469446951953614e-18,1.0,1.0
2025_okc_ind_api_20261005,1629614,Andrew Nembhard,3,4,1,0.19540909314812077,0.03897539329003498,0.1564336998580858,5.204170427930421e-18,1.0,1.0
2025_okc_ind_api_20261005,1629614,Andrew Nembhard,4,5,1,0.21705883846075744,0.15733406281143875,0.05346309044476821,0.006261685204550489,0.9763681592039802,1.0
2025_okc_ind_api_20261005,1629614,Andrew Nembhard,5,6,1,0.19969203897775326,0.02720489554543692,0.1449990253930172,0.027488118039299146,1.0,0.9534534534534534
2025_okc_ind_api_20261005,1629614,Andrew Nembhard,6,7,1,0.33819796205117303,0.07609173483171482,0.2409085589629665,0.021197668256491765,0.9444444444444444,1.0
2025_okc_ind_api_20261005,1629652,Luguentz Dort,1,2,1,0.392567958357432,0.13168579251062332,0.24772427110996664,0.013157894736842094,1.0,0.9655172413793105
2025_okc_ind_api_20261005,1629652,Luguentz Dort,2,3,1,0.2541935549929734,0.0073537966655865235,0.23400594966780688,0.012833808659579983,0.9655172413793105,0.9999999999999999
2025_okc_ind_api_20261005,1629652,Luguentz Dort,3,4,1,0.26956479447159354,0.043779994078926854,0.2198613664105858,0.00592343398208086,0.9887165021156559,1.0
2025_okc_ind_api_20261005,1629652,Luguentz Dort,4,5,1,0.17089226560568155,0.017465009082309493,0.12026955577254851,0.03315770075082354,1.0,0.9524517087667163
2025_okc_ind_api_20261005,1629652,Luguentz Dort,5,6,1,0.1935304264658161,0.005774764855544861,0.03900390963699611,0.14875175197327514,0.8380386329866271,1.0
2025_okc_ind_api_20261005,1629652,Luguentz Dort,6,7,1,0.49084991554402013,0.2402468631345146,0.16719605217912903,0.08340700023037648,1.0,0.7992831541218639
2025_okc_ind_api_20261005,1630167,Obi Toppin,1,2,1,0.4853133951546342,0.2201878024986758,0.2636296046238626,0.001495988032095743,0.9941860465116279,1.0
2025_okc_ind_api_20261005,1630167,Obi Toppin,2,3,1,0.309451826198672,0.1054154218506173,0.2040364043480547,-1.734723475976807e-18,1.0,1.0000000000000002
2025_okc_ind_api_20261005,1630167,Obi Toppin,3,4,1,0.31627252629463387,0.13076666629134986,0.185505860003284,3.469446951953614e-18,1.0000000000000002,1.0000000000000002
2025_okc_ind_api_20261005,1630167,Obi Toppin,4,5,1,0.2879278046659719,0.04428582758311375,0.23633444287085792,0.00730753421200022,0.9876733436055469,1.0
2025_okc_ind_api_20261005,1630167,Obi Toppin,5,6,1,0.42375605843997344,0.23660415757299572,0.08405639514876696,0.1030955057182109,1.0,0.7915966386554621
2025_okc_ind_api_20261005,1630167,Obi Toppin,6,7,1,0.38901613742842267,0.1421769035876141,0.1511281211823788,0.09571111265842978,0.7915966386554621,0.995575221238938
2025_okc_ind_api_20261005,1630169,Tyrese Haliburton,1,2,1,0.23833219351193835,0.08427250605909495,0.12495320185568867,0.029106485597154744,0.991715976331361,0.956030150753769
2025_okc_ind_api_20261005,1630169,Tyrese Haliburton,2,3,1,0.13232201105779523,0.06110483369029933,0.07121717736749592,-4.336808689942018e-19,1.0,1.0
2025_okc_ind_api_20261005,1630169,Tyrese Haliburton,3,4,1,0.2208726945569051,0.038849386748160214,0.17258005682414052,0.009443250984604364,0.9824561403508771,1.0
2025_okc_ind_api_20261005,1630169,Tyrese Haliburton,4,5,1,0.1844332691790319,0.07102567599122062,0.11340759318781127,1.0842021724855044e-17,1.0,0.9999999999999999
2025_okc_ind_api_20261005,1630169,Tyrese Haliburton,5,6,1,0.17050170685828595,0.06667980565036405,0.1011625995127087,0.0026593016952132223,0.9999999999999999,0.9942748091603053
2025_okc_ind_api_20261005,1630169,Tyrese Haliburton,6,7,1,0.5099558539501517,0.10418723542502303,0.15686875323550142,0.24889986528962738,0.6488549618320612,1.0
2025_okc_ind_api_20261005,1630174,Aaron Nesmith,1,2,1,0.12073318813484188,0.017010065173119385,0.09022730511025011,0.013495817851472372,1.0,0.972312703583062
2025_okc_ind_api_20261005,1630174,Aaron Nesmith,2,3,1,0.2493680781758958,0.029392730515246303,0.19127850236146604,0.028696845299183454,0.9511400651465799,1.0
2025_okc_ind_api_20261005,1630174,Aaron Nesmith,3,4,1,0.24469985775248934,0.0664676841003527,0.1565987856189974,0.021633388033139238,1.0,0.9630156472261735
2025_okc_ind_api_20261005,1630174,Aaron Nesmith,4,5,1,0.22405821118806366,0.039643509334804226,0.18441470185325942,8.673617379884035e-19,1.0,1.0
2025_okc_ind_api_20261005,1630174,Aaron Nesmith,5,6,1,0.3042804814945941,0.046731910891830764,0.23590865973248248,0.02163991087028083,1.0,0.9263698630136986
2025_okc_ind_api_20261005,1630174,Aaron Nesmith,6,7,1,0.3010119807954896,0.07404059779247359,0.18246390626977332,0.04450747673324268,0.8972602739726028,0.9999999999999999
2025_okc_ind_api_20261005,1630198,Isaiah Joe,1,2,1,0.3832920672690441,0.29627572824645876,-0.024021189201861526,0.11103752822444679,0.8193832599118942,0.8905109489051095
2025_okc_ind_api_20261005,1630198,Isaiah Joe,2,3,1,0.47084133691893965,0.30925579662520786,-0.06358480095421218,0.22517034124794405,0.6131386861313869,0.8105263157894738
2025_okc_ind_api_20261005,1630198,Isaiah Joe,3,4,1,0.6230576441102758,0.0681952041666754,0.03561968013601378,0.5192427598075865,0.4105263157894737,0.780952380952381
2025_okc_ind_api_20261005,1630198,Isaiah Joe,4,6,2,0.6403100775193798,0.3525674448833068,0.12474662681278732,0.16299600582328572,1.0,0.5913621262458472
2025_okc_ind_api_20261005,1630598,Aaron Wiggins,1,2,1,0.35283904661370075,0.02809891696005539,0.2402615166442807,0.08447861300936471,1.0,0.8200455580865604
2025_okc_ind_api_20261005,1630598,Aaron Wiggins,2,3,1,0.21444513471848323,0.12028797339433416,0.08173222862586788,0.01242493269828121,0.9772209567198178,1.0
2025_okc_ind_api_20261005,1630598,Aaron Wiggins,3,4,1,0.5905205905205905,0.19476017133729484,0.3912826518189304,0.00447776736436529,0.9797979797979799,1.0
2025_okc_ind_api_20261005,1630598,Aaron Wiggins,4,5,1,0.4102877850201191,0.10206859714865756,0.2338964087192609,0.0743227791522006,1.0,0.8822269807280513
2025_okc_ind_api_20261005,1630598,Aaron Wiggins,5,6,1,0.43755631223599073,0.26162139298211645,0.16745394989313322,0.008480969360741039,0.9785867237687367,1.0
2025_okc_ind_api_20261005,1630598,Aaron Wiggins,6,7,1,0.5081607707794076,0.05372286138081667,0.4044697061867509,0.04996820321183999,0.8743169398907105,0.9736842105263158
2025_okc_ind_api_20261005,1631096,Chet Holmgren,1,2,1,0.505729564553094,0.21638913457769143,0.1687110593460319,0.12062937062937065,1.0,0.7386363636363635
2025_okc_ind_api_20261005,1631096,Chet Holmgren,2,3,1,0.2916879468845761,0.15276403054824333,0.13892391633633275,-3.0357660829594124e-18,1.0,1.0
2025_okc_ind_api_20261005,1631096,Chet Holmgren,3,4,1,0.27288699635010377,0.10480093277252306,0.16313841291363793,0.0049476506639427684,0.9887640449438202,1.0
2025_okc_ind_api_20261005,1631096,Chet Holmgren,4,5,1,0.2506197034859455,0.10276696656645025,0.0927885441970747,0.05506419272242056,1.0,0.9002849002849002
2025_okc_ind_api_20261005,1631096,Chet Holmgren,5,6,1,0.18617480946248072,0.05194099545092346,0.06135578358635697,0.07287803042520026,0.9059829059829059,0.9999999999999998
2025_okc_ind_api_20261005,1631096,Chet Holmgren,6,7,1,0.3073630136986301,0.15438347418532683,0.11644985914800653,0.03652968036529677,0.9041095890410958,1.0
2025_okc_ind_api_20261005,1631097,Bennedict Mathurin,1,2,1,0.3550073883407216,0.15036303320221384,0.1695512836527615,0.035093071485746336,0.9654320987654322,0.915057915057915
2025_okc_ind_api_20261005,1631097,Bennedict Mathurin,2,3,1,0.3863648924998618,0.1079845523042142,0.20638906641065183,0.07199127378499577,0.861003861003861,1.0
2025_okc_ind_api_20261005,1631097,Bennedict Mathurin,3,4,1,0.28937291555152966,0.05281755982903223,0.15581682439617286,0.08073853132632451,0.9427402862985685,0.8926174496644296
2025_okc_ind_api_20261005,1631097,Bennedict Mathurin,4,5,1,0.5135564841782393,0.10493503740333432,0.3859076193586049,0.022713827416300042,0.9966442953020134,0.9350104821802935
2025_okc_ind_api_20261005,1631097,Bennedict Mathurin,5,6,1,0.6450461696032775,0.12165294416403932,0.3718429907953103,0.15155023464392786,0.859538784067086,0.6183206106870229
2025_okc_ind_api_20261005,1631097,Bennedict Mathurin,6,7,1,0.6764383421281827,0.49038259291277086,0.10933213806269068,0.07672361115272122,0.7353689567430025,0.8791946308724832
2025_okc_ind_api_20261005,1631114,Jalen Williams,1,2,1,0.1637555700510048,0.09345786417450716,0.06874333222211645,0.0015543736543811688,0.9999999999999999,0.9971550497866286
2025_okc_ind_api_20261005,1631114,Jalen Williams,2,3,1,0.19532250944229165,0.08129414020578776,0.11255110550231393,0.0014772637341899577,0.9971550497866286,0.9999999999999999
2025_okc_ind_api_20261005,1631114,Jalen Williams,3,4,1,0.13176557248745452,0.06557866101166876,0.0584319078587132,0.007755003617072563,0.986206896551724,1.0
2025_okc_ind_api_20261005,1631114,Jalen Williams,4,5,1,0.1907900529553087,0.06274646391909294,0.11596336056232942,0.012080228473886363,1.0,0.9380888290713324
2025_okc_ind_api_20261005,1631114,Jalen Williams,5,6,1,0.39147376699999287,0.28842007241695056,0.09246450401098127,0.010589190572060994,0.9771197846567966,1.0
2025_okc_ind_api_20261005,1631114,Jalen Williams,6,7,1,0.2815871100833734,0.2577631208190226,0.011531863370332011,0.01229212589401875,1.0,0.9779874213836477
2025_okc_ind_api_20261005,1631119,Jaylin Williams,2,3,1,1.0,0.0,0.0,1.0,0.0,0.0
2025_okc_ind_api_20261005,1631119,Jaylin Williams,3,6,3,0.9515418502202643,0.0,0.0,0.9515418502202643,1.0,0.048458149779735685
2025_okc_ind_api_20261005,1631172,Ousmane Dieng,2,6,4,0.39270253555967843,-0.3542885255355552,0.4770157982628278,0.2699752628324058,0.8163265306122449,0.6666666666666667
2025_okc_ind_api_20261005,1631172,Ousmane Dieng,6,7,1,0.707070707070707,0.0,0.0,0.707070707070707,0.18181818181818182,0.6666666666666666
2025_okc_ind_api_20261005,1641717,Cason Wallace,1,2,1,0.15560155322358077,0.06963233723000081,0.06891115532039355,0.01705806067318641,0.9834087481146304,0.9531914893617022
2025_okc_ind_api_20261005,1641717,Cason Wallace,2,3,1,0.4266216917488324,0.2205796199774226,0.2001641515126176,0.0058779202587922194,0.9978723404255319,0.9844789356984479
2025_okc_ind_api_20261005,1641717,Cason Wallace,3,4,1,0.2397169834823987,0.16826619783471175,0.07145078564768698,-3.0357660829594124e-18,1.0,1.0
2025_okc_ind_api_20261005,1641717,Cason Wallace,4,5,1,0.1760591399560747,-0.015748918702568306,0.1273609763696719,0.06444708228897116,0.9185393258426966,0.9915014164305949
2025_okc_ind_api_20261005,1641717,Cason Wallace,5,6,1,0.3129904008804288,-0.019173863062056706,0.22868561713077282,0.10347864681171269,0.9915014164305949,0.8525179856115108
2025_okc_ind_api_20261005,1641717,Cason Wallace,6,7,1,0.20149762542906852,0.1599825368740655,0.03171659551437591,0.009798493040627096,1.0,0.9836601307189542
2025_okc_ind_api_20261005,1641767,Ben Sheppard,1,2,1,0.4161719733765066,0.12100285557810862,0.05149067013406306,0.24367844766433489,0.7018348623853211,0.831372549019608
2025_okc_ind_api_20261005,1641767,Ben Sheppard,2,3,1,0.4344135565453335,0.16602229159940915,0.20910454756852592,0.05928671737739844,0.8470588235294119,0.9530026109660574
2025_okc_ind_api_20261005,1641767,Ben Sheppard,3,4,1,0.31764240133470323,0.10655156983444301,0.21109083150026026,-8.673617379884035e-18,1.0,1.0
2025_okc_ind_api_20261005,1641767,Ben Sheppard,4,5,1,0.2536602486963498,0.09785342601541269,0.11198140881942212,0.04382541386151495,0.8014440433212996,1.0
2025_okc_ind_api_20261005,1641767,Ben Sheppard,5,6,1,0.696974697469747,0.05158588571341173,0.09815112940821877,0.5472376823481165,1.0,0.3346534653465347
2025_okc_ind_api_20261005,1641767,Ben Sheppard,6,7,1,0.5875687568756875,0.4043139832931021,-0.011872325334202724,0.19512709891678826,0.6316831683168317,0.9999999999999999
2025_okc_ind_api_20261005,1641794,Dillon Jones,2,6,4,0.5505952380952381,-0.024969117979910915,0.2541357846465776,0.3214285714285714,0.9999999999999999,0.5714285714285714
2025_okc_ind_api_20261005,1641794,Dillon Jones,6,7,1,0.5864661654135338,0.0,0.0,0.5864661654135338,0.41353383458646614,1.0
2025_okc_ind_api_20261005,1642277,Johnny Furphy,2,5,3,0.7355769230769231,0.12434505107505474,0.06977259598376878,0.5414592760180996,0.265625,0.7692307692307693
2025_okc_ind_api_20261005,1642277,Johnny Furphy,5,6,1,1.0,0.0,0.0,1.0,0.0,0.0
2025_okc_ind_api_20261005,1642277,Johnny Furphy,6,7,1,0.8451612903225807,0.0,0.0,0.8451612903225807,0.15483870967741936,0.875
2025_okc_ind_api_20261005,1642349,Ajay Mitchell,1,2,1,0.5498960498960499,-0.027059672499739788,0.2596683681519137,0.317287354243876,0.5897435897435898,0.5405405405405406
2025_okc_ind_api_20261005,1642349,Ajay Mitchell,2,6,4,0.6149482816149483,0.09949175072484658,0.34863408595520695,0.1668224449348948,0.972972972972973,0.6831275720164609
2025_okc_ind_api_20261005,1642349,Ajay Mitchell,6,7,1,0.6502057613168724,0.0,0.0,0.6502057613168724,0.32510288065843623,0.7647058823529411
2026_cle_nyk_api_20261005,201935,James Harden,1,2,1,0.10866261398176288,0.062265536719587095,0.027813076004907254,0.018584001257268546,0.9548319327731092,1.0
2026_cle_nyk_api_20261005,201935,James Harden,2,3,1,0.10114285714285715,-0.010025801375405874,0.10748831579293756,0.00368034272532545,1.0,0.9908571428571429
2026_cle_nyk_api_20261005,201935,James Harden,3,4,1,0.16656968641114986,0.049556230774740084,0.11563804035401774,0.0013754152823920113,0.9828571428571429,1.0
2026_cle_nyk_api_20261005,203471,Dennis Schröder,1,2,1,0.19035497783273517,0.03836977366621509,0.10492128217302063,0.047063921993499444,1.0,0.915492957746479
2026_cle_nyk_api_20261005,203471,Dennis Schröder,2,3,1,0.3095589933040868,0.0668953091664996,0.16357094588991936,0.07909273824766787,0.8676056338028169,1.0
2026_cle_nyk_api_20261005,203903,Jordan Clarkson,1,2,1,0.4620535714285715,0.06516345090838946,0.38030060769259266,0.01658951282758936,0.946875,0.9761904761904763
2026_cle_nyk_api_20261005,203903,Jordan Clarkson,2,3,1,0.42857142857142855,-2.7755575615628914e-17,-2.7755575615628914e-17,0.4285714285714286,0.5714285714285715,1.0
2026_cle_nyk_api_20261005,203903,Jordan Clarkson,3,4,1,0.9642857142857142,0.0,0.0,0.9642857142857142,0.36231884057971014,0.03571428571428571
2026_cle_nyk_api_20261005,1626157,Karl-Anthony Towns,1,2,1,0.2888815915496812,0.049356961881850875,0.2255415407387974,0.013983088929032904,0.9989743589743589,0.9348986125933831
2026_cle_nyk_api_20261005,1626157,Karl-Anthony Towns,2,3,1,0.20142721305968717,0.06337236622064664,0.13560262204946558,0.0024522247895749473,0.9893276414087513,0.9999999999999999
2026_cle_nyk_api_20261005,1626157,Karl-Anthony Towns,3,4,1,0.251103624535316,0.058762837682336054,0.19024925141990903,0.0020915354330708685,0.9999999999999999,0.9921875000000001
2026_cle_nyk_api_20261005,1628378,Donovan Mitchell,1,2,1,0.33588368153585546,0.07746897728439814,0.2584147042514573,-1.734723475976807e-18,1.0,0.9999999999999999
2026_cle_nyk_api_20261005,1628378,Donovan Mitchell,2,3,1,0.21150899537338086,0.07422785717079891,0.13728113820258195,2.970713952610282e-17,0.9999999999999999,1.0
2026_cle_nyk_api_20261005,1628378,Donovan Mitchell,3,4,1,0.13230573302038712,0.07813875427774856,0.043056903742971574,0.011110074999666979,0.9783393501805054,1.0
2026_cle_nyk_api_20261005,1628384,OG Anunoby,1,2,1,0.15449076520355423,0.09629707206107732,0.03349468203893664,0.024699011103540253,0.9776995305164318,0.9547218628719276
2026_cle_nyk_api_20261005,1628384,OG Anunoby,2,3,1,0.214599790812254,0.023436513902950158,0.18365969823972486,0.007503578669578995,0.9715394566623545,1.0
2026_cle_nyk_api_20261005,1628384,OG Anunoby,3,4,1,0.2908904619970194,0.08157370362154606,0.184051296378454,0.025265461997019324,1.0,0.9538002980625931
2026_cle_nyk_api_20261005,1628386,Jarrett Allen,1,2,1,0.16552071864420728,0.03439024522233265,0.12128773856178157,0.009842734860093072,0.9796178343949044,0.9967689822294021
2026_cle_nyk_api_20261005,1628386,Jarrett Allen,2,3,1,0.17370764754361764,0.034234675049797665,0.11108310289116281,0.028389869602657155,1.0,0.952638700947226
2026_cle_nyk_api_20261005,1628386,Jarrett Allen,3,4,1,0.14888462150760168,0.11969178074487737,0.027207196237219795,0.0019856445255045188,0.9959404600811907,1.0
2026_cle_nyk_api_20261005,1628404,Josh Hart,1,2,1,0.13184023889511012,-0.01020436816738534,0.11852577146830189,0.023518835594193564,1.0,0.9652855543113101
2026_cle_nyk_api_20261005,1628404,Josh Hart,2,3,1,0.23330289293934375,0.05109892937692904,0.18220396356241467,1.734723475976807e-17,1.0,1.0
2026_cle_nyk_api_20261005,1628404,Josh Hart,3,4,1,0.3848214779725652,0.04986521834358159,0.3271841759755496,0.007772083653434032,0.981549815498155,0.9965397923875432
2026_cle_nyk_api_20261005,1628418,Thomas Bryant,2,4,2,0.8641975308641975,0.0,-2.7755575615628914e-17,0.8641975308641975,0.6296296296296295,0.12345679012345678
2026_cle_nyk_api_20261005,1628969,Mikal Bridges,1,2,1,0.2361124889149419,0.035109437435104265,0.1322916496942941,0.06871140178554352,0.9083585095669688,0.9432835820895523
2026_cle_nyk_api_20261005,1628969,Mikal Bridges,2,3,1,0.24356787491115847,0.09620576479654067,0.14736211011461778,-9.540979117872439e-18,1.0,0.9999999999999999
2026_cle_nyk_api_20261005,1628969,Mikal Bridges,3,4,1,0.16668294297324715,0.05485290776796463,0.10348828891918829,0.008341746286094236,0.9904051172707888,0.989821882951654
2026_cle_nyk_api_20261005,1628973,Jalen Brunson,1,2,1,0.18046616373822258,0.12090395001983453,0.059009542914199464,0.0005526708041885759,0.9982683982683984,1.0
2026_cle_nyk_api_20261005,1628973,Jalen Brunson,2,3,1,0.18040212910187592,0.09318991642135838,0.08721221268051753,-6.938893903907228e-18,1.0,1.0
2026_cle_nyk_api_20261005,1628973,Jalen Brunson,3,4,1,0.2762379687762017,0.06952234855958346,0.1281238223742587,0.07859179784235953,0.8927563499529633,0.9355246523388117
2026_cle_nyk_api_20261005,1629011,Mitchell Robinson,1,2,1,0.40232266164469555,0.25450044500200714,0.1069916713933268,0.04083054524936164,0.8847457627118644,0.9962962962962962
2026_cle_nyk_api_20261005,1629011,Mitchell Robinson,2,3,1,0.3519327187449458,0.26551576958467216,0.08641694916027369,-8.890457814381136e-18,1.0,1.0
2026_cle_nyk_api_20261005,1629011,Mitchell Robinson,3,4,1,0.3027885706426434,0.07810852781317122,0.1435185487277386,0.08116149410173366,0.9956331877729258,0.8897637795275591
2026_cle_nyk_api_20261005,1629013,Landry Shamet,1,2,1,0.41450620217670264,0.1242715275274684,0.19938358798408273,0.09085108666515149,0.9433962264150945,0.7632241813602015
2026_cle_nyk_api_20261005,1629013,Landry Shamet,2,3,1,0.38189672172013883,0.1275675106797846,0.22126788058842717,0.033061330451927065,0.9042821158690176,1.0
2026_cle_nyk_api_20261005,1629013,Landry Shamet,3,4,1,0.39077149373002973,0.23352543610355786,0.07835671159948535,0.07888934602698651,0.9896602658788773,0.8054393305439331
2026_cle_nyk_api_20261005,1629622,Max Strus,1,2,1,0.351860231271996,0.20854758203010404,0.14331264924189197,1.734723475976807e-18,1.0,1.0000000000000002
2026_cle_nyk_api_20261005,1629622,Max Strus,2,3,1,0.31847548222170574,0.10611324270731906,0.20902294315183453,0.0033392963625521696,0.9923076923076924,1.0
2026_cle_nyk_api_20261005,1629622,Max Strus,3,4,1,0.3266341664377918,0.13974308121947612,0.18035572068199446,0.006535364536321281,0.9984894259818731,0.959090909090909
2026_cle_nyk_api_20261005,1629731,Dean Wade,1,2,1,0.3146425724156258,0.08133672359457252,0.2141004223248884,0.01920542649616489,0.9733959311424101,0.9685534591194969
2026_cle_nyk_api_20261005,1629731,Dean Wade,2,3,1,0.24825296995108315,0.06359354172097575,0.16064156294891155,0.02401786528119584,0.9643605870020964,1.0
2026_cle_nyk_api_20261005,1629731,Dean Wade,3,4,1,0.29615162037037035,-0.06502902691372894,0.1657658894306962,0.1954147578534031,1.0,0.74609375
2026_cle_nyk_api_20261005,1630241,Sam Merrill,1,2,1,0.34286151203961845,0.08298959172544643,0.24374788930642002,0.016124031007751942,1.0,0.9689922480620154
2026_cle_nyk_api_20261005,1630241,Sam Merrill,2,3,1,0.3470574276222117,0.1599910960932609,0.1870663315289508,1.431146867680866e-17,1.0,1.0000000000000002
2026_cle_nyk_api_20261005,1630241,Sam Merrill,3,4,1,0.38317524192775704,0.03277135099312041,0.3093093862182519,0.04109450471638474,0.9149659863945578,1.0
2026_cle_nyk_api_20261005,1630540,Miles McBride,1,2,1,0.24934428098985062,-0.022096390554858847,0.2138698712989602,0.05757080024574924,0.933933933933934,0.9240506329113924
2026_cle_nyk_api_20261005,1630540,Miles McBride,2,3,1,0.3209537457208821,0.07393496407985971,0.19554061361489605,0.05147816802612635,0.9240506329113924,0.9339622641509434
2026_cle_nyk_api_20261005,1630540,Miles McBride,3,4,1,0.5898439319822968,0.2580158639782587,0.18829172409762204,0.143536343906416,0.9056603773584905,0.7086419753086419
2026_cle_nyk_api_20261005,1630596,Evan Mobley,1,2,1,0.1556513117754728,0.12963975713646952,0.011563502690951341,0.014448051948051963,0.9545454545454546,1.0
2026_cle_nyk_api_20261005,1630596,Evan Mobley,2,3,1,0.17021537921656357,0.14645183028229003,0.023763548934273564,-9.432558900623889e-18,1.0,1.0
2026_cle_nyk_api_20261005,1630596,Evan Mobley,3,4,1,0.13333333333333333,0.12377051235306401,0.009562820980269383,-2.2551405187698492e-17,1.0,1.0
2026_cle_nyk_api_20261005,1630631,Jose Alvarado,1,2,1,0.6522577996715927,0.14897403202608697,0.42211618044343585,0.08116758720206993,0.8250000000000001,0.7142857142857142
2026_cle_nyk_api_20261005,1630631,Jose Alvarado,2,3,1,0.44450526059721457,0.11993818404895729,0.1833120868069474,0.1412549897413099,0.6995073891625615,0.8024691358024691
2026_cle_nyk_api_20261005,1630631,Jose Alvarado,3,4,1,0.9219793564055859,-0.04113982328102912,0.6923495007003839,0.2707696789862311,0.19753086419753085,0.2540983606557377
2026_cle_nyk_api_20261005,1631165,Keon Ellis,1,2,1,0.9642857142857142,0.0,0.0,0.9642857142857142,0.0,0.0
2026_cle_nyk_api_20261005,1631165,Keon Ellis,2,4,2,0.7337772397094432,-1.3877787807814457e-17,2.7755575615628914e-17,0.7337772397094431,0.3214285714285714,0.19661016949152543
2026_cle_nyk_api_20261005,1641772,Nae'Qwan Tomlin,2,4,2,0.8928571428571429,0.0,0.0,0.8928571428571429,0.10714285714285714,0.36065573770491804
2026_cle_nyk_api_20261005,1641854,Craig Porter Jr.,2,4,2,0.6666666666666666,5.551115123125783e-17,-2.7755575615628914e-17,0.6666666666666666,0.896551724137931,0.33333333333333337
2026_cle_nyk_api_20261005,1642278,Tyler Kolek,2,4,2,0.8875,0.17518691265054548,0.5544741042986071,0.15783898305084743,1.0,0.28365384615384615
2026_cle_nyk_api_20261005,1642281,Jaylon Tyson,2,3,1,0.5279594047093746,0.3437779537691886,0.17794956912890975,0.006231881811276301,0.9766536964980546,0.9999999999999999
2026_cle_nyk_api_20261005,1642281,Jaylon Tyson,3,4,1,0.413663833500307,0.16803416824336248,0.1790623775116143,0.0665672877453302,0.922680412371134,0.890282131661442
2026_cle_nyk_api_20261005,1642359,Pacôme Dadiet,2,4,2,0.36516853932584276,-2.0816681711721685e-17,5.551115123125783e-17,0.36516853932584276,0.42105263157894735,0.2303370786516854
2026_cle_nyk_api_20261005,1642878,Tyrese Proctor,2,4,2,0.8721804511278195,0.18307383233061647,0.14484824559146148,0.5442583732057416,0.9999999999999999,0.14473684210526316
2026_den_min_api_20261005,201144,Mike Conley,1,2,1,0.3225280695400217,0.09464372598472587,0.08954188007588015,0.1383424634794157,0.7649402390438248,1.0
2026_den_min_api_20261005,201144,Mike Conley,2,4,2,0.3057513914656772,-0.01948064044240761,0.25937368857074994,0.0658583433373349,1.0,0.8673469387755102
2026_den_min_api_20261005,201144,Mike Conley,4,5,1,0.4603621730382294,0.03995583965901246,0.3335348689169913,0.08687146446222561,0.8612244897959184,0.8615023474178403
2026_den_min_api_20261005,201144,Mike Conley,5,6,1,0.5075598518648121,0.06429511518420433,0.3104145120085028,0.13285022467210494,0.8615023474178403,0.6739130434782609
2026_den_min_api_20261005,202685,Jonas Valanciunas,1,2,1,0.13372093023255813,-3.469446951953614e-17,-8.673617379884035e-18,0.13372093023255818,0.8662790697674418,0.9130434782608695
2026_den_min_api_20261005,202685,Jonas Valanciunas,2,5,3,0.9413680781758957,0.0,0.0,0.9413680781758957,0.08695652173913043,0.05863192182410423
2026_den_min_api_20261005,202685,Jonas Valanciunas,5,6,1,0.30434949223989266,-0.11711350761421221,0.3242443957169864,0.0972186041371185,0.8534201954397395,0.9647058823529412
2026_den_min_api_20261005,203497,Rudy Gobert,1,2,1,0.16456814576775458,0.0541823717448579,0.11038577402289668,-9.540979117872439e-18,1.0,1.0000000000000002
2026_den_min_api_20261005,203497,Rudy Gobert,2,3,1,0.23242907751397493,0.06050371147409387,0.020565539576412835,0.15135982646346824,0.8149466192170818,0.9603624009060023
2026_den_min_api_20261005,203497,Rudy Gobert,3,4,1,0.07730427565769292,0.0302356999432193,0.009262204966316395,0.03780637074815723,0.9603624009060023,0.9725343320848939
2026_den_min_api_20261005,203497,Rudy Gobert,4,5,1,0.10025746089307042,0.01612112113341016,0.05896597495690606,0.025170364802754194,0.9725343320848939,0.9771283354510799
2026_den_min_api_20261005,203497,Rudy Gobert,5,6,1,0.0967236517715668,0.04305376807318425,0.04062388817885752,0.013045995519525039,0.9822109275730622,0.9860557768924303
2026_den_min_api_20261005,203501,Tim Hardaway Jr.,1,2,1,0.30388094101761204,0.14346125684529748,0.1604196841723146,-8.673617379884035e-18,1.0,1.0
2026_den_min_api_20261005,203501,Tim Hardaway Jr.,2,3,1,0.33444605789505893,0.17706377902316173,0.13223026068822358,0.0251520181836737,0.9558359621451105,0.9753086419753085
2026_den_min_api_20261005,203501,Tim Hardaway Jr.,3,4,1,0.4747702589807853,0.11310782315039292,0.12698656001294306,0.23467587581744928,0.8130511463844796,0.6596491228070176
2026_den_min_api_20261005,203501,Tim Hardaway Jr.,4,5,1,0.5445773524720894,0.22427801764584687,0.24543620890209272,0.07486312592414976,0.7701754385964912,1.0
2026_den_min_api_20261005,203501,Tim Hardaway Jr.,5,6,1,0.5628205128205129,0.28793820270776593,0.01992343251235983,0.25495887760038705,0.6000000000000001,0.6794871794871795
2026_den_min_api_20261005,203932,Aaron Gordon,1,2,1,0.1755960729312763,0.005654508684216996,0.1576742381944458,0.012267326052613527,0.917391304347826,1.0
2026_den_min_api_20261005,203932,Aaron Gordon,2,4,2,0.2138590203106332,0.053508975209991205,0.15975797878921513,0.0005920663114268988,1.0,0.99822695035461
2026_den_min_api_20261005,203937,Kyle Anderson,1,2,1,0.42619431025228127,0.05672543615035752,0.14111735344775123,0.22835152065417247,0.888888888888889,0.681159420289855
2026_den_min_api_20261005,203937,Kyle Anderson,2,3,1,0.9153846153846154,-6.938893903907228e-17,4.163336342344337e-17,0.9153846153846155,0.4347826086956521,0.08461538461538462
2026_den_min_api_20261005,203937,Kyle Anderson,3,4,1,0.9384615384615383,1.3877787807814457e-17,-2.7755575615628914e-17,0.9384615384615385,0.06153846153846154,0.20289855072463767
2026_den_min_api_20261005,203937,Kyle Anderson,4,5,1,0.7327648330530867,0.07908542270506973,0.3952934592825079,0.25838595106550905,1.0,0.4640883977900552
2026_den_min_api_20261005,203944,Julius Randle,1,2,1,0.2718735421582481,0.09241746682659789,0.16839481675528578,0.011061258576364428,0.9801699716713881,1.0
2026_den_min_api_20261005,203944,Julius Randle,2,3,1,0.6350861766903126,0.2138467721113831,0.23508773932312838,0.18615166525580126,0.5739856801909308,0.8199445983379501
2026_den_min_api_20261005,203944,Julius Randle,3,4,1,0.4684336776752096,0.09176731844611064,0.19023287036545544,0.18643348886364358,0.8199445983379501,0.6715817694369973
2026_den_min_api_20261005,203944,Julius Randle,4,5,1,0.5816355696417781,0.18041326967218604,0.2942762792975755,0.10694602067201667,0.6715817694369973,0.9568151147098516
2026_den_min_api_20261005,203944,Julius Randle,5,6,1,0.1853088958631181,0.07969873611392808,0.0951589957187654,0.01045116403042461,1.0,0.9830328738069989
2026_den_min_api_20261005,203999,Nikola Jokić,1,2,1,0.18821419365924907,0.12485378535503934,0.05433146785934007,0.009028940444869661,1.0,0.9823008849557523
2026_den_min_api_20261005,203999,Nikola Jokić,2,3,1,0.4195849699493635,0.20351344047137004,0.1956306961189645,0.020440833359028937,0.9524336283185841,1.0
2026_den_min_api_20261005,203999,Nikola Jokić,3,4,1,0.1705697953162456,0.05391727977916701,0.09404852514410005,0.022603990392978557,0.9759358288770054,0.9728317659352141
2026_den_min_api_20261005,203999,Nikola Jokić,4,5,1,0.22067617217784075,0.025015203284879772,0.12840881341237456,0.0672521554805864,0.9843260188087773,0.9135483870967742
2026_den_min_api_20261005,203999,Nikola Jokić,5,6,1,0.2671986417657046,0.01758218924367235,0.12549251880304022,0.12412393371899204,0.8490322580645161,1.0
2026_den_min_api_20261005,1626145,Tyus Jones,3,5,2,0.43186629526462395,-0.08838279343246523,0.25950800027195775,0.26074108842513144,0.6533333333333333,0.8245125348189415
2026_den_min_api_20261005,1626145,Tyus Jones,5,6,1,0.6963788300835655,6.938893903907228e-18,0.0,0.6963788300835654,0.3036211699164345,0.47478991596638653
2026_den_min_api_20261005,1627750,Jamal Murray,1,2,1,0.07881110658888436,0.023693281434654875,0.055117825154229506,-2.6020852139652106e-17,1.0,1.0
2026_den_min_api_20261005,1627750,Jamal Murray,2,3,1,0.2671117829847989,0.03743727489440158,0.2285841852360423,0.0010903228543549302,0.9979423868312758,1.0
2026_den_min_api_20261005,1627750,Jamal Murray,3,4,1,0.31181180489530597,0.1325920677392612,0.16025679072909818,0.018962946426946552,1.0,0.9674972914409534
2026_den_min_api_20261005,1627750,Jamal Murray,4,5,1,0.3535470347166611,0.07413377270089881,0.07212962053288165,0.2072836414828807,0.9512459371614301,0.733695652173913
2026_den_min_api_20261005,1627750,Jamal Murray,5,6,1,0.453190703628933,0.1556552804546504,0.19051359579297994,0.10702182738130257,0.8032608695652174,1.0
2026_den_min_api_20261005,1628971,Bruce Brown,1,2,1,0.3731866360572461,0.17220378930679692,0.16458113235341043,0.036401714397038785,0.9216101694915253,0.9999999999999999
2026_den_min_api_20261005,1628971,Bruce Brown,2,3,1,0.22855427473583095,0.06107363884220531,0.1674806358936256,6.938893903907228e-18,0.9999999999999999,0.9999999999999999
2026_den_min_api_20261005,1628971,Bruce Brown,3,4,1,0.36818502824858756,0.11504802398925223,0.19586738854278846,0.05726961571654688,0.9020833333333332,0.9639830508474576
2026_den_min_api_20261005,1628971,Bruce Brown,4,5,1,0.3834613071016595,0.1285617606953588,0.201205502783376,0.05369404362292471,0.9067796610169492,0.9665970772442589
2026_den_min_api_20261005,1628971,Bruce Brown,5,6,1,0.5583152185610054,0.13419752493157713,0.1622938644572074,0.26182382917222097,0.5908141962421711,0.9243986254295532
2026_den_min_api_20261005,1628978,Donte DiVincenzo,1,2,1,0.12599073597529592,0.004222017461203693,0.12176871851409224,-5.204170427930421e-18,0.9999999999999999,1.0
2026_den_min_api_20261005,1628978,Donte DiVincenzo,2,3,1,0.37198440515102593,0.15536327028292735,0.09513044788345636,0.12149068698464219,0.9328358208955224,0.7770448548812665
2026_den_min_api_20261005,1628978,Donte DiVincenzo,3,4,1,0.6292875989445911,1.3877787807814457e-17,1.3877787807814457e-17,0.6292875989445911,0.370712401055409,0.9629629629629629
2026_den_min_api_20261005,1629661,Cameron Johnson,1,2,1,0.22947540189664234,0.15695087424743265,0.07252452764920969,1.3877787807814457e-17,1.0,1.0
2026_den_min_api_20261005,1629661,Cameron Johnson,2,3,1,0.238724948605947,0.14083403762229937,0.08210987214997338,0.015781038833674238,0.9510961214165261,1.0
2026_den_min_api_20261005,1629661,Cameron Johnson,3,4,1,0.31433072128337763,0.16150345924576787,0.04077285357821236,0.11205440845939743,1.0,0.7933130699088147
2026_den_min_api_20261005,1629661,Cameron Johnson,4,5,1,0.338332281929231,-0.044842449876758325,0.202540291603377,0.18063444020261227,0.7598784194528875,0.9366576819407008
2026_den_min_api_20261005,1629661,Cameron Johnson,5,6,1,0.5391743014431576,0.22170301348506047,0.05904292386935567,0.2584283640887415,0.6132075471698113,1.0
2026_den_min_api_20261005,1629675,Naz Reid,1,2,1,0.18605290890493753,0.008382823592232864,0.17767008531270467,4.0766001685454967e-17,1.0,0.9999999999999999
2026_den_min_api_20261005,1629675,Naz Reid,2,3,1,0.27410521443998764,-0.007472817331210496,0.11252853030817964,0.16904950146301845,0.814935064935065,0.8077753779697625
2026_den_min_api_20261005,1629675,Naz Reid,3,4,1,0.3843357499552902,0.14285302940944178,0.17143395811283985,0.0700487624330086,0.8077753779697625,0.9554140127388535
2026_den_min_api_20261005,1629675,Naz Reid,4,5,1,0.4385581933989577,0.0980118192308791,0.2859291900086376,0.05461718415944104,0.9554140127388535,0.8527272727272728
2026_den_min_api_20261005,1629675,Naz Reid,5,6,1,0.18109439720950515,0.10657238809947693,0.07088778462305034,0.0036342244869778722,0.9981818181818181,0.9916067146282975
2026_den_min_api_20261005,1630162,Anthony Edwards,1,2,1,0.053948497854077244,0.019571362279185135,0.0343771355748921,-6.938893903907228e-18,0.9999999999999999,1.0
2026_den_min_api_20261005,1630162,Anthony Edwards,2,3,1,0.24833876654393083,0.16631742447620748,0.018604178391732392,0.06341716367599093,0.9002145922746781,0.9398907103825136
2026_den_min_api_20261005,1630162,Anthony Edwards,3,4,1,0.1615144418423107,0.09934123759244447,0.013961641698806967,0.048211562551059274,0.9398907103825136,0.9600000000000001
2026_den_min_api_20261005,1630183,Jaden McDaniels,1,2,1,0.2182345279887873,0.014489200867189064,0.17277610183338,0.03096922528821828,0.94750656167979,0.9987405541561714
2026_den_min_api_20261005,1630183,Jaden McDaniels,2,3,1,0.3382782139532928,0.024108754728969586,0.13918839809294736,0.1749810611313758,0.853904282115869,0.755741127348643
2026_den_min_api_20261005,1630183,Jaden McDaniels,3,4,1,0.3595786108840634,0.06638943778005114,0.2562235703597693,0.0369656027442429,0.8914405010438413,0.9750623441396509
2026_den_min_api_20261005,1630183,Jaden McDaniels,4,5,1,0.3711307727636768,0.03845513101007597,0.12214494085481803,0.21053070089878279,0.6882793017456359,0.9208523592085235
2026_den_min_api_20261005,1630183,Jaden McDaniels,5,6,1,0.19232755825901562,0.04254485555996797,0.10144417707158074,0.04833852562746696,1.0,0.9088447653429603
2026_den_min_api_20261005,1630192,Zeke Nnaji,3,6,3,0.6372697724810401,0.04225091535617291,0.4009725278672703,0.1940463292575969,0.5859154929577464,0.9692307692307692
2026_den_min_api_20261005,1630245,Ayo Dosunmu,1,2,1,0.2292800541025302,0.06222628955523866,0.16454155611915158,0.0025122084281399386,0.9934959349593495,1.0
2026_den_min_api_20261005,1630245,Ayo Dosunmu,2,3,1,0.40370995410725025,0.05567268721769151,0.27291015454738893,0.07512711234216977,0.9349005424954792,0.8267008985879332
2026_den_min_api_20261005,1630245,Ayo Dosunmu,3,4,1,0.4237768929302542,0.1739342280031807,0.17182146557859984,0.07802119934847368,0.8267008985879332,0.9409368635437882
2026_den_min_api_20261005,1630245,Ayo Dosunmu,4,5,1,0.3660431027729908,0.054531636170868786,0.25350570801105377,0.05800575859106824,0.9409368635437882,0.8978365384615384
2026_den_min_api_20261005,1630538,Bones Hyland,1,2,1,0.17839635854341737,-0.052242873443451215,0.14828214223153516,0.08235708975533342,0.9722222222222223,0.8865546218487395
2026_den_min_api_20261005,1630538,Bones Hyland,2,3,1,0.383768014978012,0.011193550413555464,0.18631771326376703,0.18625675130068947,0.9957983193277311,0.7642487046632125
2026_den_min_api_20261005,1630538,Bones Hyland,3,4,1,0.30154451135815596,0.20899217449107724,-0.054437089745314485,0.14698942661239323,0.7642487046632125,0.9164677804295943
2026_den_min_api_20261005,1630538,Bones Hyland,4,5,1,0.3325245513642735,0.1740427106313886,0.1000163987718664,0.05846544196101854,0.9164677804295943,0.9201331114808653
2026_den_min_api_20261005,1630538,Bones Hyland,5,6,1,0.49224889211050893,0.16554838393623636,0.22877883847815308,0.0979216696961194,0.7853577371048253,0.9702970297029704
2026_den_min_api_20261005,1630545,Terrence Shannon Jr,4,5,1,0.3722059758423395,0.16986397886499197,0.09654291202918355,0.105799084948164,0.8760330578512397,0.8492307692307692
2026_den_min_api_20261005,1630545,Terrence Shannon Jr,5,6,1,0.47535117056856185,0.13653700676456115,0.2868493084127988,0.051964855391201895,0.9476923076923077,0.890096618357488
2026_den_min_api_20261005,1631124,Julian Strawther,3,5,2,0.789679715302491,-0.03716502414259185,0.43389548666252803,0.3929492527825549,0.46975088967971534,0.27142857142857146
2026_den_min_api_20261005,1631128,Christian Braun,1,2,1,0.29575513561486677,0.12199402710413934,0.1537698003838261,0.019991308126901357,0.9443099273607749,1.0
2026_den_min_api_20261005,1631128,Christian Braun,2,3,1,0.3462766480007859,0.20224388170252583,0.11954697367281622,0.024485792625443908,0.9642401021711366,0.9634615384615384
2026_den_min_api_20261005,1631128,Christian Braun,3,4,1,0.5642229597813354,0.43779730165886344,0.022575433713871954,0.10385022440860006,1.0,0.6573604060913705
2026_den_min_api_20261005,1631128,Christian Braun,4,5,1,0.24507363239663535,-0.0068482572871363945,0.15714037753081964,0.09478151215295211,0.8629441624365481,0.9393939393939393
2026_den_min_api_20261005,1631128,Christian Braun,5,6,1,0.6320471010180357,0.12368812764274036,0.33110995402101295,0.1772490193542825,0.5901116427432217,0.9999999999999999
2026_den_min_api_20261005,1641740,Jaylen Clark,5,6,1,0.3263407844100549,0.008412527801924502,0.25145439235016676,0.06647386425796359,0.966183574879227,0.8915254237288136
2026_den_min_api_20261005,1641763,Julian Phillips,3,5,2,1.0,0.0,0.0,1.0,0.0,0.0
2026_den_min_api_20261005,1642461,Spencer Jones,1,2,1,0.7215780873083806,0.04428427943042701,0.6312965156134552,0.04599729226449839,0.8232044198895028,0.9154929577464789
2026_den_min_api_20261005,1642461,Spencer Jones,2,3,1,0.6412495485734923,0.2622553758488385,0.36034191589057873,0.018652256834074954,1.0,0.9307692307692308
2026_den_min_api_20261005,1642461,Spencer Jones,3,4,1,0.5561198877897534,0.3328907607303181,0.2055790436969332,0.017650083362502185,0.9415384615384617,0.9923224568138196
2026_den_min_api_20261005,1642461,Spencer Jones,4,5,1,0.581441198075875,0.2062494085655967,0.3349157931472724,0.04027599636300584,0.946257197696737,0.8888888888888888
2026_den_min_api_20261005,1642461,Spencer Jones,5,6,1,0.2156828967590482,0.03292112580014844,0.02644309467984709,0.15631867627905266,0.8308641975308642,1.0
2026_lal_okc_api_20261005,2544,LeBron James,1,2,1,0.05515296904784421,-0.008277519734744738,0.05809396300290831,0.005336525779680631,0.9910313901345291,1.0
2026_lal_okc_api_20261005,2544,LeBron James,2,3,1,0.18379334317181156,0.027139266055146438,0.15665407711666512,-6.5052130349130266e-18,1.0,1.0
2026_lal_okc_api_20261005,2544,LeBron James,3,4,1,0.1889802934495672,0.0761510911569811,0.11282920229258611,0.0,1.0,1.0
2026_lal_okc_api_20261005,203935,Marcus Smart,1,2,1,0.16848248070295016,0.027585941314865733,0.1408965393880844,2.2551405187698492e-17,1.0,1.0
2026_lal_okc_api_20261005,203935,Marcus Smart,2,3,1,0.36227216466572126,0.014820075876641954,0.2615237151686305,0.08592837362044883,0.8681757656458056,1.0
2026_lal_okc_api_20261005,203935,Marcus Smart,3,4,1,0.2445396616128323,0.011233894332062006,0.19268812904031118,0.040617638240459136,1.0,0.8527027027027028
2026_lal_okc_api_20261005,1627936,Alex Caruso,1,2,1,0.3292478969571404,0.11042787930013284,0.20430963928161716,0.014510378375390369,0.961340206185567,1.0
2026_lal_okc_api_20261005,1627936,Alex Caruso,2,3,1,0.29838178810411053,0.03686682189443652,0.23256387117487043,0.028951095034803552,0.9685230024213076,0.9550827423167848
2026_lal_okc_api_20261005,1627936,Alex Caruso,3,4,1,0.22387984981226536,0.05822625082722038,0.15690615631120186,0.008747442673843104,0.9952718676122931,0.9811764705882353
2026_lal_okc_api_20261005,1628379,Luke Kennard,1,2,1,0.2897462311788891,0.2508712349275347,0.03768912302255531,0.0011858732287990843,0.9970014992503747,0.9999999999999999
2026_lal_okc_api_20261005,1628379,Luke Kennard,2,3,1,0.3323194308398206,0.2633136568030282,0.06900577403679242,-1.5612511283791264e-17,0.9999999999999999,0.9999999999999999
2026_lal_okc_api_20261005,1628379,Luke Kennard,3,4,1,0.1780183176598135,0.12674583679956125,0.05127248086025224,1.734723475976807e-18,0.9999999999999999,1.0
2026_lal_okc_api_20261005,1628392,Isaiah Hartenstein,1,2,1,0.37390498628496205,0.055958616764282064,0.2760067587494806,0.04193961077119943,0.9233511586452763,0.9825673534072901
2026_lal_okc_api_20261005,1628392,Isaiah Hartenstein,2,3,1,0.26553146530892086,0.12754217559480036,0.11230716183995611,0.025682127874164434,1.0,0.9375886524822694
2026_lal_okc_api_20261005,1628392,Isaiah Hartenstein,3,4,1,0.2873677940002922,0.07687975309562095,0.17920430968079004,0.031283731223881214,0.9375886524822694,0.9920760697305864
2026_lal_okc_api_20261005,1628467,Maxi Kleber,3,4,1,0.9414893617021275,0.0,0.0,0.9414893617021275,0.05851063829787234,0.4
2026_lal_okc_api_20261005,1628983,Shai Gilgeous-Alexander,1,2,1,0.15264918930420063,0.09367065119103538,0.0571902988005323,0.0017882393126329452,1.0,0.9936808846761452
2026_lal_okc_api_20261005,1628983,Shai Gilgeous-Alexander,2,3,1,0.22096260031160975,0.05696955943792402,0.08555786521464806,0.07843517565903767,0.8878357030015797,1.0
2026_lal_okc_api_20261005,1628983,Shai Gilgeous-Alexander,3,4,1,0.11038846871551049,0.05536414077397697,0.04874390733625525,0.006280420605278283,1.0,0.9903329752953813
2026_lal_okc_api_20261005,1629020,Jarred Vanderbilt,1,4,3,0.6106442577030813,0.1184721009170875,0.16350735753295922,0.3286647992530345,0.5294117647058824,1.0
2026_lal_okc_api_20261005,1629026,Kenrich Williams,1,2,1,0.2570175438596491,-0.076221151970369,0.2726497233989404,0.060588972431077665,0.9333333333333333,0.7368421052631579
2026_lal_okc_api_20261005,1629026,Kenrich Williams,2,3,1,0.39333706606942886,-0.027137804599558016,0.36075124997770924,0.05972362069127761,0.9210526315789473,0.9042553191489362
2026_lal_okc_api_20261005,1629028,Deandre Ayton,1,2,1,0.07140732001333709,0.015135202905405555,0.04580136319214909,0.010470753915782442,0.986970684039088,1.0
2026_lal_okc_api_20261005,1629028,Deandre Ayton,2,3,1,0.15129156979358005,0.06727132041800576,0.07346003271730775,0.01056021665826654,0.984251968503937,0.9885807504078303
2026_lal_okc_api_20261005,1629028,Deandre Ayton,3,4,1,0.14539197331493992,0.10255368608190935,0.03654856495036876,0.006289722282661824,0.9885807504078303,0.9977628635346756
2026_lal_okc_api_20261005,1629060,Rui Hachimura,1,2,1,0.1641154682513575,0.014487262016351303,0.14962820623500617,-6.938893903907228e-18,1.0,1.0
2026_lal_okc_api_20261005,1629060,Rui Hachimura,2,3,1,0.15413554417113137,0.09395024453214283,0.05821863921568834,0.0019666604233002207,0.9916963226571768,1.0
2026_lal_okc_api_20261005,1629060,Rui Hachimura,3,4,1,0.23672464400941218,0.061483785733845386,0.16170854704752843,0.01353231122803838,1.0,0.9668874172185431
2026_lal_okc_api_20261005,1629637,Jaxson Hayes,1,2,1,0.2895496937639198,0.2515051078362732,0.02777417144300614,0.010270414484640496,0.9888641425389756,0.984375
2026_lal_okc_api_20261005,1629637,Jaxson Hayes,2,3,1,0.17925768608414241,0.15429360807400663,0.016944898115955894,0.008019179894179879,0.984375,1.0
2026_lal_okc_api_20261005,1629637,Jaxson Hayes,3,4,1,0.43123747881029434,0.35808836327371063,0.05334820082041476,0.019800914716168933,1.0,0.9365079365079365
2026_lal_okc_api_20261005,1629652,Luguentz Dort,1,2,1,0.39628347630411564,0.21884536298722784,0.17288103322889004,0.004557080087997826,0.9930915371329879,0.9917012448132779
2026_lal_okc_api_20261005,1629652,Luguentz Dort,2,3,1,0.2547064699554326,0.05099332732977644,0.19715068552011877,0.006562457105537335,0.987551867219917,0.9930555555555555
2026_lal_okc_api_20261005,1629652,Luguentz Dort,3,4,1,0.34880604288499023,0.06361533982304698,0.27375141542463155,0.011439287637311748,0.9907407407407407,0.9690402476780186
2026_lal_okc_api_20261005,1630198,Isaiah Joe,1,2,1,0.2617508813160987,-0.03456960109926763,0.2057407722704388,0.09057971014492755,0.8641304347826086,1.0
2026_lal_okc_api_20261005,1630198,Isaiah Joe,2,3,1,0.4798661046367469,0.13111249004154438,0.21931486038580603,0.12943875420939643,0.9243243243243244,0.775229357798165
2026_lal_okc_api_20261005,1630198,Isaiah Joe,3,4,1,0.37128371387183556,0.03407911122429591,0.1410796390932047,0.1961249635543349,0.7110091743119267,0.9548872180451127
2026_lal_okc_api_20261005,1630559,Austin Reaves,1,2,1,0.238578498629241,0.09047318371998739,0.1481053149092536,4.553649124439119e-18,1.0,1.0
2026_lal_okc_api_20261005,1630559,Austin Reaves,2,3,1,0.32058045988809586,0.08548640922675392,0.23509405066134192,-2.168404344971009e-19,1.0,0.9999999999999999
2026_lal_okc_api_20261005,1630559,Austin Reaves,3,4,1,0.15778668258163525,0.09101193761511243,0.06677474496652283,-9.107298248878237e-18,0.9999999999999999,1.0
2026_lal_okc_api_20261005,1630598,Aaron Wiggins,1,2,1,0.6933760683760685,-0.11085364542351395,0.4929199222266329,0.31130979157294947,0.2087912087912088,0.375
2026_lal_okc_api_20261005,1630598,Aaron Wiggins,2,3,1,0.3473684210526316,2.7755575615628914e-17,-4.163336342344337e-17,0.3473684210526316,0.8472222222222223,0.6526315789473685
2026_lal_okc_api_20261005,1630598,Aaron Wiggins,3,4,1,1.0,0.0,0.0,1.0,0.0,0.0
2026_lal_okc_api_20261005,1631096,Chet Holmgren,1,2,1,0.3618121009425357,0.058522573027655234,0.2684183266657932,0.034871201249087325,0.9797101449275362,0.9286713286713286
2026_lal_okc_api_20261005,1631096,Chet Holmgren,2,3,1,0.3025784588183292,0.0022265159313554807,0.2876946999313014,0.012657242955672277,0.9328671328671329,0.9918962722852511
2026_lal_okc_api_20261005,1631096,Chet Holmgren,3,4,1,0.2475115774783309,0.11399837667707008,0.12122080653761708,0.012292394263643777,0.9918962722852511,0.9824780976220275
2026_lal_okc_api_20261005,1631119,Jaylin Williams,1,2,1,0.33679726503147384,0.07494539111508089,0.24782822321900058,0.01402365069739235,0.9509803921568627,1.0
2026_lal_okc_api_20261005,1631119,Jaylin Williams,2,3,1,0.19040590405904054,-0.06488083442191171,0.19506640845289744,0.06022033002805484,0.9704797047970479,0.8933333333333333
2026_lal_okc_api_20261005,1631119,Jaylin Williams,3,4,1,0.4265306122448979,0.059643061850727916,0.09019582107086176,0.27669172932330827,0.5911111111111111,1.0
2026_lal_okc_api_20261005,1631222,Jake LaRavia,1,2,1,0.45407668840102894,0.2557920841995853,0.1904819809272418,0.007802623274201751,0.9835616438356165,0.9868995633187773
2026_lal_okc_api_20261005,1641717,Cason Wallace,1,2,1,0.28543246139800743,0.04076889657975129,0.21861138222653465,0.02605218259172148,0.9648711943793912,0.9644067796610168
2026_lal_okc_api_20261005,1641717,Cason Wallace,2,3,1,0.2759407312653235,0.15644845779376368,0.10001628000008808,0.019475993471471744,0.9491525423728813,0.9937106918238993
2026_lal_okc_api_20261005,1641717,Cason Wallace,3,4,1,0.4342883764267412,0.2211184137550667,0.2112460181874243,0.0019239444842502167,0.9937106918238993,1.0
2026_lal_okc_api_20261005,1641733,Nick Smith Jr.,1,2,1,0.7559183673469387,0.33781193613902993,0.11673351840642462,0.30137291280148426,0.4489795918367347,0.44
2026_lal_okc_api_20261005,1641733,Nick Smith Jr.,2,3,1,0.2796153846153846,0.11890109143682354,0.015131542595810427,0.14558275058275066,0.88,0.75
2026_lal_okc_api_20261005,1642260,Nikola Topić,2,3,1,0.8933333333333333,-2.7755575615628914e-17,0.0,0.8933333333333333,0.6666666666666666,0.10666666666666667
2026_lal_okc_api_20261005,1642261,Dalton Knecht,1,2,1,0.7051338306274681,0.11339036372876432,0.4927349923965918,0.09900847450211203,0.9811320754716981,0.627906976744186
2026_lal_okc_api_20261005,1642261,Dalton Knecht,2,3,1,0.574374725756911,0.12385467615370534,0.28446450890571745,0.16605554069748815,0.7209302325581395,0.7169811320754716
2026_lal_okc_api_20261005,1642272,Jared McCain,1,2,1,0.3335171568627451,0.16680308362368373,0.07461962393517625,0.0920944493038851,0.840625,0.9411764705882353
2026_lal_okc_api_20261005,1642272,Jared McCain,2,3,1,0.4821490543119903,0.14874447348650646,0.23800636826433524,0.09539821256114858,0.7279411764705882,0.8849557522123894
2026_lal_okc_api_20261005,1642272,Jared McCain,3,4,1,0.5897483740270818,0.23397333613933463,0.09778064204768488,0.2579943958400623,0.5265486725663717,0.8493975903614457
2026_lal_okc_api_20261005,1642349,Ajay Mitchell,1,2,1,0.2583704935379034,0.038123964771990065,0.18354695218110897,0.036699576584804335,0.9570957095709571,0.949618320610687
2026_lal_okc_api_20261005,1642349,Ajay Mitchell,2,3,1,0.22630976950046,0.07739854593409244,0.13038559811658626,0.018525625449781313,0.966412213740458,0.9820846905537459
2026_lal_okc_api_20261005,1642349,Ajay Mitchell,3,4,1,0.21142829988163023,0.11723812205950848,0.07953028814173753,0.014659889680384203,0.9820846905537459,0.9814323607427056
2026_lal_okc_api_20261005,1642355,Bronny James,1,2,1,0.7799999999999999,5.551115123125783e-17,0.0,0.7799999999999999,0.7450980392156863,0.22
2026_lal_okc_api_20261005,1642355,Bronny James,2,3,1,0.6101886792452831,0.14899694792436383,0.053088056085259266,0.40810367523565994,0.58,0.4056603773584906
2026_lal_okc_api_20261005,1642876,Adou Thiero,1,2,1,0.9591836734693878,0.0,0.0,0.9591836734693878,0.04081632653061224,0.04195804195804196
2026_lal_okc_api_20261005,1642876,Adou Thiero,2,3,1,0.5012587412587413,0.21117882733605822,0.1482117896188438,0.14186812430383924,0.9580419580419581,0.7415384615384615
2026_lal_okc_api_20261005,1642876,Adou Thiero,3,4,1,0.5702834008097167,-0.02910851372399338,0.44795850213113464,0.15143341240257543,0.6984615384615385,1.0
2026_min_sas_api_20261005,201144,Mike Conley,1,2,1,0.300532378538574,0.1148151055299823,0.17173211124979265,0.01398516175879902,0.998341625207297,0.9460916442048517
2026_min_sas_api_20261005,201144,Mike Conley,2,3,1,0.1584306678646301,-0.02118906706948797,0.08886583474625559,0.09075390018786249,0.889487870619946,0.9999999999999999
2026_min_sas_api_20261005,201144,Mike Conley,3,4,1,0.353696819496076,-0.13891202864222954,0.25676266616499815,0.23584618197330734,0.9999999999999999,0.6802973977695168
2026_min_sas_api_20261005,201144,Mike Conley,4,5,1,0.2569675106134928,0.12001336776913635,0.12226326343199169,0.014690879412364808,1.0,0.8579881656804734
2026_min_sas_api_20261005,201144,Mike Conley,5,6,1,0.16975606810771643,0.09806814345214172,0.021249238673122173,0.050438685982452554,0.8579881656804734,1.0
2026_min_sas_api_20261005,202687,Bismack Biyombo,2,5,3,0.38636363636363635,0.0,0.0,0.38636363636363635,0.6136363636363636,0.9038461538461539
2026_min_sas_api_20261005,202687,Bismack Biyombo,5,6,1,0.3114754098360656,-3.122502256758253e-17,2.42861286636753e-17,0.3114754098360656,1.0,0.6885245901639344
2026_min_sas_api_20261005,203084,Harrison Barnes,1,2,1,0.630389363722697,0.19766384886282734,0.04155183741168251,0.3911736774481872,0.9259259259259258,0.3923076923076923
2026_min_sas_api_20261005,203084,Harrison Barnes,2,3,1,0.6156075808249721,-0.04886166776942751,0.20865839278354384,0.4558108558108558,0.3948717948717948,1.0
2026_min_sas_api_20261005,203084,Harrison Barnes,3,4,1,0.52899748472871,0.10324673316046909,0.3577000711269466,0.06805068044129432,0.7652173913043478,0.9462809917355373
2026_min_sas_api_20261005,203084,Harrison Barnes,4,5,1,0.6974584555229717,0.30347833298079036,0.3688469945301267,0.02513312801205462,0.9462809917355373,0.8602150537634408
2026_min_sas_api_20261005,203084,Harrison Barnes,5,6,1,0.4668458781362007,0.047482452616065256,0.2998744158675638,0.11948900965257164,0.8279569892473118,0.6574074074074074
2026_min_sas_api_20261005,203482,Kelly Olynyk,2,5,3,0.6165950316893714,-0.02137022378540638,0.48188230456434616,0.1560829509104315,0.4555984555984556,0.8867924528301887
2026_min_sas_api_20261005,203482,Kelly Olynyk,5,6,1,0.5782251512142277,-0.02447450060001021,0.5698579995393873,0.032841652274850655,1.0,0.8086124401913877
2026_min_sas_api_20261005,203486,Mason Plumlee,2,6,4,0.7721139430284858,0.05607251862172806,0.4051480789625058,0.31089334544425185,0.2988505747126437,0.8768115942028986
2026_min_sas_api_20261005,203497,Rudy Gobert,1,2,1,0.25080833884135123,0.18346395609045066,0.06734438275090057,-5.204170427930421e-18,1.0,1.0
2026_min_sas_api_20261005,203497,Rudy Gobert,2,3,1,0.09093876097792547,0.06562792885432138,0.020382250067362478,0.004928582056241618,0.9918831168831168,1.0
2026_min_sas_api_20261005,203497,Rudy Gobert,3,4,1,0.39576633701960073,0.3939757136277458,-0.0050157312405866225,0.006806354632441546,1.0,0.9768339768339767
2026_min_sas_api_20261005,203497,Rudy Gobert,4,5,1,0.3968656896833692,0.3516657048409307,0.04057286852018431,0.004627116322254236,0.9794079794079792,1.0
2026_min_sas_api_20261005,203497,Rudy Gobert,5,6,1,0.10335851733270862,0.007170734081915855,0.09618778325079277,-3.469446951953614e-18,1.0,1.0
2026_min_sas_api_20261005,203937,Kyle Anderson,2,5,3,0.5332740213523132,0.01832973524974274,0.285657994811607,0.22928629129096348,0.5800711743772241,1.0
2026_min_sas_api_20261005,203937,Kyle Anderson,5,6,1,0.5810344827586207,-0.03425330579993248,0.2084957300423568,0.4067920585161964,0.4666666666666667,0.9103448275862069
2026_min_sas_api_20261005,203944,Julius Randle,1,2,1,0.20995740911104294,0.036423078558823714,0.16665844703511437,0.006875883517104877,0.9999999999999999,0.9703703703703703
2026_min_sas_api_20261005,203944,Julius Randle,2,3,1,0.4002469135802469,0.1649553371334982,0.2352915764467487,-1.734723475976807e-18,1.0,0.9999999999999999
2026_min_sas_api_20261005,203944,Julius Randle,3,4,1,0.23691345151199164,0.08124547319158039,0.15566797832041124,1.214306433183765e-17,0.9999999999999999,1.0
2026_min_sas_api_20261005,203944,Julius Randle,4,5,1,0.28352670132172475,0.14591018060879735,0.10016787904217572,0.03744864167075171,0.8894681960375392,0.9999999999999999
2026_min_sas_api_20261005,203944,Julius Randle,5,6,1,0.18970204738389834,0.12993845317927208,0.059763594204626194,6.245004513516506e-17,0.9999999999999999,1.0
2026_min_sas_api_20261005,1628368,De'Aaron Fox,1,2,1,0.38979293631276957,0.097414433566199,0.22426975979811173,0.06810874294845878,1.0,0.8743718592964824
2026_min_sas_api_20261005,1628368,De'Aaron Fox,2,3,1,0.3158746471798558,0.09630010492699516,0.059361081788143845,0.16021346046471677,0.7839195979899498,1.0
2026_min_sas_api_20261005,1628368,De'Aaron Fox,3,4,1,0.2588899813062361,0.021606248990197415,0.23728373231603866,1.3877787807814457e-17,1.0,1.0
2026_min_sas_api_20261005,1628368,De'Aaron Fox,4,5,1,0.25363011174388606,0.04965807493945197,0.2039720368044341,-1.0408340855860843e-17,1.0,0.9999999999999999
2026_min_sas_api_20261005,1628368,De'Aaron Fox,5,6,1,0.24951705105460276,0.08693191121590377,0.16258513983869902,-4.336808689942018e-18,0.9999999999999999,1.0
2026_min_sas_api_20261005,1628436,Luke Kornet,1,2,1,0.31545477903391567,0.01538881793721104,0.12060335767678589,0.17946260341991874,0.9598214285714285,0.7697841726618705
2026_min_sas_api_20261005,1628436,Luke Kornet,2,3,1,0.2766277952367348,0.06196045122554304,0.15281958901360881,0.061847754997582924,0.9100719424460432,1.0
2026_min_sas_api_20261005,1628436,Luke Kornet,3,4,1,0.20740728067023684,0.05166865194856649,0.141120384521924,0.014618244199746389,0.9061371841155236,0.9842022116903635
2026_min_sas_api_20261005,1628436,Luke Kornet,4,5,1,0.41491549673611733,0.09266084991583673,0.18222066667184106,0.14003398014843954,1.0,0.7962264150943397
2026_min_sas_api_20261005,1628436,Luke Kornet,5,6,1,0.24687876354877558,-0.018209462621808874,0.18167429967155158,0.08341392649903291,1.0,0.8776595744680851
2026_min_sas_api_20261005,1629162,Jordan McLaughlin,2,5,3,0.3664552501761804,0.021226176231042466,0.0968538883046034,0.2483751856405345,0.8178294573643411,0.7121212121212122
2026_min_sas_api_20261005,1629162,Jordan McLaughlin,5,6,1,0.275228008237717,-0.05529236893354374,0.24415776710126752,0.08636261006999321,1.0,0.8349514563106796
2026_min_sas_api_20261005,1629640,Keldon Johnson,1,2,1,0.22084065031439412,0.059831378903655835,0.07418709092254824,0.08682218048819006,0.9901574803149608,0.8920863309352517
2026_min_sas_api_20261005,1629640,Keldon Johnson,2,3,1,0.29316416714784355,0.06235520784505584,0.14526201224504925,0.08554694705773842,0.8729016786570742,0.9999999999999999
2026_min_sas_api_20261005,1629640,Keldon Johnson,3,4,1,0.23762629655935857,0.0664774773982099,0.1575901597447219,0.013558659416426786,0.9999999999999999,0.9793510324483775
2026_min_sas_api_20261005,1629640,Keldon Johnson,4,5,1,0.2765363587108214,0.08639778004755991,0.17910580191619904,0.011032776747062437,1.0,0.974025974025974
2026_min_sas_api_20261005,1629640,Keldon Johnson,5,6,1,0.4386053003353134,0.15933876816597142,0.2551004092100672,0.02416612295927484,0.9443413729128015,1.0
2026_min_sas_api_20261005,1629675,Naz Reid,1,2,1,0.1645869994134272,0.0019454926275851332,0.15302068052664572,0.009620826259196351,1.0,0.9668615984405458
2026_min_sas_api_20261005,1629675,Naz Reid,2,3,1,0.1814595173379458,-0.052707966058552255,0.23416748339649804,0.0,1.0,1.0
2026_min_sas_api_20261005,1629675,Naz Reid,3,4,1,0.25342321307524296,0.05926162314933927,0.19416158992590363,-1.734723475976807e-18,1.0,1.0
2026_min_sas_api_20261005,1629675,Naz Reid,4,5,1,0.3433448642472905,0.06693280916231964,0.26610120322140435,0.010310851863566511,0.9719251336898396,1.0
2026_min_sas_api_20261005,1629675,Naz Reid,5,6,1,0.3273892839146745,0.09800033604043529,0.19794240699373603,0.03144654088050315,1.0,0.9230769230769231
2026_min_sas_api_20261005,1630162,Anthony Edwards,1,2,1,0.3066152204797099,0.08301676109950451,0.08396329058967941,0.13963516879052595,0.9019933554817277,0.7920133111480865
2026_min_sas_api_20261005,1630162,Anthony Edwards,2,3,1,0.36119070610104775,0.26679316827963373,0.09271241764858115,0.0016851201728328674,1.0,0.9924385633270322
2026_min_sas_api_20261005,1630162,Anthony Edwards,3,4,1,0.2502398007550218,0.0049602857743951696,0.2452795149806266,-4.7704895589362195e-18,1.0,1.0
2026_min_sas_api_20261005,1630162,Anthony Edwards,4,5,1,0.34811493217465034,0.08178892955279465,0.26632600262185563,2.6020852139652106e-18,1.0,0.9999999999999999
2026_min_sas_api_20261005,1630162,Anthony Edwards,5,6,1,0.2628002528445006,0.10285452798560345,0.15994572485889716,-1.3444106938820255e-17,0.9999999999999999,1.0
2026_min_sas_api_20261005,1630170,Devin Vassell,1,2,1,0.14653110047846887,0.0979092797902456,0.005437948612608483,0.0431838720756148,0.9723684210526315,0.945031712473573
2026_min_sas_api_20261005,1630170,Devin Vassell,2,3,1,0.3945406309653318,0.24164776670223181,0.11018673318487594,0.04270613107822406,0.9090909090909091,1.0
2026_min_sas_api_20261005,1630170,Devin Vassell,3,4,1,0.20529785448879298,0.04988307642800687,0.15541477806078607,3.469446951953614e-17,1.0,1.0
2026_min_sas_api_20261005,1630170,Devin Vassell,4,5,1,0.2754927293914982,0.093174221940124,0.18231850745137423,1.734723475976807e-18,1.0,0.9999999999999999
2026_min_sas_api_20261005,1630170,Devin Vassell,5,6,1,0.2645550976167271,0.0018130815585247588,0.2627420160582023,0.0,0.9999999999999999,1.0
2026_min_sas_api_20261005,1630183,Jaden McDaniels,1,2,1,0.25510596395420915,0.10468527925626027,0.13561113888832116,0.014809545809627693,0.9780853517877739,0.981859410430839
2026_min_sas_api_20261005,1630183,Jaden McDaniels,2,3,1,0.31918173773574465,0.03378744427859476,0.277294879736686,0.00809941372046396,1.0,0.9766260162601625
2026_min_sas_api_20261005,1630183,Jaden McDaniels,3,4,1,0.27429612615585053,0.136009354809262,0.13828677134658857,-3.0357660829594124e-17,0.9999999999999999,1.0
2026_min_sas_api_20261005,1630183,Jaden McDaniels,4,5,1,0.2280424557752341,0.1361648934577151,0.08011897751002683,0.011758584807492185,0.967741935483871,1.0
2026_min_sas_api_20261005,1630183,Jaden McDaniels,5,6,1,0.30266900175131345,0.09174451602824034,0.21092448572307312,-8.673617379884035e-19,1.0,1.0
2026_min_sas_api_20261005,1630245,Ayo Dosunmu,2,3,1,0.2180944826370527,-0.06996234596141024,0.2853576844246644,0.0026991441737985486,1.0000000000000002,0.9879032258064516
2026_min_sas_api_20261005,1630245,Ayo Dosunmu,3,4,1,0.12270894428152493,0.021549257884508857,0.10115968639701607,8.673617379884035e-19,1.0,1.0
2026_min_sas_api_20261005,1630245,Ayo Dosunmu,4,5,1,0.1943461251862892,0.07115810274080067,0.12318802244548846,9.540979117872439e-18,1.0,0.9999999999999999
2026_min_sas_api_20261005,1630245,Ayo Dosunmu,5,6,1,0.12320696721311478,-0.004870102866135062,0.11373376579273631,0.01434330428651353,0.9740437158469946,1.0
2026_min_sas_api_20261005,1630322,Lindy Waters III,2,5,3,0.47627801120448177,-0.04119443340304447,0.291562080461868,0.22591036414565827,0.7589285714285714,0.6274509803921569
2026_min_sas_api_20261005,1630322,Lindy Waters III,5,6,1,0.4659690799396682,-0.033256983611989185,0.4677307731277955,0.031495290423861816,1.0,0.9423076923076923
2026_min_sas_api_20261005,1630538,Bones Hyland,1,2,1,0.31453911941716817,0.06306790451750335,0.21053924713842875,0.040931967761236074,0.9318181818181818,0.9658536585365853
2026_min_sas_api_20261005,1630538,Bones Hyland,2,5,3,0.906910569105691,0.4647166489227117,0.19611668441062163,0.24607723577235774,0.36585365853658536,0.26666666666666666
2026_min_sas_api_20261005,1630538,Bones Hyland,5,6,1,0.47590361445783136,0.0,0.0,0.47590361445783136,0.7333333333333333,0.5240963855421686
2026_min_sas_api_20261005,1630545,Terrence Shannon Jr,1,2,1,0.15633522292017774,0.019633287030421658,0.13036352358385403,0.006338412305902029,0.9999999999999999,0.9607476635514018
2026_min_sas_api_20261005,1630545,Terrence Shannon Jr,2,3,1,0.1726927570093458,-0.01906831461051732,0.16626382743103013,0.02549724418883299,0.947663551401869,1.0
2026_min_sas_api_20261005,1630545,Terrence Shannon Jr,3,4,1,0.40918961864406783,0.09858054292828157,0.27159115439949155,0.03901792131629463,0.9859375,0.9194915254237287
2026_min_sas_api_20261005,1630545,Terrence Shannon Jr,4,5,1,0.35787889953328417,0.08807648950888648,0.2698024100243977,0.0,1.0,1.0
2026_min_sas_api_20261005,1630545,Terrence Shannon Jr,5,6,1,0.311328933747412,0.0585122563207675,0.24111919331068213,0.011697484115962333,0.9565217391304348,0.9910714285714286
2026_min_sas_api_20261005,1630577,Julian Champagnie,1,2,1,0.212262288609594,0.07994942214299905,0.11086171487845704,0.021451151588137908,1.0,0.935897435897436
2026_min_sas_api_20261005,1630577,Julian Champagnie,2,3,1,0.4598460611118839,0.3044572350633482,0.08915526924894115,0.06623355679959457,0.8736263736263736,1.0
2026_min_sas_api_20261005,1630577,Julian Champagnie,3,4,1,0.2358649789029536,-0.002025028824839967,0.23789000772779356,-2.7755575615628914e-17,1.0,1.0
2026_min_sas_api_20261005,1630577,Julian Champagnie,4,5,1,0.22424242424242427,-0.0023093325697446567,0.21810286107513757,0.008448895737031347,1.0,0.9833333333333334
2026_min_sas_api_20261005,1630577,Julian Champagnie,5,6,1,0.31480423933734625,0.007957678945342736,0.3010170791387935,0.005829481253210091,0.9833333333333334,1.0
2026_min_sas_api_20261005,1641705,Victor Wembanyama,1,2,1,0.2579070582994493,0.1902814458324212,0.05561011923844802,0.01201549322858007,1.0,0.9562398703403565
2026_min_sas_api_20261005,1641705,Victor Wembanyama,2,3,1,0.23490906874741702,0.14701234377702635,0.06565009637392258,0.02224662859646807,0.9351701782820097,1.0
2026_min_sas_api_20261005,1641705,Victor Wembanyama,3,4,1,0.1300788252549598,-0.04797709838829684,0.1707063831292639,0.007349540513992763,0.9882491186839012,1.0
2026_min_sas_api_20261005,1641705,Victor Wembanyama,4,5,1,0.13180241381802416,0.01433334173377978,0.11679121619456617,0.0006778558896781863,1.0,0.9987623762376238
2026_min_sas_api_20261005,1641705,Victor Wembanyama,5,6,1,0.24916396506907326,0.032712791010966275,0.216451174058107,-2.7755575615628914e-17,1.0,1.0
2026_min_sas_api_20261005,1641740,Jaylen Clark,1,2,1,0.7371176519086488,0.2005248729731901,0.46159633914802206,0.07499643978743648,0.8461538461538461,0.38585209003215437
2026_min_sas_api_20261005,1641740,Jaylen Clark,2,5,3,0.7841510216782492,0.06231295983585175,0.5737516334655837,0.1480864283768137,0.5659163987138264,0.6129032258064515
2026_min_sas_api_20261005,1641740,Jaylen Clark,5,6,1,0.7903225806451613,-1.3877787807814457e-17,0.0,0.7903225806451613,0.2096774193548387,0.8242424242424242
2026_min_sas_api_20261005,1641763,Julian Phillips,2,5,3,0.5942447383125349,-0.11740355912872419,0.4393573406413292,0.2722909567999299,0.6153846153846154,0.576271186440678
2026_min_sas_api_20261005,1641763,Julian Phillips,5,6,1,0.6651397159871736,-0.0037089783034562444,0.18228040687488478,0.4865682874157451,0.4745762711864407,0.3783783783783784
2026_min_sas_api_20261005,1642264,Stephon Castle,1,2,1,0.1881216013571851,-0.015107146423483774,0.10038116991565482,0.10284757786501401,1.0,0.8766355140186917
2026_min_sas_api_20261005,1642264,Stephon Castle,2,3,1,0.3824828194401127,0.14919065531542763,0.1589004923132189,0.07439167181146619,0.8205607476635514,1.0
2026_min_sas_api_20261005,1642264,Stephon Castle,3,4,1,0.16855042535639037,0.08438437004577914,0.07620223873808203,0.007963816572529162,1.0,0.9634703196347033
2026_min_sas_api_20261005,1642264,Stephon Castle,4,5,1,0.34812115118763354,0.016484022535256285,0.33163712865237727,-6.938893903907228e-18,1.0,1.0
2026_min_sas_api_20261005,1642264,Stephon Castle,5,6,1,0.31495063589822225,0.06401750425099173,0.2509331316472305,-1.734723475976807e-17,1.0,1.0
2026_min_sas_api_20261005,1642844,Dylan Harper,1,2,1,0.27245711832457925,0.1464452018642576,0.09371370439706084,0.03229821206326079,1.0,0.879746835443038
2026_min_sas_api_20261005,1642844,Dylan Harper,2,3,1,0.3411643455511218,0.09193600635503457,0.17607364578822926,0.07315469340785796,0.8122362869198313,1.0
2026_min_sas_api_20261005,1642844,Dylan Harper,3,4,1,0.3200836583146776,0.11237340763157892,0.17354570075733117,0.034164549925767514,1.0,0.9294755877034359
2026_min_sas_api_20261005,1642844,Dylan Harper,4,5,1,0.40399055996567257,0.21514609545747745,0.1840550650456722,0.0047893994625229745,1.0,0.9815100154083205
2026_min_sas_api_20261005,1642844,Dylan Harper,5,6,1,0.20800522604787225,0.12068537070139472,0.08177576263531465,0.005544092711162919,0.9815100154083205,1.0
2026_min_sas_api_20261005,1642866,Joan Beringer,2,5,3,0.5238095238095238,0.16331800303961447,0.21525342553181415,0.14523809523809522,0.8333333333333334,0.6666666666666669
2026_min_sas_api_20261005,1642866,Joan Beringer,5,6,1,0.4706304753698119,-0.00332040833025396,0.10978640610059957,0.36416447759946624,0.590909090909091,0.6540284360189573
2026_min_sas_api_20261005,1642868,Carter Bryant,2,3,1,0.6700033255736614,0.181094377774424,0.2229677488683478,0.2659411989308897,0.48711340206185566,0.9999999999999999
2026_min_sas_api_20261005,1642868,Carter Bryant,3,4,1,0.4138753866548829,0.07250090877338579,0.31799757917900906,0.02337689870248799,0.9870967741935482,0.9178082191780822
2026_min_sas_api_20261005,1642868,Carter Bryant,4,5,1,0.49436722994367227,0.09679632593571358,0.2808156143627939,0.11675528964516482,0.9178082191780822,0.7664233576642338
2026_min_sas_api_20261005,1642868,Carter Bryant,5,6,1,0.5140081580077287,0.23507723536099992,0.1536445691502783,0.1252863534964504,0.7664233576642338,0.9779411764705882
2026_nyk_sas_api_20261005,203084,Harrison Barnes,1,2,1,0.6795933188090051,0.06359833223442521,0.06256799636598037,0.5534269902085995,0.3580246913580247,0.9999999999999999
2026_nyk_sas_api_20261005,203903,Jordan Clarkson,1,3,2,0.7882478632478632,0.017088029378685907,0.60463936603292,0.16652046783625732,1.0,0.5277777777777777
2026_nyk_sas_api_20261005,203903,Jordan Clarkson,3,4,1,0.21501670843776105,-0.1161753295743515,0.31876513742731727,0.012426900584795349,0.95,0.9999999999999999
2026_nyk_sas_api_20261005,203903,Jordan Clarkson,4,5,1,0.3521432447097124,-0.12198422854044531,0.4551215410955761,0.01900593215458161,0.9999999999999999,0.9226804123711341
2026_nyk_sas_api_20261005,1626157,Karl-Anthony Towns,1,2,1,0.1757402499385685,0.09137371846770447,0.07172705846425512,0.012639473006608892,1.0,0.978483606557377
2026_nyk_sas_api_20261005,1626157,Karl-Anthony Towns,2,3,1,0.3022772245370743,0.10520805347997372,0.1894088843864285,0.007660286670672044,0.978483606557377,1.0
2026_nyk_sas_api_20261005,1626157,Karl-Anthony Towns,3,4,1,0.11355975594146007,0.056536649061707814,0.057023106879752275,0.0,1.0,1.0
2026_nyk_sas_api_20261005,1626157,Karl-Anthony Towns,4,5,1,0.18831941645071504,-0.011202909922683673,0.19952232637339873,0.0,1.0,1.0
2026_nyk_sas_api_20261005,1628368,De'Aaron Fox,1,2,1,0.30840329601990046,0.08144328621204963,0.22546312660575113,0.0014968832020997502,0.9921875,1.0
2026_nyk_sas_api_20261005,1628368,De'Aaron Fox,2,3,1,0.19329566364937453,0.13788572274706645,0.03329326602997851,0.022116674872329614,1.0,0.9638854296388544
2026_nyk_sas_api_20261005,1628368,De'Aaron Fox,3,4,1,0.2730270743969374,0.08850149256672489,0.1757904315856283,0.008735150244584194,1.0,0.9814814814814815
2026_nyk_sas_api_20261005,1628368,De'Aaron Fox,4,5,1,0.2664728682170543,0.09883058730812727,0.16318735428418907,0.004454926624737962,0.9814814814814815,1.0
2026_nyk_sas_api_20261005,1628384,OG Anunoby,1,2,1,0.361112079016846,0.18256525798874512,0.17754123942949931,0.001005581598601611,1.0,0.996662958843159
2026_nyk_sas_api_20261005,1628384,OG Anunoby,2,3,1,0.23038798849042552,0.09738402858754863,0.13105293848578206,0.001951021417094842,0.9810901001112348,1.0
2026_nyk_sas_api_20261005,1628384,OG Anunoby,3,4,1,0.17476092396866214,0.053951998233578824,0.12080892573508331,-2.0816681711721685e-17,1.0,0.9999999999999999
2026_nyk_sas_api_20261005,1628384,OG Anunoby,4,5,1,0.21164629170752886,0.016522698455992926,0.19512359325153594,-1.214306433183765e-17,0.9999999999999999,1.0
2026_nyk_sas_api_20261005,1628404,Josh Hart,1,2,1,0.1768504812406703,0.12889382648555747,0.04795665475511286,-1.3010426069826053e-17,0.9999999999999999,1.0
2026_nyk_sas_api_20261005,1628404,Josh Hart,2,3,1,0.24125439916023486,0.1184522922455525,0.06731724612320182,0.05548486079148053,0.893574297188755,0.9999999999999999
2026_nyk_sas_api_20261005,1628404,Josh Hart,3,4,1,0.22302353422540117,-0.0008577922399483906,0.21957239036833398,0.004308936097015544,0.9999999999999999,0.9805194805194805
2026_nyk_sas_api_20261005,1628404,Josh Hart,4,5,1,0.17852291004798682,0.07387487995585233,0.10008107386954918,0.004566956222585315,0.9805194805194805,1.0
2026_nyk_sas_api_20261005,1628436,Luke Kornet,1,2,1,0.24662381743337905,0.11314861794022114,0.09333937029315033,0.04013582920000758,0.9295154185022027,0.9508196721311476
2026_nyk_sas_api_20261005,1628436,Luke Kornet,2,3,1,0.44767963461381616,0.3695902109839986,0.05084800740680605,0.027241416223011482,0.9508196721311476,0.9552238805970149
2026_nyk_sas_api_20261005,1628436,Luke Kornet,3,4,1,0.31094527363184077,0.11631398414316735,0.011769433489701716,0.1828618559989717,0.900497512437811,0.7553191489361701
2026_nyk_sas_api_20261005,1628436,Luke Kornet,4,5,1,0.44871289729445757,0.37483824667672894,0.07044100864242003,0.003433641975308634,1.0,0.9876543209876544
2026_nyk_sas_api_20261005,1628969,Mikal Bridges,1,2,1,0.08754912552648474,0.07208570726670172,-0.00622735531549418,0.02169077357527719,0.9871060171919771,0.9726775956284153
2026_nyk_sas_api_20261005,1628969,Mikal Bridges,2,3,1,0.2544225247754006,0.07092662815643058,0.15970613352304897,0.023789763095920995,0.9726775956284153,0.9661016949152543
2026_nyk_sas_api_20261005,1628969,Mikal Bridges,3,4,1,0.21505578202102552,0.07786193853367372,0.1371938434873518,-8.673617379884035e-18,1.0,1.0
2026_nyk_sas_api_20261005,1628969,Mikal Bridges,4,5,1,0.18101003203949786,0.011094842373314649,0.16991518966618324,-1.734723475976807e-18,1.0,1.0
2026_nyk_sas_api_20261005,1628973,Jalen Brunson,1,2,1,0.1159259624228091,-0.03758155068796207,0.142562717346221,0.010944795764550179,0.9766949152542372,1.0
2026_nyk_sas_api_20261005,1628973,Jalen Brunson,2,3,1,0.1825732407127756,0.06318225670277845,0.09756190710887001,0.021829076901127127,0.9476744186046512,1.0
2026_nyk_sas_api_20261005,1628973,Jalen Brunson,3,4,1,0.2606591521685861,0.08488704340057535,0.1707052577307592,0.005066851037251543,1.0,0.9667565139263252
2026_nyk_sas_api_20261005,1628973,Jalen Brunson,4,5,1,0.24317904167232252,0.07742587914756706,0.16575316252475542,3.2959746043559335e-17,1.0,1.0
2026_nyk_sas_api_20261005,1629011,Mitchell Robinson,1,2,1,0.17434210526315788,0.12099993176629897,0.03227066193650106,0.021071511560357855,0.993421052631579,0.9375
2026_nyk_sas_api_20261005,1629011,Mitchell Robinson,2,3,1,0.16878774805867125,0.08384097654572811,0.0744822713363272,0.010464500176615947,0.980263157894737,1.0
2026_nyk_sas_api_20261005,1629011,Mitchell Robinson,3,4,1,0.19234972677595627,0.1360572941004994,0.056292432675456784,6.071532165918825e-17,1.0,1.0
2026_nyk_sas_api_20261005,1629011,Mitchell Robinson,4,5,1,0.17802228181240148,0.15972507555445964,0.018297206257941838,0.0,1.0,1.0
2026_nyk_sas_api_20261005,1629013,Landry Shamet,1,2,1,0.12420302537817228,0.076245170658748,0.04779262895324276,0.00016522576618151533,0.9988123515439429,0.9999999999999999
2026_nyk_sas_api_20261005,1629013,Landry Shamet,2,3,1,0.3586466165413534,-0.020999362395648886,0.3668409075276946,0.012805071409307665,0.9699248120300752,0.9915966386554622
2026_nyk_sas_api_20261005,1629013,Landry Shamet,3,4,1,0.3163813673617596,0.037617797538799715,0.2787635698229598,1.214306433183765e-17,1.0,1.0
2026_nyk_sas_api_20261005,1629013,Landry Shamet,4,5,1,0.19076202639421028,-0.02830263650914927,0.21906466290335955,2.6020852139652106e-17,1.0,1.0
2026_nyk_sas_api_20261005,1629640,Keldon Johnson,1,2,1,0.47010011878499913,0.3193019427508422,0.11972608348648639,0.03107209254767058,0.9397590361445782,0.9690140845070422
2026_nyk_sas_api_20261005,1629640,Keldon Johnson,2,3,1,0.36510461183990484,0.22012128091497607,0.13425716366555054,0.010726167259378234,0.9999999999999999,0.970976253298153
2026_nyk_sas_api_20261005,1629640,Keldon Johnson,3,4,1,0.2547430581731373,0.0900667042781116,0.1499695276059464,0.014706826289079366,0.970976253298153,0.9870129870129869
2026_nyk_sas_api_20261005,1629640,Keldon Johnson,4,5,1,0.16378066378066378,-0.0641776955658415,0.20486581475791585,0.023092544588589455,0.9718614718614719,0.9764309764309765
2026_nyk_sas_api_20261005,1630170,Devin Vassell,1,2,1,0.14312807881773398,0.0487473869225005,0.08949498867942561,0.004885703215807883,0.9820689655172414,1.0
2026_nyk_sas_api_20261005,1630170,Devin Vassell,2,3,1,0.4784896968496137,0.20086007469511,0.24573938591648686,0.031890236238016796,0.9897959183673469,0.862864077669903
2026_nyk_sas_api_20261005,1630170,Devin Vassell,3,4,1,0.27230839055963374,0.1285544180845496,0.14178379939912025,0.001970173075963904,1.0,0.9939024390243902
2026_nyk_sas_api_20261005,1630170,Devin Vassell,4,5,1,0.45450928787832423,0.1613842737115842,0.2841144006336525,0.00901061353308752,0.9898373983739838,0.9824341279799248
2026_nyk_sas_api_20261005,1630540,Miles McBride,1,2,1,0.3929480386562689,0.09358987668327975,0.1522096625901506,0.14714849938283858,0.742914979757085,0.9552572706935123
2026_nyk_sas_api_20261005,1630540,Miles McBride,2,3,1,0.2669145655722837,0.07034238627098494,0.16984881709111443,0.02672336221018435,0.9552572706935123,0.9864864864864864
2026_nyk_sas_api_20261005,1630540,Miles McBride,3,4,1,0.33085585585585586,0.21409926810941765,0.11675658774643816,2.949029909160572e-17,1.0,1.0
2026_nyk_sas_api_20261005,1630540,Miles McBride,4,5,1,0.2578173374613003,0.020824897609402884,0.23165114072925524,0.005341299122642208,1.0,0.9690402476780187
2026_nyk_sas_api_20261005,1630574,Ariel Hukporti,4,5,1,0.4032258064516129,0.3683553278269474,-0.15471214941615286,0.18958262804081835,0.935483870967742,0.7419354838709676
2026_nyk_sas_api_20261005,1630577,Julian Champagnie,1,2,1,0.17784552845528454,0.08760964047882604,0.0902358879764585,-3.469446951953614e-18,1.0,1.0
2026_nyk_sas_api_20261005,1630577,Julian Champagnie,2,3,1,0.26266412169587594,0.051885443489311,0.09144337924411251,0.11933529896245249,0.9660130718954248,0.8407079646017699
2026_nyk_sas_api_20261005,1630577,Julian Champagnie,3,4,1,0.2520732748038952,0.15081078470921927,0.052160758982546,0.04910173111212995,0.9345132743362832,0.9537648612945839
2026_nyk_sas_api_20261005,1630577,Julian Champagnie,4,5,1,0.17359989597800463,0.07826519594770105,0.049190574547464325,0.046144125482839256,1.0,0.9372325249643366
2026_nyk_sas_api_20261005,1630631,Jose Alvarado,1,2,1,0.20422790668584653,0.037372757231370866,0.10317914079356258,0.06367600866091308,1.0,0.892988929889299
2026_nyk_sas_api_20261005,1630631,Jose Alvarado,2,3,1,0.2201200825567578,0.0551420459164319,0.1184885720610962,0.04648946457922968,0.9852398523985241,0.903954802259887
2026_nyk_sas_api_20261005,1630631,Jose Alvarado,3,4,1,0.3008961620884473,0.16523180291111558,0.08764176030727525,0.0480225988700565,0.903954802259887,1.0
2026_nyk_sas_api_20261005,1630631,Jose Alvarado,4,5,1,0.47900539526155295,0.11779083141185208,0.33435286860125923,0.026861695248441623,1.0,0.8945578231292517
2026_nyk_sas_api_20261005,1641705,Victor Wembanyama,1,2,1,0.1514084966042262,0.10965227252241558,0.04175622408181061,4.336808689942018e-19,1.0,0.9999999999999999
2026_nyk_sas_api_20261005,1641705,Victor Wembanyama,2,3,1,0.15495737813456925,0.11725422680676208,0.036067592614392026,0.0016355587134151365,0.9999999999999999,0.9895348837209302
2026_nyk_sas_api_20261005,1641705,Victor Wembanyama,3,4,1,0.28957599780724874,0.1910214861721011,0.07457411120052447,0.023980400434623177,1.0,0.9501359927470534
2026_nyk_sas_api_20261005,1641705,Victor Wembanyama,4,5,1,0.19482170766843357,0.12282116906660889,0.07200053860182465,2.7321894746634712e-17,0.9999999999999999,0.9999999999999999
2026_nyk_sas_api_20261005,1642264,Stephon Castle,1,2,1,0.17363013698630136,0.11521964264990507,0.05841049433639628,1.3444106938820255e-17,1.0,1.0
2026_nyk_sas_api_20261005,1642264,Stephon Castle,2,3,1,0.19003626107977437,0.08495717439399944,0.1048043919022011,0.00027469478357382586,1.0,0.9976470588235293
2026_nyk_sas_api_20261005,1642264,Stephon Castle,3,4,1,0.2211798128342246,0.07882619199878378,0.14235362083544084,-8.673617379884035e-19,1.0,1.0
2026_nyk_sas_api_20261005,1642264,Stephon Castle,4,5,1,0.19955422125181949,0.1086416909867537,0.08751967312220867,0.003392857142857141,0.9943181818181818,1.0
2026_nyk_sas_api_20261005,1642844,Dylan Harper,1,2,1,0.3280454797952936,0.08469270770523965,0.23320660094553983,0.01014617114451415,0.9546218487394958,1.0
2026_nyk_sas_api_20261005,1642844,Dylan Harper,2,3,1,0.3202293048020896,0.11484836542161533,0.19647975620781868,0.008901183172655579,1.0,0.9702380952380952
2026_nyk_sas_api_20261005,1642844,Dylan Harper,3,4,1,0.1424738182028583,0.028370766866523088,0.08980417339430673,0.024298877942028504,0.9702380952380952,0.9951397326852978
2026_nyk_sas_api_20261005,1642844,Dylan Harper,4,5,1,0.20563274277465848,0.01431165057519785,0.187569371739261,0.0037517204601996428,0.9951397326852978,0.99537750385208
2026_nyk_sas_api_20261005,1642868,Carter Bryant,1,2,1,0.7125262054507336,0.00554061822347352,0.10117874936545931,0.6058068378618008,0.3113207547169811,0.9583333333333333
2026_nyk_sas_api_20261005,1642868,Carter Bryant,2,3,1,0.9694444444444444,0.30386388393383973,0.30397925332106224,0.3616013071895425,0.041666666666666664,0.2833333333333333
2026_nyk_sas_api_20261005,1642868,Carter Bryant,3,4,1,0.7027210884353742,0.01365559383844463,0.3042931241102733,0.38477237048665625,0.43333333333333335,0.4591836734693877
2026_nyk_sas_api_20261005,1642868,Carter Bryant,4,5,1,0.3421768707482993,-0.07226942038229775,0.26546923407582357,0.1489770570547735,0.9693877551020408,0.7533333333333334
2026_okc_sas_api_20261005,202687,Bismack Biyombo,3,5,2,0.7809523809523808,0.15750196581866724,0.31023996966520373,0.3132104454685099,0.38095238095238093,0.8857142857142857
2026_okc_sas_api_20261005,202687,Bismack Biyombo,5,6,1,0.7000000000000001,0.3241305848807575,0.0022583040081313663,0.37361111111111117,0.45714285714285713,0.38571428571428573
2026_okc_sas_api_20261005,203084,Harrison Barnes,1,2,1,0.5832006369426751,0.3733541951670174,0.022635779770325937,0.1872106620053318,0.8471337579617835,0.5625
2026_okc_sas_api_20261005,203084,Harrison Barnes,2,3,1,0.5459890463917525,0.12641032511395936,0.3423045876144268,0.07727413366336638,0.7890625,1.0
2026_okc_sas_api_20261005,203084,Harrison Barnes,3,4,1,0.5867497802285622,0.07746275920205148,0.1634731842706695,0.3458138367558413,0.9175257731958764,0.5012919896640826
2026_okc_sas_api_20261005,203084,Harrison Barnes,4,5,1,0.7482920958550139,0.13563789982333785,0.25018590311746897,0.362468292914207,0.28165374677002586,0.9999999999999999
2026_okc_sas_api_20261005,203084,Harrison Barnes,5,6,1,0.6917290638694317,0.2229352489735279,0.14372808469310544,0.32506573020279833,0.9999999999999999,0.34508816120906793
2026_okc_sas_api_20261005,203084,Harrison Barnes,6,7,1,0.6292112720403022,-0.024777704334575722,0.0691527043345757,0.5848362720403023,0.37783375314861456,1.0
2026_okc_sas_api_20261005,203482,Kelly Olynyk,3,4,1,0.5022727272727273,-0.012207065918900042,0.41805122176305587,0.09642857142857142,0.7,1.0
2026_okc_sas_api_20261005,203482,Kelly Olynyk,4,5,1,0.6879157427937916,0.05896168144243888,0.242867586850244,0.38608647450110867,0.9318181818181818,0.3902439024390244
2026_okc_sas_api_20261005,203482,Kelly Olynyk,5,6,1,0.7430057388809181,0.0860865130151034,0.5919140682112842,0.06500515765453058,0.7560975609756098,0.8161764705882353
2026_okc_sas_api_20261005,203486,Mason Plumlee,3,5,2,0.5384615384615384,0.05720621892729695,0.1997107771201339,0.28154454241410765,0.8461538461538461,0.5897435897435898
2026_okc_sas_api_20261005,203486,Mason Plumlee,5,6,1,0.49325236167341424,0.002603025078579062,0.11970273933244854,0.3709465972623866,0.5384615384615384,0.8333333333333333
2026_okc_sas_api_20261005,1627936,Alex Caruso,1,2,1,0.4480197095822913,0.12110717417230826,0.2958529976581247,0.031059537751858327,1.0,0.9235880398671096
2026_okc_sas_api_20261005,1627936,Alex Caruso,2,3,1,0.36304687187287366,0.23871203165338414,0.10076709298576572,0.02356774723372378,0.9817275747508305,0.9311531841652323
2026_okc_sas_api_20261005,1627936,Alex Caruso,3,4,1,0.20386152906557103,0.12820882569133824,0.074241224537482,0.0014114788367508599,0.9948364888123924,1.0000000000000002
2026_okc_sas_api_20261005,1627936,Alex Caruso,4,5,1,0.34831658734355725,0.11623803400073425,0.2197834713756098,0.012295081967213113,1.0000000000000002,0.9754098360655737
2026_okc_sas_api_20261005,1627936,Alex Caruso,5,6,1,0.2895336450257442,0.07911683614912407,0.196055326578783,0.014361482297837146,0.9754098360655737,1.0
2026_okc_sas_api_20261005,1627936,Alex Caruso,6,7,1,0.39040859862159494,0.14850248960182813,0.2419061090197669,1.1709383462843448e-17,1.0,1.0
2026_okc_sas_api_20261005,1628368,De'Aaron Fox,3,4,1,0.41059383803394567,0.14297327998185835,0.1821410787183139,0.08547947933377337,0.9212481426448736,0.8564668769716087
2026_okc_sas_api_20261005,1628368,De'Aaron Fox,4,5,1,0.357448704079128,0.09711983991977069,0.11566341504761894,0.14466544911173834,0.749211356466877,1.0
2026_okc_sas_api_20261005,1628368,De'Aaron Fox,5,6,1,0.26259235229918876,0.06315753907554478,0.16534153615349734,0.03409327707014664,1.0,0.9354275741710296
2026_okc_sas_api_20261005,1628368,De'Aaron Fox,6,7,1,0.1940676918003051,0.10024854777660716,0.08037230986798581,0.0134468341557121,0.9703315881326353,1.0
2026_okc_sas_api_20261005,1628392,Isaiah Hartenstein,1,2,1,0.628843997977711,0.2840255687692406,0.041510493608927015,0.3033079355995433,0.42537313432835816,0.9941089837997055
2026_okc_sas_api_20261005,1628392,Isaiah Hartenstein,2,3,1,0.3127572016460905,1.734723475976807e-18,1.734723475976807e-17,0.3127572016460905,0.9528718703976436,0.6872427983539094
2026_okc_sas_api_20261005,1628392,Isaiah Hartenstein,3,4,1,0.22246834819934236,0.17413615923045395,0.04182728761755064,0.00650490135133777,0.9938271604938271,0.9712918660287082
2026_okc_sas_api_20261005,1628392,Isaiah Hartenstein,4,5,1,0.24358238921554567,0.17125393674305509,0.052151898013087734,0.02017655445940284,0.9999999999999999,0.9659400544959129
2026_okc_sas_api_20261005,1628392,Isaiah Hartenstein,5,6,1,0.23266727217680894,0.21521273217076167,0.00512358717545865,0.012330952830588618,0.9632152588555858,1.0
2026_okc_sas_api_20261005,1628392,Isaiah Hartenstein,6,7,1,0.2865513701334597,0.2266977724401848,0.057236811494399166,0.0026167861988757243,1.0,0.9850746268656716
2026_okc_sas_api_20261005,1628436,Luke Kornet,1,2,1,0.8426076912623996,0.12322339465731906,0.09046081586899674,0.6289234807360838,0.1893939393939394,0.5112107623318386
2026_okc_sas_api_20261005,1628436,Luke Kornet,2,3,1,0.3580654958640774,0.047478456841442605,0.032649236694072145,0.2779378023285626,0.8026905829596412,0.697211155378486
2026_okc_sas_api_20261005,1628436,Luke Kornet,3,4,1,0.42850495826911333,0.194379815783164,0.19069146932433984,0.04343367316160946,0.9999999999999999,0.8832116788321168
2026_okc_sas_api_20261005,1628436,Luke Kornet,4,5,1,0.6171850206283719,0.18340768546634567,0.380888556243308,0.05288877891871831,0.8613138686131387,1.0
2026_okc_sas_api_20261005,1628436,Luke Kornet,5,6,1,0.4250415775718698,0.34186406841985734,0.049307723732846837,0.03386978541916562,1.0,0.8961748633879781
2026_okc_sas_api_20261005,1628436,Luke Kornet,6,7,1,0.6250890947968639,0.32941734733462,0.27927830483929295,0.016393442622950838,0.9508196721311475,0.9999999999999999
2026_okc_sas_api_20261005,1628983,Shai Gilgeous-Alexander,1,2,1,0.18118953427922957,0.07650195050183725,0.08824000129545051,0.016447582481941822,1.0,0.9527559055118109
2026_okc_sas_api_20261005,1628983,Shai Gilgeous-Alexander,2,3,1,0.2835431030965689,0.05045557016360043,0.17354620488268438,0.05954132805028409,0.9527559055118109,0.8974093264248704
2026_okc_sas_api_20261005,1628983,Shai Gilgeous-Alexander,3,4,1,0.3098458036064166,0.06877632597245686,0.22939070460663402,0.011678773027325728,0.9968911917098445,0.9555822328931571
2026_okc_sas_api_20261005,1628983,Shai Gilgeous-Alexander,4,5,1,0.17348661037209784,-0.01736384756173509,0.1690701961309925,0.021780261802840435,0.9555822328931571,0.997874601487779
2026_okc_sas_api_20261005,1628983,Shai Gilgeous-Alexander,5,6,1,0.16293065266106033,0.09640493382034239,0.06516763672428273,0.001358082116435204,0.997874601487779,1.0
2026_okc_sas_api_20261005,1628983,Shai Gilgeous-Alexander,6,7,1,0.24538867650673024,0.06367293783567982,0.18121910735542412,0.0004966313156263129,1.0,0.999064546304958
2026_okc_sas_api_20261005,1629026,Kenrich Williams,3,4,1,0.9512195121951218,-3.8163916471489756e-17,3.8163916471489756e-17,0.9512195121951219,0.5869565217391304,0.04878048780487805
2026_okc_sas_api_20261005,1629026,Kenrich Williams,4,5,1,0.38594140134576593,0.09234930725770192,0.23238292253781906,0.06120917155024497,0.926829268292683,0.8909774436090225
2026_okc_sas_api_20261005,1629026,Kenrich Williams,5,6,1,0.6949937120381023,0.05330519233937675,0.3354792688135054,0.30620925088522016,0.4736842105263158,0.5409252669039146
2026_okc_sas_api_20261005,1629026,Kenrich Williams,6,7,1,0.6565960729661798,0.3868157703418478,0.005559701695555521,0.2642206009287764,0.4768683274021352,0.5804195804195804
2026_okc_sas_api_20261005,1629162,Jordan McLaughlin,2,3,1,0.7209302325581395,-2.7755575615628914e-17,0.0,0.7209302325581395,0.4303030303030303,0.27906976744186046
2026_okc_sas_api_20261005,1629162,Jordan McLaughlin,3,4,1,0.5227610094012864,0.06156225959282619,0.2448893533103996,0.2163093964980607,0.7209302325581395,0.6595744680851063
2026_okc_sas_api_20261005,1629162,Jordan McLaughlin,4,5,1,0.631578947368421,-1.3877787807814457e-17,1.3877787807814457e-17,0.631578947368421,0.6595744680851063,0.3684210526315789
2026_okc_sas_api_20261005,1629162,Jordan McLaughlin,5,6,1,0.6049918610960391,0.2705557886452849,0.2564867890302041,0.07794928342055005,0.868421052631579,0.8144329896907216
2026_okc_sas_api_20261005,1629640,Keldon Johnson,1,2,1,0.41320989048210455,0.11930020312637352,0.269895191711886,0.024014495643845057,0.9481765834932822,0.9784313725490197
2026_okc_sas_api_20261005,1629640,Keldon Johnson,2,3,1,0.4941176470588235,0.15517708694966026,0.33240988332231947,0.006530676786843766,0.9725490196078432,1.0
2026_okc_sas_api_20261005,1629640,Keldon Johnson,3,4,1,0.5962250320689023,0.01747252256229009,0.38017211002210155,0.19858039948451067,0.8705882352941177,0.5817757009345794
2026_okc_sas_api_20261005,1629640,Keldon Johnson,4,5,1,0.5019405348738654,0.2722471713625788,0.13526500962516771,0.09442835388611866,0.7313084112149532,1.0
2026_okc_sas_api_20261005,1629640,Keldon Johnson,5,6,1,0.4442183115214142,0.2635263913326831,0.09313452081576973,0.08755739937296138,1.0,0.7626373626373626
2026_okc_sas_api_20261005,1629640,Keldon Johnson,6,7,1,0.6458730458730458,0.32653294694447366,0.23588695265121845,0.08345314627735376,0.7626373626373626,1.0
2026_okc_sas_api_20261005,1629652,Luguentz Dort,1,2,1,0.3050991583073907,0.032542824148990734,0.2713270859824457,0.0012292481759542894,1.0,0.9846938775510203
2026_okc_sas_api_20261005,1629652,Luguentz Dort,2,3,1,0.3169642857142857,0.01886480901653226,0.20968922446900806,0.08841025222874539,0.931122448979592,0.87890625
2026_okc_sas_api_20261005,1629652,Luguentz Dort,3,4,1,0.21969039351851852,0.09572986960529385,0.1005737794777086,0.02338674443551605,0.9609375,0.9953703703703703
2026_okc_sas_api_20261005,1629652,Luguentz Dort,4,5,1,0.37343073593073595,0.10538556852585004,0.21477396736972643,0.05327120003515944,0.912037037037037,0.9272727272727272
2026_okc_sas_api_20261005,1629652,Luguentz Dort,5,6,1,0.3657741435519214,0.15324924714720375,0.1761752786655839,0.03634961773913367,1.0,0.911522633744856
2026_okc_sas_api_20261005,1629652,Luguentz Dort,6,7,1,0.3979214619515938,0.05192039977851873,0.1973931121995137,0.14860794997356136,0.7366255144032922,1.0
2026_okc_sas_api_20261005,1630170,Devin Vassell,1,2,1,0.2714107419521432,0.0445401396360765,0.20071354397016716,0.026157058345899556,1.0,0.9445945945945946
2026_okc_sas_api_20261005,1630170,Devin Vassell,2,3,1,0.25858126030539824,0.09708842969719499,0.15349733511270777,0.007995495495495488,0.972972972972973,0.9999999999999999
2026_okc_sas_api_20261005,1630170,Devin Vassell,3,4,1,0.37243790692066553,0.07838994361527613,0.13672560445221707,0.15732235885317236,0.8541114058355437,0.774294670846395
2026_okc_sas_api_20261005,1630170,Devin Vassell,4,5,1,0.2942904736296743,0.06368195009692432,0.14900034262761563,0.08160818090513436,0.8072100313479624,1.0
2026_okc_sas_api_20261005,1630170,Devin Vassell,5,6,1,0.22985318511549602,0.02612445958454601,0.12139106836576456,0.08233765716518544,0.8981868898186889,0.9072978303747535
2026_okc_sas_api_20261005,1630170,Devin Vassell,6,7,1,0.25055118937954196,0.08401362366734427,0.12044797156050152,0.0460895941516962,0.9072978303747535,0.9915848527349229
2026_okc_sas_api_20261005,1630198,Isaiah Joe,1,2,1,0.8429054054054055,-0.007914154158710421,0.6223372310817874,0.22848232848232838,1.0,0.2927927927927928
2026_okc_sas_api_20261005,1630198,Isaiah Joe,2,3,1,0.46554054054054056,0.1716505525008034,0.06980907482838913,0.224080913211348,0.7252252252252254,0.6
2026_okc_sas_api_20261005,1630198,Isaiah Joe,3,4,1,0.3932412060301508,0.16325688153373036,0.13445877341834633,0.09552555107807409,1.0,0.7864321608040201
2026_okc_sas_api_20261005,1630198,Isaiah Joe,4,5,1,0.8728335555327659,0.6531266075941624,0.1045764736383305,0.11513047430027293,0.26381909547738697,0.6938775510204082
2026_okc_sas_api_20261005,1630198,Isaiah Joe,5,6,1,0.8496732026143792,-2.7755575615628914e-17,2.42861286636753e-17,0.8496732026143791,0.836734693877551,0.15032679738562094
2026_okc_sas_api_20261005,1630322,Lindy Waters III,3,4,1,0.5957446808510638,2.7755575615628914e-17,1.3877787807814457e-17,0.5957446808510638,0.763157894736842,0.40425531914893614
2026_okc_sas_api_20261005,1630322,Lindy Waters III,4,6,2,0.33824501123298534,0.15362095987779026,0.1474687550050281,0.03715529635016697,0.925531914893617,0.9565217391304348
2026_okc_sas_api_20261005,1630577,Julian Champagnie,1,2,1,0.3044515803746689,0.15962170011985236,0.11842238953482041,0.026407490719996207,0.9830960854092526,0.9449793672627235
2026_okc_sas_api_20261005,1630577,Julian Champagnie,2,3,1,0.2570831380203331,0.051089337376500225,0.20483677145401924,0.0011570291898135984,0.9958734525447043,0.9999999999999999
2026_okc_sas_api_20261005,1630577,Julian Champagnie,3,4,1,0.4139249192940403,0.014362495113858235,0.26820918817618666,0.13135323600399537,0.9930167597765363,0.7560553633217992
2026_okc_sas_api_20261005,1630577,Julian Champagnie,4,5,1,0.30081625410345136,0.07809737752107404,0.14621951638006495,0.07649936020231235,0.7906574394463668,1.0
2026_okc_sas_api_20261005,1630577,Julian Champagnie,5,6,1,0.23198056939064132,0.006808379556786481,0.14027501905410703,0.08489717077974782,0.9333333333333333,0.8830935251798562
2026_okc_sas_api_20261005,1630577,Julian Champagnie,6,7,1,0.21995955005327322,0.036043035049821814,0.11722916237618677,0.06668735262726463,0.8830935251798562,0.9855832241153342
2026_okc_sas_api_20261005,1630598,Aaron Wiggins,1,2,1,1.0,0.0,0.0,1.0,0.0,0.0
2026_okc_sas_api_20261005,1630598,Aaron Wiggins,2,3,1,1.0,0.0,0.0,1.0,0.0,0.0
2026_okc_sas_api_20261005,1630598,Aaron Wiggins,3,4,1,0.9320388349514563,-1.0408340855860843e-17,4.163336342344337e-17,0.9320388349514563,1.0,0.06796116504854369
2026_okc_sas_api_20261005,1630598,Aaron Wiggins,4,5,1,0.9689320388349514,0.0,0.0,0.9689320388349514,0.031067961165048542,0.3333333333333333
2026_okc_sas_api_20261005,1630598,Aaron Wiggins,5,6,1,0.7307692307692306,1.3877787807814457e-17,-1.3877787807814457e-17,0.7307692307692308,0.7777777777777777,0.21794871794871795
2026_okc_sas_api_20261005,1631096,Chet Holmgren,1,2,1,0.17260305660555908,0.16954472887282,-0.0003940192932756093,0.00345234702601472,1.0,0.993431855500821
2026_okc_sas_api_20261005,1631096,Chet Holmgren,2,3,1,0.30890804597701144,0.11359216076975086,0.15647154979494474,0.038844335412315883,0.993431855500821,0.9281609195402298
2026_okc_sas_api_20261005,1631096,Chet Holmgren,3,4,1,0.24653256704980844,0.1408809082249644,0.09842586210221409,0.0072257967226299425,0.9856321839080461,1.0
2026_okc_sas_api_20261005,1631096,Chet Holmgren,4,5,1,0.22106804478897504,0.09062379043708066,0.13044425435189436,6.938893903907228e-18,1.0,0.9999999999999999
2026_okc_sas_api_20261005,1631096,Chet Holmgren,5,6,1,0.2125541238913332,0.03802684074419286,0.17452728314714033,-5.204170427930421e-18,0.9999999999999999,1.0
2026_okc_sas_api_20261005,1631096,Chet Holmgren,6,7,1,0.27354915735197427,0.04468420431101275,0.21338810641030456,0.015476846630656934,1.0,0.9667093469910372
2026_okc_sas_api_20261005,1631114,Jalen Williams,1,2,1,0.24353546045667623,0.06517506813204922,0.07649232908018888,0.10186806324443816,0.8624678663239076,1.0
2026_okc_sas_api_20261005,1631114,Jalen Williams,2,6,4,0.40391427946643343,0.04417970898386335,0.286864331669047,0.07287023881352304,1.0,0.7100371747211895
2026_okc_sas_api_20261005,1631119,Jaylin Williams,1,2,1,0.4454131568761175,0.237854718680914,0.08895396503457735,0.11860447316062614,0.9246861924686193,0.7841409691629955
2026_okc_sas_api_20261005,1631119,Jaylin Williams,2,3,1,0.33374721480448355,0.1508267463490074,0.15033293586794358,0.03258753258753257,1.0,0.9034749034749034
2026_okc_sas_api_20261005,1631119,Jaylin Williams,3,4,1,0.37770535935673555,0.06603575782020724,0.1949856302199499,0.11668397131657834,0.9150579150579151,0.798165137614679
2026_okc_sas_api_20261005,1631119,Jaylin Williams,4,5,1,0.3422400611620795,0.1527227725345667,0.15119099951235312,0.03832628911515969,0.9431192660550458,0.9513888888888891
2026_okc_sas_api_20261005,1631119,Jaylin Williams,5,6,1,0.24027777777777778,0.08149862993666057,0.12027735869701221,0.038501789144105014,0.9490740740740741,0.9537037037037036
2026_okc_sas_api_20261005,1631119,Jaylin Williams,6,7,1,0.25902897716369216,0.17661800237320946,0.05814734107803012,0.024263633712452635,0.9407407407407407,1.0
2026_okc_sas_api_20261005,1641705,Victor Wembanyama,1,2,1,0.6475990633748073,0.309737061017024,0.3330433565748796,0.004818645782903817,0.9978339350180505,0.9788639365918099
2026_okc_sas_api_20261005,1641705,Victor Wembanyama,2,3,1,0.31585499691869223,0.2810085353980904,0.027942515334508516,0.006903946186093298,0.9749009247027742,1.0
2026_okc_sas_api_20261005,1641705,Victor Wembanyama,3,4,1,0.24773424098761432,0.0758414789501374,0.14709117711943065,0.024801584918046227,0.9858989424206815,0.9224137931034484
2026_okc_sas_api_20261005,1641705,Victor Wembanyama,4,5,1,0.1857553366174056,0.031185623736269034,0.1044410195590859,0.050128693322050624,0.9367816091954023,1.0
2026_okc_sas_api_20261005,1641705,Victor Wembanyama,5,6,1,0.24328705519387145,0.25114618786991894,-0.01815189231508095,0.010292759639033398,1.0,0.9716840536512669
2026_okc_sas_api_20261005,1641705,Victor Wembanyama,6,7,1,0.11225205619539938,0.019175973309660792,0.070101948501567,0.022974134384171594,0.9716840536512669,1.0
2026_okc_sas_api_20261005,1641717,Cason Wallace,1,2,1,0.34110406461957204,0.03634551577798276,0.2899400373278951,0.014818511513694219,1.0,0.957166392092257
2026_okc_sas_api_20261005,1641717,Cason Wallace,2,3,1,0.3682870498096371,0.13409816672386432,0.12484806596809753,0.10934081711767532,0.957166392092257,0.7480063795853269
2026_okc_sas_api_20261005,1641717,Cason Wallace,3,4,1,0.21997855450130205,0.07665831028426447,0.1413266238023645,0.0019936204146730556,0.9952153110047847,1.0
2026_okc_sas_api_20261005,1641717,Cason Wallace,4,5,1,0.2660693307238111,0.18668640867999667,0.07318766263475258,0.0061952594090618415,1.0,0.9851150202976997
2026_okc_sas_api_20261005,1641717,Cason Wallace,5,6,1,0.31437996939867513,0.1014880565884072,0.20737138462397517,0.00552052818629271,0.9851150202976997,1.0
2026_okc_sas_api_20261005,1641717,Cason Wallace,6,7,1,0.17646031158794756,0.08091347588554647,0.09554683570240108,4.662069341687669e-18,1.0,0.9999999999999999
2026_okc_sas_api_20261005,1642260,Nikola Topić,3,4,1,0.8709677419354838,0.0,0.0,0.8709677419354838,0.40425531914893614,0.12903225806451613
2026_okc_sas_api_20261005,1642260,Nikola Topić,4,5,1,0.8064516129032258,0.0,0.0,0.8064516129032258,0.12903225806451613,0.4444444444444444
2026_okc_sas_api_20261005,1642260,Nikola Topić,5,6,1,0.4814814814814814,-1.3877787807814457e-17,-2.7755575615628914e-17,0.4814814814814815,0.8148148148148148,0.4666666666666667
2026_okc_sas_api_20261005,1642264,Stephon Castle,1,2,1,0.27006857273783613,0.11615706624993061,0.14931507332004385,0.004596433167861704,1.0,0.9910714285714286
2026_okc_sas_api_20261005,1642264,Stephon Castle,2,3,1,0.19898509763617675,-0.046296871115516385,0.19616858213830654,0.0491133866133866,0.9119897959183674,0.9999999999999999
2026_okc_sas_api_20261005,1642264,Stephon Castle,3,4,1,0.3086377651125852,0.037486882570690674,0.1791969769437513,0.09195390559814327,0.8820143884892085,0.8831168831168832
2026_okc_sas_api_20261005,1642264,Stephon Castle,4,5,1,0.24144540644540644,-0.00824098701222151,0.12923435031772357,0.1204520431399044,0.8425324675324675,1.0
2026_okc_sas_api_20261005,1642264,Stephon Castle,5,6,1,0.3006208861381275,0.11369559256886766,0.12778588891261383,0.059139404656646,1.0,0.8952254641909814
2026_okc_sas_api_20261005,1642264,Stephon Castle,6,7,1,0.31622767744006486,0.17820630083310013,0.07096567368919285,0.06705570291777187,0.8952254641909814,1.0
2026_okc_sas_api_20261005,1642272,Jared McCain,1,2,1,0.3987355811889973,-0.040765354198385624,0.39189982878544755,0.047601106601935436,1.0,0.8959627329192548
2026_okc_sas_api_20261005,1642272,Jared McCain,2,3,1,0.3163622879391861,0.09858970537247357,0.11958211895556467,0.0981904636111478,1.0,0.8432835820895522
2026_okc_sas_api_20261005,1642272,Jared McCain,3,4,1,0.17962660197246982,0.07252517922575552,0.10534260066521775,0.0017588220814965592,0.9955223880597015,1.0
2026_okc_sas_api_20261005,1642272,Jared McCain,4,5,1,0.16193073196556348,-0.029939938360223423,0.16944611119972958,0.02242455912605728,0.9805653710247351,0.9631391200951249
2026_okc_sas_api_20261005,1642272,Jared McCain,5,6,1,0.17958850008493288,0.06230716900713454,0.09001218466025832,0.027269146417540035,0.9631391200951249,0.9714285714285715
2026_okc_sas_api_20261005,1642272,Jared McCain,6,7,1,0.2901315789473684,0.11772578905503468,0.17240578989233377,1.3877787807814457e-17,1.0,1.0
2026_okc_sas_api_20261005,1642349,Ajay Mitchell,1,2,1,0.4213292117465224,0.15602433776263017,0.25818513288356865,0.007119741100323616,0.9999999999999999,0.9656250000000001
2026_okc_sas_api_20261005,1642349,Ajay Mitchell,2,3,1,0.46412863756613765,0.07546452427952534,0.15310898655518462,0.23555512673142764,0.76875,0.6640211640211641
2026_okc_sas_api_20261005,1642844,Dylan Harper,1,2,1,0.3420244486244788,0.08512776606695852,0.24395443204702574,0.01294225051049458,0.978622327790974,0.9845857418111752
2026_okc_sas_api_20261005,1642844,Dylan Harper,2,3,1,0.3327333479671228,0.21871373800542138,0.10434018405178984,0.009679425909911547,0.9788053949903661,1.0
2026_okc_sas_api_20261005,1642844,Dylan Harper,3,4,1,0.5276055838163966,0.17211844437982002,0.28260602635492466,0.07288111308165188,0.9240506329113924,0.822429906542056
2026_okc_sas_api_20261005,1642844,Dylan Harper,4,5,1,0.4082351347690641,0.2654756769419493,0.13055223502799168,0.012207222799123126,0.9462616822429906,1.0
2026_okc_sas_api_20261005,1642844,Dylan Harper,5,6,1,0.37346432398031115,0.22286616161396094,0.14078424244668153,0.009813919919668634,1.0,0.9649805447470816
2026_okc_sas_api_20261005,1642844,Dylan Harper,6,7,1,0.34384762423215165,0.10440836730262801,0.18361495013245413,0.05582430679706943,0.8638132295719845,1.0
2026_okc_sas_api_20261005,1642868,Carter Bryant,1,2,1,0.3281648543428648,-0.14589690324822047,0.4260211268507049,0.04804063074038036,0.8974358974358974,0.9633507853403143
2026_okc_sas_api_20261005,1642868,Carter Bryant,2,3,1,0.36584700131510395,0.2751346544732556,0.05746326457669816,0.03324908226515012,0.9109947643979057,1.0
2026_okc_sas_api_20261005,1642868,Carter Bryant,3,4,1,0.554055910433409,0.17033187178071704,0.08815578254027062,0.29556825611242127,0.7582938388625593,0.5869565217391304
2026_okc_sas_api_20261005,1642868,Carter Bryant,4,5,1,0.6966632962588473,0.6061065945591518,-0.01377791050821188,0.1043346122079073,0.7028985507246376,0.7906976744186047
2026_okc_sas_api_20261005,1642868,Carter Bryant,5,6,1,0.4756146179401994,0.14775351129036507,0.21130946874035691,0.11655163790947737,0.9767441860465117,0.7085714285714286
2026_okc_sas_api_20261005,1642868,Carter Bryant,6,7,1,0.9251648351648352,0.14060094399346623,0.5949759790834569,0.1895879120879121,0.09142857142857143,0.7500000000000001
