series_id,off_player_id,off_player,off_team,from_game,to_game,game_gap,possessions_before,possessions_after,tvd,null_median,null_p95,excess_tvd,p_value,high_noise,q_value,q_value_league
2025_okc_ind_api_20261005,201949,James Johnson,IND,2,6,4,4,3,0.6764705882352942,0.33333333333333337,0.75,0.3431372549019608,0.07348162959260185,True,0.24206448387903023,0.22931193807052822
2025_okc_ind_api_20261005,204456,T.J. McConnell,IND,1,2,1,34,35,0.21126443677816112,0.2773109243697479,0.39831932773109247,-0.0660464875915868,0.8695326168457885,True,0.9199100224943765,0.9185284822534706
2025_okc_ind_api_20261005,204456,T.J. McConnell,IND,2,3,1,35,31,0.35403982228073066,0.2691244239631336,0.3990783410138249,0.08491539831759709,0.13571607098225444,True,0.29903541063886574,0.31038704970222086
2025_okc_ind_api_20261005,204456,T.J. McConnell,IND,3,4,1,31,33,0.35601612309361863,0.24731182795698922,0.38220918866080156,0.10870429513662941,0.0857285678580355,False,0.26205405170446516,0.24733603833084283
2025_okc_ind_api_20261005,204456,T.J. McConnell,IND,4,5,1,33,42,0.344254886453508,0.2510822510822511,0.3680735930735925,0.09317263537125692,0.09097725568607848,True,0.26205405170446516,0.25143104467785493
2025_okc_ind_api_20261005,204456,T.J. McConnell,IND,5,6,1,42,49,0.41790527531767413,0.26530612244897955,0.37414965986394555,0.15259915286869458,0.014496375906023495,True,0.08566040308104793,0.08190452386903274
2025_okc_ind_api_20261005,204456,T.J. McConnell,IND,6,7,1,49,47,0.47267742918062744,0.251411202778984,0.3560573165436387,0.22126622640164345,0.00024993751562109475,True,0.006498375406148463,0.006052058413967937
2025_okc_ind_api_20261005,1626167,Myles Turner,IND,1,2,1,55,48,0.3576196530741985,0.16969696969696968,0.27462121212121215,0.18792268337722884,0.0029992501874531365,False,0.029992501874531365,0.029470893146278643
2025_okc_ind_api_20261005,1626167,Myles Turner,IND,2,3,1,48,54,0.23872751579970836,0.16435185185185186,0.27083333333333337,0.0743756639478565,0.11747063234191452,False,0.28279967045275717,0.29154001822125114
2025_okc_ind_api_20261005,1626167,Myles Turner,IND,3,4,1,54,53,0.18378910552985242,0.17662473794549266,0.28687980433263444,0.00716436758435976,0.4346413396650837,False,0.6075631629726977,0.6190899754053083
2025_okc_ind_api_20261005,1626167,Myles Turner,IND,4,5,1,53,48,0.2441829292331954,0.18121069182389937,0.2885220125786163,0.06297223740929603,0.15496125968507873,False,0.33077796124739306,0.3411088975328983
2025_okc_ind_api_20261005,1626167,Myles Turner,IND,5,6,1,48,53,0.3403201921152691,0.21501572327044025,0.3180031446540881,0.12530446884482885,0.02499375156210947,False,0.11204095527842177,0.11449840242642043
2025_okc_ind_api_20261005,1626167,Myles Turner,IND,6,7,1,53,42,0.3114150112979482,0.23450134770889486,0.3360736747529198,0.07691366358905333,0.10797300674831292,False,0.273056735816046,0.27631711475116294
2025_okc_ind_api_20261005,1627783,Pascal Siakam,IND,1,2,1,73,55,0.15823674042852132,0.18804483188044832,0.28443337484433373,-0.029808091451927005,0.7138215446138465,False,0.8140070245596495,0.816139978496101
2025_okc_ind_api_20261005,1627783,Pascal Siakam,IND,2,3,1,55,65,0.18062123634879051,0.19440559440559443,0.29230769230769227,-0.01378435805680392,0.604348912771807,False,0.7394910531626353,0.7396183445113451
2025_okc_ind_api_20261005,1627783,Pascal Siakam,IND,3,4,1,65,66,0.2346430729310595,0.17855477855477858,0.26946386946386947,0.056088294376280906,0.1894526368407898,False,0.3848256685828543,0.3940149931842193
2025_okc_ind_api_20261005,1627783,Pascal Siakam,IND,4,5,1,66,68,0.16421684913480564,0.18137254901960784,0.27317290552584667,-0.0171556998848022,0.633341664583854,False,0.7553616183110184,0.7600099975006248
2025_okc_ind_api_20261005,1627783,Pascal Siakam,IND,5,6,1,68,61,0.15762601990583236,0.20660559305689488,0.296046287367406,-0.04897957315106252,0.844538865283679,False,0.914917104057319,0.9074442958198643
2025_okc_ind_api_20261005,1627783,Pascal Siakam,IND,6,7,1,61,62,0.2207604997967436,0.20597567424643043,0.3019566367001586,0.014784825550313158,0.416895776055986,False,0.589091857470415,0.6039643935170054
2025_okc_ind_api_20261005,1627936,Alex Caruso,OKC,1,2,1,51,51,0.2684524410414903,0.2156862745098039,0.3137254901960785,0.05276616653168639,0.19670082479380155,False,0.3874410185332455,0.4022066772463511
2025_okc_ind_api_20261005,1627936,Alex Caruso,OKC,2,3,1,51,60,0.2813143451115922,0.20931372549019608,0.3088235294117647,0.07200061962139612,0.11522119470132466,False,0.28261802473909825,0.2893332222499931
2025_okc_ind_api_20261005,1627936,Alex Caruso,OKC,3,4,1,60,59,0.19699291460139995,0.18093220338983051,0.2788276836158191,0.016060711211569434,0.38115471132216944,False,0.5804728593132615,0.5794235297677823
2025_okc_ind_api_20261005,1627936,Alex Caruso,OKC,4,5,1,59,53,0.2757714132008044,0.1973137192196994,0.2986888391429485,0.078457693981105,0.09772556860784803,False,0.2703047642344733,0.2618890731862489
2025_okc_ind_api_20261005,1627936,Alex Caruso,OKC,5,6,1,53,42,0.3213153365341064,0.21293800539083554,0.32120395327942497,0.10837733114327083,0.04998750312421894,False,0.18566786874709892,0.18123811293166014
2025_okc_ind_api_20261005,1627936,Alex Caruso,OKC,6,7,1,42,57,0.5132403740837477,0.21929824561403508,0.32587719298245577,0.29394212846971257,0.00024993751562109475,False,0.006498375406148463,0.006052058413967937
2025_okc_ind_api_20261005,1628392,Isaiah Hartenstein,OKC,1,2,1,34,44,0.4163783856261733,0.23663101604278075,0.3609625668449198,0.17974736958339255,0.010247438140464884,False,0.06985753561609598,0.06680541403110761
2025_okc_ind_api_20261005,1628392,Isaiah Hartenstein,OKC,2,3,1,44,34,0.20125231910946198,0.23529411764705882,0.3542780748663102,-0.03404179853759684,0.6973256685828543,False,0.8022330700510714,0.8109550656932679
2025_okc_ind_api_20261005,1628392,Isaiah Hartenstein,OKC,3,4,1,34,38,0.31523986217863775,0.22445820433436534,0.34674922600619196,0.09078165784427242,0.1092226943264184,False,0.273056735816046,0.27631711475116294
2025_okc_ind_api_20261005,1628392,Isaiah Hartenstein,OKC,4,5,1,38,36,0.5244391971664699,0.22953216374269006,0.35526315789473684,0.2949070334237799,0.00024993751562109475,False,0.006498375406148463,0.006052058413967937
2025_okc_ind_api_20261005,1628392,Isaiah Hartenstein,OKC,5,6,1,36,30,0.34209273007424007,0.25555555555555554,0.3833333333333333,0.08653717451868453,0.1284678830292427,True,0.2969085314878177,0.3034885877833678
2025_okc_ind_api_20261005,1628392,Isaiah Hartenstein,OKC,6,7,1,30,31,0.31386159991363494,0.2731182795698925,0.40645161290322585,0.04074332034374245,0.2711822044488878,True,0.46386429708362387,0.4813129178438375
2025_okc_ind_api_20261005,1628396,Tony Bradley,IND,5,6,1,23,12,0.31048387096774194,0.28985507246376807,0.47826086956521735,0.020628798503973866,0.41439640089977503,True,0.589091857470415,0.6029200854292864
2025_okc_ind_api_20261005,1628396,Tony Bradley,IND,6,7,1,12,8,0.30346475507765835,0.33333333333333337,0.5416666666666667,-0.029868578255675016,0.6023494126468383,True,0.7394910531626353,0.7391172098476284
2025_okc_ind_api_20261005,1628418,Thomas Bryant,IND,1,2,1,14,24,0.6612888412674116,0.25595238095238093,0.44047619047619047,0.4053364603150307,0.0004998750312421895,True,0.009283393437354947,0.00941431308839457
2025_okc_ind_api_20261005,1628418,Thomas Bryant,IND,2,3,1,24,4,0.7224586288416075,0.375,0.6666666666666667,0.3474586288416075,0.02074481379655086,True,0.09988243679820785,0.09975165783022329
2025_okc_ind_api_20261005,1628418,Thomas Bryant,IND,3,5,2,4,4,0.9111111111111111,0.5,0.75,0.4111111111111111,0.01749562609347663,True,0.09476797467299841,0.09414313088394567
2025_okc_ind_api_20261005,1628418,Thomas Bryant,IND,5,6,1,4,11,1.0,0.5,0.8181818181818181,0.5,0.002749312671832042,True,0.029784220611513788,0.029470893146278643
2025_okc_ind_api_20261005,1628418,Thomas Bryant,IND,6,7,1,11,2,0.8818181818181818,0.5454545454545454,0.9090909090909091,0.3363636363636364,0.06248437890527368,True,0.2195397096671778,0.20972479652364137
2025_okc_ind_api_20261005,1628983,Shai Gilgeous-Alexander,OKC,1,2,1,76,72,0.27300290200871696,0.16447368421052633,0.25073099415204675,0.10852921779819064,0.02274431392151962,False,0.10559860034991252,0.10634927475027794
2025_okc_ind_api_20261005,1628983,Shai Gilgeous-Alexander,OKC,2,3,1,72,84,0.34386987172648115,0.15873015873015875,0.24404761904761907,0.1851397129963224,0.000999750062484379,False,0.012996750812296926,0.014421926433285298
2025_okc_ind_api_20261005,1628983,Shai Gilgeous-Alexander,OKC,3,4,1,84,74,0.16289507865492858,0.13063063063063063,0.21171171171171171,0.032264448024297954,0.23919020244938766,False,0.42195532198031577,0.45299150072816996
2025_okc_ind_api_20261005,1628983,Shai Gilgeous-Alexander,OKC,4,5,1,74,69,0.10842451363994915,0.14022718370544462,0.22091656874265575,-0.031802670065495475,0.7910522369407648,False,0.8714982271381306,0.8759910999448834
2025_okc_ind_api_20261005,1628983,Shai Gilgeous-Alexander,OKC,5,6,1,69,61,0.056261889962517214,0.15585649798051796,0.24094796863863133,-0.09959460801800074,0.9967508122969257,False,0.9967508122969257,0.9982231177803776
2025_okc_ind_api_20261005,1628983,Shai Gilgeous-Alexander,OKC,6,7,1,61,73,0.1802105038200567,0.1549517179429598,0.245463732315293,0.0252587858770969,0.3176705823544114,False,0.5098416753836232,0.5172704437255842
2025_okc_ind_api_20261005,1629026,Kenrich Williams,OKC,1,2,1,1,16,0.8834355828220859,0.875,1.0,0.008435582822085896,0.3881529617595601,True,0.5804728593132615,0.5847586243482893
2025_okc_ind_api_20261005,1629026,Kenrich Williams,OKC,2,3,1,16,2,0.735276073619632,0.75,0.9375,-0.014723926380368013,0.504123969007748,True,0.6756300615567757,0.669208431747249
2025_okc_ind_api_20261005,1629026,Kenrich Williams,OKC,3,4,1,2,17,0.7777777777777776,0.5,0.8823529411764706,0.27777777777777757,0.09272681829542614,True,0.26205405170446516,0.2535031564689473
2025_okc_ind_api_20261005,1629026,Kenrich Williams,OKC,4,5,1,17,16,0.26551133932391957,0.2610294117647059,0.44485294117647056,0.004481927559213672,0.46738315421144716,True,0.6395769478682961,0.6383584826684895
2025_okc_ind_api_20261005,1629026,Kenrich Williams,OKC,5,6,1,16,35,0.48544229032033914,0.3089285714285714,0.4642857142857143,0.17651371889176776,0.0332416895776056,True,0.1394006337125396,0.1399867424448236
2025_okc_ind_api_20261005,1629026,Kenrich Williams,OKC,6,7,1,35,8,0.34489693313222725,0.41785714285714287,0.6,-0.07296020972491563,0.7568107973006748,True,0.8555252491225019,0.8523550175579029
2025_okc_ind_api_20261005,1629614,Andrew Nembhard,IND,1,2,1,60,54,0.20647064302791318,0.19259259259259257,0.2944444444444444,0.013878050435320616,0.3974006498375406,False,0.5804728593132615,0.585734001282288
2025_okc_ind_api_20261005,1629614,Andrew Nembhard,IND,2,3,1,54,62,0.26270040270496164,0.1869772998805257,0.28733572281959374,0.07572310282443595,0.10847288177955511,False,0.273056735816046,0.27631711475116294
2025_okc_ind_api_20261005,1629614,Andrew Nembhard,IND,3,4,1,62,63,0.22915508901924464,0.18253968253968256,0.27956989247311825,0.04661540647956208,0.21594601349662584,False,0.3953941092191741,0.4268553852790447
2025_okc_ind_api_20261005,1629614,Andrew Nembhard,IND,4,5,1,63,72,0.182141730074687,0.18055555555555558,0.2757936507936508,0.001586174519131428,0.4976255936015996,False,0.6738679913354995,0.6641538434289065
2025_okc_ind_api_20261005,1629614,Andrew Nembhard,IND,5,6,1,72,56,0.17494668202877942,0.18849206349206346,0.28174603174603174,-0.013545381463284045,0.5921019745063734,False,0.7394910531626353,0.737950622638458
2025_okc_ind_api_20261005,1629614,Andrew Nembhard,IND,6,7,1,56,60,0.32335259270094346,0.19523809523809524,0.29523809523809524,0.12811449746284823,0.01949512621844539,False,0.09872531867033243,0.09975165783022329
2025_okc_ind_api_20261005,1629652,Luguentz Dort,OKC,1,2,1,65,46,0.3301898444724113,0.1916387959866221,0.2990133779264213,0.1385510484857892,0.019745063734066485,False,0.09872531867033243,0.09975165783022329
2025_okc_ind_api_20261005,1629652,Luguentz Dort,OKC,2,3,1,46,68,0.18272074423115575,0.19373401534526857,0.29731457800511507,-0.011013271114112821,0.5838540364908773,False,0.7394910531626353,0.7377876201340726
2025_okc_ind_api_20261005,1629652,Luguentz Dort,OKC,3,4,1,68,63,0.25234228312825846,0.15686274509803919,0.24510971055088698,0.09547953803021927,0.04023994001499625,False,0.16347475631092226,0.16336933730639197
2025_okc_ind_api_20261005,1629652,Luguentz Dort,OKC,4,5,1,63,57,0.1569781619730746,0.1595655806182122,0.24398496240601483,-0.0025874186451375902,0.5286178455386153,False,0.6872031992001999,0.6852827902011113
2025_okc_ind_api_20261005,1629652,Luguentz Dort,OKC,5,6,1,57,35,0.13288280349076717,0.1849624060150376,0.2927568922305763,-0.052079602524270435,0.8412896775806048,False,0.914917104057319,0.9053879387296033
2025_okc_ind_api_20261005,1629652,Luguentz Dort,OKC,6,7,1,35,61,0.4702480933090558,0.22622950819672127,0.33723653395784536,0.24401858511233454,0.000999750062484379,False,0.012996750812296926,0.014421926433285298
2025_okc_ind_api_20261005,1630167,Obi Toppin,IND,1,2,1,47,33,0.4369828446235402,0.2562862669245648,0.3811734364925847,0.1806965776989754,0.0069982504373906525,True,0.05351603275651676,0.04891560615000889
2025_okc_ind_api_20261005,1630167,Obi Toppin,IND,2,3,1,33,51,0.2572377110627209,0.2388591800356506,0.3565062388591801,0.01837853102707032,0.39215196200949765,False,0.5804728593132615,0.5847586243482893
2025_okc_ind_api_20261005,1630167,Obi Toppin,IND,3,4,1,51,47,0.2713532760002313,0.22152690863579472,0.327909887359199,0.049826367364436575,0.20894776305923518,False,0.39366969851739964,0.41789552611847036
2025_okc_ind_api_20261005,1630167,Obi Toppin,IND,4,5,1,47,40,0.27608712746716985,0.2226063829787234,0.33571808510638257,0.05348074448844645,0.2124468882779305,False,0.39454422108758525,0.4224017309455627
2025_okc_ind_api_20261005,1630167,Obi Toppin,IND,5,6,1,40,47,0.4918833727344365,0.27446808510638293,0.38829787234042545,0.21741528762805357,0.0017495626093476631,True,0.02067664901956329,0.021182204448887777
2025_okc_ind_api_20261005,1630167,Obi Toppin,IND,6,7,1,47,32,0.4142460684551342,0.29886968085106386,0.41954787234042556,0.11537638760407032,0.05573606598350413,True,0.20126912716265377,0.19579820070889015
2025_okc_ind_api_20261005,1630169,Tyrese Haliburton,IND,1,2,1,75,60,0.21568453384940425,0.16999999999999998,0.26,0.04568453384940427,0.19645088727818044,False,0.3874410185332455,0.4022066772463511
2025_okc_ind_api_20261005,1630169,Tyrese Haliburton,IND,2,3,1,60,70,0.16039876003945325,0.1738095238095238,0.2690476190476191,-0.013410763770070555,0.5891027243189203,False,0.7394910531626353,0.737950622638458
2025_okc_ind_api_20261005,1630169,Tyrese Haliburton,IND,3,4,1,70,68,0.21369777915825433,0.16008403361344536,0.2542016806722689,0.053613745544808966,0.1552111972006998,False,0.33077796124739306,0.3411088975328983
2025_okc_ind_api_20261005,1630169,Tyrese Haliburton,IND,4,5,1,68,69,0.1390463275878508,0.1526001705029838,0.2425511508951406,-0.013553842915133008,0.6143464133966509,False,0.7394910531626353,0.7451285658013046
2025_okc_ind_api_20261005,1630169,Tyrese Haliburton,IND,5,6,1,69,44,0.09637352764037396,0.18478260869565216,0.2859025032938076,-0.0884090810552782,0.9712571857035741,False,0.9787863111741444,0.9799291248616419
2025_okc_ind_api_20261005,1630169,Tyrese Haliburton,IND,6,7,1,44,10,0.5178249994155739,0.3318181818181818,0.5136363636363637,0.18600681759739213,0.04848787803049238,True,0.18539482776364732,0.18123811293166014
2025_okc_ind_api_20261005,1630174,Aaron Nesmith,IND,1,2,1,61,48,0.14025582991100233,0.20167349726775954,0.30293715846994534,-0.061417667356757216,0.8845288677830543,False,0.9199100224943765,0.9240532701955483
2025_okc_ind_api_20261005,1630174,Aaron Nesmith,IND,2,3,1,48,38,0.13059913059913056,0.22368421052631582,0.3366228070175438,-0.09308507992718526,0.9502624343914021,False,0.9727095785108841,0.9673842800561121
2025_okc_ind_api_20261005,1630174,Aaron Nesmith,IND,3,4,1,38,52,0.11046718214348271,0.208502024291498,0.32186234817813764,-0.09803484214801529,0.9650087478130467,False,0.9787863111741444,0.9750759031553586
2025_okc_ind_api_20261005,1630174,Aaron Nesmith,IND,4,5,1,52,46,0.20562418930321005,0.1923076923076923,0.3001672240802675,0.013316496995517763,0.4136465883529118,False,0.589091857470415,0.6029200854292864
2025_okc_ind_api_20261005,1630174,Aaron Nesmith,IND,5,6,1,46,48,0.28226309997080157,0.21105072463768115,0.3215579710144927,0.07121237533312041,0.13146713321669581,False,0.2969085314878177,0.30525587781136904
2025_okc_ind_api_20261005,1630174,Aaron Nesmith,IND,6,7,1,48,52,0.3036092406094193,0.20833333333333337,0.3189102564102564,0.09527590727608592,0.07448137965508622,False,0.24206448387903023,0.23003298949018403
2025_okc_ind_api_20261005,1630198,Isaiah Joe,OKC,1,2,1,22,10,0.36024762908324554,0.4,0.5909090909090909,-0.03975237091675449,0.6465883529117721,True,0.7572656385453186,0.7704238563826643
2025_okc_ind_api_20261005,1630198,Isaiah Joe,OKC,2,3,1,10,5,0.46346153846153854,0.4,0.7000000000000001,0.06346153846153851,0.4651337165708573,True,0.6395769478682961,0.6383584826684895
2025_okc_ind_api_20261005,1630198,Isaiah Joe,OKC,3,4,1,5,9,0.49534883720930234,0.4,0.6666666666666667,0.09534883720930232,0.23094226443389151,True,0.41697908856119303,0.44609360480392724
2025_okc_ind_api_20261005,1630198,Isaiah Joe,OKC,4,6,2,9,29,0.6664795509222132,0.4137931034482758,0.6130268199233716,0.2526864474739374,0.016245938515371157,True,0.09182486986948915,0.08882859930178746
2025_okc_ind_api_20261005,1630598,Aaron Wiggins,OKC,1,2,1,18,41,0.2843012800169259,0.3143631436314363,0.4607046070460704,-0.03006186361451041,0.6403399150212447,True,0.7567653541160164,0.7670502868982401
2025_okc_ind_api_20261005,1630598,Aaron Wiggins,OKC,2,3,1,41,20,0.20864043676933122,0.2878048780487805,0.43536585365853664,-0.0791644412794493,0.8790302424393901,True,0.9199100224943765,0.9197260869967693
2025_okc_ind_api_20261005,1630598,Aaron Wiggins,OKC,3,4,1,20,18,0.4490009645859171,0.31111111111111106,0.4777777777777778,0.13788985347480603,0.08347913021744564,True,0.26205405170446516,0.24396056158374202
2025_okc_ind_api_20261005,1630598,Aaron Wiggins,OKC,4,5,1,18,39,0.42111347118066095,0.2905982905982906,0.4401709401709402,0.13051518058237033,0.07373156710822294,True,0.24206448387903023,0.22931193807052822
2025_okc_ind_api_20261005,1630598,Aaron Wiggins,OKC,5,6,1,39,36,0.4574000168629324,0.24145299145299148,0.3654914529914524,0.21594702540994093,0.0069982504373906525,False,0.05351603275651676,0.04891560615000889
2025_okc_ind_api_20261005,1630598,Aaron Wiggins,OKC,6,7,1,36,22,0.4400897267869744,0.27525252525252525,0.4217171717171717,0.16483720153444914,0.03274181454636341,True,0.1394006337125396,0.13980254936265935
2025_okc_ind_api_20261005,1631096,Chet Holmgren,OKC,1,2,1,44,51,0.5444017166462942,0.19674688057040995,0.2990196078431373,0.34765483607588427,0.00024993751562109475,False,0.006498375406148463,0.006052058413967937
2025_okc_ind_api_20261005,1631096,Chet Holmgren,OKC,2,3,1,51,64,0.32324874096511635,0.18933823529411767,0.28799019607843135,0.1339105056709987,0.01324668832791802,False,0.08200330869663536,0.07742460936490016
2025_okc_ind_api_20261005,1631096,Chet Holmgren,OKC,3,4,1,64,71,0.310711515964089,0.1588908450704225,0.2526408450704225,0.15182067089366652,0.006248437890527368,False,0.05351603275651676,0.045068520104016546
2025_okc_ind_api_20261005,1631096,Chet Holmgren,OKC,4,5,1,71,61,0.2355964289107158,0.16970676518125147,0.26829831447702607,0.06588966372946434,0.12221944513871533,False,0.28888232487332716,0.29489246905355515
2025_okc_ind_api_20261005,1631096,Chet Holmgren,OKC,5,6,1,61,45,0.13388684624924083,0.19344262295081965,0.2990892531876138,-0.05955577670157883,0.8765308672831792,False,0.9199100224943765,0.9185284822534706
2025_okc_ind_api_20261005,1631096,Chet Holmgren,OKC,6,7,1,45,50,0.22868445784975847,0.19555555555555557,0.31111111111111106,0.0331289022942029,0.30017495626093477,False,0.4910334916270932,0.5000457502332034
2025_okc_ind_api_20261005,1631097,Bennedict Mathurin,IND,1,2,1,31,42,0.3549560144529466,0.28955453149001537,0.41013824884792627,0.06540148296293125,0.1759560109972507,True,0.3656625526158143,0.37397547164932904
2025_okc_ind_api_20261005,1631097,Bennedict Mathurin,IND,2,3,1,42,42,0.3467709407072111,0.26190476190476186,0.3571428571428572,0.08486617880244923,0.0899775056235941,True,0.26205405170446516,0.25143104467785493
2025_okc_ind_api_20261005,1631097,Bennedict Mathurin,IND,3,4,1,42,28,0.24269035193362776,0.24999999999999997,0.38095238095238093,-0.007309648066372215,0.5186203449137715,False,0.6810166145332353,0.6775040343960252
2025_okc_ind_api_20261005,1631097,Bennedict Mathurin,IND,4,5,1,28,43,0.5172488248874716,0.25830564784053156,0.3887043189368771,0.25894317704694003,0.0007498125468632841,True,0.012184453886528368,0.012709322669332664
2025_okc_ind_api_20261005,1631097,Bennedict Mathurin,IND,5,6,1,43,29,0.5930913348946136,0.30633520449077783,0.4322373696872494,0.2867561304038358,0.0004998750312421895,True,0.009283393437354947,0.00941431308839457
2025_okc_ind_api_20261005,1631097,Bennedict Mathurin,IND,6,7,1,29,56,0.6521846579675759,0.2980295566502463,0.41810344827586204,0.3541551013173296,0.00024993751562109475,True,0.006498375406148463,0.006052058413967937
2025_okc_ind_api_20261005,1631114,Jalen Williams,OKC,1,2,1,68,63,0.16435963282321095,0.18020541549953312,0.26844070961718014,-0.015845782676322168,0.6115971007248188,False,0.7394910531626353,0.74312335894521
2025_okc_ind_api_20261005,1631114,Jalen Williams,OKC,2,3,1,63,72,0.17864739159981288,0.18055555555555555,0.27182539682539686,-0.00190816395574267,0.509372656835791,False,0.6756984223331922,0.6725658391227436
2025_okc_ind_api_20261005,1631114,Jalen Williams,OKC,3,4,1,72,73,0.11655401521944045,0.1725646879756469,0.26601027397260263,-0.05601067275620644,0.9022744313921519,False,0.9309180641347599,0.9353854197001207
2025_okc_ind_api_20261005,1631114,Jalen Williams,OKC,4,5,1,73,66,0.23303428940230647,0.18555417185554168,0.2731631382316313,0.04748011754676479,0.17720569857535617,False,0.3656625526158143,0.3754545738565359
2025_okc_ind_api_20261005,1631114,Jalen Williams,OKC,5,6,1,66,48,0.30450195079226056,0.2007575757575758,0.3011363636363636,0.10374437503468475,0.045238690327418146,False,0.17821302250195029,0.17526761166851146
2025_okc_ind_api_20261005,1631114,Jalen Williams,OKC,6,7,1,48,66,0.1693791556516863,0.1912878787878788,0.2935606060606061,-0.02190872313619252,0.6625843539115222,False,0.7690711250758738,0.7840003349947854
2025_okc_ind_api_20261005,1631119,Jaylin Williams,OKC,2,6,4,4,25,0.7370517928286852,0.56,0.8,0.1770517928286851,0.1089727568107973,True,0.273056735816046,0.27631711475116294
2025_okc_ind_api_20261005,1631172,Ousmane Dieng,OKC,2,6,4,3,6,0.6630952380952381,0.49999999999999994,0.8333333333333334,0.16309523809523813,0.24518870282429392,True,0.42499375156210945,0.45842258443653555
2025_okc_ind_api_20261005,1631172,Ousmane Dieng,OKC,6,7,1,6,1,0.7678571428571428,0.6666666666666667,1.0,0.10119047619047605,0.3731567108222944,True,0.5804728593132615,0.568539887500035
2025_okc_ind_api_20261005,1641717,Cason Wallace,OKC,1,2,1,58,41,0.19739742856181205,0.18166526492851132,0.28805719091673676,0.01573216363330074,0.3934016495876031,False,0.5804728593132615,0.5847586243482893
2025_okc_ind_api_20261005,1641717,Cason Wallace,OKC,2,3,1,41,47,0.2894485394485395,0.21120913336792946,0.3274519979242345,0.07823940608061003,0.13246688327918021,False,0.2969085314878177,0.3060612397920928
2025_okc_ind_api_20261005,1641717,Cason Wallace,OKC,3,4,1,47,31,0.29166666666666663,0.23026767330130404,0.35827041866849685,0.061398993365362586,0.20294926268432892,False,0.3879912374847465,0.41053129574749175
2025_okc_ind_api_20261005,1641717,Cason Wallace,OKC,4,5,1,31,29,0.2668241883258949,0.24471635150166848,0.371523915461624,0.0221078368242264,0.35766058485378655,False,0.5670228784267347,0.5574571874272811
2025_okc_ind_api_20261005,1641717,Cason Wallace,OKC,5,6,1,29,29,0.2961016568843961,0.2413793103448276,0.3793103448275862,0.054722346539568506,0.24018995251187203,False,0.42195532198031577,0.45361779332325697
2025_okc_ind_api_20261005,1641717,Cason Wallace,OKC,6,7,1,29,40,0.2719566691589435,0.25258620689655176,0.3801724137931034,0.019370462262391752,0.3941514621344664,True,0.5804728593132615,0.5847586243482893
2025_okc_ind_api_20261005,1641767,Ben Sheppard,IND,1,2,1,18,22,0.4314285714285714,0.37878787878787873,0.5404040404040403,0.052640692640692655,0.2759310172456886,True,0.46585756158363006,0.4859252719287711
2025_okc_ind_api_20261005,1641767,Ben Sheppard,IND,2,3,1,22,38,0.41723809523809524,0.2990430622009569,0.44258373205741625,0.11819503303713835,0.08772806798300425,True,0.26205405170446516,0.2499144121532642
2025_okc_ind_api_20261005,1641767,Ben Sheppard,IND,3,4,1,38,18,0.19965027322404372,0.283625730994152,0.4327485380116959,-0.08397545777010829,0.8682829292676831,True,0.9199100224943765,0.9185284822534706
2025_okc_ind_api_20261005,1641767,Ben Sheppard,IND,4,5,1,18,10,0.35162040794243354,0.37777777777777777,0.5777777777777777,-0.026157369835344224,0.585603599100225,True,0.7394910531626353,0.737950622638458
2025_okc_ind_api_20261005,1641767,Ben Sheppard,IND,5,6,1,10,40,0.6804387205637857,0.45,0.6249999999999999,0.23043872056378573,0.0094976255936016,True,0.06859396262045599,0.06251835099477558
2025_okc_ind_api_20261005,1641767,Ben Sheppard,IND,6,7,1,40,28,0.49419745014710703,0.3142857142857142,0.4392857142857142,0.1799117358613928,0.010747313171707074,True,0.06985753561609598,0.06869904145585226
2025_okc_ind_api_20261005,1641794,Dillon Jones,OKC,2,6,4,3,14,0.49712230215827335,0.5714285714285714,0.857142857142857,-0.07430626927029804,0.7673081729567608,True,0.859914331761887,0.861292941227503
2025_okc_ind_api_20261005,1642277,Johnny Furphy,IND,2,5,3,8,5,0.64,0.55,0.8749999999999999,0.08999999999999997,0.2934266433391652,True,0.4890444055652753,0.49365574239194543
2025_okc_ind_api_20261005,1642277,Johnny Furphy,IND,5,6,1,5,9,1.0,0.5555555555555556,0.7999999999999999,0.4444444444444444,0.0047488127968008,True,0.04409611882743599,0.04024618845288678
2025_okc_ind_api_20261005,1642277,Johnny Furphy,IND,6,7,1,9,2,0.8586956521739131,0.5555555555555556,0.888888888888889,0.3031400966183575,0.10472381904523868,True,0.273056735816046,0.27414188923811517
2025_okc_ind_api_20261005,1642349,Ajay Mitchell,OKC,1,2,1,9,5,0.5234782608695652,0.4444444444444444,0.6888888888888889,0.07903381642512075,0.3021744563859035,True,0.4910334916270932,0.5021428466412808
2025_okc_ind_api_20261005,1642349,Ajay Mitchell,OKC,2,6,4,5,26,0.5807751937984496,0.4846153846153846,0.6923076923076924,0.09615980918306494,0.20044988752811796,True,0.3879912374847465,0.40740862688519486
2025_okc_ind_api_20261005,1642349,Ajay Mitchell,OKC,6,7,1,26,1,0.7635658914728682,0.8461538461538461,1.0,-0.0825879546809779,0.7773056735816046,True,0.8636729706462273,0.8667660671039136
2026_cle_nyk_api_20261005,201935,James Harden,CLE,1,2,1,74,57,0.09687722453261402,0.15860597439544807,0.2532005689900426,-0.061728749862834054,0.9305173706573356,False,0.9305173706573356,0.9558951171298083
2026_cle_nyk_api_20261005,201935,James Harden,CLE,2,3,1,57,80,0.16208623693379784,0.15087719298245617,0.24167763157894734,0.011209043951341674,0.4046488377905524,False,0.6372130371662404,0.5938353074069145
2026_cle_nyk_api_20261005,201935,James Harden,CLE,3,4,1,80,67,0.14178678678678674,0.1488805970149254,0.23861940298507456,-0.007093810228138653,0.5658585353661585,False,0.6990017201581957,0.7201154683186614
2026_cle_nyk_api_20261005,203471,Dennis Schröder,CLE,1,2,1,38,26,0.27307375980421655,0.2510121457489879,0.3846153846153846,0.022061614055228662,0.3891527118220445,True,0.6338799915405764,0.5847586243482893
2026_cle_nyk_api_20261005,203471,Dennis Schröder,CLE,2,3,1,26,14,0.3113701365279802,0.2912087912087912,0.4560439560439561,0.020161345319189006,0.42614346413396653,True,0.6372130371662404,0.612129806531418
2026_cle_nyk_api_20261005,203903,Jordan Clarkson,NYK,1,2,1,34,12,0.4710682492581602,0.3235294117647059,0.49019607843137253,0.1475388374934543,0.07148212946763309,True,0.3464133966508373,0.2275346656293673
2026_cle_nyk_api_20261005,203903,Jordan Clarkson,NYK,2,3,1,12,4,0.45689655172413796,0.4166666666666667,0.75,0.04022988505747127,0.46313421644588854,True,0.6372130371662404,0.6376144300638835
2026_cle_nyk_api_20261005,203903,Jordan Clarkson,NYK,3,4,1,4,17,0.9590643274853801,0.45588235294117646,0.7058823529411764,0.5031819745442037,0.0012496875781054736,True,0.026243439140214944,0.015986569395387003
2026_cle_nyk_api_20261005,1626157,Karl-Anthony Towns,NYK,1,2,1,71,59,0.2177978898275928,0.16280735259011697,0.25853425638577227,0.05499053723747582,0.1707073231692077,False,0.4455552778472049,0.3651090381978638
2026_cle_nyk_api_20261005,1626157,Karl-Anthony Towns,NYK,2,3,1,59,67,0.16493815509417292,0.16190235264356184,0.2580571717682772,0.0030358024506110803,0.4753811547113222,False,0.6372130371662404,0.6419966154706382
2026_cle_nyk_api_20261005,1626157,Karl-Anthony Towns,NYK,3,4,1,67,51,0.17620036553328175,0.16681299385425813,0.270441908106526,0.00938737167902362,0.43414146463384157,False,0.6372130371662404,0.6190899754053083
2026_cle_nyk_api_20261005,1628378,Donovan Mitchell,CLE,1,2,1,78,67,0.24764326181851956,0.16762342135476463,0.25468809797168007,0.08001984046375493,0.06498375406148463,False,0.3464133966508373,0.2147011790741635
2026_cle_nyk_api_20261005,1628378,Donovan Mitchell,CLE,2,3,1,67,74,0.18887308360992577,0.16680112948769665,0.25696853569987893,0.02207195412222912,0.31967008247938017,False,0.5923298587117927,0.5172704437255842
2026_cle_nyk_api_20261005,1628378,Donovan Mitchell,CLE,3,4,1,74,68,0.11947778629902436,0.1717011128775835,0.26194356120826706,-0.05222332657855913,0.8727818045488628,False,0.9013976014193172,0.9185284822534706
2026_cle_nyk_api_20261005,1628384,OG Anunoby,NYK,1,2,1,60,60,0.1202653399668325,0.18333333333333332,0.2666666666666667,-0.06306799336650082,0.8492876780804799,False,0.9013976014193172,0.9082287787674533
2026_cle_nyk_api_20261005,1628384,OG Anunoby,NYK,2,3,1,60,64,0.12106135986732994,0.17291666666666666,0.26776041666666645,-0.051855306799336726,0.8592851787053236,False,0.9013976014193172,0.9160304263556752
2026_cle_nyk_api_20261005,1628384,OG Anunoby,NYK,3,4,1,64,55,0.25201846909814885,0.18125,0.2821022727272727,0.07076846909814885,0.11997000749812547,False,0.410972256935766,0.29154001822125114
2026_cle_nyk_api_20261005,1628386,Jarrett Allen,CLE,1,2,1,62,51,0.20919625246548323,0.15876027830487036,0.2599620493358634,0.05043597416061288,0.19095226193451637,False,0.4455552778472049,0.39522893666827197
2026_cle_nyk_api_20261005,1628386,Jarrett Allen,CLE,2,3,1,51,69,0.16226970879305447,0.1628303495311168,0.2651321398124467,-0.0005606407380623346,0.5088727818045489,False,0.6678955261184704,0.6725658391227436
2026_cle_nyk_api_20261005,1628386,Jarrett Allen,CLE,3,4,1,69,51,0.12158124569064584,0.16538789428815007,0.27024722932651324,-0.04380664859750423,0.8112971757060735,False,0.9013976014193172,0.8886259856683648
2026_cle_nyk_api_20261005,1628404,Josh Hart,NYK,1,2,1,55,56,0.14943210266951273,0.18863636363636366,0.2837662337662338,-0.03920426096685092,0.799550112471882,False,0.9013976014193172,0.8785980166222626
2026_cle_nyk_api_20261005,1628404,Josh Hart,NYK,2,3,1,56,64,0.19663708285707882,0.17857142857142855,0.27901785714285715,0.018065654285650268,0.3664083979005249,False,0.6338799915405764,0.5642212471712771
2026_cle_nyk_api_20261005,1628404,Josh Hart,NYK,3,4,1,64,46,0.3252384166002031,0.18953804347826086,0.2934782608695652,0.13570037312194222,0.019245188702824295,False,0.16336540864783802,0.09975165783022329
2026_cle_nyk_api_20261005,1628418,Thomas Bryant,CLE,2,4,2,1,17,0.8583333333333334,0.7647058823529412,1.0,0.09362745098039216,0.3924018995251187,True,0.6338799915405764,0.5847586243482893
2026_cle_nyk_api_20261005,1628969,Mikal Bridges,NYK,1,2,1,72,71,0.17323299597643532,0.17605633802816903,0.2713223787167449,-0.002823342051733707,0.5518620344913772,False,0.6953461634591352,0.7086410215627912
2026_cle_nyk_api_20261005,1628969,Mikal Bridges,NYK,2,3,1,71,81,0.19536775106082035,0.16310206920535558,0.2509215788558511,0.03226568185546477,0.2636840789802549,False,0.535874095992131,0.4792970658139754
2026_cle_nyk_api_20261005,1628969,Mikal Bridges,NYK,3,4,1,81,60,0.11164928785237328,0.1691358024691358,0.2598765432098765,-0.057486514616762505,0.9000249937515621,False,0.9145415259088453,0.9344823059166296
2026_cle_nyk_api_20261005,1628973,Jalen Brunson,NYK,1,2,1,88,74,0.10708897073076173,0.15294840294840295,0.23958845208845192,-0.045859432217641216,0.8480379905023744,False,0.9013976014193172,0.9082287787674533
2026_cle_nyk_api_20261005,1628973,Jalen Brunson,NYK,2,3,1,74,87,0.13671573089672462,0.14973594283939112,0.23827275551413485,-0.013020211942666504,0.6218445388652837,False,0.7533885759329398,0.751742915334996
2026_cle_nyk_api_20261005,1628973,Jalen Brunson,NYK,3,4,1,87,60,0.31452360000386803,0.17126436781609194,0.2591954022988505,0.1432592321877761,0.005998500374906273,False,0.07558110472381904,0.04420633971941797
2026_cle_nyk_api_20261005,1629011,Mitchell Robinson,NYK,1,2,1,29,20,0.262510483645513,0.2586206896551724,0.4120689655172414,0.0038897939903406176,0.4686328417895526,True,0.6372130371662404,0.6383584826684895
2026_cle_nyk_api_20261005,1629011,Mitchell Robinson,NYK,2,3,1,20,19,0.35354141656662663,0.2342105263157895,0.431578947368421,0.11933089025083712,0.12621844538865284,False,0.410972256935766,0.30132431680812194
2026_cle_nyk_api_20261005,1629011,Mitchell Robinson,NYK,3,4,1,19,37,0.291479885264569,0.27169274537695587,0.4139402560455192,0.01978713988761316,0.38540364908772806,True,0.6338799915405764,0.5832671296461599
2026_cle_nyk_api_20261005,1629013,Landry Shamet,NYK,1,2,1,29,22,0.4808476863243113,0.2774294670846395,0.42789968652037613,0.2034182192396718,0.011247188202949263,True,0.11809547613096727,0.06869904145585226
2026_cle_nyk_api_20261005,1629013,Landry Shamet,NYK,2,3,1,22,50,0.30580457614403594,0.22545454545454546,0.3654545454545455,0.08035003068949048,0.15796050987253188,False,0.4326744400856308,0.3454749215921826
2026_cle_nyk_api_20261005,1629013,Landry Shamet,NYK,3,4,1,50,34,0.2960820895522388,0.22470588235294117,0.3412352941176468,0.07137620719929763,0.14796300924768807,False,0.4326744400856308,0.32999644825635693
2026_cle_nyk_api_20261005,1629622,Max Strus,CLE,1,2,1,49,46,0.3110543153672421,0.22227151730257322,0.3336291038154392,0.08878279806466888,0.09122719320169957,False,0.35660202596409724,0.25143104467785493
2026_cle_nyk_api_20261005,1629622,Max Strus,CLE,2,3,1,46,57,0.2160029608262842,0.19260106788710907,0.2978642257818459,0.023401892939175134,0.3474131467133217,False,0.625343664083979,0.5503413866159629
2026_cle_nyk_api_20261005,1629622,Max Strus,CLE,3,4,1,57,42,0.25794826889397826,0.1904761904761905,0.3008145363408518,0.06747207841778777,0.15246188452886777,False,0.4326744400856308,0.33780770493651097
2026_cle_nyk_api_20261005,1629731,Dean Wade,CLE,1,2,1,45,33,0.24467538090985355,0.19797979797979798,0.31919191919191914,0.046695582930055574,0.2376905773556611,False,0.5154211447138216,0.4526803692335344
2026_cle_nyk_api_20261005,1629731,Dean Wade,CLE,2,3,1,33,31,0.25466019984806865,0.1710654936461388,0.3000977517106549,0.08359470620192985,0.13046738315421144,False,0.410972256935766,0.305023744063984
2026_cle_nyk_api_20261005,1629731,Dean Wade,CLE,3,4,1,31,25,0.2760643647334898,0.2116129032258064,0.3419354838709678,0.06445146150768338,0.18695326168457885,False,0.4455552778472049,0.39001326591429064
2026_cle_nyk_api_20261005,1630241,Sam Merrill,CLE,1,2,1,53,37,0.35427555716688314,0.22794492605813363,0.34678735339112693,0.1263306311087495,0.0427393151712072,False,0.29917520619845045,0.16847241677952607
2026_cle_nyk_api_20261005,1630241,Sam Merrill,CLE,2,3,1,37,45,0.3818964392852484,0.23123123123123127,0.34834834834834827,0.15066520805401715,0.02074481379655086,False,0.16336540864783802,0.09975165783022329
2026_cle_nyk_api_20261005,1630241,Sam Merrill,CLE,3,4,1,45,36,0.3174768798872098,0.21111111111111108,0.3333333333333333,0.10636576877609871,0.06748312921769557,False,0.3464133966508373,0.22053816689368325
2026_cle_nyk_api_20261005,1630540,Miles McBride,NYK,1,2,1,33,22,0.28622713622713625,0.2272727272727273,0.3787878787878788,0.058954408954408954,0.2934266433391652,False,0.5601781372838609,0.49365574239194543
2026_cle_nyk_api_20261005,1630540,Miles McBride,NYK,2,3,1,22,22,0.3875976964212258,0.22727272727272727,0.409090909090909,0.16032496914849856,0.05373656585853537,False,0.3385403649087728,0.1927692680004602
2026_cle_nyk_api_20261005,1630540,Miles McBride,NYK,3,4,1,22,31,0.6337355455002514,0.281524926686217,0.42961876832844564,0.35221061881403437,0.0004998750312421895,True,0.01574606348412897,0.00941431308839457
2026_cle_nyk_api_20261005,1630596,Evan Mobley,CLE,1,2,1,76,61,0.12670991795870126,0.16975841242450387,0.2616479723899913,-0.04304849446580261,0.8222944263934017,False,0.9013976014193172,0.894888637391214
2026_cle_nyk_api_20261005,1630596,Evan Mobley,CLE,2,3,1,61,66,0.11591145416733323,0.1549925484351714,0.252856433184302,-0.03908109426783818,0.7960509872531867,False,0.9013976014193172,0.8775976737522935
2026_cle_nyk_api_20261005,1630596,Evan Mobley,CLE,3,4,1,66,70,0.23234130021210994,0.16017316017316016,0.2545454545454546,0.07216814003894978,0.09097725568607848,False,0.35660202596409724,0.25143104467785493
2026_cle_nyk_api_20261005,1630631,Jose Alvarado,NYK,1,2,1,10,10,0.70334008097166,0.39999999999999997,0.6000000000000001,0.30334008097166004,0.005998500374906273,True,0.07558110472381904,0.04420633971941797
2026_cle_nyk_api_20261005,1630631,Jose Alvarado,NYK,2,3,1,10,7,0.3468970934799686,0.3285714285714285,0.6,0.018325664908540096,0.4528867783054236,True,0.6372130371662404,0.6289685247399807
2026_cle_nyk_api_20261005,1630631,Jose Alvarado,NYK,3,4,1,7,22,0.9483773791592498,0.45454545454545453,0.6818181818181817,0.49383192461379527,0.00024993751562109475,True,0.01574606348412897,0.006052058413967937
2026_cle_nyk_api_20261005,1631165,Keon Ellis,CLE,1,2,1,8,1,1.0,0.625,1.0,0.375,0.24543864033991503,True,0.5154211447138216,0.45842258443653555
2026_cle_nyk_api_20261005,1631165,Keon Ellis,CLE,2,4,2,1,29,0.8253424657534246,0.8620689655172413,1.0,-0.0367264997638167,0.6908272931767058,True,0.8211720654741975,0.8047781868965748
2026_cle_nyk_api_20261005,1641772,Nae'Qwan Tomlin,CLE,2,4,2,1,14,1.0,0.6428571428571428,1.0,0.3571428571428572,0.09622594351412148,True,0.35660202596409724,0.25889360993085064
2026_cle_nyk_api_20261005,1641854,Craig Porter Jr.,CLE,2,4,2,1,17,0.888235294117647,0.6470588235294118,1.0,0.24117647058823521,0.18595351162209448,True,0.4455552778472049,0.3891249409869755
2026_cle_nyk_api_20261005,1642278,Tyler Kolek,NYK,2,4,2,1,16,0.8403409090909091,0.625,1.0,0.21534090909090908,0.2846788302924269,True,0.5601781372838609,0.48987879933569906
2026_cle_nyk_api_20261005,1642281,Jaylon Tyson,CLE,2,3,1,15,16,0.40164336521952415,0.36666666666666664,0.5541666666666667,0.03497669855285751,0.4361409647588103,True,0.6372130371662404,0.6199236354433405
2026_cle_nyk_api_20261005,1642281,Jaylon Tyson,CLE,3,4,1,16,31,0.4851732761700608,0.33669354838709675,0.4959677419354839,0.14847972778296403,0.08397900524868783,True,0.35660202596409724,0.24404796236838228
2026_cle_nyk_api_20261005,1642359,Pacôme Dadiet,NYK,2,4,2,1,14,0.7571428571428572,0.7857142857142856,1.0,-0.02857142857142836,0.5353661584603849,True,0.688327918020495,0.692032706109187
2026_cle_nyk_api_20261005,1642878,Tyrese Proctor,CLE,2,4,2,1,15,0.9019607843137254,0.4666666666666667,1.0,0.4352941176470587,0.21919520119970007,True,0.49318920269932515,0.4295212324086608
2026_den_min_api_20261005,201144,Mike Conley,MIN,1,2,1,21,8,0.30774912291499973,0.3571428571428571,0.5714285714285714,-0.04939373422785737,0.6683329167708073,True,0.7327505473029333,0.7880516827314911
2026_den_min_api_20261005,201144,Mike Conley,MIN,2,4,2,8,39,0.3822275915299171,0.38461538461538464,0.5705128205128205,-0.002387793085467549,0.5043739065233691,True,0.6039213880740341,0.669208431747249
2026_den_min_api_20261005,201144,Mike Conley,MIN,4,5,1,39,32,0.4427217915590008,0.2459935897435897,0.37099358974358976,0.19672820181541112,0.005748562859285179,False,0.018682829292676832,0.04420633971941797
2026_den_min_api_20261005,201144,Mike Conley,MIN,5,6,1,32,40,0.41446644664466453,0.24999999999999994,0.3687500000000001,0.1644664466446646,0.013996500874781305,False,0.041086502567906406,0.07974476968993045
2026_den_min_api_20261005,202685,Jonas Valanciunas,DEN,1,2,1,16,4,0.22028301886792448,0.25,0.5,-0.02971698113207552,0.6900774806298425,True,0.7387888322037138,0.8047781868965748
2026_den_min_api_20261005,202685,Jonas Valanciunas,DEN,2,5,3,4,21,0.9375,0.46428571428571425,0.7142857142857143,0.47321428571428575,0.0007498125468632841,True,0.004013702456738756,0.012709322669332664
2026_den_min_api_20261005,202685,Jonas Valanciunas,DEN,5,6,1,21,6,0.4127281616688396,0.33333333333333337,0.5714285714285715,0.0793948283355062,0.2864283929017746,True,0.3910664125013522,0.49049044271595416
2026_den_min_api_20261005,203497,Rudy Gobert,MIN,1,2,1,78,57,0.13972471190781044,0.1511470985155196,0.2415654520917679,-0.011422386607709167,0.5921019745063734,False,0.675117805914375,0.737950622638458
2026_den_min_api_20261005,203497,Rudy Gobert,MIN,2,3,1,57,74,0.24597992815190745,0.15765765765765766,0.24276908487434806,0.08832227049424979,0.04648837790552362,False,0.10576105973506625,0.17707370910081469
2026_den_min_api_20261005,203497,Rudy Gobert,MIN,3,4,1,74,64,0.13301703778677468,0.13555743243243243,0.21494932432432437,-0.002540394645657751,0.5248687828042989,False,0.6202994705868987,0.6830346156263237
2026_den_min_api_20261005,203497,Rudy Gobert,MIN,4,5,1,64,65,0.11643625192012287,0.13725961538461537,0.221875,-0.020823363464492498,0.6880779805048738,False,0.7387888322037138,0.8043394323832834
2026_den_min_api_20261005,203497,Rudy Gobert,MIN,5,6,1,65,78,0.09787140662716703,0.13076923076923078,0.2102564102564103,-0.03289782414206374,0.7993001749562609,False,0.8265490445570425,0.8785980166222626
2026_den_min_api_20261005,203501,Tim Hardaway Jr.,DEN,1,2,1,50,52,0.3103588397099275,0.19538461538461538,0.29846153846153844,0.11497422432531212,0.03924018995251187,False,0.0915604432225277,0.16222468773050638
2026_den_min_api_20261005,203501,Tim Hardaway Jr.,DEN,2,3,1,52,56,0.26418439716312053,0.1923076923076923,0.2995192307692304,0.07187670485542824,0.11897025743564109,False,0.20175048830384995,0.29154001822125114
2026_den_min_api_20261005,203501,Tim Hardaway Jr.,DEN,3,4,1,56,51,0.36727654055247394,0.211484593837535,0.3112745098039215,0.15579194671493893,0.005748562859285179,False,0.018682829292676832,0.04420633971941797
2026_den_min_api_20261005,203501,Tim Hardaway Jr.,DEN,4,5,1,51,23,0.6046812595347881,0.2728047740835464,0.4015345268542199,0.3318764854512417,0.0004998750312421895,True,0.002843039240189953,0.00941431308839457
2026_den_min_api_20261005,203501,Tim Hardaway Jr.,DEN,5,6,1,23,34,0.47652463191818384,0.2877237851662404,0.4424552429667519,0.18880084675194342,0.02074481379655086,True,0.055522883984886126,0.09975165783022329
2026_den_min_api_20261005,203932,Aaron Gordon,DEN,1,2,1,67,78,0.22848294723294724,0.16379640260237274,0.25086107921928813,0.0646865446305745,0.1092226943264184,False,0.19488755262164853,0.27631711475116294
2026_den_min_api_20261005,203932,Aaron Gordon,DEN,2,4,2,78,45,0.1860293990338833,0.16666666666666663,0.26666666666666666,0.019362732367216667,0.35766058485378655,False,0.4704823794051487,0.5574571874272811
2026_den_min_api_20261005,203937,Kyle Anderson,MIN,1,2,1,12,10,0.5255284552845528,0.39999999999999997,0.6166666666666667,0.12552845528455286,0.16470882279430143,True,0.2603831800670522,0.35792494184146273
2026_den_min_api_20261005,203937,Kyle Anderson,MIN,2,3,1,10,9,0.8043478260869565,0.4888888888888889,0.7000000000000001,0.31545893719806767,0.006248437890527368,True,0.019607167173723808,0.045068520104016546
2026_den_min_api_20261005,203937,Kyle Anderson,MIN,3,4,1,9,6,0.9138198757763975,0.611111111111111,0.8333333333333334,0.3027087646652864,0.0032491877030742314,True,0.01343982186271614,0.030596517537282344
2026_den_min_api_20261005,203937,Kyle Anderson,MIN,4,5,1,6,35,0.6793831168831168,0.46190476190476193,0.661904761904762,0.21747835497835488,0.04998750312421894,True,0.10830625676914105,0.18123811293166014
2026_den_min_api_20261005,203944,Julius Randle,MIN,1,2,1,63,79,0.23407396650208145,0.16576250753465943,0.25839863371508937,0.06831145896742202,0.1039740064983754,False,0.18923269182704325,0.27389082961817685
2026_den_min_api_20261005,203944,Julius Randle,MIN,2,3,1,79,67,0.6441197691197691,0.19648592480634802,0.2837710183260911,0.44763384431342107,0.00024993751562109475,False,0.001624593851537116,0.006052058413967937
2026_den_min_api_20261005,203944,Julius Randle,MIN,3,4,1,67,61,0.45433590102707755,0.2109126498654269,0.3048690971372645,0.24342325116165064,0.00024993751562109475,False,0.001624593851537116,0.006052058413967937
2026_den_min_api_20261005,203944,Julius Randle,MIN,4,5,1,61,67,0.5285935572842312,0.17714705162711036,0.2706141424027404,0.3514465056571208,0.00024993751562109475,False,0.001624593851537116,0.006052058413967937
2026_den_min_api_20261005,203944,Julius Randle,MIN,5,6,1,67,67,0.17762645006962996,0.16417910447761191,0.23880597014925375,0.013447345592018045,0.3919020244938765,False,0.5016384792690717,0.5847586243482893
2026_den_min_api_20261005,203999,Nikola Jokić,DEN,1,2,1,89,88,0.1958628253688896,0.14396067415730335,0.2215270684371808,0.051902151211586256,0.14846288427893026,False,0.24125218695326164,0.3300256902987368
2026_den_min_api_20261005,203999,Nikola Jokić,DEN,2,3,1,88,73,0.41924141173568885,0.1421232876712329,0.22400373599003737,0.27711812406445596,0.00024993751562109475,False,0.001624593851537116,0.006052058413967937
2026_den_min_api_20261005,203999,Nikola Jokić,DEN,3,4,1,73,77,0.18973986875462368,0.1307596513075965,0.20281088774239459,0.05898021744702717,0.08422894276430892,False,0.15968403732400233,0.24404796236838228
2026_den_min_api_20261005,203999,Nikola Jokić,DEN,4,5,1,77,83,0.19625657673088856,0.15271475512439367,0.2315991237677984,0.04354182160649489,0.17170707323169207,False,0.26483633328955897,0.36609243915436235
2026_den_min_api_20261005,203999,Nikola Jokić,DEN,5,6,1,83,84,0.24456638537472963,0.14099254159495123,0.21815834767641998,0.10357384377977841,0.011497125718570358,False,0.03487461467966342,0.06959867176063127
2026_den_min_api_20261005,1626145,Tyus Jones,DEN,3,5,2,7,26,0.5902754729505477,0.34615384615384615,0.5604395604395604,0.24412162679670157,0.03074231442139465,True,0.0777097392318587,0.1344728334045521
2026_den_min_api_20261005,1626145,Tyus Jones,DEN,5,6,1,26,21,0.725596489287163,0.30036630036630035,0.4616300366300361,0.4252301889208627,0.00024993751562109475,True,0.001624593851537116,0.006052058413967937
2026_den_min_api_20261005,1627750,Jamal Murray,DEN,1,2,1,85,88,0.11396623759267757,0.14585561497326205,0.2286096256684492,-0.03188937738058448,0.7720569857535616,False,0.8169440198090012,0.863786528615371
2026_den_min_api_20261005,1627750,Jamal Murray,DEN,2,3,1,88,67,0.28394190577877176,0.1416214382632293,0.2264501356852102,0.14232046751554248,0.00424893776555861,False,0.01611055569440973,0.037412724740892696
2026_den_min_api_20261005,1627750,Jamal Murray,DEN,3,4,1,67,78,0.3267485134635822,0.15116724071947954,0.23655759663222325,0.17558127274410265,0.0014996250937265683,False,0.007182414922585143,0.018828626176789133
2026_den_min_api_20261005,1627750,Jamal Murray,DEN,4,5,1,78,78,0.3073117931828757,0.16666666666666666,0.2564102564102564,0.14064512651620906,0.005748562859285179,False,0.018682829292676832,0.04420633971941797
2026_den_min_api_20261005,1627750,Jamal Murray,DEN,5,6,1,78,74,0.4706899299468538,0.16250866250866253,0.24533957033957027,0.3081812674381913,0.00024993751562109475,False,0.001624593851537116,0.006052058413967937
2026_den_min_api_20261005,1628971,Bruce Brown,DEN,1,2,1,39,28,0.37827470229979093,0.27289377289377287,0.39652014652014655,0.10538092940601806,0.07998000499875031,True,0.15485490329545273,0.23783527802259963
2026_den_min_api_20261005,1628971,Bruce Brown,DEN,2,3,1,28,43,0.22078460038986353,0.2383720930232558,0.3688538205980062,-0.017587492633392265,0.6083479130217445,False,0.675117805914375,0.7411109520644974
2026_den_min_api_20261005,1628971,Bruce Brown,DEN,3,4,1,43,35,0.2821679438058749,0.23853820598006645,0.3568106312292359,0.04362973782580845,0.2519370157460635,False,0.37584046611297994,0.4679816347283042
2026_den_min_api_20261005,1628971,Bruce Brown,DEN,4,5,1,35,42,0.39687703318152245,0.24761904761904757,0.36666666666666664,0.14925798556247488,0.02074481379655086,False,0.055522883984886126,0.09975165783022329
2026_den_min_api_20261005,1628971,Bruce Brown,DEN,5,6,1,42,24,0.41130528920507264,0.27976190476190477,0.42261904761904756,0.13154338444316788,0.05773556610847288,True,0.11675414479713403,0.19870413107383053
2026_den_min_api_20261005,1628978,Donte DiVincenzo,MIN,1,2,1,64,64,0.09458275044616807,0.171875,0.265625,-0.07729224955383193,0.9200199950012496,False,0.9355494459718403,0.9494270268049425
2026_den_min_api_20261005,1628978,Donte DiVincenzo,MIN,2,3,1,64,71,0.31456351211794953,0.1993838028169014,0.29292473591549295,0.11517970930104812,0.02224443889027743,False,0.05783554111472132,0.1062093631521697
2026_den_min_api_20261005,1628978,Donte DiVincenzo,MIN,3,4,1,71,2,0.6619718309859154,0.7464788732394365,0.9154929577464788,-0.08450704225352113,0.7905523619095226,True,0.8265490445570425,0.8759910999448834
2026_den_min_api_20261005,1629661,Cameron Johnson,DEN,1,2,1,70,55,0.17901566588454174,0.19220779220779222,0.287012987012987,-0.01319212632325048,0.6028492876780804,False,0.675117805914375,0.7391172098476284
2026_den_min_api_20261005,1629661,Cameron Johnson,DEN,2,3,1,55,46,0.2267043691984633,0.2126482213438735,0.32450592885375495,0.014056147854589779,0.4136465883529118,False,0.5156416375358215,0.6029200854292864
2026_den_min_api_20261005,1629661,Cameron Johnson,DEN,3,4,1,46,49,0.3333613824990921,0.2373558118899734,0.3473824312333629,0.09600557060911868,0.06948262934266433,False,0.1374547667430968,0.22326645826694985
2026_den_min_api_20261005,1629661,Cameron Johnson,DEN,4,5,1,49,76,0.3323191345503718,0.22878625134264233,0.3241138560687432,0.10353288320772949,0.036740814796300925,False,0.087984582801668,0.15282375725087133
2026_den_min_api_20261005,1629661,Cameron Johnson,DEN,5,6,1,76,69,0.43248591755263593,0.19660564454614798,0.2866609458428678,0.23588027300648795,0.00024993751562109475,False,0.001624593851537116,0.006052058413967937
2026_den_min_api_20261005,1629675,Naz Reid,MIN,1,2,1,34,50,0.23127327309990472,0.22823529411764704,0.34705882352941175,0.0030379789822576886,0.4768807798050487,False,0.5786153461634591,0.6419966154706382
2026_den_min_api_20261005,1629675,Naz Reid,MIN,2,3,1,50,36,0.23636614357814612,0.25,0.37,-0.013633856421853885,0.5843539115221195,True,0.675117805914375,0.7377876201340726
2026_den_min_api_20261005,1629675,Naz Reid,MIN,3,4,1,36,50,0.3843064066852368,0.23777777777777778,0.35555555555555557,0.14652862890745902,0.02024493876530867,False,0.055522883984886126,0.09975165783022329
2026_den_min_api_20261005,1629675,Naz Reid,MIN,4,5,1,50,54,0.4286125461254613,0.22037037037037036,0.32814814814814813,0.20824217575509094,0.0004998750312421895,False,0.002843039240189953,0.00941431308839457
2026_den_min_api_20261005,1629675,Naz Reid,MIN,5,6,1,54,60,0.2418880688806888,0.20925925925925923,0.31111111111111106,0.03262880962142958,0.28242939265183703,False,0.3910664125013522,0.48983174053814793
2026_den_min_api_20261005,1630162,Anthony Edwards,MIN,1,2,1,79,86,0.08441241901317953,0.13924050632911394,0.22328525169267,-0.054828087315934415,0.9252686828292926,False,0.9355494459718403,0.9533923510003957
2026_den_min_api_20261005,1630162,Anthony Edwards,MIN,2,3,1,86,48,0.34467334467334476,0.18653100775193798,0.2815164728682169,0.15814233692140678,0.003749062734316421,False,0.01483324820968671,0.03482006210776074
2026_den_min_api_20261005,1630162,Anthony Edwards,MIN,3,4,1,48,32,0.1391549777625727,0.23958333333333334,0.3541666666666667,-0.10042835557076063,0.955011247188203,False,0.955011247188203,0.9703225391256975
2026_den_min_api_20261005,1630183,Jaden McDaniels,MIN,1,2,1,66,78,0.2235298235516025,0.16083916083916083,0.24825174825174826,0.06269066271244167,0.11772056985753562,False,0.20175048830384995,0.29154001822125114
2026_den_min_api_20261005,1630183,Jaden McDaniels,MIN,2,3,1,78,82,0.3339871996301699,0.175422138836773,0.2589274546591619,0.15856506079339688,0.002749312671832042,False,0.011913688244605515,0.029470893146278643
2026_den_min_api_20261005,1630183,Jaden McDaniels,MIN,3,4,1,82,59,0.2747672490230206,0.18664737494832576,0.27821413807358414,0.08811987407469482,0.05548612846788303,False,0.11675414479713403,0.19579820070889015
2026_den_min_api_20261005,1630183,Jaden McDaniels,MIN,4,5,1,59,57,0.2614363480087862,0.1909009812667261,0.29200118941421344,0.07053536674206007,0.11972006998250437,False,0.20175048830384995,0.29154001822125114
2026_den_min_api_20261005,1630183,Jaden McDaniels,MIN,5,6,1,57,80,0.20779693520606562,0.1758771929824562,0.2690899122807017,0.03191974222360944,0.2666833291677081,False,0.38520925324224503,0.4796816668848661
2026_den_min_api_20261005,1630192,Zeke Nnaji,DEN,3,6,3,32,5,0.5496894409937889,0.4375,0.6571874999999949,0.11218944099378891,0.2184453886528368,True,0.3313088394568025,0.4292926768307923
2026_den_min_api_20261005,1630245,Ayo Dosunmu,MIN,1,2,1,52,43,0.21632620242025186,0.20080500894454378,0.3121645796064401,0.015521193475708073,0.39690077480629843,False,0.5016384792690717,0.585734001282288
2026_den_min_api_20261005,1630245,Ayo Dosunmu,MIN,2,3,1,43,69,0.39674931369558597,0.2308729356252107,0.3380687563195146,0.16587637807037528,0.005748562859285179,False,0.018682829292676832,0.04420633971941797
2026_den_min_api_20261005,1630245,Ayo Dosunmu,MIN,3,4,1,69,80,0.398988367307151,0.19275362318840578,0.2786231884057971,0.2062347441187452,0.00024993751562109475,False,0.001624593851537116,0.006052058413967937
2026_den_min_api_20261005,1630245,Ayo Dosunmu,MIN,4,5,1,80,79,0.3680072917853481,0.16740506329113924,0.2553876582278481,0.20060222849420883,0.00024993751562109475,False,0.001624593851537116,0.006052058413967937
2026_den_min_api_20261005,1630538,Bones Hyland,MIN,1,2,1,9,17,0.26824116743471577,0.30718954248366015,0.49673202614379086,-0.038948375048944384,0.6018495376155961,True,0.675117805914375,0.7391172098476284
2026_den_min_api_20261005,1630538,Bones Hyland,MIN,2,3,1,17,33,0.3280780780780781,0.2905525846702318,0.45811051693404636,0.03752549340784628,0.36190952261934517,True,0.4704823794051487,0.5627859090273304
2026_den_min_api_20261005,1630538,Bones Hyland,MIN,3,4,1,33,34,0.30992599742599736,0.2584670231729055,0.3805704099821747,0.05145897425309187,0.2879280179955011,True,0.3910664125013522,0.49049044271595416
2026_den_min_api_20261005,1630538,Bones Hyland,MIN,4,5,1,34,52,0.29873583862945563,0.2330316742081448,0.34847285067873274,0.06570416442131083,0.1659585103724069,False,0.2603831800670522,0.35948840265971843
2026_den_min_api_20261005,1630538,Bones Hyland,MIN,5,6,1,52,19,0.4076402321083172,0.2753036437246963,0.409919028340081,0.1323365883836209,0.056485878530367406,True,0.11675414479713403,0.19726606809836006
2026_den_min_api_20261005,1630545,Terrence Shannon Jr,MIN,4,5,1,13,32,0.2744360902255639,0.26682692307692313,0.4400240384615379,0.007609167148640794,0.4483879030242439,True,0.5513959348000838,0.6280719347883768
2026_den_min_api_20261005,1630545,Terrence Shannon Jr,MIN,5,6,1,32,63,0.3260583067092653,0.19766865079365079,0.3194444444444445,0.1283896559156145,0.03549112721819545,False,0.0872889885636699,0.1485369398391143
2026_den_min_api_20261005,1631124,Julian Strawther,DEN,3,5,2,26,7,0.7904985731072687,0.434065934065934,0.6538461538461539,0.35643263904133465,0.0024993751562109472,True,0.01137215696075981,0.027779940260836432
2026_den_min_api_20261005,1631128,Christian Braun,DEN,1,2,1,80,75,0.17809715242881075,0.15,0.23833333333333334,0.02809715242881075,0.27993001749562607,False,0.3910664125013522,0.4891560615000889
2026_den_min_api_20261005,1631128,Christian Braun,DEN,2,3,1,75,47,0.27799859055673015,0.17730496453900707,0.2757446808510638,0.10069362601772308,0.049237690577355664,False,0.10830625676914105,0.18123811293166014
2026_den_min_api_20261005,1631128,Christian Braun,DEN,3,4,1,47,60,0.5443782433211609,0.22163120567375888,0.32340425531914896,0.32274703764740204,0.00024993751562109475,False,0.001624593851537116,0.006052058413967937
2026_den_min_api_20261005,1631128,Christian Braun,DEN,4,5,1,60,64,0.22908260570598232,0.209375,0.3052083333333333,0.019707605705982317,0.35616095976005996,False,0.4704823794051487,0.5574571874272811
2026_den_min_api_20261005,1631128,Christian Braun,DEN,5,6,1,64,51,0.5920557130211915,0.20955882352941174,0.31096813725490197,0.3824968894917798,0.00024993751562109475,False,0.001624593851537116,0.006052058413967937
2026_den_min_api_20261005,1641740,Jaylen Clark,MIN,5,6,1,24,19,0.35397216459197783,0.2982456140350877,0.45614035087719296,0.05572655055689013,0.26318420394901276,True,0.38520925324224503,0.4792970658139754
2026_den_min_api_20261005,1641763,Julian Phillips,MIN,3,5,2,2,5,1.0,0.6,1.0,0.4,0.09547613096725818,True,0.17731281465347948,0.25889360993085064
2026_den_min_api_20261005,1642461,Spencer Jones,DEN,1,2,1,16,17,0.6735119047619047,0.2941176470588235,0.4670955882352931,0.3793942577030812,0.000999750062484379,True,0.005054291982559916,0.014421926433285298
2026_den_min_api_20261005,1642461,Spencer Jones,DEN,2,3,1,17,55,0.6580205074730622,0.2684491978609626,0.41497326203208557,0.38957130961209957,0.00024993751562109475,True,0.001624593851537116,0.006052058413967937
2026_den_min_api_20261005,1642461,Spencer Jones,DEN,3,4,1,55,45,0.5206281944512483,0.18787878787878792,0.29696969696969694,0.3327494065724604,0.00024993751562109475,False,0.001624593851537116,0.006052058413967937
2026_den_min_api_20261005,1642461,Spencer Jones,DEN,4,5,1,45,74,0.5817011368305711,0.18588588588588587,0.28918918918918923,0.3958152509446853,0.00024993751562109475,False,0.001624593851537116,0.006052058413967937
2026_den_min_api_20261005,1642461,Spencer Jones,DEN,5,6,1,74,59,0.22145739651792917,0.16376546037562983,0.24942739349519008,0.05769193614229934,0.1282179455136216,False,0.21214241894071936,0.3034885877833678
2026_lal_okc_api_20261005,2544,LeBron James,LAL,1,2,1,63,72,0.12713723494337997,0.1607142857142857,0.25595238095238093,-0.033577050770905725,0.7685578605348663,False,0.8553305222081576,0.861292941227503
2026_lal_okc_api_20261005,2544,LeBron James,LAL,2,3,1,72,68,0.23693387653287712,0.1625816993464052,0.2549019607843137,0.07435217718647191,0.08197950512371907,False,0.41592543040710406,0.2416613237994849
2026_lal_okc_api_20261005,2544,LeBron James,LAL,3,4,1,68,77,0.26541794671924435,0.1545072574484339,0.24350649350649348,0.11091068927081044,0.02324418895276181,False,0.4009622594351412,0.10720789190457487
2026_lal_okc_api_20261005,203935,Marcus Smart,LAL,1,2,1,56,62,0.2198062216088782,0.18433179723502302,0.2816820276497696,0.03547442437385517,0.2704323919020245,False,0.5873388795658228,0.4812418942508468
2026_lal_okc_api_20261005,203935,Marcus Smart,LAL,2,3,1,62,58,0.3653001792114695,0.19243604004449388,0.29313125695216896,0.17286413916697563,0.001999500124968758,False,0.1379655086228443,0.022977306520827422
2026_lal_okc_api_20261005,203935,Marcus Smart,LAL,3,4,1,58,69,0.26335061863173215,0.17841079460269865,0.2736131934032983,0.0849398240290335,0.06773306673331667,False,0.41592543040710406,0.22053816689368325
2026_lal_okc_api_20261005,1627936,Alex Caruso,OKC,1,2,1,37,36,0.2606031543052003,0.234984984984985,0.36715465465465447,0.025618169320215323,0.36815796050987254,False,0.622527295005517,0.5642212471712771
2026_lal_okc_api_20261005,1627936,Alex Caruso,OKC,2,3,1,36,36,0.16040827289820034,0.22222222222222224,0.3611111111111111,-0.0618139493240219,0.8762809297675581,False,0.916111881120629,0.9185284822534706
2026_lal_okc_api_20261005,1627936,Alex Caruso,OKC,3,4,1,36,37,0.21992528019925275,0.23423423423423423,0.36268768768768733,-0.014308954034981475,0.5768557860534866,False,0.7510009290130298,0.731043407372456
2026_lal_okc_api_20261005,1628379,Luke Kennard,LAL,1,2,1,49,51,0.31793191449140656,0.21388555422168867,0.32052821128451386,0.10404636026971789,0.059485128717820544,False,0.41592543040710406,0.20250187453136714
2026_lal_okc_api_20261005,1628379,Luke Kennard,LAL,2,3,1,51,54,0.27355526732958635,0.2091503267973856,0.31154684095860563,0.06440494053220075,0.14096475881029744,False,0.4421167435413874,0.3159853600956196
2026_lal_okc_api_20261005,1628379,Luke Kennard,LAL,3,4,1,54,49,0.14629629629629629,0.21560846560846558,0.32010582010582006,-0.0693121693121693,0.8920269932516871,False,0.918654664692036,0.9290235044925406
2026_lal_okc_api_20261005,1628392,Isaiah Hartenstein,OKC,1,2,1,44,49,0.30237487443669303,0.2054730983302412,0.3140074211502782,0.09690177610645184,0.06798300424893776,False,0.41592543040710406,0.22053816689368325
2026_lal_okc_api_20261005,1628392,Isaiah Hartenstein,OKC,2,3,1,49,58,0.24395168394421385,0.19809992962702322,0.3022519352568614,0.04585175431719063,0.23019245188702825,False,0.5873388795658228,0.44591566394115756
2026_lal_okc_api_20261005,1628392,Isaiah Hartenstein,OKC,3,4,1,58,53,0.28890778644458776,0.1948601171112557,0.2973324658425504,0.09404766933333206,0.06373406648337916,False,0.41592543040710406,0.21286550283611366
2026_lal_okc_api_20261005,1628467,Maxi Kleber,LAL,3,4,1,15,1,1.0000000000000002,0.8666666666666667,1.0,0.13333333333333353,0.2181954511372157,True,0.5790571587872263,0.4292926768307923
2026_lal_okc_api_20261005,1628983,Shai Gilgeous-Alexander,OKC,1,2,1,74,56,0.1632569954817817,0.16505791505791506,0.25868725868725867,-0.0018009195761333474,0.5178705323669083,False,0.7146613346663334,0.6775040343960252
2026_lal_okc_api_20261005,1628983,Shai Gilgeous-Alexander,OKC,2,3,1,56,70,0.15433343225846075,0.16428571428571426,0.2571428571428572,-0.009952282027253512,0.5616095976005998,False,0.7452127352777189,0.7184364286286918
2026_lal_okc_api_20261005,1628983,Shai Gilgeous-Alexander,OKC,3,4,1,70,82,0.06391435348419772,0.1414634146341463,0.22926829268292684,-0.07754906114994858,0.9817545613596601,False,0.9832541864533867,0.9883773501069176
2026_lal_okc_api_20261005,1629020,Jarred Vanderbilt,LAL,1,4,3,11,4,0.6263761467889907,0.4772727272727273,0.8181818181818181,0.14910341951626338,0.24243939015246188,True,0.5873388795658228,0.45659418478713654
2026_lal_okc_api_20261005,1629026,Kenrich Williams,OKC,1,2,1,1,4,0.9500000000000001,0.75,1.0,0.20000000000000007,0.36365908522869284,True,0.622527295005517,0.5642124937873083
2026_lal_okc_api_20261005,1629026,Kenrich Williams,OKC,2,3,1,4,6,0.3790983606557377,0.5,0.8333333333333333,-0.12090163934426229,0.7463134216445888,True,0.8553305222081576,0.8447420699082324
2026_lal_okc_api_20261005,1629028,Deandre Ayton,LAL,1,2,1,48,48,0.12678165049706552,0.1875,0.2916666666666667,-0.06071834950293448,0.8267933016745813,False,0.9055355208816843,0.895472617468636
2026_lal_okc_api_20261005,1629028,Deandre Ayton,LAL,2,3,1,48,41,0.2186030456446481,0.19918699186991867,0.3079268292682927,0.019416053774729436,0.36665833541614595,False,0.622527295005517,0.5642212471712771
2026_lal_okc_api_20261005,1629028,Deandre Ayton,LAL,3,4,1,41,37,0.17241424810814732,0.1990771259063942,0.3211272247857609,-0.026662877798246887,0.672831792051987,False,0.8004378215790879,0.7906065078184527
2026_lal_okc_api_20261005,1629060,Rui Hachimura,LAL,1,2,1,64,61,0.20388658314262442,0.1761014344262295,0.2674180327868852,0.027785148716394925,0.2979255186203449,False,0.5873388795658228,0.4975209399620538
2026_lal_okc_api_20261005,1629060,Rui Hachimura,LAL,2,3,1,61,67,0.18662766830870278,0.16760459995106436,0.2603376559823831,0.019023068357638423,0.3676580854786303,False,0.622527295005517,0.5642212471712771
2026_lal_okc_api_20261005,1629060,Rui Hachimura,LAL,3,4,1,67,79,0.16900833937635967,0.1660683922161345,0.25656527489136594,0.0029399471602251648,0.47813046738315423,False,0.6887496875781055,0.6419966154706382
2026_lal_okc_api_20261005,1629637,Jaxson Hayes,LAL,1,2,1,34,29,0.35385395537525355,0.2494929006085193,0.3904665314401623,0.10436105476673424,0.0994751312171957,False,0.41592543040710406,0.2655281061624358
2026_lal_okc_api_20261005,1629637,Jaxson Hayes,LAL,2,3,1,29,14,0.13448275862068962,0.30295566502463056,0.4754926108374378,-0.16847290640394094,0.9832541864533867,True,0.9832541864533867,0.9883773501069176
2026_lal_okc_api_20261005,1629637,Jaxson Hayes,LAL,3,4,1,14,53,0.41864285248680005,0.29245283018867924,0.4502695417789751,0.12619002229812082,0.09222694326418396,True,0.41592543040710406,0.25315735843367093
2026_lal_okc_api_20261005,1629652,Luguentz Dort,OKC,1,2,1,51,41,0.29630089255882774,0.1836441893830703,0.29555236728837875,0.11265670317575743,0.048987753061734564,False,0.41592543040710406,0.18123811293166014
2026_lal_okc_api_20261005,1629652,Luguentz Dort,OKC,2,3,1,41,37,0.1661021382331786,0.17402768622280818,0.2933421226104153,-0.007925547989629578,0.556610847288178,False,0.7452127352777189,0.7133878156169843
2026_lal_okc_api_20261005,1629652,Luguentz Dort,OKC,3,4,1,37,58,0.22443774203157585,0.1705498602050326,0.2819198508853681,0.05388788182654325,0.20069982504373907,False,0.5539315171207199,0.40740862688519486
2026_lal_okc_api_20261005,1630198,Isaiah Joe,OKC,1,2,1,21,15,0.28566401126147745,0.3142857142857143,0.48571428571428577,-0.028621703024236833,0.6250937265683579,True,0.7705127289606171,0.751742915334996
2026_lal_okc_api_20261005,1630198,Isaiah Joe,OKC,2,3,1,15,39,0.46473680617191226,0.34358974358974353,0.49230769230769234,0.12114706258216873,0.09072731817045739,True,0.41592543040710406,0.25143104467785493
2026_lal_okc_api_20261005,1630198,Isaiah Joe,OKC,3,4,1,39,15,0.3890195807098872,0.3435897435897436,0.5076923076923077,0.04542983712014359,0.3181704573856536,True,0.6098267099891693,0.5172704437255842
2026_lal_okc_api_20261005,1630559,Austin Reaves,LAL,1,2,1,61,68,0.22626345911339607,0.16706846673095468,0.2569913211186114,0.059194992382441386,0.13146713321669581,False,0.4377120005712857,0.30525587781136904
2026_lal_okc_api_20261005,1630559,Austin Reaves,LAL,2,3,1,68,68,0.28387660472680715,0.16176470588235292,0.25,0.12211189884445423,0.015496125968507872,False,0.4009622594351412,0.08541766997275071
2026_lal_okc_api_20261005,1630559,Austin Reaves,LAL,3,4,1,68,86,0.14481825212683683,0.15526675786593708,0.243861149110807,-0.01044850573910025,0.5986003499125219,False,0.7648782248882223,0.7385271863852219
2026_lal_okc_api_20261005,1630598,Aaron Wiggins,OKC,1,2,1,6,4,0.8387096774193549,0.6666666666666666,0.9999999999999999,0.17204301075268824,0.05723569107723069,True,0.41592543040710406,0.19798876811409394
2026_lal_okc_api_20261005,1630598,Aaron Wiggins,OKC,2,3,1,4,6,0.49453322119428095,0.5,0.8333333333333334,-0.0054667788057190525,0.6455886028492877,True,0.7815019929228219,0.7704238563826643
2026_lal_okc_api_20261005,1630598,Aaron Wiggins,OKC,3,4,1,6,1,1.0,0.8333333333333334,1.0,0.16666666666666663,0.2826793301674581,True,0.5873388795658228,0.48983174053814793
2026_lal_okc_api_20261005,1631096,Chet Holmgren,OKC,1,2,1,60,61,0.2875341393597399,0.1762295081967213,0.27568306010928956,0.11130463116301861,0.04348912771807048,False,0.41592543040710406,0.16945763559110222
2026_lal_okc_api_20261005,1631096,Chet Holmgren,OKC,2,3,1,61,54,0.2110366799108441,0.17972070431086823,0.27625986642380085,0.03131597559997587,0.29517620594851285,False,0.5873388795658228,0.49536996938884087
2026_lal_okc_api_20261005,1631096,Chet Holmgren,OKC,3,4,1,54,67,0.24770910616498854,0.17689331122166943,0.27252625760088445,0.0708157949433191,0.11072231942014496,False,0.4244355577772223,0.2790696377950122
2026_lal_okc_api_20261005,1631119,Jaylin Williams,OKC,1,2,1,36,25,0.2197486656307006,0.2733333333333333,0.40777777777777785,-0.053584667702632705,0.765308672831792,True,0.8553305222081576,0.8604963187063931
2026_lal_okc_api_20261005,1631119,Jaylin Williams,OKC,2,3,1,25,21,0.3101156973108192,0.3142857142857142,0.4647619047619047,-0.004170016974894997,0.5028742814296426,True,0.7081290901764355,0.669208431747249
2026_lal_okc_api_20261005,1631119,Jaylin Williams,OKC,3,4,1,21,15,0.33115766683647485,0.3142857142857143,0.4952380952380952,0.01687195255076057,0.4491377155711072,True,0.6886778305423644,0.6280719347883768
2026_lal_okc_api_20261005,1631222,Jake LaRavia,LAL,1,2,1,28,18,0.4032508833922261,0.28174603174603174,0.44047619047619035,0.12150485164619435,0.10247438140464883,True,0.41592543040710406,0.27139699450137467
2026_lal_okc_api_20261005,1641717,Cason Wallace,OKC,1,2,1,41,54,0.27708060354725844,0.21589882565492322,0.32339656729900634,0.061181777892335226,0.1702074481379655,False,0.5106223444138965,0.3651090381978638
2026_lal_okc_api_20261005,1641717,Cason Wallace,OKC,2,3,1,54,48,0.224081673200217,0.2013888888888889,0.3101851851851852,0.022692784311328096,0.3699075231192202,False,0.622527295005517,0.5648587853036741
2026_lal_okc_api_20261005,1641717,Cason Wallace,OKC,3,4,1,48,34,0.29070195683665206,0.21078431372549017,0.3333333333333333,0.0799176431111619,0.13321669582604348,False,0.4377120005712857,0.3061726093900254
2026_lal_okc_api_20261005,1641733,Nick Smith Jr.,LAL,1,2,1,3,4,0.675,0.6666666666666666,1.0,0.008333333333333415,0.43739065233691576,True,0.6859080684374361,0.6203992934820688
2026_lal_okc_api_20261005,1641733,Nick Smith Jr.,LAL,2,3,1,4,9,0.4396551724137931,0.5,0.7777777777777778,-0.060344827586206906,0.625343664083979,True,0.7705127289606171,0.751742915334996
2026_lal_okc_api_20261005,1642260,Nikola Topić,OKC,2,3,1,2,5,0.826923076923077,0.6000000000000001,1.0,0.2269230769230769,0.12096975756060985,True,0.4377120005712857,0.29291962723604814
2026_lal_okc_api_20261005,1642261,Dalton Knecht,LAL,1,2,1,3,3,0.5524193548387097,0.33333333333333337,0.9999999999999999,0.21908602150537637,0.3911522119470133,True,0.6426072053415218,0.5847586243482893
2026_lal_okc_api_20261005,1642261,Dalton Knecht,LAL,2,3,1,3,8,0.327134724857685,0.5416666666666666,0.875,-0.2145319418089816,0.8677830542364409,True,0.916111881120629,0.9185284822534706
2026_lal_okc_api_20261005,1642272,Jared McCain,OKC,1,2,1,26,34,0.34173998044965787,0.3009049773755656,0.4343891402714932,0.04083500307409227,0.2834291427143214,True,0.5873388795658228,0.48983174053814793
2026_lal_okc_api_20261005,1642272,Jared McCain,OKC,2,3,1,34,14,0.3927446508091671,0.37815126050420167,0.5336134453781513,0.014593390304965426,0.4296425893526618,True,0.6859080684374361,0.6158513225816168
2026_lal_okc_api_20261005,1642272,Jared McCain,OKC,3,4,1,14,27,0.5110300081103,0.37566137566137564,0.5291005291005291,0.13536863244892433,0.08672831792051987,True,0.41592543040710406,0.24810885886123404
2026_lal_okc_api_20261005,1642349,Ajay Mitchell,OKC,1,2,1,47,52,0.14715966163322564,0.20703764320785595,0.31546644844517185,-0.05987798157463031,0.862784303924019,False,0.916111881120629,0.9183167316491128
2026_lal_okc_api_20261005,1642349,Ajay Mitchell,OKC,2,3,1,52,53,0.1592104198689426,0.1950290275761974,0.29608127721335264,-0.035818607707254785,0.7410647338165459,False,0.8553305222081576,0.8402038286415019
2026_lal_okc_api_20261005,1642349,Ajay Mitchell,OKC,3,4,1,53,62,0.23669818774381512,0.18411442483262325,0.281208155812538,0.05258376291119188,0.18145463634091477,False,0.5216820794801299,0.38206907900354103
2026_lal_okc_api_20261005,1642355,Bronny James,LAL,1,2,1,3,4,0.6555555555555557,0.5,1.0,0.15555555555555567,0.4791302174456386,True,0.6887496875781055,0.6419966154706382
2026_lal_okc_api_20261005,1642355,Bronny James,LAL,2,3,1,4,9,0.6170212765957447,0.5,0.7777777777777778,0.11702127659574468,0.2654336415896026,True,0.5873388795658228,0.4796816668848661
2026_lal_okc_api_20261005,1642876,Adou Thiero,LAL,1,2,1,3,13,0.9847328244274811,0.6923076923076923,0.923076923076923,0.2924251321197888,0.02274431392151962,True,0.4009622594351412,0.10634927475027794
2026_lal_okc_api_20261005,1642876,Adou Thiero,LAL,2,3,1,13,23,0.4195139837994599,0.40802675585284276,0.5852842809364549,0.011487227946617162,0.4636340914771307,True,0.6887496875781055,0.6376144300638835
2026_lal_okc_api_20261005,1642876,Adou Thiero,LAL,3,4,1,23,4,0.6579723828632125,0.608695652173913,0.826086956521739,0.0492767306892995,0.2961759560109973,True,0.5873388795658228,0.4958204893221139
2026_min_sas_api_20261005,201144,Mike Conley,MIN,1,2,1,44,30,0.2644643749905313,0.2181818181818182,0.346969696969697,0.04628255680871313,0.25868532866783306,False,0.397136631335124,0.47920396949942845
2026_min_sas_api_20261005,201144,Mike Conley,MIN,2,3,1,30,8,0.20861297539149892,0.30833333333333335,0.5166666666666666,-0.09972035794183443,0.8387903024243939,True,0.8791167592717206,0.9041332671601575
2026_min_sas_api_20261005,201144,Mike Conley,MIN,3,4,1,8,24,0.41453900709219854,0.375,0.5833333333333334,0.03953900709219854,0.3929017745563609,True,0.5287196719338684,0.5847586243482893
2026_min_sas_api_20261005,201144,Mike Conley,MIN,4,5,1,24,32,0.2199165095610019,0.2708333333333333,0.4166666666666667,-0.05091682377233142,0.7343164208947763,True,0.8164783804048987,0.8350826866147784
2026_min_sas_api_20261005,201144,Mike Conley,MIN,5,6,1,32,42,0.1801386377335744,0.23660714285714288,0.3630952380952381,-0.05646850512356846,0.8215446138465383,False,0.8694015816434241,0.894888637391214
2026_min_sas_api_20261005,202687,Bismack Biyombo,SAS,2,5,3,7,4,0.41666666666666663,0.2857142857142857,0.6071428571428572,0.13095238095238093,0.34866283429142714,True,0.48084228942764307,0.551033570278759
2026_min_sas_api_20261005,202687,Bismack Biyombo,SAS,5,6,1,4,13,0.29457364341085274,0.25,0.5384615384615384,0.04457364341085274,0.445888527868033,True,0.5749580046848752,0.6280719347883768
2026_min_sas_api_20261005,203084,Harrison Barnes,SAS,1,2,1,15,32,0.6053391053391054,0.3625,0.5229166666666667,0.2428391053391054,0.006748312921769558,True,0.040216136442079956,0.04816164379957642
2026_min_sas_api_20261005,203084,Harrison Barnes,SAS,2,3,1,32,11,0.6088741646845622,0.4147727272727273,0.5965909090909091,0.19410143741183494,0.03224193951512122,True,0.10041061163280608,0.13923589166402667
2026_min_sas_api_20261005,203084,Harrison Barnes,SAS,3,4,1,11,17,0.5283643667553335,0.33689839572192515,0.5240641711229946,0.19146597103340834,0.048987753061734564,True,0.13349162709322668,0.18123811293166014
2026_min_sas_api_20261005,203084,Harrison Barnes,SAS,4,5,1,17,5,0.6201415477433577,0.4235294117647058,0.6470588235294118,0.1966121359786519,0.09597600599850037,True,0.20922769307673078,0.25889360993085064
2026_min_sas_api_20261005,203084,Harrison Barnes,SAS,5,6,1,5,14,0.5833333333333334,0.4571428571428571,0.7142857142857143,0.1261904761904763,0.195201199700075,True,0.32237773889860866,0.4022066772463511
2026_min_sas_api_20261005,203482,Kelly Olynyk,SAS,2,5,3,20,5,0.6960784313725491,0.44999999999999996,0.6500000000000001,0.24607843137254914,0.047488127968008,True,0.132723229449048,0.17987123330899119
2026_min_sas_api_20261005,203482,Kelly Olynyk,SAS,5,6,1,5,15,0.6633545310015897,0.3333333333333333,0.6,0.3300211976682564,0.02799300174956261,True,0.09411283542750676,0.1256904316967116
2026_min_sas_api_20261005,203486,Mason Plumlee,SAS,2,6,4,7,10,0.6675631256536679,0.3714285714285714,0.6164285714285599,0.29613455422509655,0.029742564358910272,True,0.09535116220944764,0.13180038323752394
2026_min_sas_api_20261005,203497,Rudy Gobert,MIN,1,2,1,55,63,0.1472597593258349,0.15930735930735931,0.2571428571428571,-0.01204759998152441,0.5878530367408148,False,0.7155877697242357,0.737950622638458
2026_min_sas_api_20261005,203497,Rudy Gobert,MIN,2,3,1,63,66,0.0848649374568337,0.15404040404040403,0.2532467532467532,-0.06917546658357034,0.9560109972506873,False,0.9648629509289344,0.9703225391256975
2026_min_sas_api_20261005,203497,Rudy Gobert,MIN,3,4,1,66,65,0.35044040148228156,0.15897435897435896,0.25198135198135196,0.1914660425079226,0.0012496875781054736,False,0.015135105112610736,0.015986569395387003
2026_min_sas_api_20261005,203497,Rudy Gobert,MIN,4,5,1,65,44,0.41183813913152945,0.1770979020979021,0.2825174825174825,0.23474023703362734,0.0007498125468632841,False,0.015135105112610736,0.012709322669332664
2026_min_sas_api_20261005,203497,Rudy Gobert,MIN,5,6,1,44,51,0.11372079511241792,0.18404634581105167,0.29188948306595364,-0.07032555069863375,0.9162709322669332,False,0.9333974917485581,0.9469995306051535
2026_min_sas_api_20261005,203937,Kyle Anderson,MIN,2,5,3,32,8,0.5310157036815994,0.5,0.6875,0.03101570368159945,0.42314421394651336,True,0.5563518758864501,0.6111291326104644
2026_min_sas_api_20261005,203937,Kyle Anderson,MIN,5,6,1,8,14,0.5419940632093592,0.3928571428571428,0.6071428571428572,0.14913692035221637,0.12946763309172707,True,0.243309862189625,0.3047883862367742
2026_min_sas_api_20261005,203944,Julius Randle,MIN,1,2,1,82,59,0.24937813400718598,0.17796610169491528,0.2701529557668458,0.0714120323122707,0.08922769307673081,False,0.20545905190369074,0.25143104467785493
2026_min_sas_api_20261005,203944,Julius Randle,MIN,2,3,1,59,65,0.33854872457853713,0.18265971316818774,0.28109517601043027,0.1558890114103494,0.005248687828042989,False,0.03575668582854286,0.042874823462809
2026_min_sas_api_20261005,203944,Julius Randle,MIN,3,4,1,65,76,0.16001197522975963,0.17165991902834005,0.2625506072874494,-0.011647943798580418,0.590852286928268,False,0.7155877697242357,0.737950622638458
2026_min_sas_api_20261005,203944,Julius Randle,MIN,4,5,1,76,70,0.30161075948175564,0.17781954887218043,0.26468045112781946,0.12379121060957521,0.012246938265433641,False,0.051342933497394876,0.07283705389442113
2026_min_sas_api_20261005,203944,Julius Randle,MIN,5,6,1,70,51,0.2108311694126074,0.1861344537815126,0.2862745098039215,0.024696715631094796,0.3346663334166458,False,0.4737484460053817,0.5364155415046947
2026_min_sas_api_20261005,1628368,De'Aaron Fox,SAS,1,2,1,61,53,0.357115182376709,0.2103309619548407,0.3096504794308691,0.14678422042186828,0.010997250687328168,False,0.04903774056485879,0.06869904145585226
2026_min_sas_api_20261005,1628368,De'Aaron Fox,SAS,2,3,1,53,78,0.33185111274998913,0.1942428640541848,0.2929487179487179,0.13760824869580432,0.011247188202949263,False,0.04903774056485879,0.06869904145585226
2026_min_sas_api_20261005,1628368,De'Aaron Fox,SAS,3,4,1,78,74,0.21607937489498727,0.15003465003465,0.23665973665973664,0.06604472486033727,0.10522369407648088,False,0.21441398909531875,0.27439101763020785
2026_min_sas_api_20261005,1628368,De'Aaron Fox,SAS,4,5,1,74,68,0.23172646999127045,0.1573926868044515,0.25119236883942764,0.07433378318681894,0.09047738065483629,False,0.20545905190369074,0.25143104467785493
2026_min_sas_api_20261005,1628368,De'Aaron Fox,SAS,5,6,1,68,54,0.23150015020175757,0.17647058823529413,0.2761710239651415,0.05502956196646344,0.16970757310672333,False,0.29362103918464827,0.3651090381978638
2026_min_sas_api_20261005,1628436,Luke Kornet,SAS,1,2,1,15,30,0.2525704472013196,0.2666666666666666,0.4,-0.014096219465347004,0.5101224693826544,True,0.6327849855717889,0.6725658391227436
2026_min_sas_api_20261005,1628436,Luke Kornet,SAS,2,3,1,30,26,0.2604682604682604,0.20769230769230768,0.3282051282051282,0.052775952775952706,0.22319420144963759,False,0.3475452565430071,0.43609702761629476
2026_min_sas_api_20261005,1628436,Luke Kornet,SAS,3,4,1,26,54,0.22054737921896586,0.1752136752136752,0.2792022792022792,0.04533370400529066,0.20744813796550862,False,0.3325271623270653,0.41612377970596104
2026_min_sas_api_20261005,1628436,Luke Kornet,SAS,4,5,1,54,24,0.3456977875218083,0.19907407407407407,0.3148148148148148,0.14662371344773423,0.022994251437140716,False,0.08354578022161127,0.10678152379713292
2026_min_sas_api_20261005,1628436,Luke Kornet,SAS,5,6,1,24,33,0.19727211821663776,0.28787878787878785,0.428030303030303,-0.09060666966215009,0.8915271182204448,True,0.9167590177927216,0.9290235044925406
2026_min_sas_api_20261005,1629162,Jordan McLaughlin,SAS,2,5,3,20,7,0.34030636345232473,0.2785714285714286,0.5,0.06173493488089615,0.30867283179205196,True,0.44860451553778213,0.5100221295041203
2026_min_sas_api_20261005,1629162,Jordan McLaughlin,SAS,5,6,1,7,15,0.33469085523880043,0.3047619047619048,0.5333333333333333,0.029928950476895644,0.35291177205698576,True,0.48084228942764307,0.5551605138158615
2026_min_sas_api_20261005,1629640,Keldon Johnson,SAS,1,2,1,45,43,0.2459446663098522,0.2098191214470284,0.32403100775193794,0.036125544862823794,0.30692326918270435,False,0.44860451553778213,0.5087872286207177
2026_min_sas_api_20261005,1629640,Keldon Johnson,SAS,2,3,1,43,40,0.38161408193380647,0.1994186046511628,0.31401162790697645,0.18219547728264368,0.007498125468632842,False,0.040216136442079956,0.051350798663970375
2026_min_sas_api_20261005,1629640,Keldon Johnson,SAS,3,4,1,40,37,0.21699409814859733,0.1804054054054054,0.2905405405405405,0.03658869274319193,0.2781804548862784,False,0.41536533674800474,0.48823065551441597
2026_min_sas_api_20261005,1629640,Keldon Johnson,SAS,4,5,1,37,40,0.34461833280102205,0.23040540540540538,0.3527027027027027,0.11421292739561667,0.05973506623344164,False,0.15142144696384044,0.20250187453136714
2026_min_sas_api_20261005,1629640,Keldon Johnson,SAS,5,6,1,40,21,0.4444564021619554,0.2714285714285714,0.41202380952380896,0.173027830733384,0.02274431392151962,True,0.08354578022161127,0.10634927475027794
2026_min_sas_api_20261005,1629675,Naz Reid,MIN,1,2,1,53,45,0.1821502677584086,0.22054507337526205,0.3283018867924528,-0.03839480561685346,0.7490627343164209,False,0.8164783804048987,0.8450325022737659
2026_min_sas_api_20261005,1629675,Naz Reid,MIN,2,3,1,45,62,0.1984826078570051,0.210752688172043,0.3179390681003583,-0.012270080315037901,0.599100224943764,False,0.7176035661414316,0.7385271863852219
2026_min_sas_api_20261005,1629675,Naz Reid,MIN,3,4,1,62,62,0.26047112272840434,0.1935483870967742,0.29032258064516125,0.06692273563163015,0.1042239440139965,False,0.21441398909531875,0.27389082961817685
2026_min_sas_api_20261005,1629675,Naz Reid,MIN,4,5,1,62,62,0.3821471267210817,0.1935483870967742,0.29032258064516125,0.1885987396243075,0.0012496875781054736,False,0.015135105112610736,0.015986569395387003
2026_min_sas_api_20261005,1629675,Naz Reid,MIN,5,6,1,62,67,0.34130014546011334,0.19860375541646608,0.292284545016851,0.14269639004364726,0.008747813046738315,False,0.04334143736793074,0.058147227898907625
2026_min_sas_api_20261005,1630162,Anthony Edwards,MIN,1,2,1,49,56,0.3078000116679307,0.21173469387755103,0.3113520408163259,0.09606531779037966,0.056735816045988506,False,0.14724295116697017,0.19726606809836006
2026_min_sas_api_20261005,1630162,Anthony Edwards,MIN,2,3,1,56,95,0.40269093031871306,0.17556390977443612,0.26203007518796995,0.22712702054427694,0.0004998750312421895,False,0.013621594601349664,0.00941431308839457
2026_min_sas_api_20261005,1630162,Anthony Edwards,MIN,3,4,1,95,84,0.3099328352690663,0.14498746867167916,0.22645989974937336,0.16494536659738712,0.0012496875781054736,False,0.015135105112610736,0.015986569395387003
2026_min_sas_api_20261005,1630162,Anthony Edwards,MIN,4,5,1,84,84,0.3661892480302588,0.15476190476190474,0.23809523809523808,0.21142734326835408,0.00024993751562109475,False,0.009081063067566442,0.006052058413967937
2026_min_sas_api_20261005,1630162,Anthony Edwards,MIN,5,6,1,84,84,0.23872867760021316,0.15476190476190477,0.2380952380952381,0.08396677283830839,0.042989252686828294,False,0.12664401467200767,0.16847811168595134
2026_min_sas_api_20261005,1630170,Devin Vassell,SAS,1,2,1,65,51,0.17885702612906518,0.19517345399698344,0.2959276018099547,-0.01631642786791826,0.6230942264433892,False,0.7302932331433271,0.751742915334996
2026_min_sas_api_20261005,1630170,Devin Vassell,SAS,2,3,1,51,73,0.45015977789662953,0.19124362073596565,0.2855761482675259,0.25891615716066385,0.00024993751562109475,False,0.009081063067566442,0.006052058413967937
2026_min_sas_api_20261005,1630170,Devin Vassell,SAS,3,4,1,73,70,0.19764240183950865,0.15675146771037185,0.24621330724070434,0.0408909341291368,0.21194701324668833,False,0.33481484701288444,0.4224017309455627
2026_min_sas_api_20261005,1630170,Devin Vassell,SAS,4,5,1,70,62,0.2514879934323048,0.16221198156682026,0.25391705069124426,0.08927601186548456,0.055236190952261933,False,0.1468474344828427,0.19579820070889015
2026_min_sas_api_20261005,1630170,Devin Vassell,SAS,5,6,1,62,60,0.3277663131288894,0.17795698924731182,0.2768817204301075,0.14980932388157756,0.005998500374906273,False,0.0384609729920461,0.04420633971941797
2026_min_sas_api_20261005,1630183,Jaden McDaniels,MIN,1,2,1,70,40,0.20001424602891943,0.1964285714285714,0.3,0.003585674600348032,0.4496375906023494,False,0.5749580046848752,0.6280719347883768
2026_min_sas_api_20261005,1630183,Jaden McDaniels,MIN,2,3,1,40,82,0.21933393339333931,0.19573170731707318,0.3,0.023602226076266136,0.34716320919770055,False,0.48084228942764307,0.5503413866159629
2026_min_sas_api_20261005,1630183,Jaden McDaniels,MIN,3,4,1,82,80,0.31984281719942564,0.17103658536585367,0.2564024390243902,0.14880623183357197,0.0029992501874531365,False,0.023351305030885134,0.029470893146278643
2026_min_sas_api_20261005,1630183,Jaden McDaniels,MIN,4,5,1,80,56,0.2004974099759578,0.19107142857142856,0.2857142857142857,0.009425981404529243,0.4236440889777556,False,0.5563518758864501,0.6111291326104644
2026_min_sas_api_20261005,1630183,Jaden McDaniels,MIN,5,6,1,56,51,0.26224797981388737,0.2027310924369748,0.30777310924369744,0.059516887376912575,0.16970757310672333,False,0.29362103918464827,0.3651090381978638
2026_min_sas_api_20261005,1630245,Ayo Dosunmu,MIN,2,3,1,22,66,0.1821826433778022,0.22727272727272727,0.3484848484848485,-0.045090083894925054,0.7133216695826043,False,0.8046570831518925,0.816139978496101
2026_min_sas_api_20261005,1630245,Ayo Dosunmu,MIN,3,4,1,66,56,0.12983278218842464,0.16883116883116883,0.26515151515151514,-0.03899838664274419,0.8052986753311672,False,0.8605642706970317,0.8834830127419601
2026_min_sas_api_20261005,1630245,Ayo Dosunmu,MIN,4,5,1,56,65,0.2608643879732619,0.18365384615384614,0.28520604395604376,0.07721054181941575,0.09372656835791052,False,0.20849379491861725,0.2552072825167202
2026_min_sas_api_20261005,1630245,Ayo Dosunmu,MIN,5,6,1,65,50,0.08179054734567567,0.19076923076923077,0.28769230769230775,-0.1089786834235551,0.9940014996250938,False,0.9940014996250939,0.9969423324642213
2026_min_sas_api_20261005,1630322,Lindy Waters III,SAS,2,5,3,17,5,0.6118421052631577,0.411764705882353,0.6823529411764706,0.20007739938080477,0.10622344413896526,True,0.21441398909531875,0.2748835691840399
2026_min_sas_api_20261005,1630322,Lindy Waters III,SAS,5,6,1,5,15,0.48252237136465326,0.33333333333333337,0.6000000000000001,0.1491890380313199,0.1799550112471882,True,0.30554284505796625,0.38009189291462186
2026_min_sas_api_20261005,1630538,Bones Hyland,MIN,1,2,1,25,26,0.3374384236453202,0.26,0.4123076923076924,0.07743842364532016,0.18220444888777806,True,0.30554284505796625,0.3824601125260481
2026_min_sas_api_20261005,1630538,Bones Hyland,MIN,2,5,3,26,7,0.8443486590038312,0.3956043956043956,0.6263736263736263,0.4487442633994356,0.000999750062484379,True,0.015135105112610736,0.014421926433285298
2026_min_sas_api_20261005,1630538,Bones Hyland,MIN,5,6,1,7,16,0.4968553459119497,0.3571428571428571,0.5625,0.1397124887690926,0.137215696075981,True,0.24742175111959716,0.311144621871288
2026_min_sas_api_20261005,1630545,Terrence Shannon Jr,MIN,1,2,1,68,51,0.16905872364181954,0.20098039215686272,0.29901960784313725,-0.03192166851504319,0.7160709822544364,False,0.8046570831518925,0.8173335454015285
2026_min_sas_api_20261005,1630545,Terrence Shannon Jr,MIN,2,3,1,51,54,0.1785091669814336,0.2091503267973856,0.31590413943355117,-0.030641159815952,0.7025743564108973,False,0.8046570831518925,0.8128761325027104
2026_min_sas_api_20261005,1630545,Terrence Shannon Jr,MIN,3,4,1,54,42,0.4297926550694078,0.2142857142857143,0.328042328042328,0.21550694078369348,0.001999500124968758,False,0.018162126135132885,0.022977306520827422
2026_min_sas_api_20261005,1630545,Terrence Shannon Jr,MIN,4,5,1,42,35,0.3282889426957223,0.23333333333333334,0.3571428571428571,0.09495560936238895,0.09997500624843789,False,0.2136720721780339,0.26581589896643487
2026_min_sas_api_20261005,1630545,Terrence Shannon Jr,MIN,5,6,1,35,48,0.30552115400493013,0.23035714285714282,0.3446726190476189,0.07516401114778731,0.1327168207948013,False,0.24518870282429392,0.3060612397920928
2026_min_sas_api_20261005,1630577,Julian Champagnie,SAS,1,2,1,55,47,0.17698354212724152,0.2077369439071567,0.3114119922630561,-0.030753401779915174,0.7123219195201199,False,0.8046570831518925,0.816139978496101
2026_min_sas_api_20261005,1630577,Julian Champagnie,SAS,2,3,1,47,57,0.4133850644901849,0.21724524076147814,0.322508398656215,0.19613982372870678,0.001999500124968758,False,0.018162126135132885,0.022977306520827422
2026_min_sas_api_20261005,1630577,Julian Champagnie,SAS,3,4,1,57,59,0.1909633800796241,0.18673803151947665,0.2840023788284268,0.004225348560147446,0.4536365908522869,False,0.5749580046848752,0.6289685247399807
2026_min_sas_api_20261005,1630577,Julian Champagnie,SAS,4,5,1,59,52,0.23125296630280012,0.19361147327249023,0.29791395045632335,0.03764149303030989,0.26343414146463384,False,0.3988100197172929,0.4792970658139754
2026_min_sas_api_20261005,1630577,Julian Champagnie,SAS,5,6,1,52,51,0.31545827633378937,0.20475113122171945,0.3035633484162895,0.11070714511206992,0.04648837790552362,False,0.132723229449048,0.17707370910081469
2026_min_sas_api_20261005,1641705,Victor Wembanyama,SAS,1,2,1,75,60,0.2308161160253806,0.16999999999999993,0.26,0.06081611602538067,0.12496875781054737,False,0.24324276073838685,0.2993951158853396
2026_min_sas_api_20261005,1641705,Victor Wembanyama,SAS,2,3,1,60,82,0.27244505203883174,0.16463414634146345,0.2544918699186991,0.10781090569736829,0.027243189202699324,False,0.09411283542750676,0.12313921519620095
2026_min_sas_api_20261005,1641705,Victor Wembanyama,SAS,3,4,1,82,27,0.13070083969046706,0.2009936766034327,0.3143631436314363,-0.07029283691296564,0.8712821794551362,False,0.9044738815296176,0.9185284822534706
2026_min_sas_api_20261005,1641705,Victor Wembanyama,SAS,4,5,1,27,63,0.20868838763575606,0.21164021164021163,0.328042328042328,-0.0029518240044555666,0.5108722819295176,False,0.6327849855717889,0.6725658391227436
2026_min_sas_api_20261005,1641705,Victor Wembanyama,SAS,5,6,1,63,61,0.12926292629262925,0.16419463960447567,0.2641165755919854,-0.03493171331184641,0.7778055486128468,False,0.8394139088990129,0.8667660671039136
2026_min_sas_api_20261005,1641740,Jaylen Clark,MIN,1,2,1,15,29,0.7440213392200147,0.3540229885057471,0.5218390804597701,0.3899983507142676,0.00024993751562109475,True,0.009081063067566442,0.006052058413967937
2026_min_sas_api_20261005,1641740,Jaylen Clark,MIN,2,5,3,29,8,0.703525641025641,0.4137931034482758,0.6120689655172413,0.28973253757736517,0.007248187953011747,True,0.040216136442079956,0.050145626858591474
2026_min_sas_api_20261005,1641740,Jaylen Clark,MIN,5,6,1,8,16,0.6794871794871794,0.375,0.625,0.3044871794871794,0.0284928767808048,True,0.09411283542750676,0.12709322669332668
2026_min_sas_api_20261005,1641763,Julian Phillips,MIN,2,5,3,20,8,0.5448979591836733,0.375,0.6000000000000001,0.16989795918367334,0.1184703824043989,True,0.23478675785599057,0.29154001822125114
2026_min_sas_api_20261005,1641763,Julian Phillips,MIN,5,6,1,8,14,0.676056338028169,0.4464285714285714,0.6607142857142857,0.2296277665995976,0.03949012746813297,True,0.11956733038962482,0.16226852377814638
2026_min_sas_api_20261005,1642264,Stephon Castle,SAS,1,2,1,47,53,0.1859474635956981,0.2039341629867523,0.31031714171015656,-0.017986699391054184,0.6063484128967758,False,0.7183910544103105,0.7407283314306559
2026_min_sas_api_20261005,1642264,Stephon Castle,SAS,2,3,1,53,84,0.32273744860371567,0.1830637915543576,0.2765049415992812,0.13967365704935808,0.011247188202949263,False,0.04903774056485879,0.06869904145585226
2026_min_sas_api_20261005,1642264,Stephon Castle,SAS,3,4,1,84,75,0.1749299580144027,0.1523809523809524,0.23714285714285713,0.022549005633450303,0.32391902024493874,False,0.46456806850918847,0.5216558093255783
2026_min_sas_api_20261005,1642264,Stephon Castle,SAS,4,5,1,75,53,0.32868385918066195,0.1748427672955975,0.2714465408805032,0.15384109188506445,0.005248687828042989,False,0.03575668582854286,0.042874823462809
2026_min_sas_api_20261005,1642264,Stephon Castle,SAS,5,6,1,53,65,0.32103133023984154,0.1849056603773585,0.2841799709724238,0.13612566986248303,0.012996750812296926,False,0.05246836439038388,0.07662432218032449
2026_min_sas_api_20261005,1642844,Dylan Harper,SAS,1,2,1,54,51,0.29325184619302264,0.2222222222222222,0.32788671023965144,0.07102962397080043,0.1282179455136216,False,0.243309862189625,0.3034885877833678
2026_min_sas_api_20261005,1642844,Dylan Harper,SAS,2,3,1,51,40,0.32206502854306285,0.2274509803921569,0.3382352941176471,0.09461404815090596,0.07473131717070733,False,0.18512985390016132,0.23003298949018403
2026_min_sas_api_20261005,1642844,Dylan Harper,SAS,3,4,1,40,58,0.29726279346532514,0.20344827586206896,0.3146982758620688,0.09381451760325618,0.07648087978005498,False,0.18525368657835542,0.23357674094989764
2026_min_sas_api_20261005,1642844,Dylan Harper,SAS,4,5,1,58,49,0.3833071690214548,0.1984517945109078,0.30049261083743845,0.18485537451054698,0.0024993751562109472,False,0.020956299386691787,0.027779940260836432
2026_min_sas_api_20261005,1642844,Dylan Harper,SAS,5,6,1,49,56,0.1576530612244898,0.19132653061224492,0.2959183673469388,-0.03367346938775512,0.7475631092226943,False,0.8164783804048987,0.8447463134216445
2026_min_sas_api_20261005,1642866,Joan Beringer,MIN,2,5,3,18,8,0.566871609403255,0.3888888888888889,0.5972222222222223,0.1779827205143661,0.0902274431392152,True,0.20545905190369074,0.25143104467785493
2026_min_sas_api_20261005,1642866,Joan Beringer,MIN,5,6,1,8,20,0.4866102665224859,0.39999999999999997,0.6,0.08661026652248593,0.20594851287178206,True,0.3325271623270653,0.41434151847794726
2026_min_sas_api_20261005,1642868,Carter Bryant,SAS,2,3,1,33,14,0.6343526625216765,0.40259740259740256,0.5627705627705627,0.23175525992427398,0.007748062984253936,True,0.040216136442079956,0.05201174953786306
2026_min_sas_api_20261005,1642868,Carter Bryant,SAS,3,4,1,14,23,0.4330528626303274,0.3198757763975155,0.49378881987577633,0.11317708623281186,0.13846538365408648,True,0.24742175111959716,0.3118921266361151
2026_min_sas_api_20261005,1642868,Carter Bryant,SAS,4,5,1,23,28,0.498729531338227,0.3027950310559006,0.45341614906832295,0.1959345002823264,0.019745063734066485,True,0.07686471239333025,0.09975165783022329
2026_min_sas_api_20261005,1642868,Carter Bryant,SAS,5,6,1,28,28,0.5230285213265253,0.25,0.39285714285714285,0.27302852132652533,0.0017495626093476631,True,0.018162126135132885,0.021182204448887777
2026_nyk_sas_api_20261005,203084,Harrison Barnes,SAS,1,2,1,24,10,0.7074683544303796,0.4,0.5833333333333334,0.30746835443037956,0.003999000249937516,True,0.060943097558943594,0.03615096225943515
2026_nyk_sas_api_20261005,203903,Jordan Clarkson,NYK,1,3,2,12,25,0.8044611215342923,0.34,0.5166666666666667,0.46446112153429225,0.00024993751562109475,True,0.019245188702824295,0.006052058413967937
2026_nyk_sas_api_20261005,203903,Jordan Clarkson,NYK,3,4,1,25,7,0.278910326416697,0.4171428571428571,0.6171428571428571,-0.1382325307261601,0.8935266183454137,True,0.9840706490044157,0.929158047911335
2026_nyk_sas_api_20261005,203903,Jordan Clarkson,NYK,4,5,1,7,12,0.3521090201168073,0.41666666666666663,0.6666666666666666,-0.06455764654985935,0.6683329167708073,True,0.9254000059307207,0.7880516827314911
2026_nyk_sas_api_20261005,1626157,Karl-Anthony Towns,NYK,1,2,1,67,66,0.1797919222207078,0.175033921302578,0.2763455450022614,0.004758000918129807,0.4688827793051737,False,0.7951948183166974,0.6383584826684895
2026_nyk_sas_api_20261005,1626157,Karl-Anthony Towns,NYK,2,3,1,66,69,0.25932061136142764,0.17918313570487487,0.2714097496706192,0.08013747565655277,0.07198200449887528,False,0.40002499375156214,0.22805513574877306
2026_nyk_sas_api_20261005,1626157,Karl-Anthony Towns,NYK,3,4,1,69,44,0.16869328790906413,0.20191040843214755,0.3073122529644269,-0.03321712052308343,0.7233191702074482,False,0.9281859862903127,0.8242191552952098
2026_nyk_sas_api_20261005,1626157,Karl-Anthony Towns,NYK,4,5,1,44,38,0.20195534802276377,0.22607655502392343,0.34330143540669855,-0.02412120700115966,0.6485878530367408,False,0.9254000059307207,0.7704238563826643
2026_nyk_sas_api_20261005,1628368,De'Aaron Fox,SAS,1,2,1,73,62,0.2931401694990461,0.18824569155987625,0.2784025629695095,0.10489447793916984,0.030242439390152462,False,0.21869532616845788,0.13314528510729462
2026_nyk_sas_api_20261005,1628368,De'Aaron Fox,SAS,2,3,1,62,65,0.20316616134002685,0.18883374689826302,0.2861166253101737,0.014332414441763835,0.3974006498375406,False,0.7632360202632269,0.585734001282288
2026_nyk_sas_api_20261005,1628368,De'Aaron Fox,SAS,3,4,1,65,60,0.1950920498744364,0.19358974358974357,0.291025641025641,0.0015023062846928337,0.485378655336166,False,0.7951948183166974,0.6490862491477722
2026_nyk_sas_api_20261005,1628368,De'Aaron Fox,SAS,4,5,1,60,67,0.22423778083241322,0.1880597014925373,0.28457711442786066,0.03617807933987591,0.26193451637090726,False,0.7098078421571078,0.4792970658139754
2026_nyk_sas_api_20261005,1628384,OG Anunoby,NYK,1,2,1,57,72,0.21954394040782113,0.18494152046783624,0.2799707602339181,0.03460241993998489,0.2601849537615596,False,0.7098078421571078,0.4792970658139754
2026_nyk_sas_api_20261005,1628384,OG Anunoby,NYK,2,3,1,72,70,0.20813508667065153,0.178968253968254,0.26825396825396824,0.029166832702397533,0.2899275181204699,False,0.7098078421571078,0.49142714321419645
2026_nyk_sas_api_20261005,1628384,OG Anunoby,NYK,3,4,1,70,79,0.19897491821155944,0.16835443037974684,0.2582278481012658,0.030620487831812593,0.2666833291677081,False,0.7098078421571078,0.4796816668848661
2026_nyk_sas_api_20261005,1628384,OG Anunoby,NYK,4,5,1,79,59,0.1830004883439998,0.17549881999570907,0.26861188586140305,0.007501668348290719,0.4506373406648338,False,0.7951948183166974,0.6280719347883768
2026_nyk_sas_api_20261005,1628404,Josh Hart,NYK,1,2,1,54,35,0.12866091078381584,0.22275132275132276,0.33394179894179854,-0.09409041196750692,0.9475131217195701,False,0.9840706490044157,0.9660359346253663
2026_nyk_sas_api_20261005,1628404,Josh Hart,NYK,2,3,1,35,60,0.22920454545454544,0.22142857142857142,0.33571428571428574,0.0077759740259740195,0.45113721569607595,False,0.7951948183166974,0.6280719347883768
2026_nyk_sas_api_20261005,1628404,Josh Hart,NYK,3,4,1,60,58,0.1569844020797227,0.18333333333333332,0.285632183908046,-0.026348931253610625,0.6765808547863035,False,0.9254000059307207,0.7922656641539098
2026_nyk_sas_api_20261005,1628404,Josh Hart,NYK,4,5,1,58,69,0.17861502524301107,0.1831584207896052,0.2756121939030485,-0.004543395546594137,0.5358660334916271,False,0.8596184287261518,0.692032706109187
2026_nyk_sas_api_20261005,1628436,Luke Kornet,SAS,1,2,1,21,14,0.205607476635514,0.2857142857142857,0.47619047619047616,-0.08010680907877168,0.8200449887528118,True,0.9493335621318552,0.894888637391214
2026_nyk_sas_api_20261005,1628436,Luke Kornet,SAS,2,3,1,14,20,0.35722124670763816,0.29285714285714287,0.4857142857142857,0.06436410385049529,0.2614346413396651,True,0.7098078421571078,0.4792970658139754
2026_nyk_sas_api_20261005,1628436,Luke Kornet,SAS,3,4,1,20,7,0.2742171495463856,0.37142857142857144,0.6,-0.09721142188218584,0.818045488627843,True,0.9493335621318552,0.8945723246607702
2026_nyk_sas_api_20261005,1628436,Luke Kornet,SAS,4,5,1,7,27,0.3946886446886447,0.38095238095238093,0.5978835978835979,0.013736263736263743,0.47663084228942765,True,0.7951948183166974,0.6419966154706382
2026_nyk_sas_api_20261005,1628969,Mikal Bridges,NYK,1,2,1,50,76,0.12448766674118783,0.18894736842105264,0.2905263157894737,-0.06445970167986481,0.9085228692826793,False,0.9840706490044157,0.9404251990437505
2026_nyk_sas_api_20261005,1628969,Mikal Bridges,NYK,2,3,1,76,52,0.1923834133136459,0.18724696356275303,0.2844129554655871,0.005136449750892863,0.4573856535866033,False,0.7951948183166974,0.6328723941463613
2026_nyk_sas_api_20261005,1628969,Mikal Bridges,NYK,3,4,1,52,53,0.23088243865477653,0.19793178519593613,0.29571843251088537,0.032950653458840407,0.2741814546363409,False,0.7098078421571078,0.4841016308422894
2026_nyk_sas_api_20261005,1628969,Mikal Bridges,NYK,4,5,1,53,64,0.25544092790114825,0.18838443396226415,0.28862028301886794,0.0670564939388841,0.12421894526368409,False,0.5626387520766867,0.298654059889283
2026_nyk_sas_api_20261005,1628973,Jalen Brunson,NYK,1,2,1,73,76,0.14196808049267062,0.16744772891131937,0.25414563806777213,-0.025479648418648748,0.7023244188952762,False,0.9254000059307207,0.8128761325027104
2026_nyk_sas_api_20261005,1628973,Jalen Brunson,NYK,2,3,1,76,68,0.22470868438610372,0.16176470588235298,0.2523606811145509,0.06294397850375075,0.11872031992002,False,0.5626387520766867,0.29154001822125114
2026_nyk_sas_api_20261005,1628973,Jalen Brunson,NYK,3,4,1,68,86,0.20240550762361398,0.16073871409028728,0.2486320109439124,0.041666793533326696,0.2034491377155711,False,0.7098078421571078,0.41053129574749175
2026_nyk_sas_api_20261005,1628973,Jalen Brunson,NYK,4,5,1,86,76,0.19044070312559166,0.1597307221542228,0.24787331701346382,0.030709980971368872,0.26718320419895025,False,0.7098078421571078,0.4796816668848661
2026_nyk_sas_api_20261005,1629011,Mitchell Robinson,NYK,1,2,1,25,25,0.27192019324277694,0.24,0.4,0.03192019324277695,0.40639840039990005,False,0.7632360202632269,0.5951147202400264
2026_nyk_sas_api_20261005,1629011,Mitchell Robinson,NYK,2,3,1,25,14,0.08931919381298332,0.3,0.4742857142857143,-0.21068080618701668,0.9982504373906523,True,0.9982504373906524,0.9982504373906524
2026_nyk_sas_api_20261005,1629011,Mitchell Robinson,NYK,3,4,1,14,26,0.28143242029636284,0.2472527472527473,0.42307692307692313,0.03417967304361555,0.3501624593851537,False,0.7287164695312658,0.5521166220072888
2026_nyk_sas_api_20261005,1629011,Mitchell Robinson,NYK,4,5,1,26,42,0.22571294829324495,0.19780219780219782,0.32417582417582413,0.02791075049104713,0.3459135216195951,False,0.7287164695312658,0.5503413866159629
2026_nyk_sas_api_20261005,1629013,Landry Shamet,NYK,1,2,1,65,55,0.18360451676002487,0.1916083916083916,0.2895104895104895,-0.008003874848366732,0.5508622844288927,False,0.8656407326739743,0.7086410215627912
2026_nyk_sas_api_20261005,1629013,Landry Shamet,NYK,2,3,1,55,42,0.39233954451345754,0.2082251082251082,0.31991341991341987,0.18411443628834934,0.0047488127968008,False,0.060943097558943594,0.04024618845288678
2026_nyk_sas_api_20261005,1629013,Landry Shamet,NYK,3,4,1,42,37,0.26078167115902967,0.2216859716859717,0.34684684684684686,0.039095699473057965,0.29117720569857536,False,0.7098078421571078,0.4923145772160451
2026_nyk_sas_api_20261005,1629013,Landry Shamet,NYK,4,5,1,37,23,0.1919590678148033,0.2679200940070505,0.4101057579318449,-0.07596102619224723,0.8485378655336165,True,0.9608443477365952,0.9082287787674533
2026_nyk_sas_api_20261005,1629640,Keldon Johnson,SAS,1,2,1,14,28,0.37660427807486635,0.3214285714285714,0.4642857142857143,0.05517570664629495,0.26743314171457133,True,0.7098078421571078,0.4796816668848661
2026_nyk_sas_api_20261005,1629640,Keldon Johnson,SAS,2,3,1,28,33,0.27046683046683045,0.23809523809523808,0.38095238095238093,0.03237159237159237,0.33366658335416144,False,0.7287164695312658,0.5360804348675864
2026_nyk_sas_api_20261005,1629640,Keldon Johnson,SAS,3,4,1,33,27,0.2878498936893097,0.24579124579124578,0.3872053872053872,0.042058647898063906,0.3091727068232942,False,0.7098078421571078,0.5100221295041203
2026_nyk_sas_api_20261005,1629640,Keldon Johnson,SAS,4,5,1,27,28,0.15140771637122005,0.2671957671957672,0.38756613756613756,-0.11578805082454716,0.9347663084228943,True,0.9840706490044157,0.9588071968392169
2026_nyk_sas_api_20261005,1630170,Devin Vassell,SAS,1,2,1,64,69,0.1344968221059842,0.17821557971014493,0.270606884057971,-0.04371875760416072,0.8237940514871283,False,0.9493335621318552,0.8950839213273605
2026_nyk_sas_api_20261005,1630170,Devin Vassell,SAS,2,3,1,69,72,0.4043854733965146,0.1739130434782609,0.26509661835748793,0.2304724299182537,0.0004998750312421895,False,0.019245188702824295,0.00941431308839457
2026_nyk_sas_api_20261005,1630170,Devin Vassell,SAS,3,4,1,72,67,0.268708264252275,0.1824212271973466,0.2750829187396351,0.0862870370549284,0.05898525368657836,False,0.37848871115554444,0.20197980807828347
2026_nyk_sas_api_20261005,1630170,Devin Vassell,SAS,4,5,1,67,70,0.3287470550439067,0.18528784648187635,0.2748400852878465,0.14345920856203037,0.005998500374906273,False,0.065983504123969,0.04420633971941797
2026_nyk_sas_api_20261005,1630540,Miles McBride,NYK,1,2,1,40,34,0.32991427726869643,0.23823529411764707,0.3602941176470588,0.09167898315104936,0.10722319420144964,False,0.5504123969007748,0.27631711475116294
2026_nyk_sas_api_20261005,1630540,Miles McBride,NYK,2,3,1,34,14,0.16979390296264482,0.2899159663865546,0.46218487394957986,-0.12012206342390977,0.9375156210947263,True,0.9840706490044157,0.9601746089157469
2026_nyk_sas_api_20261005,1630540,Miles McBride,NYK,3,4,1,14,14,0.2855642493304626,0.3571428571428571,0.5714285714285713,-0.0715786078123945,0.7873031742064484,True,0.9493335621318552,0.8750681182163476
2026_nyk_sas_api_20261005,1630540,Miles McBride,NYK,4,5,1,14,23,0.2796762589928058,0.33850931677018636,0.5124223602484472,-0.05883305777738057,0.7353161709572607,True,0.9281859862903127,0.8350826866147784
2026_nyk_sas_api_20261005,1630574,Ariel Hukporti,NYK,4,5,1,7,4,0.37787701820680175,0.49999999999999994,0.75,-0.1221229817931982,0.7038240439890028,True,0.9254000059307207,0.8129347560895125
2026_nyk_sas_api_20261005,1630577,Julian Champagnie,SAS,1,2,1,59,66,0.19670945301197396,0.17167437082691317,0.2668335901386748,0.025035082185060786,0.3119220194951262,False,0.7098078421571078,0.5120656881784397
2026_nyk_sas_api_20261005,1630577,Julian Champagnie,SAS,2,3,1,66,54,0.3029459424604843,0.18855218855218855,0.2895622895622896,0.11439375390829573,0.03124218945263684,False,0.21869532616845788,0.13578336185184472
2026_nyk_sas_api_20261005,1630577,Julian Champagnie,SAS,3,4,1,54,55,0.21207100910511284,0.18855218855218853,0.2841919191919191,0.023518820552924313,0.3134216445888528,False,0.7098078421571078,0.5132847222976865
2026_nyk_sas_api_20261005,1630577,Julian Champagnie,SAS,4,5,1,55,58,0.15700483091787443,0.18197492163009402,0.2811912225705329,-0.02497009071221959,0.7083229192701824,False,0.9254000059307207,0.8148327324948423
2026_nyk_sas_api_20261005,1630631,Jose Alvarado,NYK,1,2,1,18,18,0.27069020866773674,0.2777777777777778,0.5,-0.007087569110041048,0.7090727318170458,True,0.9254000059307207,0.8148327324948423
2026_nyk_sas_api_20261005,1630631,Jose Alvarado,NYK,2,3,1,18,21,0.14190476190476192,0.30952380952380953,0.47619047619047616,-0.1676190476190476,0.9840039990002499,True,0.996951420039727,0.9883773501069176
2026_nyk_sas_api_20261005,1630631,Jose Alvarado,NYK,3,4,1,21,24,0.2720462243474796,0.2976190476190476,0.45238095238095233,-0.025572823271568013,0.6238440389902524,True,0.9254000059307207,0.751742915334996
2026_nyk_sas_api_20261005,1630631,Jose Alvarado,NYK,4,5,1,24,18,0.4959538369580211,0.2916666666666667,0.45833333333333337,0.2042871702913544,0.019995001249687578,True,0.17106834402510485,0.09975165783022329
2026_nyk_sas_api_20261005,1641705,Victor Wembanyama,SAS,1,2,1,72,78,0.08351897475872574,0.14957264957264954,0.2329059829059829,-0.0660536748139238,0.9585103724068983,False,0.9840706490044157,0.9714051307800853
2026_nyk_sas_api_20261005,1641705,Victor Wembanyama,SAS,2,3,1,78,75,0.13103136231277987,0.1471794871794872,0.23282051282051286,-0.01614812486670733,0.6610847288177956,False,0.9254000059307207,0.7835934373050094
2026_nyk_sas_api_20261005,1641705,Victor Wembanyama,SAS,3,4,1,75,72,0.32238749271588635,0.17388888888888887,0.2583333333333333,0.14849860382699748,0.0029992501874531365,False,0.060943097558943594,0.029470893146278643
2026_nyk_sas_api_20261005,1641705,Victor Wembanyama,SAS,4,5,1,72,70,0.21713571669954332,0.17936507936507937,0.26865079365079364,0.03777063733446395,0.22844288927768058,False,0.7098078421571078,0.44379449550219896
2026_nyk_sas_api_20261005,1642264,Stephon Castle,SAS,1,2,1,60,50,0.12304247604076543,0.19666666666666663,0.29349999999999915,-0.0736241906259012,0.9270182454386403,False,0.9840706490044157,0.95374563036024
2026_nyk_sas_api_20261005,1642264,Stephon Castle,SAS,2,3,1,50,76,0.19895422708136914,0.1805263157894737,0.27736842105263154,0.018427911291895444,0.3686578355411147,False,0.7470171930701535,0.5642212471712771
2026_nyk_sas_api_20261005,1642264,Stephon Castle,SAS,3,4,1,76,44,0.17302443706875537,0.18301435406698563,0.28349282296650713,-0.009989916998230264,0.5658585353661585,False,0.8714221444638841,0.7201154683186614
2026_nyk_sas_api_20261005,1642264,Stephon Castle,SAS,4,5,1,44,60,0.21580206110544686,0.18333333333333335,0.28939393939393937,0.032468727772113515,0.2889277680579855,False,0.7098078421571078,0.49095996677522347
2026_nyk_sas_api_20261005,1642844,Dylan Harper,SAS,1,2,1,55,67,0.2801364484146461,0.19565807327001355,0.2930800542740841,0.08447837514463252,0.07273181704573857,False,0.40002499375156214,0.22829709239356827
2026_nyk_sas_api_20261005,1642844,Dylan Harper,SAS,2,3,1,67,60,0.24915343442468296,0.18656716417910446,0.2848258706467662,0.0625862702455785,0.13696575856035992,False,0.5859090782859842,0.311144621871288
2026_nyk_sas_api_20261005,1642844,Dylan Harper,SAS,3,4,1,60,49,0.15381929757420726,0.20510204081632652,0.30680272108843537,-0.05128274324211926,0.8260434891277181,False,0.9493335621318552,0.895472617468636
2026_nyk_sas_api_20261005,1642844,Dylan Harper,SAS,4,5,1,49,59,0.16011938483646765,0.20200622621930128,0.3013836042891727,-0.041886841382833634,0.77855536115971,False,0.9493335621318552,0.8667660671039136
2026_nyk_sas_api_20261005,1642868,Carter Bryant,SAS,1,2,1,9,6,0.7139436360287347,0.2777777777777778,0.5583333333333182,0.4361658582509569,0.01799550112471882,True,0.17106834402510485,0.095319920019995
2026_nyk_sas_api_20261005,1642868,Carter Bryant,SAS,2,3,1,6,5,0.932301153612629,0.4,0.6666666666666667,0.532301153612629,0.00424893776555861,True,0.060943097558943594,0.037412724740892696
2026_nyk_sas_api_20261005,1642868,Carter Bryant,SAS,3,4,1,5,9,0.5776583034647551,0.4666666666666667,0.7777777777777777,0.11099163679808843,0.2839290177455636,True,0.7098078421571078,0.48983174053814793
2026_nyk_sas_api_20261005,1642868,Carter Bryant,SAS,4,5,1,9,12,0.4110835401157982,0.36111111111111116,0.611111111111111,0.04997242900468701,0.4021494626343414,True,0.7632360202632269,0.5914475827897689
2026_okc_sas_api_20261005,202687,Bismack Biyombo,SAS,3,5,2,4,4,0.5523809523809524,0.75,1.0,-0.19761904761904758,0.5153711572106974,True,0.6466266316303807,0.6771737298233582
2026_okc_sas_api_20261005,202687,Bismack Biyombo,SAS,5,6,1,4,12,0.6521739130434783,0.5,0.7500000000000001,0.15217391304347827,0.24368907773056736,True,0.4234097725568608,0.4576764396158578
2026_okc_sas_api_20261005,203084,Harrison Barnes,SAS,1,2,1,12,24,0.5413265306122449,0.3333333333333334,0.5416666666666666,0.20799319727891147,0.0614846288427893,True,0.18183751934356834,0.20739591221597586
2026_okc_sas_api_20261005,203084,Harrison Barnes,SAS,2,3,1,24,4,0.6757369614512472,0.5,0.7916666666666665,0.17573696145124718,0.13046738315421144,True,0.278999480899006,0.305023744063984
2026_okc_sas_api_20261005,203084,Harrison Barnes,SAS,3,4,1,4,28,0.6400471142520613,0.6428571428571428,0.8214285714285715,-0.002810028605081505,0.5221194701324668,True,0.6479875566822579,0.6807634629804087
2026_okc_sas_api_20261005,203084,Harrison Barnes,SAS,4,5,1,28,8,0.6557294295810197,0.4821428571428571,0.6607142857142858,0.17358657243816256,0.06498375406148463,True,0.18505067610648357,0.2147011790741635
2026_okc_sas_api_20261005,203084,Harrison Barnes,SAS,5,6,1,8,24,0.7499999999999999,0.4583333333333333,0.6666666666666666,0.2916666666666666,0.014996250937265684,True,0.0769271967722355,0.08402857963195152
2026_okc_sas_api_20261005,203084,Harrison Barnes,SAS,6,7,1,24,4,0.8208333333333333,0.6249999999999999,0.8333333333333334,0.19583333333333341,0.06923269182704324,True,0.19167621887631542,0.22326645826694985
2026_okc_sas_api_20261005,203482,Kelly Olynyk,SAS,3,4,1,4,5,0.5326923076923078,0.55,0.8,-0.017307692307692246,0.6088477880529868,True,0.6936872339292226,0.7411109520644974
2026_okc_sas_api_20261005,203482,Kelly Olynyk,SAS,4,5,1,5,5,0.7661538461538461,0.6,0.8,0.1661538461538461,0.2316920769807548,True,0.41997412039395215,0.44627053463906746
2026_okc_sas_api_20261005,203482,Kelly Olynyk,SAS,5,6,1,5,11,0.6783177570093458,0.4363636363636364,0.7272727272727272,0.24195412064570943,0.07998000499875031,True,0.19167621887631542,0.23783527802259963
2026_okc_sas_api_20261005,203486,Mason Plumlee,SAS,3,5,2,4,5,0.41512605042016804,0.55,0.8,-0.134873949579832,0.7023244188952762,True,0.7664802549362659,0.8128761325027104
2026_okc_sas_api_20261005,203486,Mason Plumlee,SAS,5,6,1,5,9,0.43202614379084964,0.4666666666666666,0.7777777777777777,-0.03464052287581698,0.5683579105223694,True,0.6810495651949082,0.7216229650452556
2026_okc_sas_api_20261005,1627936,Alex Caruso,OKC,1,2,1,60,49,0.4077118736532009,0.20102040816326533,0.30680272108843537,0.20669146548993556,0.000999750062484379,False,0.015440584298369855,0.014421926433285298
2026_okc_sas_api_20261005,1627936,Alex Caruso,OKC,2,3,1,49,46,0.3458324462422823,0.24401064773735584,0.35270629991126884,0.10182179850492648,0.06523369157710572,False,0.18505067610648357,0.2147011790741635
2026_okc_sas_api_20261005,1627936,Alex Caruso,OKC,3,4,1,46,29,0.16183816183816183,0.260119940029985,0.3868065967016492,-0.09828177819182318,0.9437640589852537,True,0.9506029289779006,0.9636626987831356
2026_okc_sas_api_20261005,1627936,Alex Caruso,OKC,4,5,1,29,53,0.3425849103815206,0.2654521795705921,0.3845152895250488,0.07713273081092853,0.13771557110722318,True,0.2857084236403586,0.3112371907023244
2026_okc_sas_api_20261005,1627936,Alex Caruso,OKC,5,6,1,53,41,0.23900100838478855,0.23469857340082834,0.34429360331339126,0.004302434983960213,0.46613346663334165,False,0.6103634641798266,0.6383584826684895
2026_okc_sas_api_20261005,1627936,Alex Caruso,OKC,6,7,1,41,68,0.34232684311031,0.2065997130559541,0.31061692969870874,0.13572713005435588,0.01799550112471882,False,0.0833791552111972,0.095319920019995
2026_okc_sas_api_20261005,1628368,De'Aaron Fox,SAS,3,4,1,61,52,0.40311986863711,0.2140605296343001,0.3203026481715006,0.1890593390028099,0.0029992501874531365,False,0.028227318170457386,0.029470893146278643
2026_okc_sas_api_20261005,1628368,De'Aaron Fox,SAS,4,5,1,52,67,0.31329605467536503,0.2078071182548794,0.30654420206659017,0.10548893642048562,0.04148962759310172,False,0.14150730610030418,0.1654703971066057
2026_okc_sas_api_20261005,1628368,De'Aaron Fox,SAS,5,6,1,67,48,0.22134998068608033,0.20398009950248752,0.30845771144278605,0.01736988118359281,0.38315421144713824,False,0.5434534223586961,0.5811600791077398
2026_okc_sas_api_20261005,1628368,De'Aaron Fox,SAS,6,7,1,48,58,0.23121333524109314,0.2033045977011494,0.30747126436781613,0.027908737539943745,0.3226693326668333,False,0.4822692176418261,0.5208804941621737
2026_okc_sas_api_20261005,1628392,Isaiah Hartenstein,OKC,1,2,1,27,49,0.6231450838048469,0.21844293272864704,0.345427059712774,0.4047021510761999,0.00024993751562109475,False,0.008685328667833043,0.006052058413967937
2026_okc_sas_api_20261005,1628392,Isaiah Hartenstein,OKC,2,3,1,49,41,0.31359323933603456,0.19462419113987056,0.2986560477849677,0.118969048196164,0.03299175206198451,False,0.12738482046155128,0.13980254936265935
2026_okc_sas_api_20261005,1628392,Isaiah Hartenstein,OKC,3,4,1,41,34,0.21960041087368523,0.21162123385939746,0.33070301291248205,0.00797917701428777,0.4468882779305174,False,0.5986195758752619,0.6280719347883768
2026_okc_sas_api_20261005,1628392,Isaiah Hartenstein,OKC,4,5,1,34,61,0.2044247097472291,0.20829315332690457,0.3168756027000959,-0.0038684435796754735,0.5286178455386153,False,0.65024673035281,0.6852827902011113
2026_okc_sas_api_20261005,1628392,Isaiah Hartenstein,OKC,5,6,1,61,27,0.2569594052295865,0.23132969034608378,0.35154826958105645,0.025629714883502713,0.3556610847288178,False,0.5149676122636008,0.5574571874272811
2026_okc_sas_api_20261005,1628392,Isaiah Hartenstein,OKC,6,7,1,27,38,0.3014852858194895,0.2183235867446394,0.3469785575048733,0.08316169907485013,0.13596600849787552,False,0.2857084236403586,0.31038704970222086
2026_okc_sas_api_20261005,1628436,Luke Kornet,SAS,1,2,1,21,18,0.7962085308056873,0.2698412698412698,0.45238095238095233,0.5263672609644174,0.00024993751562109475,True,0.008685328667833043,0.006052058413967937
2026_okc_sas_api_20261005,1628436,Luke Kornet,SAS,2,3,1,18,21,0.3825940773309195,0.30158730158730157,0.46825396825396826,0.08100677574361792,0.19120219945013747,True,0.37432543272632546,0.39522893666827197
2026_okc_sas_api_20261005,1628436,Luke Kornet,SAS,3,4,1,21,29,0.4140230713770727,0.2824302134646962,0.43842364532019706,0.13159285791237652,0.07748062984253937,True,0.19167621887631542,0.2355689104629672
2026_okc_sas_api_20261005,1628436,Luke Kornet,SAS,4,5,1,29,17,0.6394206964845683,0.3022312373225152,0.46450304259634884,0.3371894591620531,0.000999750062484379,True,0.015440584298369855,0.014421926433285298
2026_okc_sas_api_20261005,1628436,Luke Kornet,SAS,5,6,1,17,29,0.41793748420254445,0.27586206896551724,0.43417849898580074,0.1420754152370272,0.07048237940514872,True,0.19167621887631542,0.22541062847495674
2026_okc_sas_api_20261005,1628436,Luke Kornet,SAS,6,7,1,29,12,0.3892773892773893,0.3218390804597701,0.5028735632183908,0.0674383088176192,0.2681829542614346,True,0.44632371318934977,0.4797573693647828
2026_okc_sas_api_20261005,1628983,Shai Gilgeous-Alexander,OKC,1,2,1,108,77,0.1628078304406198,0.14760702260702258,0.2273929773929774,0.01520080783359723,0.36790802299425146,False,0.5272084040845458,0.5642212471712771
2026_okc_sas_api_20261005,1628983,Shai Gilgeous-Alexander,OKC,2,3,1,77,75,0.30216247808299235,0.17454545454545456,0.2616450216450216,0.1276170235375378,0.010997250687328168,False,0.06797213740043251,0.06869904145585226
2026_okc_sas_api_20261005,1628983,Shai Gilgeous-Alexander,OKC,3,4,1,75,69,0.29427660462143224,0.17971014492753626,0.2707246376811594,0.11456645969389598,0.02024493876530867,False,0.08737967023395665,0.09975165783022329
2026_okc_sas_api_20261005,1628983,Shai Gilgeous-Alexander,OKC,4,5,1,69,76,0.22707749766573296,0.17067124332570557,0.2585812356979405,0.056406254340027384,0.14121469632591852,False,0.28865945278386285,0.3159853600956196
2026_okc_sas_api_20261005,1628983,Shai Gilgeous-Alexander,OKC,5,6,1,76,55,0.12396592812817064,0.17248803827751197,0.26555023923444976,-0.048522110149341324,0.855036240939765,False,0.8936093044408071,0.9129363328459223
2026_okc_sas_api_20261005,1628983,Shai Gilgeous-Alexander,OKC,6,7,1,55,83,0.20989702242457836,0.16779846659364728,0.2633077765607886,0.042098555830931084,0.21469632591852036,False,0.408805332913347,0.42562604962794387
2026_okc_sas_api_20261005,1629026,Kenrich Williams,OKC,3,4,1,2,49,0.9096509240246407,0.7959183673469389,0.9387755102040817,0.11373255667770177,0.10572356910772307,True,0.2370254210640888,0.274638236992476
2026_okc_sas_api_20261005,1629026,Kenrich Williams,OKC,4,5,1,49,21,0.3264093483716731,0.3333333333333333,0.46258503401360546,-0.00692398496166019,0.5511122219445139,True,0.6719701653533985,0.7086410215627912
2026_okc_sas_api_20261005,1629026,Kenrich Williams,OKC,5,6,1,21,27,0.6359098228663445,0.39153439153439146,0.5396825396825397,0.244375431331953,0.0029992501874531365,True,0.028227318170457386,0.029470893146278643
2026_okc_sas_api_20261005,1629026,Kenrich Williams,OKC,6,7,1,27,9,0.7318035426731079,0.4814814814814814,0.6666666666666666,0.2503220611916265,0.015496125968507872,True,0.0769271967722355,0.08541766997275071
2026_okc_sas_api_20261005,1629162,Jordan McLaughlin,SAS,2,3,1,15,3,0.6573113687207647,0.5333333333333333,0.8666666666666666,0.12397803538743135,0.2786803299175206,True,0.44844248707937956,0.48823065551441597
2026_okc_sas_api_20261005,1629162,Jordan McLaughlin,SAS,3,4,1,3,6,0.5209235209235209,0.5,0.8333333333333334,0.0209235209235209,0.4786303424143964,True,0.6103634641798266,0.6419966154706382
2026_okc_sas_api_20261005,1629162,Jordan McLaughlin,SAS,4,5,1,6,5,0.5098039215686274,0.5,0.8333333333333334,0.009803921568627416,0.4746313421644589,True,0.6103634641798266,0.6419966154706382
2026_okc_sas_api_20261005,1629162,Jordan McLaughlin,SAS,5,6,1,5,14,0.5394242803504381,0.4428571428571429,0.7142857142857143,0.09656713749329521,0.2636840789802549,True,0.44632371318934977,0.4792970658139754
2026_okc_sas_api_20261005,1629640,Keldon Johnson,SAS,1,2,1,39,51,0.4240076513572051,0.248868778280543,0.36206636500754114,0.1751388730766621,0.005498625343664084,False,0.038215446138465385,0.04420633971941797
2026_okc_sas_api_20261005,1629640,Keldon Johnson,SAS,2,3,1,51,27,0.48135710977304313,0.2657952069716776,0.3921568627450981,0.21556190280136556,0.0049987503124218945,True,0.03656980491719176,0.04184139150397586
2026_okc_sas_api_20261005,1629640,Keldon Johnson,SAS,3,4,1,27,30,0.5641778523489933,0.30740740740740735,0.4444444444444445,0.25677044494158596,0.0029992501874531365,True,0.028227318170457386,0.029470893146278643
2026_okc_sas_api_20261005,1629640,Keldon Johnson,SAS,4,5,1,30,36,0.4759988101656473,0.28888888888888886,0.41666666666666674,0.18710992127675846,0.013496625843539115,True,0.07215503816353604,0.07754840950779254
2026_okc_sas_api_20261005,1629640,Keldon Johnson,SAS,5,6,1,36,35,0.3783321431654282,0.2936507936507936,0.40952380952380957,0.08468134951463457,0.11997000749812547,True,0.26055986003499126,0.29154001822125114
2026_okc_sas_api_20261005,1629640,Keldon Johnson,SAS,6,7,1,35,28,0.522622420072845,0.3,0.4357142857142857,0.222622420072845,0.0032491877030742314,True,0.028227318170457386,0.030596517537282344
2026_okc_sas_api_20261005,1629652,Luguentz Dort,OKC,1,2,1,42,27,0.35290125551408214,0.21693121693121695,0.35185185185185186,0.1359700385828652,0.04998750312421894,False,0.15791506668787347,0.18123811293166014
2026_okc_sas_api_20261005,1629652,Luguentz Dort,OKC,2,3,1,27,42,0.35494505494505496,0.24603174603174605,0.3756613756613756,0.10891330891330891,0.07948012996750813,False,0.19167621887631542,0.23783527802259963
2026_okc_sas_api_20261005,1629652,Luguentz Dort,OKC,3,4,1,42,30,0.2331081081081081,0.2476190476190476,0.37142857142857133,-0.014510939510939513,0.5871032241939516,False,0.687074099243784,0.737950622638458
2026_okc_sas_api_20261005,1629652,Luguentz Dort,OKC,4,5,1,30,36,0.25363968941317006,0.2722222222222222,0.4002777777777764,-0.018582532809052144,0.5981004748812797,True,0.687074099243784,0.7385271863852219
2026_okc_sas_api_20261005,1629652,Luguentz Dort,OKC,5,6,1,36,39,0.4199387063669464,0.28205128205128205,0.41025641025641024,0.13788742431566436,0.04073981504623844,True,0.14150730610030418,0.1644142535794623
2026_okc_sas_api_20261005,1629652,Luguentz Dort,OKC,6,7,1,39,27,0.437518191975813,0.2962962962962963,0.43019943019943024,0.1412218956795167,0.04023994001499625,True,0.14150730610030418,0.16336933730639197
2026_okc_sas_api_20261005,1630170,Devin Vassell,SAS,1,2,1,98,70,0.36121822227085393,0.17142857142857143,0.2510204081632653,0.1897896508422825,0.0007498125468632841,False,0.015440584298369855,0.012709322669332664
2026_okc_sas_api_20261005,1630170,Devin Vassell,SAS,2,3,1,70,65,0.22105919684867048,0.19450549450549454,0.28681318681318685,0.026553702343175944,0.3111722069482629,False,0.48058818628676164,0.5120656881784397
2026_okc_sas_api_20261005,1630170,Devin Vassell,SAS,3,4,1,65,60,0.41635546423526393,0.2217948717948718,0.3166666666666666,0.19456059244039212,0.00024993751562109475,False,0.008685328667833043,0.006052058413967937
2026_okc_sas_api_20261005,1630170,Devin Vassell,SAS,4,5,1,60,68,0.3409526826950026,0.20588235294117646,0.30098039215686273,0.13507032975382616,0.011747063234191453,False,0.06803507456469217,0.07048237940514872
2026_okc_sas_api_20261005,1630170,Devin Vassell,SAS,5,6,1,68,52,0.25470774627963555,0.19683257918552038,0.29411764705882354,0.057875167094115165,0.15546113471632092,False,0.31317532935606673,0.3411088975328983
2026_okc_sas_api_20261005,1630170,Devin Vassell,SAS,6,7,1,52,59,0.18277905653887871,0.1926336375488918,0.2956486310299869,-0.009854581010013075,0.5661084728817796,False,0.6810495651949082,0.7201154683186614
2026_okc_sas_api_20261005,1630198,Isaiah Joe,OKC,1,2,1,1,19,0.8139784946236559,0.8421052631578947,1.0,-0.02812676853423879,0.6445888527868033,True,0.7273262329578896,0.7704238563826643
2026_okc_sas_api_20261005,1630198,Isaiah Joe,OKC,2,3,1,19,18,0.44831378299120234,0.35964912280701755,0.5263157894736842,0.08866466018418478,0.24893776555861036,True,0.4271894989215659,0.4636807831009281
2026_okc_sas_api_20261005,1630198,Isaiah Joe,OKC,3,4,1,18,43,0.30602536997885843,0.34108527131782945,0.4844961240310077,-0.03505990133897102,0.6740814796300925,True,0.7436295687982766,0.7907045729917002
2026_okc_sas_api_20261005,1630198,Isaiah Joe,OKC,4,5,1,43,3,0.986046511627907,0.7209302325581395,0.8837209302325583,0.26511627906976754,0.0012496875781054736,True,0.01579150666878735,0.015986569395387003
2026_okc_sas_api_20261005,1630198,Isaiah Joe,OKC,5,6,1,3,31,0.9041533546325877,0.7096774193548386,0.9032258064516127,0.1944759352777491,0.02074481379655086,True,0.08737967023395665,0.09975165783022329
2026_okc_sas_api_20261005,1630322,Lindy Waters III,SAS,3,4,1,3,5,0.8400000000000002,0.6,1.0,0.2400000000000002,0.07873031742064483,True,0.19167621887631542,0.23783527802259963
2026_okc_sas_api_20261005,1630322,Lindy Waters III,SAS,4,6,2,5,12,0.4434482758620689,0.4333333333333333,0.7166666666666666,0.010114942528735626,0.44788802799300176,True,0.5986195758752619,0.6280719347883768
2026_okc_sas_api_20261005,1630577,Julian Champagnie,SAS,1,2,1,84,64,0.30169706937799046,0.1875,0.271577380952381,0.11419706937799046,0.013496625843539115,False,0.07215503816353604,0.07754840950779254
2026_okc_sas_api_20261005,1630577,Julian Champagnie,SAS,2,3,1,64,66,0.21838651812688822,0.18607954545454547,0.2807765151515152,0.032306972672342754,0.27293176705823546,False,0.44632371318934977,0.4831533630952576
2026_okc_sas_api_20261005,1630577,Julian Champagnie,SAS,3,4,1,66,49,0.43342307859327406,0.22356215213358072,0.3243970315398886,0.20986092645969334,0.000999750062484379,False,0.015440584298369855,0.014421926433285298
2026_okc_sas_api_20261005,1630577,Julian Champagnie,SAS,4,5,1,49,60,0.3120501818032977,0.223469387755102,0.3238775510204078,0.08858079404819569,0.07498125468632842,False,0.19167621887631542,0.23003298949018403
2026_okc_sas_api_20261005,1630577,Julian Champagnie,SAS,5,6,1,60,46,0.18936877076411962,0.21231884057971012,0.31884057971014496,-0.0229500698155905,0.6488377905523619,False,0.7273262329578896,0.7704238563826643
2026_okc_sas_api_20261005,1630577,Julian Champagnie,SAS,6,7,1,46,57,0.1911523259349347,0.21586575133485886,0.32078565980167795,-0.02471342539992416,0.670082479380155,False,0.7436295687982766,0.7887429184370575
2026_okc_sas_api_20261005,1630598,Aaron Wiggins,OKC,1,3,2,7,2,1.0,0.7142857142857142,1.0,0.2857142857142858,0.11622094476380905,True,0.256423989240785,0.2907667916969097
2026_okc_sas_api_20261005,1630598,Aaron Wiggins,OKC,3,4,1,2,43,0.8694638694638694,0.813953488372093,0.930232558139535,0.05551038109177642,0.23519120219945014,True,0.41997412039395215,0.4504509465853876
2026_okc_sas_api_20261005,1630598,Aaron Wiggins,OKC,4,5,1,43,1,0.9440559440559441,0.9069767441860465,0.9999999999999999,0.037079199869897606,0.28692826793301673,True,0.44929497962588,0.49049044271595416
2026_okc_sas_api_20261005,1630598,Aaron Wiggins,OKC,5,6,1,1,15,0.7814569536423841,0.8,1.0,-0.018543046357615944,0.5981004748812797,True,0.687074099243784,0.7385271863852219
2026_okc_sas_api_20261005,1631096,Chet Holmgren,OKC,1,2,1,83,52,0.2696041666182914,0.1860518999073216,0.28012048192771083,0.0835522667109698,0.07248187953011748,False,0.19167621887631542,0.22829709239356827
2026_okc_sas_api_20261005,1631096,Chet Holmgren,OKC,2,3,1,52,53,0.3572326219278978,0.21661828737300434,0.31494920174165464,0.14061433455489344,0.011247188202949263,False,0.06797213740043251,0.06869904145585226
2026_okc_sas_api_20261005,1631096,Chet Holmgren,OKC,3,4,1,53,51,0.21029504080351538,0.1994080651128376,0.3066962634110248,0.010886975690677786,0.43889027743064235,False,0.5980955741456793,0.6212267392442077
2026_okc_sas_api_20261005,1631096,Chet Holmgren,OKC,4,5,1,51,59,0.15681879314982516,0.1994017946161516,0.29910269192422734,-0.04258300146632643,0.7933016745813547,False,0.8482225597446793,0.8759910999448834
2026_okc_sas_api_20261005,1631096,Chet Holmgren,OKC,5,6,1,59,46,0.13723097981744195,0.20154753131908623,0.30619012527634487,-0.06431655150164428,0.8762809297675581,False,0.8956106561594895,0.9185284822534706
2026_okc_sas_api_20261005,1631096,Chet Holmgren,OKC,6,7,1,46,53,0.24819971986487604,0.21082854799015588,0.3182936833470057,0.037371171874720166,0.2701824543864034,False,0.44632371318934977,0.4812418942508468
2026_okc_sas_api_20261005,1631114,Jalen Williams,OKC,1,2,1,72,14,0.16165777514325225,0.28968253968253965,0.43650793650793657,-0.1280247645392874,0.9637590602349413,True,0.9637590602349412,0.9750759031553586
2026_okc_sas_api_20261005,1631114,Jalen Williams,OKC,2,6,4,14,16,0.3976491862567812,0.33035714285714285,0.5178571428571429,0.06729204339963835,0.28767808047988,True,0.44929497962588,0.49049044271595416
2026_okc_sas_api_20261005,1631119,Jaylin Williams,OKC,1,2,1,18,20,0.49438669438669436,0.3277777777777778,0.5111111111111111,0.16660891660891658,0.05448637840539865,True,0.16464362170326982,0.19443033978347518
2026_okc_sas_api_20261005,1631119,Jaylin Williams,OKC,2,3,1,20,37,0.3416924451776998,0.30675675675675673,0.4567567567567567,0.03493568842094308,0.3364158960259935,True,0.4955208566279483,0.5379480601547726
2026_okc_sas_api_20261005,1631119,Jaylin Williams,OKC,3,4,1,37,49,0.32513844328220454,0.27523441809156096,0.39051296194153334,0.049904025190643575,0.23869032741814547,True,0.41997412039395215,0.45299150072816996
2026_okc_sas_api_20261005,1631119,Jaylin Williams,OKC,4,5,1,49,28,0.31844262295081965,0.30612244897959184,0.42857142857142855,0.01232017397122781,0.432641839540115,True,0.5954179771888711,0.61884212491181
2026_okc_sas_api_20261005,1631119,Jaylin Williams,OKC,5,6,1,28,46,0.2176714513556619,0.281055900621118,0.4083850931677019,-0.06338444926545611,0.8367908022994252,True,0.8811660721183341,0.9034142738200801
2026_okc_sas_api_20261005,1631119,Jaylin Williams,OKC,6,7,1,46,38,0.2886382623224728,0.2414187643020595,0.35697940503432496,0.04721949802041331,0.23744063984004,False,0.41997412039395215,0.4526803692335344
2026_okc_sas_api_20261005,1641705,Victor Wembanyama,SAS,1,2,1,105,69,0.5969672520695409,0.1714285714285714,0.2534368530020703,0.42553868064096956,0.00024993751562109475,False,0.008685328667833043,0.006052058413967937
2026_okc_sas_api_20261005,1641705,Victor Wembanyama,SAS,2,3,1,69,73,0.307520776828005,0.16239825292833032,0.2557077625570776,0.14512252389967467,0.007748062984253936,False,0.051284797848157,0.05201174953786306
2026_okc_sas_api_20261005,1641705,Victor Wembanyama,SAS,3,4,1,73,51,0.29822693714170134,0.19500402900886382,0.29337899543378965,0.10322290813283752,0.04648837790552362,False,0.15385439354447103,0.17707370910081469
2026_okc_sas_api_20261005,1641705,Victor Wembanyama,SAS,4,5,1,51,82,0.18087193823850178,0.18316594930655183,0.27546628407460544,-0.0022940110680500503,0.5163709072731817,False,0.6466266316303807,0.677175000253805
2026_okc_sas_api_20261005,1641705,Victor Wembanyama,SAS,5,6,1,82,54,0.1952332634127031,0.17299006323396568,0.26425022583559155,0.022243200178737432,0.33866533366658336,False,0.4955208566279483,0.5402708146492788
2026_okc_sas_api_20261005,1641705,Victor Wembanyama,SAS,6,7,1,54,70,0.1830974338305872,0.1777777777777778,0.2740740740740741,0.005319656052809374,0.46088477880529866,False,0.6101236595613002,0.6364152342769704
2026_okc_sas_api_20261005,1641717,Cason Wallace,OKC,1,2,1,50,47,0.362335782676464,0.22085106382978725,0.3331914893617021,0.14148471884667674,0.01949512621844539,False,0.08737967023395665,0.09975165783022329
2026_okc_sas_api_20261005,1641717,Cason Wallace,OKC,2,3,1,47,50,0.4253663003663003,0.23829787234042554,0.34212765957446806,0.18706842802587476,0.0032491877030742314,False,0.028227318170457386,0.030596517537282344
2026_okc_sas_api_20261005,1641717,Cason Wallace,OKC,3,4,1,50,42,0.24032797858099064,0.22666666666666666,0.3371428571428571,0.013661311914323987,0.4161459635091227,False,0.5842857467451319,0.6039643935170054
2026_okc_sas_api_20261005,1641717,Cason Wallace,OKC,4,5,1,42,61,0.284246195307546,0.22287275565964088,0.33294301327088216,0.06137343964790515,0.16470882279430143,False,0.3270646624058271,0.35792494184146273
2026_okc_sas_api_20261005,1641717,Cason Wallace,OKC,5,6,1,61,36,0.26883111031002155,0.24043715846994534,0.3501821493624772,0.028393951840076204,0.31942014496375903,False,0.4822692176418261,0.5172704437255842
2026_okc_sas_api_20261005,1641717,Cason Wallace,OKC,6,7,1,36,62,0.15858256618068098,0.2275985663082437,0.3396057347670251,-0.06901600012756273,0.876030992251937,False,0.8956106561594895,0.9185284822534706
2026_okc_sas_api_20261005,1642260,Nikola Topić,OKC,3,4,1,2,9,0.8850574712643678,0.6666666666666666,1.0,0.21839080459770122,0.19695076230942266,True,0.38022438834735767,0.4022066772463511
2026_okc_sas_api_20261005,1642260,Nikola Topić,OKC,4,5,1,9,1,0.8850574712643678,0.7777777777777779,1.0,0.10727969348658994,0.47063234191452136,True,0.6103634641798266,0.6394563683728366
2026_okc_sas_api_20261005,1642260,Nikola Topić,OKC,5,6,1,1,14,0.5294117647058822,0.7857142857142857,1.0,-0.25630252100840345,0.8687828042989253,True,0.8956106561594895,0.9185284822534706
2026_okc_sas_api_20261005,1642264,Stephon Castle,SAS,1,2,1,94,70,0.2757369190365786,0.17446808510638298,0.25653495440729485,0.10126883393019562,0.027243189202699324,False,0.11137656762280017,0.12313921519620095
2026_okc_sas_api_20261005,1642264,Stephon Castle,SAS,2,3,1,70,63,0.14568326523934394,0.19206349206349202,0.2857142857142857,-0.04638022682414808,0.8330417395651087,False,0.8811660721183341,0.900801115510596
2026_okc_sas_api_20261005,1642264,Stephon Castle,SAS,3,4,1,63,48,0.2643083435475984,0.2222222222222222,0.3244047619047619,0.0420861213253762,0.2329417645588603,False,0.41997412039395215,0.4474065619572444
2026_okc_sas_api_20261005,1642264,Stephon Castle,SAS,4,5,1,48,69,0.18014702516638742,0.20742753623188404,0.3070652173913044,-0.027280511065496615,0.7058235441139715,False,0.7664802549362659,0.8138577600497835
2026_okc_sas_api_20261005,1642264,Stephon Castle,SAS,5,6,1,69,63,0.2846967182954853,0.19254658385093168,0.2836438923395445,0.09215013444455364,0.04848787803049238,False,0.15673988479624282,0.18123811293166014
2026_okc_sas_api_20261005,1642264,Stephon Castle,SAS,6,7,1,63,67,0.29460150687772174,0.19189765458422176,0.28879412461502013,0.10270385229349999,0.04123969007748063,False,0.14150730610030418,0.1654468039794785
2026_okc_sas_api_20261005,1642272,Jared McCain,OKC,1,2,1,35,54,0.2666413633836548,0.22804232804232802,0.33915343915343915,0.038599035341326776,0.28067983004248936,False,0.44844248707937956,0.4892054621306113
2026_okc_sas_api_20261005,1642272,Jared McCain,OKC,2,3,1,54,49,0.32102142660928484,0.23431594860166283,0.3416477702191988,0.08670547800762202,0.08647838040489877,False,0.19705729305378575,0.24810885886123404
2026_okc_sas_api_20261005,1642272,Jared McCain,OKC,3,4,1,49,50,0.14787448106847648,0.23142857142857143,0.33510204081632655,-0.08355409036009495,0.9415146213446638,False,0.9506029289779006,0.9628158571216924
2026_okc_sas_api_20261005,1642272,Jared McCain,OKC,4,5,1,50,70,0.19911413736564043,0.21142857142857144,0.31142857142857144,-0.012314434062931007,0.5953511622094476,False,0.687074099243784,0.7385271863852219
2026_okc_sas_api_20261005,1642272,Jared McCain,OKC,5,6,1,70,52,0.1957810055623153,0.2076923076923077,0.306043956043956,-0.01191130212999239,0.5973506623344164,False,0.687074099243784,0.7385271863852219
2026_okc_sas_api_20261005,1642272,Jared McCain,OKC,6,7,1,52,38,0.3393654429236645,0.23076923076923075,0.3400809716599191,0.10859621215443374,0.051487128217945516,False,0.15903801827320949,0.1856823028285482
2026_okc_sas_api_20261005,1642349,Ajay Mitchell,OKC,1,2,1,61,57,0.41789245099719985,0.2030486051193558,0.3025596778832327,0.21484384587784405,0.0004998750312421895,False,0.013896525868532869,0.00941431308839457
2026_okc_sas_api_20261005,1642349,Ajay Mitchell,OKC,2,3,1,57,33,0.45645933014354073,0.2535885167464115,0.3700956937799039,0.20287081339712926,0.003999000249937516,True,0.03269770792595969,0.03615096225943515
2026_okc_sas_api_20261005,1642844,Dylan Harper,SAS,1,2,1,89,48,0.40559631041154,0.20926966292134835,0.30249297752808957,0.19632664749019163,0.0012496875781054736,False,0.01579150666878735,0.015986569395387003
2026_okc_sas_api_20261005,1642844,Dylan Harper,SAS,2,3,1,48,33,0.34585368627921814,0.24431818181818182,0.36553030303030304,0.10153550446103632,0.08172956760809798,False,0.19254932029704439,0.2416613237994849
2026_okc_sas_api_20261005,1642844,Dylan Harper,SAS,3,4,1,33,41,0.4066392514452589,0.2756836659275684,0.39837398373983735,0.13095558551769054,0.04173956510872282,True,0.14150730610030418,0.1654937142907256
2026_okc_sas_api_20261005,1642844,Dylan Harper,SAS,4,5,1,41,50,0.37998039215686263,0.23414634146341462,0.3448780487804878,0.14583405069344801,0.017245688577855536,False,0.08266036939041102,0.09354061484628844
2026_okc_sas_api_20261005,1642844,Dylan Harper,SAS,5,6,1,50,46,0.3496709956709956,0.2304347826086956,0.3356521739130434,0.11923621306229998,0.03299175206198451,False,0.12738482046155128,0.13980254936265935
2026_okc_sas_api_20261005,1642844,Dylan Harper,SAS,6,7,1,46,45,0.33068145982053265,0.23236714975845407,0.34396135265700484,0.09831431006207858,0.08347913021744564,False,0.1933933183370824,0.24396056158374202
2026_okc_sas_api_20261005,1642868,Carter Bryant,SAS,1,2,1,24,17,0.4093322442311619,0.3382352941176471,0.5073529411764706,0.0710969501135148,0.22669332666833292,True,0.41997412039395215,0.4416611364400279
2026_okc_sas_api_20261005,1642868,Carter Bryant,SAS,2,3,1,17,19,0.33287075001576993,0.3173374613003096,0.48916408668730654,0.015533288715460336,0.42614346413396653,True,0.5923394151462135,0.612129806531418
2026_okc_sas_api_20261005,1642868,Carter Bryant,SAS,3,4,1,19,11,0.5867647752464507,0.4258373205741627,0.6220095693779903,0.16092745467228797,0.07948012996750813,True,0.19167621887631542,0.23783527802259963
2026_okc_sas_api_20261005,1642868,Carter Bryant,SAS,4,5,1,11,10,0.5246422893481717,0.4363636363636364,0.6363636363636365,0.0882786529845353,0.31917020744813795,True,0.4822692176418261,0.5172704437255842
2026_okc_sas_api_20261005,1642868,Carter Bryant,SAS,5,6,1,10,14,0.31795739878685286,0.41428571428571426,0.6285714285714286,-0.0963283154988614,0.7930517370657336,True,0.8482225597446793,0.8759910999448834
2026_okc_sas_api_20261005,1642868,Carter Bryant,SAS,6,7,1,14,6,0.8776978417266187,0.5476190476190476,0.7857142857142856,0.3300787941075711,0.004498875281179705,True,0.034741314671332166,0.039105608213331276
