series_id,off_player_id,off_player,off_team,from_game,to_game,game_gap,possessions_before,possessions_after,tvd,null_median,null_p95,excess_tvd,p_value,high_noise,q_value,q_value_league
2025_okc_ind_api_20261005,201949,James Johnson,IND,2,6,4,4,3,0.7962962962962963,0.33333333333333337,0.75,0.4629629629629629,0.019245188702824295,True,0.09408758921380767,0.08140356215294003
2025_okc_ind_api_20261005,204456,T.J. McConnell,IND,1,2,1,34,35,0.20248163681442172,0.2747899159663866,0.3949579831932773,-0.07230827915196486,0.8422894276430892,True,0.855247726529906,0.8865519323414895
2025_okc_ind_api_20261005,204456,T.J. McConnell,IND,2,3,1,35,31,0.4004002725259751,0.26820276497695855,0.3953917050691244,0.13219750754901655,0.04573856535866033,True,0.14532081265397936,0.1409410090916185
2025_okc_ind_api_20261005,204456,T.J. McConnell,IND,3,4,1,31,33,0.36033711730306156,0.24144672531769307,0.37438905180840665,0.1188903919853685,0.06748312921769557,False,0.18179128687215948,0.1788171634134268
2025_okc_ind_api_20261005,204456,T.J. McConnell,IND,4,5,1,33,42,0.35389433551198257,0.24675324675324675,0.36796536796536794,0.10714108875873582,0.07173206698325418,False,0.18565946748606968,0.1842847558786995
2025_okc_ind_api_20261005,204456,T.J. McConnell,IND,5,6,1,42,49,0.37983409276784674,0.25,0.3571428571428572,0.12983409276784674,0.029242689327668082,True,0.11353044091918196,0.10592697570288277
2025_okc_ind_api_20261005,204456,T.J. McConnell,IND,6,7,1,49,47,0.43514489520620214,0.2470690403821103,0.3543204515848893,0.18807585482409184,0.003749062734316421,False,0.027493126718320424,0.025030507079112575
2025_okc_ind_api_20261005,1626167,Myles Turner,IND,1,2,1,55,48,0.34221795516542464,0.16174242424242424,0.2696969696969697,0.1804755309230004,0.005498625343664084,False,0.036133823686935414,0.033433605884243225
2025_okc_ind_api_20261005,1626167,Myles Turner,IND,2,3,1,48,54,0.28167471819645734,0.15740740740740738,0.2638888888888889,0.12426731078904996,0.030992251937015745,False,0.11688506444817366,0.11108275562688276
2025_okc_ind_api_20261005,1626167,Myles Turner,IND,3,4,1,54,53,0.21055555555555555,0.17435359888190077,0.2739343116701607,0.03620195667365478,0.26268432891777055,False,0.42807816564377427,0.41796268222663957
2025_okc_ind_api_20261005,1626167,Myles Turner,IND,4,5,1,53,48,0.22586274211057575,0.18592767295597484,0.2904874213836478,0.039935069154600905,0.2509372656835791,False,0.41928758316749926,0.40303839134555985
2025_okc_ind_api_20261005,1626167,Myles Turner,IND,5,6,1,48,53,0.3136943963027152,0.21069182389937108,0.3132861635220126,0.1030025724033441,0.04973756560859785,False,0.14809630925601933,0.14599690594592732
2025_okc_ind_api_20261005,1626167,Myles Turner,IND,6,7,1,53,42,0.34624207858048167,0.22596585804132976,0.33513027852650495,0.1202762205391519,0.03624093976505874,False,0.1328129506085017,0.125279593807132
2025_okc_ind_api_20261005,1627783,Pascal Siakam,IND,1,2,1,73,55,0.19116077799818001,0.18530510585305104,0.28343711083437106,0.005855672145128971,0.4596350912271932,False,0.572268147916292,0.5883674758002229
2025_okc_ind_api_20261005,1627783,Pascal Siakam,IND,2,3,1,55,65,0.2695240752365674,0.193006993006993,0.28958041958041925,0.0765170822295744,0.09072731817045739,False,0.21562466526225585,0.21246984172324265
2025_okc_ind_api_20261005,1627783,Pascal Siakam,IND,3,4,1,65,66,0.20095251306237571,0.1771561771561772,0.2682983682983683,0.023796335906198507,0.34341414646338414,False,0.48112971757060735,0.4899695578197501
2025_okc_ind_api_20261005,1627783,Pascal Siakam,IND,4,5,1,66,68,0.21984026243346444,0.17959001782531198,0.2727495543672013,0.04025024460815246,0.23719070232441888,False,0.40139965008747813,0.3868351094044671
2025_okc_ind_api_20261005,1627783,Pascal Siakam,IND,5,6,1,68,61,0.2036096167895331,0.20901639344262293,0.30279652844744454,-0.005406776653089834,0.5398650337415646,False,0.628869098514845,0.6588675411792213
2025_okc_ind_api_20261005,1627783,Pascal Siakam,IND,6,7,1,61,62,0.20781015557134963,0.20676890534108935,0.3032786885245901,0.0010412502302602766,0.49412646838290425,False,0.5876098542931835,0.6208489390567488
2025_okc_ind_api_20261005,1627936,Alex Caruso,OKC,1,2,1,51,51,0.2252845713131925,0.2156862745098039,0.3137254901960785,0.009598296803388584,0.4046488377905524,False,0.5259461833570734,0.5447978556541967
2025_okc_ind_api_20261005,1627936,Alex Caruso,OKC,2,3,1,51,60,0.2448972204122322,0.20490196078431375,0.3069117647058821,0.039995259627918445,0.2569357660584854,False,0.42394401399650083,0.41073534433293085
2025_okc_ind_api_20261005,1627936,Alex Caruso,OKC,3,4,1,60,59,0.25448693522372967,0.17966101694915254,0.27768361581920903,0.07482591827457713,0.10822294426393402,False,0.23418735480064412,0.23356542567828076
2025_okc_ind_api_20261005,1627936,Alex Caruso,OKC,4,5,1,59,53,0.3163384661637182,0.19315637991685325,0.29486728493763986,0.12318208624686494,0.02649337665583604,False,0.10597350662334416,0.09913181045397991
2025_okc_ind_api_20261005,1627936,Alex Caruso,OKC,5,6,1,53,42,0.34665011198753526,0.20889487870619944,0.31900269541778953,0.13775523328133582,0.021494626343414147,False,0.09783760956312647,0.08817976228834358
2025_okc_ind_api_20261005,1627936,Alex Caruso,OKC,6,7,1,42,57,0.5039231031645697,0.21177944862155387,0.3208020050125313,0.29214365454301583,0.0004998750312421895,False,0.00899775056235941,0.007916625494789093
2025_okc_ind_api_20261005,1628392,Isaiah Hartenstein,OKC,1,2,1,34,44,0.35712530438085033,0.2232620320855615,0.3502673796791444,0.13386327229528883,0.04448887778055486,False,0.14532081265397936,0.13834212679706784
2025_okc_ind_api_20261005,1628392,Isaiah Hartenstein,OKC,2,3,1,44,34,0.2987797875394775,0.21925133689839577,0.338235294117647,0.07952845064108172,0.13071732066983255,False,0.26545671274489074,0.2673228089374053
2025_okc_ind_api_20261005,1628392,Isaiah Hartenstein,OKC,3,4,1,34,38,0.396470999301188,0.20743034055727552,0.32972136222910214,0.1890406587439125,0.009997500624843789,False,0.057376960107799135,0.05277750329859396
2025_okc_ind_api_20261005,1628392,Isaiah Hartenstein,OKC,4,5,1,38,36,0.5230899138131841,0.2149122807017544,0.3362573099415205,0.30817763311142976,0.00024993751562109475,False,0.006598350412396902,0.005673581604598851
2025_okc_ind_api_20261005,1628392,Isaiah Hartenstein,OKC,5,6,1,36,30,0.3474210406725744,0.23333333333333336,0.3666666666666667,0.11408770733924103,0.07823044238940265,False,0.1985849691423298,0.19691883598443455
2025_okc_ind_api_20261005,1628392,Isaiah Hartenstein,OKC,6,7,1,30,31,0.29740626353815836,0.25161290322580643,0.38494623655913973,0.04579336031235193,0.303424143964009,True,0.4551362159460135,0.45513621594601356
2025_okc_ind_api_20261005,1628396,Tony Bradley,IND,5,6,1,23,12,0.3793347487615003,0.286231884057971,0.4528985507246377,0.0931028647035293,0.16370907273181703,True,0.30436052958591336,0.30712363231506173
2025_okc_ind_api_20261005,1628396,Tony Bradley,IND,6,7,1,12,8,0.348994135082298,0.33333333333333337,0.5833333333333333,0.015660801748964615,0.4768807798050487,True,0.5775069993969397,0.6036353365190301
2025_okc_ind_api_20261005,1628418,Thomas Bryant,IND,1,2,1,14,24,0.684224339820722,0.25,0.4404761904761905,0.43422433982072195,0.0007498125468632841,True,0.00899775056235941,0.009634383856865972
2025_okc_ind_api_20261005,1628418,Thomas Bryant,IND,2,3,1,24,4,0.67875157629256,0.41666666666666663,0.7083333333333331,0.26208490962589337,0.050487378155461136,True,0.14809630925601933,0.14756182199085421
2025_okc_ind_api_20261005,1628418,Thomas Bryant,IND,3,5,2,4,4,0.9615384615384618,0.5,0.75,0.4615384615384618,0.03824043989002749,True,0.1328129506085017,0.12765558610347413
2025_okc_ind_api_20261005,1628418,Thomas Bryant,IND,5,6,1,4,11,1.0,0.4545454545454546,0.7499999999999999,0.5454545454545454,0.0032491877030742314,True,0.026805798550362407,0.02257853903870971
2025_okc_ind_api_20261005,1628418,Thomas Bryant,IND,6,7,1,11,2,0.9555555555555555,0.5,0.9090909090909092,0.4555555555555555,0.03749062734316421,True,0.1328129506085017,0.12639166940938035
2025_okc_ind_api_20261005,1628983,Shai Gilgeous-Alexander,OKC,1,2,1,76,72,0.22647288260108905,0.16228070175438594,0.24565058479532148,0.06419218084670311,0.09622594351412148,False,0.21752189071376224,0.21835823938752155
2025_okc_ind_api_20261005,1628983,Shai Gilgeous-Alexander,OKC,2,3,1,72,84,0.3462693357597816,0.15575396825396826,0.2380952380952381,0.19051536750581333,0.0004998750312421895,False,0.00899775056235941,0.007916625494789093
2025_okc_ind_api_20261005,1628983,Shai Gilgeous-Alexander,OKC,3,4,1,84,74,0.16045412920412916,0.12676962676962683,0.20532496782496762,0.03368450243450233,0.22044488877780555,False,0.37790552361909524,0.3706739981671249
2025_okc_ind_api_20261005,1628983,Shai Gilgeous-Alexander,OKC,4,5,1,74,69,0.1612379588283202,0.1484528006267137,0.22953388170779476,0.0127851582016065,0.3776555861034741,False,0.5139230656253462,0.5237952222738612
2025_okc_ind_api_20261005,1628983,Shai Gilgeous-Alexander,OKC,5,6,1,69,61,0.15033262395897914,0.15894511760513186,0.24352577809455925,-0.008612493646152714,0.577855536115971,False,0.663277658846158,0.687971363802406
2025_okc_ind_api_20261005,1628983,Shai Gilgeous-Alexander,OKC,6,7,1,61,73,0.2146710498588107,0.14720413204581181,0.23311250842128897,0.06746691781299888,0.09372656835791052,False,0.2170510004077928,0.21636540017537986
2025_okc_ind_api_20261005,1629026,Kenrich Williams,OKC,1,2,1,1,16,0.6809815950920245,0.875,1.0,-0.1940184049079755,0.9745063734066484,True,0.9745063734066484,0.9817142607839164
2025_okc_ind_api_20261005,1629026,Kenrich Williams,OKC,2,3,1,16,2,0.7150306748466257,0.75,0.9375,-0.03496932515337425,0.6255936015996001,True,0.6998165712809086,0.7294189273194522
2025_okc_ind_api_20261005,1629026,Kenrich Williams,OKC,3,4,1,2,17,0.6964912280701754,0.47058823529411764,0.8823529411764707,0.22590299277605774,0.19670082479380155,True,0.3508717415240784,0.34613245913327867
2025_okc_ind_api_20261005,1629026,Kenrich Williams,OKC,4,5,1,17,16,0.20569569084000328,0.2610294117647059,0.44117647058823534,-0.05533372092470262,0.725568607848038,True,0.7834870550655019,0.7987926281757509
2025_okc_ind_api_20261005,1629026,Kenrich Williams,OKC,5,6,1,16,35,0.47520112473639,0.3089285714285714,0.46428571428571425,0.1662725533078186,0.03924018995251187,True,0.1328129506085017,0.1297212104740805
2025_okc_ind_api_20261005,1629026,Kenrich Williams,OKC,6,7,1,35,8,0.35965588084232153,0.41428571428571426,0.600357142857141,-0.05462983344339273,0.6995751062234441,True,0.7631728431528482,0.7848610335060385
2025_okc_ind_api_20261005,1629614,Andrew Nembhard,IND,1,2,1,60,54,0.214649209486166,0.1925925925925926,0.2962962962962962,0.02205661689357341,0.34991252186953264,False,0.48112971757060735,0.4933549221390305
2025_okc_ind_api_20261005,1629614,Andrew Nembhard,IND,2,3,1,54,62,0.20941593382940776,0.1845878136200717,0.2807646356033453,0.024828120209336058,0.335166208447888,False,0.4808906469034915,0.4815362615042442
2025_okc_ind_api_20261005,1629614,Andrew Nembhard,IND,3,4,1,62,63,0.19540909314812077,0.1840757808499744,0.27982590885816694,0.01133331229814638,0.4258935266183454,False,0.5405571684002076,0.5586463269019598
2025_okc_ind_api_20261005,1629614,Andrew Nembhard,IND,4,5,1,63,72,0.21705883846075744,0.1845238095238095,0.27579365079365076,0.03253502893694793,0.2701824543864034,False,0.4285046385462458,0.4259126190674554
2025_okc_ind_api_20261005,1629614,Andrew Nembhard,IND,5,6,1,72,56,0.19969203897775326,0.19246031746031741,0.2837301587301587,0.007231721517435841,0.44738815296175954,False,0.562430820866212,0.5779961259685079
2025_okc_ind_api_20261005,1629614,Andrew Nembhard,IND,6,7,1,56,60,0.33819796205117303,0.19880952380952382,0.3000595238095235,0.1393884382416492,0.011247188202949263,False,0.06185953511622095,0.057588986212093594
2025_okc_ind_api_20261005,1629652,Luguentz Dort,OKC,1,2,1,65,46,0.3925679583574321,0.18595317725752508,0.29102006688963183,0.206614781099907,0.0007498125468632841,False,0.00899775056235941,0.009634383856865972
2025_okc_ind_api_20261005,1629652,Luguentz Dort,OKC,2,3,1,46,68,0.25419355499297336,0.19085677749360613,0.29028132992327366,0.06333677749936723,0.142464383904024,False,0.28067609963180845,0.28121230561924737
2025_okc_ind_api_20261005,1629652,Luguentz Dort,OKC,3,4,1,68,63,0.26956479447159354,0.15102707749766572,0.23832866479925302,0.11853771697392781,0.015996000999750064,False,0.08445888527868034,0.07310923946865633
2025_okc_ind_api_20261005,1629652,Luguentz Dort,OKC,4,5,1,63,57,0.17089226560568155,0.1570593149540518,0.24477861319966582,0.01383295065162976,0.38690327418145465,False,0.5158710322419395,0.5297621377788083
2025_okc_ind_api_20261005,1629652,Luguentz Dort,OKC,5,6,1,57,35,0.19353042646581614,0.18847117794486212,0.2957393483709273,0.005059248520954018,0.46388402899275183,False,0.572268147916292,0.5926923522402702
2025_okc_ind_api_20261005,1629652,Luguentz Dort,OKC,6,7,1,35,61,0.4908499155440201,0.2224824355971897,0.3297423887587822,0.2683674799468304,0.00024993751562109475,False,0.006598350412396902,0.005673581604598851
2025_okc_ind_api_20261005,1630167,Obi Toppin,IND,1,2,1,47,33,0.4853133951546342,0.2559638942617667,0.3778207607994842,0.22934950089286749,0.0007498125468632841,True,0.00899775056235941,0.009634383856865972
2025_okc_ind_api_20261005,1630167,Obi Toppin,IND,2,3,1,33,51,0.309451826198672,0.23351158645276293,0.3565953654188944,0.07594023974590908,0.14971257185703574,False,0.2906185218401282,0.29381631537360614
2025_okc_ind_api_20261005,1630167,Obi Toppin,IND,3,4,1,51,47,0.31627252629463387,0.21985815602836878,0.32790988735919896,0.09641437026626509,0.06723319170207448,False,0.18179128687215948,0.1788171634134268
2025_okc_ind_api_20261005,1630167,Obi Toppin,IND,4,5,1,47,40,0.2879278046659719,0.22606382978723405,0.3356382978723404,0.06186397487873785,0.1707073231692077,False,0.31296342581021414,0.31722587064405566
2025_okc_ind_api_20261005,1630167,Obi Toppin,IND,5,6,1,40,47,0.42375605843997344,0.2771276595744681,0.38829787234042556,0.14662839886550533,0.017245688577855536,True,0.0875550343183435,0.07726522316789224
2025_okc_ind_api_20261005,1630167,Obi Toppin,IND,6,7,1,47,32,0.38901613742842267,0.2958776595744681,0.420877659574468,0.09313847785395457,0.11047238190452387,True,0.23519926469995403,0.23657764804081996
2025_okc_ind_api_20261005,1630169,Tyrese Haliburton,IND,1,2,1,75,60,0.23833219351193835,0.16666666666666669,0.26,0.07166552684527167,0.1039740064983754,False,0.22874281429642587,0.22767298529065483
2025_okc_ind_api_20261005,1630169,Tyrese Haliburton,IND,2,3,1,60,70,0.13232201105779523,0.17619047619047618,0.26904761904761904,-0.043868465132680945,0.8115471132216946,False,0.8369079605098726,0.8648882380343881
2025_okc_ind_api_20261005,1630169,Tyrese Haliburton,IND,3,4,1,70,68,0.2208726945569051,0.1592436974789916,0.25212184873949567,0.0616289970779135,0.13021744563859036,False,0.26545671274489074,0.26710265204783146
2025_okc_ind_api_20261005,1630169,Tyrese Haliburton,IND,4,5,1,68,69,0.1844332691790319,0.15558397271952257,0.24275362318840576,0.028849296459509344,0.2856785803549113,False,0.43799394978841494,0.4371845240936957
2025_okc_ind_api_20261005,1630169,Tyrese Haliburton,IND,5,6,1,69,44,0.17050170685828595,0.18675889328063242,0.29051383399209485,-0.01625718642234647,0.6133466633341664,False,0.6919808509411108,0.718914075267758
2025_okc_ind_api_20261005,1630169,Tyrese Haliburton,IND,6,7,1,44,10,0.5099558539501517,0.33181818181818185,0.5045454545454545,0.1781376721319699,0.046238440389902526,True,0.14532081265397936,0.14183954011497127
2025_okc_ind_api_20261005,1630174,Aaron Nesmith,IND,1,2,1,61,48,0.12073318813484188,0.19125683060109291,0.2940744535519125,-0.07052364246625104,0.9220194951262184,False,0.929057811882907,0.9413722281573534
2025_okc_ind_api_20261005,1630174,Aaron Nesmith,IND,2,3,1,48,38,0.2493680781758958,0.20942982456140352,0.3300438596491228,0.03993825361449227,0.2759310172456886,False,0.4285046385462458,0.4293869714389585
2025_okc_ind_api_20261005,1630174,Aaron Nesmith,IND,3,4,1,38,52,0.24469985775248937,0.2054655870445344,0.3208502024291498,0.03923427070795496,0.2756810797300675,False,0.4285046385462458,0.4293869714389585
2025_okc_ind_api_20261005,1630174,Aaron Nesmith,IND,4,5,1,52,46,0.22405821118806363,0.1964882943143813,0.3043478260869565,0.02756991687368232,0.32291927018245437,False,0.46841036993498875,0.47190562874302877
2025_okc_ind_api_20261005,1630174,Aaron Nesmith,IND,5,6,1,46,48,0.3042804814945941,0.21739130434782605,0.3252264492753621,0.08688917714676803,0.0894776305923519,False,0.21562466526225585,0.21157731400483212
2025_okc_ind_api_20261005,1630174,Aaron Nesmith,IND,6,7,1,48,52,0.3010119807954896,0.2115384615384615,0.3189102564102564,0.08947351925702807,0.08322919270182455,False,0.20728780069133662,0.202425286535509
2025_okc_ind_api_20261005,1630198,Isaiah Joe,OKC,1,2,1,22,10,0.3832920672690441,0.3636363636363636,0.5727272727272726,0.019655703632680488,0.41039740064983754,True,0.5259461833570734,0.5478552236940765
2025_okc_ind_api_20261005,1630198,Isaiah Joe,OKC,2,3,1,10,5,0.4708413369189397,0.49999999999999994,0.7999999999999999,-0.029158663081060243,0.5296175956010998,True,0.6241921662441533,0.6522053934979185
2025_okc_ind_api_20261005,1630198,Isaiah Joe,OKC,3,4,1,5,9,0.6230576441102758,0.4666666666666667,0.7777777777777778,0.15639097744360908,0.1612096975756061,True,0.30399542971400006,0.3032701769309054
2025_okc_ind_api_20261005,1630198,Isaiah Joe,OKC,4,6,2,9,29,0.6403100775193798,0.4061302681992337,0.6053639846743295,0.23417980932014615,0.024493876530867282,True,0.10429650651853166,0.09531617095726068
2025_okc_ind_api_20261005,1630598,Aaron Wiggins,OKC,1,2,1,18,41,0.35283904661370075,0.3008130081300813,0.44308943089430886,0.05202603848361942,0.2689327668082979,True,0.4285046385462458,0.4249262510358489
2025_okc_ind_api_20261005,1630598,Aaron Wiggins,OKC,2,3,1,41,20,0.21444513471848323,0.2829268292682927,0.4292682926829269,-0.06848169454980949,0.7950512371907024,True,0.8263524670013599,0.853990366761622
2025_okc_ind_api_20261005,1630598,Aaron Wiggins,OKC,3,4,1,20,18,0.5905205905205905,0.3111111111111111,0.47777777777777775,0.27940947940947936,0.0029992501874531365,True,0.0263934016495876,0.02127593101724569
2025_okc_ind_api_20261005,1630598,Aaron Wiggins,OKC,4,5,1,18,39,0.4102877850201191,0.2948717948717948,0.4401709401709402,0.11541599014832427,0.09147713071732066,True,0.21562466526225585,0.21246984172324265
2025_okc_ind_api_20261005,1630598,Aaron Wiggins,OKC,5,6,1,39,36,0.4375563122359907,0.23717948717948717,0.35256410256410253,0.2003768250565035,0.003749062734316421,False,0.027493126718320424,0.025030507079112575
2025_okc_ind_api_20261005,1630598,Aaron Wiggins,OKC,6,7,1,36,22,0.5081607707794076,0.26262626262626265,0.404166666666666,0.24553450815314493,0.00424893776555861,True,0.029518936055459813,0.02729742092778692
2025_okc_ind_api_20261005,1631096,Chet Holmgren,OKC,1,2,1,44,51,0.505729564553094,0.17736185383244207,0.28565062388591794,0.32836771072065196,0.00024993751562109475,False,0.006598350412396902,0.005673581604598851
2025_okc_ind_api_20261005,1631096,Chet Holmgren,OKC,2,3,1,51,64,0.29168794688457605,0.1749387254901961,0.275735294117647,0.11674922139437996,0.02599350162459385,False,0.10597350662334416,0.0977987547312067
2025_okc_ind_api_20261005,1631096,Chet Holmgren,OKC,3,4,1,64,71,0.27288699635010377,0.1538292253521127,0.24803036971830977,0.11905777099799109,0.02024493876530867,False,0.09544042560788372,0.08406587377545856
2025_okc_ind_api_20261005,1631096,Chet Holmgren,OKC,4,5,1,71,61,0.2506197034859455,0.16301085199722928,0.2616024012930039,0.0876088514887162,0.07173206698325418,False,0.18565946748606968,0.1842847558786995
2025_okc_ind_api_20261005,1631096,Chet Holmgren,OKC,5,6,1,61,45,0.18617480946248072,0.18488160291438982,0.28706739526411656,0.0012932065480908972,0.4921269682579355,False,0.5876098542931835,0.6194796032969576
2025_okc_ind_api_20261005,1631096,Chet Holmgren,OKC,6,7,1,45,50,0.3073630136986301,0.19111111111111112,0.30666666666666664,0.116251902587519,0.04848787803049238,False,0.14809630925601933,0.14493647330525447
2025_okc_ind_api_20261005,1631097,Bennedict Mathurin,IND,1,2,1,31,42,0.3550073883407216,0.2818740399385561,0.4070660522273426,0.07313334840216551,0.15821044738815296,True,0.3026634645686404,0.3005891981043736
2025_okc_ind_api_20261005,1631097,Bennedict Mathurin,IND,2,3,1,42,42,0.3863648924998618,0.26190476190476186,0.3571428571428572,0.12446013059509992,0.022494376405898527,True,0.09897525618595353,0.08958286744103448
2025_okc_ind_api_20261005,1631097,Bennedict Mathurin,IND,3,4,1,42,28,0.28937291555152966,0.25,0.380952380952381,0.039372915551529664,0.3111722069482629,True,0.4615138350243899,0.4626818186283123
2025_okc_ind_api_20261005,1631097,Bennedict Mathurin,IND,4,5,1,28,43,0.5135564841782393,0.2583056478405316,0.3870431893687708,0.2552508363377077,0.0012496875781054736,True,0.012689135408455577,0.013297456885778556
2025_okc_ind_api_20261005,1631097,Bennedict Mathurin,IND,5,6,1,43,29,0.6450461696032775,0.3079390537289495,0.4354450681635926,0.33710711587432807,0.00024993751562109475,True,0.006598350412396902,0.005673581604598851
2025_okc_ind_api_20261005,1631097,Bennedict Mathurin,IND,6,7,1,29,56,0.6764383421281827,0.29802955665024633,0.41687192118226596,0.3784087854779363,0.00024993751562109475,True,0.006598350412396902,0.005673581604598851
2025_okc_ind_api_20261005,1631114,Jalen Williams,OKC,1,2,1,68,63,0.1637555700510048,0.17740429505135386,0.2707749766573296,-0.013648725000349055,0.6058485378655336,False,0.6894138534331934,0.7125783321009126
2025_okc_ind_api_20261005,1631114,Jalen Williams,OKC,2,3,1,63,72,0.19532250944229165,0.17956349206349206,0.2738095238095237,0.01575901737879959,0.38540364908772806,False,0.5158710322419395,0.5297621377788083
2025_okc_ind_api_20261005,1631114,Jalen Williams,OKC,3,4,1,72,73,0.13176557248745455,0.16866438356164382,0.2545757229832572,-0.03689881107418927,0.7723069232691827,False,0.8181954511372156,0.8388213951296865
2025_okc_ind_api_20261005,1631114,Jalen Williams,OKC,4,5,1,73,66,0.1907900529553087,0.17725197177251975,0.2671336654213366,0.013538081182788958,0.3926518370407398,False,0.5183004248937766,0.5358635291077031
2025_okc_ind_api_20261005,1631114,Jalen Williams,OKC,5,6,1,66,48,0.39147376699999287,0.1912878787878788,0.2916666666666667,0.20018588821211405,0.0012496875781054736,False,0.012689135408455577,0.013297456885778556
2025_okc_ind_api_20261005,1631114,Jalen Williams,OKC,6,7,1,48,66,0.2815871100833734,0.1875,0.2897727272727273,0.0940871100833734,0.06473381654586353,False,0.18179128687215948,0.17493543280846455
2025_okc_ind_api_20261005,1631119,Jaylin Williams,OKC,2,3,1,4,1,1.0,0.5,1.0,0.5,0.20519870032491877,True,0.3611497125718571,0.3528169465171396
2025_okc_ind_api_20261005,1631119,Jaylin Williams,OKC,3,6,3,1,25,0.9515418502202643,0.8400000000000001,1.0,0.1115418502202642,0.2174456385903524,True,0.37766874070955947,0.36744535950379653
2025_okc_ind_api_20261005,1631172,Ousmane Dieng,OKC,2,6,4,3,6,0.39270253555967843,0.49999999999999994,0.8333333333333333,-0.10729746444032151,0.5431142214446388,True,0.628869098514845,0.6604656871496412
2025_okc_ind_api_20261005,1631172,Ousmane Dieng,OKC,6,7,1,6,1,0.707070707070707,0.6666666666666667,1.0,0.04040404040404022,0.41014746313421646,True,0.5259461833570734,0.5478552236940765
2025_okc_ind_api_20261005,1641717,Cason Wallace,OKC,1,2,1,58,41,0.15560155322358077,0.17535744322960475,0.277565180824222,-0.019755890006023985,0.651587103224194,False,0.7227688876100303,0.7494294217339426
2025_okc_ind_api_20261005,1641717,Cason Wallace,OKC,2,3,1,41,47,0.4266216917488324,0.1904514789828749,0.3061754021795537,0.2361702127659575,0.0017495626093476631,False,0.016495876030992253,0.016321262150215874
2025_okc_ind_api_20261005,1641717,Cason Wallace,OKC,3,4,1,47,31,0.2397169834823987,0.212079615648593,0.336993822923816,0.027637367833805687,0.3464133966508373,False,0.48112971757060735,0.4904522310170898
2025_okc_ind_api_20261005,1641717,Cason Wallace,OKC,4,5,1,31,29,0.17605913995607475,0.2224694104560623,0.36040044493882084,-0.046410270499987555,0.7748062984253936,False,0.8181954511372156,0.8401960019549253
2025_okc_ind_api_20261005,1641717,Cason Wallace,OKC,5,6,1,29,29,0.3129904008804288,0.2413793103448276,0.3793103448275862,0.07161109053560119,0.12571857035741066,False,0.2634103378917176,0.26101934882133127
2025_okc_ind_api_20261005,1641717,Cason Wallace,OKC,6,7,1,29,40,0.2014976254290685,0.24224137931034484,0.36724137931034484,-0.04074375388127635,0.7300674831292177,False,0.7834870550655019,0.8018967032435439
2025_okc_ind_api_20261005,1641767,Ben Sheppard,IND,1,2,1,18,22,0.4161719733765066,0.36363636363636365,0.5303030303030303,0.05253560974014293,0.2886778305423644,True,0.43799394978841494,0.44078386233038147
2025_okc_ind_api_20261005,1641767,Ben Sheppard,IND,2,3,1,22,38,0.4344135565453335,0.3014354066985646,0.4449760765550239,0.13297814984676887,0.06198450387403149,True,0.17786857633417733,0.16952388408921867
2025_okc_ind_api_20261005,1641767,Ben Sheppard,IND,3,4,1,38,18,0.31764240133470323,0.2865497076023391,0.43567251461988304,0.03109269373236412,0.3406648337915521,True,0.48112971757060735,0.48840579328851996
2025_okc_ind_api_20261005,1641767,Ben Sheppard,IND,4,5,1,18,10,0.2536602486963498,0.3444444444444444,0.5444444444444444,-0.0907841957480946,0.7858035491127218,True,0.823222765737137,0.8480700743989913
2025_okc_ind_api_20261005,1641767,Ben Sheppard,IND,5,6,1,10,40,0.696974697469747,0.44999999999999996,0.6000000000000001,0.2469746974697471,0.009247688077980504,True,0.05548612846788303,0.049981552230989865
2025_okc_ind_api_20261005,1641767,Ben Sheppard,IND,6,7,1,40,28,0.5875687568756875,0.3035714285714286,0.43214285714285705,0.28399732830425894,0.0007498125468632841,True,0.00899775056235941,0.009634383856865972
2025_okc_ind_api_20261005,1641794,Dillon Jones,OKC,2,6,4,3,14,0.5505952380952381,0.5238095238095237,0.857142857142857,0.026785714285714413,0.4738815296175956,True,0.5775069993969397,0.6020770926671317
2025_okc_ind_api_20261005,1641794,Dillon Jones,OKC,6,7,1,14,1,0.5864661654135338,0.7857142857142856,1.0,-0.19924812030075179,0.691077230692327,True,0.7601849537615596,0.781662257702901
2025_okc_ind_api_20261005,1642277,Johnny Furphy,IND,2,5,3,8,5,0.7355769230769231,0.55,0.875,0.18557692307692308,0.19045238690327418,True,0.34437965851003005,0.34041489627593097
2025_okc_ind_api_20261005,1642277,Johnny Furphy,IND,5,6,1,5,9,1.0000000000000002,0.5555555555555556,0.7999999999999999,0.44444444444444464,0.005748562859285179,True,0.036133823686935414,0.03464399386878944
2025_okc_ind_api_20261005,1642277,Johnny Furphy,IND,6,7,1,9,2,0.8451612903225807,0.5555555555555556,0.8888888888888888,0.2896057347670251,0.09722569357660585,True,0.21752189071376224,0.21835823938752155
2025_okc_ind_api_20261005,1642349,Ajay Mitchell,OKC,1,2,1,9,5,0.5498960498960499,0.44444444444444453,0.688888888888889,0.10545160545160537,0.31917020744813795,True,0.468116304257269,0.4714563294660206
2025_okc_ind_api_20261005,1642349,Ajay Mitchell,OKC,2,6,4,5,26,0.6149482816149483,0.45384615384615384,0.6923076923076923,0.16110212776879446,0.13696575856035992,True,0.27393151712071984,0.2719349317189653
2025_okc_ind_api_20261005,1642349,Ajay Mitchell,OKC,6,7,1,26,1,0.6502057613168724,0.8076923076923077,1.0,-0.15748654637543535,0.8405398650337416,True,0.855247726529906,0.8860799506005852
2026_cle_nyk_api_20261005,201935,James Harden,CLE,1,2,1,74,57,0.10866261398176288,0.14817449027975343,0.24110953058321477,-0.03951187629799055,0.8095476130967258,False,0.8451247843776761,0.864109599559358
2026_cle_nyk_api_20261005,201935,James Harden,CLE,2,3,1,57,80,0.10114285714285715,0.13728070175438595,0.2287280701754386,-0.0361378446115288,0.8060484878780305,False,0.8451247843776761,0.8625269114432538
2026_cle_nyk_api_20261005,201935,James Harden,CLE,3,4,1,80,67,0.16656968641114986,0.1434701492537313,0.2305970149253731,0.023099537157418554,0.3026743314171457,False,0.45401149712571864,0.45513621594601356
2026_cle_nyk_api_20261005,203471,Dennis Schröder,CLE,1,2,1,38,26,0.19035497783273517,0.2408906882591093,0.3785425101214575,-0.05053571042637414,0.7675581104723819,False,0.8337269130993114,0.8349953246512654
2026_cle_nyk_api_20261005,203471,Dennis Schröder,CLE,2,3,1,26,14,0.3095589933040868,0.2857142857142857,0.46703296703296704,0.023844707589801117,0.4128967758060485,True,0.5419270182454387,0.5481144333799591
2026_cle_nyk_api_20261005,203903,Jordan Clarkson,NYK,1,2,1,34,12,0.4620535714285715,0.3088235294117647,0.4852941176470589,0.1532300420168068,0.0757310672331917,True,0.20847788052986752,0.19315676698802828
2026_cle_nyk_api_20261005,203903,Jordan Clarkson,NYK,2,3,1,12,4,0.42857142857142855,0.41666666666666663,0.6666666666666667,0.011904761904761918,0.3474131467133217,True,0.4974324600668015,0.49084720521114533
2026_cle_nyk_api_20261005,203903,Jordan Clarkson,NYK,3,4,1,4,17,0.9642857142857142,0.47058823529411764,0.7058823529411765,0.49369747899159655,0.0007498125468632841,True,0.019682579355161208,0.009634383856865972
2026_cle_nyk_api_20261005,1626157,Karl-Anthony Towns,NYK,1,2,1,71,59,0.2888815915496812,0.16137502984005725,0.25757937455239915,0.12750656170962393,0.0142464383904024,False,0.1121907023244189,0.06784492688016808
2026_cle_nyk_api_20261005,1626157,Karl-Anthony Towns,NYK,2,3,1,59,67,0.20142721305968717,0.16164938021755626,0.2539843157095876,0.039777832842130906,0.23019245188702825,False,0.3903366263697234,0.3813142588139373
2026_cle_nyk_api_20261005,1626157,Karl-Anthony Towns,NYK,3,4,1,67,51,0.251103624535316,0.16505706760316066,0.2671934445419959,0.08604655693215532,0.07973006748312922,False,0.20847788052986752,0.19744063984003998
2026_cle_nyk_api_20261005,1628378,Donovan Mitchell,CLE,1,2,1,78,67,0.33588368153585546,0.16379640260237274,0.25315729047072333,0.17208727893348272,0.0012496875781054736,False,0.019682579355161208,0.013297456885778556
2026_cle_nyk_api_20261005,1628378,Donovan Mitchell,CLE,2,3,1,67,74,0.21150899537338086,0.16458249294070187,0.2529245663574022,0.046926502432678985,0.184703824043989,False,0.3691062528485526,0.33453006429243753
2026_cle_nyk_api_20261005,1628378,Donovan Mitchell,CLE,3,4,1,74,68,0.13230573302038712,0.16375198728139906,0.25757154213036554,-0.03144625426101194,0.7390652336915771,False,0.8168615740801641,0.810472502647285
2026_cle_nyk_api_20261005,1628384,OG Anunoby,NYK,1,2,1,60,60,0.15449076520355423,0.16666666666666669,0.2666666666666667,-0.012175901463112454,0.612096975756061,False,0.7141131383820712,0.7186862767066855
2026_cle_nyk_api_20261005,1628384,OG Anunoby,NYK,2,3,1,60,64,0.214599790812254,0.16979166666666667,0.2635416666666667,0.044808124145587325,0.1987003249187703,False,0.3691062528485526,0.3469279363832511
2026_cle_nyk_api_20261005,1628384,OG Anunoby,NYK,3,4,1,64,55,0.2908904619970194,0.1809659090909091,0.2770028409090909,0.1099245529061103,0.02799300174956261,False,0.1469632591852037,0.10249050640565666
2026_cle_nyk_api_20261005,1628386,Jarrett Allen,CLE,1,2,1,62,51,0.16552071864420728,0.15654648956356737,0.2621758380771664,0.008974229080639912,0.43814046488377906,False,0.5520569857535615,0.5683307744492448
2026_cle_nyk_api_20261005,1628386,Jarrett Allen,CLE,2,3,1,51,69,0.17370764754361764,0.15686274509803919,0.2591645353793691,0.016844902445578458,0.3836540864783804,False,0.5254392923508253,0.5288834673922612
2026_cle_nyk_api_20261005,1628386,Jarrett Allen,CLE,3,4,1,69,51,0.14888462150760168,0.1577152600170503,0.2591645353793691,-0.008830638509448624,0.5673581604598851,False,0.6744068699806182,0.6790349864203545
2026_cle_nyk_api_20261005,1628404,Josh Hart,NYK,1,2,1,55,56,0.13184023889511012,0.17532467532467533,0.27629870129870127,-0.043484436429565204,0.8182954261434642,False,0.8451247843776761,0.8707174768807798
2026_cle_nyk_api_20261005,1628404,Josh Hart,NYK,2,3,1,56,64,0.23330289293934375,0.1763392857142857,0.27455357142857145,0.056963607225058055,0.15846038490377407,False,0.3369657585603599,0.3005891981043736
2026_cle_nyk_api_20261005,1628404,Josh Hart,NYK,3,4,1,64,46,0.3848214779725652,0.1956521739130435,0.29823369565217395,0.18916930405952173,0.0017495626093476631,False,0.022044488877780554,0.016321262150215874
2026_cle_nyk_api_20261005,1628418,Thomas Bryant,CLE,2,4,2,1,17,0.8641975308641975,0.7647058823529412,1.0,0.09949164851125625,0.4118970257435641,True,0.5419270182454387,0.5478552236940765
2026_cle_nyk_api_20261005,1628969,Mikal Bridges,NYK,1,2,1,72,71,0.2361124889149419,0.17429577464788734,0.26154147104851333,0.06181671426705457,0.1087228192951762,False,0.24462634341414646,0.23356542567828076
2026_cle_nyk_api_20261005,1628969,Mikal Bridges,NYK,2,3,1,71,81,0.24356787491115847,0.16136324117544776,0.24934793948878456,0.08220463373571071,0.06198450387403149,False,0.19525118720319917,0.16952388408921867
2026_cle_nyk_api_20261005,1628969,Mikal Bridges,NYK,3,4,1,81,60,0.16668294297324715,0.17098765432098767,0.26052469135802453,-0.00430471134774052,0.533116720819795,False,0.6458914117624439,0.6550686652661158
2026_cle_nyk_api_20261005,1628973,Jalen Brunson,NYK,1,2,1,88,74,0.18046616373822258,0.15294840294840295,0.24325859950859943,0.02751776078981963,0.292926768307923,False,0.4501069854487598,0.44428313856947793
2026_cle_nyk_api_20261005,1628973,Jalen Brunson,NYK,2,3,1,74,87,0.18040212910187592,0.1543957750854303,0.2423112767940354,0.026006354016445632,0.29192701824543865,False,0.4501069854487598,0.4437551326454101
2026_cle_nyk_api_20261005,1628973,Jalen Brunson,NYK,3,4,1,87,60,0.2762379687762017,0.1781609195402299,0.2660919540229885,0.09807704923597182,0.03424143964008998,False,0.1552111972006998,0.12045450175917559
2026_cle_nyk_api_20261005,1629011,Mitchell Robinson,NYK,1,2,1,29,20,0.4023226616446955,0.2517241379310345,0.4172413793103449,0.150598523713661,0.06523369157710572,True,0.19570107473131715,0.17558950183402766
2026_cle_nyk_api_20261005,1629011,Mitchell Robinson,NYK,2,3,1,20,19,0.35193271874494575,0.21447368421052632,0.3894736842105263,0.13745903453441943,0.08272931767058235,False,0.20847788052986752,0.20193070012066874
2026_cle_nyk_api_20261005,1629011,Mitchell Robinson,NYK,3,4,1,19,37,0.3027885706426434,0.24893314366998576,0.3946657183499254,0.05385542697265766,0.27643089227693074,False,0.4465422106011958,0.4293869714389585
2026_cle_nyk_api_20261005,1629013,Landry Shamet,NYK,1,2,1,29,22,0.41450620217670264,0.27115987460815044,0.4184952978056426,0.1433463275685522,0.05798550362409398,True,0.19226772254304847,0.16183659003281967
2026_cle_nyk_api_20261005,1629013,Landry Shamet,NYK,2,3,1,22,50,0.38189672172013883,0.2381818181818182,0.37636363636363634,0.14371490353832064,0.04173956510872282,False,0.17530617345663585,0.13344903210817016
2026_cle_nyk_api_20261005,1629013,Landry Shamet,NYK,3,4,1,50,34,0.39077149373002973,0.22823529411764706,0.34470588235294114,0.16253619961238266,0.0142464383904024,False,0.1121907023244189,0.06784492688016808
2026_cle_nyk_api_20261005,1629622,Max Strus,CLE,1,2,1,49,46,0.351860231271996,0.22493345164152617,0.32970275066548327,0.12692677963046983,0.025743564108972758,False,0.1469632591852037,0.0977987547312067
2026_cle_nyk_api_20261005,1629622,Max Strus,CLE,2,3,1,46,57,0.31847548222170574,0.19679633867276886,0.3047292143401983,0.12167914354893689,0.03449137715571107,False,0.1552111972006998,0.12045450175917559
2026_cle_nyk_api_20261005,1629622,Max Strus,CLE,3,4,1,57,42,0.3266341664377918,0.18295739348370926,0.2944862155388471,0.14367677295408254,0.01949512621844539,False,0.12281929517620596,0.08195173428865006
2026_cle_nyk_api_20261005,1629731,Dean Wade,CLE,1,2,1,45,33,0.3146425724156258,0.1939393939393939,0.3131313131313131,0.12070317847623191,0.04773806548362909,False,0.17691165443933135,0.14493647330525447
2026_cle_nyk_api_20261005,1629731,Dean Wade,CLE,2,3,1,33,31,0.24825296995108315,0.14956011730205276,0.27370478983382207,0.09869285264903038,0.10047488127968009,False,0.23444138965258685,0.22072062629503914
2026_cle_nyk_api_20261005,1629731,Dean Wade,CLE,3,4,1,31,25,0.29615162037037035,0.1987096774193548,0.327741935483871,0.09744194295101555,0.09997500624843789,False,0.23444138965258685,0.22072062629503914
2026_cle_nyk_api_20261005,1630241,Sam Merrill,CLE,1,2,1,53,37,0.34286151203961845,0.23023967363590003,0.34421213666496686,0.11262183840371842,0.051237190702324416,False,0.17933016745813546,0.14847883773737416
2026_cle_nyk_api_20261005,1630241,Sam Merrill,CLE,2,3,1,37,45,0.3470574276222117,0.22822822822822822,0.3441441441441442,0.11882919939398348,0.04698825293676581,False,0.17691165443933135,0.14349327466339692
2026_cle_nyk_api_20261005,1630241,Sam Merrill,CLE,3,4,1,45,36,0.38317524192775704,0.21111111111111114,0.3333333333333333,0.1720641308166459,0.013496625843539115,False,0.1121907023244189,0.0656514442817867
2026_cle_nyk_api_20261005,1630540,Miles McBride,NYK,1,2,1,33,22,0.24934428098985062,0.24242424242424238,0.3939393939393939,0.006920038565608244,0.4271432141964509,False,0.549184132538294,0.5586463269019598
2026_cle_nyk_api_20261005,1630540,Miles McBride,NYK,2,3,1,22,22,0.3209537457208821,0.2272727272727273,0.40909090909090906,0.0936810184481548,0.1604598850287428,False,0.3369657585603599,0.30269579419549547
2026_cle_nyk_api_20261005,1630540,Miles McBride,NYK,3,4,1,22,31,0.5898439319822968,0.29912023460410553,0.44428152492668616,0.29072369737819126,0.000999750062484379,True,0.019682579355161208,0.011539488009353595
2026_cle_nyk_api_20261005,1630596,Evan Mobley,CLE,1,2,1,76,61,0.1556513117754728,0.1562769628990509,0.24784296807592748,-0.000625651123578097,0.5096225943514121,False,0.6295337930223326,0.6379650491788817
2026_cle_nyk_api_20261005,1630596,Evan Mobley,CLE,2,3,1,61,66,0.17021537921656354,0.15226030799801293,0.2468951813214108,0.01795507121855061,0.36065983504123966,False,0.5049237690577355,0.5043313093697828
2026_cle_nyk_api_20261005,1630596,Evan Mobley,CLE,3,4,1,66,70,0.13333333333333336,0.14935064935064934,0.24285714285714285,-0.016017316017315986,0.6323419145213697,False,0.7243189202699325,0.7323551765119944
2026_cle_nyk_api_20261005,1630631,Jose Alvarado,NYK,1,2,1,10,10,0.6522577996715927,0.30000000000000004,0.6000000000000001,0.35225779967159265,0.01699575106223444,True,0.11897025743564107,0.07664971174424937
2026_cle_nyk_api_20261005,1630631,Jose Alvarado,NYK,2,3,1,10,7,0.44450526059721457,0.3285714285714285,0.5714285714285714,0.11593383202578605,0.20619845038740314,True,0.37115721069732566,0.3528169465171396
2026_cle_nyk_api_20261005,1630631,Jose Alvarado,NYK,3,4,1,7,22,0.9219793564055859,0.48701298701298706,0.6818181818181818,0.43496636939259886,0.00024993751562109475,True,0.01574606348412897,0.005673581604598851
2026_cle_nyk_api_20261005,1631165,Keon Ellis,CLE,1,2,1,8,1,0.9642857142857142,0.75,1.0,0.2142857142857142,0.19845038740314921,True,0.3691062528485526,0.3469279363832511
2026_cle_nyk_api_20261005,1631165,Keon Ellis,CLE,2,4,2,1,29,0.7337772397094432,0.8965517241379309,1.0,-0.16277448442848774,0.839290177455636,True,0.8528271158016947,0.8860799506005852
2026_cle_nyk_api_20261005,1641772,Nae'Qwan Tomlin,CLE,2,4,2,1,14,0.8928571428571429,0.7142857142857143,1.0,0.1785714285714286,0.23544113971507125,True,0.3903366263697234,0.3854216734277969
2026_cle_nyk_api_20261005,1641854,Craig Porter Jr.,CLE,2,4,2,1,17,0.6666666666666666,0.7647058823529411,1.0,-0.0980392156862745,0.6440889777555611,True,0.7246000999750063,0.7446937077275673
2026_cle_nyk_api_20261005,1642278,Tyler Kolek,NYK,2,4,2,1,16,0.8875,0.75,1.0,0.13749999999999996,0.22994251437140714,True,0.3903366263697234,0.3813142588139373
2026_cle_nyk_api_20261005,1642281,Jaylon Tyson,CLE,2,3,1,15,16,0.5279594047093746,0.35833333333333334,0.55,0.1696260713760413,0.08122969257685579,True,0.20847788052986752,0.19970187958425556
2026_cle_nyk_api_20261005,1642281,Jaylon Tyson,CLE,3,4,1,16,31,0.413663833500307,0.3306451612903226,0.49193548387096775,0.08301867220998438,0.1992001999500125,True,0.3691062528485526,0.3469279363832511
2026_cle_nyk_api_20261005,1642359,Pacôme Dadiet,NYK,2,4,2,1,14,0.36516853932584276,0.7142857142857143,1.0,-0.34911717495987155,0.96575856035991,True,0.96575856035991,0.9743430808964425
2026_cle_nyk_api_20261005,1642878,Tyrese Proctor,CLE,2,4,2,1,15,0.8721804511278195,0.7333333333333334,1.0,0.1388471177944861,0.3186703324168958,True,0.46688909168056825,0.4714563294660206
2026_den_min_api_20261005,201144,Mike Conley,MIN,1,2,1,21,8,0.3225280695400217,0.36904761904761907,0.5892857142857143,-0.046519549507597346,0.6278430392401899,True,0.7324835457802216,0.7296264671033607
2026_den_min_api_20261005,201144,Mike Conley,MIN,2,4,2,8,39,0.3057513914656772,0.3621794871794872,0.5641025641025641,-0.05642809571381002,0.7145713571607099,True,0.7834457048388506,0.792545756069126
2026_den_min_api_20261005,201144,Mike Conley,MIN,4,5,1,39,32,0.46036217303822935,0.23157051282051283,0.3541666666666667,0.22879166021771652,0.0017495626093476631,False,0.005896673979653234,0.016321262150215874
2026_den_min_api_20261005,201144,Mike Conley,MIN,5,6,1,32,40,0.507559851864812,0.23750000000000004,0.36875,0.27005985186481196,0.0007498125468632841,False,0.003101497352934493,0.009634383856865972
2026_den_min_api_20261005,202685,Jonas Valanciunas,DEN,1,2,1,16,4,0.13372093023255813,0.1875,0.5,-0.05377906976744187,0.6625843539115222,False,0.7443848914314631,0.7570804446539373
2026_den_min_api_20261005,202685,Jonas Valanciunas,DEN,2,5,3,4,21,0.9413680781758959,0.45238095238095233,0.7142857142857143,0.4889871257949435,0.0024993751562109472,True,0.007581437973839874,0.019791563736972734
2026_den_min_api_20261005,202685,Jonas Valanciunas,DEN,5,6,1,21,6,0.30434949223989266,0.3333333333333333,0.5714285714285714,-0.028983841093440654,0.588352911772057,True,0.6953261684578855,0.6968144920291666
2026_den_min_api_20261005,203497,Rudy Gobert,MIN,1,2,1,78,57,0.16456814576775458,0.14439946018893385,0.22874493927125508,0.020168685578820733,0.3339165208697826,False,0.41062707296148937,0.4815362615042442
2026_den_min_api_20261005,203497,Rudy Gobert,MIN,2,3,1,57,74,0.23242907751397493,0.1510194404931247,0.2306780464675202,0.08140963702085022,0.047988002999250184,False,0.09097725568607846,0.14493647330525447
2026_den_min_api_20261005,203497,Rudy Gobert,MIN,3,4,1,74,64,0.0773042756576929,0.1224662162162162,0.1942989864864863,-0.045161940558523295,0.9097725568607848,False,0.9302168839812519,0.9316618213867586
2026_den_min_api_20261005,203497,Rudy Gobert,MIN,4,5,1,64,65,0.1002574608930704,0.11177884615384617,0.18966346153846153,-0.011521385260775771,0.651587103224194,False,0.7437390652336916,0.7494294217339426
2026_den_min_api_20261005,203497,Rudy Gobert,MIN,5,6,1,65,78,0.0967236517715668,0.11538461538461539,0.1897435897435898,-0.018660963613048587,0.7113221694576356,False,0.7834457048388506,0.790229033280016
2026_den_min_api_20261005,203501,Tim Hardaway Jr.,DEN,1,2,1,50,52,0.3038809410176121,0.19076923076923075,0.2953846153846154,0.11311171024838135,0.04023994001499625,False,0.07960509872531867,0.1311167423455141
2026_den_min_api_20261005,203501,Tim Hardaway Jr.,DEN,2,3,1,52,56,0.33444605789505893,0.18543956043956042,0.28983516483516486,0.14900649745549852,0.010747313171707074,False,0.02445013746563359,0.05544636568130695
2026_den_min_api_20261005,203501,Tim Hardaway Jr.,DEN,3,4,1,56,51,0.4747702589807853,0.2079831932773109,0.3077731092436975,0.2667870657034744,0.00024993751562109475,False,0.001624593851537116,0.005673581604598851
2026_den_min_api_20261005,203501,Tim Hardaway Jr.,DEN,4,5,1,51,23,0.5445773524720893,0.2710997442455243,0.39897698209718674,0.27347760822656497,0.0004998750312421895,True,0.002527145991279958,0.007916625494789093
2026_den_min_api_20261005,203501,Tim Hardaway Jr.,DEN,5,6,1,23,34,0.5628205128205129,0.29539641943734013,0.4309462915601023,0.2674240933831728,0.0014996250937265683,True,0.0052486878280429885,0.015018304247467544
2026_den_min_api_20261005,203932,Aaron Gordon,DEN,1,2,1,67,78,0.1755960729312763,0.1520283199387677,0.2420589360887868,0.0235677529925086,0.3201699575106223,False,0.41062707296148937,0.4714563294660206
2026_den_min_api_20261005,203932,Aaron Gordon,DEN,2,4,2,78,45,0.2138590203106332,0.15512820512820513,0.2547008547008547,0.058730815182428064,0.15746063484128967,False,0.23490029132061244,0.30036608494935085
2026_den_min_api_20261005,203937,Kyle Anderson,MIN,1,2,1,12,10,0.4261943102522812,0.35,0.5833333333333333,0.07619431025228124,0.27743064233941517,True,0.3768087828789072,0.4293869714389585
2026_den_min_api_20261005,203937,Kyle Anderson,MIN,2,3,1,10,9,0.9153846153846152,0.4888888888888889,0.7000000000000001,0.42649572649572637,0.0007498125468632841,True,0.003101497352934493,0.009634383856865972
2026_den_min_api_20261005,203937,Kyle Anderson,MIN,3,4,1,9,6,0.9384615384615383,0.5555555555555556,0.8333333333333334,0.38290598290598277,0.005248687828042989,True,0.013267516454219778,0.03249414918997523
2026_den_min_api_20261005,203937,Kyle Anderson,MIN,4,5,1,6,35,0.7327648330530867,0.4380952380952381,0.657142857142857,0.2946695949578486,0.012246938265433641,True,0.027182228833035643,0.060435977962031234
2026_den_min_api_20261005,203944,Julius Randle,MIN,1,2,1,63,79,0.2718735421582481,0.16033755274261605,0.25176813341370297,0.11153598941563206,0.02324418895276181,False,0.04807320897048466,0.091498801600178
2026_den_min_api_20261005,203944,Julius Randle,MIN,2,3,1,79,67,0.6350861766903126,0.19384092197241637,0.28377101832609103,0.4412452547178963,0.00024993751562109475,False,0.001624593851537116,0.005673581604598851
2026_den_min_api_20261005,203944,Julius Randle,MIN,3,4,1,67,61,0.46843367767520966,0.20626376315145584,0.3019329581600195,0.2621699145237538,0.00024993751562109475,False,0.001624593851537116,0.005673581604598851
2026_den_min_api_20261005,203944,Julius Randle,MIN,4,5,1,61,67,0.5816355696417781,0.16735992170296063,0.2630291167115243,0.41427564793881744,0.00024993751562109475,False,0.001624593851537116,0.005673581604598851
2026_den_min_api_20261005,203944,Julius Randle,MIN,5,6,1,67,67,0.1853088958631181,0.14925373134328357,0.23880597014925373,0.03605516451983454,0.2139465133716571,False,0.30903385264794914,0.36243178011467286
2026_den_min_api_20261005,203999,Nikola Jokić,DEN,1,2,1,89,88,0.18821419365924907,0.1341292134831461,0.21834141981613886,0.05408498017610297,0.12346913271682079,False,0.2006373406648338,0.2579217158900459
2026_den_min_api_20261005,203999,Nikola Jokić,DEN,2,3,1,88,73,0.4195849699493635,0.13325031133250312,0.2129514321295143,0.28633465861686036,0.00024993751562109475,False,0.001624593851537116,0.005673581604598851
2026_den_min_api_20261005,203999,Nikola Jokić,DEN,3,4,1,73,77,0.1705697953162456,0.1174168297455969,0.19195872620530152,0.053152965570648705,0.1132216945763559,False,0.18939810501919974,0.2417052476692739
2026_den_min_api_20261005,203999,Nikola Jokić,DEN,4,5,1,77,83,0.22067617217784075,0.14583007354091693,0.2214051009231732,0.07484609863692382,0.05298675331167208,False,0.09840397043596243,0.15225307597151344
2026_den_min_api_20261005,203999,Nikola Jokić,DEN,5,6,1,83,84,0.2671986417657046,0.13080895008605853,0.2010900745840505,0.1363896916796461,0.002749312671832042,False,0.008070563004410187,0.020132063758253986
2026_den_min_api_20261005,1626145,Tyus Jones,DEN,3,5,2,7,26,0.43186629526462395,0.34615384615384615,0.5604395604395604,0.0857124491107778,0.22869282679330166,True,0.3251726130967258,0.38078194387833353
2026_den_min_api_20261005,1626145,Tyus Jones,DEN,5,6,1,26,21,0.6963788300835654,0.3003663003663003,0.45421245421245415,0.3960125297172651,0.0004998750312421895,True,0.002527145991279958,0.007916625494789093
2026_den_min_api_20261005,1627750,Jamal Murray,DEN,1,2,1,85,88,0.07881110658888436,0.13850267379679143,0.217379679144385,-0.05969156720790707,0.9397650587353161,False,0.9502068927212641,0.953770499252981
2026_den_min_api_20261005,1627750,Jamal Murray,DEN,2,3,1,88,67,0.2671117829847989,0.13687245590230665,0.22048846675712347,0.13023932708249222,0.007498125468632842,False,0.017495626093476633,0.042909440707050134
2026_den_min_api_20261005,1627750,Jamal Murray,DEN,3,4,1,67,78,0.3118118048953059,0.14561806352851128,0.22981247608113278,0.16619374136679463,0.0022494376405898524,False,0.007058580182540571,0.01914833791552112
2026_den_min_api_20261005,1627750,Jamal Murray,DEN,4,5,1,78,78,0.3535470347166611,0.16666666666666666,0.2564102564102564,0.18688036804999444,0.0007498125468632841,False,0.003101497352934493,0.009634383856865972
2026_den_min_api_20261005,1627750,Jamal Murray,DEN,5,6,1,78,74,0.453190703628933,0.15557865557865558,0.24081774081774082,0.2976120480502774,0.00024993751562109475,False,0.001624593851537116,0.005673581604598851
2026_den_min_api_20261005,1628971,Bruce Brown,DEN,1,2,1,39,28,0.3731866360572461,0.26373626373626374,0.39560439560439553,0.10945037232098237,0.0802299425143714,True,0.14040239940014995,0.19795866250828598
2026_den_min_api_20261005,1628971,Bruce Brown,DEN,2,3,1,28,43,0.22855427473583095,0.24003322259136214,0.3745847176079734,-0.01147894785553119,0.5673581604598851,False,0.6793367447611782,0.6790349864203545
2026_den_min_api_20261005,1628971,Bruce Brown,DEN,3,4,1,43,35,0.36818502824858756,0.23853820598006648,0.3601328903654485,0.1296468222685211,0.04123969007748063,False,0.07984705951171782,0.13344903210817016
2026_den_min_api_20261005,1628971,Bruce Brown,DEN,4,5,1,35,42,0.3834613071016595,0.2476190476190476,0.37142857142857144,0.1358422594826119,0.037740564858785304,False,0.07631980893665473,0.12660751068390538
2026_den_min_api_20261005,1628971,Bruce Brown,DEN,5,6,1,42,24,0.5583152185610055,0.2857142857142857,0.4166666666666667,0.2726009328467198,0.0014996250937265683,True,0.0052486878280429885,0.015018304247467544
2026_den_min_api_20261005,1628978,Donte DiVincenzo,MIN,1,2,1,64,64,0.12599073597529592,0.15625,0.25,-0.03025926402470408,0.7260684828792802,False,0.7865741897858869,0.7987926281757509
2026_den_min_api_20261005,1628978,Donte DiVincenzo,MIN,2,3,1,64,71,0.37198440515102593,0.18948063380281688,0.282350352112676,0.18250377134820905,0.000999750062484379,False,0.003955532855916456,0.011539488009353595
2026_den_min_api_20261005,1628978,Donte DiVincenzo,MIN,3,4,1,71,2,0.6292875989445911,0.7464788732394365,0.9014084507042254,-0.11719127429484544,0.876030992251937,True,0.9058956851696167,0.9063094620881956
2026_den_min_api_20261005,1629661,Cameron Johnson,DEN,1,2,1,70,55,0.22947540189664234,0.19090909090909092,0.287012987012987,0.03856631098755142,0.24393901524618844,False,0.3415146213446638,0.3953987750093356
2026_den_min_api_20261005,1629661,Cameron Johnson,DEN,2,3,1,55,46,0.238724948605947,0.21185770750988142,0.3142292490118577,0.026867241096065586,0.3209197700574856,False,0.41062707296148937,0.4714563294660206
2026_den_min_api_20261005,1629661,Cameron Johnson,DEN,3,4,1,46,49,0.31433072128337763,0.2302573203194321,0.3393966282165039,0.08407340096394553,0.10022494376405898,False,0.17208433740621448,0.22072062629503914
2026_den_min_api_20261005,1629661,Cameron Johnson,DEN,4,5,1,49,76,0.338332281929231,0.22073039742212672,0.31632653061224486,0.11760188450710427,0.020494876280929768,False,0.04337287771080486,0.08458794392311013
2026_den_min_api_20261005,1629661,Cameron Johnson,DEN,5,6,1,76,69,0.5391743014431576,0.19012204424103737,0.27974828375286037,0.3490522572021202,0.00024993751562109475,False,0.001624593851537116,0.005673581604598851
2026_den_min_api_20261005,1629675,Naz Reid,MIN,1,2,1,34,50,0.18605290890493753,0.22705882352941176,0.34588235294117653,-0.04100591462447423,0.7533116720819795,False,0.8064866136407074,0.8221237959740834
2026_den_min_api_20261005,1629675,Naz Reid,MIN,2,3,1,50,36,0.27410521443998764,0.24555555555555553,0.35555555555555557,0.028549658884432116,0.3319170207448138,False,0.41062707296148937,0.4815362615042442
2026_den_min_api_20261005,1629675,Naz Reid,MIN,3,4,1,36,50,0.3843357499552902,0.2288888888888889,0.3422222222222222,0.1554468610664013,0.014496375906023495,False,0.0314088144630509,0.06855577772223612
2026_den_min_api_20261005,1629675,Naz Reid,MIN,4,5,1,50,54,0.4385581933989577,0.21111111111111108,0.31481481481481477,0.2274470822878466,0.0007498125468632841,False,0.003101497352934493,0.009634383856865972
2026_den_min_api_20261005,1629675,Naz Reid,MIN,5,6,1,54,60,0.18109439720950515,0.20185185185185184,0.3018518518518518,-0.020757454642346684,0.6538365408647838,False,0.7437390652336916,0.7496004786682118
2026_den_min_api_20261005,1630162,Anthony Edwards,MIN,1,2,1,79,86,0.053948497854077244,0.1399764498086547,0.22078304386223135,-0.08602795195457746,0.9940014996250938,False,0.9940014996250938,0.9940014996250938
2026_den_min_api_20261005,1630162,Anthony Edwards,MIN,2,3,1,86,48,0.24833876654393083,0.1802325581395349,0.2742248062015504,0.06810620840439593,0.11447138215446138,False,0.18939810501919974,0.24360941014746312
2026_den_min_api_20261005,1630162,Anthony Edwards,MIN,3,4,1,48,32,0.1615144418423107,0.22916666666666666,0.34375000000000006,-0.06765222482435596,0.8580354911272182,False,0.8974853987652512,0.8948272120331326
2026_den_min_api_20261005,1630183,Jaden McDaniels,MIN,1,2,1,66,78,0.2182345279887873,0.162004662004662,0.2529137529137529,0.05622986598412533,0.14096475881029744,False,0.22116884571960457,0.2790610486913156
2026_den_min_api_20261005,1630183,Jaden McDaniels,MIN,2,3,1,78,82,0.3382782139532928,0.17761100687929957,0.2617260787992496,0.1606672070739932,0.0022494376405898524,False,0.007058580182540571,0.01914833791552112
2026_den_min_api_20261005,1630183,Jaden McDaniels,MIN,3,4,1,82,59,0.3595786108840634,0.18664737494832578,0.2809011988424969,0.17293123593573761,0.0014996250937265683,False,0.0052486878280429885,0.015018304247467544
2026_den_min_api_20261005,1630183,Jaden McDaniels,MIN,4,5,1,59,57,0.3711307727636768,0.18733273862622657,0.2902170680939637,0.18379803413745022,0.00424893776555861,False,0.01137215696075981,0.02729742092778692
2026_den_min_api_20261005,1630183,Jaden McDaniels,MIN,5,6,1,57,80,0.19232755825901568,0.16929824561403506,0.2618421052631579,0.02302931264498062,0.32941764558860287,False,0.41062707296148937,0.4800722896199027
2026_den_min_api_20261005,1630192,Zeke Nnaji,DEN,3,6,3,32,5,0.6372697724810401,0.4375,0.65625,0.1997697724810401,0.07173206698325418,True,0.12799251167600256,0.1842847558786995
2026_den_min_api_20261005,1630245,Ayo Dosunmu,MIN,1,2,1,52,43,0.22928005410253016,0.19856887298747766,0.31084525939177093,0.0307111811150525,0.3084228942764309,False,0.40676062868340884,0.4613517673213276
2026_den_min_api_20261005,1630245,Ayo Dosunmu,MIN,2,3,1,43,69,0.40370995410725025,0.22817660936973372,0.3323222109875295,0.17553334473751653,0.0029992501874531365,False,0.008529117720569857,0.02127593101724569
2026_den_min_api_20261005,1630245,Ayo Dosunmu,MIN,3,4,1,69,80,0.4237768929302542,0.18858695652173912,0.27663043478260874,0.2351899364085151,0.00024993751562109475,False,0.001624593851537116,0.005673581604598851
2026_den_min_api_20261005,1630245,Ayo Dosunmu,MIN,4,5,1,80,79,0.3660431027729908,0.15854430379746837,0.24509493670886076,0.20749879897552242,0.0004998750312421895,False,0.002527145991279958,0.007916625494789093
2026_den_min_api_20261005,1630538,Bones Hyland,MIN,1,2,1,9,17,0.17839635854341737,0.27450980392156865,0.49019607843137253,-0.09611344537815128,0.8367908022994252,True,0.8854414303400894,0.8860799506005852
2026_den_min_api_20261005,1630538,Bones Hyland,MIN,2,3,1,17,33,0.383768014978012,0.2887700534759358,0.43859180035650586,0.09499796150207618,0.15696075981004748,True,0.23490029132061244,0.30036608494935085
2026_den_min_api_20261005,1630538,Bones Hyland,MIN,3,4,1,33,34,0.301544511358156,0.25490196078431376,0.37789661319073087,0.046642550573842256,0.27718070482379403,True,0.3768087828789072,0.4293869714389585
2026_den_min_api_20261005,1630538,Bones Hyland,MIN,4,5,1,34,52,0.3325245513642735,0.22850678733031676,0.34621040723981866,0.10401776403395674,0.06973256685828542,False,0.12691327168207947,0.182645684732663
2026_den_min_api_20261005,1630538,Bones Hyland,MIN,5,6,1,52,19,0.492248892110509,0.27024291497975705,0.4048582995951417,0.22200597713075193,0.005998500374906273,True,0.014364829845170285,0.03583314697641379
2026_den_min_api_20261005,1630545,Terrence Shannon Jr,MIN,4,5,1,13,32,0.3722059758423395,0.28125,0.454326923076923,0.0909559758423395,0.1789552611847038,True,0.2626601414162588,0.3258516921571746
2026_den_min_api_20261005,1630545,Terrence Shannon Jr,MIN,5,6,1,32,63,0.47535117056856185,0.21279761904761904,0.32490079365079366,0.26255355152094284,0.00024993751562109475,False,0.001624593851537116,0.005673581604598851
2026_den_min_api_20261005,1631124,Julian Strawther,DEN,3,5,2,26,7,0.789679715302491,0.4340659340659341,0.6538461538461539,0.35561378123655696,0.0032491877030742314,True,0.00895988124181076,0.02257853903870971
2026_den_min_api_20261005,1631128,Christian Braun,DEN,1,2,1,80,75,0.29575513561486677,0.15083333333333332,0.24,0.14492180228153345,0.004498875281179705,False,0.011697075731067232,0.02836790802299425
2026_den_min_api_20261005,1631128,Christian Braun,DEN,2,3,1,75,47,0.346276648000786,0.17702127659574468,0.27519148936170207,0.16925537140504132,0.005498625343664084,False,0.013523646115498151,0.033433605884243225
2026_den_min_api_20261005,1631128,Christian Braun,DEN,3,4,1,47,60,0.5642229597813354,0.22907801418439716,0.3319148936170213,0.33514494559693825,0.00024993751562109475,False,0.001624593851537116,0.005673581604598851
2026_den_min_api_20261005,1631128,Christian Braun,DEN,4,5,1,60,64,0.24507363239663535,0.21510416666666665,0.3135416666666667,0.029969465729968697,0.2941764558860285,False,0.39367731596512634,0.4451870365741898
2026_den_min_api_20261005,1631128,Christian Braun,DEN,5,6,1,64,51,0.6320471010180359,0.20465686274509803,0.3069852941176471,0.4273902382729378,0.00024993751562109475,False,0.001624593851537116,0.005673581604598851
2026_den_min_api_20261005,1641740,Jaylen Clark,MIN,5,6,1,24,19,0.3263407844100549,0.30043859649122806,0.46710526315789475,0.025902187918826813,0.4053986503374156,True,0.49188369574273094,0.5447978556541967
2026_den_min_api_20261005,1641763,Julian Phillips,MIN,3,5,2,2,5,1.0,0.6000000000000001,1.0,0.3999999999999999,0.1269682579355161,True,0.20270371003740292,0.26201631410329235
2026_den_min_api_20261005,1642461,Spencer Jones,DEN,1,2,1,16,17,0.7215780873083806,0.29411764705882354,0.5073529411764706,0.42746044024955704,0.0004998750312421895,True,0.002527145991279958,0.007916625494789093
2026_den_min_api_20261005,1642461,Spencer Jones,DEN,2,3,1,17,55,0.6412495485734923,0.25133689839572193,0.4,0.3899126501777703,0.00024993751562109475,True,0.001624593851537116,0.005673581604598851
2026_den_min_api_20261005,1642461,Spencer Jones,DEN,3,4,1,55,45,0.5561198877897534,0.18181818181818182,0.2868686868686869,0.3743017059715716,0.00024993751562109475,False,0.001624593851537116,0.005673581604598851
2026_den_min_api_20261005,1642461,Spencer Jones,DEN,4,5,1,45,74,0.581441198075875,0.1855855855855856,0.2843843843843844,0.39585561249028944,0.00024993751562109475,False,0.001624593851537116,0.005673581604598851
2026_den_min_api_20261005,1642461,Spencer Jones,DEN,5,6,1,74,59,0.2156828967590482,0.16445258818140174,0.2560696289509849,0.05123030857764646,0.15721069732566859,False,0.23490029132061244,0.30036608494935085
2026_lal_okc_api_20261005,2544,LeBron James,LAL,1,2,1,63,72,0.05515296904784421,0.1468253968253968,0.23809523809523808,-0.09167242777755259,0.9940014996250938,False,0.9940014996250939,0.9940014996250938
2026_lal_okc_api_20261005,2544,LeBron James,LAL,2,3,1,72,68,0.18379334317181156,0.15359477124183007,0.24836601307189538,0.030198571929981488,0.2766808297925519,False,0.4545470775163353,0.4293869714389585
2026_lal_okc_api_20261005,2544,LeBron James,LAL,3,4,1,68,77,0.18898029344956724,0.1514514896867838,0.23758594346829642,0.03752880376278345,0.22019495126218444,False,0.3979774287197432,0.3706739981671249
2026_lal_okc_api_20261005,203935,Marcus Smart,LAL,1,2,1,56,62,0.16848248070295016,0.18001152073732718,0.2805299539170507,-0.01152904003437702,0.5793551612096975,False,0.7268273840630751,0.6885529926418918
2026_lal_okc_api_20261005,203935,Marcus Smart,LAL,2,3,1,62,58,0.36227216466572126,0.18631813125695218,0.2814516129032257,0.17595403340876908,0.0017495626093476631,False,0.03794051487128218,0.016321262150215874
2026_lal_okc_api_20261005,203935,Marcus Smart,LAL,3,4,1,58,69,0.2445396616128323,0.17453773113443277,0.2658670664667666,0.07000193047839953,0.0997250687328168,False,0.2993851537115721,0.22072062629503914
2026_lal_okc_api_20261005,1627936,Alex Caruso,OKC,1,2,1,37,36,0.32924789695714035,0.234984984984985,0.36786786786786785,0.09426291197215536,0.10022494376405898,False,0.2993851537115721,0.22072062629503914
2026_lal_okc_api_20261005,1627936,Alex Caruso,OKC,2,3,1,36,36,0.29838178810411053,0.22222222222222224,0.3611111111111111,0.0761595658818883,0.18820294926268433,False,0.37102867140357765,0.33951670393747213
2026_lal_okc_api_20261005,1627936,Alex Caruso,OKC,3,4,1,36,37,0.22387984981226536,0.2304804804804805,0.3445945945945946,-0.006600630668215146,0.5358660334916271,False,0.6976369115268353,0.6551611648254902
2026_lal_okc_api_20261005,1628379,Luke Kennard,LAL,1,2,1,49,51,0.2897462311788891,0.20208083233293317,0.3157262905162065,0.08766539884595592,0.09122719320169957,False,0.2993851537115721,0.21246984172324265
2026_lal_okc_api_20261005,1628379,Luke Kennard,LAL,2,3,1,51,54,0.33231943083982063,0.20043572984749455,0.303921568627451,0.13188370099232608,0.018245438640339916,False,0.13988169624260602,0.07914104276478652
2026_lal_okc_api_20261005,1628379,Luke Kennard,LAL,3,4,1,54,49,0.1780183176598135,0.201058201058201,0.3050075585789871,-0.0230398833983875,0.6600849787553111,False,0.7981879530117469,0.7554922193821292
2026_lal_okc_api_20261005,1628392,Isaiah Hartenstein,OKC,1,2,1,44,49,0.37390498628496205,0.20732838589981445,0.3167903525046382,0.1665766003851476,0.007248187953011747,False,0.07144642410825865,0.04218817090599145
2026_lal_okc_api_20261005,1628392,Isaiah Hartenstein,OKC,2,3,1,49,58,0.2655314653089209,0.19704433497536944,0.30513722730471465,0.06848713033355147,0.1334666333416646,False,0.34108139631758727,0.26953672139149965
2026_lal_okc_api_20261005,1628392,Isaiah Hartenstein,OKC,3,4,1,58,53,0.2873677940002922,0.19486011711125573,0.29245283018867924,0.0925076768890365,0.05798550362409398,False,0.2793801549612597,0.16183659003281967
2026_lal_okc_api_20261005,1628467,Maxi Kleber,LAL,3,4,1,15,1,0.9414893617021275,0.8,1.0,0.14148936170212745,0.19645088727818044,True,0.37653086728317914,0.34613245913327867
2026_lal_okc_api_20261005,1628983,Shai Gilgeous-Alexander,OKC,1,2,1,74,56,0.15264918930420063,0.16554054054054052,0.25629826254826243,-0.012891351236339887,0.5986003499125219,False,0.7375611454279287,0.7052713465232309
2026_lal_okc_api_20261005,1628983,Shai Gilgeous-Alexander,OKC,2,3,1,56,70,0.22096260031160975,0.16785714285714282,0.2571428571428571,0.05310545745446693,0.15471132216945763,False,0.3525221635767529,0.30016641138860584
2026_lal_okc_api_20261005,1628983,Shai Gilgeous-Alexander,OKC,3,4,1,70,82,0.11038846871551049,0.14425087108013934,0.23414634146341462,-0.033862402364628855,0.7948012996750812,False,0.881446305090394,0.853990366761622
2026_lal_okc_api_20261005,1629020,Jarred Vanderbilt,LAL,1,4,3,11,4,0.6106442577030813,0.4090909090909091,0.7272727272727273,0.20155334861217217,0.1709572606848288,True,0.3525221635767529,0.31722587064405566
2026_lal_okc_api_20261005,1629026,Kenrich Williams,OKC,1,2,1,1,4,0.2570175438596491,0.75,1.0,-0.4929824561403509,0.8822794301424643,True,0.9223830406034854,0.9089747230363362
2026_lal_okc_api_20261005,1629026,Kenrich Williams,OKC,2,3,1,4,6,0.39333706606942886,0.5,0.8333333333333333,-0.10666293393057114,0.6930767308172957,True,0.7981879530117469,0.781662257702901
2026_lal_okc_api_20261005,1629028,Deandre Ayton,LAL,1,2,1,48,48,0.0714073200133371,0.16666666666666669,0.27083333333333337,-0.09525934665332958,0.9870032491877031,False,0.9940014996250939,0.990411822670253
2026_lal_okc_api_20261005,1629028,Deandre Ayton,LAL,2,3,1,48,41,0.15129156979358005,0.17632113821138212,0.2876016260162601,-0.025029568417802073,0.6830792301924519,False,0.7981879530117469,0.7752949262684329
2026_lal_okc_api_20261005,1629028,Deandre Ayton,LAL,3,4,1,41,37,0.14539197331493992,0.17666446934739619,0.2940013183915623,-0.03127249603245627,0.69407648087978,False,0.7981879530117469,0.781662257702901
2026_lal_okc_api_20261005,1629060,Rui Hachimura,LAL,1,2,1,64,61,0.1641154682513575,0.16572745901639346,0.25665983606557374,-0.0016119907650359588,0.514371407148213,False,0.6825312902543594,0.6410006273568719
2026_lal_okc_api_20261005,1629060,Rui Hachimura,LAL,2,3,1,61,67,0.15413554417113137,0.1592855395155371,0.25250795204306337,-0.005149995344405717,0.5523619095226193,False,0.7057957732789025,0.6669476247959287
2026_lal_okc_api_20261005,1629060,Rui Hachimura,LAL,3,4,1,67,79,0.23672464400941218,0.1624787455129416,0.24749669374645758,0.07424589849647056,0.07873031742064483,False,0.2993851537115721,0.19691883598443455
2026_lal_okc_api_20261005,1629637,Jaxson Hayes,LAL,1,2,1,34,29,0.2895496937639198,0.21602434077079108,0.35192697768762676,0.07352535299312873,0.16920769807548114,False,0.3525221635767529,0.315699842162747
2026_lal_okc_api_20261005,1629637,Jaxson Hayes,LAL,2,3,1,29,14,0.17925768608414241,0.2684729064039409,0.4458128078817734,-0.08921522031979848,0.8822794301424643,True,0.9223830406034854,0.9089747230363362
2026_lal_okc_api_20261005,1629637,Jaxson Hayes,LAL,3,4,1,14,53,0.43123747881029434,0.28436657681940697,0.44204851752021557,0.14687090199088737,0.06073481629592602,True,0.2793801549612597,0.16813174755091717
2026_lal_okc_api_20261005,1629652,Luguentz Dort,OKC,1,2,1,51,41,0.39628347630411564,0.18938307030129123,0.3012912482065997,0.20690040600282442,0.002749312671832042,False,0.03794051487128218,0.020132063758253986
2026_lal_okc_api_20261005,1629652,Luguentz Dort,OKC,2,3,1,41,37,0.2547064699554326,0.1852340145023072,0.30982201713909036,0.06947245545312541,0.17370657335666084,False,0.3525221635767529,0.31885222764389765
2026_lal_okc_api_20261005,1629652,Luguentz Dort,OKC,3,4,1,37,58,0.34880604288499023,0.16775396085740915,0.2791239515377446,0.18105208202758108,0.006248437890527368,False,0.07144642410825865,0.03668263968490636
2026_lal_okc_api_20261005,1630198,Isaiah Joe,OKC,1,2,1,21,15,0.2617508813160987,0.34285714285714286,0.5147619047619022,-0.08110626154104417,0.804798800299925,True,0.881446305090394,0.8625269114432538
2026_lal_okc_api_20261005,1630198,Isaiah Joe,OKC,2,3,1,15,39,0.4798661046367469,0.3589743589743589,0.5128205128205128,0.12089174566238797,0.09722569357660585,True,0.2993851537115721,0.21835823938752155
2026_lal_okc_api_20261005,1630198,Isaiah Joe,OKC,3,4,1,39,15,0.37128371387183556,0.34871794871794864,0.5025641025641027,0.02256576515388692,0.3871532116970757,True,0.5683738639808132,0.5297621377788083
2026_lal_okc_api_20261005,1630559,Austin Reaves,LAL,1,2,1,61,68,0.238578498629241,0.1627290260366442,0.2582208293153326,0.0758494725925968,0.08647838040489877,False,0.2993851537115721,0.20736541216808474
2026_lal_okc_api_20261005,1630559,Austin Reaves,LAL,2,3,1,68,68,0.32058045988809586,0.14705882352941174,0.24999999999999994,0.17352163635868412,0.0024993751562109472,False,0.03794051487128218,0.019791563736972734
2026_lal_okc_api_20261005,1630559,Austin Reaves,LAL,3,4,1,68,86,0.15778668258163525,0.14534883720930236,0.23153214774281805,0.01243784537233289,0.3979005248687828,False,0.5719820044988753,0.5408587972767287
2026_lal_okc_api_20261005,1630598,Aaron Wiggins,OKC,1,2,1,6,4,0.6933760683760685,0.5833333333333334,0.8333333333333334,0.1100427350427351,0.2564358910272432,True,0.43156284099706776,0.41073534433293085
2026_lal_okc_api_20261005,1630598,Aaron Wiggins,OKC,2,3,1,4,6,0.3473684210526316,0.5,0.8333333333333333,-0.1526315789473684,0.7450637340664834,True,0.8427770106653665,0.8157369821531756
2026_lal_okc_api_20261005,1630598,Aaron Wiggins,OKC,3,4,1,6,1,1.0,0.8333333333333334,1.0,0.16666666666666663,0.33491627093226695,True,0.5135382820961426,0.4815362615042442
2026_lal_okc_api_20261005,1631096,Chet Holmgren,OKC,1,2,1,60,61,0.3618121009425357,0.1879781420765027,0.2855191256830601,0.17383395886603298,0.002749312671832042,False,0.03794051487128218,0.020132063758253986
2026_lal_okc_api_20261005,1631096,Chet Holmgren,OKC,2,3,1,61,54,0.3025784588183292,0.1863995142683667,0.2853673345476624,0.11617894454996247,0.02799300174956261,False,0.17559246551998364,0.10249050640565666
2026_lal_okc_api_20261005,1631096,Chet Holmgren,OKC,3,4,1,54,67,0.2475115774783309,0.17302377003869537,0.27200110558319496,0.07448780743963554,0.10497375656085979,False,0.2993851537115721,0.22839338088800482
2026_lal_okc_api_20261005,1631119,Jaylin Williams,OKC,1,2,1,36,25,0.33679726503147384,0.28222222222222226,0.41788888888888837,0.05457504280925157,0.24443889027743065,True,0.42165708572856786,0.3953987750093356
2026_lal_okc_api_20261005,1631119,Jaylin Williams,OKC,2,3,1,25,21,0.19040590405904054,0.3142857142857143,0.4666666666666667,-0.12387981022667374,0.939265183704074,True,0.9673029503818076,0.953770499252981
2026_lal_okc_api_20261005,1631119,Jaylin Williams,OKC,3,4,1,21,15,0.4265306122448979,0.35238095238095235,0.5238095238095237,0.07414965986394556,0.22494376405898525,True,0.3979774287197432,0.3754576061866886
2026_lal_okc_api_20261005,1631222,Jake LaRavia,LAL,1,2,1,28,18,0.45407668840102894,0.2857142857142857,0.4484126984126984,0.16836240268674324,0.04173956510872282,True,0.24000249937515625,0.13344903210817016
2026_lal_okc_api_20261005,1641717,Cason Wallace,OKC,1,2,1,41,54,0.28543246139800743,0.21906052393857278,0.32610659439927736,0.06637193745943465,0.1507123219195201,False,0.3525221635767529,0.294083355951843
2026_lal_okc_api_20261005,1641717,Cason Wallace,OKC,2,3,1,54,48,0.2759407312653235,0.19907407407407407,0.30092592592592593,0.07686665719124941,0.10847288177955511,False,0.2993851537115721,0.23356542567828076
2026_lal_okc_api_20261005,1641717,Cason Wallace,OKC,3,4,1,48,34,0.4342883764267412,0.21200980392156865,0.3297181372549017,0.22227857250517252,0.0017495626093476631,False,0.03794051487128218,0.016321262150215874
2026_lal_okc_api_20261005,1641733,Nick Smith Jr.,LAL,1,2,1,3,4,0.7559183673469387,0.6666666666666666,1.0,0.0892517006802721,0.1232191952011997,True,0.3270047872647223,0.2579217158900459
2026_lal_okc_api_20261005,1641733,Nick Smith Jr.,LAL,2,3,1,4,9,0.2796153846153846,0.4444444444444444,0.7777777777777777,-0.16482905982905982,0.8580354911272182,True,0.9223830406034854,0.8948272120331326
2026_lal_okc_api_20261005,1642260,Nikola Topić,OKC,2,3,1,2,5,0.8933333333333333,0.6,1.0,0.29333333333333333,0.10672331917020744,True,0.2993851537115721,0.23146044699016324
2026_lal_okc_api_20261005,1642261,Dalton Knecht,LAL,1,2,1,3,3,0.7051338306274681,0.3333333333333333,0.9999999999999999,0.37180049729413484,0.056485878530367406,True,0.2793801549612597,0.1596136235650631
2026_lal_okc_api_20261005,1642261,Dalton Knecht,LAL,2,3,1,3,8,0.574374725756911,0.5416666666666666,0.875,0.032708059090244324,0.419645088727818,True,0.5791102224443889,0.5538339252396204
2026_lal_okc_api_20261005,1642272,Jared McCain,OKC,1,2,1,26,34,0.3335171568627451,0.3167420814479638,0.44796380090497734,0.016775075414781293,0.40639840039990005,True,0.5722752985223083,0.5447978556541967
2026_lal_okc_api_20261005,1642272,Jared McCain,OKC,2,3,1,34,14,0.4821490543119903,0.3949579831932773,0.5504201680672268,0.08719107111871299,0.17320669832541866,True,0.3525221635767529,0.3187939501611084
2026_lal_okc_api_20261005,1642272,Jared McCain,OKC,3,4,1,14,27,0.5897483740270818,0.3783068783068783,0.5343915343915343,0.2114414957202035,0.02224443889027743,True,0.15348662834291427,0.08958286744103448
2026_lal_okc_api_20261005,1642349,Ajay Mitchell,OKC,1,2,1,47,52,0.2583704935379034,0.21031096563011453,0.32037643207855976,0.04805952790778889,0.22394401399650088,False,0.3979774287197432,0.3751255060927643
2026_lal_okc_api_20261005,1642349,Ajay Mitchell,OKC,2,3,1,52,53,0.22630976950046,0.2006531204644412,0.30914368650217705,0.025656649036018803,0.31442139465133717,False,0.49306991433959696,0.4664944874892388
2026_lal_okc_api_20261005,1642349,Ajay Mitchell,OKC,3,4,1,53,62,0.21142829988163023,0.189592209373098,0.29254412659768664,0.02183609050853222,0.34391402149462635,False,0.5158710322419395,0.4899695578197501
2026_lal_okc_api_20261005,1642355,Bronny James,LAL,1,2,1,3,4,0.7799999999999999,0.5,1.0,0.2799999999999999,0.08822794301424644,True,0.2993851537115721,0.2108183480445678
2026_lal_okc_api_20261005,1642355,Bronny James,LAL,2,3,1,4,9,0.6101886792452831,0.5277777777777778,0.7777777777777778,0.0824109014675053,0.30192451887028243,True,0.4844835302802207,0.45513621594601356
2026_lal_okc_api_20261005,1642876,Adou Thiero,LAL,1,2,1,3,13,0.9591836734693878,0.6923076923076923,0.923076923076923,0.26687598116169553,0.01699575106223444,True,0.13988169624260602,0.07664971174424937
2026_lal_okc_api_20261005,1642876,Adou Thiero,LAL,2,3,1,13,23,0.5012587412587413,0.4013377926421404,0.5852842809364548,0.09992094861660084,0.17270682329417644,True,0.3525221635767529,0.3187939501611084
2026_lal_okc_api_20261005,1642876,Adou Thiero,LAL,3,4,1,23,4,0.5702834008097167,0.5652173913043478,0.782608695652174,0.005066009505368951,0.44813796550862284,True,0.6063043062763721,0.5779961259685079
2026_min_sas_api_20261005,201144,Mike Conley,MIN,1,2,1,44,30,0.300532378538574,0.2181818181818182,0.3454545454545455,0.08235056035675581,0.13371657085728567,False,0.2493444435501294,0.26953672139149965
2026_min_sas_api_20261005,201144,Mike Conley,MIN,2,3,1,30,8,0.15843066786463011,0.30833333333333335,0.5166666666666666,-0.14990266546870323,0.9507623094226444,True,0.9507623094226444,0.9634957332095547
2026_min_sas_api_20261005,201144,Mike Conley,MIN,3,4,1,8,24,0.353696819496076,0.375,0.5833333333333334,-0.02130318050392399,0.5633591602099475,True,0.6602811662675728,0.6766271395114184
2026_min_sas_api_20261005,201144,Mike Conley,MIN,4,5,1,24,32,0.2569675106134928,0.28125,0.4166666666666667,-0.024282489386507178,0.6205948512871782,True,0.7189334245386023,0.7249143974726729
2026_min_sas_api_20261005,201144,Mike Conley,MIN,5,6,1,32,42,0.16975606810771643,0.23214285714285715,0.3630952380952381,-0.06238678903514072,0.8452886778305424,False,0.8906427239344009,0.8869670101734968
2026_min_sas_api_20261005,202687,Bismack Biyombo,SAS,2,5,3,7,4,0.38636363636363635,0.2857142857142857,0.6071428571428572,0.10064935064935066,0.34266433391652085,True,0.4446477666297711,0.4899695578197501
2026_min_sas_api_20261005,202687,Bismack Biyombo,SAS,5,6,1,4,13,0.3114754098360656,0.25,0.5384615384615385,0.061475409836065587,0.32991752061984503,True,0.43326517768148326,0.4800722896199027
2026_min_sas_api_20261005,203084,Harrison Barnes,SAS,1,2,1,15,32,0.630389363722697,0.36249999999999993,0.5229166666666667,0.2678893637226971,0.0022494376405898524,True,0.01664861562387181,0.01914833791552112
2026_min_sas_api_20261005,203084,Harrison Barnes,SAS,2,3,1,32,11,0.6156075808249721,0.41761363636363635,0.5965909090909091,0.19799394446133578,0.03449137715571107,True,0.10443222527701408,0.12045450175917559
2026_min_sas_api_20261005,203084,Harrison Barnes,SAS,3,4,1,11,17,0.52899748472871,0.34224598930481287,0.5508021390374331,0.18675149542389713,0.06098475381154711,True,0.1414327269246518,0.16814015119701853
2026_min_sas_api_20261005,203084,Harrison Barnes,SAS,4,5,1,17,5,0.6974584555229717,0.411764705882353,0.6488235294117553,0.2856937496406187,0.036740814796300925,True,0.10478149693345895,0.12573113003156244
2026_min_sas_api_20261005,203084,Harrison Barnes,SAS,5,6,1,5,14,0.4668458781362007,0.44285714285714284,0.7142857142857143,0.02398873527905787,0.4061484628842789,True,0.5030702551634818,0.5447978556541967
2026_min_sas_api_20261005,203482,Kelly Olynyk,SAS,2,5,3,20,5,0.6165950316893714,0.4,0.65,0.21659503168937133,0.06723319170207448,True,0.14583118926150818,0.1788171634134268
2026_min_sas_api_20261005,203482,Kelly Olynyk,SAS,5,6,1,5,15,0.5782251512142277,0.3333333333333333,0.6,0.24489181788089437,0.071232191952012,True,0.14803846208259255,0.1842847558786995
2026_min_sas_api_20261005,203486,Mason Plumlee,SAS,2,6,4,7,10,0.7721139430284858,0.37142857142857144,0.6142857142857143,0.40068537159991435,0.007748062984253936,True,0.03838813024016723,0.04360686687832174
2026_min_sas_api_20261005,203497,Rudy Gobert,MIN,1,2,1,55,63,0.25080833884135123,0.1492063492063492,0.2467532467532467,0.10160198963500203,0.043989002749312674,False,0.11277413204838325,0.13834212679706784
2026_min_sas_api_20261005,203497,Rudy Gobert,MIN,2,3,1,63,66,0.09093876097792547,0.1486291486291486,0.2481962481962482,-0.05769038765122314,0.9075231192201949,False,0.9244861681775817,0.9307578978749288
2026_min_sas_api_20261005,203497,Rudy Gobert,MIN,3,4,1,66,65,0.39576633701960073,0.14965034965034965,0.2515151515151515,0.24611598736925108,0.00024993751562109475,False,0.009081063067566442,0.005673581604598851
2026_min_sas_api_20261005,203497,Rudy Gobert,MIN,4,5,1,65,44,0.3968656896833692,0.17027972027972027,0.2720454545454545,0.22658596940364895,0.000999750062484379,False,0.01210808409008859,0.011539488009353595
2026_min_sas_api_20261005,203497,Rudy Gobert,MIN,5,6,1,44,51,0.10335851733270862,0.17691622103386806,0.28431372549019607,-0.07355770370115944,0.9332666833291677,False,0.9419080415081416,0.9500068928956102
2026_min_sas_api_20261005,203937,Kyle Anderson,MIN,2,5,3,32,8,0.5332740213523132,0.46875,0.65625,0.06452402135231317,0.27918020494876283,True,0.39013644024891214,0.4301396370364423
2026_min_sas_api_20261005,203937,Kyle Anderson,MIN,5,6,1,8,14,0.5810344827586207,0.4107142857142857,0.625,0.170320197044335,0.09847538115471133,True,0.18831257098006202,0.21987453956183087
2026_min_sas_api_20261005,203944,Julius Randle,MIN,1,2,1,82,59,0.20995740911104294,0.17858619264158743,0.27015295576684584,0.03137121646945551,0.2741814546363409,False,0.3881269942254696,0.4293869714389585
2026_min_sas_api_20261005,203944,Julius Randle,MIN,2,3,1,59,65,0.4002469135802469,0.18252933507170796,0.2792698826597132,0.21771757850853893,0.0007498125468632841,False,0.011675652515442567,0.009634383856865972
2026_min_sas_api_20261005,203944,Julius Randle,MIN,3,4,1,65,76,0.23691345151199164,0.16740890688259108,0.2536538461538461,0.06950454462940056,0.09547613096725818,False,0.18583746920412755,0.21818538653927122
2026_min_sas_api_20261005,203944,Julius Randle,MIN,4,5,1,76,70,0.28352670132172475,0.17443609022556394,0.26165413533834586,0.1090906110961608,0.023994001499625092,False,0.08172956760809796,0.09390755759336028
2026_min_sas_api_20261005,203944,Julius Randle,MIN,5,6,1,70,51,0.18970204738389831,0.1801120448179272,0.2826330532212885,0.009590002565971117,0.43289177705573606,False,0.530170828079497,0.5636697900094766
2026_min_sas_api_20261005,1628368,De'Aaron Fox,SAS,1,2,1,61,53,0.38979293631276957,0.20878441076399634,0.3031240334055057,0.18100852554877322,0.0022494376405898524,False,0.01664861562387181,0.01914833791552112
2026_min_sas_api_20261005,1628368,De'Aaron Fox,SAS,2,3,1,53,78,0.3158746471798558,0.19206579583938074,0.28858248669569425,0.12380885134047506,0.01849537615596101,False,0.06719986669999166,0.07971741241904713
2026_min_sas_api_20261005,1628368,De'Aaron Fox,SAS,3,4,1,78,74,0.2588899813062361,0.14414414414414412,0.22593555093555087,0.11474583716209197,0.012246938265433641,False,0.055621511288844454,0.060435977962031234
2026_min_sas_api_20261005,1628368,De'Aaron Fox,SAS,4,5,1,74,68,0.25363011174388606,0.14507154213036566,0.23449920508744038,0.1085585696135204,0.02699325168707823,False,0.08406469811118648,0.10045029726175013
2026_min_sas_api_20261005,1628368,De'Aaron Fox,SAS,5,6,1,68,54,0.24951705105460278,0.16775599128540303,0.2636165577342048,0.08176105976919976,0.07898025493626594,False,0.15942310718616642,0.19691883598443455
2026_min_sas_api_20261005,1628436,Luke Kornet,SAS,1,2,1,15,30,0.31545477903391567,0.23333333333333336,0.39999999999999997,0.0821214457005823,0.20969757560609847,False,0.3219300808600667,0.35701012246938263
2026_min_sas_api_20261005,1628436,Luke Kornet,SAS,2,3,1,30,26,0.2766277952367348,0.2128205128205128,0.33602564102564036,0.063807282416222,0.2026993251687078,False,0.31563180633413074,0.3512423420862341
2026_min_sas_api_20261005,1628436,Luke Kornet,SAS,3,4,1,26,54,0.20740728067023684,0.16524216524216526,0.2777777777777778,0.04216511542807158,0.27243189202699325,False,0.3881269942254696,0.42846678630573304
2026_min_sas_api_20261005,1628436,Luke Kornet,SAS,4,5,1,54,24,0.4149154967361173,0.19907407407407407,0.3194444444444445,0.2158414226620432,0.003749062734316421,False,0.020432391902024494,0.025030507079112575
2026_min_sas_api_20261005,1628436,Luke Kornet,SAS,5,6,1,24,33,0.24687876354877558,0.27651515151515155,0.41287878787878785,-0.029636387966375966,0.6505873531617096,True,0.7386877239023577,0.7494294217339426
2026_min_sas_api_20261005,1629162,Jordan McLaughlin,SAS,2,5,3,20,7,0.3664552501761804,0.29999999999999993,0.5,0.06645525017618048,0.26493376655836043,True,0.38503707406481713,0.42055919586536933
2026_min_sas_api_20261005,1629162,Jordan McLaughlin,SAS,5,6,1,7,15,0.275228008237717,0.30476190476190473,0.5333333333333332,-0.029533896524187753,0.5431142214446388,True,0.6434722841028873,0.6604656871496412
2026_min_sas_api_20261005,1629640,Keldon Johnson,SAS,1,2,1,45,43,0.22084065031439412,0.18914728682170542,0.30439276485788114,0.0316933634926887,0.3031742064483879,False,0.4130748562859285,0.45513621594601356
2026_min_sas_api_20261005,1629640,Keldon Johnson,SAS,2,3,1,43,40,0.29316416714784355,0.19069767441860463,0.30122093023255786,0.10246649272923891,0.06573356660834791,False,0.14583118926150818,0.17623842070978316
2026_min_sas_api_20261005,1629640,Keldon Johnson,SAS,3,4,1,40,37,0.23762629655935857,0.17635135135135135,0.2918918918918919,0.06127494520800722,0.1797050737315671,False,0.2923560154737435,0.32634441389652585
2026_min_sas_api_20261005,1629640,Keldon Johnson,SAS,4,5,1,37,40,0.2765363587108214,0.2148648648648649,0.33445945945945943,0.06167149384595649,0.1944513871532117,False,0.3071768289811605,0.34613245913327867
2026_min_sas_api_20261005,1629640,Keldon Johnson,SAS,5,6,1,40,21,0.4386053003353134,0.2488095238095238,0.39404761904761904,0.1897957765257896,0.02024493876530867,False,0.07118381694898855,0.08406587377545856
2026_min_sas_api_20261005,1629675,Naz Reid,MIN,1,2,1,53,45,0.1645869994134272,0.22264150943396224,0.330398322851153,-0.05805451002053505,0.849787553111722,False,0.8906427239344009,0.8889482698449812
2026_min_sas_api_20261005,1629675,Naz Reid,MIN,2,3,1,45,62,0.1814595173379458,0.2111111111111111,0.3157706093189964,-0.029651593773165313,0.7008247938015496,False,0.7856046192533499,0.7849698759520646
2026_min_sas_api_20261005,1629675,Naz Reid,MIN,3,4,1,62,62,0.25342321307524296,0.1935483870967742,0.29032258064516125,0.05987482597846877,0.16520869782554362,False,0.281371063484129,0.3090855033494374
2026_min_sas_api_20261005,1629675,Naz Reid,MIN,4,5,1,62,62,0.3433448642472905,0.1935483870967742,0.29032258064516125,0.1497964771505163,0.003749062734316421,False,0.020432391902024494,0.025030507079112575
2026_min_sas_api_20261005,1629675,Naz Reid,MIN,5,6,1,62,67,0.3273892839146745,0.19619643716899376,0.2905633124699085,0.1311928467456807,0.012246938265433641,False,0.055621511288844454,0.060435977962031234
2026_min_sas_api_20261005,1630162,Anthony Edwards,MIN,1,2,1,49,56,0.3066152204797099,0.211734693877551,0.3112244897959184,0.0948805266021589,0.05773556610847288,False,0.13680818925703356,0.16183659003281967
2026_min_sas_api_20261005,1630162,Anthony Edwards,MIN,2,3,1,56,95,0.36119070610104775,0.1755639097744361,0.26710526315789473,0.18562679632661166,0.000999750062484379,False,0.01210808409008859,0.011539488009353595
2026_min_sas_api_20261005,1630162,Anthony Edwards,MIN,3,4,1,95,84,0.2502398007550218,0.143483709273183,0.2231829573934837,0.10675609148183879,0.01799550112471882,False,0.06719986669999166,0.07906410494150655
2026_min_sas_api_20261005,1630162,Anthony Edwards,MIN,4,5,1,84,84,0.34811493217465034,0.15476190476190474,0.23809523809523805,0.1933530274127456,0.0004998750312421895,False,0.009081063067566442,0.007916625494789093
2026_min_sas_api_20261005,1630162,Anthony Edwards,MIN,5,6,1,84,84,0.2628002528445006,0.15476190476190477,0.2380952380952381,0.10803834808259583,0.015746063484128967,False,0.0635674414729651,0.072453170491161
2026_min_sas_api_20261005,1630170,Devin Vassell,SAS,1,2,1,65,51,0.14653110047846887,0.18371040723981902,0.278129713423831,-0.037179306761350145,0.7845538615346164,False,0.8551637090727319,0.8480653646112283
2026_min_sas_api_20261005,1630170,Devin Vassell,SAS,2,3,1,51,73,0.3945406309653318,0.18318560300832662,0.27746441042170294,0.2113550279570052,0.0004998750312421895,False,0.009081063067566442,0.007916625494789093
2026_min_sas_api_20261005,1630170,Devin Vassell,SAS,3,4,1,73,70,0.205297854488793,0.15714285714285714,0.24559686888454013,0.04815499734593587,0.17845538615346163,False,0.2923560154737435,0.32581264871449694
2026_min_sas_api_20261005,1630170,Devin Vassell,SAS,4,5,1,70,62,0.2754927293914982,0.16405529953917053,0.25437788018433183,0.11143742985232769,0.025743564108972758,False,0.0825308378787656,0.0977987547312067
2026_min_sas_api_20261005,1630170,Devin Vassell,SAS,5,6,1,62,60,0.26455509761672713,0.1736559139784946,0.27741935483870966,0.09089918363823252,0.06423394151462135,False,0.14583118926150818,0.17493543280846455
2026_min_sas_api_20261005,1630183,Jaden McDaniels,MIN,1,2,1,70,40,0.25510596395420915,0.1892857142857143,0.3,0.06582024966849484,0.15571107223194203,False,0.27545891304951536,0.30036608494935085
2026_min_sas_api_20261005,1630183,Jaden McDaniels,MIN,2,3,1,40,82,0.31918173773574465,0.1975609756097561,0.2981707317073171,0.12162076212598855,0.02499375156210947,False,0.0825308378787656,0.09670877735111677
2026_min_sas_api_20261005,1630183,Jaden McDaniels,MIN,3,4,1,82,80,0.27429612615585053,0.16646341463414632,0.24847560975609756,0.1078327115217042,0.01799550112471882,False,0.06719986669999166,0.07906410494150655
2026_min_sas_api_20261005,1630183,Jaden McDaniels,MIN,4,5,1,80,56,0.2280424557752341,0.1875,0.28214285714285714,0.040542455775234104,0.23069232691827044,False,0.34924255047349273,0.3813142588139373
2026_min_sas_api_20261005,1630183,Jaden McDaniels,MIN,5,6,1,56,51,0.30266900175131345,0.19712885154061627,0.30218837535014,0.10554015021069718,0.04873781554611347,False,0.11805381987836373,0.14493647330525447
2026_min_sas_api_20261005,1630245,Ayo Dosunmu,MIN,2,3,1,22,66,0.2180944826370527,0.22727272727272724,0.34848484848484845,-0.009178244635674543,0.5106223444138965,False,0.611624566385876,0.6380437000841532
2026_min_sas_api_20261005,1630245,Ayo Dosunmu,MIN,3,4,1,66,56,0.12270894428152493,0.16829004329004327,0.26571969696969683,-0.04558109900851834,0.836290927268183,False,0.8906427239344009,0.8860799506005852
2026_min_sas_api_20261005,1630245,Ayo Dosunmu,MIN,4,5,1,56,65,0.1943461251862892,0.1802197802197802,0.27859890109890095,0.014126344966508997,0.39515121219695076,False,0.49507450723526014,0.5381959510122469
2026_min_sas_api_20261005,1630245,Ayo Dosunmu,MIN,5,6,1,65,50,0.12320696721311478,0.18615384615384617,0.28615384615384615,-0.0629468789407314,0.905023744063984,False,0.9244861681775817,0.9295945244458116
2026_min_sas_api_20261005,1630322,Lindy Waters III,SAS,2,5,3,17,5,0.47627801120448177,0.4117647058823529,0.6823529411764705,0.06451330532212884,0.3089227693076731,True,0.4157108870930416,0.4613517673213276
2026_min_sas_api_20261005,1630322,Lindy Waters III,SAS,5,6,1,5,15,0.4659690799396682,0.33333333333333337,0.6666666666666666,0.13263574660633481,0.32191952011997,True,0.42791741089117963,0.4714563294660206
2026_min_sas_api_20261005,1630538,Bones Hyland,MIN,1,2,1,25,26,0.31453911941716817,0.25846153846153846,0.41230769230769226,0.0560775809556297,0.25818545363659084,True,0.38030019522146485,0.4117664963150313
2026_min_sas_api_20261005,1630538,Bones Hyland,MIN,2,5,3,26,7,0.9069105691056911,0.39560439560439553,0.6153846153846154,0.5113061735012956,0.0004998750312421895,True,0.009081063067566442,0.007916625494789093
2026_min_sas_api_20261005,1630538,Bones Hyland,MIN,5,6,1,7,16,0.47590361445783136,0.3125,0.5625,0.16340361445783136,0.13496625843539115,True,0.2493444435501294,0.26953672139149965
2026_min_sas_api_20261005,1630545,Terrence Shannon Jr,MIN,1,2,1,68,51,0.15633522292017774,0.196078431372549,0.29901960784313725,-0.039743208452371254,0.7760559860034991,False,0.8544454795392061,0.8402132376285897
2026_min_sas_api_20261005,1630545,Terrence Shannon Jr,MIN,2,3,1,51,54,0.1726927570093458,0.2037037037037037,0.30827886710239655,-0.031010946694357888,0.7063234191452137,False,0.7856046192533499,0.787244269129117
2026_min_sas_api_20261005,1630545,Terrence Shannon Jr,MIN,3,4,1,54,42,0.40918961864406783,0.2142857142857143,0.3253968253968254,0.19490390435835353,0.002749312671832042,False,0.01664861562387181,0.020132063758253986
2026_min_sas_api_20261005,1630545,Terrence Shannon Jr,MIN,4,5,1,42,35,0.3578788995332842,0.23333333333333334,0.3523809523809524,0.12454556619995089,0.04448887778055486,False,0.11277413204838325,0.13834212679706784
2026_min_sas_api_20261005,1630545,Terrence Shannon Jr,MIN,5,6,1,35,48,0.311328933747412,0.23750000000000002,0.3601190476190476,0.07382893374741198,0.15746063484128967,False,0.27545891304951536,0.30036608494935085
2026_min_sas_api_20261005,1630577,Julian Champagnie,SAS,1,2,1,55,47,0.212262288609594,0.20541586073500967,0.30870406189555116,0.006846427874584338,0.4508872781804549,False,0.5460745924629953,0.5804427910035723
2026_min_sas_api_20261005,1630577,Julian Champagnie,SAS,2,3,1,47,57,0.4598460611118839,0.21724524076147814,0.3198954833893244,0.24260082035040578,0.0004998750312421895,False,0.009081063067566442,0.007916625494789093
2026_min_sas_api_20261005,1630577,Julian Champagnie,SAS,3,4,1,57,59,0.23586497890295355,0.1855486173059768,0.28339280404400824,0.05031636159697675,0.18895276180954762,False,0.30288016231236314,0.33951670393747213
2026_min_sas_api_20261005,1630577,Julian Champagnie,SAS,4,5,1,59,52,0.22424242424242427,0.18953715775749674,0.2943285528031291,0.03470526648492753,0.2846788302924269,False,0.3927847152136017,0.4371845240936957
2026_min_sas_api_20261005,1630577,Julian Champagnie,SAS,5,6,1,52,51,0.31480423933734625,0.20098039215686275,0.3035444947209653,0.1138238471804835,0.04448887778055486,False,0.11277413204838325,0.13834212679706784
2026_min_sas_api_20261005,1641705,Victor Wembanyama,SAS,1,2,1,75,60,0.2579070582994493,0.15333333333333332,0.24666666666666667,0.104573724966116,0.03549112721819545,False,0.10455494234549471,0.12331355936526074
2026_min_sas_api_20261005,1641705,Victor Wembanyama,SAS,2,3,1,60,82,0.23490906874741702,0.15487804878048778,0.24432926829268284,0.08003101996692924,0.06823294176455887,False,0.14583118926150818,0.1801032300064519
2026_min_sas_api_20261005,1641705,Victor Wembanyama,SAS,3,4,1,82,27,0.1300788252549598,0.18834688346883469,0.3112014453477868,-0.058268058213874874,0.8437890527368158,False,0.8906427239344009,0.8867597915335981
2026_min_sas_api_20261005,1641705,Victor Wembanyama,SAS,4,5,1,27,63,0.13180241381802416,0.19576719576719576,0.31746031746031744,-0.0639647819491716,0.8672831792051987,False,0.9003225384130158,0.902489263180388
2026_min_sas_api_20261005,1641705,Victor Wembanyama,SAS,5,6,1,63,61,0.24916396506907326,0.1621129326047359,0.2604735883424408,0.08705103246433737,0.07198200449887528,False,0.14803846208259255,0.1842847558786995
2026_min_sas_api_20261005,1641740,Jaylen Clark,MIN,1,2,1,15,29,0.7371176519086488,0.32413793103448274,0.49885057471264366,0.412979720874166,0.00024993751562109475,True,0.009081063067566442,0.005673581604598851
2026_min_sas_api_20261005,1641740,Jaylen Clark,MIN,2,5,3,29,8,0.7841510216782492,0.39655172413793105,0.5991379310344829,0.3875992975403182,0.002749312671832042,True,0.01664861562387181,0.020132063758253986
2026_min_sas_api_20261005,1641740,Jaylen Clark,MIN,5,6,1,8,16,0.7903225806451613,0.4375,0.625,0.35282258064516125,0.003999000249937516,True,0.02075671558300901,0.026439991943761634
2026_min_sas_api_20261005,1641763,Julian Phillips,MIN,2,5,3,20,8,0.5942447383125349,0.4,0.625,0.19424473831253486,0.0852286928267933,True,0.16890777305673582,0.2058182262944902
2026_min_sas_api_20261005,1641763,Julian Phillips,MIN,5,6,1,8,14,0.6651397159871736,0.46428571428571425,0.6607142857142858,0.20085400170145934,0.04873781554611347,True,0.11805381987836373,0.14493647330525447
2026_min_sas_api_20261005,1642264,Stephon Castle,SAS,1,2,1,47,53,0.1881216013571851,0.20674427940586113,0.3111200321156162,-0.01862267804867604,0.6265933516620845,False,0.7189334245386023,0.7294189273194522
2026_min_sas_api_20261005,1642264,Stephon Castle,SAS,2,3,1,53,84,0.3824828194401127,0.18598382749326148,0.2794249775381851,0.19649899194685122,0.0012496875781054736,False,0.012383267819408784,0.013297456885778556
2026_min_sas_api_20261005,1642264,Stephon Castle,SAS,3,4,1,84,75,0.16855042535639034,0.15095238095238095,0.2380952380952381,0.01759804440400939,0.3579105223694076,False,0.4589676110384169,0.5035889787883607
2026_min_sas_api_20261005,1642264,Stephon Castle,SAS,4,5,1,75,53,0.34812115118763354,0.17685534591194965,0.2724528301886792,0.17126580527568389,0.0024993751562109472,False,0.01664861562387181,0.019791563736972734
2026_min_sas_api_20261005,1642264,Stephon Castle,SAS,5,6,1,53,65,0.3149506358982222,0.1834542815674891,0.28069666182873726,0.1314963543307331,0.013996500874781305,False,0.06102474381404649,0.06760012124628419
2026_min_sas_api_20261005,1642844,Dylan Harper,SAS,1,2,1,54,51,0.27245711832457925,0.21677559912854028,0.32026143790849676,0.055681519196038975,0.17820544863784055,False,0.2923560154737435,0.32581264871449694
2026_min_sas_api_20261005,1642844,Dylan Harper,SAS,2,3,1,51,40,0.3411643455511218,0.2240196078431373,0.3377450980392157,0.1171447377079845,0.042989252686828294,False,0.11277413204838325,0.13616595851037241
2026_min_sas_api_20261005,1642844,Dylan Harper,SAS,3,4,1,40,58,0.32008365831467755,0.2,0.30689655172413793,0.12008365831467754,0.03749062734316421,False,0.10478149693345895,0.12639166940938035
2026_min_sas_api_20261005,1642844,Dylan Harper,SAS,4,5,1,58,49,0.4039905599656726,0.1938775510204082,0.29732582688247716,0.2101130089452644,0.0012496875781054736,False,0.012383267819408784,0.013297456885778556
2026_min_sas_api_20261005,1642844,Dylan Harper,SAS,5,6,1,49,56,0.20800522604787225,0.18877551020408165,0.29591836734693877,0.0192297158437906,0.3736565858535366,False,0.47358799834924986,0.5203683741641277
2026_min_sas_api_20261005,1642866,Joan Beringer,MIN,2,5,3,18,8,0.5238095238095238,0.375,0.611111111111111,0.14880952380952384,0.15921019745063733,True,0.27545891304951536,0.30117262351078894
2026_min_sas_api_20261005,1642866,Joan Beringer,MIN,5,6,1,8,20,0.4706304753698119,0.375,0.6,0.0956304753698119,0.23869032741814547,True,0.3564006258709295,0.38794299038605506
2026_min_sas_api_20261005,1642868,Carter Bryant,SAS,2,3,1,33,14,0.6700033255736614,0.3917748917748918,0.5541125541125541,0.2782284337987696,0.002749312671832042,True,0.01664861562387181,0.020132063758253986
2026_min_sas_api_20261005,1642868,Carter Bryant,SAS,3,4,1,14,23,0.4138753866548829,0.298136645962733,0.4813664596273292,0.1157387406921499,0.14546363409147714,True,0.26425893526618344,0.2863027017812021
2026_min_sas_api_20261005,1642868,Carter Bryant,SAS,4,5,1,23,28,0.49436722994367227,0.2950310559006211,0.44565217391304346,0.19933617404305115,0.014996250937265684,True,0.06286889816007536,0.07043066819502021
2026_min_sas_api_20261005,1642868,Carter Bryant,SAS,5,6,1,28,28,0.5140081580077287,0.25,0.39285714285714285,0.2640081580077287,0.002749312671832042,True,0.01664861562387181,0.020132063758253986
2026_nyk_sas_api_20261005,203084,Harrison Barnes,SAS,1,2,1,24,10,0.6795933188090051,0.38333333333333336,0.5750000000000001,0.2962599854756717,0.007748062984253936,True,0.09382029492626844,0.04360686687832174
2026_nyk_sas_api_20261005,203903,Jordan Clarkson,NYK,1,3,2,12,25,0.7882478632478632,0.3433333333333334,0.5166666666666666,0.44491452991452984,0.00024993751562109475,True,0.006415062900941432,0.005673581604598851
2026_nyk_sas_api_20261005,203903,Jordan Clarkson,NYK,3,4,1,25,7,0.21501670843776105,0.4171428571428571,0.6171428571428572,-0.20212614870509604,0.9765058735316171,True,0.9875031242189451,0.9822754798744922
2026_nyk_sas_api_20261005,203903,Jordan Clarkson,NYK,4,5,1,7,12,0.3521432447097124,0.42857142857142855,0.6666666666666666,-0.07642818386171613,0.7238190452386903,True,0.8586314959721607,0.7987926281757509
2026_nyk_sas_api_20261005,1626157,Karl-Anthony Towns,NYK,1,2,1,67,66,0.1757402499385685,0.17639077340569875,0.27453640886476705,-0.0006505234671302651,0.5088727818045489,False,0.7684328917770558,0.6379650491788817
2026_nyk_sas_api_20261005,1626157,Karl-Anthony Towns,NYK,2,3,1,66,69,0.3022772245370743,0.18774703557312253,0.27799736495388666,0.11453018896395176,0.027243189202699324,False,0.14983754061484628,0.10082941221216435
2026_nyk_sas_api_20261005,1626157,Karl-Anthony Towns,NYK,3,4,1,69,44,0.11355975594146007,0.1999341238471673,0.30500658761528326,-0.08637436790570723,0.960509872531867,False,0.9861234691327169,0.9704854943534146
2026_nyk_sas_api_20261005,1626157,Karl-Anthony Towns,NYK,4,5,1,44,38,0.18831941645071504,0.2248803827751196,0.3385167464114832,-0.03656096632440456,0.720319920019995,False,0.8586314959721607,0.7976225455831164
2026_nyk_sas_api_20261005,1628368,De'Aaron Fox,SAS,1,2,1,73,62,0.30840329601990046,0.1818382677861246,0.274425541316836,0.12656502823377586,0.012996750812296926,False,0.10007498125468632,0.06367472879981444
2026_nyk_sas_api_20261005,1628368,De'Aaron Fox,SAS,2,3,1,62,65,0.19329566364937453,0.18585607940446647,0.2803970223325062,0.007439584244908065,0.4423894026493377,False,0.756977422311089,0.5727512988672984
2026_nyk_sas_api_20261005,1628368,De'Aaron Fox,SAS,3,4,1,65,60,0.2730270743969374,0.19102564102564099,0.2833974358974356,0.08200143337129642,0.07923019245188703,False,0.25249687578105473,0.19691883598443455
2026_nyk_sas_api_20261005,1628368,De'Aaron Fox,SAS,4,5,1,60,67,0.2664728682170543,0.18383084577114428,0.2811069651741293,0.08264202244591001,0.07873031742064483,False,0.25249687578105473,0.19691883598443455
2026_nyk_sas_api_20261005,1628384,OG Anunoby,NYK,1,2,1,57,72,0.361112079016846,0.18128654970760233,0.2741228070175439,0.17982552930924367,0.0024993751562109472,False,0.03849037740564859,0.019791563736972734
2026_nyk_sas_api_20261005,1628384,OG Anunoby,NYK,2,3,1,72,70,0.23038798849042552,0.1714285714285714,0.2571428571428571,0.05895941706185412,0.12496875781054737,False,0.3436640839790052,0.26025603690820415
2026_nyk_sas_api_20261005,1628384,OG Anunoby,NYK,3,4,1,70,79,0.17476092396866214,0.16726943942133815,0.2569620253164557,0.007491484547323984,0.43439140214946265,False,0.756977422311089,0.5645430245492062
2026_nyk_sas_api_20261005,1628384,OG Anunoby,NYK,4,5,1,79,59,0.21164629170752886,0.17506972752628192,0.26497532718300787,0.03657656418124694,0.23319170207448137,False,0.5897719118607445,0.3835834519630962
2026_nyk_sas_api_20261005,1628404,Josh Hart,NYK,1,2,1,54,35,0.1768504812406703,0.2105820105820106,0.32698412698412704,-0.0337315293413403,0.7048237940514871,False,0.8586314959721607,0.7868606618837093
2026_nyk_sas_api_20261005,1628404,Josh Hart,NYK,2,3,1,35,60,0.24125439916023486,0.21190476190476193,0.33095238095238094,0.029349637255472932,0.34466383404148965,False,0.701436482984517,0.49001267428445605
2026_nyk_sas_api_20261005,1628404,Josh Hart,NYK,3,4,1,60,58,0.22302353422540117,0.1850574712643678,0.28390804597701147,0.03796606296103336,0.23744063984004,False,0.5897719118607445,0.3868351094044671
2026_nyk_sas_api_20261005,1628404,Josh Hart,NYK,4,5,1,58,69,0.17852291004798682,0.18590704647676165,0.2791104447776112,-0.0073841364287748346,0.5568607848037991,False,0.7684328917770558,0.6711897246927206
2026_nyk_sas_api_20261005,1628436,Luke Kornet,SAS,1,2,1,21,14,0.24662381743337905,0.26190476190476186,0.45238095238095233,-0.015280944471382812,0.5353661584603849,True,0.7684328917770558,0.6551611648254902
2026_nyk_sas_api_20261005,1628436,Luke Kornet,SAS,2,3,1,14,20,0.44767963461381616,0.27142857142857146,0.46428571428571425,0.1762510631852447,0.06448387903024244,True,0.22569357660584854,0.17493543280846455
2026_nyk_sas_api_20261005,1628436,Luke Kornet,SAS,3,4,1,20,7,0.31094527363184077,0.32142857142857145,0.55,-0.010483297796730684,0.5186203449137715,True,0.7684328917770558,0.6444898811793401
2026_nyk_sas_api_20261005,1628436,Luke Kornet,SAS,4,5,1,7,27,0.44871289729445757,0.3756613756613756,0.5978835978835978,0.07305152163308198,0.28517870532366907,True,0.6654169790885611,0.4371845240936957
2026_nyk_sas_api_20261005,1628969,Mikal Bridges,NYK,1,2,1,50,76,0.08754912552648474,0.18526315789473685,0.2847368421052632,-0.09771403236825212,0.9875031242189453,False,0.9875031242189451,0.990411822670253
2026_nyk_sas_api_20261005,1628969,Mikal Bridges,NYK,2,3,1,76,52,0.2544225247754006,0.18927125506072878,0.2884615384615385,0.06515126971467183,0.13421644588852788,False,0.35636780460057405,0.26953672139149965
2026_nyk_sas_api_20261005,1628969,Mikal Bridges,NYK,3,4,1,52,53,0.21505578202102552,0.1999274310595065,0.29791364296081274,0.015128350961519016,0.41914521369657587,False,0.756977422311089,0.5538339252396204
2026_nyk_sas_api_20261005,1628969,Mikal Bridges,NYK,4,5,1,53,64,0.18101003203949786,0.19044811320754718,0.2886497641509433,-0.009438081168049312,0.5763559110222445,False,0.7785860552405759,0.6873876977340604
2026_nyk_sas_api_20261005,1628973,Jalen Brunson,NYK,1,2,1,73,76,0.1159259624228091,0.1665465032444124,0.2501802451333814,-0.05062054082160329,0.8680329917520619,False,0.9511460163128231,0.902489263180388
2026_nyk_sas_api_20261005,1628973,Jalen Brunson,NYK,2,3,1,76,68,0.1825732407127756,0.16021671826625386,0.25154798761609903,0.022356522446521726,0.33441639590102473,False,0.701436482984517,0.4815362615042442
2026_nyk_sas_api_20261005,1628973,Jalen Brunson,NYK,3,4,1,68,86,0.2606591521685861,0.15834473324213405,0.24863201094391243,0.10231441892645204,0.033741564608847786,False,0.17320669832541866,0.12030369371008033
2026_nyk_sas_api_20261005,1628973,Jalen Brunson,NYK,4,5,1,86,76,0.24317904167232252,0.16034271725826194,0.2460373317013463,0.08283632441406058,0.05598600349912522,False,0.21627926351745397,0.159524972313407
2026_nyk_sas_api_20261005,1629011,Mitchell Robinson,NYK,1,2,1,25,25,0.17434210526315788,0.2,0.36000000000000004,-0.02565789473684213,0.6645838540364909,False,0.8586314959721607,0.7571100535902814
2026_nyk_sas_api_20261005,1629011,Mitchell Robinson,NYK,2,3,1,25,14,0.16878774805867125,0.2657142857142857,0.44857142857142857,-0.09692653765561443,0.8745313671582104,True,0.9511460163128231,0.9063094620881956
2026_nyk_sas_api_20261005,1629011,Mitchell Robinson,NYK,3,4,1,14,26,0.19234972677595624,0.23626373626373626,0.38461538461538464,-0.043914009487780015,0.6855786053486629,False,0.8586314959721607,0.7768369887561387
2026_nyk_sas_api_20261005,1629011,Mitchell Robinson,NYK,4,5,1,26,42,0.17802228181240146,0.184981684981685,0.3131868131868132,-0.0069594031692835345,0.5588602849287678,False,0.7684328917770558,0.6724096361068743
2026_nyk_sas_api_20261005,1629013,Landry Shamet,NYK,1,2,1,65,55,0.12420302537817228,0.193006993006993,0.2909090909090909,-0.06880396762882073,0.9245188702824294,False,0.961999365023609,0.9425110039855306
2026_nyk_sas_api_20261005,1629013,Landry Shamet,NYK,2,3,1,55,42,0.3586466165413534,0.21212121212121213,0.3199134199134199,0.14652540442014125,0.015496125968507872,False,0.10847288177955511,0.07227987523667029
2026_nyk_sas_api_20261005,1629013,Landry Shamet,NYK,3,4,1,42,37,0.3163813673617596,0.21879021879021882,0.3404440154440153,0.09759114857154078,0.09122719320169957,False,0.2601664398715136,0.21246984172324265
2026_nyk_sas_api_20261005,1629013,Landry Shamet,NYK,4,5,1,37,23,0.1907620263942103,0.26321974148061106,0.399529964747356,-0.07245771508640075,0.8477880529867533,True,0.9511460163128231,0.8882210216676599
2026_nyk_sas_api_20261005,1629640,Keldon Johnson,SAS,1,2,1,14,28,0.47010011878499913,0.3214285714285714,0.49999999999999994,0.14867154735642774,0.05623594101474631,True,0.21627926351745397,0.15956948262934265
2026_nyk_sas_api_20261005,1629640,Keldon Johnson,SAS,2,3,1,28,33,0.36510461183990484,0.2510822510822511,0.3917748917748917,0.11402236075765376,0.08647838040489877,True,0.2561090496606618,0.20736541216808474
2026_nyk_sas_api_20261005,1629640,Keldon Johnson,SAS,3,4,1,33,27,0.2547430581731373,0.2592592592592592,0.4006734006734006,-0.004516201086121885,0.5211197200699825,True,0.7684328917770558,0.6464162647862625
2026_nyk_sas_api_20261005,1629640,Keldon Johnson,SAS,4,5,1,27,28,0.16378066378066378,0.2685185185185185,0.4166666666666666,-0.10473785473785471,0.9202699325168708,True,0.961999365023609,0.9409967327987823
2026_nyk_sas_api_20261005,1630170,Devin Vassell,SAS,1,2,1,64,69,0.14312807881773398,0.1723278985507246,0.26268115942028986,-0.02919981973299063,0.7248187953011747,False,0.8586314959721607,0.7987926281757509
2026_nyk_sas_api_20261005,1630170,Devin Vassell,SAS,2,3,1,69,72,0.4784896968496137,0.17874396135265702,0.2693236714975845,0.29974573549695666,0.00024993751562109475,False,0.006415062900941432,0.005673581604598851
2026_nyk_sas_api_20261005,1630170,Devin Vassell,SAS,3,4,1,72,67,0.27230839055963374,0.18200663349917082,0.2709369817578773,0.09030175706046292,0.04873781554611347,False,0.20848954428059652,0.14493647330525447
2026_nyk_sas_api_20261005,1630170,Devin Vassell,SAS,4,5,1,67,70,0.45450928787832423,0.179317697228145,0.2735607675906183,0.27519159065017923,0.00024993751562109475,False,0.006415062900941432,0.005673581604598851
2026_nyk_sas_api_20261005,1630540,Miles McBride,NYK,1,2,1,40,34,0.3929480386562689,0.2426470588235294,0.3676470588235294,0.15030097983273952,0.022494376405898527,False,0.13323592178878357,0.08958286744103448
2026_nyk_sas_api_20261005,1630540,Miles McBride,NYK,2,3,1,34,14,0.2669145655722837,0.3067226890756303,0.47058823529411764,-0.03980812350334656,0.6803299175206199,True,0.8586314959721607,0.7734635623231088
2026_nyk_sas_api_20261005,1630540,Miles McBride,NYK,3,4,1,14,14,0.33085585585585586,0.3571428571428571,0.5,-0.026287001287001233,0.5456135966008497,True,0.7684328917770558,0.6614467379596383
2026_nyk_sas_api_20261005,1630540,Miles McBride,NYK,4,5,1,14,23,0.2578173374613003,0.33850931677018636,0.5093167701863355,-0.08069197930888605,0.8067983004248938,True,0.9412646838290427,0.8625269114432538
2026_nyk_sas_api_20261005,1630574,Ariel Hukporti,NYK,4,5,1,7,4,0.4032258064516129,0.35714285714285715,0.75,0.04608294930875573,0.49112721819545113,True,0.7684328917770558,0.6193659918353746
2026_nyk_sas_api_20261005,1630577,Julian Champagnie,SAS,1,2,1,59,66,0.17784552845528454,0.15998972778633797,0.25115562403698,0.01785580066894657,0.3594101474631342,False,0.7096046501195215,0.5036179226798239
2026_nyk_sas_api_20261005,1630577,Julian Champagnie,SAS,2,3,1,66,54,0.26266412169587594,0.17508417508417506,0.26936026936026936,0.08757994661170088,0.05898525368657836,False,0.21627926351745397,0.1639549296349382
2026_nyk_sas_api_20261005,1630577,Julian Champagnie,SAS,3,4,1,54,55,0.2520732748038952,0.1717171717171717,0.2697138047138047,0.08035610308672347,0.08197950512371907,False,0.25249687578105473,0.20082029852249167
2026_nyk_sas_api_20261005,1630577,Julian Champagnie,SAS,4,5,1,55,58,0.17359989597800463,0.16677115987460817,0.2655172413793103,0.00682873610339646,0.45863534116470883,False,0.7677156797757082,0.5881933471434402
2026_nyk_sas_api_20261005,1630631,Jose Alvarado,NYK,1,2,1,18,18,0.20422790668584653,0.2777777777777778,0.5,-0.07354987109193126,0.8770307423144214,True,0.9511460163128231,0.9063094620881956
2026_nyk_sas_api_20261005,1630631,Jose Alvarado,NYK,2,3,1,18,21,0.2201200825567578,0.3253968253968254,0.49999999999999994,-0.1052767428400676,0.8942764308922769,True,0.9563789608153517,0.9199429749813302
2026_nyk_sas_api_20261005,1630631,Jose Alvarado,NYK,3,4,1,21,24,0.3008961620884473,0.3035714285714286,0.46428571428571425,-0.0026752664829812756,0.5241189702574356,True,0.7684328917770558,0.6472199884811406
2026_nyk_sas_api_20261005,1630631,Jose Alvarado,NYK,4,5,1,24,18,0.4790053952615529,0.3055555555555555,0.4722222222222222,0.17344983970599737,0.03974006498375406,True,0.19124906273431644,0.13011050122084863
2026_nyk_sas_api_20261005,1641705,Victor Wembanyama,SAS,1,2,1,72,78,0.15140849660422617,0.13354700854700852,0.22115384615384617,0.017861488057217656,0.3461634591352162,False,0.701436482984517,0.4904522310170898
2026_nyk_sas_api_20261005,1641705,Victor Wembanyama,SAS,2,3,1,78,75,0.15495737813456925,0.13333333333333333,0.2123076923076923,0.02162404480123592,0.32191952011997,False,0.701436482984517,0.4714563294660206
2026_nyk_sas_api_20261005,1641705,Victor Wembanyama,SAS,3,4,1,75,72,0.28957599780724874,0.15999999999999998,0.24444444444444446,0.12957599780724877,0.0094976255936016,False,0.09382029492626844,0.05092821282868259
2026_nyk_sas_api_20261005,1641705,Victor Wembanyama,SAS,4,5,1,72,70,0.19482170766843357,0.16924603174603176,0.25636904761904755,0.025575675922401814,0.31092226943264184,False,0.701436482984517,0.4626818186283123
2026_nyk_sas_api_20261005,1642264,Stephon Castle,SAS,1,2,1,60,50,0.1736301369863014,0.18999999999999997,0.29000000000000004,-0.016369863013698582,0.5953511622094476,False,0.7903799912090943,0.7026588240288282
2026_nyk_sas_api_20261005,1642264,Stephon Castle,SAS,2,3,1,50,76,0.19003626107977437,0.17894736842105263,0.27160526315789457,0.011088892658721733,0.4118970257435641,False,0.756977422311089,0.5478552236940765
2026_nyk_sas_api_20261005,1642264,Stephon Castle,SAS,3,4,1,76,44,0.2211798128342246,0.18062200956937796,0.2834928229665072,0.04055780326484665,0.2466883279180205,False,0.5935937890527369,0.39809182775396196
2026_nyk_sas_api_20261005,1642264,Stephon Castle,SAS,4,5,1,44,60,0.19955422125181949,0.18787878787878787,0.28939393939393937,0.011675433373031618,0.42464383904023995,False,0.756977422311089,0.5586463269019598
2026_nyk_sas_api_20261005,1642844,Dylan Harper,SAS,1,2,1,55,67,0.3280454797952936,0.18724559023066484,0.2871099050203528,0.14079988956462874,0.012246938265433641,False,0.10007498125468632,0.060435977962031234
2026_nyk_sas_api_20261005,1642844,Dylan Harper,SAS,2,3,1,67,60,0.3202293048020896,0.18905472636815923,0.2890547263681592,0.13117457843393038,0.0189952511872032,False,0.12188619511788719,0.08084853786553362
2026_nyk_sas_api_20261005,1642844,Dylan Harper,SAS,3,4,1,60,49,0.1424738182028583,0.19931972789115643,0.3047619047619048,-0.05684590968829814,0.8737815546113472,False,0.9511460163128231,0.9063094620881956
2026_nyk_sas_api_20261005,1642844,Dylan Harper,SAS,4,5,1,49,59,0.20563274277465848,0.19249394673123488,0.30370114147353855,0.013138796043423606,0.41489627593101724,False,0.756977422311089,0.5496972060486824
2026_nyk_sas_api_20261005,1642868,Carter Bryant,SAS,1,2,1,9,6,0.7125262054507336,0.22222222222222224,0.5555555555555556,0.49030398322851143,0.009747563109222694,False,0.09382029492626844,0.05186008185453637
2026_nyk_sas_api_20261005,1642868,Carter Bryant,SAS,2,3,1,6,5,0.9694444444444444,0.39999999999999997,0.6666666666666667,0.5694444444444444,0.0022494376405898524,True,0.03849037740564859,0.01914833791552112
2026_nyk_sas_api_20261005,1642868,Carter Bryant,SAS,3,4,1,5,9,0.7027210884353742,0.44444444444444453,0.6888888888888889,0.25827664399092964,0.04548862784303924,True,0.2060367261125895,0.14080797982322601
2026_nyk_sas_api_20261005,1642868,Carter Bryant,SAS,4,5,1,9,12,0.3421768707482993,0.3611111111111111,0.5833333333333334,-0.018934240362811827,0.5238690327418145,True,0.7684328917770558,0.6472199884811406
2026_okc_sas_api_20261005,202687,Bismack Biyombo,SAS,3,5,2,4,4,0.7809523809523808,0.75,1.0,0.030952380952380842,0.11672081979505124,True,0.24185130188041223,0.24762267377080963
2026_okc_sas_api_20261005,202687,Bismack Biyombo,SAS,5,6,1,4,12,0.7000000000000001,0.5,0.7500000000000001,0.20000000000000007,0.12621844538865284,True,0.24766535638817566,0.2612606726737769
2026_okc_sas_api_20261005,203084,Harrison Barnes,SAS,1,2,1,12,24,0.5832006369426751,0.3333333333333333,0.5416666666666666,0.24986730360934178,0.025743564108972758,True,0.09835378993089566,0.0977987547312067
2026_okc_sas_api_20261005,203084,Harrison Barnes,SAS,2,3,1,24,4,0.5459890463917525,0.45833333333333337,0.7083333333333335,0.08765571305841913,0.27843039240189954,True,0.3937399488511711,0.4299571365661986
2026_okc_sas_api_20261005,203084,Harrison Barnes,SAS,3,4,1,4,28,0.5867497802285622,0.6071428571428572,0.8214285714285715,-0.02039307691429504,0.5843539115221195,True,0.6544763809047738,0.6932839960741521
2026_okc_sas_api_20261005,203084,Harrison Barnes,SAS,4,5,1,28,8,0.7482920958550139,0.4642857142857143,0.6607142857142857,0.2840063815692996,0.011997000749812546,True,0.05998500374906273,0.060435977962031234
2026_okc_sas_api_20261005,203084,Harrison Barnes,SAS,5,6,1,8,24,0.6917290638694317,0.4583333333333333,0.6666666666666666,0.23339573053609836,0.03074231442139465,True,0.11035702612808336,0.11076992656597756
2026_okc_sas_api_20261005,203084,Harrison Barnes,SAS,6,7,1,24,4,0.6292112720403022,0.625,0.8333333333333334,0.00421127204030225,0.427393151712072,True,0.53424143964009,0.5586463269019598
2026_okc_sas_api_20261005,203482,Kelly Olynyk,SAS,3,4,1,4,5,0.5022727272727272,0.55,0.8,-0.04772727272727284,0.6315921019745063,True,0.6908038615346163,0.7323551765119944
2026_okc_sas_api_20261005,203482,Kelly Olynyk,SAS,4,5,1,5,5,0.6879157427937914,0.6,0.8,0.08791574279379144,0.1887028242939265,True,0.31644262847331645,0.33951670393747213
2026_okc_sas_api_20261005,203482,Kelly Olynyk,SAS,5,6,1,5,11,0.7430057388809181,0.4363636363636364,0.7090909090909091,0.30664210251728174,0.02224443889027743,True,0.0915947483717306,0.08958286744103448
2026_okc_sas_api_20261005,203486,Mason Plumlee,SAS,3,5,2,4,5,0.5384615384615384,0.6,0.9999999999999999,-0.06153846153846154,0.6955761059735066,True,0.7377322336082646,0.781662257702901
2026_okc_sas_api_20261005,203486,Mason Plumlee,SAS,5,6,1,5,9,0.49325236167341424,0.4666666666666667,0.7777777777777778,0.026585695006747567,0.4001499625093727,True,0.5165981231964736,0.5428329172686909
2026_okc_sas_api_20261005,1627936,Alex Caruso,OKC,1,2,1,60,49,0.4480197095822912,0.19693877551020406,0.2997108843537412,0.25108093407208715,0.00024993751562109475,False,0.006998250437390653,0.005673581604598851
2026_okc_sas_api_20261005,1627936,Alex Caruso,OKC,2,3,1,49,46,0.36304687187287354,0.2346938775510204,0.3433895297249335,0.12835299432185315,0.028742814296425893,False,0.10589457898683224,0.10467302960356167
2026_okc_sas_api_20261005,1627936,Alex Caruso,OKC,3,4,1,46,29,0.20386152906557103,0.260119940029985,0.38905547226386805,-0.056258410964413974,0.7950512371907024,True,0.8124611182970681,0.853990366761622
2026_okc_sas_api_20261005,1627936,Alex Caruso,OKC,4,5,1,29,53,0.34831658734355725,0.2654521795705921,0.3820104098893944,0.08286440777296517,0.12121969507623094,True,0.2424393901524619,0.2547858405768928
2026_okc_sas_api_20261005,1627936,Alex Caruso,OKC,5,6,1,53,41,0.2895336450257442,0.23331799355729407,0.34560515416474924,0.05621565146845012,0.1997000749812547,False,0.31644262847331645,0.3469279363832511
2026_okc_sas_api_20261005,1627936,Alex Caruso,OKC,6,7,1,41,68,0.39040859862159494,0.2026542324246772,0.31061692969870874,0.18775436619691774,0.0024993751562109472,False,0.02332750145796884,0.019791563736972734
2026_okc_sas_api_20261005,1628368,De'Aaron Fox,SAS,3,4,1,61,52,0.41059383803394567,0.20901639344262293,0.308953341740227,0.20157744459132274,0.000999750062484379,False,0.013996500874781307,0.011539488009353595
2026_okc_sas_api_20261005,1628368,De'Aaron Fox,SAS,4,5,1,52,67,0.357448704079128,0.20407577497129736,0.3082807118254879,0.15337292910783062,0.008247938015496127,False,0.047588102974256426,0.04529714345607147
2026_okc_sas_api_20261005,1628368,De'Aaron Fox,SAS,5,6,1,67,48,0.26259235229918876,0.19278606965174128,0.29633084577114427,0.06980628264744748,0.11747063234191452,False,0.24185130188041223,0.24843944293429746
2026_okc_sas_api_20261005,1628368,De'Aaron Fox,SAS,6,7,1,48,58,0.1940676918003051,0.1968390804597701,0.3017241379310345,-0.002771388659465024,0.5148712821794551,False,0.6057309202111236,0.6410006273568719
2026_okc_sas_api_20261005,1628392,Isaiah Hartenstein,OKC,1,2,1,27,49,0.6288439979777108,0.199546485260771,0.3287981859410431,0.42929751271693983,0.00024993751562109475,False,0.006998250437390653,0.005673581604598851
2026_okc_sas_api_20261005,1628392,Isaiah Hartenstein,OKC,2,3,1,49,41,0.3127572016460905,0.16625186660029861,0.26779492284718764,0.14650533504579188,0.010747313171707074,False,0.05572680903848112,0.05544636568130695
2026_okc_sas_api_20261005,1628392,Isaiah Hartenstein,OKC,3,4,1,41,34,0.22246834819934236,0.17001434720229558,0.28984935437589654,0.05245400099704678,0.2079480129967508,False,0.31644262847331645,0.3549187890997175
2026_okc_sas_api_20261005,1628392,Isaiah Hartenstein,OKC,4,5,1,34,61,0.24358238921554567,0.1923818707810993,0.30231436837029896,0.05120051843444637,0.2041989502624344,False,0.31644262847331645,0.35248023437178677
2026_okc_sas_api_20261005,1628392,Isaiah Hartenstein,OKC,5,6,1,61,27,0.23266727217680894,0.2143290831815422,0.3339708561020035,0.018338188995266735,0.3806548362909273,False,0.5027516705729228,0.5258132728481165
2026_okc_sas_api_20261005,1628392,Isaiah Hartenstein,OKC,6,7,1,27,38,0.2865513701334597,0.19980506822612087,0.334307992202729,0.08674630190733884,0.13496625843539115,False,0.24766535638817566,0.26953672139149965
2026_okc_sas_api_20261005,1628436,Luke Kornet,SAS,1,2,1,21,18,0.8426076912623996,0.26190476190476186,0.4285714285714286,0.5807029293576378,0.00024993751562109475,True,0.006998250437390653,0.005673581604598851
2026_okc_sas_api_20261005,1628436,Luke Kornet,SAS,2,3,1,18,21,0.3580654958640773,0.2777777777777778,0.46031746031746024,0.08028771808629953,0.21219695076230943,True,0.3194362699647669,0.3603643976786352
2026_okc_sas_api_20261005,1628436,Luke Kornet,SAS,3,4,1,21,29,0.42850495826911333,0.2791461412151067,0.4302134646962233,0.1493588170540066,0.05273681579605099,True,0.14613993560433422,0.1521769981233505
2026_okc_sas_api_20261005,1628436,Luke Kornet,SAS,4,5,1,29,17,0.6171850206283719,0.30831643002028397,0.4746450304259635,0.3088685906080879,0.0022494376405898524,True,0.02332750145796884,0.01914833791552112
2026_okc_sas_api_20261005,1628436,Luke Kornet,SAS,5,6,1,17,29,0.4250415775718698,0.2515212981744422,0.41987829614604466,0.1735202793974276,0.048987753061734564,True,0.14360993085062068,0.14504634710887496
2026_okc_sas_api_20261005,1628436,Luke Kornet,SAS,6,7,1,29,12,0.6250890947968639,0.29310344827586204,0.47413793103448276,0.3319856465210019,0.0024993751562109472,True,0.02332750145796884,0.019791563736972734
2026_okc_sas_api_20261005,1628983,Shai Gilgeous-Alexander,OKC,1,2,1,108,77,0.18118953427922957,0.14730639730639733,0.22499398749398747,0.03388313697283224,0.22419395151212196,False,0.33390588523081993,0.3751255060927643
2026_okc_sas_api_20261005,1628983,Shai Gilgeous-Alexander,OKC,2,3,1,77,75,0.2835431030965689,0.17246753246753246,0.2616450216450216,0.11107557062903642,0.021994501374656337,False,0.0915947483717306,0.08958286744103448
2026_okc_sas_api_20261005,1628983,Shai Gilgeous-Alexander,OKC,3,4,1,75,69,0.3098458036064166,0.17739130434782613,0.2631884057971014,0.13245449925859049,0.007498125468632842,False,0.047588102974256426,0.042909440707050134
2026_okc_sas_api_20261005,1628983,Shai Gilgeous-Alexander,OKC,4,5,1,69,76,0.17348661037209784,0.16933638443935928,0.2597254004576659,0.0041502259327385604,0.46613346663334165,False,0.5674668289449377,0.5944511063245425
2026_okc_sas_api_20261005,1628983,Shai Gilgeous-Alexander,OKC,5,6,1,76,55,0.16293065266106033,0.1720095693779904,0.26486842105263136,-0.009078916716930063,0.569857535616096,False,0.6433875402117212,0.680829792551862
2026_okc_sas_api_20261005,1628983,Shai Gilgeous-Alexander,OKC,6,7,1,55,83,0.2453886765067302,0.16582694414019716,0.2578313253012048,0.07956173236653305,0.06973256685828542,False,0.1877415261569223,0.182645684732663
2026_okc_sas_api_20261005,1629026,Kenrich Williams,OKC,3,4,1,2,49,0.9512195121951218,0.7755102040816327,0.9387755102040817,0.17570930811348906,0.03449137715571107,True,0.12071982004498875,0.12045450175917559
2026_okc_sas_api_20261005,1629026,Kenrich Williams,OKC,4,5,1,49,21,0.38594140134576593,0.3197278911564626,0.44897959183673475,0.06621351018930333,0.20444888777805548,True,0.31644262847331645,0.35248023437178677
2026_okc_sas_api_20261005,1629026,Kenrich Williams,OKC,5,6,1,21,27,0.6949937120381023,0.3650793650793651,0.5132275132275131,0.3299143469587372,0.0004998750312421895,True,0.008747813046738316,0.007916625494789093
2026_okc_sas_api_20261005,1629026,Kenrich Williams,OKC,6,7,1,27,9,0.6565960729661798,0.4444444444444444,0.6296296296296298,0.2121516285217354,0.049237690577355664,True,0.14360993085062068,0.1451552696241524
2026_okc_sas_api_20261005,1629162,Jordan McLaughlin,SAS,2,3,1,15,3,0.7209302325581395,0.5333333333333333,0.8,0.18759689922480616,0.19595101224693826,True,0.31644262847331645,0.34613245913327867
2026_okc_sas_api_20261005,1629162,Jordan McLaughlin,SAS,3,4,1,3,6,0.5227610094012864,0.5,0.8333333333333334,0.022761009401286447,0.47888027993001747,True,0.5681630439847665,0.6050416894848644
2026_okc_sas_api_20261005,1629162,Jordan McLaughlin,SAS,4,5,1,6,5,0.631578947368421,0.5,0.8333333333333334,0.13157894736842102,0.4323919020244939,True,0.5357067812692845,0.5636697900094766
2026_okc_sas_api_20261005,1629162,Jordan McLaughlin,SAS,5,6,1,5,14,0.604991861096039,0.44285714285714284,0.7142857142857143,0.16213471823889614,0.1334666333416646,True,0.24766535638817566,0.26953672139149965
2026_okc_sas_api_20261005,1629640,Keldon Johnson,SAS,1,2,1,39,51,0.41320989048210455,0.24132730015082954,0.35444947209653094,0.171882590331275,0.008247938015496127,False,0.047588102974256426,0.04529714345607147
2026_okc_sas_api_20261005,1629640,Keldon Johnson,SAS,2,3,1,51,27,0.4941176470588235,0.2570806100217865,0.38344226579520696,0.237037037037037,0.0029992501874531365,True,0.026243439140214944,0.02127593101724569
2026_okc_sas_api_20261005,1629640,Keldon Johnson,SAS,3,4,1,27,30,0.5962250320689023,0.3259259259259259,0.4666666666666667,0.2702991061429764,0.0014996250937265683,True,0.019086137556519958,0.015018304247467544
2026_okc_sas_api_20261005,1629640,Keldon Johnson,SAS,4,5,1,30,36,0.5019405348738654,0.2972222222222222,0.42777777777777776,0.20471831265164314,0.004498875281179705,True,0.03499125218695326,0.02836790802299425
2026_okc_sas_api_20261005,1629640,Keldon Johnson,SAS,5,6,1,36,35,0.4442183115214142,0.2912698412698413,0.40952380952380957,0.15294847025157293,0.015746063484128967,True,0.07601547888889845,0.072453170491161
2026_okc_sas_api_20261005,1629640,Keldon Johnson,SAS,6,7,1,35,28,0.6458730458730458,0.29285714285714287,0.4214285714285715,0.35301590301590297,0.00024993751562109475,True,0.006998250437390653,0.005673581604598851
2026_okc_sas_api_20261005,1629652,Luguentz Dort,OKC,1,2,1,42,27,0.30509915830739076,0.21957671957671954,0.3492063492063492,0.08552243873067122,0.1284678830292427,False,0.24766535638817566,0.2643100554166594
2026_okc_sas_api_20261005,1629652,Luguentz Dort,OKC,2,3,1,27,42,0.3169642857142857,0.2433862433862434,0.3756613756613757,0.0735780423280423,0.17295676080979755,False,0.2989376112761933,0.3187939501611084
2026_okc_sas_api_20261005,1629652,Luguentz Dort,OKC,3,4,1,42,30,0.2196903935185185,0.23809523809523808,0.3571428571428571,-0.018404844576719592,0.5898525368657835,False,0.6553917076286483,0.6973777388986087
2026_okc_sas_api_20261005,1629652,Luguentz Dort,OKC,4,5,1,30,36,0.37343073593073595,0.26666666666666666,0.4,0.10676406926406928,0.08897775556110972,True,0.20994751312171958,0.21112840256834745
2026_okc_sas_api_20261005,1629652,Luguentz Dort,OKC,5,6,1,36,39,0.3657741435519214,0.28632478632478636,0.405982905982906,0.07944935722713503,0.1327168207948013,True,0.24766535638817566,0.26953672139149965
2026_okc_sas_api_20261005,1629652,Luguentz Dort,OKC,6,7,1,39,27,0.3979214619515937,0.2962962962962963,0.42165242165242167,0.10162516565529744,0.08897775556110972,True,0.20994751312171958,0.21112840256834745
2026_okc_sas_api_20261005,1630170,Devin Vassell,SAS,1,2,1,98,70,0.2714107419521432,0.16530612244897958,0.2510204081632653,0.10610461950316363,0.022994251437140716,False,0.09197700574856287,0.09104119319007457
2026_okc_sas_api_20261005,1630170,Devin Vassell,SAS,2,3,1,70,65,0.25858126030539824,0.18791208791208794,0.2780769230769228,0.0706691723933103,0.09547613096725818,False,0.20994751312171958,0.21818538653927122
2026_okc_sas_api_20261005,1630170,Devin Vassell,SAS,3,4,1,65,60,0.37243790692066553,0.21410256410256412,0.3076923076923077,0.1583353428181014,0.0047488127968008,False,0.03499125218695326,0.02966918820753527
2026_okc_sas_api_20261005,1630170,Devin Vassell,SAS,4,5,1,60,68,0.2942904736296743,0.1970588235294118,0.28823529411764703,0.09723165010026252,0.04148962759310172,False,0.12907884140076092,0.13344903210817016
2026_okc_sas_api_20261005,1630170,Devin Vassell,SAS,5,6,1,68,52,0.22985318511549604,0.18212669683257918,0.2816742081447964,0.04772648828291687,0.20594851287178206,False,0.31644262847331645,0.3528169465171396
2026_okc_sas_api_20261005,1630170,Devin Vassell,SAS,6,7,1,52,59,0.25055118937954196,0.18252933507170793,0.28552803129074317,0.06802185430783403,0.13621594601349662,False,0.24766535638817566,0.27123701530757666
2026_okc_sas_api_20261005,1630198,Isaiah Joe,OKC,1,2,1,1,19,0.8429054054054053,0.894736842105263,1.0,-0.05183143669985779,0.5246188452886779,True,0.6120553195034576,0.6472199884811406
2026_okc_sas_api_20261005,1630198,Isaiah Joe,OKC,2,3,1,19,18,0.46554054054054056,0.4005847953216374,0.567251461988304,0.06495574521890318,0.19770057485628592,True,0.31644262847331645,0.3469279363832511
2026_okc_sas_api_20261005,1630198,Isaiah Joe,OKC,3,4,1,18,43,0.3932412060301508,0.34496124031007747,0.4844961240310078,0.048279965720073315,0.26868282929267684,True,0.3838326132752526,0.4249262510358489
2026_okc_sas_api_20261005,1630198,Isaiah Joe,OKC,4,5,1,43,3,0.8728335555327659,0.6976744186046512,0.8837209302325582,0.1751591369281147,0.07648087978005498,True,0.19828376239273512,0.19434134003812478
2026_okc_sas_api_20261005,1630198,Isaiah Joe,OKC,5,6,1,3,31,0.8496732026143792,0.7096774193548385,0.8709677419354839,0.13999578325954065,0.09172706823294176,True,0.20994751312171958,0.21246984172324265
2026_okc_sas_api_20261005,1630322,Lindy Waters III,SAS,3,4,1,3,5,0.5957446808510638,0.4666666666666667,0.9999999999999999,0.12907801418439713,0.472381904523869,True,0.5681630439847665,0.6012936018331865
2026_okc_sas_api_20261005,1630322,Lindy Waters III,SAS,4,6,2,5,12,0.33824501123298534,0.38333333333333336,0.6666666666666667,-0.04508832210034802,0.6525868532866783,True,0.7082337942646121,0.7494294217339426
2026_okc_sas_api_20261005,1630577,Julian Champagnie,SAS,1,2,1,84,64,0.3044515803746689,0.1875,0.27752976190476186,0.1169515803746689,0.018745313671582105,False,0.0820107473131717,0.08028653214054977
2026_okc_sas_api_20261005,1630577,Julian Champagnie,SAS,2,3,1,64,66,0.257083138020333,0.18347537878787878,0.27651515151515155,0.07360775923245422,0.09672581854536366,False,0.20994751312171958,0.21835823938752155
2026_okc_sas_api_20261005,1630577,Julian Champagnie,SAS,3,4,1,66,49,0.4139249192940403,0.21490414347557205,0.31914038342609763,0.19902077581846825,0.000999750062484379,False,0.013996500874781307,0.011539488009353595
2026_okc_sas_api_20261005,1630577,Julian Champagnie,SAS,4,5,1,49,60,0.30081625410345136,0.2141156462585034,0.31768707482993197,0.08670060784494796,0.08397900524868783,False,0.20994751312171958,0.20352207321835022
2026_okc_sas_api_20261005,1630577,Julian Champagnie,SAS,5,6,1,60,46,0.23198056939064132,0.2043478260869565,0.313768115942029,0.027632743303684815,0.33441639590102473,False,0.463547479466767,0.4815362615042442
2026_okc_sas_api_20261005,1630577,Julian Champagnie,SAS,6,7,1,46,57,0.21995955005327322,0.20175438596491227,0.3112128146453089,0.018205164088360953,0.3791552111972007,False,0.5027516705729228,0.5248062984253937
2026_okc_sas_api_20261005,1630598,Aaron Wiggins,OKC,1,2,1,7,1,1.0,0.857142857142857,1.0,0.14285714285714302,0.23194201449637591,True,0.34180928452097503,0.38245160259571914
2026_okc_sas_api_20261005,1630598,Aaron Wiggins,OKC,2,3,1,1,2,1.0,1.0,1.0,0.0,0.5516120969757561,True,0.6278511672894784,0.6669476247959287
2026_okc_sas_api_20261005,1630598,Aaron Wiggins,OKC,3,4,1,2,43,0.9320388349514563,0.7906976744186047,0.930232558139535,0.14134116053285162,0.0424893776555861,True,0.12931549721265337,0.13521152422174829
2026_okc_sas_api_20261005,1630598,Aaron Wiggins,OKC,4,5,1,43,1,0.9689320388349514,0.8837209302325583,1.0,0.08521110860239312,0.1507123219195201,True,0.2705092957529848,0.294083355951843
2026_okc_sas_api_20261005,1630598,Aaron Wiggins,OKC,5,6,1,1,15,0.7307692307692306,0.8,1.0,-0.06923076923076943,0.6953261684578855,True,0.7377322336082646,0.781662257702901
2026_okc_sas_api_20261005,1631096,Chet Holmgren,OKC,1,2,1,83,52,0.1726030566055591,0.17701575532900835,0.2731696014828545,-0.004412698723449238,0.5338665333666583,False,0.6176968154655551,0.6550686652661158
2026_okc_sas_api_20261005,1631096,Chet Holmgren,OKC,2,3,1,52,53,0.30890804597701144,0.20174165457184323,0.3120645863570391,0.1071663914051682,0.053236690827293175,False,0.14613993560433422,0.15232851451002793
2026_okc_sas_api_20261005,1631096,Chet Holmgren,OKC,3,4,1,53,51,0.24653256704980844,0.1942286348501665,0.29670736219015914,0.05230393219964194,0.19570107473131718,False,0.31644262847331645,0.34613245913327867
2026_okc_sas_api_20261005,1631096,Chet Holmgren,OKC,4,5,1,51,59,0.22106804478897504,0.1984047856430708,0.3000997008973081,0.022663259145904252,0.35891027243189205,False,0.49262194255357733,0.5036179226798239
2026_okc_sas_api_20261005,1631096,Chet Holmgren,OKC,5,6,1,59,46,0.21255412389133324,0.20228445099484157,0.30361090641120114,0.010269672896491666,0.42614346413396653,False,0.53424143964009,0.5586463269019598
2026_okc_sas_api_20261005,1631096,Chet Holmgren,OKC,6,7,1,46,53,0.27354915735197427,0.2095980311730927,0.31542247744052504,0.06395112617888157,0.15421144713821544,False,0.2716195951012247,0.3000514157174992
2026_okc_sas_api_20261005,1631114,Jalen Williams,OKC,1,2,1,72,14,0.24353546045667626,0.2857142857142857,0.43849206349206343,-0.04217882525760944,0.7048237940514871,True,0.7419197832120917,0.7868606618837093
2026_okc_sas_api_20261005,1631114,Jalen Williams,OKC,2,6,4,14,16,0.40391427946643343,0.3035714285714286,0.49999999999999994,0.10034285089500483,0.189952511872032,True,0.31644262847331645,0.34041489627593097
2026_okc_sas_api_20261005,1631119,Jaylin Williams,OKC,1,2,1,18,20,0.44541315687611743,0.3277777777777778,0.49444444444444446,0.11763537909833965,0.11922019495126218,True,0.24189604772719864,0.2513589868786673
2026_okc_sas_api_20261005,1631119,Jaylin Williams,OKC,2,3,1,20,37,0.3337472148044835,0.3135135135135135,0.45675675675675675,0.02023370129097002,0.4031492126968258,True,0.5165981231964736,0.5447978556541967
2026_okc_sas_api_20261005,1631119,Jaylin Williams,OKC,3,4,1,37,49,0.37770535935673555,0.2813017098731384,0.3971318257032543,0.09640364948359714,0.07848037990502374,True,0.19976823975824226,0.19691883598443455
2026_okc_sas_api_20261005,1631119,Jaylin Williams,OKC,4,5,1,49,28,0.3422400611620795,0.29591836734693877,0.42346938775510207,0.04632169381514073,0.24793801549612596,True,0.357848682159357,0.39916262069234465
2026_okc_sas_api_20261005,1631119,Jaylin Williams,OKC,5,6,1,28,46,0.24027777777777778,0.27639751552795033,0.4021739130434782,-0.03611973775017255,0.7105723569107723,True,0.7423890296082696,0.790229033280016
2026_okc_sas_api_20261005,1631119,Jaylin Williams,OKC,6,7,1,46,38,0.25902897716369216,0.24027459954233404,0.3535469107551487,0.01875437762135812,0.37640589852536865,False,0.5027516705729228,0.5231273814199512
2026_okc_sas_api_20261005,1641705,Victor Wembanyama,SAS,1,2,1,105,69,0.6475990633748073,0.16687370600414075,0.25175983436853,0.4807253573706666,0.00024993751562109475,False,0.006998250437390653,0.005673581604598851
2026_okc_sas_api_20261005,1641705,Victor Wembanyama,SAS,2,3,1,69,73,0.3158549969186922,0.15128052412150086,0.24283303553702587,0.1645744727971913,0.00424893776555861,False,0.03499125218695326,0.02729742092778692
2026_okc_sas_api_20261005,1641705,Victor Wembanyama,SAS,3,4,1,73,51,0.24773424098761432,0.1834542035992479,0.28122481869460114,0.0642800373883664,0.13421644588852788,False,0.24766535638817566,0.26953672139149965
2026_okc_sas_api_20261005,1641705,Victor Wembanyama,SAS,4,5,1,51,82,0.1857553366174056,0.17240554758488763,0.2690100430416069,0.013349789032517961,0.40589852536865784,False,0.5165981231964736,0.5447978556541967
2026_okc_sas_api_20261005,1641705,Victor Wembanyama,SAS,5,6,1,82,54,0.24328705519387142,0.15582655826558267,0.2529358626919602,0.08746049692828875,0.071232191952012,False,0.18816050704305054,0.1842847558786995
2026_okc_sas_api_20261005,1641705,Victor Wembanyama,SAS,6,7,1,54,70,0.11225205619539938,0.15555555555555556,0.255026455026455,-0.04330349936015618,0.839290177455636,False,0.8453282362862521,0.8860799506005852
2026_okc_sas_api_20261005,1641717,Cason Wallace,OKC,1,2,1,50,47,0.34110406461957204,0.22085106382978723,0.3319361702127659,0.12025300078978482,0.03949012746813297,False,0.1256504055804231,0.12991679616327803
2026_okc_sas_api_20261005,1641717,Cason Wallace,OKC,2,3,1,47,50,0.36828704980963717,0.23702127659574468,0.3472978723404252,0.1312657732138925,0.02599350162459385,False,0.09835378993089566,0.0977987547312067
2026_okc_sas_api_20261005,1641717,Cason Wallace,OKC,3,4,1,50,42,0.21997855450130205,0.22666666666666668,0.33999999999999997,-0.006688112165364635,0.5458635341164709,False,0.6264007768549666,0.6614467379596383
2026_okc_sas_api_20261005,1641717,Cason Wallace,OKC,4,5,1,42,61,0.2660693307238111,0.22092115534738485,0.32708821233411395,0.045148175376426264,0.23494126468382903,False,0.34262267766391735,0.3854216734277969
2026_okc_sas_api_20261005,1641717,Cason Wallace,OKC,5,6,1,61,36,0.3143799693986751,0.2354280510018215,0.3451730418943533,0.07895191839685359,0.10497375656085979,False,0.2226716048260662,0.22839338088800482
2026_okc_sas_api_20261005,1641717,Cason Wallace,OKC,6,7,1,36,62,0.17646031158794756,0.21594982078853042,0.3271057347670248,-0.03948950920058286,0.7533116720819795,False,0.77855536115971,0.8221237959740834
2026_okc_sas_api_20261005,1642260,Nikola Topić,OKC,3,4,1,2,9,0.8709677419354838,0.6666666666666667,1.0,0.20430107526881702,0.195201199700075,True,0.31644262847331645,0.34613245913327867
2026_okc_sas_api_20261005,1642260,Nikola Topić,OKC,4,5,1,9,1,0.8064516129032258,0.7777777777777779,1.0,0.028673835125447855,0.4536365908522869,True,0.5570975677133349,0.5828802233403914
2026_okc_sas_api_20261005,1642260,Nikola Topić,OKC,5,6,1,1,14,0.4814814814814814,0.7857142857142856,1.0,-0.3042328042328042,0.9542614346413396,True,0.9542614346413395,0.9656048097930939
2026_okc_sas_api_20261005,1642264,Stephon Castle,SAS,1,2,1,94,70,0.27006857273783613,0.17507598784194528,0.2604863221884498,0.09499258489589085,0.036740814796300925,False,0.12496875781054737,0.12573113003156244
2026_okc_sas_api_20261005,1642264,Stephon Castle,SAS,2,3,1,70,63,0.19898509763617675,0.19603174603174606,0.2857142857142857,0.002953351604430693,0.4756310922269433,False,0.5681630439847665,0.6031746253380789
2026_okc_sas_api_20261005,1642264,Stephon Castle,SAS,3,4,1,63,48,0.3086377651125852,0.22321428571428575,0.32837301587301587,0.08542347939829947,0.0899775056235941,False,0.20994751312171958,0.2120231187877771
2026_okc_sas_api_20261005,1642264,Stephon Castle,SAS,4,5,1,48,69,0.24144540644540644,0.21014492753623187,0.30797101449275366,0.03130047890917456,0.2909272681829543,False,0.407298175456136,0.44322476427872903
2026_okc_sas_api_20261005,1642264,Stephon Castle,SAS,5,6,1,69,63,0.3006208861381275,0.19461697722567287,0.2878191856452724,0.10600390891245462,0.03749062734316421,False,0.12496875781054737,0.12639166940938035
2026_okc_sas_api_20261005,1642264,Stephon Castle,SAS,6,7,1,63,67,0.31622767744006486,0.19355602937692484,0.2850153991945036,0.12267164806314002,0.018245438640339916,False,0.0820107473131717,0.07914104276478652
2026_okc_sas_api_20261005,1642272,Jared McCain,OKC,1,2,1,35,54,0.3987355811889974,0.23439153439153437,0.35079365079365077,0.164344046797463,0.010497375656085979,False,0.05572680903848112,0.054990098629188855
2026_okc_sas_api_20261005,1642272,Jared McCain,OKC,2,3,1,54,49,0.31636228793918614,0.23431594860166288,0.3420256991685563,0.08204633933752326,0.09747563109222694,False,0.20994751312171958,0.21835823938752155
2026_okc_sas_api_20261005,1642272,Jared McCain,OKC,3,4,1,49,50,0.17962660197246982,0.21877551020408162,0.33346938775510204,-0.039148908231611795,0.7563109222694326,False,0.77855536115971,0.8240763809047738
2026_okc_sas_api_20261005,1642272,Jared McCain,OKC,4,5,1,50,70,0.16193073196556348,0.2085714285714286,0.30857142857142855,-0.04664069660586512,0.8227943014246438,False,0.8347188565177546,0.874138719610269
2026_okc_sas_api_20261005,1642272,Jared McCain,OKC,5,6,1,70,52,0.17958850008493288,0.2010989010989011,0.30164835164835163,-0.021510401013968228,0.664833791552112,False,0.715974852440736,0.7571100535902814
2026_okc_sas_api_20261005,1642272,Jared McCain,OKC,6,7,1,52,38,0.2901315789473684,0.22368421052631576,0.3360323886639676,0.06644736842105264,0.1552111972006998,False,0.2716195951012247,0.30028075367521756
2026_okc_sas_api_20261005,1642349,Ajay Mitchell,OKC,1,2,1,61,57,0.4213292117465224,0.19729651998849584,0.29536957146965775,0.22403269175802654,0.0004998750312421895,False,0.008747813046738316,0.007916625494789093
2026_okc_sas_api_20261005,1642349,Ajay Mitchell,OKC,2,3,1,57,33,0.46412863756613765,0.2472089314194577,0.36363636363636365,0.21691970614667994,0.0022494376405898524,False,0.02332750145796884,0.01914833791552112
2026_okc_sas_api_20261005,1642844,Dylan Harper,SAS,1,2,1,89,48,0.34202444862447884,0.20435393258426968,0.29729634831460666,0.13767051604020916,0.00849787553111722,False,0.047588102974256426,0.046296425893526616
2026_okc_sas_api_20261005,1642844,Dylan Harper,SAS,2,3,1,48,33,0.3327333479671228,0.24053030303030304,0.3541666666666667,0.09220304493681974,0.0947263184203949,False,0.20994751312171958,0.21793453663611123
2026_okc_sas_api_20261005,1642844,Dylan Harper,SAS,3,4,1,33,41,0.5276055838163966,0.2764227642276422,0.39763488543976344,0.2511828195887543,0.0004998750312421895,True,0.008747813046738316,0.007916625494789093
2026_okc_sas_api_20261005,1642844,Dylan Harper,SAS,4,5,1,41,50,0.4082351347690641,0.2302439024390244,0.34107317073170684,0.1779912323300397,0.006248437890527368,False,0.043739065233691574,0.03668263968490636
2026_okc_sas_api_20261005,1642844,Dylan Harper,SAS,5,6,1,50,46,0.37346432398031115,0.22608695652173916,0.3391304347826087,0.147377367458572,0.01749562609347663,False,0.08164625510289093,0.07787268869057246
2026_okc_sas_api_20261005,1642844,Dylan Harper,SAS,6,7,1,46,45,0.34384762423215154,0.22898550724637678,0.3410628019323671,0.11486211698577475,0.03849037740564859,False,0.12531750783234424,0.12786315616217897
2026_okc_sas_api_20261005,1642868,Carter Bryant,SAS,1,2,1,24,17,0.3281648543428648,0.35539215686274506,0.5147058823529412,-0.02722730251988026,0.6158460384903774,True,0.678885396761046,0.7206033543160602
2026_okc_sas_api_20261005,1642868,Carter Bryant,SAS,2,3,1,17,19,0.36584700131510384,0.33126934984520123,0.5077399380804953,0.034577651469902604,0.36665833541614595,True,0.4983705529928197,0.5116687016770398
2026_okc_sas_api_20261005,1642868,Carter Bryant,SAS,3,4,1,19,11,0.554055910433409,0.3971291866028708,0.5933014354066986,0.15692672383053818,0.09647588102974257,True,0.20994751312171958,0.21835823938752155
2026_okc_sas_api_20261005,1642868,Carter Bryant,SAS,4,5,1,11,10,0.6966632962588473,0.4363636363636364,0.7,0.26029965989521087,0.05073731567108223,True,0.14496375906023493,0.14765859817097007
2026_okc_sas_api_20261005,1642868,Carter Bryant,SAS,5,6,1,10,14,0.4756146179401994,0.44285714285714284,0.6428571428571428,0.03275747508305654,0.3874031492126968,True,0.506882625138108,0.5297621377788083
2026_okc_sas_api_20261005,1642868,Carter Bryant,SAS,6,7,1,14,6,0.9251648351648352,0.5476190476190477,0.7857142857142856,0.3775457875457875,0.008247938015496127,True,0.047588102974256426,0.04529714345607147
